date,adjclose,close,high,low,open,volume
2010-01-04,1132.989990234375,1132.989990234375,1133.8699951171875,1116.56005859375,1116.56005859375,3991400000
2010-01-05,1136.52001953125,1136.52001953125,1136.6300048828125,1129.6600341796875,1132.6600341796875,2491020000
2010-01-06,1137.1400146484375,1137.1400146484375,1139.18994140625,1133.949951171875,1135.7099609375,4972660000
2010-01-07,1141.68994140625,1141.68994140625,1142.4599609375,1131.3199462890625,1136.27001953125,5270680000
2010-01-08,1144.97998046875,1144.97998046875,1145.3900146484375,1136.219970703125,1140.52001953125,4389590000
2010-01-11,1146.97998046875,1146.97998046875,1149.739990234375,1142.02001953125,1145.9599609375,4255780000
2010-01-12,1136.219970703125,1136.219970703125,1143.81005859375,1131.77001953125,1143.81005859375,4716160000
2010-01-13,1145.6800537109375,1145.6800537109375,1148.4000244140625,1133.1800537109375,1137.31005859375,4170360000
2010-01-14,1148.4599609375,1148.4599609375,1150.4100341796875,1143.800048828125,1145.6800537109375,3915200000
2010-01-15,1136.030029296875,1136.030029296875,1147.77001953125,1131.3900146484375,1147.719970703125,4758730000
2010-01-19,1150.22998046875,1150.22998046875,1150.449951171875,1135.77001953125,1136.030029296875,4724830000
2010-01-20,1138.0400390625,1138.0400390625,1147.949951171875,1129.25,1147.949951171875,4810560000
2010-01-21,1116.47998046875,1116.47998046875,1141.5799560546875,1114.8399658203125,1138.6800537109375,6874290000
2010-01-22,1091.760009765625,1091.760009765625,1115.489990234375,1090.1800537109375,1115.489990234375,6208650000
2010-01-25,1096.780029296875,1096.780029296875,1102.969970703125,1092.4000244140625,1092.4000244140625,4481390000
2010-01-26,1092.1700439453125,1092.1700439453125,1103.68994140625,1089.8599853515625,1095.800048828125,4731910000
2010-01-27,1097.5,1097.5,1099.510009765625,1083.1099853515625,1091.93994140625,5319120000
2010-01-28,1084.530029296875,1084.530029296875,1100.219970703125,1078.4599609375,1096.9300537109375,5452400000
2010-01-29,1073.8699951171875,1073.8699951171875,1096.449951171875,1071.5899658203125,1087.6099853515625,5412850000
2010-02-01,1089.18994140625,1089.18994140625,1089.3800048828125,1073.8900146484375,1073.8900146484375,4077610000
2010-02-02,1103.3199462890625,1103.3199462890625,1104.72998046875,1087.9599609375,1090.050048828125,4749540000
2010-02-03,1097.280029296875,1097.280029296875,1102.719970703125,1093.969970703125,1100.6700439453125,4285450000
2010-02-04,1063.1099853515625,1063.1099853515625,1097.25,1062.780029296875,1097.25,5859690000
2010-02-05,1066.18994140625,1066.18994140625,1067.1300048828125,1044.5,1064.1199951171875,6438900000
2010-02-08,1056.739990234375,1056.739990234375,1071.199951171875,1056.510009765625,1065.510009765625,4089820000
2010-02-09,1070.52001953125,1070.52001953125,1079.280029296875,1060.06005859375,1060.06005859375,5114260000
2010-02-10,1068.1300048828125,1068.1300048828125,1073.6700439453125,1059.3399658203125,1069.6800537109375,4251450000
2010-02-11,1078.469970703125,1078.469970703125,1080.0400390625,1060.5899658203125,1067.0999755859375,4400870000
2010-02-12,1075.510009765625,1075.510009765625,1077.81005859375,1062.969970703125,1075.949951171875,4160680000
2010-02-16,1094.8699951171875,1094.8699951171875,1095.6700439453125,1079.1300048828125,1079.1300048828125,4080770000
2010-02-17,1099.510009765625,1099.510009765625,1101.030029296875,1094.719970703125,1096.1400146484375,4259230000
2010-02-18,1106.75,1106.75,1108.239990234375,1097.47998046875,1099.030029296875,3878620000
2010-02-19,1109.1700439453125,1109.1700439453125,1112.4200439453125,1100.800048828125,1105.489990234375,3944280000
2010-02-22,1108.010009765625,1108.010009765625,1112.2900390625,1105.3800048828125,1110.0,3814440000
2010-02-23,1094.5999755859375,1094.5999755859375,1108.5799560546875,1092.1800537109375,1107.489990234375,4521050000
2010-02-24,1105.239990234375,1105.239990234375,1106.4200439453125,1095.5,1095.8900146484375,4168360000
2010-02-25,1102.93994140625,1102.93994140625,1103.5,1086.02001953125,1101.239990234375,4521130000
2010-02-26,1104.489990234375,1104.489990234375,1107.239990234375,1097.56005859375,1103.0999755859375,3945190000
2010-03-01,1115.7099609375,1115.7099609375,1116.1099853515625,1105.3599853515625,1105.3599853515625,3847640000
2010-03-02,1118.31005859375,1118.31005859375,1123.4599609375,1116.510009765625,1117.010009765625,4134680000
2010-03-03,1118.7900390625,1118.7900390625,1125.6400146484375,1116.5799560546875,1119.3599853515625,3951320000
2010-03-04,1122.969970703125,1122.969970703125,1123.72998046875,1116.6600341796875,1119.1199951171875,3945010000
2010-03-05,1138.699951171875,1138.699951171875,1139.3800048828125,1125.1199951171875,1125.1199951171875,4133000000
2010-03-08,1138.5,1138.5,1141.050048828125,1136.77001953125,1138.4000244140625,3774680000
2010-03-09,1140.449951171875,1140.449951171875,1145.3699951171875,1134.9000244140625,1137.56005859375,5185570000
2010-03-10,1145.6099853515625,1145.6099853515625,1148.260009765625,1140.0899658203125,1140.219970703125,5469120000
2010-03-11,1150.239990234375,1150.239990234375,1150.239990234375,1138.989990234375,1143.9599609375,4669060000
2010-03-12,1149.989990234375,1149.989990234375,1153.4100341796875,1146.969970703125,1151.7099609375,4928160000
2010-03-15,1150.510009765625,1150.510009765625,1150.97998046875,1141.449951171875,1148.530029296875,4164110000
2010-03-16,1159.4599609375,1159.4599609375,1160.280029296875,1150.3499755859375,1150.8299560546875,4369770000
2010-03-17,1166.2099609375,1166.2099609375,1169.8399658203125,1159.93994140625,1159.93994140625,4963200000
2010-03-18,1165.8299560546875,1165.8299560546875,1167.77001953125,1161.1600341796875,1166.1300048828125,4234510000
2010-03-19,1159.9000244140625,1159.9000244140625,1169.199951171875,1155.3299560546875,1166.6800537109375,5212410000
2010-03-22,1165.81005859375,1165.81005859375,1167.8199462890625,1152.8800048828125,1157.25,4261680000
2010-03-23,1174.1700439453125,1174.1700439453125,1174.719970703125,1163.8299560546875,1166.469970703125,4411640000
2010-03-24,1167.719970703125,1167.719970703125,1173.0400390625,1166.010009765625,1172.699951171875,4705750000
2010-03-25,1165.72998046875,1165.72998046875,1180.68994140625,1165.0899658203125,1170.030029296875,5668900000
2010-03-26,1166.5899658203125,1166.5899658203125,1173.9300537109375,1161.47998046875,1167.5799560546875,4708420000
2010-03-29,1173.219970703125,1173.219970703125,1174.8499755859375,1167.7099609375,1167.7099609375,4375580000
2010-03-30,1173.27001953125,1173.27001953125,1177.8299560546875,1168.9200439453125,1173.75,4085000000
2010-03-31,1169.4300537109375,1169.4300537109375,1174.56005859375,1165.77001953125,1171.75,4484340000
2010-04-01,1178.0999755859375,1178.0999755859375,1181.4300537109375,1170.68994140625,1171.22998046875,4006870000
2010-04-05,1187.43994140625,1187.43994140625,1187.72998046875,1178.7099609375,1178.7099609375,3881620000
2010-04-06,1189.43994140625,1189.43994140625,1191.800048828125,1182.77001953125,1186.010009765625,4086180000
2010-04-07,1182.449951171875,1182.449951171875,1189.5999755859375,1177.25,1188.22998046875,5101430000
2010-04-08,1186.43994140625,1186.43994140625,1188.550048828125,1175.1199951171875,1181.75,4726970000
2010-04-09,1194.3699951171875,1194.3699951171875,1194.6600341796875,1187.1500244140625,1187.469970703125,4511570000
2010-04-12,1196.47998046875,1196.47998046875,1199.199951171875,1194.7099609375,1194.93994140625,4607090000
2010-04-13,1197.300048828125,1197.300048828125,1199.0400390625,1188.8199462890625,1195.93994140625,5403580000
2010-04-14,1210.6500244140625,1210.6500244140625,1210.6500244140625,1198.68994140625,1198.68994140625,5760040000
2010-04-15,1211.6700439453125,1211.6700439453125,1213.9200439453125,1208.5,1210.77001953125,5995330000
2010-04-16,1192.1300048828125,1192.1300048828125,1210.1700439453125,1186.77001953125,1210.1700439453125,8108470000
2010-04-19,1197.52001953125,1197.52001953125,1197.8699951171875,1183.6800537109375,1192.06005859375,6597740000
2010-04-20,1207.1700439453125,1207.1700439453125,1208.5799560546875,1199.0400390625,1199.0400390625,5316590000
2010-04-21,1205.93994140625,1205.93994140625,1210.989990234375,1198.8499755859375,1207.1600341796875,5724310000
2010-04-22,1208.6700439453125,1208.6700439453125,1210.27001953125,1190.18994140625,1202.52001953125,6035780000
2010-04-23,1217.280029296875,1217.280029296875,1217.280029296875,1205.0999755859375,1207.8699951171875,5326060000
2010-04-26,1212.050048828125,1212.050048828125,1219.800048828125,1211.0699462890625,1217.0699462890625,5647760000
2010-04-27,1183.7099609375,1183.7099609375,1211.3800048828125,1181.6199951171875,1209.9200439453125,7454540000
2010-04-28,1191.3599853515625,1191.3599853515625,1195.050048828125,1181.81005859375,1184.5899658203125,6342310000
2010-04-29,1206.780029296875,1206.780029296875,1209.3599853515625,1193.300048828125,1193.300048828125,6059410000
2010-04-30,1186.68994140625,1186.68994140625,1207.989990234375,1186.3199462890625,1206.77001953125,6048260000
2010-05-03,1202.260009765625,1202.260009765625,1205.1300048828125,1188.5799560546875,1188.5799560546875,4938050000
2010-05-04,1173.5999755859375,1173.5999755859375,1197.5,1168.1199951171875,1197.5,6594720000
2010-05-05,1165.8699951171875,1165.8699951171875,1175.949951171875,1158.1500244140625,1169.239990234375,6795940000
2010-05-06,1128.1500244140625,1128.1500244140625,1167.5799560546875,1065.7900390625,1164.3800048828125,10617810000
2010-05-07,1110.8800048828125,1110.8800048828125,1135.1300048828125,1094.1500244140625,1127.0400390625,9472910000
2010-05-10,1159.72998046875,1159.72998046875,1163.8499755859375,1122.27001953125,1122.27001953125,6893700000
2010-05-11,1155.7900390625,1155.7900390625,1170.47998046875,1147.7099609375,1156.3900146484375,5842550000
2010-05-12,1171.6700439453125,1171.6700439453125,1172.8699951171875,1155.4300537109375,1155.4300537109375,5225460000
2010-05-13,1157.43994140625,1157.43994140625,1173.5699462890625,1156.1400146484375,1170.0400390625,4870640000
2010-05-14,1135.6800537109375,1135.6800537109375,1157.18994140625,1126.1400146484375,1157.18994140625,6126400000
2010-05-17,1136.93994140625,1136.93994140625,1141.8800048828125,1114.9599609375,1136.52001953125,5922920000
2010-05-18,1120.800048828125,1120.800048828125,1148.6600341796875,1117.199951171875,1138.780029296875,6170840000
2010-05-19,1115.050048828125,1115.050048828125,1124.27001953125,1100.6600341796875,1119.5699462890625,6765800000
2010-05-20,1071.5899658203125,1071.5899658203125,1107.3399658203125,1071.5799560546875,1107.3399658203125,8328570000
2010-05-21,1087.68994140625,1087.68994140625,1090.1600341796875,1055.9000244140625,1067.260009765625,5452130000
2010-05-24,1073.6500244140625,1073.6500244140625,1089.949951171875,1072.699951171875,1084.780029296875,5224040000
2010-05-25,1074.030029296875,1074.030029296875,1074.75,1040.780029296875,1067.4200439453125,7329580000
2010-05-26,1067.949951171875,1067.949951171875,1090.75,1065.5899658203125,1075.510009765625,4521050000
2010-05-27,1103.06005859375,1103.06005859375,1103.52001953125,1074.27001953125,1074.27001953125,5698460000
2010-05-28,1089.4100341796875,1089.4100341796875,1102.5899658203125,1084.780029296875,1102.5899658203125,4871210000
2010-06-01,1070.7099609375,1070.7099609375,1094.77001953125,1069.8900146484375,1087.300048828125,5271480000
2010-06-02,1098.3800048828125,1098.3800048828125,1098.56005859375,1072.030029296875,1073.010009765625,5026360000
2010-06-03,1102.8299560546875,1102.8299560546875,1105.6700439453125,1091.81005859375,1098.8199462890625,4995970000
2010-06-04,1064.8800048828125,1064.8800048828125,1098.4300537109375,1060.5,1098.4300537109375,6180580000
2010-06-07,1050.469970703125,1050.469970703125,1071.3599853515625,1049.8599853515625,1065.8399658203125,5467560000
2010-06-08,1062.0,1062.0,1063.1500244140625,1042.1700439453125,1050.81005859375,6192750000
2010-06-09,1055.68994140625,1055.68994140625,1077.739990234375,1052.25,1062.75,5983200000
2010-06-10,1086.8399658203125,1086.8399658203125,1087.8499755859375,1058.77001953125,1058.77001953125,5144780000
2010-06-11,1091.5999755859375,1091.5999755859375,1092.25,1077.1199951171875,1082.6500244140625,4059280000
2010-06-14,1089.6300048828125,1089.6300048828125,1105.9100341796875,1089.030029296875,1095.0,4425830000
2010-06-15,1115.22998046875,1115.22998046875,1115.5899658203125,1091.2099609375,1091.2099609375,4644490000
2010-06-16,1114.6099853515625,1114.6099853515625,1118.739990234375,1107.1300048828125,1114.02001953125,5002600000
2010-06-17,1116.0400390625,1116.0400390625,1117.719970703125,1105.8699951171875,1115.97998046875,4557760000
2010-06-18,1117.510009765625,1117.510009765625,1121.010009765625,1113.9300537109375,1116.1600341796875,4555360000
2010-06-21,1113.199951171875,1113.199951171875,1131.22998046875,1108.239990234375,1122.7900390625,4514360000
2010-06-22,1095.31005859375,1095.31005859375,1118.5,1094.1800537109375,1113.9000244140625,4514380000
2010-06-23,1092.0400390625,1092.0400390625,1099.6400146484375,1085.31005859375,1095.5699462890625,4526150000
2010-06-24,1073.68994140625,1073.68994140625,1090.9300537109375,1071.5999755859375,1090.9300537109375,4814830000
2010-06-25,1076.760009765625,1076.760009765625,1083.56005859375,1067.8900146484375,1075.0999755859375,5128840000
2010-06-28,1074.5699462890625,1074.5699462890625,1082.5999755859375,1071.449951171875,1077.5,3896410000
2010-06-29,1041.239990234375,1041.239990234375,1071.0999755859375,1035.1800537109375,1071.0999755859375,6136700000
2010-06-30,1030.7099609375,1030.7099609375,1048.0799560546875,1028.3299560546875,1040.56005859375,5067080000
2010-07-01,1027.3699951171875,1027.3699951171875,1033.5799560546875,1010.9099731445312,1031.0999755859375,6435770000
2010-07-02,1022.5800170898438,1022.5800170898438,1032.949951171875,1015.9299926757812,1027.6500244140625,3968500000
2010-07-06,1028.06005859375,1028.06005859375,1042.5,1018.3499755859375,1028.0899658203125,4691240000
2010-07-07,1060.27001953125,1060.27001953125,1060.8900146484375,1028.5400390625,1028.5400390625,4931220000
2010-07-08,1070.25,1070.25,1071.25,1058.239990234375,1062.9200439453125,4548460000
2010-07-09,1077.9599609375,1077.9599609375,1078.1600341796875,1068.0999755859375,1070.5,3506570000
2010-07-12,1078.75,1078.75,1080.780029296875,1070.449951171875,1077.22998046875,3426990000
2010-07-13,1095.3399658203125,1095.3399658203125,1099.4599609375,1080.6500244140625,1080.6500244140625,4640460000
2010-07-14,1095.1700439453125,1095.1700439453125,1099.0799560546875,1087.6800537109375,1095.6099853515625,4521050000
2010-07-15,1096.47998046875,1096.47998046875,1098.6600341796875,1080.530029296875,1094.4599609375,4552470000
2010-07-16,1064.8800048828125,1064.8800048828125,1093.8499755859375,1063.3199462890625,1093.8499755859375,5297350000
2010-07-19,1071.25,1071.25,1074.699951171875,1061.1099853515625,1066.8499755859375,4089500000
2010-07-20,1083.47998046875,1083.47998046875,1083.93994140625,1056.8800048828125,1064.530029296875,4713280000
2010-07-21,1069.5899658203125,1069.5899658203125,1088.9599609375,1065.25,1086.6700439453125,4747180000
2010-07-22,1093.6700439453125,1093.6700439453125,1097.5,1072.1400146484375,1072.1400146484375,4826900000
2010-07-23,1102.6600341796875,1102.6600341796875,1103.72998046875,1087.8800048828125,1092.1700439453125,4524570000
2010-07-26,1115.010009765625,1115.010009765625,1115.010009765625,1101.300048828125,1102.8900146484375,4009650000
2010-07-27,1113.8399658203125,1113.8399658203125,1120.949951171875,1109.780029296875,1117.3599853515625,4725690000
2010-07-28,1106.1300048828125,1106.1300048828125,1114.6600341796875,1103.1099853515625,1112.8399658203125,4002390000
2010-07-29,1101.530029296875,1101.530029296875,1115.9000244140625,1092.8199462890625,1108.0699462890625,4612420000
2010-07-30,1101.5999755859375,1101.5999755859375,1106.43994140625,1088.010009765625,1098.43994140625,4006450000
2010-08-02,1125.8599853515625,1125.8599853515625,1127.300048828125,1107.530029296875,1107.530029296875,4144180000
2010-08-03,1120.4599609375,1120.4599609375,1125.43994140625,1116.760009765625,1125.3399658203125,4071820000
2010-08-04,1127.239990234375,1127.239990234375,1128.75,1119.4599609375,1121.06005859375,4057850000
2010-08-05,1125.81005859375,1125.81005859375,1126.56005859375,1118.81005859375,1125.780029296875,3685560000
2010-08-06,1121.6400146484375,1121.6400146484375,1123.06005859375,1107.1700439453125,1122.0699462890625,3857890000
2010-08-09,1127.7900390625,1127.7900390625,1129.239990234375,1120.9100341796875,1122.800048828125,3979360000
2010-08-10,1121.06005859375,1121.06005859375,1127.1600341796875,1111.5799560546875,1122.9200439453125,3979360000
2010-08-11,1089.469970703125,1089.469970703125,1116.8900146484375,1088.550048828125,1116.8900146484375,4511860000
2010-08-12,1083.6099853515625,1083.6099853515625,1086.719970703125,1076.68994140625,1081.47998046875,4521050000
2010-08-13,1079.25,1079.25,1086.25,1079.0,1082.219970703125,3328890000
2010-08-16,1079.3800048828125,1079.3800048828125,1082.6199951171875,1069.489990234375,1077.489990234375,3142450000
2010-08-17,1092.5400390625,1092.5400390625,1100.1400146484375,1081.1600341796875,1081.1600341796875,3968210000
2010-08-18,1094.1600341796875,1094.1600341796875,1099.77001953125,1085.760009765625,1092.0799560546875,3724260000
2010-08-19,1075.6300048828125,1075.6300048828125,1092.43994140625,1070.6600341796875,1092.43994140625,4290540000
2010-08-20,1071.68994140625,1071.68994140625,1075.6300048828125,1063.9100341796875,1075.6300048828125,3761570000
2010-08-23,1067.3599853515625,1067.3599853515625,1081.5799560546875,1067.0799560546875,1073.3599853515625,3210950000
2010-08-24,1051.8699951171875,1051.8699951171875,1063.199951171875,1046.6800537109375,1063.199951171875,4436330000
2010-08-25,1055.3299560546875,1055.3299560546875,1059.3800048828125,1039.8299560546875,1048.97998046875,4360190000
2010-08-26,1047.219970703125,1047.219970703125,1061.449951171875,1045.4000244140625,1056.280029296875,3646710000
2010-08-27,1064.5899658203125,1064.5899658203125,1065.2099609375,1039.699951171875,1049.27001953125,4102460000
2010-08-30,1048.9200439453125,1048.9200439453125,1064.4000244140625,1048.7900390625,1062.9000244140625,2917990000
2010-08-31,1049.3299560546875,1049.3299560546875,1055.1400146484375,1040.8800048828125,1046.8800048828125,4038770000
2010-09-01,1080.2900390625,1080.2900390625,1081.300048828125,1049.719970703125,1049.719970703125,4396880000
2010-09-02,1090.0999755859375,1090.0999755859375,1090.0999755859375,1080.3900146484375,1080.6600341796875,3704210000
2010-09-03,1104.510009765625,1104.510009765625,1105.0999755859375,1093.6099853515625,1093.6099853515625,3534500000
2010-09-07,1091.8399658203125,1091.8399658203125,1102.5999755859375,1091.1500244140625,1102.5999755859375,3107380000
2010-09-08,1098.8699951171875,1098.8699951171875,1103.260009765625,1092.3599853515625,1092.3599853515625,3224640000
2010-09-09,1104.1800537109375,1104.1800537109375,1110.27001953125,1101.1500244140625,1101.1500244140625,3387770000
2010-09-10,1109.550048828125,1109.550048828125,1110.8800048828125,1103.9200439453125,1104.5699462890625,3061160000
2010-09-13,1121.9000244140625,1121.9000244140625,1123.8699951171875,1113.3800048828125,1113.3800048828125,4521050000
2010-09-14,1121.0999755859375,1121.0999755859375,1127.3599853515625,1115.5799560546875,1121.1600341796875,4521050000
2010-09-15,1125.0699462890625,1125.0699462890625,1126.4599609375,1114.6300048828125,1119.4300537109375,3369840000
2010-09-16,1124.6600341796875,1124.6600341796875,1125.43994140625,1118.8800048828125,1123.8900146484375,3364080000
2010-09-17,1125.5899658203125,1125.5899658203125,1131.469970703125,1122.4300537109375,1126.3900146484375,4086140000
2010-09-20,1142.7099609375,1142.7099609375,1144.8599853515625,1126.5699462890625,1126.5699462890625,3364080000
2010-09-21,1139.780029296875,1139.780029296875,1148.5899658203125,1136.219970703125,1142.8199462890625,4175660000
2010-09-22,1134.280029296875,1134.280029296875,1144.3800048828125,1131.5799560546875,1139.489990234375,3911070000
2010-09-23,1124.8299560546875,1124.8299560546875,1136.77001953125,1122.7900390625,1131.0999755859375,3847850000
2010-09-24,1148.6700439453125,1148.6700439453125,1148.9000244140625,1131.68994140625,1131.68994140625,4123950000
2010-09-27,1142.1600341796875,1142.1600341796875,1149.9200439453125,1142.0,1148.6400146484375,3587860000
2010-09-28,1147.699951171875,1147.699951171875,1150.0,1132.0899658203125,1142.31005859375,4025840000
2010-09-29,1144.72998046875,1144.72998046875,1148.6300048828125,1140.260009765625,1146.75,3990280000
2010-09-30,1141.199951171875,1141.199951171875,1157.1600341796875,1136.0799560546875,1145.969970703125,4284160000
2010-10-01,1146.239990234375,1146.239990234375,1150.300048828125,1139.4200439453125,1143.489990234375,4298910000
2010-10-04,1137.030029296875,1137.030029296875,1148.1600341796875,1131.8699951171875,1144.9599609375,3604110000
2010-10-05,1160.75,1160.75,1162.760009765625,1140.6800537109375,1140.6800537109375,4068840000
2010-10-06,1159.969970703125,1159.969970703125,1162.3299560546875,1154.8499755859375,1159.81005859375,4073160000
2010-10-07,1158.06005859375,1158.06005859375,1163.8699951171875,1151.4100341796875,1161.5699462890625,3910550000
2010-10-08,1165.1500244140625,1165.1500244140625,1167.72998046875,1155.5799560546875,1158.3599853515625,3871420000
2010-10-11,1165.3199462890625,1165.3199462890625,1168.6800537109375,1162.02001953125,1165.3199462890625,2505900000
2010-10-12,1169.77001953125,1169.77001953125,1172.5799560546875,1155.7099609375,1164.280029296875,4076170000
2010-10-13,1178.0999755859375,1178.0999755859375,1184.3800048828125,1171.3199462890625,1171.3199462890625,4969410000
2010-10-14,1173.81005859375,1173.81005859375,1178.8900146484375,1166.7099609375,1177.8199462890625,4969410000
2010-10-15,1176.18994140625,1176.18994140625,1181.199951171875,1167.1199951171875,1177.469970703125,5724910000
2010-10-18,1184.7099609375,1184.7099609375,1185.530029296875,1174.550048828125,1176.8299560546875,4450050000
2010-10-19,1165.9000244140625,1165.9000244140625,1178.6400146484375,1159.7099609375,1178.6400146484375,5600120000
2010-10-20,1178.1700439453125,1178.1700439453125,1182.93994140625,1166.739990234375,1166.739990234375,5027880000
2010-10-21,1180.260009765625,1180.260009765625,1189.4300537109375,1171.1700439453125,1179.8199462890625,4625470000
2010-10-22,1183.0799560546875,1183.0799560546875,1183.9300537109375,1178.989990234375,1180.52001953125,3177890000
2010-10-25,1185.6199951171875,1185.6199951171875,1196.1400146484375,1184.739990234375,1184.739990234375,4221380000
2010-10-26,1185.6400146484375,1185.6400146484375,1187.1099853515625,1177.719970703125,1184.8800048828125,4203680000
2010-10-27,1182.449951171875,1182.449951171875,1183.8399658203125,1171.699951171875,1183.8399658203125,4335670000
2010-10-28,1183.780029296875,1183.780029296875,1189.530029296875,1177.0999755859375,1184.469970703125,4283460000
2010-10-29,1183.260009765625,1183.260009765625,1185.4599609375,1179.699951171875,1183.8699951171875,3537880000
2010-11-01,1184.3800048828125,1184.3800048828125,1195.81005859375,1177.6500244140625,1185.7099609375,4129180000
2010-11-02,1193.5699462890625,1193.5699462890625,1195.8800048828125,1187.8599853515625,1187.8599853515625,3866200000
2010-11-03,1197.9599609375,1197.9599609375,1198.300048828125,1183.56005859375,1193.7900390625,4665480000
2010-11-04,1221.06005859375,1221.06005859375,1221.25,1198.3399658203125,1198.3399658203125,5695470000
2010-11-05,1225.8499755859375,1225.8499755859375,1227.0799560546875,1220.2900390625,1221.199951171875,5637460000
2010-11-08,1223.25,1223.25,1224.5699462890625,1217.550048828125,1223.239990234375,3937230000
2010-11-09,1213.4000244140625,1213.4000244140625,1226.8399658203125,1208.93994140625,1223.5899658203125,4848040000
2010-11-10,1218.7099609375,1218.7099609375,1218.75,1204.3299560546875,1213.1400146484375,4561300000
2010-11-11,1213.5400390625,1213.5400390625,1215.449951171875,1204.489990234375,1213.0400390625,3931120000
2010-11-12,1199.2099609375,1199.2099609375,1210.5,1194.0799560546875,1209.0699462890625,4213620000
2010-11-15,1197.75,1197.75,1207.4300537109375,1197.1500244140625,1200.43994140625,3503370000
2010-11-16,1178.3399658203125,1178.3399658203125,1194.7900390625,1173.0,1194.7900390625,5116380000
2010-11-17,1178.5899658203125,1178.5899658203125,1183.56005859375,1175.8199462890625,1178.3299560546875,3904780000
2010-11-18,1196.68994140625,1196.68994140625,1200.2900390625,1183.75,1183.75,4687260000
2010-11-19,1199.72998046875,1199.72998046875,1199.969970703125,1189.43994140625,1196.1199951171875,3675390000
2010-11-22,1197.8399658203125,1197.8399658203125,1198.93994140625,1184.5799560546875,1198.0699462890625,3689500000
2010-11-23,1180.72998046875,1180.72998046875,1192.510009765625,1176.9100341796875,1192.510009765625,4133070000
2010-11-24,1198.3499755859375,1198.3499755859375,1198.6199951171875,1183.699951171875,1183.699951171875,3384250000
2010-11-26,1189.4000244140625,1189.4000244140625,1194.1600341796875,1186.9300537109375,1194.1600341796875,1613820000
2010-11-29,1187.760009765625,1187.760009765625,1190.3399658203125,1173.6400146484375,1189.0799560546875,3673450000
2010-11-30,1180.550048828125,1180.550048828125,1187.4000244140625,1174.1400146484375,1182.9599609375,4284700000
2010-12-01,1206.0699462890625,1206.0699462890625,1207.6099853515625,1186.5999755859375,1186.5999755859375,4548110000
2010-12-02,1221.530029296875,1221.530029296875,1221.8900146484375,1206.81005859375,1206.81005859375,4970800000
2010-12-03,1224.7099609375,1224.7099609375,1225.5699462890625,1216.8199462890625,1219.9300537109375,3735780000
2010-12-06,1223.1199951171875,1223.1199951171875,1225.800048828125,1220.6700439453125,1223.8699951171875,3527370000
2010-12-07,1223.75,1223.75,1235.050048828125,1223.25,1227.25,6970630000
2010-12-08,1228.280029296875,1228.280029296875,1228.9300537109375,1219.5,1225.02001953125,4607590000
2010-12-09,1233.0,1233.0,1234.7099609375,1226.8499755859375,1230.1400146484375,4522510000
2010-12-10,1240.4000244140625,1240.4000244140625,1240.4000244140625,1232.5799560546875,1233.8499755859375,4547310000
2010-12-13,1240.4599609375,1240.4599609375,1246.72998046875,1240.3399658203125,1242.52001953125,4361240000
2010-12-14,1241.5899658203125,1241.5899658203125,1246.5899658203125,1238.1700439453125,1241.8399658203125,4132350000
2010-12-15,1235.22998046875,1235.22998046875,1244.25,1234.010009765625,1241.5799560546875,4407340000
2010-12-16,1242.8699951171875,1242.8699951171875,1243.75,1232.8499755859375,1236.3399658203125,4736820000
2010-12-17,1243.9100341796875,1243.9100341796875,1245.81005859375,1239.8699951171875,1243.6300048828125,4632470000
2010-12-20,1247.0799560546875,1247.0799560546875,1250.199951171875,1241.510009765625,1245.760009765625,3548140000
2010-12-21,1254.5999755859375,1254.5999755859375,1255.8199462890625,1249.4300537109375,1249.4300537109375,3479670000
2010-12-22,1258.8399658203125,1258.8399658203125,1259.3900146484375,1254.93994140625,1254.93994140625,1285590000
2010-12-23,1256.77001953125,1256.77001953125,1258.5899658203125,1254.050048828125,1257.530029296875,2515020000
2010-12-27,1257.5400390625,1257.5400390625,1258.4300537109375,1251.47998046875,1254.6600341796875,1992470000
2010-12-28,1258.510009765625,1258.510009765625,1259.9000244140625,1256.219970703125,1259.0999755859375,2478450000
2010-12-29,1259.780029296875,1259.780029296875,1262.5999755859375,1258.780029296875,1258.780029296875,2214380000
2010-12-30,1257.8800048828125,1257.8800048828125,1261.0899658203125,1256.3199462890625,1259.43994140625,1970720000
2010-12-31,1257.6400146484375,1257.6400146484375,1259.3399658203125,1254.18994140625,1256.760009765625,1799770000
2011-01-03,1271.8699951171875,1271.8699951171875,1276.1700439453125,1257.6199951171875,1257.6199951171875,4286670000
2011-01-04,1270.199951171875,1270.199951171875,1274.1199951171875,1262.6600341796875,1272.949951171875,4796420000
2011-01-05,1276.56005859375,1276.56005859375,1277.6300048828125,1265.3599853515625,1268.780029296875,4764920000
2011-01-06,1273.8499755859375,1273.8499755859375,1278.1700439453125,1270.4300537109375,1276.2900390625,4844100000
2011-01-07,1271.5,1271.5,1276.8299560546875,1261.699951171875,1274.4100341796875,4963110000
2011-01-10,1269.75,1269.75,1271.52001953125,1262.1800537109375,1270.8399658203125,4036450000
2011-01-11,1274.47998046875,1274.47998046875,1277.25,1269.6199951171875,1272.5799560546875,4050750000
2011-01-12,1285.9599609375,1285.9599609375,1286.8699951171875,1275.6500244140625,1275.6500244140625,4226940000
2011-01-13,1283.760009765625,1283.760009765625,1286.699951171875,1280.469970703125,1285.780029296875,4310840000
2011-01-14,1293.239990234375,1293.239990234375,1293.239990234375,1281.239990234375,1282.9000244140625,4661590000
2011-01-18,1295.02001953125,1295.02001953125,1296.06005859375,1290.1600341796875,1293.219970703125,5284990000
2011-01-19,1281.9200439453125,1281.9200439453125,1294.5999755859375,1278.9200439453125,1294.52001953125,4743710000
2011-01-20,1280.260009765625,1280.260009765625,1283.3499755859375,1271.260009765625,1280.8499755859375,4935320000
2011-01-21,1283.3499755859375,1283.3499755859375,1291.2099609375,1282.0699462890625,1283.6300048828125,4935320000
2011-01-24,1290.8399658203125,1290.8399658203125,1291.9300537109375,1282.469970703125,1283.2900390625,3902470000
2011-01-25,1291.1800537109375,1291.1800537109375,1291.260009765625,1281.0699462890625,1288.1700439453125,4595380000
2011-01-26,1296.6300048828125,1296.6300048828125,1299.739990234375,1291.969970703125,1291.969970703125,4730980000
2011-01-27,1299.5400390625,1299.5400390625,1301.2900390625,1294.4100341796875,1297.510009765625,4309190000
2011-01-28,1276.3399658203125,1276.3399658203125,1302.6700439453125,1275.0999755859375,1299.6300048828125,5618630000
2011-01-31,1286.1199951171875,1286.1199951171875,1287.1700439453125,1276.5,1276.5,4167160000
2011-02-01,1307.5899658203125,1307.5899658203125,1308.8599853515625,1289.1400146484375,1289.1400146484375,5164500000
2011-02-02,1304.030029296875,1304.030029296875,1307.6099853515625,1302.6199951171875,1305.9100341796875,4098260000
2011-02-03,1307.0999755859375,1307.0999755859375,1308.5999755859375,1294.8299560546875,1302.77001953125,4370990000
2011-02-04,1310.8699951171875,1310.8699951171875,1311.0,1301.6700439453125,1307.010009765625,3925950000
2011-02-07,1319.050048828125,1319.050048828125,1322.8499755859375,1311.8499755859375,1311.8499755859375,3902270000
2011-02-08,1324.5699462890625,1324.5699462890625,1324.8699951171875,1316.030029296875,1318.760009765625,3881530000
2011-02-09,1320.8800048828125,1320.8800048828125,1324.5400390625,1314.8900146484375,1322.47998046875,3922240000
2011-02-10,1321.8699951171875,1321.8699951171875,1322.780029296875,1311.739990234375,1318.1300048828125,4184610000
2011-02-11,1329.1500244140625,1329.1500244140625,1330.7900390625,1316.0799560546875,1318.6600341796875,4219300000
2011-02-14,1332.3199462890625,1332.3199462890625,1332.9599609375,1326.9000244140625,1328.72998046875,3567040000
2011-02-15,1328.010009765625,1328.010009765625,1330.4300537109375,1324.6099853515625,1330.4300537109375,3926860000
2011-02-16,1336.3199462890625,1336.3199462890625,1337.6099853515625,1329.510009765625,1329.510009765625,1966450000
2011-02-17,1340.4300537109375,1340.4300537109375,1341.5,1331.0,1334.3699951171875,1966450000
2011-02-18,1343.010009765625,1343.010009765625,1344.0699462890625,1338.1199951171875,1340.3800048828125,1162310000
2011-02-22,1315.43994140625,1315.43994140625,1338.9100341796875,1312.3299560546875,1338.9100341796875,1322780000
2011-02-23,1307.4000244140625,1307.4000244140625,1317.9100341796875,1299.550048828125,1315.43994140625,1330340000
2011-02-24,1306.0999755859375,1306.0999755859375,1310.9100341796875,1294.260009765625,1307.0899658203125,1222900000
2011-02-25,1319.8800048828125,1319.8800048828125,1320.6099853515625,1307.3399658203125,1307.3399658203125,3836030000
2011-02-28,1327.219970703125,1327.219970703125,1329.3800048828125,1320.550048828125,1321.6099853515625,1252850000
2011-03-01,1306.3299560546875,1306.3299560546875,1332.0899658203125,1306.1400146484375,1328.6400146484375,1180420000
2011-03-02,1308.43994140625,1308.43994140625,1314.18994140625,1302.5799560546875,1305.469970703125,1025000000
2011-03-03,1330.969970703125,1330.969970703125,1332.280029296875,1312.3699951171875,1312.3699951171875,4340470000
2011-03-04,1321.1500244140625,1321.1500244140625,1331.0799560546875,1312.5899658203125,1330.72998046875,4223740000
2011-03-07,1310.1300048828125,1310.1300048828125,1327.6800537109375,1303.989990234375,1322.719970703125,3964730000
2011-03-08,1321.8199462890625,1321.8199462890625,1325.739990234375,1306.8599853515625,1311.050048828125,4531420000
2011-03-09,1320.02001953125,1320.02001953125,1323.2099609375,1312.27001953125,1319.9200439453125,3709520000
2011-03-10,1295.1099853515625,1295.1099853515625,1315.719970703125,1294.2099609375,1315.719970703125,4723020000
2011-03-11,1304.280029296875,1304.280029296875,1308.3499755859375,1291.989990234375,1293.4300537109375,3740400000
2011-03-14,1296.3900146484375,1296.3900146484375,1301.18994140625,1286.3699951171875,1301.18994140625,4050370000
2011-03-15,1281.8699951171875,1281.8699951171875,1288.4599609375,1261.1199951171875,1288.4599609375,5201400000
2011-03-16,1256.8800048828125,1256.8800048828125,1280.9100341796875,1249.050048828125,1279.4599609375,5833000000
2011-03-17,1273.719970703125,1273.719970703125,1278.8800048828125,1261.6099853515625,1261.6099853515625,4134950000
2011-03-18,1279.2099609375,1279.2099609375,1288.8800048828125,1276.1800537109375,1276.7099609375,4685500000
2011-03-21,1298.3800048828125,1298.3800048828125,1300.5799560546875,1281.6500244140625,1281.6500244140625,4223730000
2011-03-22,1293.77001953125,1293.77001953125,1299.3499755859375,1292.699951171875,1298.2900390625,3576550000
2011-03-23,1297.5400390625,1297.5400390625,1300.510009765625,1284.050048828125,1292.18994140625,3842350000
2011-03-24,1309.6600341796875,1309.6600341796875,1311.3399658203125,1297.739990234375,1300.6099853515625,4223740000
2011-03-25,1313.800048828125,1313.800048828125,1319.1800537109375,1310.1500244140625,1311.800048828125,4223740000
2011-03-28,1310.18994140625,1310.18994140625,1319.739990234375,1310.18994140625,1315.449951171875,3215170000
2011-03-29,1319.43994140625,1319.43994140625,1319.449951171875,1305.260009765625,1309.3699951171875,3482580000
2011-03-30,1328.260009765625,1328.260009765625,1331.739990234375,1321.8900146484375,1321.8900146484375,3809570000
2011-03-31,1325.8299560546875,1325.8299560546875,1329.77001953125,1325.030029296875,1327.43994140625,3566270000
2011-04-01,1332.4100341796875,1332.4100341796875,1337.8499755859375,1328.8900146484375,1329.47998046875,4223740000
2011-04-04,1332.8699951171875,1332.8699951171875,1336.739990234375,1329.0999755859375,1333.56005859375,4223740000
2011-04-05,1332.6300048828125,1332.6300048828125,1338.2099609375,1330.030029296875,1332.030029296875,3852280000
2011-04-06,1335.5400390625,1335.5400390625,1339.3800048828125,1331.0899658203125,1335.93994140625,4223740000
2011-04-07,1333.510009765625,1333.510009765625,1338.800048828125,1326.56005859375,1334.8199462890625,4005600000
2011-04-08,1328.1700439453125,1328.1700439453125,1339.4599609375,1322.93994140625,1336.1600341796875,3582810000
2011-04-11,1324.4599609375,1324.4599609375,1333.77001953125,1321.06005859375,1329.010009765625,3478970000
2011-04-12,1314.1600341796875,1314.1600341796875,1321.9599609375,1309.510009765625,1321.9599609375,4275490000
2011-04-13,1314.4100341796875,1314.4100341796875,1321.3499755859375,1309.18994140625,1314.030029296875,3850860000
2011-04-14,1314.52001953125,1314.52001953125,1316.7900390625,1302.4200439453125,1311.1300048828125,3872630000
2011-04-15,1319.6800537109375,1319.6800537109375,1322.8800048828125,1313.6800537109375,1314.5400390625,4223740000
2011-04-18,1305.1400146484375,1305.1400146484375,1313.3499755859375,1294.699951171875,1313.3499755859375,4223740000
2011-04-19,1312.6199951171875,1312.6199951171875,1312.699951171875,1303.969970703125,1305.989990234375,3886300000
2011-04-20,1330.3599853515625,1330.3599853515625,1332.6600341796875,1319.1199951171875,1319.1199951171875,4236280000
2011-04-21,1337.3800048828125,1337.3800048828125,1337.489990234375,1332.8299560546875,1333.22998046875,3587240000
2011-04-25,1335.25,1335.25,1337.550048828125,1331.469970703125,1337.1400146484375,2142130000
2011-04-26,1347.239990234375,1347.239990234375,1349.550048828125,1336.75,1336.75,3908060000
2011-04-27,1355.6600341796875,1355.6600341796875,1357.489990234375,1344.25,1348.4300537109375,4051570000
2011-04-28,1360.47998046875,1360.47998046875,1361.7099609375,1353.5999755859375,1353.8599853515625,4036820000
2011-04-29,1363.6099853515625,1363.6099853515625,1364.56005859375,1358.68994140625,1360.1400146484375,3479070000
2011-05-02,1361.219970703125,1361.219970703125,1370.5799560546875,1358.5899658203125,1365.2099609375,3846250000
2011-05-03,1356.6199951171875,1356.6199951171875,1360.8399658203125,1349.52001953125,1359.760009765625,4223740000
2011-05-04,1347.3199462890625,1347.3199462890625,1355.9000244140625,1341.5,1355.9000244140625,4223740000
2011-05-05,1335.0999755859375,1335.0999755859375,1348.0,1329.1700439453125,1344.1600341796875,3846250000
2011-05-06,1340.199951171875,1340.199951171875,1354.3599853515625,1335.5799560546875,1340.239990234375,4223740000
2011-05-09,1346.2900390625,1346.2900390625,1349.43994140625,1338.6400146484375,1340.199951171875,4265250000
2011-05-10,1357.1600341796875,1357.1600341796875,1359.43994140625,1348.3399658203125,1348.3399658203125,4223740000
2011-05-11,1342.0799560546875,1342.0799560546875,1354.510009765625,1336.3599853515625,1354.510009765625,3846250000
2011-05-12,1348.6500244140625,1348.6500244140625,1351.050048828125,1332.030029296875,1339.3900146484375,3777210000
2011-05-13,1337.77001953125,1337.77001953125,1350.469970703125,1333.3599853515625,1348.68994140625,3426660000
2011-05-16,1329.469970703125,1329.469970703125,1343.3299560546875,1327.3199462890625,1334.77001953125,3846250000
2011-05-17,1328.97998046875,1328.97998046875,1330.4200439453125,1318.510009765625,1326.0999755859375,4053970000
2011-05-18,1340.6800537109375,1340.6800537109375,1341.8199462890625,1326.5899658203125,1328.5400390625,3922030000
2011-05-19,1343.5999755859375,1343.5999755859375,1346.8199462890625,1336.3599853515625,1342.4000244140625,3626110000
2011-05-20,1333.27001953125,1333.27001953125,1342.0,1330.6700439453125,1342.0,4066020000
2011-05-23,1317.3699951171875,1317.3699951171875,1333.0699462890625,1312.8800048828125,1333.0699462890625,3255580000
2011-05-24,1316.280029296875,1316.280029296875,1323.719970703125,1313.8699951171875,1317.699951171875,3846250000
2011-05-25,1320.469970703125,1320.469970703125,1325.8599853515625,1311.800048828125,1316.3599853515625,4109670000
2011-05-26,1325.68994140625,1325.68994140625,1328.510009765625,1314.4100341796875,1320.6400146484375,3259470000
2011-05-27,1331.0999755859375,1331.0999755859375,1334.6199951171875,1325.68994140625,1325.68994140625,3124560000
2011-05-31,1345.199951171875,1345.199951171875,1345.199951171875,1331.0999755859375,1331.0999755859375,4696240000
2011-06-01,1314.550048828125,1314.550048828125,1345.199951171875,1313.7099609375,1345.199951171875,4241090000
2011-06-02,1312.93994140625,1312.93994140625,1318.030029296875,1305.6099853515625,1314.550048828125,3762170000
2011-06-03,1300.1600341796875,1300.1600341796875,1312.93994140625,1297.9000244140625,1312.93994140625,3505030000
2011-06-06,1286.1700439453125,1286.1700439453125,1300.260009765625,1284.719970703125,1300.260009765625,3555980000
2011-06-07,1284.93994140625,1284.93994140625,1296.219970703125,1284.739990234375,1286.31005859375,3846250000
2011-06-08,1279.56005859375,1279.56005859375,1287.0400390625,1277.4200439453125,1284.6300048828125,3970810000
2011-06-09,1289.0,1289.0,1294.5400390625,1279.6300048828125,1279.6300048828125,3332510000
2011-06-10,1270.97998046875,1270.97998046875,1288.5999755859375,1268.280029296875,1288.5999755859375,3846250000
2011-06-13,1271.8299560546875,1271.8299560546875,1277.0400390625,1265.6400146484375,1271.31005859375,4132520000
2011-06-14,1287.8699951171875,1287.8699951171875,1292.5,1272.219970703125,1272.219970703125,3500280000
2011-06-15,1265.4200439453125,1265.4200439453125,1287.8699951171875,1261.9000244140625,1287.8699951171875,4070500000
2011-06-16,1267.6400146484375,1267.6400146484375,1274.1099853515625,1258.0699462890625,1265.530029296875,3846250000
2011-06-17,1271.5,1271.5,1279.8199462890625,1267.4000244140625,1268.5799560546875,4916460000
2011-06-20,1278.3599853515625,1278.3599853515625,1280.4200439453125,1267.56005859375,1271.5,3464660000
2011-06-21,1295.52001953125,1295.52001953125,1297.6199951171875,1278.4000244140625,1278.4000244140625,4056150000
2011-06-22,1287.1400146484375,1287.1400146484375,1298.6099853515625,1286.7900390625,1295.47998046875,3718420000
2011-06-23,1283.5,1283.5,1286.5999755859375,1262.8699951171875,1286.5999755859375,4983450000
2011-06-24,1268.449951171875,1268.449951171875,1283.9300537109375,1267.239990234375,1283.0400390625,3665340000
2011-06-27,1280.0999755859375,1280.0999755859375,1284.9100341796875,1267.530029296875,1268.43994140625,3479070000
2011-06-28,1296.6700439453125,1296.6700439453125,1296.800048828125,1280.2099609375,1280.2099609375,3681500000
2011-06-29,1307.4100341796875,1307.4100341796875,1309.2099609375,1296.8499755859375,1296.8499755859375,4347540000
2011-06-30,1320.6400146484375,1320.6400146484375,1321.969970703125,1307.6400146484375,1307.6400146484375,4200500000
2011-07-01,1339.6700439453125,1339.6700439453125,1341.010009765625,1318.1800537109375,1320.6400146484375,3796930000
2011-07-05,1337.8800048828125,1337.8800048828125,1340.8900146484375,1334.300048828125,1339.5899658203125,3722320000
2011-07-06,1339.219970703125,1339.219970703125,1340.93994140625,1330.9200439453125,1337.56005859375,3564190000
2011-07-07,1353.219970703125,1353.219970703125,1356.47998046875,1339.6199951171875,1339.6199951171875,4069530000
2011-07-08,1343.800048828125,1343.800048828125,1352.3900146484375,1333.7099609375,1352.3900146484375,3594360000
2011-07-11,1319.489990234375,1319.489990234375,1343.31005859375,1316.4200439453125,1343.31005859375,3879130000
2011-07-12,1313.6400146484375,1313.6400146484375,1327.1700439453125,1313.3299560546875,1319.6099853515625,4227890000
2011-07-13,1317.719970703125,1317.719970703125,1331.47998046875,1314.449951171875,1314.449951171875,4060080000
2011-07-14,1308.8699951171875,1308.8699951171875,1326.8800048828125,1306.510009765625,1317.739990234375,4358570000
2011-07-15,1316.1400146484375,1316.1400146484375,1317.699951171875,1307.52001953125,1308.8699951171875,4242760000
2011-07-18,1305.43994140625,1305.43994140625,1315.93994140625,1295.9200439453125,1315.93994140625,4118160000
2011-07-19,1326.72998046875,1326.72998046875,1328.1400146484375,1307.0699462890625,1307.0699462890625,4304600000
2011-07-20,1325.8399658203125,1325.8399658203125,1330.4300537109375,1323.6500244140625,1328.6600341796875,3767420000
2011-07-21,1343.800048828125,1343.800048828125,1347.0,1325.6500244140625,1325.6500244140625,4837430000
2011-07-22,1345.02001953125,1345.02001953125,1346.0999755859375,1336.949951171875,1343.800048828125,3522830000
2011-07-25,1337.4300537109375,1337.4300537109375,1344.3199462890625,1331.0899658203125,1344.3199462890625,3536890000
2011-07-26,1331.93994140625,1331.93994140625,1338.510009765625,1329.5899658203125,1337.3900146484375,4007050000
2011-07-27,1304.8900146484375,1304.8900146484375,1331.9100341796875,1303.489990234375,1331.9100341796875,3479040000
2011-07-28,1300.6700439453125,1300.6700439453125,1316.3199462890625,1299.1600341796875,1304.8399658203125,4951800000
2011-07-29,1292.280029296875,1292.280029296875,1304.1600341796875,1282.8599853515625,1300.1199951171875,5061190000
2011-08-01,1286.93994140625,1286.93994140625,1307.3800048828125,1274.72998046875,1292.5899658203125,4967390000
2011-08-02,1254.050048828125,1254.050048828125,1286.56005859375,1254.030029296875,1286.56005859375,5206290000
2011-08-03,1260.3399658203125,1260.3399658203125,1261.199951171875,1234.56005859375,1254.25,6446940000
2011-08-04,1200.0699462890625,1200.0699462890625,1260.22998046875,1199.5400390625,1260.22998046875,4266530000
2011-08-05,1199.3800048828125,1199.3800048828125,1218.1099853515625,1168.0899658203125,1200.280029296875,5454590000
2011-08-08,1119.4599609375,1119.4599609375,1198.47998046875,1119.280029296875,1198.47998046875,2615150000
2011-08-09,1172.530029296875,1172.530029296875,1172.8800048828125,1101.5400390625,1120.22998046875,2366660000
2011-08-10,1120.760009765625,1120.760009765625,1171.77001953125,1118.010009765625,1171.77001953125,5018070000
2011-08-11,1172.6400146484375,1172.6400146484375,1186.2900390625,1121.300048828125,1121.300048828125,3685050000
2011-08-12,1178.81005859375,1178.81005859375,1189.0400390625,1170.739990234375,1172.8699951171875,5640380000
2011-08-15,1204.489990234375,1204.489990234375,1204.489990234375,1178.8599853515625,1178.8599853515625,4272850000
2011-08-16,1192.760009765625,1192.760009765625,1204.219970703125,1180.530029296875,1204.219970703125,5071600000
2011-08-17,1193.8900146484375,1193.8900146484375,1208.469970703125,1184.3599853515625,1192.8900146484375,4388340000
2011-08-18,1140.6500244140625,1140.6500244140625,1189.6199951171875,1131.030029296875,1189.6199951171875,3234810000
2011-08-19,1123.530029296875,1123.530029296875,1154.5400390625,1122.050048828125,1140.469970703125,5167560000
2011-08-22,1123.8199462890625,1123.8199462890625,1145.489990234375,1121.0899658203125,1123.550048828125,5436260000
2011-08-23,1162.3499755859375,1162.3499755859375,1162.3499755859375,1124.3599853515625,1124.3599853515625,5013170000
2011-08-24,1177.5999755859375,1177.5999755859375,1178.56005859375,1156.300048828125,1162.1600341796875,5315310000
2011-08-25,1159.27001953125,1159.27001953125,1190.6800537109375,1155.469970703125,1176.68994140625,5748420000
2011-08-26,1176.800048828125,1176.800048828125,1181.22998046875,1135.9100341796875,1158.8499755859375,5035320000
2011-08-29,1210.0799560546875,1210.0799560546875,1210.280029296875,1177.9100341796875,1177.9100341796875,4228070000
2011-08-30,1212.9200439453125,1212.9200439453125,1220.0999755859375,1195.77001953125,1209.760009765625,4572570000
2011-08-31,1218.8900146484375,1218.8900146484375,1230.7099609375,1209.3499755859375,1213.0,5267840000
2011-09-01,1204.4200439453125,1204.4200439453125,1229.2900390625,1203.8499755859375,1219.1199951171875,4780410000
2011-09-02,1173.969970703125,1173.969970703125,1203.9000244140625,1170.56005859375,1203.9000244140625,4401740000
2011-09-06,1165.239990234375,1165.239990234375,1173.969970703125,1140.1300048828125,1173.969970703125,5103980000
2011-09-07,1198.6199951171875,1198.6199951171875,1198.6199951171875,1165.8499755859375,1165.8499755859375,4441040000
2011-09-08,1185.9000244140625,1185.9000244140625,1204.4000244140625,1183.3399658203125,1197.97998046875,4465170000
2011-09-09,1154.22998046875,1154.22998046875,1185.3699951171875,1148.3699951171875,1185.3699951171875,4586370000
2011-09-12,1162.27001953125,1162.27001953125,1162.52001953125,1136.0699462890625,1153.5,5168550000
2011-09-13,1172.8699951171875,1172.8699951171875,1176.4100341796875,1157.43994140625,1162.5899658203125,4681370000
2011-09-14,1188.6800537109375,1188.6800537109375,1202.3800048828125,1162.72998046875,1173.3199462890625,4986740000
2011-09-15,1209.1099853515625,1209.1099853515625,1209.1099853515625,1189.43994140625,1189.43994140625,4479730000
2011-09-16,1216.010009765625,1216.010009765625,1220.06005859375,1204.4599609375,1209.2099609375,5248890000
2011-09-19,1204.0899658203125,1204.0899658203125,1214.989990234375,1188.3599853515625,1214.989990234375,4254190000
2011-09-20,1202.0899658203125,1202.0899658203125,1220.3900146484375,1201.2900390625,1204.5,4315610000
2011-09-21,1166.760009765625,1166.760009765625,1206.300048828125,1166.2099609375,1203.6300048828125,4728550000
2011-09-22,1129.56005859375,1129.56005859375,1164.550048828125,1114.219970703125,1164.550048828125,6703140000
2011-09-23,1136.4300537109375,1136.4300537109375,1141.719970703125,1121.3599853515625,1128.8199462890625,5639930000
2011-09-26,1162.949951171875,1162.949951171875,1164.18994140625,1131.0699462890625,1136.9100341796875,4762830000
2011-09-27,1175.3800048828125,1175.3800048828125,1195.8599853515625,1163.3199462890625,1163.3199462890625,5548130000
2011-09-28,1151.06005859375,1151.06005859375,1184.7099609375,1150.4000244140625,1175.3900146484375,4787920000
2011-09-29,1160.4000244140625,1160.4000244140625,1175.8699951171875,1139.9300537109375,1151.739990234375,5285740000
2011-09-30,1131.4200439453125,1131.4200439453125,1159.9300537109375,1131.3399658203125,1159.9300537109375,4416790000
2011-10-03,1099.22998046875,1099.22998046875,1138.989990234375,1098.9200439453125,1131.2099609375,5670340000
2011-10-04,1123.949951171875,1123.949951171875,1125.1199951171875,1074.77001953125,1097.4200439453125,3714670000
2011-10-05,1144.030029296875,1144.030029296875,1146.0699462890625,1115.6800537109375,1124.030029296875,2510620000
2011-10-06,1164.969970703125,1164.969970703125,1165.550048828125,1134.949951171875,1144.1099853515625,5098330000
2011-10-07,1155.4599609375,1155.4599609375,1171.4000244140625,1150.260009765625,1165.030029296875,5580380000
2011-10-10,1194.8900146484375,1194.8900146484375,1194.9100341796875,1158.1500244140625,1158.1500244140625,4446800000
2011-10-11,1195.5400390625,1195.5400390625,1199.239990234375,1187.300048828125,1194.5999755859375,4424500000
2011-10-12,1207.25,1207.25,1220.25,1196.18994140625,1196.18994140625,5355360000
2011-10-13,1203.6600341796875,1203.6600341796875,1207.4599609375,1190.5799560546875,1206.9599609375,4436270000
2011-10-14,1224.5799560546875,1224.5799560546875,1224.6099853515625,1205.6500244140625,1205.6500244140625,4116690000
2011-10-17,1200.8599853515625,1200.8599853515625,1224.469970703125,1198.550048828125,1224.469970703125,4300700000
2011-10-18,1225.3800048828125,1225.3800048828125,1233.0999755859375,1191.47998046875,1200.75,4840170000
2011-10-19,1209.8800048828125,1209.8800048828125,1229.6400146484375,1206.31005859375,1223.4599609375,4846390000
2011-10-20,1215.3900146484375,1215.3900146484375,1219.530029296875,1197.3399658203125,1209.9200439453125,4870290000
2011-10-21,1238.25,1238.25,1239.030029296875,1215.3900146484375,1215.3900146484375,4980770000
2011-10-24,1254.18994140625,1254.18994140625,1256.550048828125,1238.719970703125,1238.719970703125,4309380000
2011-10-25,1229.050048828125,1229.050048828125,1254.18994140625,1226.7900390625,1254.18994140625,4473970000
2011-10-26,1242.0,1242.0,1246.280029296875,1221.06005859375,1229.1700439453125,4873530000
2011-10-27,1284.5899658203125,1284.5899658203125,1292.6600341796875,1243.969970703125,1243.969970703125,6367610000
2011-10-28,1285.0899658203125,1285.0899658203125,1287.0799560546875,1277.010009765625,1284.3900146484375,4536690000
2011-10-31,1253.300048828125,1253.300048828125,1284.9599609375,1253.1600341796875,1284.9599609375,4310210000
2011-11-01,1218.280029296875,1218.280029296875,1251.0,1215.4200439453125,1251.0,5645540000
2011-11-02,1237.9000244140625,1237.9000244140625,1242.47998046875,1219.6199951171875,1219.6199951171875,4110530000
2011-11-03,1261.1500244140625,1261.1500244140625,1263.2099609375,1234.81005859375,1238.25,4849140000
2011-11-04,1253.22998046875,1253.22998046875,1260.8199462890625,1238.9200439453125,1260.8199462890625,3830650000
2011-11-07,1261.1199951171875,1261.1199951171875,1261.699951171875,1240.75,1253.2099609375,3429740000
2011-11-08,1275.9200439453125,1275.9200439453125,1277.550048828125,1254.989990234375,1261.1199951171875,3908490000
2011-11-09,1229.0999755859375,1229.0999755859375,1275.1800537109375,1226.6400146484375,1275.1800537109375,4659740000
2011-11-10,1239.699951171875,1239.699951171875,1246.219970703125,1227.699951171875,1229.5899658203125,4002760000
2011-11-11,1263.8499755859375,1263.8499755859375,1266.97998046875,1240.1199951171875,1240.1199951171875,3370180000
2011-11-14,1251.780029296875,1251.780029296875,1263.8499755859375,1246.6800537109375,1263.8499755859375,3219680000
2011-11-15,1257.81005859375,1257.81005859375,1264.25,1244.3399658203125,1251.699951171875,3599300000
2011-11-16,1236.9100341796875,1236.9100341796875,1259.6099853515625,1235.6700439453125,1257.81005859375,4085010000
2011-11-17,1216.1300048828125,1216.1300048828125,1237.72998046875,1209.4300537109375,1236.56005859375,4596450000
2011-11-18,1215.6500244140625,1215.6500244140625,1223.510009765625,1211.3599853515625,1216.18994140625,3827610000
2011-11-21,1192.97998046875,1192.97998046875,1215.6199951171875,1183.1600341796875,1215.6199951171875,4050070000
2011-11-22,1188.0400390625,1188.0400390625,1196.81005859375,1181.6500244140625,1192.97998046875,3911710000
2011-11-23,1161.7900390625,1161.7900390625,1187.47998046875,1161.7900390625,1187.47998046875,3798940000
2011-11-25,1158.6700439453125,1158.6700439453125,1172.6600341796875,1158.6600341796875,1161.4100341796875,1664200000
2011-11-28,1192.550048828125,1192.550048828125,1197.3499755859375,1158.6700439453125,1158.6700439453125,3920750000
2011-11-29,1195.18994140625,1195.18994140625,1203.6700439453125,1191.800048828125,1192.56005859375,3992650000
2011-11-30,1246.9599609375,1246.9599609375,1247.1099853515625,1196.719970703125,1196.719970703125,5801910000
2011-12-01,1244.5799560546875,1244.5799560546875,1251.0899658203125,1239.72998046875,1246.9100341796875,3818680000
2011-12-02,1244.280029296875,1244.280029296875,1260.0799560546875,1243.3499755859375,1246.030029296875,4144310000
2011-12-05,1257.0799560546875,1257.0799560546875,1266.72998046875,1244.3299560546875,1244.3299560546875,4148060000
2011-12-06,1258.469970703125,1258.469970703125,1266.030029296875,1253.030029296875,1257.18994140625,3734230000
2011-12-07,1261.010009765625,1261.010009765625,1267.06005859375,1244.800048828125,1258.1400146484375,4160540000
2011-12-08,1234.3499755859375,1234.3499755859375,1260.8699951171875,1231.469970703125,1260.8699951171875,4298370000
2011-12-09,1255.18994140625,1255.18994140625,1258.25,1234.47998046875,1234.47998046875,3830610000
2011-12-12,1236.469970703125,1236.469970703125,1255.050048828125,1227.25,1255.050048828125,3600570000
2011-12-13,1225.72998046875,1225.72998046875,1249.8599853515625,1219.4300537109375,1236.8299560546875,4121570000
2011-12-14,1211.8199462890625,1211.8199462890625,1225.72998046875,1209.469970703125,1225.72998046875,4298290000
2011-12-15,1215.75,1215.75,1225.5999755859375,1212.1199951171875,1212.1199951171875,3810340000
2011-12-16,1219.6600341796875,1219.6600341796875,1231.0400390625,1215.199951171875,1216.0899658203125,5345800000
2011-12-19,1205.3499755859375,1205.3499755859375,1224.5699462890625,1202.3699951171875,1219.739990234375,3659820000
2011-12-20,1241.300048828125,1241.300048828125,1242.8199462890625,1205.719970703125,1205.719970703125,4055590000
2011-12-21,1243.719970703125,1243.719970703125,1245.0899658203125,1229.510009765625,1241.25,2959020000
2011-12-22,1254.0,1254.0,1255.219970703125,1243.719970703125,1243.719970703125,3492250000
2011-12-23,1265.3299560546875,1265.3299560546875,1265.4200439453125,1254.0,1254.0,2233830000
2011-12-27,1265.4300537109375,1265.4300537109375,1269.3699951171875,1262.300048828125,1265.02001953125,2130590000
2011-12-28,1249.6400146484375,1249.6400146484375,1265.8499755859375,1248.6400146484375,1265.3800048828125,2349980000
2011-12-29,1263.02001953125,1263.02001953125,1263.5400390625,1249.75,1249.75,2278130000
2011-12-30,1257.5999755859375,1257.5999755859375,1264.1199951171875,1257.4599609375,1262.8199462890625,2271850000
2012-01-03,1277.06005859375,1277.06005859375,1284.6199951171875,1258.8599853515625,1258.8599853515625,3943710000
2012-01-04,1277.300048828125,1277.300048828125,1278.72998046875,1268.0999755859375,1277.030029296875,3592580000
2012-01-05,1281.06005859375,1281.06005859375,1283.050048828125,1265.260009765625,1277.300048828125,4315950000
2012-01-06,1277.81005859375,1277.81005859375,1281.8399658203125,1273.3399658203125,1280.9300537109375,3656830000
2012-01-09,1280.699951171875,1280.699951171875,1281.989990234375,1274.550048828125,1277.8299560546875,3371600000
2012-01-10,1292.0799560546875,1292.0799560546875,1296.4599609375,1280.77001953125,1280.77001953125,4221960000
2012-01-11,1292.47998046875,1292.47998046875,1293.800048828125,1285.4100341796875,1292.02001953125,3968120000
2012-01-12,1295.5,1295.5,1296.8199462890625,1285.77001953125,1292.47998046875,4019890000
2012-01-13,1289.0899658203125,1289.0899658203125,1294.8199462890625,1277.5799560546875,1294.8199462890625,3692370000
2012-01-17,1293.6700439453125,1293.6700439453125,1303.0,1290.219970703125,1290.219970703125,4010490000
2012-01-18,1308.0400390625,1308.0400390625,1308.1099853515625,1290.989990234375,1293.6500244140625,4096160000
2012-01-19,1314.5,1314.5,1315.489990234375,1308.0699462890625,1308.0699462890625,4465890000
2012-01-20,1315.3800048828125,1315.3800048828125,1315.3800048828125,1309.1700439453125,1314.489990234375,3912620000
2012-01-23,1316.0,1316.0,1322.280029296875,1309.8900146484375,1315.2900390625,3770910000
2012-01-24,1314.6500244140625,1314.6500244140625,1315.9599609375,1306.06005859375,1315.9599609375,3693560000
2012-01-25,1326.06005859375,1326.06005859375,1328.300048828125,1307.6500244140625,1314.4000244140625,4410910000
2012-01-26,1318.4300537109375,1318.4300537109375,1333.469970703125,1313.5999755859375,1326.280029296875,4522070000
2012-01-27,1316.3299560546875,1316.3299560546875,1320.06005859375,1311.719970703125,1318.25,4007380000
2012-01-30,1313.010009765625,1313.010009765625,1316.1600341796875,1300.489990234375,1316.1600341796875,3659010000
2012-01-31,1312.4100341796875,1312.4100341796875,1321.4100341796875,1306.68994140625,1313.530029296875,4235550000
2012-02-01,1324.0899658203125,1324.0899658203125,1330.52001953125,1312.449951171875,1312.449951171875,4504360000
2012-02-02,1325.5400390625,1325.5400390625,1329.18994140625,1321.5699462890625,1324.239990234375,4120920000
2012-02-03,1344.9000244140625,1344.9000244140625,1345.3399658203125,1326.2099609375,1326.2099609375,4608550000
2012-02-06,1344.3299560546875,1344.3299560546875,1344.3599853515625,1337.52001953125,1344.3199462890625,3379700000
2012-02-07,1347.050048828125,1347.050048828125,1349.239990234375,1335.9200439453125,1344.3299560546875,3742460000
2012-02-08,1349.9599609375,1349.9599609375,1351.0,1341.949951171875,1347.0400390625,4096730000
2012-02-09,1351.949951171875,1351.949951171875,1354.3199462890625,1344.6300048828125,1349.969970703125,4209890000
2012-02-10,1342.6400146484375,1342.6400146484375,1351.2099609375,1337.3499755859375,1351.2099609375,3877580000
2012-02-13,1351.77001953125,1351.77001953125,1353.3499755859375,1343.06005859375,1343.06005859375,3618040000
2012-02-14,1350.5,1350.5,1351.300048828125,1340.8299560546875,1351.300048828125,3889520000
2012-02-15,1343.22998046875,1343.22998046875,1355.8699951171875,1340.800048828125,1350.52001953125,4080340000
2012-02-16,1358.0400390625,1358.0400390625,1359.02001953125,1341.219970703125,1342.6099853515625,4108880000
2012-02-17,1361.22998046875,1361.22998046875,1363.4000244140625,1357.239990234375,1358.06005859375,3717640000
2012-02-21,1362.2099609375,1362.2099609375,1367.760009765625,1358.1099853515625,1361.219970703125,3795200000
2012-02-22,1357.6600341796875,1357.6600341796875,1362.699951171875,1355.530029296875,1362.1099853515625,3633710000
2012-02-23,1363.4599609375,1363.4599609375,1364.239990234375,1352.280029296875,1357.530029296875,3786450000
2012-02-24,1365.739990234375,1365.739990234375,1368.9200439453125,1363.4599609375,1363.4599609375,3505360000
2012-02-27,1367.5899658203125,1367.5899658203125,1371.93994140625,1354.9200439453125,1365.199951171875,3648890000
2012-02-28,1372.1800537109375,1372.1800537109375,1373.0899658203125,1365.969970703125,1367.56005859375,3579120000
2012-02-29,1365.6800537109375,1365.6800537109375,1378.0400390625,1363.81005859375,1372.199951171875,4482370000
2012-03-01,1374.0899658203125,1374.0899658203125,1376.1700439453125,1365.9000244140625,1365.9000244140625,3919240000
2012-03-02,1369.6300048828125,1369.6300048828125,1374.530029296875,1366.4200439453125,1374.0899658203125,3283490000
2012-03-05,1364.3299560546875,1364.3299560546875,1369.5899658203125,1359.1300048828125,1369.5899658203125,3429480000
2012-03-06,1343.3599853515625,1343.3599853515625,1363.6300048828125,1340.030029296875,1363.6300048828125,4191060000
2012-03-07,1352.6300048828125,1352.6300048828125,1354.8499755859375,1343.3900146484375,1343.3900146484375,3580380000
2012-03-08,1365.9100341796875,1365.9100341796875,1368.719970703125,1352.6500244140625,1352.6500244140625,3543060000
2012-03-09,1370.8699951171875,1370.8699951171875,1374.760009765625,1365.969970703125,1365.969970703125,3639470000
2012-03-12,1371.0899658203125,1371.0899658203125,1373.0400390625,1366.68994140625,1370.780029296875,3081870000
2012-03-13,1395.949951171875,1395.949951171875,1396.1300048828125,1371.9200439453125,1371.9200439453125,4386470000
2012-03-14,1394.280029296875,1394.280029296875,1399.4200439453125,1389.969970703125,1395.949951171875,4502280000
2012-03-15,1402.5999755859375,1402.5999755859375,1402.6300048828125,1392.780029296875,1394.1700439453125,4271650000
2012-03-16,1404.1700439453125,1404.1700439453125,1405.8800048828125,1401.469970703125,1402.550048828125,5163950000
2012-03-19,1409.75,1409.75,1414.0,1402.4300537109375,1404.1700439453125,3932570000
2012-03-20,1405.52001953125,1405.52001953125,1409.5899658203125,1397.6800537109375,1409.5899658203125,3695280000
2012-03-21,1402.8900146484375,1402.8900146484375,1407.75,1400.6400146484375,1405.52001953125,3573590000
2012-03-22,1392.780029296875,1392.780029296875,1402.8900146484375,1388.72998046875,1402.8900146484375,3740590000
2012-03-23,1397.1099853515625,1397.1099853515625,1399.1800537109375,1386.8699951171875,1392.780029296875,3472950000
2012-03-26,1416.510009765625,1416.510009765625,1416.5799560546875,1397.1099853515625,1397.1099853515625,3576950000
2012-03-27,1412.52001953125,1412.52001953125,1419.1500244140625,1411.949951171875,1416.550048828125,3513640000
2012-03-28,1405.5400390625,1405.5400390625,1413.6500244140625,1397.199951171875,1412.52001953125,3892800000
2012-03-29,1403.280029296875,1403.280029296875,1405.3900146484375,1391.56005859375,1405.3900146484375,3832000000
2012-03-30,1408.469970703125,1408.469970703125,1410.8900146484375,1401.4200439453125,1403.31005859375,3676890000
2012-04-02,1419.0400390625,1419.0400390625,1422.3800048828125,1404.4599609375,1408.469970703125,3572010000
2012-04-03,1413.3800048828125,1413.3800048828125,1419.0,1404.6199951171875,1418.97998046875,3822090000
2012-04-04,1398.9599609375,1398.9599609375,1413.0899658203125,1394.0899658203125,1413.0899658203125,3938290000
2012-04-05,1398.0799560546875,1398.0799560546875,1401.5999755859375,1392.9200439453125,1398.7900390625,3303740000
2012-04-09,1382.199951171875,1382.199951171875,1397.449951171875,1378.239990234375,1397.449951171875,3468980000
2012-04-10,1358.5899658203125,1358.5899658203125,1383.010009765625,1357.3800048828125,1382.1800537109375,4631730000
2012-04-11,1368.7099609375,1368.7099609375,1374.7099609375,1358.97998046875,1358.97998046875,3743040000
2012-04-12,1387.5699462890625,1387.5699462890625,1388.1300048828125,1368.77001953125,1368.77001953125,3618280000
2012-04-13,1370.260009765625,1370.260009765625,1387.6099853515625,1369.8499755859375,1387.6099853515625,3631160000
2012-04-16,1369.5699462890625,1369.5699462890625,1379.6600341796875,1365.3800048828125,1370.27001953125,3574780000
2012-04-17,1390.780029296875,1390.780029296875,1392.760009765625,1369.5699462890625,1369.5699462890625,3456200000
2012-04-18,1385.1400146484375,1385.1400146484375,1390.780029296875,1383.2900390625,1390.780029296875,3463140000
2012-04-19,1376.9200439453125,1376.9200439453125,1390.4599609375,1370.300048828125,1385.0799560546875,4180020000
2012-04-20,1378.530029296875,1378.530029296875,1387.4000244140625,1376.9599609375,1376.9599609375,3833320000
2012-04-23,1366.93994140625,1366.93994140625,1378.530029296875,1358.7900390625,1378.530029296875,3654860000
2012-04-24,1371.969970703125,1371.969970703125,1375.5699462890625,1366.8199462890625,1366.969970703125,3617100000
2012-04-25,1390.68994140625,1390.68994140625,1391.3699951171875,1372.1099853515625,1372.1099853515625,3998430000
2012-04-26,1399.97998046875,1399.97998046875,1402.0899658203125,1387.280029296875,1390.6400146484375,4034700000
2012-04-27,1403.3599853515625,1403.3599853515625,1406.6400146484375,1397.31005859375,1400.18994140625,3645830000
2012-04-30,1397.9100341796875,1397.9100341796875,1403.260009765625,1394.0,1403.260009765625,3574010000
2012-05-01,1405.8199462890625,1405.8199462890625,1415.3199462890625,1395.72998046875,1397.8599853515625,3807950000
2012-05-02,1402.31005859375,1402.31005859375,1405.5,1393.9200439453125,1405.5,3803860000
2012-05-03,1391.5699462890625,1391.5699462890625,1403.0699462890625,1388.7099609375,1402.3199462890625,4004910000
2012-05-04,1369.0999755859375,1369.0999755859375,1391.510009765625,1367.9599609375,1391.510009765625,3975140000
2012-05-07,1369.5799560546875,1369.5799560546875,1373.9100341796875,1363.93994140625,1368.7900390625,3559390000
2012-05-08,1363.719970703125,1363.719970703125,1369.1600341796875,1347.75,1369.1600341796875,4261670000
2012-05-09,1354.5799560546875,1354.5799560546875,1363.72998046875,1343.1300048828125,1363.199951171875,4288540000
2012-05-10,1357.989990234375,1357.989990234375,1365.8800048828125,1354.5799560546875,1354.5799560546875,3727990000
2012-05-11,1353.3900146484375,1353.3900146484375,1365.6600341796875,1348.8900146484375,1358.1099853515625,3869070000
2012-05-14,1338.3499755859375,1338.3499755859375,1351.9300537109375,1336.6099853515625,1351.9300537109375,3688120000
2012-05-15,1330.6600341796875,1330.6600341796875,1344.93994140625,1328.4100341796875,1338.3599853515625,4114040000
2012-05-16,1324.800048828125,1324.800048828125,1341.780029296875,1324.7900390625,1330.780029296875,4280420000
2012-05-17,1304.8599853515625,1304.8599853515625,1326.3599853515625,1304.8599853515625,1324.8199462890625,4664280000
2012-05-18,1295.219970703125,1295.219970703125,1312.239990234375,1291.97998046875,1305.050048828125,4512470000
2012-05-21,1315.989990234375,1315.989990234375,1316.3900146484375,1295.72998046875,1295.72998046875,3786750000
2012-05-22,1316.6300048828125,1316.6300048828125,1328.489990234375,1310.0400390625,1316.0899658203125,4123680000
2012-05-23,1318.8599853515625,1318.8599853515625,1320.7099609375,1296.530029296875,1316.02001953125,4108330000
2012-05-24,1320.6800537109375,1320.6800537109375,1324.1400146484375,1310.5,1318.719970703125,3937670000
2012-05-25,1317.8199462890625,1317.8199462890625,1324.199951171875,1314.22998046875,1320.81005859375,2872660000
2012-05-29,1332.4200439453125,1332.4200439453125,1334.9300537109375,1318.9000244140625,1318.9000244140625,3441640000
2012-05-30,1313.3199462890625,1313.3199462890625,1331.25,1310.760009765625,1331.25,3534290000
2012-05-31,1310.3299560546875,1310.3299560546875,1319.739990234375,1298.9000244140625,1313.0899658203125,4557620000
2012-06-01,1278.0400390625,1278.0400390625,1309.8699951171875,1277.25,1309.8699951171875,4669350000
2012-06-04,1278.1800537109375,1278.1800537109375,1282.550048828125,1266.739990234375,1278.2900390625,4011960000
2012-06-05,1285.5,1285.5,1287.6199951171875,1274.1600341796875,1277.8199462890625,3403230000
2012-06-06,1315.1300048828125,1315.1300048828125,1315.1300048828125,1285.6099853515625,1285.6099853515625,4268360000
2012-06-07,1314.989990234375,1314.989990234375,1329.050048828125,1312.6800537109375,1316.1500244140625,4258140000
2012-06-08,1325.6600341796875,1325.6600341796875,1325.81005859375,1307.77001953125,1314.989990234375,3497190000
2012-06-11,1308.9300537109375,1308.9300537109375,1335.52001953125,1307.72998046875,1325.719970703125,3537530000
2012-06-12,1324.1800537109375,1324.1800537109375,1324.31005859375,1306.6199951171875,1309.4000244140625,3442920000
2012-06-13,1314.8800048828125,1314.8800048828125,1327.280029296875,1310.510009765625,1324.02001953125,3506510000
2012-06-14,1329.0999755859375,1329.0999755859375,1333.6800537109375,1314.1400146484375,1314.8800048828125,3687720000
2012-06-15,1342.8399658203125,1342.8399658203125,1343.3199462890625,1329.18994140625,1329.18994140625,4401570000
2012-06-18,1344.780029296875,1344.780029296875,1348.219970703125,1334.4599609375,1342.4200439453125,3259430000
2012-06-19,1357.97998046875,1357.97998046875,1363.4599609375,1344.8299560546875,1344.8299560546875,3815350000
2012-06-20,1355.68994140625,1355.68994140625,1361.5699462890625,1346.449951171875,1358.0400390625,3695700000
2012-06-21,1325.510009765625,1325.510009765625,1358.27001953125,1324.4100341796875,1355.4300537109375,4094470000
2012-06-22,1335.02001953125,1335.02001953125,1337.8199462890625,1325.9200439453125,1325.9200439453125,5271490000
2012-06-25,1313.719970703125,1313.719970703125,1334.9000244140625,1309.27001953125,1334.9000244140625,3501820000
2012-06-26,1319.989990234375,1319.989990234375,1324.239990234375,1310.300048828125,1314.0899658203125,3412940000
2012-06-27,1331.8499755859375,1331.8499755859375,1334.4000244140625,1320.7099609375,1320.7099609375,3286910000
2012-06-28,1329.0400390625,1329.0400390625,1331.52001953125,1313.2900390625,1331.52001953125,3969370000
2012-06-29,1362.1600341796875,1362.1600341796875,1362.1700439453125,1330.1199951171875,1330.1199951171875,4590480000
2012-07-02,1365.510009765625,1365.510009765625,1366.3499755859375,1355.699951171875,1362.3299560546875,3301650000
2012-07-03,1374.02001953125,1374.02001953125,1374.81005859375,1363.530029296875,1365.75,2116390000
2012-07-05,1367.5799560546875,1367.5799560546875,1373.8499755859375,1363.02001953125,1373.719970703125,3041520000
2012-07-06,1354.6800537109375,1354.6800537109375,1367.0899658203125,1348.030029296875,1367.0899658203125,2745140000
2012-07-09,1352.4599609375,1352.4599609375,1354.8699951171875,1346.6500244140625,1354.6600341796875,2904860000
2012-07-10,1341.469970703125,1341.469970703125,1361.5400390625,1336.27001953125,1352.9599609375,3470600000
2012-07-11,1341.449951171875,1341.449951171875,1345.0,1333.25,1341.4000244140625,3426290000
2012-07-12,1334.760009765625,1334.760009765625,1341.2900390625,1325.4100341796875,1341.2900390625,3654440000
2012-07-13,1356.780029296875,1356.780029296875,1357.699951171875,1334.81005859375,1334.81005859375,3212930000
2012-07-16,1353.6400146484375,1353.6400146484375,1357.260009765625,1348.510009765625,1356.5,2862720000
2012-07-17,1363.6700439453125,1363.6700439453125,1365.3599853515625,1345.0699462890625,1353.6800537109375,3566680000
2012-07-18,1372.780029296875,1372.780029296875,1375.260009765625,1358.9599609375,1363.5799560546875,3642630000
2012-07-19,1376.510009765625,1376.510009765625,1380.3900146484375,1371.2099609375,1373.010009765625,4043360000
2012-07-20,1362.6600341796875,1362.6600341796875,1376.510009765625,1362.18994140625,1376.510009765625,3925020000
2012-07-23,1350.52001953125,1350.52001953125,1362.3399658203125,1337.56005859375,1362.3399658203125,3717180000
2012-07-24,1338.31005859375,1338.31005859375,1351.530029296875,1329.239990234375,1350.52001953125,3891290000
2012-07-25,1337.8900146484375,1337.8900146484375,1343.97998046875,1331.5,1338.3499755859375,3719170000
2012-07-26,1360.02001953125,1360.02001953125,1363.1300048828125,1338.1700439453125,1338.1700439453125,4429300000
2012-07-27,1385.969970703125,1385.969970703125,1389.18994140625,1360.050048828125,1360.050048828125,4399010000
2012-07-30,1385.300048828125,1385.300048828125,1391.739990234375,1381.3699951171875,1385.93994140625,3212060000
2012-07-31,1379.3199462890625,1379.3199462890625,1387.1600341796875,1379.1700439453125,1385.27001953125,3821570000
2012-08-01,1375.3199462890625,1375.3199462890625,1385.030029296875,1373.3499755859375,1379.3199462890625,4440920000
2012-08-02,1365.0,1365.0,1375.1300048828125,1354.6500244140625,1375.1300048828125,4193740000
2012-08-03,1390.989990234375,1390.989990234375,1394.1600341796875,1365.449951171875,1365.449951171875,3751170000
2012-08-06,1394.22998046875,1394.22998046875,1399.6300048828125,1391.0400390625,1391.0400390625,3122050000
2012-08-07,1401.3499755859375,1401.3499755859375,1407.1400146484375,1394.4599609375,1394.4599609375,3682490000
2012-08-08,1402.219970703125,1402.219970703125,1404.1400146484375,1396.1300048828125,1401.22998046875,3221790000
2012-08-09,1402.800048828125,1402.800048828125,1405.949951171875,1398.800048828125,1402.260009765625,3119610000
2012-08-10,1405.8699951171875,1405.8699951171875,1405.97998046875,1395.6199951171875,1402.5799560546875,2767980000
2012-08-13,1404.1099853515625,1404.1099853515625,1405.8699951171875,1397.3199462890625,1405.8699951171875,2499990000
2012-08-14,1403.9300537109375,1403.9300537109375,1410.030029296875,1400.5999755859375,1404.3599853515625,2930900000
2012-08-15,1405.530029296875,1405.530029296875,1407.72998046875,1401.8299560546875,1403.8900146484375,2655750000
2012-08-16,1415.510009765625,1415.510009765625,1417.43994140625,1404.1500244140625,1405.5699462890625,3114100000
2012-08-17,1418.1600341796875,1418.1600341796875,1418.7099609375,1414.6700439453125,1415.8399658203125,2922990000
2012-08-20,1418.1300048828125,1418.1300048828125,1418.1300048828125,1412.1199951171875,1417.8499755859375,2766320000
2012-08-21,1413.1700439453125,1413.1700439453125,1426.6800537109375,1410.8599853515625,1418.1300048828125,3282950000
2012-08-22,1413.489990234375,1413.489990234375,1416.1199951171875,1406.780029296875,1413.0899658203125,3062690000
2012-08-23,1402.0799560546875,1402.0799560546875,1413.489990234375,1400.5,1413.489990234375,3008240000
2012-08-24,1411.1300048828125,1411.1300048828125,1413.4599609375,1398.0400390625,1401.989990234375,2598790000
2012-08-27,1410.43994140625,1410.43994140625,1416.1700439453125,1409.1099853515625,1411.1300048828125,2472500000
2012-08-28,1409.300048828125,1409.300048828125,1413.6300048828125,1405.5899658203125,1410.43994140625,2629090000
2012-08-29,1410.489990234375,1410.489990234375,1413.949951171875,1406.5699462890625,1409.3199462890625,2571220000
2012-08-30,1399.47998046875,1399.47998046875,1410.0799560546875,1397.010009765625,1410.0799560546875,2530280000
2012-08-31,1406.5799560546875,1406.5799560546875,1413.0899658203125,1398.9599609375,1400.0699462890625,2938250000
2012-09-04,1404.93994140625,1404.93994140625,1409.31005859375,1396.56005859375,1406.5400390625,3200310000
2012-09-05,1403.43994140625,1403.43994140625,1408.81005859375,1401.25,1404.93994140625,3389110000
2012-09-06,1432.1199951171875,1432.1199951171875,1432.1199951171875,1403.739990234375,1403.739990234375,3952870000
2012-09-07,1437.9200439453125,1437.9200439453125,1437.9200439453125,1431.449951171875,1432.1199951171875,3717620000
2012-09-10,1429.0799560546875,1429.0799560546875,1438.739990234375,1428.97998046875,1437.9200439453125,3223670000
2012-09-11,1433.56005859375,1433.56005859375,1437.760009765625,1429.1300048828125,1429.1300048828125,3509630000
2012-09-12,1436.56005859375,1436.56005859375,1439.1500244140625,1432.989990234375,1433.56005859375,3641200000
2012-09-13,1459.989990234375,1459.989990234375,1463.760009765625,1435.3399658203125,1436.56005859375,4606550000
2012-09-14,1465.77001953125,1465.77001953125,1474.510009765625,1460.0699462890625,1460.0699462890625,5041990000
2012-09-17,1461.18994140625,1461.18994140625,1465.6300048828125,1457.550048828125,1465.4200439453125,3482430000
2012-09-18,1459.3199462890625,1459.3199462890625,1461.469970703125,1456.1300048828125,1461.18994140625,3377390000
2012-09-19,1461.050048828125,1461.050048828125,1465.1500244140625,1457.8800048828125,1459.5,3451360000
2012-09-20,1460.260009765625,1460.260009765625,1461.22998046875,1449.97998046875,1461.050048828125,3382520000
2012-09-21,1460.1500244140625,1460.1500244140625,1467.0699462890625,1459.510009765625,1460.3399658203125,4833870000
2012-09-24,1456.8900146484375,1456.8900146484375,1460.719970703125,1452.06005859375,1459.760009765625,3008920000
2012-09-25,1441.5899658203125,1441.5899658203125,1463.239990234375,1441.5899658203125,1456.93994140625,3739900000
2012-09-26,1433.3199462890625,1433.3199462890625,1441.5999755859375,1430.530029296875,1441.5999755859375,3565380000
2012-09-27,1447.1500244140625,1447.1500244140625,1450.199951171875,1433.3599853515625,1433.3599853515625,3150330000
2012-09-28,1440.6700439453125,1440.6700439453125,1447.1300048828125,1435.5999755859375,1447.1300048828125,3509230000
2012-10-01,1444.489990234375,1444.489990234375,1457.1400146484375,1440.9000244140625,1440.9000244140625,3505080000
2012-10-02,1445.75,1445.75,1451.52001953125,1439.010009765625,1444.989990234375,3321790000
2012-10-03,1450.989990234375,1450.989990234375,1454.300048828125,1441.989990234375,1446.050048828125,3531640000
2012-10-04,1461.4000244140625,1461.4000244140625,1463.1400146484375,1451.0799560546875,1451.0799560546875,3615860000
2012-10-05,1460.9300537109375,1460.9300537109375,1470.9599609375,1456.8900146484375,1461.4000244140625,3172940000
2012-10-08,1455.8800048828125,1455.8800048828125,1460.9300537109375,1453.0999755859375,1460.9300537109375,2328720000
2012-10-09,1441.47998046875,1441.47998046875,1455.9000244140625,1441.1800537109375,1455.9000244140625,3216320000
2012-10-10,1432.56005859375,1432.56005859375,1442.52001953125,1430.6400146484375,1441.47998046875,3225060000
2012-10-11,1432.8399658203125,1432.8399658203125,1443.9000244140625,1432.8199462890625,1432.8199462890625,3672540000
2012-10-12,1428.5899658203125,1428.5899658203125,1438.4300537109375,1425.530029296875,1432.8399658203125,3134750000
2012-10-15,1440.1300048828125,1440.1300048828125,1441.31005859375,1427.239990234375,1428.75,3483810000
2012-10-16,1454.9200439453125,1454.9200439453125,1455.510009765625,1440.31005859375,1440.31005859375,3568770000
2012-10-17,1460.9100341796875,1460.9100341796875,1462.199951171875,1453.3499755859375,1454.219970703125,3655320000
2012-10-18,1457.3399658203125,1457.3399658203125,1464.02001953125,1452.6300048828125,1460.93994140625,3880030000
2012-10-19,1433.18994140625,1433.18994140625,1457.3399658203125,1429.8499755859375,1457.3399658203125,3875170000
2012-10-22,1433.8199462890625,1433.8199462890625,1435.4599609375,1422.06005859375,1433.2099609375,3216220000
2012-10-23,1413.1099853515625,1413.1099853515625,1433.739990234375,1407.56005859375,1433.739990234375,3587670000
2012-10-24,1408.75,1408.75,1420.0400390625,1407.0999755859375,1413.199951171875,3385970000
2012-10-25,1412.969970703125,1412.969970703125,1421.1199951171875,1405.1400146484375,1409.739990234375,3512640000
2012-10-26,1411.93994140625,1411.93994140625,1417.0899658203125,1403.280029296875,1412.969970703125,3284910000
2012-10-31,1412.1600341796875,1412.1600341796875,1418.760009765625,1405.949951171875,1410.989990234375,3577110000
2012-11-01,1427.5899658203125,1427.5899658203125,1428.3499755859375,1412.199951171875,1412.199951171875,3929890000
2012-11-02,1414.199951171875,1414.199951171875,1434.27001953125,1412.9100341796875,1427.5899658203125,3732480000
2012-11-05,1417.260009765625,1417.260009765625,1419.9000244140625,1408.1300048828125,1414.02001953125,2921040000
2012-11-06,1428.3900146484375,1428.3900146484375,1433.3800048828125,1417.260009765625,1417.260009765625,3306970000
2012-11-07,1394.530029296875,1394.530029296875,1428.27001953125,1388.1400146484375,1428.27001953125,4356490000
2012-11-08,1377.510009765625,1377.510009765625,1401.22998046875,1377.510009765625,1394.530029296875,3779520000
2012-11-09,1379.8499755859375,1379.8499755859375,1391.3900146484375,1373.030029296875,1377.550048828125,3647350000
2012-11-12,1380.030029296875,1380.030029296875,1384.8699951171875,1377.18994140625,1379.8599853515625,2567540000
2012-11-13,1374.530029296875,1374.530029296875,1388.81005859375,1371.3900146484375,1380.030029296875,3455550000
2012-11-14,1355.489990234375,1355.489990234375,1380.1300048828125,1352.5,1374.6400146484375,4109510000
2012-11-15,1353.3299560546875,1353.3299560546875,1360.6199951171875,1348.050048828125,1355.4100341796875,3928870000
2012-11-16,1359.8800048828125,1359.8800048828125,1362.030029296875,1343.3499755859375,1353.3599853515625,4045910000
2012-11-19,1386.8900146484375,1386.8900146484375,1386.8900146484375,1359.8800048828125,1359.8800048828125,3374800000
2012-11-20,1387.81005859375,1387.81005859375,1389.77001953125,1377.0400390625,1386.8199462890625,3207160000
2012-11-21,1391.030029296875,1391.030029296875,1391.25,1386.3900146484375,1387.7900390625,2667090000
2012-11-23,1409.1500244140625,1409.1500244140625,1409.1600341796875,1391.030029296875,1391.030029296875,1504960000
2012-11-26,1406.2900390625,1406.2900390625,1409.1500244140625,1397.6800537109375,1409.1500244140625,2948960000
2012-11-27,1398.93994140625,1398.93994140625,1409.010009765625,1398.030029296875,1406.2900390625,3323120000
2012-11-28,1409.9300537109375,1409.9300537109375,1410.31005859375,1385.4300537109375,1398.77001953125,3359250000
2012-11-29,1415.949951171875,1415.949951171875,1419.699951171875,1409.0400390625,1409.9599609375,3356850000
2012-11-30,1416.1800537109375,1416.1800537109375,1418.8599853515625,1411.6300048828125,1415.949951171875,3966000000
2012-12-03,1409.4599609375,1409.4599609375,1423.72998046875,1408.4599609375,1416.3399658203125,3074280000
2012-12-04,1407.050048828125,1407.050048828125,1413.1400146484375,1403.6500244140625,1409.4599609375,3247710000
2012-12-05,1409.280029296875,1409.280029296875,1415.56005859375,1398.22998046875,1407.050048828125,4253920000
2012-12-06,1413.93994140625,1413.93994140625,1413.949951171875,1405.9300537109375,1409.4300537109375,3229700000
2012-12-07,1418.0699462890625,1418.0699462890625,1420.3399658203125,1410.9000244140625,1413.949951171875,3125160000
2012-12-10,1418.550048828125,1418.550048828125,1421.6400146484375,1415.6400146484375,1418.0699462890625,2999430000
2012-12-11,1427.8399658203125,1427.8399658203125,1434.27001953125,1418.550048828125,1418.550048828125,3650230000
2012-12-12,1428.47998046875,1428.47998046875,1438.5899658203125,1426.760009765625,1427.8399658203125,3709050000
2012-12-13,1419.449951171875,1419.449951171875,1431.3599853515625,1416.0,1428.47998046875,3349960000
2012-12-14,1413.5799560546875,1413.5799560546875,1419.449951171875,1411.8800048828125,1419.449951171875,3210170000
2012-12-17,1430.3599853515625,1430.3599853515625,1430.6700439453125,1413.5400390625,1413.5400390625,3455610000
2012-12-18,1446.7900390625,1446.7900390625,1448.0,1430.469970703125,1430.469970703125,4302240000
2012-12-19,1435.81005859375,1435.81005859375,1447.75,1435.800048828125,1446.7900390625,3869800000
2012-12-20,1443.68994140625,1443.68994140625,1443.699951171875,1432.8199462890625,1435.81005859375,3686580000
2012-12-21,1430.1500244140625,1430.1500244140625,1443.6700439453125,1422.5799560546875,1443.6700439453125,5229160000
2012-12-24,1426.6600341796875,1426.6600341796875,1430.1500244140625,1424.6600341796875,1430.1500244140625,1248960000
2012-12-26,1419.8299560546875,1419.8299560546875,1429.4200439453125,1416.4300537109375,1426.6600341796875,2285030000
2012-12-27,1418.0999755859375,1418.0999755859375,1422.800048828125,1401.800048828125,1419.8299560546875,2830180000
2012-12-28,1402.4300537109375,1402.4300537109375,1418.0999755859375,1401.5799560546875,1418.0999755859375,2426680000
2012-12-31,1426.18994140625,1426.18994140625,1426.739990234375,1398.1099853515625,1402.4300537109375,3204330000
2013-01-02,1462.4200439453125,1462.4200439453125,1462.4300537109375,1426.18994140625,1426.18994140625,4202600000
2013-01-03,1459.3699951171875,1459.3699951171875,1465.469970703125,1455.530029296875,1462.4200439453125,3829730000
2013-01-04,1466.469970703125,1466.469970703125,1467.93994140625,1458.989990234375,1459.3699951171875,3424290000
2013-01-07,1461.8900146484375,1461.8900146484375,1466.469970703125,1456.6199951171875,1466.469970703125,3304970000
2013-01-08,1457.1500244140625,1457.1500244140625,1461.8900146484375,1451.6400146484375,1461.8900146484375,3601600000
2013-01-09,1461.02001953125,1461.02001953125,1464.72998046875,1457.1500244140625,1457.1500244140625,3674390000
2013-01-10,1472.1199951171875,1472.1199951171875,1472.300048828125,1461.02001953125,1461.02001953125,4081840000
2013-01-11,1472.050048828125,1472.050048828125,1472.75,1467.5799560546875,1472.1199951171875,3340650000
2013-01-14,1470.6800537109375,1470.6800537109375,1472.050048828125,1465.68994140625,1472.050048828125,3003010000
2013-01-15,1472.3399658203125,1472.3399658203125,1473.31005859375,1463.760009765625,1470.6700439453125,3135350000
2013-01-16,1472.6300048828125,1472.6300048828125,1473.9599609375,1467.5999755859375,1472.3299560546875,3384080000
2013-01-17,1480.93994140625,1480.93994140625,1485.1600341796875,1472.6300048828125,1472.6300048828125,3706710000
2013-01-18,1485.97998046875,1485.97998046875,1485.97998046875,1475.81005859375,1480.949951171875,3795740000
2013-01-22,1492.56005859375,1492.56005859375,1492.56005859375,1481.1600341796875,1485.97998046875,3570950000
2013-01-23,1494.81005859375,1494.81005859375,1496.1300048828125,1489.9000244140625,1492.56005859375,3552010000
2013-01-24,1494.8199462890625,1494.8199462890625,1502.27001953125,1489.4599609375,1494.81005859375,3699430000
2013-01-25,1502.9599609375,1502.9599609375,1503.260009765625,1494.8199462890625,1494.8199462890625,3476290000
2013-01-28,1500.1800537109375,1500.1800537109375,1503.22998046875,1496.3299560546875,1502.9599609375,3388540000
2013-01-29,1507.8399658203125,1507.8399658203125,1509.3499755859375,1498.0899658203125,1500.1800537109375,3949640000
2013-01-30,1501.9599609375,1501.9599609375,1509.93994140625,1500.1099853515625,1507.8399658203125,3726810000
2013-01-31,1498.1099853515625,1498.1099853515625,1504.18994140625,1496.760009765625,1501.9599609375,3999880000
2013-02-01,1513.1700439453125,1513.1700439453125,1514.4100341796875,1498.1099853515625,1498.1099853515625,3836320000
2013-02-04,1495.7099609375,1495.7099609375,1513.1700439453125,1495.02001953125,1513.1700439453125,3390000000
2013-02-05,1511.2900390625,1511.2900390625,1514.9599609375,1495.7099609375,1495.7099609375,3618360000
2013-02-06,1512.1199951171875,1512.1199951171875,1512.530029296875,1504.7099609375,1511.2900390625,3611570000
2013-02-07,1509.3900146484375,1509.3900146484375,1512.9000244140625,1498.489990234375,1512.1199951171875,3614580000
2013-02-08,1517.9300537109375,1517.9300537109375,1518.31005859375,1509.3900146484375,1509.3900146484375,2986150000
2013-02-11,1517.010009765625,1517.010009765625,1518.31005859375,1513.6099853515625,1517.9300537109375,2684100000
2013-02-12,1519.4300537109375,1519.4300537109375,1522.2900390625,1515.6099853515625,1517.010009765625,3414370000
2013-02-13,1520.3299560546875,1520.3299560546875,1524.68994140625,1515.9300537109375,1519.4300537109375,3385880000
2013-02-14,1521.3800048828125,1521.3800048828125,1523.1400146484375,1514.02001953125,1520.3299560546875,3759740000
2013-02-15,1519.7900390625,1519.7900390625,1524.239990234375,1514.1400146484375,1521.3800048828125,3838510000
2013-02-19,1530.93994140625,1530.93994140625,1530.93994140625,1519.7900390625,1519.7900390625,3748910000
2013-02-20,1511.949951171875,1511.949951171875,1530.93994140625,1511.4100341796875,1530.93994140625,4240570000
2013-02-21,1502.4200439453125,1502.4200439453125,1511.949951171875,1497.2900390625,1511.949951171875,4274600000
2013-02-22,1515.5999755859375,1515.5999755859375,1515.6400146484375,1502.4200439453125,1502.4200439453125,3419320000
2013-02-25,1487.8499755859375,1487.8499755859375,1525.8399658203125,1487.8499755859375,1515.5999755859375,4011050000
2013-02-26,1496.93994140625,1496.93994140625,1498.989990234375,1485.010009765625,1487.8499755859375,3975280000
2013-02-27,1515.989990234375,1515.989990234375,1520.0799560546875,1494.8800048828125,1496.93994140625,3551850000
2013-02-28,1514.6800537109375,1514.6800537109375,1525.3399658203125,1514.4599609375,1515.989990234375,3912320000
2013-03-01,1518.199951171875,1518.199951171875,1519.989990234375,1501.47998046875,1514.6800537109375,3695610000
2013-03-04,1525.199951171875,1525.199951171875,1525.27001953125,1512.2900390625,1518.199951171875,3414430000
2013-03-05,1539.7900390625,1539.7900390625,1543.469970703125,1525.199951171875,1525.199951171875,3610690000
2013-03-06,1541.4599609375,1541.4599609375,1545.25,1538.1099853515625,1539.7900390625,3676890000
2013-03-07,1544.260009765625,1544.260009765625,1545.780029296875,1541.4599609375,1541.4599609375,3634710000
2013-03-08,1551.1800537109375,1551.1800537109375,1552.47998046875,1542.93994140625,1544.260009765625,3652260000
2013-03-11,1556.219970703125,1556.219970703125,1556.27001953125,1547.3599853515625,1551.1500244140625,3091080000
2013-03-12,1552.47998046875,1552.47998046875,1556.77001953125,1548.239990234375,1556.219970703125,3274910000
2013-03-13,1554.52001953125,1554.52001953125,1556.3900146484375,1548.25,1552.47998046875,3073830000
2013-03-14,1563.22998046875,1563.22998046875,1563.3199462890625,1554.52001953125,1554.52001953125,3459260000
2013-03-15,1560.699951171875,1560.699951171875,1563.6199951171875,1555.739990234375,1563.2099609375,5175850000
2013-03-18,1552.0999755859375,1552.0999755859375,1560.699951171875,1545.1300048828125,1560.699951171875,3164560000
2013-03-19,1548.3399658203125,1548.3399658203125,1557.25,1538.5699462890625,1552.0999755859375,3796210000
2013-03-20,1558.7099609375,1558.7099609375,1561.56005859375,1548.3399658203125,1548.3399658203125,3349090000
2013-03-21,1545.800048828125,1545.800048828125,1558.7099609375,1543.550048828125,1558.7099609375,3243270000
2013-03-22,1556.8900146484375,1556.8900146484375,1557.739990234375,1545.9000244140625,1545.9000244140625,2948380000
2013-03-25,1551.68994140625,1551.68994140625,1564.9100341796875,1546.219970703125,1556.8900146484375,3178170000
2013-03-26,1563.77001953125,1563.77001953125,1563.949951171875,1551.68994140625,1551.68994140625,2869260000
2013-03-27,1562.8499755859375,1562.8499755859375,1564.0699462890625,1551.9000244140625,1563.75,2914210000
2013-03-28,1569.18994140625,1569.18994140625,1570.280029296875,1561.0799560546875,1562.8599853515625,3304440000
2013-04-01,1562.1700439453125,1562.1700439453125,1570.5699462890625,1558.469970703125,1569.1800537109375,2753110000
2013-04-02,1570.25,1570.25,1573.6600341796875,1562.1700439453125,1562.1700439453125,3312160000
2013-04-03,1553.68994140625,1553.68994140625,1571.469970703125,1549.800048828125,1570.25,4060610000
2013-04-04,1559.97998046875,1559.97998046875,1562.5999755859375,1552.52001953125,1553.68994140625,3350670000
2013-04-05,1553.280029296875,1553.280029296875,1559.97998046875,1539.5,1559.97998046875,3515410000
2013-04-08,1563.0699462890625,1563.0699462890625,1563.0699462890625,1548.6300048828125,1553.260009765625,2887120000
2013-04-09,1568.6099853515625,1568.6099853515625,1573.8900146484375,1560.9200439453125,1563.1099853515625,3252780000
2013-04-10,1587.72998046875,1587.72998046875,1589.0699462890625,1568.6099853515625,1568.6099853515625,3453350000
2013-04-11,1593.3699951171875,1593.3699951171875,1597.3499755859375,1586.1700439453125,1587.72998046875,3393950000
2013-04-12,1588.8499755859375,1588.8499755859375,1593.300048828125,1579.969970703125,1593.300048828125,3206290000
2013-04-15,1552.3599853515625,1552.3599853515625,1588.8399658203125,1552.280029296875,1588.8399658203125,4660130000
2013-04-16,1574.5699462890625,1574.5699462890625,1575.3499755859375,1552.3599853515625,1552.3599853515625,3654700000
2013-04-17,1552.010009765625,1552.010009765625,1574.5699462890625,1543.68994140625,1574.5699462890625,4250310000
2013-04-18,1541.6099853515625,1541.6099853515625,1554.3800048828125,1536.030029296875,1552.030029296875,3890800000
2013-04-19,1555.25,1555.25,1555.8900146484375,1539.4000244140625,1541.6099853515625,3569870000
2013-04-22,1562.5,1562.5,1565.550048828125,1548.18994140625,1555.25,2979880000
2013-04-23,1578.780029296875,1578.780029296875,1579.5799560546875,1562.5,1562.5,3565150000
2013-04-24,1578.7900390625,1578.7900390625,1583.0,1575.800048828125,1578.780029296875,3598240000
2013-04-25,1585.1600341796875,1585.1600341796875,1592.6400146484375,1578.9300537109375,1578.9300537109375,3908580000
2013-04-26,1582.239990234375,1582.239990234375,1585.780029296875,1577.56005859375,1585.1600341796875,3198620000
2013-04-29,1593.6099853515625,1593.6099853515625,1596.6500244140625,1582.3399658203125,1582.3399658203125,2891200000
2013-04-30,1597.5699462890625,1597.5699462890625,1597.5699462890625,1586.5,1593.5799560546875,3745070000
2013-05-01,1582.699951171875,1582.699951171875,1597.550048828125,1581.280029296875,1597.550048828125,3530320000
2013-05-02,1597.5899658203125,1597.5899658203125,1598.5999755859375,1582.77001953125,1582.77001953125,3366950000
2013-05-03,1614.4200439453125,1614.4200439453125,1618.4599609375,1597.5999755859375,1597.5999755859375,3603910000
2013-05-06,1617.5,1617.5,1619.77001953125,1614.2099609375,1614.4000244140625,3062240000
2013-05-07,1625.9599609375,1625.9599609375,1626.030029296875,1616.6400146484375,1617.550048828125,3309580000
2013-05-08,1632.68994140625,1632.68994140625,1632.780029296875,1622.699951171875,1625.949951171875,3554700000
2013-05-09,1626.6700439453125,1626.6700439453125,1635.010009765625,1623.0899658203125,1632.68994140625,3457400000
2013-05-10,1633.699951171875,1633.699951171875,1633.699951171875,1623.7099609375,1626.68994140625,3086470000
2013-05-13,1633.77001953125,1633.77001953125,1636.0,1626.739990234375,1632.0999755859375,2910600000
2013-05-14,1650.3399658203125,1650.3399658203125,1651.0999755859375,1633.75,1633.75,3457790000
2013-05-15,1658.780029296875,1658.780029296875,1661.489990234375,1646.6800537109375,1649.1300048828125,3657440000
2013-05-16,1650.469970703125,1650.469970703125,1660.510009765625,1648.5999755859375,1658.0699462890625,3513130000
2013-05-17,1667.469970703125,1667.469970703125,1667.469970703125,1652.449951171875,1652.449951171875,3440710000
2013-05-20,1666.2900390625,1666.2900390625,1672.8399658203125,1663.52001953125,1665.7099609375,3275080000
2013-05-21,1669.1600341796875,1669.1600341796875,1674.9300537109375,1662.6700439453125,1666.199951171875,3513560000
2013-05-22,1655.3499755859375,1655.3499755859375,1687.1800537109375,1648.8599853515625,1669.3900146484375,4361020000
2013-05-23,1650.510009765625,1650.510009765625,1655.5,1635.530029296875,1651.6199951171875,3945510000
2013-05-24,1649.5999755859375,1649.5999755859375,1649.780029296875,1636.8800048828125,1646.6700439453125,2758080000
2013-05-28,1660.06005859375,1660.06005859375,1674.2099609375,1652.6300048828125,1652.6300048828125,3457400000
2013-05-29,1648.3599853515625,1648.3599853515625,1656.5699462890625,1640.050048828125,1656.5699462890625,3587140000
2013-05-30,1654.4100341796875,1654.4100341796875,1661.9100341796875,1648.6099853515625,1649.1400146484375,3498620000
2013-05-31,1630.739990234375,1630.739990234375,1658.989990234375,1630.739990234375,1652.1300048828125,4099600000
2013-06-03,1640.4200439453125,1640.4200439453125,1640.4200439453125,1622.719970703125,1631.7099609375,3952070000
2013-06-04,1631.3800048828125,1631.3800048828125,1646.530029296875,1623.6199951171875,1640.72998046875,3653840000
2013-06-05,1608.9000244140625,1608.9000244140625,1629.31005859375,1607.0899658203125,1629.050048828125,3632350000
2013-06-06,1622.56005859375,1622.56005859375,1622.56005859375,1598.22998046875,1609.2900390625,3547380000
2013-06-07,1643.3800048828125,1643.3800048828125,1644.4000244140625,1625.27001953125,1625.27001953125,3371990000
2013-06-10,1642.81005859375,1642.81005859375,1648.68994140625,1639.260009765625,1644.6700439453125,2978730000
2013-06-11,1626.1300048828125,1626.1300048828125,1640.1300048828125,1622.9200439453125,1638.6400146484375,3435710000
2013-06-12,1612.52001953125,1612.52001953125,1637.7099609375,1610.9200439453125,1629.93994140625,3202550000
2013-06-13,1636.3599853515625,1636.3599853515625,1639.25,1608.0699462890625,1612.1500244140625,3378620000
2013-06-14,1626.72998046875,1626.72998046875,1640.800048828125,1623.9599609375,1635.52001953125,2939400000
2013-06-17,1639.0400390625,1639.0400390625,1646.5,1630.3399658203125,1630.6400146484375,3137080000
2013-06-18,1651.81005859375,1651.81005859375,1654.18994140625,1639.77001953125,1639.77001953125,3120980000
2013-06-19,1628.9300537109375,1628.9300537109375,1652.449951171875,1628.9100341796875,1651.8299560546875,3545060000
2013-06-20,1588.18994140625,1588.18994140625,1624.6199951171875,1584.3199462890625,1624.6199951171875,4858850000
2013-06-21,1592.4300537109375,1592.4300537109375,1599.18994140625,1577.699951171875,1588.6199951171875,5797280000
2013-06-24,1573.0899658203125,1573.0899658203125,1588.77001953125,1560.3299560546875,1588.77001953125,4733660000
2013-06-25,1588.030029296875,1588.030029296875,1593.7900390625,1577.0899658203125,1577.52001953125,3761170000
2013-06-26,1603.260009765625,1603.260009765625,1606.8299560546875,1592.27001953125,1592.27001953125,3558340000
2013-06-27,1613.199951171875,1613.199951171875,1620.0699462890625,1606.43994140625,1606.43994140625,3364540000
2013-06-28,1606.280029296875,1606.280029296875,1615.93994140625,1601.06005859375,1611.1199951171875,4977190000
2013-07-01,1614.9599609375,1614.9599609375,1626.6099853515625,1609.780029296875,1609.780029296875,3104690000
2013-07-02,1614.0799560546875,1614.0799560546875,1624.260009765625,1606.77001953125,1614.2900390625,3317130000
2013-07-03,1615.4100341796875,1615.4100341796875,1618.969970703125,1604.5699462890625,1611.47998046875,1966050000
2013-07-05,1631.8900146484375,1631.8900146484375,1632.0699462890625,1614.7099609375,1618.6500244140625,2634140000
2013-07-08,1640.4599609375,1640.4599609375,1644.6800537109375,1634.199951171875,1634.199951171875,3514590000
2013-07-09,1652.3199462890625,1652.3199462890625,1654.1800537109375,1642.8900146484375,1642.8900146484375,3155360000
2013-07-10,1652.6199951171875,1652.6199951171875,1657.9200439453125,1647.6600341796875,1651.56005859375,3011010000
2013-07-11,1675.02001953125,1675.02001953125,1676.6300048828125,1657.4100341796875,1657.4100341796875,3446340000
2013-07-12,1680.18994140625,1680.18994140625,1680.18994140625,1672.3299560546875,1675.260009765625,3039070000
2013-07-15,1682.5,1682.5,1684.510009765625,1677.8900146484375,1679.5899658203125,2623200000
2013-07-16,1676.260009765625,1676.260009765625,1683.72998046875,1671.8399658203125,1682.699951171875,3081710000
2013-07-17,1680.9100341796875,1680.9100341796875,1684.75,1677.9100341796875,1677.9100341796875,3153440000
2013-07-18,1689.3699951171875,1689.3699951171875,1693.1199951171875,1681.050048828125,1681.050048828125,3452370000
2013-07-19,1692.0899658203125,1692.0899658203125,1692.0899658203125,1684.0799560546875,1686.1500244140625,3302580000
2013-07-22,1695.530029296875,1695.530029296875,1697.6099853515625,1690.6700439453125,1694.4100341796875,2779130000
2013-07-23,1692.3900146484375,1692.3900146484375,1698.780029296875,1691.1300048828125,1696.6300048828125,3096180000
2013-07-24,1685.93994140625,1685.93994140625,1698.3800048828125,1682.5699462890625,1696.06005859375,3336120000
2013-07-25,1690.25,1690.25,1690.93994140625,1680.0699462890625,1685.2099609375,3322500000
2013-07-26,1691.6500244140625,1691.6500244140625,1691.8499755859375,1676.030029296875,1687.31005859375,2762770000
2013-07-29,1685.3299560546875,1685.3299560546875,1690.9200439453125,1681.8599853515625,1690.3199462890625,2840520000
2013-07-30,1685.9599609375,1685.9599609375,1693.18994140625,1682.4200439453125,1687.9200439453125,3320530000
2013-07-31,1685.72998046875,1685.72998046875,1698.4300537109375,1684.93994140625,1687.760009765625,3847390000
2013-08-01,1706.8699951171875,1706.8699951171875,1707.8499755859375,1689.4200439453125,1689.4200439453125,3775170000
2013-08-02,1709.6700439453125,1709.6700439453125,1709.6700439453125,1700.6800537109375,1706.0999755859375,3136630000
2013-08-05,1707.1400146484375,1707.1400146484375,1709.239990234375,1703.550048828125,1708.010009765625,2529300000
2013-08-06,1697.3699951171875,1697.3699951171875,1705.7900390625,1693.2900390625,1705.7900390625,3141210000
2013-08-07,1690.9100341796875,1690.9100341796875,1695.300048828125,1684.9100341796875,1695.300048828125,3010230000
2013-08-08,1697.47998046875,1697.47998046875,1700.1800537109375,1688.3800048828125,1693.3499755859375,3271660000
2013-08-09,1691.4200439453125,1691.4200439453125,1699.4200439453125,1686.02001953125,1696.0999755859375,2957670000
2013-08-12,1689.469970703125,1689.469970703125,1691.489990234375,1683.3499755859375,1688.3699951171875,2789160000
2013-08-13,1694.1600341796875,1694.1600341796875,1696.81005859375,1682.6199951171875,1690.6500244140625,3035560000
2013-08-14,1685.3900146484375,1685.3900146484375,1695.52001953125,1684.8299560546875,1693.8800048828125,2871430000
2013-08-15,1661.3199462890625,1661.3199462890625,1679.6099853515625,1658.5899658203125,1679.6099853515625,3426690000
2013-08-16,1655.8299560546875,1655.8299560546875,1663.5999755859375,1652.6099853515625,1661.219970703125,3211450000
2013-08-19,1646.06005859375,1646.06005859375,1659.1800537109375,1645.8399658203125,1655.25,2904530000
2013-08-20,1652.3499755859375,1652.3499755859375,1658.9200439453125,1646.0799560546875,1646.81005859375,2994090000
2013-08-21,1642.800048828125,1642.800048828125,1656.989990234375,1639.4300537109375,1650.6600341796875,2932180000
2013-08-22,1656.9599609375,1656.9599609375,1659.550048828125,1645.030029296875,1645.030029296875,2537460000
2013-08-23,1663.5,1663.5,1664.8499755859375,1654.81005859375,1659.9200439453125,2582670000
2013-08-26,1656.780029296875,1656.780029296875,1669.510009765625,1656.02001953125,1664.2900390625,2430670000
2013-08-27,1630.47998046875,1630.47998046875,1652.5400390625,1629.050048828125,1652.5400390625,3219190000
2013-08-28,1634.9599609375,1634.9599609375,1641.1800537109375,1627.469970703125,1630.25,2784010000
2013-08-29,1638.1700439453125,1638.1700439453125,1646.4100341796875,1630.8800048828125,1633.5,2527550000
2013-08-30,1632.969970703125,1632.969970703125,1640.0799560546875,1628.050048828125,1638.8900146484375,2734300000
2013-09-03,1639.77001953125,1639.77001953125,1651.3499755859375,1633.4100341796875,1635.949951171875,3731610000
2013-09-04,1653.0799560546875,1653.0799560546875,1655.719970703125,1637.4100341796875,1640.719970703125,3312150000
2013-09-05,1655.0799560546875,1655.0799560546875,1659.1700439453125,1653.0699462890625,1653.280029296875,2957110000
2013-09-06,1655.1700439453125,1655.1700439453125,1664.8299560546875,1640.6199951171875,1657.43994140625,3123880000
2013-09-09,1671.7099609375,1671.7099609375,1672.4000244140625,1656.8499755859375,1656.8499755859375,3102780000
2013-09-10,1683.989990234375,1683.989990234375,1684.0899658203125,1675.1099853515625,1675.1099853515625,3691800000
2013-09-11,1689.1300048828125,1689.1300048828125,1689.1300048828125,1678.699951171875,1681.0400390625,3135460000
2013-09-12,1683.4200439453125,1683.4200439453125,1689.969970703125,1681.9599609375,1689.2099609375,3106290000
2013-09-13,1687.989990234375,1687.989990234375,1688.72998046875,1682.219970703125,1685.0400390625,2736500000
2013-09-16,1697.5999755859375,1697.5999755859375,1704.949951171875,1691.699951171875,1691.699951171875,3079800000
2013-09-17,1704.760009765625,1704.760009765625,1705.52001953125,1697.72998046875,1697.72998046875,2774240000
2013-09-18,1725.52001953125,1725.52001953125,1729.43994140625,1700.3499755859375,1705.739990234375,3989760000
2013-09-19,1722.3399658203125,1722.3399658203125,1729.8599853515625,1720.199951171875,1727.3399658203125,3740130000
2013-09-20,1709.9100341796875,1709.9100341796875,1725.22998046875,1708.8900146484375,1722.43994140625,5074030000
2013-09-23,1701.8399658203125,1701.8399658203125,1711.43994140625,1697.0999755859375,1711.43994140625,3126950000
2013-09-24,1697.4200439453125,1697.4200439453125,1707.6300048828125,1694.9000244140625,1702.5999755859375,3268930000
2013-09-25,1692.77001953125,1692.77001953125,1701.7099609375,1691.8800048828125,1698.02001953125,3148730000
2013-09-26,1698.6700439453125,1698.6700439453125,1703.8499755859375,1693.1099853515625,1694.050048828125,2813930000
2013-09-27,1691.75,1691.75,1695.52001953125,1687.1099853515625,1695.52001953125,2951700000
2013-09-30,1681.550048828125,1681.550048828125,1687.260009765625,1674.989990234375,1687.260009765625,3308630000
2013-10-01,1695.0,1695.0,1696.550048828125,1682.0699462890625,1682.4100341796875,3238690000
2013-10-02,1693.8699951171875,1693.8699951171875,1693.8699951171875,1680.3399658203125,1691.9000244140625,3148600000
2013-10-03,1678.6600341796875,1678.6600341796875,1692.3499755859375,1670.3599853515625,1692.3499755859375,3279650000
2013-10-04,1690.5,1690.5,1691.93994140625,1677.3299560546875,1678.7900390625,2880270000
2013-10-07,1676.1199951171875,1676.1199951171875,1687.1500244140625,1674.699951171875,1687.1500244140625,2678490000
2013-10-08,1655.449951171875,1655.449951171875,1676.7900390625,1655.030029296875,1676.219970703125,3569230000
2013-10-09,1656.4000244140625,1656.4000244140625,1662.469970703125,1646.469970703125,1656.989990234375,3577840000
2013-10-10,1692.56005859375,1692.56005859375,1692.56005859375,1660.8800048828125,1660.8800048828125,3362300000
2013-10-11,1703.199951171875,1703.199951171875,1703.43994140625,1688.52001953125,1691.0899658203125,2944670000
2013-10-14,1710.1400146484375,1710.1400146484375,1711.030029296875,1692.1300048828125,1699.8599853515625,2580580000
2013-10-15,1698.06005859375,1698.06005859375,1711.5699462890625,1695.9300537109375,1709.1700439453125,3327740000
2013-10-16,1721.5400390625,1721.5400390625,1721.760009765625,1700.489990234375,1700.489990234375,3486180000
2013-10-17,1733.1500244140625,1733.1500244140625,1733.449951171875,1714.1199951171875,1720.1700439453125,3453590000
2013-10-18,1744.5,1744.5,1745.31005859375,1735.739990234375,1736.719970703125,3664890000
2013-10-21,1744.6600341796875,1744.6600341796875,1747.7900390625,1740.6700439453125,1745.199951171875,3052710000
2013-10-22,1754.6700439453125,1754.6700439453125,1759.3299560546875,1746.47998046875,1746.47998046875,3850840000
2013-10-23,1746.3800048828125,1746.3800048828125,1752.27001953125,1740.5,1752.27001953125,3713380000
2013-10-24,1752.0699462890625,1752.0699462890625,1753.93994140625,1745.5,1747.47998046875,3671700000
2013-10-25,1759.77001953125,1759.77001953125,1759.8199462890625,1752.449951171875,1756.010009765625,3175720000
2013-10-28,1762.1099853515625,1762.1099853515625,1764.989990234375,1757.6700439453125,1759.4200439453125,3282300000
2013-10-29,1771.949951171875,1771.949951171875,1772.0899658203125,1762.9300537109375,1762.9300537109375,3358460000
2013-10-30,1763.31005859375,1763.31005859375,1775.219970703125,1757.239990234375,1772.27001953125,3523040000
2013-10-31,1756.5400390625,1756.5400390625,1768.530029296875,1755.719970703125,1763.239990234375,3826530000
2013-11-01,1761.6400146484375,1761.6400146484375,1765.6700439453125,1752.699951171875,1758.699951171875,3686290000
2013-11-04,1767.9300537109375,1767.9300537109375,1768.780029296875,1761.56005859375,1763.4000244140625,3194870000
2013-11-05,1762.969970703125,1762.969970703125,1767.030029296875,1755.760009765625,1765.6700439453125,3516680000
2013-11-06,1770.489990234375,1770.489990234375,1773.739990234375,1764.4000244140625,1765.0,3322100000
2013-11-07,1747.1500244140625,1747.1500244140625,1774.5400390625,1746.199951171875,1770.739990234375,4143200000
2013-11-08,1770.6099853515625,1770.6099853515625,1770.780029296875,1747.6300048828125,1748.3699951171875,3837170000
2013-11-11,1771.8900146484375,1771.8900146484375,1773.43994140625,1767.8499755859375,1769.9599609375,2534060000
2013-11-12,1767.68994140625,1767.68994140625,1771.780029296875,1762.2900390625,1769.510009765625,3221030000
2013-11-13,1782.0,1782.0,1782.0,1760.6400146484375,1764.3699951171875,3327480000
2013-11-14,1790.6199951171875,1790.6199951171875,1791.530029296875,1780.219970703125,1782.75,3139060000
2013-11-15,1798.1800537109375,1798.1800537109375,1798.219970703125,1790.6600341796875,1790.6600341796875,3254820000
2013-11-18,1791.530029296875,1791.530029296875,1802.3299560546875,1788.0,1798.8199462890625,3168520000
2013-11-19,1787.8699951171875,1787.8699951171875,1795.510009765625,1784.719970703125,1790.7900390625,3224450000
2013-11-20,1781.3699951171875,1781.3699951171875,1795.72998046875,1777.22998046875,1789.5899658203125,3109140000
2013-11-21,1795.8499755859375,1795.8499755859375,1797.1600341796875,1783.52001953125,1783.52001953125,3256630000
2013-11-22,1804.760009765625,1804.760009765625,1804.8399658203125,1794.699951171875,1797.2099609375,3055140000
2013-11-25,1802.47998046875,1802.47998046875,1808.0999755859375,1800.5799560546875,1806.3299560546875,2998540000
2013-11-26,1802.75,1802.75,1808.4200439453125,1800.77001953125,1802.8699951171875,3427120000
2013-11-27,1807.22998046875,1807.22998046875,1808.27001953125,1802.77001953125,1803.47998046875,2613590000
2013-11-29,1805.81005859375,1805.81005859375,1813.550048828125,1803.97998046875,1808.68994140625,1598300000
2013-12-02,1800.9000244140625,1800.9000244140625,1810.02001953125,1798.5999755859375,1806.550048828125,3095430000
2013-12-03,1795.1500244140625,1795.1500244140625,1800.0999755859375,1787.8499755859375,1800.0999755859375,3475680000
2013-12-04,1792.81005859375,1792.81005859375,1799.800048828125,1779.0899658203125,1793.1500244140625,3610540000
2013-12-05,1785.030029296875,1785.030029296875,1792.8199462890625,1783.3800048828125,1792.8199462890625,3336880000
2013-12-06,1805.0899658203125,1805.0899658203125,1806.0400390625,1788.3599853515625,1788.3599853515625,3150030000
2013-12-09,1808.3699951171875,1808.3699951171875,1811.52001953125,1806.2099609375,1806.2099609375,3129500000
2013-12-10,1802.6199951171875,1802.6199951171875,1808.52001953125,1801.75,1807.5999755859375,3117150000
2013-12-11,1782.219970703125,1782.219970703125,1802.969970703125,1780.0899658203125,1802.760009765625,3472240000
2013-12-12,1775.5,1775.5,1782.989990234375,1772.280029296875,1781.7099609375,3306640000
2013-12-13,1775.3199462890625,1775.3199462890625,1780.9200439453125,1772.449951171875,1777.97998046875,3061070000
2013-12-16,1786.5400390625,1786.5400390625,1792.219970703125,1777.47998046875,1777.47998046875,3209890000
2013-12-17,1781.0,1781.0,1786.77001953125,1777.050048828125,1786.469970703125,3270030000
2013-12-18,1810.6500244140625,1810.6500244140625,1811.0799560546875,1767.989990234375,1781.4599609375,4327770000
2013-12-19,1809.5999755859375,1809.5999755859375,1810.8800048828125,1801.3499755859375,1809.0,3497210000
2013-12-20,1818.3199462890625,1818.3199462890625,1823.75,1810.25,1810.3900146484375,5097700000
2013-12-23,1827.989990234375,1827.989990234375,1829.75,1822.9200439453125,1822.9200439453125,2851540000
2013-12-24,1833.3199462890625,1833.3199462890625,1833.3199462890625,1828.02001953125,1828.02001953125,1307630000
2013-12-26,1842.02001953125,1842.02001953125,1842.8399658203125,1834.9599609375,1834.9599609375,1982270000
2013-12-27,1841.4000244140625,1841.4000244140625,1844.8900146484375,1839.81005859375,1842.969970703125,2052920000
2013-12-30,1841.0699462890625,1841.0699462890625,1842.469970703125,1838.77001953125,1841.469970703125,2293860000
2013-12-31,1848.3599853515625,1848.3599853515625,1849.43994140625,1842.4100341796875,1842.6099853515625,2312840000
