date,adjclose,close,high,low,open,volume
2020-01-02,72.4005126953125,75.0875015258789,75.1500015258789,73.79750061035156,74.05999755859375,135480400
2020-01-03,71.69664001464844,74.35749816894531,75.1449966430664,74.125,74.2874984741211,146322800
2020-01-06,72.26793670654297,74.94999694824219,74.98999786376953,73.1875,73.44750213623047,118387200
2020-01-07,71.92805480957031,74.59750366210938,75.2249984741211,74.37000274658203,74.95999908447266,108872000
2020-01-08,73.08512115478516,75.79750061035156,76.11000061035156,74.29000091552734,74.29000091552734,132079200
2020-01-09,74.63748168945312,77.40750122070312,77.60749816894531,76.55000305175781,76.80999755859375,170108400
2020-01-10,74.80622100830078,77.5824966430664,78.1675033569336,77.0625,77.6500015258789,140644800
2020-01-13,76.4044189453125,79.23999786376953,79.26750183105469,77.7874984741211,77.91000366210938,121532000
2020-01-14,75.3727035522461,78.16999816894531,79.39250183105469,78.0425033569336,79.17500305175781,161954400
2020-01-15,75.0497055053711,77.83499908447266,78.875,77.38749694824219,77.9625015258789,121923600
2020-01-16,75.98983001708984,78.80999755859375,78.92500305175781,78.02249908447266,78.39749908447266,108829200
2020-01-17,76.8310775756836,79.68250274658203,79.68499755859375,78.75,79.06749725341797,137816400
2020-01-21,76.3104019165039,79.14250183105469,79.75499725341797,79.0,79.29750061035156,110843200
2020-01-22,76.58280181884766,79.42500305175781,79.99749755859375,79.32749938964844,79.6449966430664,101832400
2020-01-23,76.95160675048828,79.80750274658203,79.88999938964844,78.9124984741211,79.4800033569336,104472000
2020-01-24,76.7298583984375,79.57749938964844,80.8324966430664,79.37999725341797,80.0625,146537600
2020-01-27,74.47357940673828,77.23750305175781,77.94249725341797,76.22000122070312,77.51499938964844,161940000
2020-01-28,76.58038330078125,79.42250061035156,79.5999984741211,78.04750061035156,78.1500015258789,162234000
2020-01-29,78.18341827392578,81.08499908447266,81.9625015258789,80.34500122070312,81.11250305175781,216229200
2020-01-30,78.07009887695312,80.96749877929688,81.02249908447266,79.6875,80.13500213623047,126743200
2020-01-31,74.60857391357422,77.37750244140625,80.66999816894531,77.07250213623047,80.23249816894531,199588400
2020-02-03,74.4036865234375,77.16500091552734,78.37249755859375,75.55500030517578,76.07499694824219,173788400
2020-02-04,76.86002349853516,79.7125015258789,79.91000366210938,78.40750122070312,78.82749938964844,136616400
2020-02-05,77.48674774169922,80.36250305175781,81.19000244140625,79.73750305175781,80.87999725341797,118826800
2020-02-06,78.3930892944336,81.30249786376953,81.30500030517578,80.06500244140625,80.64250183105469,105425600
2020-02-07,77.3275375366211,80.00749969482422,80.8499984741211,79.5,80.59249877929688,117684000
2020-02-10,77.6948013305664,80.38749694824219,80.38749694824219,78.4625015258789,78.54499816894531,109348800
2020-02-11,77.22606658935547,79.90249633789062,80.9749984741211,79.67749786376953,80.9000015258789,94323200
2020-02-12,79.06001281738281,81.80000305175781,81.80500030517578,80.36750030517578,80.36750030517578,113730400
2020-02-13,78.49699401855469,81.21749877929688,81.55500030517578,80.8375015258789,81.04750061035156,94747600
2020-02-14,78.516357421875,81.23750305175781,81.49500274658203,80.7125015258789,81.18499755859375,80113600
2020-02-18,77.07865142822266,79.75,79.9375,78.65249633789062,78.83999633789062,152531200
2020-02-19,78.19497680664062,80.90499877929688,81.14250183105469,80.0,80.0,93984000
2020-02-20,77.39276885986328,80.07499694824219,81.1624984741211,79.55249786376953,80.65750122070312,100566000
2020-02-21,75.64099884033203,78.26249694824219,80.11250305175781,77.625,79.65499877929688,129554000
2020-02-24,72.04801177978516,74.54499816894531,76.04499816894531,72.30750274658203,74.31500244140625,222195200
2020-02-25,69.60759735107422,72.0199966430664,75.63249969482422,71.53250122070312,75.23750305175781,230673600
2020-02-26,70.71182250976562,73.1624984741211,74.47000122070312,71.625,71.63249969482422,198054800
2020-02-27,66.08950805664062,68.37999725341797,71.5,68.23999786376953,70.2750015258789,320605600
2020-02-28,66.05084228515625,68.33999633789062,69.60250091552734,64.09249877929688,64.31500244140625,426510000
2020-03-02,72.20024108886719,74.70249938964844,75.36000061035156,69.43000030517578,70.56999969482422,341397200
2020-03-03,69.90721130371094,72.33000183105469,76.0,71.44999694824219,75.9175033569336,319475600
2020-03-04,73.14981842041016,75.68499755859375,75.8499984741211,73.28250122070312,74.11000061035156,219178400
2020-03-05,70.7770767211914,73.2300033569336,74.88749694824219,72.85250091552734,73.87999725341797,187572800
2020-03-06,69.83714294433594,72.25749969482422,72.70500183105469,70.30750274658203,70.5,226176800
2020-03-09,64.31354522705078,66.5425033569336,69.52249908447266,65.75,65.9375,286744800
2020-03-10,68.9455337524414,71.33499908447266,71.61000061035156,67.34249877929688,69.28500366210938,285290000
2020-03-11,66.5510025024414,68.85749816894531,70.30500030517578,67.96499633789062,69.34750366210938,255598800
2020-03-12,59.97880172729492,62.057498931884766,67.5,62.0,63.98500061035156,418474000
2020-03-13,67.16475677490234,69.49250030517578,69.9800033569336,63.23749923706055,66.22250366210938,370732000
2020-03-16,58.52421569824219,60.5525016784668,64.7699966430664,60.0,60.48749923706055,322423600
2020-03-17,61.0975341796875,63.21500015258789,64.40249633789062,59.59999847412109,61.87749862670898,324056000
2020-03-18,59.601863861083984,61.66749954223633,62.5,59.27999877929688,59.942501068115234,300233600
2020-03-19,59.14519882202149,61.19499969482422,63.209999084472656,60.65250015258789,61.84749984741211,271857200
2020-03-20,55.39032745361328,57.310001373291016,62.95750045776367,57.0,61.79499816894531,401693200
2020-03-23,54.21360397338867,56.09249877929688,57.125,53.15250015258789,57.02000045776367,336752800
2020-03-24,59.65260314941406,61.720001220703125,61.92250061035156,58.57500076293945,59.09000015258789,287531200
2020-03-25,59.32400131225586,61.380001068115234,64.5625,61.07500076293945,62.6875,303602000
2020-03-26,62.4458122253418,64.61000061035156,64.66999816894531,61.59000015258789,61.630001068115234,252087200
2020-03-27,59.86040115356445,61.935001373291016,63.96749877929688,61.76250076293945,63.1875,204216800
2020-03-30,61.56870651245117,63.70249938964844,63.880001068115234,62.34999847412109,62.685001373291016,167976400
2020-03-31,61.44305419921875,63.5724983215332,65.62249755859375,63.0,63.900001525878906,197002000
2020-04-01,58.21010208129883,60.227500915527344,62.18000030517578,59.782501220703125,61.625,176218400
2020-04-02,59.181427001953125,61.23249816894531,61.28749847412109,59.22499847412109,60.084999084472656,165934000
2020-04-03,58.33091735839844,60.352500915527344,61.42499923706055,59.74250030517578,60.70000076293945,129880000
2020-04-06,63.4195442199707,65.61750030517578,65.77749633789062,62.345001220703125,62.72499847412109,201820400
2020-04-07,62.68500900268555,64.85749816894531,67.92500305175781,64.75,67.69999694824219,202887200
2020-04-08,64.28941345214844,66.51750183105469,66.84249877929688,65.30750274658203,65.68499755859375,168895200
2020-04-09,64.75334167480469,66.99749755859375,67.51750183105469,66.17500305175781,67.17500305175781,161834800
2020-04-13,66.02427673339844,68.3125,68.42500305175781,66.4574966430664,67.07749938964844,131022800
2020-04-14,69.35871124267578,71.76249694824219,72.0625,69.51249694824219,70.0,194994800
2020-04-15,68.72564697265625,71.10749816894531,71.5824966430664,70.15750122070312,70.5999984741211,131154400
2020-04-16,69.27173614501953,71.67250061035156,72.05000305175781,70.5875015258789,71.84500122070312,157125200
2020-04-17,68.33180236816406,70.69999694824219,71.73750305175781,69.21499633789062,71.17250061035156,215250000
2020-04-20,66.91346740722656,69.23249816894531,70.41999816894531,69.2125015258789,69.48750305175781,130015200
2020-04-21,64.84516143798828,67.09249877929688,69.3125,66.35749816894531,69.06999969482422,180991600
2020-04-22,66.71290588378906,69.0250015258789,69.4749984741211,68.05000305175781,68.40249633789062,116862400
2020-04-23,66.45437622070312,68.75749969482422,70.4375,68.71749877929688,68.96749877929688,124814400
2020-04-24,68.37289428710938,70.74250030517578,70.75250244140625,69.25,69.30000305175781,126161200
2020-04-27,68.42121124267578,70.7925033569336,71.13500213623047,69.98750305175781,70.44999694824219,117087600
2020-04-28,67.31214904785156,69.6449966430664,71.4574966430664,69.55000305175781,71.2699966430664,112004800
2020-04-29,69.52301788330078,71.93250274658203,72.4175033569336,70.97250366210938,71.18250274658203,137280800
2020-04-30,70.98968505859375,73.44999694824219,73.63249969482422,72.0875015258789,72.48999786376953,183064000
2020-05-01,69.8468017578125,72.26750183105469,74.75,71.4625015258789,71.5625,240616800
2020-05-04,70.83504486083984,73.29000091552734,73.42250061035156,71.58000183105469,72.2925033569336,133568000
2020-05-05,71.89820098876953,74.38999938964844,75.25,73.61499786376953,73.76499938964844,147751200
2020-05-06,72.64000701904297,75.15750122070312,75.80999755859375,74.71749877929688,75.11499786376953,142333600
2020-05-07,73.39144897460938,75.93499755859375,76.2925033569336,75.49250030517578,75.80500030517578,115215200
2020-05-08,75.13829040527344,77.53250122070312,77.5875015258789,76.07250213623047,76.41000366210938,133838400
2020-05-11,76.32064056396484,78.75250244140625,79.26249694824219,76.80999755859375,77.0250015258789,145946400
2020-05-12,75.44840240478516,77.85250091552734,79.92250061035156,77.72750091552734,79.4574966430664,162301200
2020-05-13,74.53742218017578,76.9124984741211,78.98750305175781,75.80249786376953,78.0374984741211,200622400
2020-05-14,74.9953384399414,77.38500213623047,77.44750213623047,75.38249969482422,76.12750244140625,158929200
2020-05-15,74.55197143554688,76.92749786376953,76.9749984741211,75.05249786376953,75.0875015258789,166348400
2020-05-18,76.30852508544922,78.73999786376953,79.125,77.58000183105469,78.2925033569336,135178400
2020-05-19,75.86756134033203,78.28500366210938,79.62999725341797,78.25250244140625,78.75749969482422,101729600
2020-05-20,77.34304809570312,79.80750274658203,79.87999725341797,79.12999725341797,79.16999816894531,111504800
2020-05-21,76.76641845703125,79.2125015258789,80.22250366210938,78.96749877929688,79.66500091552734,102688800
2020-05-22,77.26067352294922,79.72250366210938,79.80750274658203,78.8375015258789,78.94249725341797,81803200
2020-05-26,76.73735809326172,79.18250274658203,81.05999755859375,79.125,80.875,125522000
2020-05-27,77.07170104980469,79.52749633789062,79.67749786376953,78.27249908447266,79.03500366210938,112945200
2020-05-28,77.1056137084961,79.5625,80.86000061035156,78.90750122070312,79.19249725341797,133560800
2020-05-29,77.0304946899414,79.48500061035156,80.2874984741211,79.11750030517578,79.8125,153532400
2020-06-01,77.97781372070312,80.4625015258789,80.5875015258789,79.30249786376953,79.4375,80791200
2020-06-02,78.33880615234375,80.83499908447266,80.86000061035156,79.73249816894531,80.1875,87642800
2020-06-03,78.77005767822266,81.27999877929688,81.55000305175781,80.57499694824219,81.16500091552734,104491200
2020-06-04,78.09169006347656,80.58000183105469,81.40499877929688,80.19499969482422,81.09750366210938,87560400
2020-06-05,80.3158187866211,82.875,82.9375,80.80750274658203,80.8375015258789,137250400
2020-06-08,80.79070281982422,83.36499786376953,83.4000015258789,81.83000183105469,82.5625,95654400
2020-06-09,83.34190368652344,85.99749755859375,86.40249633789062,83.00250244140625,83.03500366210938,147712400
2020-06-10,85.486083984375,88.20999908447266,88.69249725341797,86.52249908447266,86.9749984741211,166651600
2020-06-11,81.38184356689453,83.9749984741211,87.76499938964844,83.87000274658203,87.32749938964844,201662400
2020-06-12,82.08446502685547,84.69999694824219,86.94999694824219,83.55500030517578,86.18000030517578,200146000
2020-06-15,83.09961700439453,85.74749755859375,86.41999816894531,83.1449966430664,83.3125,138808800
2020-06-16,85.30193328857422,88.0199966430664,88.30000305175781,86.18000030517578,87.86499786376953,165428800
2020-06-17,85.1832275390625,87.89749908447266,88.8499984741211,87.77249908447266,88.7874984741211,114406400
2020-06-18,85.2171401977539,87.93250274658203,88.36250305175781,87.30500030517578,87.85250091552734,96820400
2020-06-19,84.73014068603516,87.43000030517578,89.13999938964844,86.2874984741211,88.66000366210938,264476000
2020-06-22,86.94703674316406,89.71749877929688,89.86499786376953,87.7874984741211,87.83499908447266,135445200
2020-06-23,88.8028793334961,91.63249969482422,93.09500122070312,90.56749725341795,91.0,212155600
2020-06-24,87.23531341552734,90.01499938964844,92.19750213623048,89.62999725341797,91.25,192623200
2020-06-25,88.39344024658203,91.20999908447266,91.25,89.39250183105469,90.1750030517578,137522400
2020-06-26,85.6774673461914,88.40750122070312,91.33000183105467,88.25499725341797,91.10250091552734,205256800
2020-06-29,87.65203857421875,90.44499969482422,90.5425033569336,87.81999969482422,88.3125,130646000
2020-06-30,88.38372039794922,91.1999969482422,91.49500274658205,90.0,90.0199966430664,140223200
2020-07-01,88.21656799316406,91.02749633789062,91.83999633789062,90.97750091552734,91.27999877929688,110737200
2020-07-02,88.21656799316406,91.02749633789062,92.61750030517578,90.91000366210938,91.9625015258789,114041600
2020-07-06,90.57637786865234,93.4625015258789,93.94499969482422,92.46749877929688,92.5,118655600
2020-07-07,90.29532623291016,93.17250061035156,94.65499877929688,93.05750274658205,93.85250091552734,112424400
2020-07-08,92.3983154296875,95.34249877929688,95.375,94.08999633789062,94.18000030517578,117092000
2020-07-09,92.795654296875,95.75250244140624,96.31749725341795,94.67250061035156,96.2624969482422,125642800
2020-07-10,92.95797729492188,95.91999816894533,95.9800033569336,94.70500183105467,95.33499908447266,90257200
2020-07-13,92.5291748046875,95.47750091552734,99.95500183105467,95.25749969482422,97.26499938964844,191649200
2020-07-14,94.06036376953124,97.05750274658205,97.25499725341795,93.87750244140624,94.83999633789062,170989200
2020-07-15,94.70726013183594,97.7249984741211,99.24749755859376,96.48999786376952,98.98999786376952,153198000
2020-07-16,93.54188537597656,96.52249908447266,97.40499877929688,95.90499877929688,96.5625,110577600
2020-07-17,93.35289764404295,96.32749938964844,97.14749908447266,95.83999633789062,96.9875030517578,92186800
2020-07-20,95.32022094726562,98.35749816894533,98.5,96.0625,96.4175033569336,90318000
2020-07-21,94.00464630126952,97.0,99.25,96.74250030517578,99.17250061035156,103433200
2020-07-22,94.26871490478516,97.27249908447266,97.9749984741211,96.60250091552734,96.69249725341795,89001600
2020-07-23,89.97795104980469,92.84500122070312,97.07749938964844,92.01000213623048,96.99749755859376,197004400
2020-07-24,89.75506591796875,92.61499786376952,92.97000122070312,89.1449966430664,90.9875030517578,185438800
2020-07-27,91.88227081298828,94.80999755859376,94.90499877929688,93.4800033569336,93.70999908447266,121214000
2020-07-28,90.37285614013672,93.25250244140624,94.5500030517578,93.24749755859376,94.36750030517578,103625600
2020-07-29,92.1051788330078,95.04000091552734,95.2300033569336,93.7125015258789,93.75,90329200
2020-07-30,93.21966552734376,96.19000244140624,96.29750061035156,93.76750183105467,94.1875,158130000
2020-07-31,102.97868347167967,106.26000213623048,106.41500091552734,100.8249969482422,102.88500213623048,374336800
2020-08-03,105.5735092163086,108.9375,111.6374969482422,107.89250183105467,108.1999969482422,308151200
2020-08-04,106.27855682373048,109.66500091552734,110.79000091552734,108.3874969482422,109.13249969482422,173071600
2020-08-05,106.66374969482422,110.0625,110.39250183105467,108.89749908447266,109.37750244140624,121776800
2020-08-06,110.38516235351562,113.90249633789062,114.4124984741211,109.79750061035156,110.40499877929688,202428800
2020-08-07,107.87550354003906,111.1125030517578,113.6750030517578,110.2925033569336,113.20500183105467,198045600
2020-08-10,109.44343566894533,112.72750091552734,113.7750015258789,110.0,112.5999984741211,212403600
2020-08-11,106.18861389160156,109.375,112.48249816894533,109.10749816894533,111.97000122070312,187902400
2020-08-12,109.71772003173828,113.01000213623048,113.2750015258789,110.29750061035156,110.49749755859376,165598000
2020-08-13,111.65943908691406,115.01000213623048,116.0425033569336,113.92749786376952,114.43000030517578,210082000
2020-08-14,111.55992889404295,114.90750122070312,115.0,113.04499816894533,114.83000183105467,165565200
2020-08-17,111.2686767578125,114.60749816894533,116.0875015258789,113.9625015258789,116.0625,119561600
2020-08-18,112.19583892822266,115.5625,116.0,114.00749969482422,114.35250091552734,105633600
2020-08-19,112.33660888671876,115.7074966430664,117.1624984741211,115.61000061035156,115.98249816894533,145538000
2020-08-20,114.829345703125,118.2750015258789,118.39250183105467,115.73249816894533,115.75,126907200
2020-08-21,120.74674987792967,124.37000274658205,124.86750030517578,119.25,119.2624969482422,338054800
2020-08-24,122.19093322753906,125.85749816894533,128.78500366210938,123.9375,128.69749450683594,345937600
2020-08-25,121.1884994506836,124.8249969482422,125.18000030517578,123.05249786376952,124.69750213623048,211495600
2020-08-26,122.8365478515625,126.52249908447266,126.99250030517578,125.0824966430664,126.18000030517578,163022400
2020-08-27,121.36812591552734,125.01000213623048,127.48500061035156,123.8324966430664,127.14250183105467,155552400
2020-08-28,121.17152404785156,124.80750274658205,126.44249725341795,124.57749938964844,126.0124969482422,187630000
2020-08-31,125.28073120117188,129.0399932861328,131.0,126.0,127.58000183105467,225702700
2020-09-01,130.27096557617188,134.17999267578125,134.8000030517578,130.52999877929688,132.75999450683594,151948100
2020-09-02,127.57194519042967,131.39999389648438,137.97999572753906,127.0,137.58999633789062,200119000
2020-09-03,117.35842895507812,120.87999725341795,128.83999633789062,120.5,126.91000366210938,257599600
2020-09-04,117.43611907958984,120.95999908447266,123.6999969482422,110.88999938964844,120.06999969482422,332607200
2020-09-08,109.53324127197266,112.81999969482422,118.98999786376952,112.68000030517578,113.9499969482422,231366600
2020-09-09,113.9021453857422,117.31999969482422,119.13999938964844,115.26000213623048,117.26000213623048,176940500
2020-09-10,110.18370819091795,113.48999786376952,120.5,112.5,120.36000061035156,182274400
2020-09-11,108.73712921142578,112.0,115.2300033569336,110.0,114.56999969482422,180860300
2020-09-14,111.99925994873048,115.36000061035156,115.93000030517578,112.8000030517578,114.72000122070312,140150100
2020-09-15,112.1740264892578,115.54000091552734,118.83000183105467,113.61000061035156,118.33000183105467,184642000
2020-09-16,108.86333465576172,112.12999725341795,116.0,112.04000091552734,115.2300033569336,154679000
2020-09-17,107.12550354003906,110.33999633789062,112.1999969482422,108.70999908447266,109.72000122070312,178011000
2020-09-18,103.72745513916016,106.83999633789062,110.87999725341795,106.08999633789062,110.4000015258789,287104900
2020-09-21,106.87308502197266,110.08000183105467,110.19000244140624,103.0999984741211,104.54000091552734,195713800
2020-09-22,108.55267333984376,111.80999755859376,112.86000061035156,109.16000366210938,112.68000030517578,183055400
2020-09-23,103.9993133544922,107.12000274658205,112.11000061035156,106.7699966430664,111.62000274658205,150718700
2020-09-24,105.0672607421875,108.22000122070312,110.25,105.0,105.16999816894533,167743300
2020-09-25,109.00895690917967,112.27999877929688,112.44000244140624,107.66999816894533,108.43000030517578,149981400
2020-09-28,111.61092376708984,114.95999908447266,115.31999969482422,112.77999877929688,115.01000213623048,137672400
2020-09-29,110.76624298095705,114.08999633789062,115.30999755859376,113.56999969482422,114.5500030517578,99382200
2020-09-30,112.43611907958984,115.80999755859376,117.26000213623048,113.62000274658205,113.79000091552734,142675200
2020-10-01,113.38758850097656,116.79000091552734,117.72000122070312,115.83000183105467,117.63999938964844,116120400
2020-10-02,109.7274169921875,113.0199966430664,115.37000274658205,112.22000122070312,112.88999938964844,144712000
2020-10-05,113.10603332519533,116.5,116.6500015258789,113.5500030517578,113.91000366210938,106243800
2020-10-06,109.86334228515624,113.16000366210938,116.12000274658205,112.25,115.6999969482422,161498200
2020-10-07,111.72740936279295,115.08000183105467,115.5500030517578,114.12999725341795,114.62000274658205,96849000
2020-10-08,111.62062072753906,114.97000122070312,116.4000015258789,114.58999633789062,116.25,83477200
2020-10-09,113.5623550415039,116.97000122070312,117.0,114.91999816894533,115.27999877929688,100506900
2020-10-12,120.7759017944336,124.4000015258789,125.18000030517578,119.27999877929688,120.05999755859376,240226800
2020-10-13,117.57203674316406,121.0999984741211,125.38999938964844,119.6500015258789,125.2699966430664,262330500
2020-10-14,117.659423828125,121.19000244140624,123.02999877929688,119.62000274658205,121.0,150712000
2020-10-15,117.1934051513672,120.70999908447266,121.1999969482422,118.1500015258789,118.72000122070312,112559200
2020-10-16,115.55261993408205,119.0199966430664,121.5500030517578,118.80999755859376,121.27999877929688,115393800
2020-10-19,112.60118865966795,115.9800033569336,120.41999816894533,115.66000366210938,119.95999908447266,120639300
2020-10-20,114.0866241455078,117.51000213623048,118.9800033569336,115.62999725341795,116.1999969482422,124423700
2020-10-21,113.46526336669922,116.87000274658205,118.70999908447266,116.4499969482422,116.66999816894533,89946000
2020-10-22,112.3779067993164,115.75,118.04000091552734,114.58999633789062,117.4499969482422,101988000
2020-10-23,111.68856048583984,115.04000091552734,116.5500030517578,114.27999877929688,116.38999938964844,82572600
2020-10-26,111.6982879638672,115.0500030517578,116.5500030517578,112.87999725341795,114.01000213623048,111850700
2020-10-27,113.203125,116.5999984741211,117.27999877929688,114.54000091552734,115.48999786376952,92276800
2020-10-28,107.96043395996094,111.1999969482422,115.43000030517578,111.0999984741211,115.0500030517578,143937800
2020-10-29,111.9604034423828,115.31999969482422,116.93000030517578,112.1999969482422,112.37000274658205,146129200
2020-10-30,105.68863677978516,108.86000061035156,111.98999786376952,107.72000122070312,111.05999755859376,190272600
2020-11-02,105.60123443603516,108.7699966430664,110.68000030517578,107.31999969482422,109.11000061035156,122866900
2020-11-03,107.22258758544922,110.44000244140624,111.48999786376952,108.7300033569336,109.66000366210938,107624400
2020-11-04,111.6011962890625,114.9499969482422,115.58999633789062,112.3499984741211,114.13999938964844,138235500
2020-11-05,115.56230926513672,119.02999877929688,119.62000274658205,116.87000274658205,117.9499969482422,126387100
2020-11-06,115.43103790283205,118.69000244140624,119.1999969482422,116.12999725341795,118.31999969482422,114457900
2020-11-09,113.1261215209961,116.31999969482422,121.98999786376952,116.0500030517578,120.5,154515300
2020-11-10,112.78573608398438,115.97000122070312,117.58999633789062,114.12999725341795,115.5500030517578,138023400
2020-11-11,116.20906066894533,119.48999786376952,119.62999725341795,116.44000244140624,117.19000244140624,112295000
2020-11-12,115.936767578125,119.20999908447266,120.52999877929688,118.56999969482422,119.62000274658205,103162300
2020-11-13,115.98538208007812,119.26000213623048,119.66999816894533,117.87000274658205,119.44000244140624,81581900
2020-11-16,116.99684143066406,120.3000030517578,120.98999786376952,118.1500015258789,118.91999816894533,91183000
2020-11-17,116.11181640625,119.38999938964844,120.66999816894533,118.95999908447266,119.5500030517578,74271000
2020-11-18,114.78917694091795,118.02999877929688,119.81999969482422,118.0,118.61000061035156,76322100
2020-11-19,115.38240051269533,118.63999938964844,119.05999755859376,116.80999755859376,117.58999633789062,74113000
2020-11-20,114.1181182861328,117.33999633789062,118.7699966430664,117.29000091552734,118.63999938964844,73604300
2020-11-23,110.72393798828124,113.8499984741211,117.62000274658205,113.75,117.18000030517578,127959300
2020-11-24,112.00770568847656,115.16999816894533,115.8499984741211,112.58999633789062,113.91000366210938,113874200
2020-11-25,112.84407043457033,116.02999877929688,116.75,115.16999816894533,115.5500030517578,76499200
2020-11-27,113.3887176513672,116.58999633789062,117.48999786376952,116.22000122070312,116.56999969482422,46691300
2020-11-30,115.78114318847656,119.0500030517578,120.97000122070312,116.80999755859376,116.97000122070312,169410200
2020-12-01,119.35037231445312,122.72000122070312,123.47000122070312,120.01000213623048,121.01000213623048,127728200
2020-12-02,119.70052337646484,123.08000183105467,123.37000274658205,120.88999938964844,122.0199966430664,89004200
2020-12-03,119.56436157226562,122.94000244140624,123.77999877929688,122.20999908447266,123.5199966430664,78967600
2020-12-04,118.8932876586914,122.25,122.86000061035156,121.5199966430664,122.5999984741211,78260400
2020-12-07,120.3520965576172,123.75,124.56999969482422,122.25,122.30999755859376,86712000
2020-12-08,120.96480560302734,124.37999725341795,124.9800033569336,123.08999633789062,124.37000274658205,82225500
2020-12-09,118.43619537353516,121.77999877929688,125.9499969482422,121.0,124.52999877929688,115089200
2020-12-10,119.8561019897461,123.23999786376952,123.87000274658205,120.1500015258789,120.5,81312200
2020-12-11,119.04888916015624,122.41000366210938,122.76000213623048,120.5500030517578,122.43000030517578,86939800
2020-12-14,118.43619537353516,121.77999877929688,123.3499984741211,121.54000091552734,122.5999984741211,79184500
2020-12-15,124.36870574951172,127.87999725341795,127.9000015258789,124.12999725341795,124.33999633789062,157243700
2020-12-16,124.30062103271484,127.80999755859376,128.3699951171875,126.55999755859376,127.41000366210938,98208600
2020-12-17,125.16619873046876,128.6999969482422,129.5800018310547,128.0399932861328,128.89999389648438,94359800
2020-12-18,123.18221282958984,126.66000366210938,129.10000610351562,126.12000274658205,128.9600067138672,192541500
2020-12-21,124.70909881591795,128.22999572753906,128.30999755859375,123.4499969482422,125.0199966430664,121251600
2020-12-22,128.25888061523438,131.8800048828125,134.41000366210938,129.64999389648438,131.61000061035156,168904800
2020-12-23,127.3641357421875,130.9600067138672,132.42999267578125,130.77999877929688,132.16000366210938,88223700
2020-12-24,128.34640502929688,131.97000122070312,133.4600067138672,131.10000610351562,131.32000732421875,54930100
2020-12-28,132.93678283691406,136.69000244140625,137.33999633789062,133.50999450683594,133.99000549316406,124486200
2020-12-29,131.16676330566406,134.8699951171875,138.7899932861328,134.33999633789062,138.0500030517578,121047300
2020-12-30,130.04835510253906,133.72000122070312,135.99000549316406,133.39999389648438,135.5800018310547,96452100
2020-12-31,129.04666137695312,132.69000244140625,134.74000549316406,131.72000122070312,134.0800018310547,99116600
2021-01-04,125.8567123413086,129.41000366210938,133.61000061035156,126.76000213623048,133.52000427246094,143301900
2021-01-05,127.41277313232422,131.00999450683594,131.74000549316406,128.42999267578125,128.88999938964844,97664900
2021-01-06,123.12385559082033,126.5999984741211,131.0500030517578,126.37999725341795,127.72000122070312,155088000
2021-01-07,127.32525634765624,130.9199981689453,131.6300048828125,127.86000061035156,128.36000061035156,109578200
2021-01-08,128.42422485351562,132.0500030517578,132.6300048828125,130.22999572753906,132.42999267578125,105158200
2021-01-11,125.4384994506836,128.97999572753906,130.1699981689453,128.5,129.19000244140625,100384500
2021-01-12,125.2634506225586,128.8000030517578,129.69000244140625,126.86000061035156,128.5,91951100
2021-01-13,127.29606628417967,130.88999938964844,131.4499969482422,128.49000549316406,128.75999450683594,88636800
2021-01-14,125.37044525146484,128.91000366210938,131.0,128.75999450683594,130.8000030517578,90221800
2021-01-15,123.64903259277344,127.13999938964844,130.22000122070312,127.0,128.77999877929688,111598500
2021-01-19,124.32007598876952,127.83000183105467,128.7100067138672,126.94000244140624,127.77999877929688,90757300
2021-01-20,128.40475463867188,132.02999877929688,132.49000549316406,128.5500030517578,128.66000366210938,104319500
2021-01-21,133.1118621826172,136.8699951171875,139.6699981689453,133.58999633789062,133.8000030517578,120150900
2021-01-22,135.25148010253906,139.07000732421875,139.85000610351562,135.02000427246094,136.27999877929688,114459400
2021-01-25,138.99574279785156,142.9199981689453,145.08999633789062,136.5399932861328,143.07000732421875,157611700
2021-01-26,139.22915649414062,143.16000366210938,144.3000030517578,141.3699951171875,143.60000610351562,98390600
2021-01-27,138.15936279296875,142.05999755859375,144.3000030517578,140.41000366210938,143.42999267578125,140843800
2021-01-28,133.32579040527344,137.08999633789062,141.99000549316406,136.6999969482422,139.52000427246094,142621100
2021-01-29,128.33668518066406,131.9600067138672,136.74000549316406,130.2100067138672,135.8300018310547,177523800
2021-02-01,130.45680236816406,134.13999938964844,135.3800048828125,130.92999267578125,133.75,106239800
2021-02-02,131.2834930419922,134.99000549316406,136.30999755859375,134.61000061035156,135.72999572753906,83305400
2021-02-03,130.26231384277344,133.94000244140625,135.77000427246094,133.61000061035156,135.75999450683594,89880900
2021-02-04,133.61761474609375,137.38999938964844,137.39999389648438,134.58999633789062,136.3000030517578,84183100
2021-02-05,133.20359802246094,136.75999450683594,137.4199981689453,135.86000061035156,137.35000610351562,75693800
2021-02-08,133.3497314453125,136.91000366210938,136.9600067138672,134.9199981689453,136.02999877929688,71297200
2021-02-09,132.47311401367188,136.00999450683594,137.8800048828125,135.85000610351562,136.6199951171875,76774200
2021-02-10,131.86923217773438,135.38999938964844,136.99000549316406,134.39999389648438,136.47999572753906,73046600
2021-02-11,131.6160125732422,135.1300048828125,136.38999938964844,133.77000427246094,135.89999389648438,64280000
2021-02-12,131.8497772216797,135.3699951171875,135.52999877929688,133.69000244140625,134.35000610351562,60145100
2021-02-16,129.72647094726562,133.19000244140625,136.00999450683594,132.7899932861328,135.49000549316406,80576300
2021-02-17,127.43757629394533,130.83999633789062,132.22000122070312,129.47000122070312,131.25,97918500
2021-02-18,126.33699798583984,129.7100067138672,130.0,127.41000366210938,129.1999969482422,96856700
2021-02-19,126.49282836914062,129.8699951171875,130.7100067138672,128.8000030517578,130.24000549316406,87668800
2021-02-22,122.7234344482422,126.0,129.72000122070312,125.5999984741211,128.00999450683594,103916400
2021-02-23,122.58708190917967,125.86000061035156,126.70999908447266,118.38999938964844,123.76000213623048,158273000
2021-02-24,122.09034729003906,125.3499984741211,125.55999755859376,122.2300033569336,124.94000244140624,111039900
2021-02-25,117.84374237060548,120.98999786376952,126.45999908447266,120.54000091552734,124.68000030517578,148199500
2021-02-26,118.10670471191406,121.26000213623048,124.8499984741211,121.1999969482422,122.58999633789062,164560400
2021-03-01,124.4668960571289,127.79000091552734,127.93000030517578,122.79000091552734,123.75,116307900
2021-03-02,121.86631774902344,125.12000274658205,128.72000122070312,125.01000213623048,128.41000366210938,102260900
2021-03-03,118.88589477539062,122.05999755859376,125.70999908447266,121.83999633789062,124.80999755859376,112966300
2021-03-04,117.006103515625,120.12999725341795,123.5999984741211,118.62000274658205,121.75,178155000
2021-03-05,118.2625732421875,121.41999816894533,121.94000244140624,117.56999969482422,120.9800033569336,153766600
2021-03-08,113.3341293334961,116.36000061035156,121.0,116.20999908447266,120.93000030517578,154376600
2021-03-09,117.94112396240234,121.08999633789062,122.05999755859376,118.79000091552734,119.02999877929688,129525800
2021-03-10,116.86000061035156,119.9800033569336,122.16999816894533,119.4499969482422,121.69000244140624,111943300
2021-03-11,118.78851318359376,121.95999908447266,123.20999908447266,121.26000213623048,122.54000091552734,103026500
2021-03-12,117.88268280029295,121.02999877929688,121.16999816894533,119.16000366210938,120.4000015258789,88105100
2021-03-15,120.7657241821289,123.98999786376952,124.0,120.41999816894533,121.41000366210938,92403800
2021-03-16,122.30461883544922,125.56999969482422,127.22000122070312,124.72000122070312,125.6999969482422,115227900
2021-03-17,121.51569366455078,124.76000213623048,125.86000061035156,122.33999633789062,124.0500030517578,111932600
2021-03-18,117.39569091796876,120.52999877929688,123.18000030517578,120.31999969482422,122.87999725341795,121229700
2021-03-19,116.86974334716795,119.98999786376952,121.43000030517578,119.68000030517578,119.9000015258789,185549500
2021-03-22,120.1812973022461,123.38999938964844,123.87000274658205,120.26000213623048,120.33000183105467,111912300
2021-03-23,119.35343170166016,122.54000091552734,124.23999786376952,122.13999938964844,123.33000183105467,95467100
2021-03-24,116.9671401977539,120.08999633789062,122.9000015258789,120.06999969482422,122.81999969482422,88530500
2021-03-25,117.4541473388672,120.58999633789062,121.66000366210938,119.0,119.54000091552734,98844700
2021-03-26,118.0580062866211,121.20999908447266,121.4800033569336,118.91999816894533,120.3499984741211,94071200
2021-03-29,118.23332977294922,121.38999938964844,122.58000183105467,120.7300033569336,121.6500015258789,80819200
2021-03-30,116.78206634521484,119.9000015258789,120.4000015258789,118.86000061035156,120.11000061035156,85671900
2021-03-31,118.97356414794922,122.1500015258789,123.5199966430664,121.1500015258789,121.6500015258789,118323800
2021-04-01,119.80145263671876,123.0,124.18000030517578,122.48999786376952,123.66000366210938,75089100
2021-04-05,122.62605285644533,125.9000015258789,126.16000366210938,123.06999969482422,123.87000274658205,88651200
2021-04-06,122.927978515625,126.20999908447266,127.12999725341795,125.6500015258789,126.5,80171300
2021-04-07,124.57401275634766,127.9000015258789,127.91999816894533,125.13999938964844,125.83000183105467,83466700
2021-04-08,126.97006225585938,130.36000061035156,130.38999938964844,128.52000427246094,128.9499969482422,88844600
2021-04-09,129.54141235351562,133.0,133.0399932861328,129.47000122070312,129.8000030517578,106686700
2021-04-12,127.8271713256836,131.24000549316406,132.85000610351562,130.6300048828125,132.52000427246094,91420000
2021-04-13,130.9342041015625,134.42999267578125,134.66000366210938,131.92999267578125,132.44000244140625,91266500
2021-04-14,128.5966339111328,132.02999877929688,135.0,131.66000366210938,134.94000244140625,87222800
2021-04-15,131.0023956298828,134.5,135.0,133.63999938964844,133.82000732421875,89347100
2021-04-16,130.67120361328125,134.16000366210938,134.6699981689453,133.27999877929688,134.3000030517578,84922400
2021-04-19,131.33355712890625,134.83999633789062,135.47000122070312,133.33999633789062,133.50999450683594,94264200
2021-04-20,129.6485595703125,133.11000061035156,135.52999877929688,131.80999755859375,135.02000427246094,94812300
2021-04-21,130.0283966064453,133.5,133.75,131.3000030517578,132.36000061035156,68847100
2021-04-22,128.50901794433594,131.94000244140625,134.14999389648438,131.41000366210938,133.0399932861328,84566500
2021-04-23,130.8271026611328,134.32000732421875,135.1199951171875,132.16000366210938,132.16000366210938,78657500
2021-04-26,131.21669006347656,134.72000122070312,135.05999755859375,133.55999755859375,134.8300018310547,66905100
2021-04-27,130.89524841308594,134.38999938964844,135.41000366210938,134.11000061035156,135.00999450683594,66015800
2021-04-28,130.10633850097656,133.5800018310547,135.02000427246094,133.0800018310547,134.30999755859375,107760100
2021-04-29,130.00894165039062,133.47999572753906,137.07000732421875,132.4499969482422,136.47000122070312,151101000
2021-04-30,128.04150390625,131.4600067138672,133.55999755859375,131.07000732421875,131.77999877929688,109839500
2021-05-03,129.09335327148438,132.5399932861328,134.07000732421875,131.8300018310547,132.0399932861328,75135100
2021-05-04,124.52532958984376,127.8499984741211,131.49000549316406,126.6999969482422,131.19000244140625,137564700
2021-05-05,124.76882934570312,128.10000610351562,130.4499969482422,127.97000122070312,129.1999969482422,84000900
2021-05-06,126.36620330810548,129.74000549316406,129.75,127.12999725341795,127.88999938964844,78128300
2021-05-07,127.03937530517578,130.2100067138672,131.25999450683594,129.47999572753906,130.85000610351562,78973300
2021-05-10,123.76119232177734,126.8499984741211,129.5399932861328,126.80999755859376,129.41000366210938,88071200
2021-05-11,122.84410095214844,125.91000366210938,126.2699966430664,122.7699966430664,123.5,126142800
2021-05-12,119.78055572509766,122.7699966430664,124.63999938964844,122.25,123.4000015258789,112172300
2021-05-13,121.9269790649414,124.97000122070312,126.1500015258789,124.26000213623048,124.58000183105467,105861300
2021-05-14,124.34658813476562,127.4499969482422,127.88999938964844,125.8499984741211,126.25,81918000
2021-05-17,123.1953353881836,126.2699966430664,126.93000030517578,125.16999816894533,126.81999969482422,74244600
2021-05-18,121.80988311767578,124.8499984741211,126.98999786376952,124.77999877929688,126.55999755859376,63342900
2021-05-19,121.65379333496094,124.69000244140624,124.91999816894533,122.86000061035156,123.16000366210938,92612000
2021-05-20,124.2100067138672,127.30999755859376,127.72000122070312,125.0999984741211,125.2300033569336,76857100
2021-05-21,122.37580871582033,125.43000030517578,128.0,125.20999908447266,127.81999969482422,79295400
2021-05-24,124.00511932373048,127.0999984741211,127.94000244140624,125.94000244140624,126.01000213623048,63092900
2021-05-25,123.80999755859376,126.9000015258789,128.32000732421875,126.31999969482422,127.81999969482422,72009500
2021-05-26,123.76119232177734,126.8499984741211,127.38999938964844,126.41999816894533,126.95999908447266,56575900
2021-05-27,122.22943115234376,125.27999877929688,127.63999938964844,125.08000183105467,126.44000244140624,94625600
2021-05-28,121.5757293701172,124.61000061035156,125.8000030517578,124.5500030517578,125.56999969482422,71311100
2021-06-01,121.25377655029295,124.27999877929688,125.3499984741211,123.94000244140624,125.08000183105467,67637100
2021-06-02,122.01478576660156,125.05999755859376,125.23999786376952,124.0500030517578,124.27999877929688,59278900
2021-06-03,120.53179168701172,123.54000091552734,124.8499984741211,123.12999725341795,124.68000030517578,76229200
2021-06-04,122.82456970214844,125.88999938964844,126.16000366210938,123.8499984741211,124.06999969482422,75169300
2021-06-07,122.83433532714844,125.9000015258789,126.31999969482422,124.83000183105467,126.16999816894533,71057600
2021-06-08,123.65388488769533,126.73999786376952,128.4600067138672,126.20999908447266,126.5999984741211,74403800
2021-06-09,124.0343780517578,127.12999725341795,127.75,126.5199966430664,127.20999908447266,56877900
2021-06-10,123.0392074584961,126.11000061035156,128.19000244140625,125.94000244140624,127.0199966430664,71186400
2021-06-11,124.24901580810548,127.3499984741211,127.44000244140624,126.0999984741211,126.52999877929688,53522400
2021-06-14,127.30276489257812,130.47999572753906,130.5399932861328,127.06999969482422,127.81999969482422,96906500
2021-06-15,126.4832763671875,129.63999938964844,130.60000610351562,129.38999938964844,129.94000244140625,62746300
2021-06-16,126.9808578491211,130.14999389648438,130.88999938964844,128.4600067138672,130.3699951171875,91815000
2021-06-17,128.58091735839844,131.7899932861328,132.5500030517578,129.64999389648438,129.8000030517578,96721700
2021-06-18,127.2833023071289,130.4600067138672,131.50999450683594,130.24000549316406,130.7100067138672,108953300
2021-06-21,129.07852172851562,132.3000030517578,132.41000366210938,129.2100067138672,130.3000030517578,79663300
2021-06-22,130.71755981445312,133.97999572753906,134.0800018310547,131.6199951171875,132.1300048828125,74783600
2021-06-23,130.44439697265625,133.6999969482422,134.32000732421875,133.22999572753906,133.77000427246094,60214200
2021-06-24,130.1614532470703,133.41000366210938,134.63999938964844,132.92999267578125,134.4499969482422,68711000
2021-06-25,129.86878967285156,133.11000061035156,133.88999938964844,132.80999755859375,133.4600067138672,70783700
2021-06-28,131.4980926513672,134.77999877929688,135.25,133.35000610351562,133.41000366210938,62111300
2021-06-29,133.01036071777344,136.3300018310547,136.49000549316406,134.35000610351562,134.8000030517578,64556100
2021-06-30,133.62503051757812,136.9600067138672,137.41000366210938,135.8699951171875,136.1699981689453,63261400
2021-07-01,133.927490234375,137.27000427246094,137.3300018310547,135.75999450683594,136.60000610351562,52485800
2021-07-02,136.5519561767578,139.9600067138672,140.0,137.75,137.89999389648438,78852600
2021-07-06,138.56179809570312,142.02000427246094,143.14999389648438,140.07000732421875,140.07000732421875,108181800
2021-07-07,141.04971313476562,144.57000732421875,144.88999938964844,142.66000366210938,143.5399932861328,104911600
2021-07-08,139.7521209716797,143.24000549316406,144.05999755859375,140.6699981689453,141.5800018310547,105575500
2021-07-09,141.57656860351562,145.11000061035156,145.64999389648438,142.64999389648438,142.75,99890800
2021-07-12,140.98138427734375,144.5,146.32000732421875,144.0,146.2100067138672,76299700
2021-07-13,142.09365844726562,145.63999938964844,147.4600067138672,143.6300048828125,144.02999877929688,100827100
2021-07-14,145.51817321777344,149.14999389648438,149.57000732421875,147.67999267578125,148.10000610351562,127050800
2021-07-15,144.86453247070312,148.47999572753906,150.0,147.08999633789062,149.24000549316406,106820300
2021-07-16,142.82537841796875,146.38999938964844,149.75999450683594,145.8800048828125,148.4600067138672,93251400
2021-07-19,138.98133850097656,142.4499969482422,144.07000732421875,141.6699981689453,143.75,121434600
2021-07-20,142.59124755859375,146.14999389648438,147.10000610351562,142.9600067138672,143.4600067138672,96350000
2021-07-21,141.85948181152344,145.39999389648438,146.1300048828125,144.6300048828125,145.52999877929688,74993500
2021-07-22,143.22540283203125,146.8000030517578,148.1999969482422,145.80999755859375,145.94000244140625,77338200
2021-07-23,144.9425506591797,148.55999755859375,148.72000122070312,146.9199981689453,147.5500030517578,71447400
2021-07-26,145.36209106445312,148.99000549316406,149.8300018310547,147.6999969482422,148.27000427246094,72434100
2021-07-27,143.19615173339844,146.77000427246094,149.2100067138672,145.5500030517578,149.1199951171875,104818600
2021-07-28,141.44973754882812,144.97999572753906,146.97000122070312,142.5399932861328,144.80999755859375,118931200
2021-07-29,142.09365844726562,145.63999938964844,146.5500030517578,144.5800018310547,144.69000244140625,56699500
2021-07-30,142.30831909179688,145.86000061035156,146.3300018310547,144.11000061035156,144.3800048828125,70440600
2021-08-02,141.9765625,145.52000427246094,146.9499969482422,145.25,146.36000061035156,62880000
2021-08-03,143.7717742919922,147.36000061035156,148.0399932861328,145.17999267578125,145.80999755859375,64786600
2021-08-04,143.37173461914062,146.9499969482422,147.7899932861328,146.27999877929688,147.27000427246094,56368300
2021-08-05,143.47909545898438,147.05999755859375,147.83999633789062,146.1699981689453,146.97999572753906,46397700
2021-08-06,142.7950897216797,146.13999938964844,147.11000061035156,145.6300048828125,146.35000610351562,54126800
2021-08-09,142.74624633789062,146.08999633789062,146.6999969482422,145.52000427246094,146.1999969482422,48908700
2021-08-10,142.26748657226562,145.60000610351562,147.7100067138672,145.3000030517578,146.44000244140625,69023100
2021-08-11,142.52151489257812,145.86000061035156,146.72000122070312,145.52999877929688,146.0500030517578,48493500
2021-08-12,145.482177734375,148.88999938964844,149.0500030517578,145.83999633789062,146.19000244140625,72282600
2021-08-13,145.68736267089844,149.10000610351562,149.44000244140625,148.27000427246094,148.97000122070312,59375000
2021-08-16,147.66111755371094,151.1199951171875,151.19000244140625,146.47000122070312,148.5399932861328,103296000
2021-08-17,146.75241088867188,150.19000244140625,151.67999267578125,149.08999633789062,150.22999572753906,92229700
2021-08-18,143.0100860595703,146.36000061035156,150.72000122070312,146.14999389648438,149.8000030517578,86326000
2021-08-19,143.34226989746094,146.6999969482422,148.0,144.5,145.02999877929688,86960300
2021-08-20,144.79818725585938,148.19000244140625,148.5,146.77999877929688,147.44000244140625,60549600
2021-08-23,146.28338623046875,149.7100067138672,150.19000244140625,147.88999938964844,148.30999755859375,60131800
2021-08-24,146.19541931152344,149.6199951171875,150.86000061035156,149.14999389648438,149.4499969482422,48606400
2021-08-25,144.9643096923828,148.36000061035156,150.32000732421875,147.8000030517578,149.80999755859375,58991300
2021-08-26,144.16307067871094,147.5399932861328,149.1199951171875,147.50999450683594,148.35000610351562,48597200
2021-08-27,145.19879150390625,148.60000610351562,148.75,146.8300018310547,147.47999572753906,55802400
2021-08-30,149.61537170410156,153.1199951171875,153.49000549316406,148.61000061035156,149.0,90956700
2021-08-31,148.3548583984375,151.8300018310547,152.8000030517578,151.2899932861328,152.66000366210938,86453100
2021-09-01,149.01927185058594,152.50999450683594,154.97999572753906,152.33999633789062,152.8300018310547,80313700
2021-09-02,150.13320922851562,153.64999389648438,154.72000122070312,152.39999389648438,153.8699951171875,71115500
2021-09-03,150.7683563232422,154.3000030517578,154.6300048828125,153.08999633789062,153.75999450683594,57808700
2021-09-07,153.10366821289062,156.69000244140625,157.25999450683594,154.38999938964844,154.97000122070312,82278300
2021-09-08,151.55979919433594,155.11000061035156,157.0399932861328,153.97999572753906,156.97999572753906,74420200
2021-09-09,150.54360961914062,154.07000732421875,156.11000061035156,153.9499969482422,155.49000549316406,57305700
2021-09-10,145.56031799316406,148.97000122070312,155.47999572753906,148.6999969482422,155.0,140893200
2021-09-13,146.1270751953125,149.5500030517578,151.4199981689453,148.75,150.6300048828125,102404300
2021-09-14,144.72979736328125,148.1199951171875,151.07000732421875,146.91000366210938,150.35000610351562,109296300
2021-09-15,145.61895751953125,149.02999877929688,149.44000244140625,146.3699951171875,148.55999755859375,83281300
2021-09-16,145.38446044921875,148.7899932861328,148.97000122070312,147.22000122070312,148.44000244140625,68034100
2021-09-17,142.71693420410156,146.05999755859375,148.82000732421875,145.75999450683594,148.82000732421875,129868800
2021-09-20,139.6684112548828,142.94000244140625,144.83999633789062,141.27000427246094,143.8000030517578,123478900
2021-09-21,140.14715576171875,143.42999267578125,144.60000610351562,142.77999877929688,143.92999267578125,75834000
2021-09-22,142.51177978515625,145.85000610351562,146.42999267578125,143.6999969482422,144.4499969482422,76404300
2021-09-23,143.4693145751953,146.8300018310547,147.0800018310547,145.63999938964844,146.64999389648438,64838200
2021-09-24,143.55728149414062,146.9199981689453,147.47000122070312,145.55999755859375,145.66000366210938,53477900
2021-09-27,142.04270935058594,145.3699951171875,145.9600067138672,143.82000732421875,145.47000122070312,74150700
2021-09-28,138.66195678710938,141.91000366210938,144.75,141.69000244140625,143.25,108972300
2021-09-29,139.5608673095703,142.8300018310547,144.4499969482422,142.02999877929688,142.47000122070312,74602000
2021-09-30,138.26133728027344,141.5,144.3800048828125,141.27999877929688,143.66000366210938,89056700
2021-10-01,139.38499450683594,142.64999389648438,142.9199981689453,139.11000061035156,141.89999389648438,94639600
2021-10-04,135.95533752441406,139.13999938964844,142.2100067138672,138.27000427246094,141.75999450683594,98322000
2021-10-05,137.88021850585938,141.11000061035156,142.24000549316406,139.36000061035156,139.49000549316406,80861100
2021-10-06,138.74986267089844,142.0,142.14999389648438,138.3699951171875,139.47000122070312,83221100
2021-10-07,140.01034545898438,143.2899932861328,144.22000122070312,142.72000122070312,143.05999755859375,61732700
2021-10-08,139.62925720214844,142.89999389648438,144.17999267578125,142.55999755859375,144.02999877929688,58773200
2021-10-11,139.5413055419922,142.80999755859375,144.80999755859375,141.80999755859375,142.27000427246094,64452200
2021-10-12,138.27108764648438,141.50999450683594,143.25,141.0399932861328,143.22999572753906,73035900
2021-10-13,137.68479919433594,140.91000366210938,141.39999389648438,139.1999969482422,141.24000549316406,78762700
2021-10-14,140.46957397460938,143.75999450683594,143.8800048828125,141.50999450683594,142.11000061035156,69907100
2021-10-15,141.52484130859375,144.83999633789062,144.89999389648438,143.50999450683594,143.77000427246094,67940300
2021-10-18,143.1957550048828,146.5500030517578,146.83999633789062,143.16000366210938,143.4499969482422,85589200
2021-10-19,145.35513305664062,148.75999450683594,149.1699981689453,146.5500030517578,147.00999450683594,76378900
2021-10-20,145.84368896484375,149.25999450683594,149.75,148.1199951171875,148.6999969482422,58418800
2021-10-21,146.0586700439453,149.47999572753906,149.63999938964844,147.8699951171875,148.80999755859375,61421000
2021-10-22,145.28675842285156,148.69000244140625,150.17999267578125,148.63999938964844,149.69000244140625,58883400
2021-10-25,145.23788452148438,148.63999938964844,149.3699951171875,147.6199951171875,148.67999267578125,50720600
2021-10-26,145.9022979736328,149.32000732421875,150.83999633789062,149.00999450683594,149.3300018310547,60893400
2021-10-27,145.4430694580078,148.85000610351562,149.72999572753906,148.49000549316406,149.36000061035156,56094900
2021-10-28,149.0779266357422,152.57000732421875,153.1699981689453,149.72000122070312,149.82000732421875,100077900
2021-10-29,146.37130737304688,149.8000030517578,149.94000244140625,146.41000366210938,147.22000122070312,124953200
2021-11-01,145.5505828857422,148.9600067138672,149.6999969482422,147.8000030517578,148.99000549316406,74588300
2021-11-02,146.58633422851562,150.02000427246094,151.57000732421875,148.64999389648438,148.66000366210938,69122000
2021-11-03,148.02264404296875,151.49000549316406,151.97000122070312,149.82000732421875,150.38999938964844,54511500
2021-11-04,147.5048065185547,150.9600067138672,152.42999267578125,150.63999938964844,151.5800018310547,60394600
2021-11-05,148.03321838378906,151.27999877929688,152.1999969482422,150.05999755859375,151.88999938964844,65463900
2021-11-08,147.21119689941406,150.44000244140625,151.57000732421875,150.16000366210938,151.41000366210938,55020900
2021-11-09,147.5732879638672,150.80999755859375,151.42999267578125,150.05999755859375,150.1999969482422,56787900
2021-11-10,144.7453155517578,147.9199981689453,150.1300048828125,147.85000610351562,150.02000427246094,65187100
2021-11-11,144.6963653564453,147.8699951171875,149.42999267578125,147.67999267578125,148.9600067138672,41000000
2021-11-12,146.77090454101562,149.99000549316406,150.39999389648438,147.47999572753906,148.42999267578125,63804000
2021-11-15,146.7806854248047,150.0,151.8800048828125,149.42999267578125,150.3699951171875,59222800
2021-11-16,147.7592315673828,151.0,151.49000549316406,149.33999633789062,149.94000244140625,59256200
2021-11-17,150.19577026367188,153.49000549316406,155.0,150.99000549316406,151.0,88807000
2021-11-18,154.48171997070312,157.8699951171875,158.6699981689453,153.0500030517578,153.7100067138672,137827700
2021-11-19,157.10423278808594,160.5500030517578,161.02000427246094,156.52999877929688,157.64999389648438,117305600
2021-11-22,157.5641632080078,161.02000427246094,165.6999969482422,161.0,161.67999267578125,117467900
2021-11-23,157.94580078125,161.41000366210938,161.8000030517578,159.05999755859375,161.1199951171875,96041900
2021-11-24,158.4644012451172,161.94000244140625,162.13999938964844,159.63999938964844,160.75,69463600
2021-11-26,153.44451904296875,156.80999755859375,160.4499969482422,156.36000061035156,159.57000732421875,76959800
2021-11-29,156.80087280273438,160.24000549316406,161.19000244140625,158.7899932861328,159.3699951171875,88748200
2021-11-30,161.75230407714844,165.3000030517578,165.52000427246094,159.9199981689453,159.99000549316406,174048100
2021-12-01,161.23367309570312,164.77000427246094,170.3000030517578,164.52999877929688,167.47999572753906,152052500
2021-12-02,160.24534606933594,163.75999450683594,164.1999969482422,157.8000030517578,158.74000549316406,136739200
2021-12-03,158.36654663085938,161.83999633789062,164.9600067138672,159.72000122070312,164.02000427246094,118023100
2021-12-06,161.77186584472656,165.32000732421875,167.8800048828125,164.27999877929688,164.2899932861328,107497000
2021-12-07,167.50607299804688,171.17999267578125,171.5800018310547,168.33999633789062,169.0800018310547,120405400
2021-12-08,171.32240295410156,175.0800018310547,175.9600067138672,170.6999969482422,172.1300048828125,116998900
2021-12-09,170.81358337402344,174.55999755859375,176.75,173.9199981689453,174.91000366210938,108923700
2021-12-10,175.59860229492188,179.4499969482422,179.6300048828125,174.69000244140625,175.2100067138672,115402700
2021-12-13,171.9682159423828,175.74000549316406,182.1300048828125,175.52999877929688,181.1199951171875,153237000
2021-12-14,170.58848571777344,174.3300018310547,177.74000549316406,172.2100067138672,175.25,139380400
2021-12-15,175.45181274414062,179.3000030517578,179.5,172.30999755859375,175.11000061035156,131063300
2021-12-16,168.56289672851562,172.25999450683594,181.13999938964844,170.75,179.27999877929688,150185800
2021-12-17,167.4669647216797,171.13999938964844,173.47000122070312,169.69000244140625,169.92999267578125,195432700
2021-12-20,166.10678100585938,169.75,170.5800018310547,167.4600067138672,168.27999877929688,107499100
2021-12-21,169.27725219726562,172.99000549316406,173.1999969482422,169.1199951171875,171.55999755859375,91185900
2021-12-22,171.870361328125,175.63999938964844,175.86000061035156,172.14999389648438,173.0399932861328,92135300
2021-12-23,172.49664306640625,176.27999877929688,176.85000610351562,175.27000427246094,175.85000610351562,68356600
2021-12-27,176.459716796875,180.3300018310547,180.4199981689453,177.07000732421875,177.08999633789062,74919600
2021-12-28,175.4420166015625,179.2899932861328,181.3300018310547,178.52999877929688,180.1600036621093,79144300
2021-12-29,175.5301055908203,179.3800048828125,180.6300048828125,178.13999938964844,179.3300018310547,62348900
2021-12-30,174.3754119873047,178.1999969482422,180.57000732421875,178.08999633789062,179.47000122070312,59773000
2021-12-31,173.7589569091797,177.57000732421875,179.22999572753906,177.25999450683594,178.08999633789062,64062300
2022-01-03,178.1036376953125,182.009994506836,182.8800048828125,177.7100067138672,177.8300018310547,104487900
2022-01-04,175.84324645996094,179.6999969482422,182.94000244140625,179.1199951171875,182.6300048828125,99310400
2022-01-05,171.1658477783203,174.9199981689453,180.1699981689453,174.63999938964844,179.61000061035156,94537600
2022-01-06,168.30848693847656,172.0,175.3000030517578,171.63999938964844,172.6999969482422,96904000
2022-01-07,168.4748077392578,172.1699981689453,174.13999938964844,171.02999877929688,172.88999938964844,86709100
2022-01-10,168.49440002441406,172.19000244140625,172.5,168.1699981689453,169.0800018310547,106765600
2022-01-11,171.32240295410156,175.0800018310547,175.17999267578125,170.82000732421875,172.32000732421875,76138300
2022-01-12,171.76275634765625,175.52999877929688,177.17999267578125,174.82000732421875,176.1199951171875,74805200
2022-01-13,168.49440002441406,172.19000244140625,176.6199951171875,171.7899932861328,175.77999877929688,84505800
2022-01-14,169.35557556152344,173.07000732421875,173.77999877929688,171.08999633789062,171.33999633789062,80440800
2022-01-18,166.1557159423828,169.8000030517578,172.5399932861328,169.41000366210938,171.50999450683594,90956700
2022-01-19,162.66233825683594,166.22999572753906,171.0800018310547,165.94000244140625,170.0,94815000
2022-01-20,160.97926330566406,164.50999450683594,169.67999267578125,164.17999267578125,166.97999572753906,91420500
2022-01-21,158.92433166503906,162.41000366210938,166.3300018310547,162.3000030517578,164.4199981689453,122848900
2022-01-24,158.15127563476562,161.6199951171875,162.3000030517578,154.6999969482422,160.02000427246094,162294600
2022-01-25,156.3507843017578,159.77999877929688,162.75999450683594,157.02000427246094,158.97999572753906,115798400
2022-01-26,156.26271057128906,159.69000244140625,164.38999938964844,157.82000732421875,163.5,108275300
2022-01-27,155.8027801513672,159.22000122070312,163.83999633789062,158.27999877929688,162.4499969482422,121954600
2022-01-28,166.67433166503906,170.3300018310547,170.35000610351562,162.8000030517578,165.7100067138672,179935700
2022-01-31,171.02882385253906,174.77999877929688,175.0,169.50999450683594,170.16000366210938,115541600
2022-02-01,170.86248779296875,174.61000061035156,174.83999633789062,172.30999755859375,174.00999450683594,86213900
2022-02-02,172.0660858154297,175.83999633789062,175.8800048828125,173.3300018310547,174.75,84914300
2022-02-03,169.18917846679688,172.89999389648438,176.24000549316406,172.1199951171875,174.47999572753906,89418100
2022-02-04,168.90504455566406,172.38999938964844,174.10000610351562,170.67999267578125,171.67999267578125,82465400
2022-02-07,168.18980407714844,171.66000366210938,173.9499969482422,170.9499969482422,172.86000061035156,77251200
2022-02-08,171.2957305908203,174.8300018310547,175.35000610351562,171.42999267578125,171.72999572753906,74829200
2022-02-09,172.71641540527344,176.27999877929688,176.64999389648438,174.89999389648438,176.0500030517578,71285000
2022-02-10,168.64047241210938,172.1199951171875,175.47999572753906,171.5500030517578,174.13999938964844,90865900
2022-02-11,165.23085021972656,168.63999938964844,173.0800018310547,168.0399932861328,172.3300018310547,98670700
2022-02-14,165.4660186767578,168.8800048828125,169.5800018310547,166.55999755859375,167.3699951171875,86185500
2022-02-15,169.29696655273438,172.7899932861328,172.9499969482422,170.25,170.97000122070312,62527400
2022-02-16,169.06185913085938,172.5500030517578,173.33999633789062,170.0500030517578,171.85000610351562,61177400
2022-02-17,165.4660186767578,168.8800048828125,171.91000366210938,168.47000122070312,171.02999877929688,69589300
2022-02-18,163.91793823242188,167.3000030517578,170.5399932861328,166.19000244140625,169.82000732421875,82772700
2022-02-22,160.99818420410156,164.32000732421875,166.69000244140625,162.14999389648438,164.97999572753906,91162800
2022-02-23,156.83412170410156,160.07000732421875,166.14999389648438,159.75,165.5399932861328,90009200
2022-02-24,159.4501495361328,162.74000549316406,162.85000610351562,152.0,152.5800018310547,141147500
2022-02-25,161.5175018310547,164.85000610351562,165.1199951171875,160.8699951171875,163.83999633789062,91974200
2022-02-28,161.7820587158203,165.1199951171875,165.4199981689453,162.42999267578125,163.05999755859375,95056600
2022-03-01,159.9008331298828,163.1999969482422,166.60000610351562,161.97000122070312,164.6999969482422,83474400
2022-03-02,163.1929168701172,166.55999755859375,167.36000061035156,162.9499969482422,164.38999938964844,79724800
2022-03-03,162.86959838867188,166.22999572753906,168.91000366210938,165.5500030517578,168.47000122070312,76678400
2022-03-04,159.87142944335938,163.1699981689453,165.5500030517578,162.10000610351562,164.49000549316406,83737200
2022-03-07,156.07968139648438,159.3000030517578,165.02000427246094,159.0399932861328,163.36000061035156,96418800
2022-03-08,154.2572784423828,157.44000244140625,162.8800048828125,155.8000030517578,158.82000732421875,131148300
2022-03-09,159.6558837890625,162.9499969482422,163.41000366210938,159.41000366210938,161.47999572753906,91454900
2022-03-10,155.31544494628906,158.52000427246094,160.38999938964844,155.97999572753906,160.1999969482422,105342000
2022-03-11,151.60205078125,154.72999572753906,159.27999877929688,154.5,158.92999267578125,96970100
2022-03-14,147.57516479492188,150.6199951171875,154.1199951171875,150.10000610351562,151.4499969482422,108732100
2022-03-15,151.95480346679688,155.08999633789062,155.57000732421875,150.3800048828125,150.89999389648438,92964300
2022-03-16,156.3638153076172,159.58999633789062,160.0,154.4600067138672,157.0500030517578,102300200
2022-03-17,157.37294006347656,160.6199951171875,161.0,157.6300048828125,158.61000061035156,75615400
2022-03-18,160.6650390625,163.97999572753906,164.47999572753906,159.75999450683594,160.50999450683594,123511700
2022-03-21,162.03677368164062,165.3800048828125,166.35000610351562,163.00999450683594,163.50999450683594,95811400
2022-03-22,165.40719604492188,168.82000732421875,169.4199981689453,164.91000366210938,165.50999450683594,81532000
2022-03-23,166.76914978027344,170.2100067138672,172.63999938964844,167.64999389648438,167.99000549316406,98062700
2022-03-24,170.5511016845703,174.07000732421875,174.13999938964844,170.2100067138672,171.05999755859375,90131400
2022-03-25,171.1879425048828,174.72000122070312,175.27999877929688,172.75,173.8800048828125,80546200
2022-03-28,172.05015563964844,175.60000610351562,175.72999572753906,172.0,172.1699981689453,90371900
2022-03-29,175.34222412109375,178.9600067138672,179.00999450683594,176.33999633789062,176.69000244140625,100589400
2022-03-30,174.17628479003906,177.77000427246094,179.61000061035156,176.6999969482422,178.5500030517578,92633200
2022-03-31,171.08018493652344,174.61000061035156,178.02999877929688,174.39999389648438,177.83999633789062,103049300
2022-04-01,170.7862548828125,174.30999755859375,174.8800048828125,171.94000244140625,174.02999877929688,78751300
2022-04-04,174.8327178955078,178.44000244140625,178.49000549316406,174.44000244140625,174.57000732421875,76468400
2022-04-05,171.5210723876953,175.05999755859375,178.3000030517578,174.4199981689453,177.5,73401800
2022-04-06,168.3563690185547,171.8300018310547,173.6300048828125,170.1300048828125,172.36000061035156,89058800
2022-04-07,168.66009521484375,172.13999938964844,173.36000061035156,169.85000610351562,171.16000366210938,77594700
2022-04-08,166.6515350341797,170.08999633789062,171.77999877929688,169.1999969482422,171.77999877929688,76575500
2022-04-11,162.39932250976562,165.75,169.02999877929688,165.5,168.7100067138672,72246700
2022-04-12,164.27066040039062,167.66000366210938,169.8699951171875,166.63999938964844,168.02000427246094,79265200
2022-04-13,166.95529174804688,170.39999389648438,171.0399932861328,166.77000427246094,167.38999938964844,70618900
2022-04-14,161.94857788085938,165.2899932861328,171.27000427246094,165.0399932861328,170.6199951171875,75329400
2022-04-18,161.73304748535156,165.07000732421875,166.60000610351562,163.57000732421875,163.9199981689453,69023900
2022-04-19,164.0159149169922,167.39999389648438,167.82000732421875,163.91000366210938,165.02000427246094,67723800
2022-04-20,163.849365234375,167.22999572753906,168.8800048828125,166.10000610351562,168.75999450683594,67929800
2022-04-21,163.05572509765625,166.4199981689453,171.52999877929688,165.91000366210938,168.91000366210938,87227800
2022-04-22,158.51931762695312,161.7899932861328,167.8699951171875,161.5,166.4600067138672,84882400
2022-04-25,159.58734130859375,162.8800048828125,163.1699981689453,158.4600067138672,161.1199951171875,96046400
2022-04-26,153.6302490234375,156.8000030517578,162.33999633789062,156.72000122070312,162.25,95623200
2022-04-27,153.40487670898438,156.57000732421875,159.7899932861328,155.3800048828125,155.91000366210938,88063200
2022-04-28,160.33193969726562,163.63999938964844,164.52000427246094,158.92999267578125,159.25,130216800
2022-04-29,154.46302795410156,157.64999389648438,166.1999969482422,157.25,161.83999633789062,131747600
2022-05-02,154.76675415039062,157.9600067138672,158.22999572753906,153.27000427246094,156.7100067138672,123055300
2022-05-03,156.2560577392578,159.47999572753906,160.7100067138672,156.32000732421875,158.14999389648438,88966500
2022-05-04,162.663818359375,166.02000427246094,166.47999572753906,159.25999450683594,159.6699981689453,108256500
2022-05-05,153.600830078125,156.77000427246094,164.0800018310547,154.9499969482422,163.85000610351562,130525300
2022-05-06,154.32693481445312,157.27999877929688,159.44000244140625,154.17999267578125,156.00999450683594,116124600
2022-05-09,149.2049102783203,152.05999755859375,155.8300018310547,151.49000549316406,154.92999267578125,131577900
2022-05-10,151.60894775390625,154.50999450683594,156.74000549316406,152.92999267578125,155.52000427246094,115366700
2022-05-11,143.7493133544922,146.5,155.4499969482422,145.80999755859375,153.5,142689800
2022-05-12,139.88331604003906,142.55999755859375,146.1999969482422,138.8000030517578,142.77000427246094,182602000
2022-05-13,144.347900390625,147.11000061035156,148.10000610351562,143.11000061035156,144.58999633789062,113990900
2022-05-16,142.807373046875,145.5399932861328,147.52000427246094,144.17999267578125,145.5500030517578,86643800
2022-05-17,146.43788146972656,149.24000549316406,149.77000427246094,146.67999267578125,148.86000061035156,78336300
2022-05-18,138.17601013183594,140.82000732421875,147.36000061035156,139.89999389648438,146.85000610351562,109742900
2022-05-19,134.77113342285156,137.35000610351562,141.66000366210938,136.60000610351562,139.8800048828125,136095600
2022-05-20,135.006591796875,137.58999633789062,140.6999969482422,132.61000061035156,139.08999633789062,137426100
2022-05-23,140.4229736328125,143.11000061035156,143.25999450683594,137.64999389648438,137.7899932861328,117726300
2022-05-24,137.72462463378906,140.36000061035156,141.97000122070312,137.3300018310547,140.80999755859375,104132700
2022-05-25,137.88160705566406,140.52000427246094,141.7899932861328,138.33999633789062,138.42999267578125,92482700
2022-05-26,141.0803985595703,143.77999877929688,144.33999633789062,137.13999938964844,137.38999938964844,90601500
2022-05-27,146.83038330078125,149.63999938964844,149.67999267578125,145.25999450683594,145.38999938964844,90978500
2022-05-31,146.04537963867188,148.83999633789062,150.66000366210938,146.83999633789062,149.07000732421875,103718400
2022-06-01,145.9178466796875,148.7100067138672,151.74000549316406,147.67999267578125,149.89999389648438,74286600
2022-06-02,148.37091064453125,151.2100067138672,151.27000427246094,146.86000061035156,147.8300018310547,72348100
2022-06-03,142.65037536621094,145.3800048828125,147.97000122070312,144.4600067138672,146.89999389648438,88570300
2022-06-06,143.39608764648438,146.13999938964844,148.57000732421875,144.89999389648438,147.02999877929688,71598400
2022-06-07,145.9178466796875,148.7100067138672,149.0,144.10000610351562,144.35000610351562,67808200
2022-06-08,145.1819305419922,147.9600067138672,149.8699951171875,147.4600067138672,148.5800018310547,53950200
2022-06-09,139.96180725097656,142.63999938964844,147.9499969482422,142.52999877929688,147.0800018310547,69473000
2022-06-10,134.5552215576172,137.1300048828125,140.75999450683594,137.05999755859375,140.27999877929688,91437900
2022-06-13,129.40383911132812,131.8800048828125,135.1999969482422,131.44000244140625,132.8699951171875,122207100
2022-06-14,130.26730346679688,132.75999450683594,133.88999938964844,131.47999572753906,133.1300048828125,84784300
2022-06-15,132.88719177246094,135.42999267578125,137.33999633789062,132.16000366210938,134.2899932861328,91533000
2022-06-16,127.61798095703124,130.05999755859375,132.38999938964844,129.0399932861328,132.0800018310547,108123900
2022-06-17,129.08987426757812,131.55999755859375,133.0800018310547,129.80999755859375,130.07000732421875,134520300
2022-06-21,133.3188934326172,135.8699951171875,137.05999755859375,133.32000732421875,133.4199981689453,81000500
2022-06-22,132.8086700439453,135.35000610351562,137.75999450683594,133.91000366210938,134.7899932861328,73409200
2022-06-23,135.67384338378906,138.27000427246094,138.58999633789062,135.6300048828125,136.82000732421875,72433800
2022-06-24,139.00021362304688,141.66000366210938,141.91000366210938,139.77000427246094,139.89999389648438,89116800
2022-06-27,139.00021362304688,141.66000366210938,143.49000549316406,140.97000122070312,142.6999969482422,70207900
2022-06-28,134.85940551757812,137.44000244140625,143.4199981689453,137.32000732421875,142.1300048828125,67083400
2022-06-29,136.6158447265625,139.22999572753906,140.6699981689453,136.6699981689453,137.4600067138672,66242400
2022-06-30,134.1529541015625,136.72000122070312,138.3699951171875,133.77000427246094,137.25,98964500
2022-07-01,136.32144165039062,138.92999267578125,139.0399932861328,135.66000366210938,136.0399932861328,71051600
2022-07-05,138.9020538330078,141.55999755859375,141.61000061035156,136.92999267578125,137.77000427246094,73353800
2022-07-06,140.23654174804688,142.9199981689453,144.1199951171875,141.0800018310547,141.35000610351562,74064300
2022-07-07,143.60218811035156,146.35000610351562,146.5500030517578,143.27999877929688,143.2899932861328,66253700
2022-07-08,144.27920532226562,147.0399932861328,147.5500030517578,145.0,145.25999450683594,64547800
2022-07-11,142.1499481201172,144.8699951171875,146.63999938964844,143.77999877929688,145.6699981689453,63141600
2022-07-12,143.12132263183594,145.86000061035156,148.4499969482422,145.0500030517578,145.75999450683594,77588800
2022-07-13,142.75828552246094,145.49000549316406,146.4499969482422,142.1199951171875,142.99000549316406,71185600
2022-07-14,145.68234252929688,148.47000122070312,148.9499969482422,143.25,144.0800018310547,78140700
2022-07-15,147.35043334960938,150.1699981689453,150.86000061035156,148.1999969482422,149.77999877929688,76259900
2022-07-18,144.30860900878906,147.07000732421875,151.57000732421875,146.6999969482422,150.74000549316406,81420900
2022-07-19,148.1648406982422,151.0,151.22999572753906,146.91000366210938,147.9199981689453,82982400
2022-07-20,150.16650390625,153.0399932861328,153.72000122070312,150.3699951171875,151.1199951171875,64823400
2022-07-21,152.4331817626953,155.35000610351562,155.57000732421875,151.94000244140625,154.5,65086600
2022-07-22,151.1968231201172,154.08999633789062,156.27999877929688,153.41000366210938,155.38999938964844,66675400
2022-07-25,150.07821655273438,152.9499969482422,155.0399932861328,152.27999877929688,154.00999450683594,53623900
2022-07-26,148.75357055664062,151.60000610351562,153.08999633789062,150.8000030517578,152.25999450683594,55138700
2022-07-27,153.8461151123047,156.7899932861328,157.3300018310547,152.16000366210938,152.5800018310547,78620700
2022-07-28,154.39559936523438,157.35000610351562,157.63999938964844,154.41000366210938,156.97999572753906,81378700
2022-07-29,159.458740234375,162.50999450683594,163.6300048828125,159.5,161.24000549316406,101786900
2022-08-01,158.47747802734375,161.50999450683594,163.58999633789062,160.88999938964844,161.00999450683594,67829400
2022-08-02,157.00567626953125,160.00999450683594,162.41000366210938,159.6300048828125,160.10000610351562,59907000
2022-08-03,163.0107421875,166.1300048828125,166.58999633789062,160.75,160.83999633789062,82507500
2022-08-04,162.69676208496094,165.80999755859375,167.19000244140625,164.42999267578125,166.00999450683594,55474100
2022-08-05,162.4707794189453,165.35000610351562,165.85000610351562,163.0,163.2100067138672,56697000
2022-08-08,161.99911499023438,164.8699951171875,167.80999755859375,164.1999969482422,166.3699951171875,60276900
2022-08-09,162.04824829101562,164.9199981689453,165.82000732421875,163.25,164.02000427246094,63135500
2022-08-10,166.29302978515625,169.24000549316406,169.33999633789062,166.89999389648438,167.67999267578125,70170500
2022-08-11,165.55609130859375,168.49000549316406,170.99000549316406,168.19000244140625,170.05999755859375,57149200
2022-08-12,169.1032257080078,172.10000610351562,172.1699981689453,169.39999389648438,169.82000732421875,68039400
2022-08-15,170.17425537109375,173.19000244140625,173.38999938964844,171.35000610351562,171.52000427246094,54091700
2022-08-16,170.01702880859375,173.02999877929688,173.7100067138672,171.66000366210938,172.77999877929688,56377100
2022-08-17,171.5105743408203,174.5500030517578,176.14999389648438,172.57000732421875,172.77000427246094,79542000
2022-08-18,171.1175079345703,174.14999389648438,174.89999389648438,173.1199951171875,173.75,62290100
2022-08-19,168.53334045410156,171.52000427246094,173.74000549316406,171.30999755859375,173.02999877929688,70346300
2022-08-22,164.65213012695312,167.57000732421875,169.86000061035156,167.13999938964844,169.69000244140625,69026800
2022-08-23,164.31800842285156,167.22999572753906,168.7100067138672,166.64999389648438,167.0800018310547,54147100
2022-08-24,164.61280822753906,167.52999877929688,168.11000061035156,166.25,167.32000732421875,53841500
2022-08-25,167.06927490234375,170.02999877929688,170.13999938964844,168.35000610351562,168.77999877929688,51218200
2022-08-26,160.77088928222656,163.6199951171875,171.0500030517578,163.55999755859375,170.57000732421875,78961000
2022-08-29,158.5699005126953,161.3800048828125,162.89999389648438,159.82000732421875,161.14999389648438,73314000
2022-08-30,156.14291381835938,158.91000366210938,162.55999755859375,157.72000122070312,162.1300048828125,77906200
2022-08-31,154.4823455810547,157.22000122070312,160.5800018310547,157.13999938964844,160.30999755859375,87991100
2022-09-01,155.20944213867188,157.9600067138672,158.4199981689453,154.6699981689453,156.63999938964844,74229900
2022-09-02,153.09689331054688,155.80999755859375,160.36000061035156,154.97000122070312,159.75,76957800
2022-09-06,151.8391876220703,154.52999877929688,157.08999633789062,153.69000244140625,156.47000122070312,73714800
2022-09-07,153.24429321289062,155.9600067138672,156.6699981689453,153.61000061035156,154.82000732421875,87449600
2022-09-08,151.77040100097656,154.4600067138672,156.36000061035156,152.67999267578125,154.63999938964844,84923800
2022-09-09,154.62969970703125,157.3699951171875,157.82000732421875,154.75,155.47000122070312,68028800
2022-09-12,160.58419799804688,163.42999267578125,164.25999450683594,159.3000030517578,159.58999633789062,104956000
2022-09-13,151.1611785888672,153.83999633789062,160.5399932861328,153.3699951171875,159.89999389648438,122656600
2022-09-14,152.60560607910156,155.30999755859375,157.10000610351562,153.61000061035156,154.7899932861328,87965400
2022-09-15,149.71678161621094,152.3699951171875,155.24000549316406,151.3800048828125,154.64999389648438,90481100
2022-09-16,148.07583618164062,150.6999969482422,151.35000610351562,148.3699951171875,151.2100067138672,162278800
2022-09-19,151.7900390625,154.47999572753906,154.55999755859375,149.10000610351562,149.30999755859375,81474200
2022-09-20,154.1679229736328,156.89999389648438,158.0800018310547,153.0800018310547,153.39999389648438,107689800
2022-09-21,151.04327392578125,153.72000122070312,158.74000549316406,153.60000610351562,157.33999633789062,101696800
2022-09-22,150.0803680419922,152.74000549316406,154.47000122070312,150.91000366210938,152.3800048828125,86652500
2022-09-23,147.81056213378906,150.42999267578125,151.47000122070312,148.55999755859375,151.19000244140625,96029900
2022-09-26,148.14463806152344,150.77000427246094,153.77000427246094,149.63999938964844,149.66000366210938,93339400
2022-09-27,149.11740112304688,151.75999450683594,154.72000122070312,149.9499969482422,152.74000549316406,84442700
2022-09-28,147.23081970214844,149.83999633789062,150.63999938964844,144.83999633789062,147.63999938964844,146691400
2022-09-29,139.99900817871094,142.47999572753906,146.72000122070312,140.67999267578125,146.10000610351562,128138200
2022-09-30,135.79351806640625,138.1999969482422,143.10000610351562,138.0,141.27999877929688,124925300
2022-10-03,139.96954345703125,142.4499969482422,143.07000732421875,137.69000244140625,138.2100067138672,114311700
2022-10-04,143.55596923828125,146.10000610351562,146.22000122070312,144.25999450683594,145.02999877929688,87830100
2022-10-05,143.85072326660156,146.39999389648438,147.3800048828125,143.00999450683594,144.07000732421875,79471000
2022-10-06,142.8976287841797,145.42999267578125,147.5399932861328,145.22000122070312,145.80999755859375,68402200
2022-10-07,137.65061950683594,140.08999633789062,143.10000610351562,139.4499969482422,142.5399932861328,85925600
2022-10-10,137.97488403320312,140.4199981689453,141.88999938964844,138.57000732421875,140.4199981689453,74899000
2022-10-11,136.55995178222656,138.97999572753906,141.35000610351562,138.22000122070312,139.89999389648438,77033700
2022-10-12,135.93109130859375,138.33999633789062,140.36000061035156,138.16000366210938,139.1300048828125,70433700
2022-10-13,140.5001220703125,142.99000549316406,143.58999633789062,134.3699951171875,134.99000549316406,113224000
2022-10-14,135.97036743164062,138.3800048828125,144.52000427246094,138.19000244140625,144.30999755859375,88598000
2022-10-17,139.9302215576172,142.41000366210938,142.89999389648438,140.27000427246094,141.07000732421875,85250900
2022-10-18,141.24688720703125,143.75,146.6999969482422,140.61000061035156,145.49000549316406,99136600
2022-10-19,141.35496520996094,143.86000061035156,144.9499969482422,141.5,141.69000244140625,61758300
2022-10-20,140.89315795898438,143.38999938964844,145.88999938964844,142.64999389648438,143.02000427246094,64522000
2022-10-21,144.70558166503906,147.27000427246094,147.85000610351562,142.64999389648438,142.8699951171875,86548600
2022-10-24,146.84762573242188,149.4499969482422,150.22999572753906,146.0,147.19000244140625,75981900
2022-10-25,149.6873321533203,152.33999633789062,152.49000549316406,149.36000061035156,150.08999633789062,74732300
2022-10-26,146.74937438964844,149.35000610351562,151.99000549316406,148.0399932861328,150.9600067138672,88194300
2022-10-27,142.27859497070312,144.8000030517578,149.0500030517578,144.1300048828125,148.07000732421875,109180200
2022-10-28,153.02810668945312,155.74000549316406,157.5,147.82000732421875,148.1999969482422,164762400
2022-10-31,150.6698760986328,153.33999633789062,154.24000549316406,151.9199981689453,153.16000366210938,97943200
2022-11-01,148.02676391601562,150.64999389648438,155.4499969482422,149.1300048828125,155.0800018310547,80379300
2022-11-02,142.50462341308594,145.02999877929688,152.1699981689453,145.0,148.9499969482422,93604600
2022-11-03,136.46168518066406,138.8800048828125,142.8000030517578,138.75,142.05999755859375,97918500
2022-11-04,136.19595336914062,138.3800048828125,142.6699981689453,134.3800048828125,142.08999633789062,140814800
2022-11-07,136.7274169921875,138.9199981689453,139.14999389648438,135.6699981689453,137.11000061035156,83374600
2022-11-08,137.2982940673828,139.5,141.42999267578125,137.49000549316406,140.41000366210938,89908500
2022-11-09,132.74134826660156,134.8699951171875,138.5500030517578,134.58999633789062,138.5,74917800
2022-11-10,144.5519256591797,146.8699951171875,146.8699951171875,139.5,141.24000549316406,118854000
2022-11-11,147.33729553222656,149.6999969482422,150.00999450683594,144.3699951171875,145.82000732421875,93979700
2022-11-14,145.93971252441406,148.27999877929688,150.27999877929688,147.42999267578125,148.97000122070312,73374100
2022-11-15,147.67190551757812,150.0399932861328,153.58999633789062,148.55999755859375,152.22000122070312,89868300
2022-11-16,146.44163513183594,148.7899932861328,149.8699951171875,147.2899932861328,149.1300048828125,64218300
2022-11-17,148.34120178222656,150.72000122070312,151.47999572753906,146.14999389648438,146.42999267578125,80389400
2022-11-18,148.90220642089844,151.2899932861328,152.6999969482422,149.97000122070312,152.30999755859375,74829600
2022-11-21,145.67396545410156,148.00999450683594,150.3699951171875,147.72000122070312,150.16000366210938,58724100
2022-11-22,147.80967712402344,150.17999267578125,150.4199981689453,146.92999267578125,148.1300048828125,51804100
2022-11-23,148.68568420410156,151.07000732421875,151.8300018310547,149.33999633789062,149.4499969482422,58301400
2022-11-25,145.7723846435547,148.11000061035156,148.8800048828125,147.1199951171875,148.30999755859375,35195900
2022-11-28,141.9437713623047,144.22000122070312,146.63999938964844,143.3800048828125,145.13999938964844,69246000
2022-11-29,138.9419403076172,141.1699981689453,144.80999755859375,140.35000610351562,144.2899932861328,83763800
2022-11-30,145.69363403320312,148.02999877929688,148.72000122070312,140.5500030517578,141.39999389648438,111380900
2022-12-01,145.96920776367188,148.30999755859375,149.1300048828125,146.61000061035156,148.2100067138672,71250400
2022-12-02,145.4770965576172,147.80999755859375,148.0,145.64999389648438,145.9600067138672,65447400
2022-12-05,144.3157501220703,146.6300048828125,150.9199981689453,145.77000427246094,147.77000427246094,68826400
2022-12-06,140.65447998046875,142.91000366210938,147.3000030517578,141.9199981689453,147.07000732421875,64727200
2022-12-07,138.71556091308594,140.94000244140625,143.3699951171875,140.0,142.19000244140625,69721100
2022-12-08,140.3985595703125,142.64999389648438,143.52000427246094,141.10000610351562,142.36000061035156,62128300
2022-12-09,139.91629028320312,142.16000366210938,145.57000732421875,140.89999389648438,142.33999633789062,76097000
2022-12-12,142.20950317382812,144.49000549316406,144.5,141.05999755859375,142.6999969482422,70462700
2022-12-13,143.17404174804688,145.47000122070312,149.97000122070312,144.24000549316406,149.5,93886200
2022-12-14,140.94972229003906,143.2100067138672,146.66000366210938,141.16000366210938,145.35000610351562,82291200
2022-12-15,134.34561157226562,136.5,141.8000030517578,136.02999877929688,141.11000061035156,98931900
2022-12-16,132.3870391845703,134.50999450683594,137.64999389648438,133.72999572753906,136.69000244140625,160156900
2022-12-19,130.2808074951172,132.3699951171875,135.1999969482422,131.32000732421875,135.11000061035156,79592600
2022-12-20,130.21189880371094,132.3000030517578,133.25,129.88999938964844,131.38999938964844,77432800
2022-12-21,133.3121795654297,135.4499969482422,136.80999755859375,132.75,132.97999572753906,85928000
2022-12-22,130.1430206298828,132.22999572753906,134.55999755859375,130.3000030517578,134.35000610351562,77852100
2022-12-23,129.77886962890625,131.86000061035156,132.4199981689453,129.63999938964844,130.9199981689453,63814900
2022-12-27,127.97774505615234,130.02999877929688,131.41000366210938,128.72000122070312,131.3800048828125,69007800
2022-12-28,124.05071258544922,126.04000091552734,131.02999877929688,125.87000274658205,129.6699981689453,85438400
2022-12-29,127.56436920166016,129.61000061035156,130.47999572753906,127.7300033569336,127.98999786376952,75703700
2022-12-30,127.87931823730467,129.92999267578125,129.9499969482422,127.43000030517578,128.41000366210938,77034200
2023-01-03,123.09602355957033,125.06999969482422,130.89999389648438,124.16999816894533,130.27999877929688,112117500
2023-01-04,124.36566925048828,126.36000061035156,128.66000366210938,125.08000183105467,126.88999938964844,89113600
2023-01-05,123.04681396484376,125.0199966430664,127.7699966430664,124.76000213623048,127.12999725341795,80962700
2023-01-06,127.57421112060548,129.6199951171875,130.2899932861328,124.88999938964844,126.01000213623048,87754700
2023-01-09,128.0958251953125,130.14999389648438,133.41000366210938,129.88999938964844,130.47000122070312,70790800
2023-01-10,128.66668701171875,130.72999572753906,131.25999450683594,128.1199951171875,130.25999450683594,63896200
2023-01-11,131.3831329345703,133.49000549316406,133.50999450683594,130.4600067138672,131.25,69458900
2023-01-12,131.3043975830078,133.41000366210938,134.25999450683594,131.44000244140625,133.8800048828125,71379600
2023-01-13,132.63307189941406,134.75999450683594,134.9199981689453,131.66000366210938,132.02999877929688,57809700
2023-01-17,133.79446411132812,135.94000244140625,137.2899932861328,134.1300048828125,134.8300018310547,63646600
2023-01-18,133.07595825195312,135.2100067138672,138.61000061035156,135.02999877929688,136.82000732421875,69672800
2023-01-19,133.13504028320312,135.27000427246094,136.25,133.77000427246094,134.0800018310547,58280400
2023-01-20,135.69395446777344,137.8699951171875,138.02000427246094,134.22000122070312,135.27999877929688,80223600
2023-01-23,138.8828582763672,141.11000061035156,143.32000732421875,137.89999389648438,138.1199951171875,81760300
2023-01-24,140.28045654296875,142.52999877929688,143.16000366210938,140.3000030517578,140.30999755859375,66435100
2023-01-25,139.62106323242188,141.86000061035156,142.42999267578125,138.80999755859375,140.88999938964844,65799300
2023-01-26,141.68788146972656,143.9600067138672,144.25,141.89999389648438,143.1699981689453,54105100
2023-01-27,143.62677001953125,145.92999267578125,147.22999572753906,143.0800018310547,143.16000366210938,70555800
2023-01-30,140.74301147460938,143.0,145.5500030517578,142.85000610351562,144.9600067138672,64015300
2023-01-31,142.01266479492188,144.2899932861328,144.33999633789062,142.27999877929688,142.6999969482422,65874500
2023-02-01,143.13467407226562,145.42999267578125,146.61000061035156,141.32000732421875,143.97000122070312,77663600
2023-02-02,148.4396209716797,150.82000732421875,151.17999267578125,148.1699981689453,148.89999389648438,118339000
2023-02-03,152.0615234375,154.5,157.3800048828125,147.8300018310547,148.02999877929688,154357300
2023-02-06,149.3352508544922,151.72999572753906,153.10000610351562,150.77999877929688,152.57000732421875,69858300
2023-02-07,152.20916748046875,154.64999389648438,155.22999572753906,150.63999938964844,150.63999938964844,83322600
2023-02-08,149.522216796875,151.9199981689453,154.5800018310547,151.1699981689453,153.8800048828125,64120100
2023-02-09,148.4888153076172,150.8699951171875,154.3300018310547,150.4199981689453,153.77999877929688,56007100
2023-02-10,148.85354614257812,151.00999450683594,151.33999633789062,149.22000122070312,149.4600067138672,57450700
2023-02-13,151.6529998779297,153.85000610351562,154.25999450683594,150.9199981689453,150.9499969482422,62199000
2023-02-14,151.01223754882812,153.1999969482422,153.77000427246094,150.86000061035156,152.1199951171875,61707600
2023-02-15,153.11184692382812,155.3300018310547,155.5,152.8800048828125,153.11000061035156,65573800
2023-02-16,151.51498413085938,153.7100067138672,156.3300018310547,153.35000610351562,153.50999450683594,68167900
2023-02-17,150.37156677246094,152.5500030517578,153.0,150.85000610351562,152.35000610351562,59144100
2023-02-21,146.35968017578125,148.47999572753906,151.3000030517578,148.41000366210938,150.1999969482422,58867200
2023-02-22,146.7835235595703,148.91000366210938,149.9499969482422,147.16000366210938,148.8699951171875,51011300
2023-02-23,147.2665252685547,149.39999389648438,150.33999633789062,147.24000549316406,150.08999633789062,48394200
2023-02-24,144.61497497558594,146.7100067138672,147.19000244140625,145.72000122070312,147.11000061035156,55469600
2023-02-27,145.80764770507812,147.9199981689453,149.1699981689453,147.4499969482422,147.7100067138672,44998500
2023-02-28,145.30494689941406,147.41000366210938,149.0800018310547,146.8300018310547,147.0500030517578,50547000
2023-03-01,143.2349395751953,145.30999755859375,147.22999572753906,145.00999450683594,146.8300018310547,55479000
2023-03-02,143.82640075683594,145.91000366210938,146.7100067138672,143.89999389648438,144.3800048828125,52238100
2023-03-03,148.87326049804688,151.02999877929688,151.11000061035156,147.3300018310547,148.0399932861328,70732300
2023-03-06,151.63330078125,153.8300018310547,156.3000030517578,153.4600067138672,153.7899932861328,87558000
2023-03-07,149.4351348876953,151.60000610351562,154.02999877929688,151.1300048828125,153.6999969482422,56182000
2023-03-08,150.68699645996094,152.8699951171875,153.47000122070312,151.8300018310547,152.80999755859375,47204800
2023-03-09,148.4395294189453,150.58999633789062,154.5399932861328,150.22999572753906,153.55999755859375,53833600
2023-03-10,146.37937927246094,148.5,150.94000244140625,147.61000061035156,150.2100067138672,68572400
2023-03-13,148.32122802734375,150.47000122070312,153.13999938964844,147.6999969482422,147.80999755859375,84457100
2023-03-14,150.4109649658203,152.58999633789062,153.39999389648438,150.10000610351562,151.27999877929688,73695900
2023-03-15,150.80526733398438,152.99000549316406,153.25,149.9199981689453,151.19000244140625,77167900
2023-03-16,153.62442016601562,155.85000610351562,156.4600067138672,151.63999938964844,152.16000366210938,76161100
2023-03-17,152.7865447998047,155.0,156.74000549316406,154.27999877929688,156.0800018310547,98944600
2023-03-20,155.1522979736328,157.39999389648438,157.82000732421875,154.14999389648438,155.07000732421875,73641400
2023-03-21,157.00543212890625,159.27999877929688,159.39999389648438,156.5399932861328,157.32000732421875,73938300
2023-03-22,155.57615661621094,157.8300018310547,162.13999938964844,157.80999755859375,159.3000030517578,75701800
2023-03-23,156.66043090820312,158.92999267578125,161.5500030517578,157.67999267578125,158.8300018310547,67622100
2023-03-24,157.96157836914062,160.25,160.33999633789062,157.85000610351562,158.86000061035156,59196500
2023-03-27,156.0197296142578,158.27999877929688,160.77000427246094,157.8699951171875,159.94000244140625,52390300
2023-03-28,155.39871215820312,157.64999389648438,158.49000549316406,155.97999572753906,157.97000122070312,45992200
2023-03-29,158.4741668701172,160.77000427246094,161.0500030517578,159.35000610351562,159.3699951171875,51305700
2023-03-30,160.04147338867188,162.36000061035156,162.47000122070312,161.27000427246094,161.52999877929688,49501700
2023-03-31,162.545166015625,164.89999389648438,165.0,161.91000366210938,162.44000244140625,68749800
2023-04-03,163.79705810546875,166.1699981689453,166.2899932861328,164.22000122070312,164.27000427246094,56976200
2023-04-04,163.2647705078125,165.6300048828125,166.83999633789062,165.11000061035156,166.60000610351562,46278300
2023-04-05,161.4214630126953,163.75999450683594,165.0500030517578,161.8000030517578,164.74000549316406,51511700
2023-04-06,162.30860900878906,164.66000366210938,164.9600067138672,162.0,162.42999267578125,45390100
2023-04-10,159.71620178222656,162.02999877929688,162.02999877929688,160.0800018310547,161.4199981689453,47716900
2023-04-11,158.5037384033203,160.8000030517578,162.36000061035156,160.50999450683594,162.35000610351562,47644200
2023-04-12,157.813720703125,160.10000610351562,162.05999755859375,159.77999877929688,161.22000122070312,50133100
2023-04-13,163.1957550048828,165.55999755859375,165.8000030517578,161.4199981689453,161.6300048828125,68445600
2023-04-14,162.8507843017578,165.2100067138672,166.32000732421875,163.82000732421875,164.58999633789062,49386500
2023-04-17,162.8704833984375,165.22999572753906,165.38999938964844,164.02999877929688,165.08999633789062,41516200
2023-04-18,164.0927734375,166.47000122070312,167.41000366210938,165.64999389648438,166.10000610351562,49923000
2023-04-19,165.23619079589844,167.6300048828125,168.16000366210938,165.5399932861328,165.8000030517578,47720200
2023-04-20,164.27020263671875,166.64999389648438,167.8699951171875,165.55999755859375,166.08999633789062,52456400
2023-04-21,162.66348266601562,165.02000427246094,166.4499969482422,164.49000549316406,165.0500030517578,58337300
2023-04-24,162.96905517578125,165.3300018310547,165.60000610351562,163.88999938964844,165.0,41949600
2023-04-25,161.4313201904297,163.77000427246094,166.30999755859375,163.72999572753906,165.19000244140625,48714100
2023-04-26,161.4214630126953,163.75999450683594,165.27999877929688,162.8000030517578,163.05999755859375,45498800
2023-04-27,166.00509643554688,168.41000366210938,168.55999755859375,165.19000244140625,165.19000244140625,64902300
2023-04-28,167.25692749023438,169.67999267578125,169.85000610351562,167.8800048828125,168.49000549316406,55275900
2023-05-01,167.16819763183594,169.58999633789062,170.4499969482422,168.63999938964844,169.27999877929688,52472900
2023-05-02,166.1331787109375,168.5399932861328,170.35000610351562,167.5399932861328,170.08999633789062,48425700
2023-05-03,165.0587615966797,167.4499969482422,170.9199981689453,167.16000366210938,169.5,65136000
2023-05-04,163.42245483398438,165.7899932861328,167.0399932861328,164.30999755859375,164.88999938964844,81235400
2023-05-05,171.0913848876953,173.57000732421875,174.3000030517578,170.75999450683594,170.97999572753906,113453200
2023-05-08,171.0223846435547,173.5,173.85000610351562,172.11000061035156,172.47999572753906,55962800
2023-05-09,169.3170928955078,171.77000427246094,173.5399932861328,171.60000610351562,173.0500030517578,45326900
2023-05-10,171.08154296875,173.55999755859375,174.02999877929688,171.89999389648438,173.02000427246094,53724500
2023-05-11,171.26882934570312,173.75,174.58999633789062,172.1699981689453,173.85000610351562,49514700
2023-05-12,170.34095764160156,172.57000732421875,174.05999755859375,171.0,173.6199951171875,45533100
2023-05-15,169.847412109375,172.07000732421875,173.2100067138672,171.47000122070312,173.16000366210938,37266700
2023-05-16,169.847412109375,172.07000732421875,173.13999938964844,171.8000030517578,171.99000549316406,42110300
2023-05-17,170.4594268798828,172.69000244140625,172.92999267578125,170.4199981689453,171.7100067138672,57951600
2023-05-18,172.78890991210938,175.0500030517578,175.24000549316406,172.5800018310547,173.0,65496700
2023-05-19,172.89747619628906,175.16000366210938,176.38999938964844,174.94000244140625,176.38999938964844,55809500
2023-05-22,171.94989013671875,174.1999969482422,174.7100067138672,173.4499969482422,173.97999572753906,43570900
2023-05-23,169.343994140625,171.55999755859375,173.3800048828125,171.27999877929688,173.1300048828125,50747300
2023-05-24,169.62039184570312,171.83999633789062,172.4199981689453,170.52000427246094,171.08999633789062,45143500
2023-05-25,170.75550842285156,172.99000549316406,173.89999389648438,171.69000244140625,172.41000366210938,56058300
2023-05-26,173.16400146484375,175.42999267578125,175.77000427246094,173.11000061035156,173.32000732421875,54835000
2023-05-30,175.00987243652344,177.3000030517578,178.99000549316406,176.57000732421875,176.9600067138672,55964400
2023-05-31,174.9604949951172,177.25,179.35000610351562,176.75999450683594,177.3300018310547,99625300
2023-06-01,177.76380920410156,180.08999633789062,180.1199951171875,176.92999267578125,177.6999969482422,68901800
2023-06-02,178.61268615722656,180.9499969482422,181.77999877929688,179.25999450683594,181.02999877929688,61996900
2023-06-05,177.26040649414062,179.5800018310547,184.9499969482422,178.0399932861328,182.6300048828125,121946500
2023-06-06,176.8952178955078,179.2100067138672,180.1199951171875,177.42999267578125,179.97000122070312,64848400
2023-06-07,175.52313232421875,177.82000732421875,181.2100067138672,177.32000732421875,178.44000244140625,61944600
2023-06-08,178.23760986328125,180.57000732421875,180.83999633789065,177.4600067138672,177.89999389648438,50214900
2023-06-09,178.62257385253906,180.9600067138672,182.22999572753903,180.6300048828125,181.5,48900000
2023-06-12,181.416015625,183.7899932861328,183.88999938964844,180.97000122070312,181.2700042724609,54274900
2023-06-13,180.9422149658203,183.3099975585937,184.1499938964844,182.44000244140625,182.8000030517578,54929100
2023-06-14,181.57394409179688,183.9499969482422,184.38999938964844,182.0200042724609,183.3699951171875,57462900
2023-06-15,183.6073455810547,186.009994506836,186.5200042724609,183.77999877929688,183.9600067138672,65433200
2023-06-16,182.53143310546875,184.9199981689453,186.9900054931641,184.2700042724609,186.72999572753903,101256200
2023-06-20,182.6202392578125,185.009994506836,186.1000061035156,184.4100036621093,184.4100036621093,49799100
2023-06-21,181.58384704589844,183.9600067138672,185.4100036621093,182.58999633789065,184.8999938964844,49515700
2023-06-22,184.5845642089844,187.0,187.0500030517578,183.6699981689453,183.7400054931641,51245300
2023-06-23,184.2686920166016,186.67999267578125,187.5599975585937,185.009994506836,185.5500030517578,53117000
2023-06-26,182.8769073486328,185.2700042724609,188.0500030517578,185.22999572753903,186.8300018310547,48088700
2023-06-27,185.630859375,188.0599975585937,188.38999938964844,185.6699981689453,185.88999938964844,50730800
2023-06-28,186.8055114746093,189.25,189.8999938964844,187.6000061035156,187.92999267578125,51216800
2023-06-29,187.1410980224609,189.58999633789065,190.07000732421875,188.94000244140625,189.0800018310547,46347300
2023-06-30,191.46453857421875,193.97000122070312,194.47999572753903,191.259994506836,191.6300048828125,85213200
2023-07-03,189.9740447998047,192.4600067138672,193.8800048828125,191.759994506836,193.77999877929688,31458200
2023-07-05,188.85861206054688,191.3300018310547,192.97999572753903,190.6199951171875,191.57000732421875,46920300
2023-07-06,189.3324432373047,191.8099975585937,192.0200042724609,189.1999969482422,189.83999633789065,45094300
2023-07-07,188.217025756836,190.67999267578125,192.6699981689453,190.2400054931641,191.4100036621093,46815000
2023-07-10,186.1737670898437,188.6100006103516,189.9900054931641,187.0399932861328,189.259994506836,59922200
2023-07-11,185.650619506836,188.0800018310547,189.3000030517578,186.6000061035156,189.1600036621093,46638100
2023-07-12,187.3187713623047,189.7700042724609,191.6999969482422,188.47000122070312,189.67999267578125,60750200
2023-07-13,188.0788116455078,190.5399932861328,191.19000244140625,189.77999877929688,190.5,41342300
2023-07-14,188.22686767578125,190.69000244140625,191.17999267578125,189.6300048828125,190.22999572753903,41616200
2023-07-17,191.48426818847656,193.9900054931641,194.32000732421875,191.8099975585937,191.8999938964844,50520200
2023-07-18,191.2276306152344,193.72999572753903,194.3300018310547,192.4199981689453,193.3500061035156,48288200
2023-07-19,192.57994079589844,195.1000061035156,198.22999572753903,192.6499938964844,193.1000061035156,80507300
2023-07-20,190.6353759765625,193.1300048828125,196.47000122070312,192.5,195.08999633789065,59581200
2023-07-21,189.4607696533203,191.94000244140625,194.97000122070312,191.22999572753903,194.1000061035156,71951700
2023-07-24,190.2602996826172,192.75,194.9100036621093,192.25,193.4100036621093,45377800
2023-07-25,191.1190643310547,193.6199951171875,194.44000244140625,192.9199981689453,193.3300018310547,37283200
2023-07-26,191.98768615722656,194.5,195.63999938964844,193.32000732421875,193.6699981689453,47471900
2023-07-27,190.7242126464844,193.22000122070312,197.1999969482422,192.5500030517578,196.0200042724609,47460200
2023-07-28,193.30050659179688,195.8300018310547,196.6300048828125,194.13999938964844,194.6699981689453,48291400
2023-07-31,193.9124755859375,196.4499969482422,196.4900054931641,195.259994506836,196.0599975585937,38824100
2023-08-01,193.0833435058593,195.6100006103516,196.72999572753903,195.27999877929688,196.2400054931641,35175100
2023-08-02,190.09246826171875,192.5800018310547,195.17999267578125,191.8500061035156,195.0399932861328,50389300
2023-08-03,188.70069885253903,191.1699981689453,192.3699951171875,190.69000244140625,191.57000732421875,61235200
2023-08-04,179.6392822265625,181.9900054931641,187.3800048828125,181.9199981689453,185.5200042724609,115956800
2023-08-07,176.53982543945312,178.85000610351562,183.1300048828125,177.35000610351562,182.1300048828125,97576100
2023-08-08,177.4775390625,179.8000030517578,180.2700042724609,177.5800018310547,179.69000244140625,67823000
2023-08-09,175.88836669921875,178.19000244140625,180.92999267578125,177.00999450683594,180.8699951171875,60378500
2023-08-10,175.6711883544922,177.97000122070312,180.75,177.60000610351562,179.47999572753906,54686900
2023-08-11,175.73049926757812,177.7899932861328,178.6199951171875,176.5500030517578,177.32000732421875,52036700
2023-08-14,177.3811798095703,179.4600067138672,179.69000244140625,177.30999755859375,177.97000122070312,43675600
2023-08-15,175.3944549560547,177.4499969482422,179.47999572753906,177.0500030517578,178.8800048828125,43622600
2023-08-16,174.52462768554688,176.57000732421875,178.5399932861328,176.5,177.1300048828125,46964900
2023-08-17,171.98440551757812,174.0,177.50999450683594,173.47999572753906,177.13999938964844,66062900
2023-08-18,172.46873474121094,174.49000549316406,175.10000610351562,171.9600067138672,172.3000030517578,61172200
2023-08-21,173.80308532714844,175.83999633789062,176.1300048828125,173.74000549316406,175.07000732421875,46311900
2023-08-22,175.17698669433594,177.22999572753906,177.67999267578125,176.25,177.05999755859375,42038900
2023-08-23,179.02191162109375,181.1199951171875,181.5500030517578,178.3300018310547,178.52000427246094,52722800
2023-08-24,174.33680725097656,176.3800048828125,181.1000061035156,176.00999450683594,180.6699981689453,54945800
2023-08-25,176.54100036621094,178.61000061035156,179.14999389648438,175.82000732421875,177.3800048828125,51449600
2023-08-28,178.10272216796875,180.19000244140625,180.58999633789065,178.5500030517578,180.08999633789062,43820700
2023-08-29,181.98716735839844,184.1199951171875,184.8999938964844,179.5,179.6999969482422,53003900
2023-08-30,185.476303100586,187.6499938964844,187.8500061035156,184.7400054931641,184.94000244140625,60813900
2023-08-31,185.6937255859375,187.8699951171875,189.1199951171875,187.47999572753903,187.83999633789065,60794500
2023-09-01,187.2653045654297,189.4600067138672,189.9199981689453,188.27999877929688,189.4900054931641,45766500
2023-09-05,187.5025634765625,189.6999969482422,189.97999572753903,187.6100006103516,188.27999877929688,45280000
2023-09-06,180.7912139892578,182.9100036621093,188.8500061035156,181.47000122070312,188.3999938964844,81755800
2023-09-07,175.503173828125,177.55999755859375,178.2100067138672,173.5399932861328,175.17999267578125,112488800
2023-09-08,176.115966796875,178.17999267578125,180.2400054931641,177.7899932861328,178.35000610351562,65551300
2023-09-11,177.2823028564453,179.36000061035156,180.3000030517578,177.33999633789062,180.07000732421875,58953100
2023-09-12,174.2577667236328,176.3000030517578,180.1300048828125,174.82000732421875,179.49000549316406,90370200
2023-09-13,172.19198608398438,174.2100067138672,177.3000030517578,173.97999572753906,176.50999450683594,84267900
2023-09-14,173.7042694091797,175.74000549316406,176.10000610351562,173.5800018310547,174.0,60895800
2023-09-15,172.98269653320312,175.00999450683594,176.5,173.82000732421875,176.47999572753906,109259500
2023-09-18,175.9084014892578,177.97000122070312,179.3800048828125,176.1699981689453,176.47999572753906,67257600
2023-09-19,176.9956817626953,179.07000732421875,179.6300048828125,177.1300048828125,177.52000427246094,51826900
2023-09-20,173.45716857910156,175.49000549316406,179.6999969482422,175.39999389648438,179.25999450683594,58436200
2023-09-21,171.9152069091797,173.92999267578125,176.3000030517578,173.86000061035156,174.5500030517578,63149100
2023-09-22,172.76522827148438,174.7899932861328,177.0800018310547,174.0500030517578,174.6699981689453,56725400
2023-09-25,174.04029846191406,176.0800018310547,176.97000122070312,174.14999389648438,174.1999969482422,46172700
2023-09-26,169.96803283691406,171.9600067138672,175.1999969482422,171.66000366210938,174.82000732421875,64588900
2023-09-27,168.45574951171875,170.42999267578125,173.0399932861328,169.0500030517578,172.6199951171875,66921800
2023-09-28,168.7127685546875,170.69000244140625,172.02999877929688,167.6199951171875,169.33999633789062,56294400
2023-09-29,169.2267608642578,171.2100067138672,173.07000732421875,170.33999633789062,172.02000427246094,51861100
2023-10-02,171.73731994628906,173.75,174.3000030517578,170.92999267578125,171.22000122070312,52164500
2023-10-03,170.40292358398438,172.39999389648438,173.6300048828125,170.82000732421875,172.25999450683594,49594600
2023-10-04,171.64837646484375,173.66000366210938,174.2100067138672,170.97000122070312,171.08999633789062,53020300
2023-10-05,172.8838653564453,174.91000366210938,175.4499969482422,172.67999267578125,173.7899932861328,48527900
2023-10-06,175.4340057373047,177.49000549316406,177.99000549316406,173.17999267578125,173.8000030517578,57266700
2023-10-09,176.91661071777344,178.99000549316406,179.0500030517578,175.8000030517578,176.80999755859375,42390800
2023-10-10,176.3235626220703,178.38999938964844,179.72000122070312,177.9499969482422,178.10000610351562,43698000
2023-10-11,177.71722412109375,179.8000030517578,179.85000610351562,177.60000610351562,178.1999969482422,47551100
2023-10-12,178.61668395996094,180.7100067138672,182.33999633789065,179.0399932861328,180.07000732421875,56743100
2023-10-13,176.77822875976562,178.85000610351562,181.92999267578125,178.13999938964844,181.4199981689453,51427100
2023-10-16,176.64974975585938,178.72000122070312,179.0800018310547,176.50999450683594,176.75,52517000
2023-10-17,175.09791564941406,177.14999389648438,178.4199981689453,174.8000030517578,176.64999389648438,57549400
2023-10-18,173.80308532714844,175.83999633789062,177.5800018310547,175.11000061035156,175.5800018310547,54764400
2023-10-19,173.42750549316406,175.4600067138672,177.83999633789062,175.19000244140625,176.0399932861328,59302900
2023-10-20,170.8773956298828,172.8800048828125,175.4199981689453,172.63999938964844,175.30999755859375,64244000
2023-10-23,170.99598693847656,173.0,174.00999450683594,169.92999267578125,170.91000366210938,55980100
2023-10-24,171.43089294433594,173.44000244140625,173.6699981689453,171.4499969482422,173.0500030517578,43816600
2023-10-25,169.11802673339844,171.10000610351562,173.05999755859375,170.64999389648438,171.8800048828125,57157000
2023-10-26,164.95680236816406,166.88999938964844,171.3800048828125,165.6699981689453,170.3699951171875,70625300
2023-10-27,166.2713623046875,168.22000122070312,168.9600067138672,166.8300018310547,166.91000366210938,58499100
2023-10-30,168.3173828125,170.2899932861328,171.1699981689453,168.8699951171875,169.02000427246094,51131000
2023-10-31,168.7918243408203,170.77000427246094,170.89999389648438,167.89999389648438,169.35000610351562,44846000
2023-11-01,171.9547576904297,173.97000122070312,174.22999572753906,170.1199951171875,171.0,56934900
2023-11-02,175.51307678222656,177.57000732421875,177.77999877929688,175.4600067138672,175.52000427246094,77334800
2023-11-03,174.6036834716797,176.64999389648438,176.82000732421875,173.35000610351562,174.24000549316406,79829200
2023-11-06,177.15382385253906,179.22999572753906,179.42999267578125,176.2100067138672,176.3800048828125,63841300
2023-11-07,179.7138214111328,181.82000732421875,182.44000244140625,178.97000122070312,179.17999267578125,70530000
2023-11-08,180.7714080810547,182.88999938964844,183.4499969482422,181.58999633789065,182.3500061035156,49340300
2023-11-09,180.2969970703125,182.4100036621093,184.1199951171875,181.8099975585937,182.9600067138672,53763500
2023-11-10,184.4834899902344,186.3999938964844,186.57000732421875,183.52999877929688,183.97000122070312,66133400
2023-11-13,182.89991760253903,184.8000030517578,186.02999877929688,184.2100067138672,185.82000732421875,43627500
2023-11-14,185.51280212402344,187.44000244140625,188.1100006103516,186.3000030517578,187.6999969482422,60108400
2023-11-15,186.076904296875,188.009994506836,189.5,187.77999877929688,187.8500061035156,53790500
2023-11-16,187.75949096679688,189.7100067138672,190.9600067138672,188.6499938964844,189.57000732421875,54412900
2023-11-17,187.7396850585937,189.69000244140625,190.3800048828125,188.57000732421875,190.25,50922700
2023-11-20,189.4815673828125,191.4499969482422,191.9100036621093,189.8800048828125,189.88999938964844,46505100
2023-11-21,188.679916381836,190.63999938964844,191.5200042724609,189.7400054931641,191.4100036621093,38134500
2023-11-22,189.343017578125,191.3099975585937,192.92999267578125,190.8300018310547,191.4900054931641,39617700
2023-11-24,188.0167694091797,189.97000122070312,190.8999938964844,189.25,190.8699951171875,24048300
2023-11-27,187.8386383056641,189.7899932861328,190.6699981689453,188.8999938964844,189.9199981689453,40552600
2023-11-28,188.4423675537109,190.3999938964844,191.0800018310547,189.3999938964844,189.77999877929688,38415400
2023-11-29,187.42295837402344,189.3699951171875,192.08999633789065,188.97000122070312,190.8999938964844,43014200
2023-11-30,187.99696350097656,189.9499969482422,190.32000732421875,188.19000244140625,189.83999633789065,48794400
2023-12-01,189.27374267578125,191.2400054931641,191.5599975585937,189.22999572753903,190.3300018310547,45704800
2023-12-04,187.4823303222656,189.42999267578125,190.0500030517578,187.4499969482422,189.97999572753903,43389500
2023-12-05,191.4313201904297,193.4199981689453,194.3999938964844,190.17999267578125,190.2100067138672,66628400
2023-12-06,190.3426208496093,192.32000732421875,194.759994506836,192.1100006103516,194.4499969482422,41089700
2023-12-07,192.2725982666016,194.2700042724609,195.0,193.58999633789065,193.6300048828125,47477700
2023-12-08,193.69776916503903,195.7100067138672,195.9900054931641,193.6699981689453,194.1999969482422,53406400
2023-12-11,191.1938018798828,193.17999267578125,193.4900054931641,191.4199981689453,193.1100006103516,60943700
2023-12-12,192.7080535888672,194.7100067138672,194.72000122070312,191.72000122070312,193.0800018310547,52696900
2023-12-13,195.9246368408203,197.9600067138672,198.0,194.8500061035156,195.08999633789065,70404200
2023-12-14,196.0730895996093,198.1100006103516,199.6199951171875,196.1600036621093,198.0200042724609,66831600
2023-12-15,195.5386505126953,197.57000732421875,198.3999938964844,197.0,197.52999877929688,128538400
2023-12-18,193.8759155273437,195.88999938964844,196.6300048828125,194.38999938964844,196.08999633789065,55751900
2023-12-19,194.9151306152344,196.94000244140625,196.9499969482422,195.88999938964844,196.1600036621093,40714100
2023-12-20,192.82681274414065,194.8300018310547,197.67999267578125,194.8300018310547,196.8999938964844,52242800
2023-12-21,192.6783447265625,194.67999267578125,197.0800018310547,193.5,196.1000061035156,46482500
2023-12-22,191.6094665527344,193.6000061035156,195.4100036621093,192.97000122070312,195.17999267578125,37149600
2023-12-26,191.06512451171875,193.0500030517578,193.88999938964844,192.8300018310547,193.6100006103516,28919300
2023-12-27,191.16409301757807,193.1499938964844,193.5,191.08999633789065,192.4900054931641,48087700
2023-12-28,191.58966064453125,193.5800018310547,194.6600036621093,193.1699981689453,194.13999938964844,34049900
2023-12-29,190.55047607421875,192.52999877929688,194.3999938964844,191.72999572753903,193.8999938964844,42672100
