date,adjclose,close,high,low,open,volume
2015-01-02,24.21489524841309,27.332500457763672,27.86000061035156,26.83749961853028,27.84749984741211,212818400
2015-01-05,23.5327205657959,26.5625,27.162500381469727,26.352500915527344,27.07250022888184,257142000
2015-01-06,23.534936904907227,26.565000534057617,26.857500076293945,26.15749931335449,26.63500022888184,263188400
2015-01-07,23.86494827270508,26.9375,27.049999237060547,26.674999237060547,26.799999237060547,160423600
2015-01-08,24.78189849853516,27.97249984741211,28.037500381469727,27.174999237060547,27.3075008392334,237458000
2015-01-09,24.808473587036133,28.002500534057617,28.3125,27.552499771118164,28.167499542236328,214798000
2015-01-12,24.19717025756836,27.3125,28.15749931335449,27.200000762939453,28.14999961853028,198603200
2015-01-13,24.41201400756836,27.55500030517578,28.200000762939453,27.227500915527344,27.857500076293945,268367600
2015-01-14,24.31899070739746,27.450000762939453,27.622499465942383,27.125,27.26000022888184,195826400
2015-01-15,23.6589584350586,26.70499992370605,27.51499938964844,26.665000915527344,27.5,240056000
2015-01-16,23.475133895874023,26.497499465942383,26.895000457763672,26.299999237060547,26.75749969482422,314053200
2015-01-20,24.079790115356445,27.18000030517578,27.24250030517578,26.625,26.959999084472656,199599600
2015-01-21,24.263622283935547,27.387500762939453,27.76499938964844,27.0674991607666,27.237499237060547,194303600
2015-01-22,24.894853591918945,28.100000381469727,28.11750030517578,27.43000030517578,27.565000534057617,215185600
2015-01-23,25.0233097076416,28.2450008392334,28.4375,27.88249969482422,28.075000762939453,185859200
2015-01-26,25.04989242553711,28.27499961853028,28.59000015258789,28.200000762939453,28.434999465942383,222460000
2015-01-27,24.172813415527344,27.28499984741211,28.1200008392334,27.25749969482422,28.104999542236328,382274800
2015-01-28,25.53937149047852,28.82749938964844,29.530000686645508,28.82749938964844,29.40749931335449,585908400
2015-01-29,26.3344955444336,29.725000381469727,29.79750061035156,28.88999938964844,29.07999992370605,337745600
2015-01-30,25.949119567871094,29.290000915527344,30.0,29.21249961853028,29.600000381469727,334982000
2015-02-02,26.274696350097656,29.65749931335449,29.792499542236328,29.020000457763672,29.512500762939453,250956400
2015-02-03,26.279129028320312,29.662500381469727,29.772499084472656,29.40250015258789,29.625,207662800
2015-02-04,26.48067855834961,29.88999938964844,30.127500534057617,29.57749938964844,29.625,280598800
2015-02-05,26.66969108581543,29.98500061035156,30.0575008392334,29.8125,30.0049991607666,168984800
2015-02-06,26.445098876953125,29.732500076293945,30.0625,29.612499237060547,30.0049991607666,174826400
2015-02-09,26.62076759338379,29.93000030517578,29.959999084472656,29.607500076293945,29.637500762939453,155559200
2015-02-10,27.132192611694336,30.5049991607666,30.537500381469727,30.040000915527344,30.042499542236328,248034000
2015-02-11,27.768138885498047,31.21999931335449,31.229999542236328,30.625,30.6924991607666,294247200
2015-02-12,28.119457244873047,31.614999771118164,31.8700008392334,31.39249992370605,31.51499938964844,297898000
2015-02-13,28.257328033447266,31.770000457763672,31.81999969482422,31.412500381469727,31.81999969482422,217088800
2015-02-17,28.424087524414062,31.957500457763672,32.220001220703125,31.729999542236328,31.872499465942383,252609600
2015-02-18,28.621990203857425,32.18000030517578,32.19499969482422,31.862499237060547,31.90749931335449,179566800
2015-02-19,28.56195068359375,32.11249923706055,32.25749969482422,32.08250045776367,32.119998931884766,149449600
2015-02-20,28.7954216003418,32.375,32.375,32.01250076293945,32.154998779296875,195793600
2015-02-23,29.573686599731445,33.25,33.25,32.415000915527344,32.505001068115234,283896400
2015-02-24,29.389131546020508,33.04249954223633,33.400001525878906,32.79249954223633,33.23500061035156,276912400
2015-02-25,28.63755416870117,32.1974983215332,32.900001525878906,32.037498474121094,32.88999938964844,298846800
2015-02-26,29.0000057220459,32.60499954223633,32.717498779296875,31.65250015258789,32.1974983215332,365150000
2015-02-27,28.564178466796875,32.1150016784668,32.64250183105469,32.060001373291016,32.5,248059200
2015-03-02,28.70425796508789,32.272499084472656,32.56999969482422,32.07500076293945,32.3125,192386800
2015-03-03,28.764299392700195,32.34000015258789,32.380001068115234,32.022499084472656,32.2400016784668,151265200
2015-03-04,28.58196449279785,32.1349983215332,32.38999938964844,32.08000183105469,32.275001525878906,126665200
2015-03-05,28.108339309692383,31.602500915527344,32.1875,31.440000534057617,32.14500045776367,226068400
2015-03-06,28.15058898925781,31.64999961853028,32.342498779296875,31.565000534057617,32.099998474121094,291368400
2015-03-09,28.27066993713379,31.78499984741211,32.39250183105469,31.26499938964844,31.989999771118164,354114000
2015-03-10,27.68586540222168,31.127500534057617,31.80500030517578,30.950000762939453,31.602500915527344,275426400
2015-03-11,27.18110656738281,30.559999465942383,31.1924991607666,30.52750015258789,31.1875,275756000
2015-03-12,27.67251777648925,31.112499237060547,31.225000381469727,30.40749931335449,30.57749938964844,193450800
2015-03-13,27.48128890991211,30.897499084472656,31.350000381469727,30.645000457763672,31.100000381469727,207309200
2015-03-16,27.78369903564453,31.237499237060547,31.237499237060547,30.717500686645508,30.96999931335449,143497200
2015-03-17,28.24842834472656,31.76000022888184,31.82999992370605,31.412500381469727,31.475000381469727,204092400
2015-03-18,28.56640243530273,32.11750030517578,32.290000915527344,31.592500686645508,31.75,261083600
2015-03-19,28.350709915161133,31.875,32.3125,31.850000381469727,32.1875,183238000
2015-03-20,27.99494361877441,31.475000381469727,32.099998474121094,31.290000915527344,32.0625,274780400
2015-03-23,28.28623008728028,31.802499771118164,31.96249961853028,31.6299991607666,31.780000686645508,150838800
2015-03-24,28.17060852050781,31.67250061035156,32.0099983215332,31.63999938964844,31.8075008392334,131369200
2015-03-25,27.4345932006836,30.84499931335449,31.70499992370605,30.84499931335449,31.63500022888184,206620800
2015-03-26,27.625822067260746,31.059999465942383,31.21999931335449,30.64999961853028,30.690000534057617,190291600
2015-03-27,27.40568733215332,30.8125,31.174999237060547,30.727500915527344,31.14249992370605,158184800
2015-03-30,28.09944534301757,31.592500686645508,31.600000381469727,31.0,31.012500762939453,188398800
2015-03-31,27.66807746887207,31.107500076293945,31.622499465942383,31.09000015258789,31.522499084472656,168362400
2015-04-01,27.62804412841797,31.0625,31.280000686645508,30.77499961853028,31.20499992370605,162485600
2015-04-02,27.865970611572266,31.32999992370605,31.38999938964844,31.04750061035156,31.25749969482422,128880400
2015-04-06,28.317363739013672,31.83749961853028,31.877500534057617,31.082500457763672,31.11750030517578,148776000
2015-04-07,28.01940155029297,31.502500534057617,32.029998779296875,31.4950008392334,31.90999984741211,140049200
2015-04-08,27.928237915039062,31.39999961853028,31.600000381469727,31.24250030517578,31.46249961853028,149316800
2015-04-09,28.141700744628903,31.63999938964844,31.645000457763672,31.165000915527344,31.46249961853028,129936000
2015-04-10,28.26177024841309,31.77499961853028,31.802499771118164,31.315000534057617,31.487499237060547,160752000
2015-04-13,28.2061767578125,31.71249961853028,32.14250183105469,31.65250015258789,32.092498779296875,145460400
2015-04-14,28.08388328552246,31.575000762939453,31.82250022888184,31.477500915527344,31.75,102098400
2015-04-15,28.190616607666016,31.69499969482422,31.78249931335449,31.502500534057617,31.602500915527344,115881600
2015-04-16,28.054981231689453,31.542499542236328,31.77499961853028,31.52750015258789,31.56999969482422,113476000
2015-04-17,27.73922538757324,31.1875,31.53499984741211,31.114999771118164,31.387500762939453,207828000
2015-04-20,28.372947692871094,31.89999961853028,32.029998779296875,31.292499542236328,31.39249992370605,188217200
2015-04-21,28.219526290893555,31.727500915527344,32.04999923706055,31.667499542236328,32.025001525878906,129740400
2015-04-22,28.599748611450195,32.154998779296875,32.217498779296875,31.57999992370605,31.747499465942383,150618000
2015-04-23,28.833234786987305,32.41749954223633,32.60499954223633,32.03499984741211,32.07500076293945,183083600
2015-04-24,28.96886444091797,32.56999969482422,32.657501220703125,32.307498931884766,32.622501373291016,178103600
2015-04-27,29.495859146118164,33.162498474121094,33.282501220703125,32.787498474121094,33.07749938964844,387816800
2015-04-28,29.031129837036133,32.63999938964844,33.6349983215332,32.39250183105469,33.6150016784668,475696000
2015-04-29,28.604204177856445,32.15999984741211,32.897499084472656,32.07500076293945,32.540000915527344,253544400
2015-04-30,27.828174591064453,31.287500381469727,32.15999984741211,31.145000457763672,32.15999984741211,332781600
2015-05-01,28.673133850097656,32.23749923706055,32.532501220703125,31.325000762939453,31.52499961853028,234050400
2015-05-04,28.617544174194336,32.17499923706055,32.64250183105469,32.064998626708984,32.375,203953200
2015-05-05,27.972705841064453,31.450000762939453,32.11249923706055,31.44499969482422,32.037498474121094,197085600
2015-05-06,27.797042846679688,31.252500534057617,31.6875,30.84000015258789,31.63999938964844,288564000
2015-05-07,27.968971252441406,31.315000534057617,31.520000457763672,31.0049991607666,31.1924991607666,175763600
2015-05-08,28.49593162536621,31.905000686645508,31.905000686645508,31.52750015258789,31.670000076293945,222201600
2015-05-11,28.20565795898437,31.57999992370605,31.88999938964844,31.40749931335449,31.84749984741211,168143200
2015-05-12,28.10517692565918,31.467500686645508,31.71999931335449,31.20499992370605,31.39999961853028,192640000
2015-05-13,28.136438369750977,31.502500534057617,31.79750061035156,31.467500686645508,31.537500381469727,138776800
2015-05-14,28.79290580749512,32.23749923706055,32.23749923706055,31.790000915527344,31.852500915527344,180814000
2015-05-15,28.752710342407227,32.192501068115234,32.372501373291016,32.0525016784668,32.26750183105469,152832000
2015-05-18,29.06978225708008,32.54750061035156,32.68000030517578,32.09000015258789,32.095001220703125,203531600
2015-05-19,29.04298591613769,32.51750183105469,32.720001220703125,32.40999984741211,32.67250061035156,178532800
2015-05-20,29.040754318237305,32.51499938964844,32.744998931884766,32.334999084472656,32.5,145819600
2015-05-21,29.33772659301757,32.84749984741211,32.907501220703125,32.45750045776367,32.51750183105469,158921600
2015-05-22,29.59449958801269,33.1349983215332,33.24250030517578,32.849998474121094,32.900001525878906,182384000
2015-05-26,28.942506790161133,32.404998779296875,33.227500915527344,32.279998779296875,33.150001525878906,282790400
2015-05-27,29.48285865783692,33.0099983215332,33.064998626708984,32.51250076293945,32.584999084472656,183332800
2015-05-28,29.424808502197266,32.94499969482422,32.98749923706055,32.775001525878906,32.96500015258789,122933200
2015-05-29,29.08987236022949,32.56999969482422,32.86249923706055,32.474998474121094,32.807498931884766,203538000
2015-06-01,29.14792823791504,32.6349983215332,32.84749984741211,32.51250076293945,32.56999969482422,128451200
2015-06-02,29.01842498779297,32.4900016784668,32.665000915527344,32.33000183105469,32.46500015258789,134670400
2015-06-03,29.05414581298828,32.529998779296875,32.73500061035156,32.474998474121094,32.665000915527344,123934000
2015-06-04,28.884450912475582,32.34000015258789,32.64500045776367,32.227500915527344,32.39500045776367,153800400
2015-06-05,28.72592163085937,32.162498474121094,32.42250061035156,32.09000015258789,32.375,142507200
2015-06-08,28.53612518310547,31.950000762939453,32.3025016784668,31.707500457763672,32.224998474121094,210699200
2015-06-09,28.451276779174805,31.854999542236328,32.02000045776367,31.405000686645508,31.674999237060547,224301600
2015-06-10,28.77727699279785,32.220001220703125,32.334999084472656,31.96249961853028,31.979999542236328,156349200
2015-06-11,28.71252822875977,32.147499084472656,32.54499816894531,32.119998931884766,32.29499816894531,141563600
2015-06-12,28.395448684692383,31.792499542236328,32.08250045776367,31.77750015258789,32.04750061035156,147544800
2015-06-15,28.33963203430176,31.729999542236328,31.809999465942383,31.427499771118164,31.52499961853028,175955600
2015-06-16,28.49146270751953,31.89999961853028,31.96249961853028,31.592500686645508,31.75749969482422,125976400
2015-06-17,28.42447662353516,31.825000762939453,31.96999931335449,31.684999465942383,31.93000030517578,131672400
2015-06-18,28.55398941040039,31.96999931335449,32.07749938964844,31.80500030517578,31.8075008392334,141628800
2015-06-19,28.268177032470703,31.64999961853028,31.95499992370605,31.600000381469727,31.927499771118164,218867600
2015-06-22,28.493701934814453,31.90250015258789,32.01499938964844,31.770000457763672,31.872499465942383,136157200
2015-06-23,28.36419105529785,31.75749969482422,31.90250015258789,31.71999931335449,31.8700008392334,121075600
2015-06-24,28.605348587036133,32.02750015258789,32.45000076293945,31.780000686645508,31.802499771118164,221123600
2015-06-25,28.46913146972656,31.875,32.29999923706055,31.875,32.21500015258789,127752400
2015-06-26,28.30167961120605,31.6875,31.997499465942383,31.627500534057617,31.917499542236328,176267200
2015-06-29,27.80597496032715,31.13249969482422,31.61750030517578,31.1200008392334,31.364999771118164,196645600
2015-06-30,28.006935119628903,31.357500076293945,31.530000686645508,31.21500015258789,31.39249992370605,177482800
2015-07-01,28.268177032470703,31.64999961853028,31.73500061035156,31.497499465942383,31.725000381469727,120955200
2015-07-02,28.232458114624023,31.61000061035156,31.67250061035156,31.4424991607666,31.607500076293945,108844000
2015-07-06,28.13420295715332,31.5,31.5575008392334,31.21249961853028,31.23500061035156,112241600
2015-07-07,28.064990997314453,31.42250061035156,31.537500381469727,30.9424991607666,31.47249984741211,187787200
2015-07-08,27.36833381652832,30.64249992370605,31.15999984741211,30.63500022888184,31.1200008392334,243046400
2015-07-09,26.810115814208984,30.01749992370605,31.01499938964844,29.80500030517578,30.96249961853028,314380000
2015-07-10,27.5268669128418,30.81999969482422,30.96249961853028,30.302499771118164,30.48500061035156,245418000
2015-07-13,28.058290481567383,31.415000915527344,31.440000534057617,31.07999992370605,31.25749969482422,165762000
2015-07-14,28.04712677001953,31.40250015258789,31.592500686645508,31.26000022888184,31.51000022888184,127072400
2015-07-15,28.31730461120605,31.70499992370605,31.787500381469727,31.395000457763672,31.43000030517578,134596800
2015-07-16,28.694656372070312,32.127498626708984,32.14250183105469,31.83749961853028,31.934999465942383,144889600
2015-07-17,28.942506790161133,32.404998779296875,32.404998779296875,32.07749938964844,32.27000045776367,184658800
2015-07-20,29.48955726623535,33.01750183105469,33.24250030517578,32.67499923706055,32.74250030517578,235600800
2015-07-21,29.19482421875,32.6875,33.22999954223633,32.58000183105469,33.212501525878906,307025600
2015-07-22,27.96004104614257,31.30500030517578,31.375,30.497499465942383,30.497499465942383,461802400
2015-07-23,27.94664764404297,31.290000915527344,31.772499084472656,31.26499938964844,31.549999237060547,203998000
2015-07-24,27.799278259277344,31.125,31.434999465942383,30.975000381469727,31.32999992370605,168649200
2015-07-27,27.412988662719727,30.6924991607666,30.90250015258789,30.530000686645508,30.772499084472656,177822000
2015-07-28,27.549192428588867,30.84499931335449,30.977500915527344,30.637500762939453,30.84499931335449,134472400
2015-07-29,27.462108612060547,30.747499465942383,30.875,30.5674991607666,30.787500381469727,148046800
2015-07-30,27.32367706298828,30.592500686645508,30.64249992370605,30.427499771118164,30.57999992370605,134513200
2015-07-31,27.08474922180176,30.325000762939453,30.65999984741211,30.227500915527344,30.64999961853028,171540000
2015-08-03,26.44615173339844,29.61000061035156,30.64249992370605,29.3799991607666,30.375,279904000
2015-08-04,25.59766387939453,28.65999984741211,29.424999237060547,28.3125,29.354999542236328,496554400
2015-08-05,25.7673568725586,28.850000381469727,29.36000061035156,28.02499961853028,28.237499237060547,397250400
2015-08-06,25.82343482971192,28.78249931335449,29.125,28.530000686645508,28.99250030517578,211612000
2015-08-07,25.91090965270996,28.8799991607666,29.0625,28.625,28.645000457763672,154681600
2015-08-10,26.852962493896484,29.93000030517578,29.997499465942383,29.13249969482422,29.13249969482422,219806400
2015-08-11,25.45558357238769,28.372499465942383,29.545000076293945,28.332500457763672,29.45249938964844,388331200
2015-08-12,25.848108291625977,28.809999465942383,28.854999542236328,27.40749931335449,28.13249969482422,404870000
2015-08-13,25.827919006347656,28.787500381469727,29.100000381469727,28.63500022888184,29.01000022888184,194143200
2015-08-14,26.009597778320312,28.989999771118164,29.07749938964844,28.502500534057617,28.57999992370605,171718000
2015-08-17,26.27876281738281,29.290000915527344,29.412500381469727,28.875,29.01000022888184,163538800
2015-08-18,26.130720138549805,29.125,29.36000061035156,29.002500534057617,29.107500076293945,138242800
2015-08-19,25.796527862548828,28.752500534057617,29.1299991607666,28.670000076293945,29.02499961853028,193146000
2015-08-20,25.26717567443848,28.162500381469727,28.58749961853028,27.90749931335449,28.520000457763672,274006400
2015-08-21,23.72176170349121,26.440000534057617,27.975000381469727,26.412500381469727,27.607500076293945,513102000
2015-08-24,23.129613876342773,25.780000686645508,27.200000762939453,23.0,23.717500686645508,648825200
2015-08-25,23.2686824798584,25.934999465942383,27.77750015258789,25.875,27.77750015258789,414406400
2015-08-26,24.603256225585938,27.42250061035156,27.47249984741211,26.262500762939453,26.772499084472656,387098400
2015-08-27,25.32773399353028,28.229999542236328,28.309999465942383,27.5049991607666,28.0575008392334,338464400
2015-08-28,25.41072463989257,28.32250022888184,28.32749938964844,27.88500022888184,28.042499542236328,212657600
2015-08-31,25.291847229003903,28.190000534057617,28.63249969482422,28.0,28.00749969482422,224917200
2015-09-01,24.1613883972168,26.93000030517578,27.96999931335449,26.84000015258789,27.537500381469727,307383600
2015-09-02,25.19763946533203,28.084999084472656,28.084999084472656,27.28249931335449,27.5575008392334,247555200
2015-09-03,24.75578117370605,27.592500686645508,28.19499969482422,27.51000022888184,28.122499465942383,212935600
2015-09-04,24.509042739868164,27.3174991607666,27.612499237060547,27.127500534057617,27.24250030517578,199985200
2015-09-08,25.19091796875,28.07749938964844,28.13999938964844,27.57999992370605,27.9375,219374400
2015-09-09,24.70642471313477,27.537500381469727,28.5049991607666,27.4424991607666,28.440000534057617,340043200
2015-09-10,25.249231338500977,28.14249992370605,28.31999969482422,27.475000381469727,27.5674991607666,251571200
2015-09-11,25.617082595825195,28.552499771118164,28.552499771118164,27.940000534057617,27.94750022888184,199662000
2015-09-14,25.863807678222656,28.82749938964844,29.22249984741211,28.71500015258789,29.145000457763672,233453600
2015-09-15,26.08138084411621,29.06999969482422,29.13249969482422,28.604999542236328,28.982500076293945,173364800
2015-09-16,26.110536575317383,29.102500915527344,29.13500022888184,28.86000061035156,29.0625,148694000
2015-09-17,25.55202865600586,28.479999542236328,29.122499465942383,28.43000030517578,28.915000915527344,256450400
2015-09-18,25.44661521911621,28.362499237060547,28.575000762939453,27.967500686645508,28.052499771118164,297141200
2015-09-21,25.84138298034668,28.802499771118164,28.842500686645508,28.415000915527344,28.417499542236328,200888000
2015-09-22,25.43539810180664,28.350000381469727,28.545000076293945,28.1299991607666,28.34499931335449,201384800
2015-09-23,25.641754150390625,28.57999992370605,28.68000030517578,28.325000762939453,28.40749931335449,143026800
2015-09-24,25.794273376464844,28.75,28.875,28.092500686645508,28.3125,200878000
2015-09-25,25.729225158691406,28.677499771118164,29.17250061035156,28.5049991607666,29.11000061035156,224607600
2015-09-28,25.220075607299805,28.11000061035156,28.64249992370605,28.11000061035156,28.46249961853028,208436000
2015-09-29,24.461944580078125,27.26499938964844,28.377500534057617,26.96500015258789,28.207500457763672,293461600
2015-09-30,24.74007797241211,27.575000762939453,27.88500022888184,27.1825008392334,27.542499542236328,265892000
2015-10-01,24.57858657836914,27.395000457763672,27.405000686645508,26.82749938964844,27.26749992370605,255716400
2015-10-02,24.75802230834961,27.59499931335449,27.752500534057617,26.887500762939453,27.002500534057617,232079200
2015-10-05,24.84773826599121,27.69499969482422,27.842500686645508,27.26749992370605,27.46999931335449,208258800
2015-10-06,24.966611862182617,27.82749938964844,27.934999465942383,27.4424991607666,27.65749931335449,192787200
2015-10-07,24.84773826599121,27.69499969482422,27.9424991607666,27.352500915527344,27.934999465942383,187062400
2015-10-08,24.560630798339844,27.375,27.54750061035156,27.052499771118164,27.54750061035156,247918400
2015-10-09,25.14830207824707,28.030000686645508,28.06999969482422,27.372499465942383,27.5,211064400
2015-10-12,25.03166007995605,27.89999961853028,28.1875,27.86000061035156,28.1825008392334,121868800
2015-10-13,25.074275970458984,27.94750022888184,28.112499237060547,27.670000076293945,27.70499992370605,132197200
2015-10-14,24.71988677978516,27.552499771118164,27.8799991607666,27.38999938964844,27.82250022888184,177849600
2015-10-15,25.089977264404297,27.96500015258789,28.02499961853028,27.622499465942383,27.732500076293945,150694000
2015-10-16,24.90605735778809,27.76000022888184,28.0,27.63249969482422,27.94499969482422,156930400
2015-10-19,25.060821533203125,27.9325008392334,27.9375,27.52750015258789,27.700000762939453,119036800
2015-10-20,25.518388748168945,28.4424991607666,28.542499542236328,27.70499992370605,27.834999084472656,195871200
2015-10-21,25.51614189147949,28.440000534057617,28.895000457763672,28.424999237060547,28.5,167180800
2015-10-22,25.906429290771484,28.875,28.875,28.52499961853028,28.582500457763672,166616400
2015-10-23,26.70940971374512,29.770000457763672,29.8075008392334,29.082500457763672,29.174999237060547,237467600
2015-10-26,25.857080459594727,28.81999969482422,29.53249931335449,28.729999542236328,29.520000457763672,265335200
2015-10-27,25.693342208862305,28.637500762939453,29.13500022888184,28.497499465942383,28.850000381469727,279537600
2015-10-28,26.752025604248047,29.8174991607666,29.825000762939453,29.01499938964844,29.232500076293945,342205600
2015-10-29,27.03464126586914,30.13249969482422,30.17250061035156,29.5674991607666,29.674999237060547,204909200
2015-10-30,26.80361557006836,29.875,30.30500030517578,29.862499237060547,30.247499465942383,197461200
2015-11-02,27.180438995361328,30.295000076293945,30.34000015258789,29.90250015258789,30.200000762939453,128813200
2015-11-03,27.49221611022949,30.64249992370605,30.872499465942383,30.174999237060547,30.19750022888184,182076000
2015-11-04,27.36436462402344,30.5,30.95499992370605,30.405000686645508,30.78249931335449,179544400
2015-11-05,27.23821258544922,30.229999542236328,30.67250061035156,30.045000076293945,30.46249961853028,158210800
2015-11-06,27.269756317138672,30.26499938964844,30.45249938964844,30.155000686645508,30.27750015258789,132169200
2015-11-09,27.15937805175781,30.14249992370605,30.45249938964844,30.012500762939453,30.239999771118164,135485600
2015-11-10,26.30339431762696,29.1924991607666,29.51749992370605,29.01499938964844,29.225000381469727,236511600
2015-11-11,26.15472221374512,29.02750015258789,29.354999542236328,28.802499771118164,29.092500686645508,180872000
2015-11-12,26.06686782836914,28.93000030517578,29.20499992370605,28.912500381469727,29.065000534057617,130102400
2015-11-13,25.30550193786621,28.084999084472656,28.89249992370605,28.0674991607666,28.799999237060547,183249600
2015-11-16,25.719980239868164,28.545000076293945,28.559999465942383,27.75,27.84499931335449,152426800
2015-11-17,25.609603881835938,28.42250061035156,28.762500762939453,28.32999992370605,28.729999542236328,110467600
2015-11-18,26.420530319213867,29.32250022888184,29.372499465942383,28.875,28.940000534057617,186698800
2015-11-19,26.75616455078125,29.69499969482422,29.9375,29.190000534057617,29.40999984741211,173183200
2015-11-20,26.873300552368164,29.825000762939453,29.979999542236328,29.71249961853028,29.799999237060547,137148400
2015-11-23,26.52414894104004,29.4375,29.9325008392334,29.334999084472656,29.8174991607666,129930000
2015-11-24,26.7786922454834,29.71999931335449,29.83749961853028,29.280000686645508,29.332500457763672,171212800
2015-11-25,26.587217330932617,29.50749969482422,29.8075008392334,29.479999542236328,29.802499771118164,85553200
2015-11-27,26.53766822814941,29.45249938964844,29.602500915527344,29.39999961853028,29.57250022888184,52185600
2015-11-30,26.648038864135746,29.575000762939453,29.852500915527344,29.4375,29.497499465942383,156721200
2015-12-01,26.43179512023925,29.334999084472656,29.70249938964844,29.21500015258789,29.6875,139409600
2015-12-02,26.193023681640625,29.06999969482422,29.52750015258789,29.020000457763672,29.334999084472656,133546400
2015-12-03,25.949743270874023,28.799999237060547,29.19750022888184,28.55500030517578,29.137500762939453,166278000
2015-12-04,26.812480926513672,29.75749969482422,29.8125,28.77750015258789,28.82250022888184,231108000
2015-12-07,26.64354133605957,29.56999969482422,29.96500015258789,29.45249938964844,29.7450008392334,128336800
2015-12-08,26.63227844238281,29.5575008392334,29.64999961853028,29.21500015258789,29.3799991607666,137238000
2015-12-09,26.04434394836425,28.905000686645508,29.42250061035156,28.770000457763672,29.40999984741211,185445600
2015-12-10,26.16824150085449,29.042499542236328,29.23500061035156,28.877500534057617,29.01000022888184,116850800
2015-12-11,25.49472427368164,28.295000076293945,28.84749984741211,28.21249961853028,28.79750061035156,187544800
2015-12-14,25.337034225463867,28.1200008392334,28.170000076293945,27.44750022888184,28.045000076293945,257274800
2015-12-15,24.88877296447754,27.622499465942383,28.200000762939453,27.58749961853028,27.98500061035156,213292400
2015-12-16,25.08024978637696,27.834999084472656,27.997499465942383,27.200000762939453,27.76749992370605,224954000
2015-12-17,24.54863739013672,27.2450008392334,28.0625,27.2450008392334,28.0049991607666,179091200
2015-12-18,23.884122848510746,26.50749969482422,27.3799991607666,26.45249938964844,27.227500915527344,385813200
2015-12-21,24.176958084106445,26.832500457763672,26.842500686645508,26.39249992370605,26.81999969482422,190362400
2015-12-22,24.15443229675293,26.8075008392334,26.93000030517578,26.612499237060547,26.850000381469727,131157600
2015-12-23,24.465288162231445,27.15250015258789,27.21249961853028,26.799999237060547,26.8174991607666,130629600
2015-12-24,24.33463478088379,27.00749969482422,27.25,26.987499237060547,27.25,54281600
2015-12-28,24.06207275390625,26.70499992370605,26.92250061035156,26.545000076293945,26.897499084472656,106816800
2015-12-29,24.494579315185547,27.184999465942383,27.357500076293945,26.71500015258789,26.739999771118164,123724800
2015-12-30,24.174707412719727,26.82999992370605,27.174999237060547,26.795000076293945,27.145000457763672,100855200
2015-12-31,23.710681915283203,26.315000534057617,26.75749969482422,26.20499992370605,26.752500534057617,163649200
2016-01-04,23.730945587158203,26.33749961853028,26.342500686645508,25.5,25.65250015258789,270597600
2016-01-05,23.13626289367676,25.677499771118164,26.46249961853028,25.602500915527344,26.4375,223164000
2016-01-06,22.68349266052246,25.174999237060547,25.592500686645508,24.967500686645508,25.13999938964844,273829600
2016-01-07,21.72615432739257,24.112499237060547,25.03249931335449,24.107500076293945,24.670000076293945,324377600
2016-01-08,21.841026306152344,24.239999771118164,24.77750015258789,24.190000534057617,24.637500762939453,283192000
2016-01-11,22.19468688964844,24.63249969482422,24.76499938964844,24.334999084472656,24.74250030517578,198957600
2016-01-12,22.516807556152344,24.989999771118164,25.17250061035156,24.709999084472656,25.137500762939453,196616800
2016-01-13,21.937896728515625,24.34749984741211,25.29750061035156,24.325000762939453,25.07999992370605,249758400
2016-01-14,22.417694091796875,24.8799991607666,25.1200008392334,23.934999465942383,24.489999771118164,252680400
2016-01-15,21.87932586669922,24.28249931335449,24.427499771118164,23.84000015258789,24.049999237060547,319335600
2016-01-19,21.77345848083496,24.165000915527344,24.662500381469727,23.875,24.602500915527344,212350800
2016-01-20,21.8027286529541,24.19750022888184,24.54750061035156,23.354999542236328,23.77499961853028,289337600
2016-01-21,21.692359924316406,24.075000762939453,24.46999931335449,23.73500061035156,24.26499938964844,208646000
2016-01-22,22.845680236816406,25.354999542236328,25.364999771118164,24.592500686645508,24.65749931335449,263202000
2016-01-25,22.39967536926269,24.86000061035156,25.38249969482422,24.802499771118164,25.3799991607666,207178000
2016-01-26,22.52356338500977,24.997499465942383,25.21999931335449,24.51749992370605,24.982500076293945,300308000
2016-01-27,21.043615341186523,23.354999542236328,24.15749931335449,23.334999084472656,24.01000022888184,533478800
2016-01-28,21.19453811645508,23.522499084472656,23.6299991607666,23.09749984741211,23.44750022888184,222715200
2016-01-29,21.926624298095703,24.334999084472656,24.334999084472656,23.58749961853028,23.69750022888184,257666000
2016-02-01,21.72164535522461,24.107500076293945,24.177499771118164,23.850000381469727,24.11750030517578,163774000
2016-02-02,21.28239250183105,23.6200008392334,24.01000022888184,23.56999969482422,23.854999542236328,149428800
2016-02-03,21.70362663269043,24.08749961853028,24.209999084472656,23.520000457763672,23.75,183857200
2016-02-04,21.87801742553711,24.14999961853028,24.332500457763672,23.79750061035156,23.96500015258789,185886800
2016-02-05,21.29369163513184,23.5049991607666,24.229999542236328,23.42250061035156,24.1299991607666,185672400
2016-02-08,21.517911911010746,23.752500534057617,23.924999237060547,23.26000022888184,23.28249931335449,216085600
2016-02-09,21.51338195800781,23.747499465942383,23.98500061035156,23.482500076293945,23.57250022888184,177324800
2016-02-10,21.35030937194824,23.5674991607666,24.08749961853028,23.52499961853028,23.979999542236328,169374400
2016-02-11,21.2212142944336,23.424999237060547,23.68000030517578,23.147499084472656,23.44750022888184,200298800
2016-02-12,21.28689956665039,23.497499465942383,23.625,23.252500534057617,23.54750061035156,161405600
2016-02-16,21.887075424194336,24.15999984741211,24.21249961853028,23.65250015258789,23.7549991607666,196231600
2016-02-17,22.22226905822754,24.530000686645508,24.552499771118164,24.037500381469727,24.167499542236328,179452800
2016-02-18,21.80101585388184,24.065000534057617,24.72249984741211,24.022499084472656,24.709999084472656,156084000
2016-02-19,21.751184463500977,24.01000022888184,24.190000534057617,23.950000762939453,24.0,141496800
2016-02-22,21.94142723083496,24.21999931335449,24.225000381469727,23.979999542236328,24.07749938964844,137123200
2016-02-23,21.4454402923584,23.67250061035156,24.125,23.637500762939453,24.100000381469727,127770400
2016-02-24,21.76477432250977,24.02499961853028,24.09499931335449,23.32999992370605,23.4950008392334,145022800
2016-02-25,21.914257049560547,24.190000534057617,24.190000534057617,23.8125,24.012500762939453,110330800
2016-02-26,21.948225021362305,24.227500915527344,24.5049991607666,24.145000457763672,24.299999237060547,115964400
2016-02-29,21.898401260375977,24.17250061035156,24.5575008392334,24.162500381469727,24.21500015258789,140865200
2016-03-01,22.768081665039062,25.13249969482422,25.1924991607666,24.354999542236328,24.412500381469727,201628400
2016-03-02,22.81790542602539,25.1875,25.22249984741211,24.90999984741211,25.127500534057617,132678400
2016-03-03,22.98777198791504,25.375,25.427499771118164,25.112499237060547,25.145000457763672,147822800
2016-03-04,23.329757690429688,25.752500534057617,25.9375,25.342500686645508,25.592500686645508,184220400
2016-03-07,23.07156181335449,25.467500686645508,25.707500457763672,25.239999771118164,25.59749984741211,143315600
2016-03-08,22.881322860717773,25.25749969482422,25.440000534057617,25.100000381469727,25.19499969482422,126247600
2016-03-09,22.901704788208008,25.280000686645508,25.395000457763672,25.0674991607666,25.32749938964844,108806800
2016-03-10,22.913028717041016,25.292499542236328,25.559999465942383,25.037500381469727,25.352500915527344,134054400
2016-03-11,23.159893035888672,25.565000534057617,25.56999969482422,25.375,25.559999465942383,109632800
2016-03-14,23.2187728881836,25.6299991607666,25.727500915527344,25.44499969482422,25.477500915527344,100304400
2016-03-15,23.68532371520996,26.145000457763672,26.295000076293945,25.96249961853028,25.989999771118164,160270800
2016-03-16,24.000133514404297,26.49250030517578,26.57749938964844,26.147499084472656,26.15250015258789,153214000
2016-03-17,23.96162986755371,26.450000762939453,26.61750030517578,26.239999771118164,26.3799991607666,137682800
2016-03-18,23.98881149291992,26.479999542236328,26.625,26.29750061035156,26.584999084472656,176820800
2016-03-21,23.98654556274414,26.477500915527344,26.912500381469727,26.28499984741211,26.482500076293945,142010800
2016-03-22,24.169994354248047,26.68000030517578,26.82250022888184,26.302499771118164,26.3125,129777600
2016-03-23,24.03637313842773,26.53249931335449,26.76749992370605,26.475000381469727,26.6200008392334,102814000
2016-03-24,23.932188034057617,26.417499542236328,26.5625,26.22249984741211,26.36750030517578,104532000
2016-03-28,23.823484420776367,26.29750061035156,26.54750061035156,26.26499938964844,26.5,77645600
2016-03-29,24.387420654296875,26.920000076293945,26.94750022888184,26.21999931335449,26.22249984741211,124760400
2016-03-30,24.81319808959961,27.38999938964844,27.604999542236328,27.14999961853028,27.162500381469727,182404400
2016-03-31,24.68411064147949,27.247499465942383,27.475000381469727,27.21999931335449,27.43000030517578,103553600
2016-04-01,24.91058921813965,27.497499465942383,27.5,27.049999237060547,27.19499969482422,103496000
2016-04-04,25.16651153564453,27.780000686645508,28.04750061035156,27.5674991607666,27.604999542236328,149424800
2016-04-05,24.86981773376465,27.45249938964844,27.6825008392334,27.354999542236328,27.377500534057617,106314800
2016-04-06,25.13027572631836,27.739999771118164,27.7450008392334,27.299999237060547,27.5575008392334,105616400
2016-04-07,24.58218765258789,27.13500022888184,27.604999542236328,27.030000686645508,27.487499237060547,127207600
2016-04-08,24.60936737060547,27.165000915527344,27.4424991607666,27.042499542236328,27.227500915527344,94326800
2016-04-11,24.69089698791504,27.2549991607666,27.65250015258789,27.207500457763672,27.24250030517578,117630000
2016-04-12,25.012496948242188,27.61000061035156,27.625,27.165000915527344,27.334999084472656,108929200
2016-04-13,25.374874114990234,28.01000022888184,28.084999084472656,27.700000762939453,27.700000762939453,133029200
2016-04-14,25.388463973999023,28.02499961853028,28.09749984741211,27.832500457763672,27.905000686645508,101895600
2016-04-15,24.87887954711914,27.46249961853028,28.075000762939453,27.4325008392334,28.02750015258789,187756000
2016-04-18,24.342124938964844,26.8700008392334,27.237499237060547,26.73500061035156,27.22249984741211,243286000
2016-04-19,24.213035583496094,26.727500915527344,27.0,26.5575008392334,26.96999931335449,129539600
2016-04-20,24.262853622436523,26.78249931335449,27.022499084472656,26.51499938964844,26.65999984741211,122444000
2016-04-21,24.000133514404297,26.49250030517578,26.732500076293945,26.3799991607666,26.732500076293945,126210000
2016-04-22,23.93445587158203,26.420000076293945,26.6200008392334,26.155000686645508,26.252500534057617,134732400
2016-04-25,23.79857635498047,26.270000457763672,26.412500381469727,26.127500534057617,26.25,112126400
2016-04-26,23.63323211669922,26.08749961853028,26.325000762939453,25.977500915527344,25.977500915527344,224064800
2016-04-27,22.15431404113769,24.45499992370605,24.677499771118164,23.920000076293945,24.0,458408400
2016-04-28,21.477140426635746,23.707500457763672,24.46999931335449,23.5625,24.40250015258789,328970800
2016-04-29,21.230281829833984,23.434999465942383,23.68000030517578,23.127500534057617,23.497499465942383,274126000
2016-05-02,21.207630157470703,23.40999984741211,23.520000457763672,23.100000381469727,23.49250030517578,192640400
2016-05-03,21.556415557861328,23.795000076293945,23.934999465942383,23.420000076293945,23.549999237060547,227325200
2016-05-04,21.33219718933105,23.54750061035156,23.975000381469727,23.45499992370605,23.799999237060547,164102000
2016-05-05,21.24561309814453,23.309999465942383,23.51749992370605,23.170000076293945,23.5,143562000
2016-05-06,21.127120971679688,23.18000030517578,23.362499237060547,22.96249961853028,23.342500686645508,174799600
2016-05-09,21.143064498901367,23.19750022888184,23.4424991607666,23.147499084472656,23.25,131745600
2016-05-10,21.286624908447266,23.354999542236328,23.39249992370605,23.02750015258789,23.332500457763672,134747200
2016-05-11,21.079265594482425,23.127500534057617,23.39249992370605,23.114999771118164,23.3700008392334,114876400
2016-05-12,20.58481407165528,22.584999084472656,23.19499969482422,22.36750030517578,23.18000030517578,305258800
2016-05-13,20.625831604003903,22.6299991607666,22.917499542236328,22.5,22.5,177571200
2016-05-16,21.391435623168945,23.46999931335449,23.59749984741211,22.912500381469727,23.09749984741211,245039200
2016-05-17,21.302566528320312,23.372499465942383,23.674999237060547,23.252500534057617,23.637500762939453,187667600
2016-05-18,21.54638671875,23.63999938964844,23.802499771118164,23.47249984741211,23.540000915527344,168249600
2016-05-19,21.464359283447266,23.549999237060547,23.65999984741211,23.39249992370605,23.65999984741211,121768400
2016-05-20,21.6967716217041,23.80500030517578,23.857500076293945,23.6299991607666,23.65999984741211,128104000
2016-05-23,21.97248077392578,24.107500076293945,24.29750061035156,23.917499542236328,23.967500686645508,152074400
2016-05-24,22.307432174682617,24.475000381469727,24.522499084472656,24.209999084472656,24.30500030517578,140560800
2016-05-25,22.69935417175293,24.905000686645508,24.934999465942383,24.52750015258789,24.667499542236328,152675200
2016-05-26,22.879358291625977,25.102500915527344,25.1825008392334,24.65999984741211,24.920000076293945,225324800
2016-05-27,22.865684509277344,25.08749961853028,25.11750030517578,24.8125,24.86000061035156,145364800
2016-05-31,22.754037857055664,24.96500015258789,25.100000381469727,24.70499992370605,24.89999961853028,169228800
2016-06-01,22.435029983520508,24.614999771118164,24.88500022888184,24.582500457763672,24.7549991607666,116693200
2016-06-02,22.26642227172852,24.43000030517578,24.459999084472656,24.15749931335449,24.39999961853028,160766400
2016-06-03,22.31199073791504,24.479999542236328,24.5674991607666,24.362499237060547,24.44750022888184,114019600
2016-06-06,22.47377014160156,24.65749931335449,25.47249984741211,24.387500762939453,24.497499465942383,93170000
2016-06-07,22.564918518066406,24.75749969482422,24.967500686645508,24.739999771118164,24.8125,89638000
2016-06-08,22.544408798217773,24.73500061035156,24.88999938964844,24.670000076293945,24.7549991607666,83392400
2016-06-09,22.70618438720703,24.912500381469727,24.997499465942383,24.614999771118164,24.625,106405600
2016-06-10,22.519344329833984,24.707500457763672,24.83749961853028,24.6200008392334,24.63249969482422,126851600
2016-06-13,22.179832458496094,24.334999084472656,24.780000686645508,24.27499961853028,24.67250061035156,152082000
2016-06-14,22.20717430114746,24.364999771118164,24.6200008392334,24.1875,24.32999992370605,127727600
2016-06-15,22.134254455566406,24.28499984741211,24.602500915527344,24.25749969482422,24.45499992370605,117780800
2016-06-16,22.227684020996094,24.387500762939453,24.4375,24.01749992370605,24.112499237060547,125307200
2016-06-17,21.721837997436523,23.832500457763672,24.162500381469727,23.825000762939453,24.155000686645508,244032800
2016-06-20,21.66942596435547,23.77499961853028,24.14249992370605,23.75749969482422,24.0,137647600
2016-06-21,21.854001998901367,23.977500915527344,24.08749961853028,23.670000076293945,23.73500061035156,142185600
2016-06-22,21.771961212158203,23.887500762939453,24.22249984741211,23.83749961853028,24.0625,116876400
2016-06-23,21.89728736877441,24.02499961853028,24.07250022888184,23.8125,23.98500061035156,128960800
2016-06-24,21.282066345214844,23.350000381469727,23.665000915527344,23.162500381469727,23.227500915527344,301245600
2016-06-27,20.97217559814453,23.01000022888184,23.262500762939453,22.875,23.25,181958400
2016-06-28,21.32535743713379,23.397499084472656,23.415000915527344,23.03499984741211,23.225000381469727,161779600
2016-06-29,21.50992202758789,23.600000381469727,23.637500762939453,23.40749931335449,23.49250030517578,146124000
2016-06-30,21.783355712890625,23.89999961853028,23.9424991607666,23.575000762939453,23.61000061035156,143345600
2016-07-01,21.849437713623047,23.97249984741211,24.11750030517578,23.832500457763672,23.872499465942383,104106000
2016-07-05,21.64436149597168,23.747499465942383,23.850000381469727,23.614999771118164,23.84749984741211,110820800
2016-07-06,21.767406463623047,23.88249969482422,23.915000915527344,23.592500686645508,23.64999961853028,123796400
2016-07-07,21.86083030700684,23.98500061035156,24.125,23.905000686645508,23.924999237060547,100558400
2016-07-08,22.029449462890625,24.170000076293945,24.22249984741211,24.012500762939453,24.122499465942383,115648400
2016-07-11,22.097803115844727,24.2450008392334,24.412500381469727,24.1825008392334,24.1875,95179600
2016-07-12,22.19806289672852,24.354999542236328,24.424999237060547,24.280000686645508,24.292499542236328,96670000
2016-07-13,22.07274055480957,24.217500686645508,24.417499542236328,24.209999084472656,24.352500915527344,103568800
2016-07-14,22.510229110717773,24.69750022888184,24.747499465942383,24.32999992370605,24.34749984741211,155676000
2016-07-15,22.507953643798828,24.69499969482422,24.825000762939453,24.625,24.729999542236328,120548000
2016-07-18,22.74720764160156,24.957500457763672,25.03249931335449,24.64999961853028,24.674999237060547,145975600
2016-07-19,22.75632095336914,24.967500686645508,25.0,24.834999084472656,24.88999938964844,95119600
2016-07-20,22.776824951171875,24.989999771118164,25.114999771118164,24.934999465942383,25.0,105104000
2016-07-21,22.65606117248535,24.857500076293945,25.25,24.78249931335449,24.957500457763672,130808000
2016-07-22,22.480615615844727,24.665000915527344,24.825000762939453,24.57749938964844,24.815000534057617,113254800
2016-07-25,22.179832458496094,24.334999084472656,24.709999084472656,24.229999542236328,24.5625,161531600
2016-07-26,22.027162551879883,24.167499542236328,24.49250030517578,24.104999542236328,24.20499992370605,224959200
2016-07-27,23.458126068115234,25.737499237060547,26.08749961853028,25.6875,26.0674991607666,369379200
2016-07-28,23.77484703063965,26.084999084472656,26.112499237060547,25.70499992370605,25.707500457763672,159479200
2016-07-29,23.745227813720703,26.052499771118164,26.137500762939453,25.920000076293945,26.04750061035156,110934800
2016-08-01,24.16448783874512,26.512500762939453,26.537500381469727,26.102500915527344,26.102500915527344,152671600
2016-08-02,23.80675506591797,26.1200008392334,26.51749992370605,26.0,26.512500762939453,135266400
2016-08-03,24.105243682861328,26.44750022888184,26.459999084472656,26.1924991607666,26.20249938964844,120810400
2016-08-04,24.25415802001953,26.467500686645508,26.5,26.31999969482422,26.395000457763672,109634800
2016-08-05,24.62299919128418,26.8700008392334,26.912500381469727,26.545000076293945,26.5674991607666,162213600
2016-08-08,24.826887130737305,27.092500686645508,27.092500686645508,26.790000915527344,26.8799991607666,112148800
2016-08-09,24.92768669128418,27.20249938964844,27.23500061035156,27.002500534057617,27.0575008392334,105260800
2016-08-10,24.74212455749512,27.0,27.225000381469727,26.940000534057617,27.177499771118164,96034000
2016-08-11,24.72608757019043,26.982500076293945,27.232500076293945,26.96249961853028,27.1299991607666,109938000
2016-08-12,24.78335762023925,27.045000076293945,27.11000061035156,26.94499969482422,26.94499969482422,74641600
2016-08-15,25.0811824798584,27.3700008392334,27.38500022888184,27.020000457763672,27.03499984741211,103472800
2016-08-16,25.05827713012696,27.34499931335449,27.5575008392334,27.302499771118164,27.40749931335449,135177600
2016-08-17,25.021623611450195,27.30500030517578,27.342500686645508,27.084999084472656,27.27499961853028,101424000
2016-08-18,24.989545822143555,27.270000457763672,27.39999961853028,27.2549991607666,27.3075008392334,87938800
2016-08-19,25.053691864013672,27.34000015258789,27.42250061035156,27.09000015258789,27.1924991607666,101472400
2016-08-22,24.85896873474121,27.127500534057617,27.27499961853028,26.96249961853028,27.21500015258789,103280800
2016-08-23,24.936851501464844,27.21249961853028,27.32999992370605,27.13249969482422,27.147499084472656,85030800
2016-08-24,24.74899673461914,27.00749969482422,27.1875,26.920000076293945,27.14249992370605,94700400
2016-08-25,24.643613815307617,26.89249992370605,26.96999931335449,26.670000076293945,26.84749984741211,100344800
2016-08-26,24.49928474426269,26.73500061035156,26.987499237060547,26.57749938964844,26.852500915527344,111065200
2016-08-29,24.471792221069336,26.70499992370605,26.86000061035156,26.57250022888184,26.655000686645508,99881200
2016-08-30,24.2839412689209,26.5,26.625,26.375,26.450000762939453,99455600
2016-08-31,24.306846618652344,26.52499961853028,26.64249992370605,26.40999984741211,26.415000915527344,118649600
2016-09-01,24.45117378234864,26.6825008392334,26.700000762939453,26.405000686645508,26.53499984741211,106806000
2016-09-02,24.68027114868164,26.9325008392334,27.0,26.70499992370605,26.924999237060547,107210000
2016-09-06,24.673389434814453,26.924999237060547,27.075000762939453,26.877500534057617,26.975000381469727,107521600
2016-09-07,24.824596405029297,27.09000015258789,27.190000534057617,26.76749992370605,26.957500457763672,169457200
2016-09-08,24.173967361450195,26.3799991607666,26.8174991607666,26.309999465942383,26.8125,212008000
2016-09-09,23.626440048217773,25.78249931335449,26.43000030517578,25.78249931335449,26.15999984741211,186228000
2016-09-12,24.15564727783203,26.36000061035156,26.43000030517578,25.63249969482422,25.662500381469727,181171200
2016-09-13,24.730669021606445,26.987499237060547,27.19750022888184,26.809999465942383,26.877500534057617,248704800
2016-09-14,25.60580825805664,27.9424991607666,28.25749969482422,27.14999961853028,27.1825008392334,443554800
2016-09-15,26.476362228393555,28.89249992370605,28.9325008392334,28.372499465942383,28.46500015258789,359934400
2016-09-16,26.32745361328125,28.729999542236328,29.03249931335449,28.51000022888184,28.780000686645508,319547600
2016-09-19,26.020463943481445,28.395000457763672,29.045000076293945,28.3125,28.79750061035156,188092000
2016-09-20,26.0181827545166,28.39249992370605,28.530000686645508,28.127500534057617,28.262500762939453,138057200
2016-09-21,26.013595581054688,28.387500762939453,28.497499465942383,28.11000061035156,28.46249961853028,144012800
2016-09-22,26.25872230529785,28.655000686645508,28.73500061035156,28.5,28.58749961853028,124296000
2016-09-23,25.821155548095703,28.177499771118164,28.69750022888184,27.887500762939453,28.604999542236328,209924800
2016-09-26,25.8601016998291,28.21999931335449,28.34749984741211,27.887500762939453,27.90999984741211,119477600
2016-09-27,25.90821075439453,28.272499084472656,28.295000076293945,28.084999084472656,28.25,98429600
2016-09-28,26.1052303314209,28.487499237060547,28.65999984741211,28.357500076293945,28.42250061035156,118564400
2016-09-29,25.69973564147949,28.045000076293945,28.450000762939453,27.950000762939453,28.290000915527344,143548000
2016-09-30,25.89905166625977,28.262500762939453,28.342500686645508,27.950000762939453,28.114999771118164,145516400
2016-10-03,25.77762794494629,28.1299991607666,28.262500762939453,28.06999969482422,28.177499771118164,86807200
2016-10-04,25.887590408325195,28.25,28.57749938964844,28.15749931335449,28.26499938964844,118947200
2016-10-05,25.89905166625977,28.262500762939453,28.415000915527344,28.17250061035156,28.350000381469727,85812400
2016-10-06,26.091487884521484,28.47249984741211,28.584999084472656,28.28249931335449,28.424999237060547,115117200
2016-10-07,26.130430221557617,28.51499938964844,28.63999938964844,28.377500534057617,28.57749938964844,97433600
2016-10-10,26.58633041381836,29.012500762939453,29.1875,28.68000030517578,28.7549991607666,144944000
2016-10-11,26.643600463867188,29.075000762939453,29.67250061035156,29.049999237060547,29.424999237060547,256164000
2016-10-12,26.8818588256836,29.334999084472656,29.4950008392334,29.1875,29.33749961853028,150347200
2016-10-13,26.79938697814941,29.2450008392334,29.36000061035156,28.93000030517578,29.19750022888184,140769600
2016-10-14,26.94830322265625,29.40749931335449,29.542499542236328,29.28249931335449,29.46999931335449,142608800
2016-10-17,26.929969787597656,29.387500762939453,29.459999084472656,29.19499969482422,29.332500457763672,94499600
2016-10-18,26.9116439819336,29.36750030517578,29.552499771118164,29.362499237060547,29.545000076293945,98214000
2016-10-19,26.83146095275879,29.280000686645508,29.440000534057617,28.450000762939453,29.3125,80138400
2016-10-20,26.81770706176757,29.26499938964844,29.34499931335449,29.082500457763672,29.21500015258789,96503200
2016-10-21,26.712326049804688,29.14999961853028,29.227500915527344,29.06999969482422,29.20249938964844,92770800
2016-10-24,26.95287704467773,29.412500381469727,29.434999465942383,29.25,29.27499961853028,94154800
2016-10-25,27.090335845947266,29.5625,29.59000015258789,29.32749938964844,29.487499237060547,192516000
2016-10-26,26.48094940185547,28.897499084472656,28.924999237060547,28.32749938964844,28.57749938964844,264536800
2016-10-27,26.22665977478028,28.6200008392334,28.96500015258789,28.52499961853028,28.84749984741211,138248000
2016-10-28,26.05254173278809,28.43000030517578,28.802499771118164,28.362499237060547,28.467500686645508,151446800
2016-10-31,26.01131057739257,28.38500022888184,28.5575008392334,28.299999237060547,28.412500381469727,105677600
2016-11-01,25.54166412353516,27.872499465942383,28.4424991607666,27.63249969482422,28.364999771118164,175303200
2016-11-02,25.564571380615234,27.897499084472656,28.08749961853028,27.8075008392334,27.850000381469727,113326800
2016-11-03,25.290552139282227,27.457500457763672,27.864999771118164,27.387500762939453,27.7450008392334,107730400
2016-11-04,25.062583923339844,27.209999084472656,27.5625,27.02750015258789,27.13249969482422,123348000
2016-11-07,25.42409896850586,27.602500915527344,27.627500534057617,27.364999771118164,27.520000457763672,130240000
2016-11-08,25.57378578186035,27.76499938964844,27.93000030517578,27.424999237060547,27.57749938964844,97016800
2016-11-09,25.532337188720703,27.71999931335449,27.82999992370605,27.012500762939453,27.46999931335449,236705600
2016-11-10,24.82080268859864,26.94750022888184,27.772499084472656,26.457500457763672,27.772499084472656,228538000
2016-11-11,24.96817207336425,27.107500076293945,27.217500686645508,26.637500762939453,26.780000686645508,136575600
2016-11-14,24.34183883666992,26.427499771118164,26.95249938964844,26.020000457763672,26.927499771118164,204702000
2016-11-15,24.664220809936523,26.77750015258789,26.920000076293945,26.540000915527344,26.64249992370605,129058000
2016-11-16,25.327392578125,27.497499465942383,27.5575008392334,26.64999961853028,26.674999237060547,235362000
2016-11-17,25.31818199157715,27.487499237060547,27.58749961853028,27.207500457763672,27.45249938964844,110528000
2016-11-18,25.343515396118164,27.51499938964844,27.63500022888184,27.415000915527344,27.43000030517578,113715600
2016-11-21,25.728065490722656,27.9325008392334,27.997499465942383,27.502500534057617,27.530000686645508,117058400
2016-11-22,25.74417495727539,27.950000762939453,28.104999542236328,27.850000381469727,27.987499237060547,103862000
2016-11-23,25.61292839050293,27.8075008392334,27.877500534057617,27.582500457763672,27.84000015258789,109705600
2016-11-25,25.741878509521484,27.94750022888184,27.967500686645508,27.737499237060547,27.78249931335449,45903600
2016-11-28,25.69121742248535,27.89249992370605,28.11750030517578,27.84749984741211,27.857500076293945,108776000
2016-11-29,25.66588592529297,27.864999771118164,28.00749969482422,27.51749992370605,27.69499969482422,114115200
2016-11-30,25.449434280395508,27.6299991607666,28.049999237060547,27.5674991607666,27.89999961853028,144649200
2016-12-01,25.21225357055664,27.372499465942383,27.73500061035156,27.25749969482422,27.592500686645508,148347600
2016-12-02,25.30667304992676,27.475000381469727,27.522499084472656,27.21249961853028,27.292499542236328,106112000
2016-12-05,25.124755859375,27.27750015258789,27.50749969482422,27.0625,27.5,137298000
2016-12-06,25.31818199157715,27.487499237060547,27.59000015258789,27.29750061035156,27.375,104782000
2016-12-07,25.56687355041504,27.75749969482422,27.79750061035156,27.290000915527344,27.315000534057617,119994800
2016-12-08,25.817869186401367,28.030000686645508,28.107500076293945,27.64999961853028,27.71500015258789,108273200
2016-12-09,26.23926544189453,28.487499237060547,28.674999237060547,28.07749938964844,28.07749938964844,137610400
2016-12-12,26.089584350585938,28.325000762939453,28.75,28.122499465942383,28.32250022888184,105497600
2016-12-13,26.52479553222656,28.79750061035156,28.979999542236328,28.4375,28.459999084472656,174935200
2016-12-14,26.52479553222656,28.79750061035156,29.049999237060547,28.7450008392334,28.76000022888184,136127200
2016-12-15,26.66986846923828,28.95499992370605,29.1825008392334,28.8075008392334,28.84499931335449,186098000
2016-12-16,26.70441436767578,28.99250030517578,29.125,28.912500381469727,29.11750030517578,177404400
2016-12-19,26.858692169189453,29.15999984741211,29.34499931335449,28.9375,28.950000762939453,111117600
2016-12-20,26.930072784423828,29.237499237060547,29.375,29.170000076293945,29.184999465942383,85700000
2016-12-21,26.955398559570312,29.26499938964844,29.350000381469727,29.19499969482422,29.200000762939453,95132800
2016-12-22,26.778100967407227,29.07250022888184,29.127500534057617,28.90999984741211,29.08749961853028,104343600
2016-12-23,26.8310546875,29.1299991607666,29.1299991607666,28.897499084472656,28.897499084472656,56998000
2016-12-27,27.00145721435547,29.315000534057617,29.450000762939453,29.122499465942383,29.1299991607666,73187600
2016-12-28,26.886323928833008,29.190000534057617,29.5049991607666,29.049999237060547,29.3799991607666,83623600
2016-12-29,26.879419326782227,29.1825008392334,29.27750015258789,29.100000381469727,29.112499237060547,60158000
2016-12-30,26.66986846923828,28.95499992370605,29.299999237060547,28.857500076293945,29.162500381469727,122345200
2017-01-03,26.74585723876953,29.037500381469727,29.082500457763672,28.690000534057617,28.950000762939453,115127600
2017-01-04,26.71592140197754,29.0049991607666,29.127500534057617,28.9375,28.96249961853028,84472400
2017-01-05,26.851781845092773,29.15250015258789,29.21500015258789,28.95249938964844,28.979999542236328,88774400
2017-01-06,27.1511344909668,29.477500915527344,29.540000915527344,29.11750030517578,29.19499969482422,127007600
2017-01-09,27.39982414245605,29.747499465942383,29.857500076293945,29.48500061035156,29.487499237060547,134247600
2017-01-10,27.427452087402344,29.77750015258789,29.84499931335449,29.575000762939453,29.6924991607666,97848400
2017-01-11,27.574827194213867,29.9375,29.982500076293945,29.64999961853028,29.684999465942383,110354400
2017-01-12,27.459693908691406,29.8125,29.825000762939453,29.552499771118164,29.725000381469727,108344800
2017-01-13,27.41133499145508,29.76000022888184,29.905000686645508,29.70249938964844,29.77750015258789,104447600
2017-01-17,27.632396697998047,30.0,30.059999465942383,29.55500030517578,29.584999084472656,137759200
2017-01-18,27.63009262084961,29.997499465942383,30.125,29.927499771118164,30.0,94852000
2017-01-19,27.58173370361328,29.94499969482422,30.022499084472656,29.842500686645508,29.850000381469727,102389200
2017-01-20,27.632396697998047,30.0,30.112499237060547,29.9325008392334,30.112499237060547,130391600
2017-01-23,27.650819778442383,30.020000457763672,30.20249938964844,29.9424991607666,30.0,88200800
2017-01-24,27.625492095947266,29.99250030517578,30.02499961853028,29.875,29.887500762939453,92844000
2017-01-25,28.06529998779297,30.46999931335449,30.52499961853028,30.06999969482422,30.104999542236328,129510400
2017-01-26,28.07912254333496,30.48500061035156,30.61000061035156,30.39999961853028,30.417499542236328,105350400
2017-01-27,28.081418991088867,30.487499237060547,30.58749961853028,30.39999961853028,30.53499984741211,82251600
2017-01-30,28.00774002075196,30.40749931335449,30.40749931335449,30.165000915527344,30.232500076293945,121510000
2017-01-31,27.943260192871094,30.33749961853028,30.34749984741211,30.155000686645508,30.287500381469727,196804000
2017-02-01,29.64725875854492,32.1875,32.622501373291016,31.752500534057617,31.75749969482422,447940000
2017-02-02,29.59659576416016,32.13249969482422,32.34749984741211,31.94499969482422,31.9950008392334,134841600
2017-02-03,29.72324562072754,32.27000045776367,32.29750061035156,32.040000915527344,32.07749938964844,98029200
2017-02-06,30.00186347961425,32.5724983215332,32.625,32.224998474121094,32.282501220703125,107383600
2017-02-07,30.287412643432617,32.88249969482422,33.022499084472656,32.61249923706055,32.6349983215332,152735200
2017-02-08,30.40484046936035,33.0099983215332,33.05500030517578,32.80500030517578,32.837501525878906,92016400
2017-02-09,30.624547958374023,33.10499954223633,33.11249923706055,32.779998779296875,32.912498474121094,113399600
2017-02-10,30.555164337158203,33.029998779296875,33.23500061035156,33.01250076293945,33.1150016784668,80262000
2017-02-13,30.82575225830078,33.3224983215332,33.45500183105469,33.1875,33.27000045776367,92141600
2017-02-14,31.22584724426269,33.755001068115234,33.772499084472656,33.3125,33.36750030517578,132904800
2017-02-15,31.339168548583984,33.877498626708984,34.067501068115234,33.654998779296875,33.880001068115234,142492400
2017-02-16,31.30217170715332,33.837501525878906,33.974998474121094,33.709999084472656,33.91749954223633,90338400
2017-02-17,31.38772964477539,33.93000030517578,33.95750045776367,33.775001525878906,33.775001525878906,88792800
2017-02-21,31.61436653137207,34.17499923706055,34.1875,33.994998931884766,34.057498931884766,98028800
2017-02-22,31.709209442138672,34.27750015258789,34.279998779296875,34.02750015258789,34.10749816894531,83347600
2017-02-23,31.57505798339844,34.13249969482422,34.369998931884766,34.07500076293945,34.345001220703125,83152800
2017-02-24,31.605125427246094,34.165000915527344,34.165000915527344,33.81999969482422,33.977500915527344,87106400
2017-02-27,31.667573928833008,34.23249816894531,34.36000061035156,34.06999969482422,34.28499984741211,81029600
2017-02-28,31.681453704833984,34.247501373291016,34.36000061035156,34.17499923706055,34.27000045776367,93931600
2017-03-01,32.32898712158203,34.9474983215332,35.037498474121094,34.400001525878906,34.47249984741211,145658400
2017-03-02,32.13705062866211,34.7400016784668,35.06999969482422,34.689998626708984,35.0,104844000
2017-03-03,32.3266716003418,34.94499969482422,34.95750045776367,34.647499084472656,34.69499969482422,84432400
2017-03-06,32.22492599487305,34.834999084472656,34.942501068115234,34.650001525878906,34.842498779296875,87000000
2017-03-07,32.26655578613281,34.880001068115234,34.994998931884766,34.6974983215332,34.76499938964844,69785200
2017-03-08,32.14630508422852,34.75,34.95000076293945,34.70500183105469,34.73749923706055,74828800
2017-03-09,32.072288513183594,34.66999816894531,34.6974983215332,34.26250076293945,34.685001373291016,88623600
2017-03-10,32.178680419921875,34.78499984741211,34.84000015258789,34.65999984741211,34.8125,78451200
2017-03-13,32.19254302978516,34.79999923706055,34.85749816894531,34.70500183105469,34.712501525878906,69686800
2017-03-14,32.14399719238281,34.747501373291016,34.912498474121094,34.709999084472656,34.82500076293945,61236400
2017-03-15,32.483943939208984,35.1150016784668,35.1875,34.75749969482422,34.852500915527344,102767200
2017-03-16,32.537132263183594,35.17250061035156,35.255001068115234,35.064998626708984,35.18000030517578,76928000
2017-03-17,32.37525177001953,34.997501373291016,35.25,34.97249984741211,35.25,175540000
2017-03-20,32.71521759033203,35.3650016784668,35.375,35.057498931884766,35.099998474121094,86168000
2017-03-21,32.34056091308594,34.959999084472656,35.70000076293945,34.932498931884766,35.52750015258789,158119600
2017-03-22,32.705955505371094,35.35499954223633,35.400001525878906,34.939998626708984,34.962501525878906,103440800
2017-03-23,32.5903434753418,35.22999954223633,35.39500045776367,35.15250015258789,35.314998626708984,81385200
2017-03-24,32.525569915771484,35.15999984741211,35.435001373291016,35.087501525878906,35.375,89582400
2017-03-27,32.58107376098633,35.220001220703125,35.30500030517578,34.654998779296875,34.84749984741211,94300400
2017-03-28,33.25639343261719,35.95000076293945,36.0099983215332,35.154998779296875,35.227500915527344,133499200
2017-03-29,33.33039474487305,36.02999877929688,36.122501373291016,35.79750061035156,35.91999816894531,116760000
2017-03-30,33.28644561767578,35.98249816894531,36.125,35.875,36.04750061035156,84829200
2017-03-31,33.2239990234375,35.915000915527344,36.067501068115234,35.752498626708984,35.93000030517578,78646800
2017-04-03,33.2332649230957,35.92499923706055,36.02999877929688,35.76250076293945,35.9275016784668,79942800
2017-04-04,33.48072814941406,36.192501068115234,36.22249984741211,35.79249954223633,35.8125,79565600
2017-04-05,33.307254791259766,36.005001068115234,36.3650016784668,35.95249938964844,36.05500030517578,110871600
2017-04-06,33.2239990234375,35.915000915527344,36.130001068115234,35.86249923706055,36.0724983215332,84596000
2017-04-07,33.150001525878906,35.834999084472656,36.04499816894531,35.817501068115234,35.932498931884766,66688800
2017-04-10,33.110687255859375,35.79249954223633,35.970001220703125,35.724998474121094,35.900001525878906,75733600
2017-04-11,32.75453567504883,35.407501220703125,35.837501525878906,35.01499938964844,35.73500061035156,121517600
2017-04-12,32.793846130371094,35.45000076293945,35.537498474121094,35.252498626708984,35.400001525878906,81400000
2017-04-13,32.62038803100586,35.26250076293945,35.595001220703125,35.26250076293945,35.477500915527344,71291600
2017-04-17,32.80078887939453,35.45750045776367,35.470001220703125,35.217498779296875,35.369998931884766,66328400
2017-04-18,32.65507888793945,35.29999923706055,35.5099983215332,35.27750015258789,35.352500915527344,58790000
2017-04-19,32.53482437133789,35.16999816894531,35.5,35.11249923706055,35.470001220703125,69313600
2017-04-20,32.94186019897461,35.61000061035156,35.72999954223633,35.290000915527344,35.30500030517578,93278400
2017-04-21,32.90253829956055,35.567501068115234,35.66999816894531,35.462501525878906,35.61000061035156,69283600
2017-04-24,33.219383239746094,35.90999984741211,35.98749923706055,35.79499816894531,35.875,68537200
2017-04-25,33.42521286010742,36.13249969482422,36.22499847412109,35.967498779296875,35.977500915527344,75486000
2017-04-26,33.228633880615234,35.91999816894531,36.150001525878906,35.845001220703125,36.11750030517578,80164800
2017-04-27,33.25407028198242,35.9474983215332,36.040000915527344,35.82749938964844,35.97999954223633,56985200
2017-04-28,33.22169876098633,35.912498474121094,36.07500076293945,35.817501068115234,36.022499084472656,83441600
2017-05-01,33.899295806884766,36.64500045776367,36.79999923706055,36.2400016784668,36.275001525878906,134411600
2017-05-02,34.1143913269043,36.87749862670898,37.022499084472656,36.709999084472656,36.8849983215332,181408800
2017-05-03,34.010311126708984,36.76499938964844,36.872501373291016,36.067501068115234,36.397499084472656,182788000
2017-05-04,33.887752532958984,36.63249969482422,36.78499984741211,36.45249938964844,36.630001068115234,93487600
2017-05-05,34.44973373413086,37.2400016784668,37.244998931884766,36.68999862670898,36.68999862670898,109310800
2017-05-08,35.3863639831543,38.25249862670898,38.42499923706055,37.25749969482422,37.25749969482422,195009600
2017-05-09,35.61301040649414,38.497501373291016,38.720001220703125,38.36249923706055,38.46749877929688,156521600
2017-05-10,35.444175720214844,38.31499862670898,38.48500061035156,38.02750015258789,38.407501220703125,103222800
2017-05-11,35.750709533691406,38.48749923706055,38.51750183105469,38.07749938964844,38.11249923706055,109020400
2017-05-12,36.24999237060547,39.025001525878906,39.10499954223633,38.66749954223633,38.67499923706055,130108000
2017-05-15,36.15711212158203,38.92499923706055,39.16249847412109,38.76250076293945,39.00249862670898,104038800
2017-05-16,36.10369110107422,38.86750030517578,39.01499938964844,38.68000030517578,38.98500061035156,80194000
2017-05-17,34.89149475097656,37.5625,38.64250183105469,37.4275016784668,38.400001525878906,203070800
2017-05-18,35.423282623291016,38.1349983215332,38.334999084472656,37.782501220703125,37.817501068115234,134272800
2017-05-19,35.54405212402344,38.26499938964844,38.494998931884766,38.157501220703125,38.345001220703125,107843200
2017-05-22,35.760005950927734,38.497501373291016,38.64500045776367,38.227500915527344,38.5,91865600
2017-05-23,35.71589279174805,38.45000076293945,38.72499847412109,38.32749938964844,38.72499847412109,79675600
2017-05-24,35.60905075073242,38.334999084472656,38.54249954223633,38.16749954223633,38.459999084472656,76712000
2017-05-25,35.732139587402344,38.46749877929688,38.587501525878906,38.25749969482422,38.432498931884766,76942400
2017-05-26,35.6717643737793,38.40250015258789,38.560001373291016,38.32749938964844,38.5,87710400
2017-05-30,35.68570709228516,38.41749954223633,38.60749816894531,38.33250045776367,38.35499954223633,80507600
2017-05-31,35.474365234375,38.18999862670898,38.54249954223633,38.095001220703125,38.49250030517578,97804800
2017-06-01,35.571895599365234,38.29499816894531,38.33250045776367,38.05500030517578,38.29249954223633,65616400
2017-06-02,36.09905242919922,38.86249923706055,38.86249923706055,38.22249984741211,38.39500045776367,111082800
2017-06-05,35.746063232421875,38.48249816894531,38.61249923706055,38.3650016784668,38.584999084472656,101326800
2017-06-06,35.8668098449707,38.61249923706055,38.95249938964844,38.44499969482422,38.47499847412109,106499600
2017-06-07,36.08046722412109,38.84249877929688,38.994998931884766,38.619998931884766,38.755001068115234,84278400
2017-06-08,35.992218017578125,38.747501373291016,38.8849983215332,38.59999847412109,38.8125,85003200
2017-06-09,34.596561431884766,37.244998931884766,38.79750061035156,36.505001068115234,38.79750061035156,259530800
2017-06-12,33.76984786987305,36.35499954223633,36.522499084472656,35.627498626708984,36.435001373291016,289229200
2017-06-13,34.04155349731445,36.647499084472656,36.86249923706055,36.28749847412109,36.790000915527344,136661600
2017-06-14,33.7094841003418,36.290000915527344,36.875,35.959999084472656,36.875,126124800
2017-06-15,33.50743865966797,36.0724983215332,36.119998931884766,35.5525016784668,35.83000183105469,128661600
2017-06-16,33.03834915161133,35.567501068115234,36.125,35.54999923706055,35.94499969482422,201444400
2017-06-19,33.98350143432617,36.584999084472656,36.685001373291016,35.915000915527344,35.915000915527344,130165600
2017-06-20,33.674644470214844,36.25249862670898,36.71749877929688,36.23500061035156,36.71749877929688,99600400
2017-06-21,33.874351501464844,36.46749877929688,36.51750183105469,36.15250015258789,36.380001068115234,85063200
2017-06-22,33.8186149597168,36.407501220703125,36.67499923706055,36.27999877929688,36.442501068115234,76425200
2017-06-23,33.96955871582031,36.56999969482422,36.790000915527344,36.27750015258789,36.282501220703125,141757600
2017-06-26,33.86273956298828,36.45500183105469,37.06999969482422,36.345001220703125,36.79249954223633,102769600
2017-06-27,33.37739562988281,35.932498931884766,36.540000915527344,35.904998779296875,36.25249862670898,99047600
2017-06-28,33.86506271362305,36.45750045776367,36.52750015258789,35.790000915527344,36.122501373291016,88329600
2017-06-29,33.36578750610352,35.91999816894531,36.282501220703125,35.56999969482422,36.1775016784668,125997600
2017-06-30,33.444732666015625,36.005001068115234,36.2400016784668,35.94499969482422,36.11249923706055,92096400
2017-07-03,33.323974609375,35.875,36.32500076293945,35.775001525878906,36.220001220703125,57111200
2017-07-05,33.46100616455078,36.022499084472656,36.1974983215332,35.68000030517578,35.92250061035156,86278400
2017-07-06,33.14519119262695,35.682498931884766,35.875,35.602500915527344,35.755001068115234,96515200
2017-07-07,33.481903076171875,36.04499816894531,36.1875,35.724998474121094,35.724998474121094,76806800
2017-07-10,33.686248779296875,36.26499938964844,36.48749923706055,35.842498779296875,36.02750015258789,84362400
2017-07-11,33.79539489746094,36.38249969482422,36.462501525878906,36.095001220703125,36.182498931884766,79127200
2017-07-12,33.84416961669922,36.435001373291016,36.54499816894531,36.20500183105469,36.46749877929688,99538000
2017-07-13,34.315574645996094,36.942501068115234,37.122501373291016,36.36000061035156,36.375,100797600
2017-07-14,34.61048889160156,37.2599983215332,37.33250045776367,36.83250045776367,36.99250030517578,80528400
2017-07-17,34.73125457763672,37.38999938964844,37.72499847412109,37.14250183105469,37.20500183105469,95174000
2017-07-18,34.852012634277344,37.52000045776367,37.532501220703125,37.16749954223633,37.29999923706055,71475200
2017-07-19,35.07029342651367,37.755001068115234,37.85499954223633,37.48749923706055,37.619998931884766,83692000
2017-07-20,34.912391662597656,37.584999084472656,37.935001373291016,37.54750061035156,37.875,68974800
2017-07-21,34.89614486694336,37.567501068115234,37.61000061035156,37.220001220703125,37.497501373291016,105010400
2017-07-24,35.31878662109375,38.022499084472656,38.11000061035156,37.47499847412109,37.64500045776367,85972800
2017-07-25,35.46971893310547,38.185001373291016,38.459999084472656,37.95000076293945,37.95000076293945,75415600
2017-07-26,35.63693618774414,38.3650016784668,38.48249816894531,38.26499938964844,38.337501525878906,63124000
2017-07-27,34.963470458984375,37.63999938964844,38.497501373291016,36.82500076293945,38.4375,129905200
2017-07-28,34.71731948852539,37.375,37.557498931884766,37.29750061035156,37.47249984741211,68854800
2017-07-31,34.53850555419922,37.182498931884766,37.58250045776367,37.032501220703125,37.47499847412109,79383600
2017-08-01,34.84503936767578,37.51250076293945,37.55500030517578,37.102500915527344,37.275001525878906,141474400
2017-08-02,36.49150466918945,39.28499984741211,39.9375,39.040000915527344,39.81999969482422,279747200
2017-08-03,36.12691879272461,38.89250183105469,39.3025016784668,38.755001068115234,39.26250076293945,108389200
2017-08-04,36.31734085083008,39.09749984741211,39.34999847412109,38.92250061035156,39.01750183105469,82239600
2017-08-07,36.87932968139648,39.70249938964844,39.72999954223633,39.16749954223633,39.26499938964844,87481200
2017-08-08,37.17424011230469,40.02000045776367,40.45750045776367,39.567501068115234,39.650001525878906,144823600
2017-08-09,37.40180587768555,40.26499938964844,40.317501068115234,39.77750015258789,39.81499862670898,104526000
2017-08-10,36.21049880981445,38.83000183105469,40.0,38.657501220703125,39.97499847412109,163217200
2017-08-11,36.71406555175781,39.369998931884766,39.64250183105469,39.01750183105469,39.150001525878906,105028400
2017-08-14,37.266597747802734,39.962501525878906,40.0525016784668,39.6875,39.83000183105469,88490800
2017-08-15,37.674583435058594,40.400001525878906,40.54999923706055,40.03499984741211,40.165000915527344,117862000
2017-08-16,37.52305603027344,40.23749923706055,40.62749862670898,40.03749847412109,40.48500061035156,110686400
2017-08-17,36.80266571044922,39.46500015258789,40.1775016784668,39.459999084472656,40.130001068115234,111762400
2017-08-18,36.7187385559082,39.375,39.875,39.18000030517578,39.46500015258789,109712400
2017-08-21,36.65111541748047,39.3025016784668,39.47249984741211,38.77750015258789,39.375,105474000
2017-08-22,37.25028991699219,39.94499969482422,40.0,39.505001068115234,39.557498931884766,86418400
2017-08-23,37.29692077636719,39.994998931884766,40.11750030517578,39.720001220703125,39.76750183105469,77596400
2017-08-24,37.13140106201172,39.817501068115234,40.185001373291016,39.63750076293945,40.10749816894531,79275600
2017-08-25,37.2689323425293,39.96500015258789,40.13999938964844,39.817501068115234,39.91249847412109,101920400
2017-08-28,37.6442756652832,40.36750030517578,40.5,39.98249816894531,40.03499984741211,103864000
2017-08-29,37.97999954223633,40.727500915527344,40.77999877929688,40.0,40.025001525878906,118067600
2017-08-30,38.08256912231445,40.837501525878906,40.97249984741211,40.65250015258789,40.95000076293945,109078400
2017-08-31,38.23411560058594,41.0,41.130001068115234,40.869998931884766,40.90999984741211,107140400
2017-09-01,38.24576187133789,41.01250076293945,41.23500061035156,40.907501220703125,41.20000076293945,66364400
2017-09-05,37.78649139404297,40.52000045776367,41.0625,40.13999938964844,40.9375,117874000
2017-09-06,37.746864318847656,40.477500915527344,40.747501373291016,40.130001068115234,40.6775016784668,86606800
2017-09-07,37.5953254699707,40.31499862670898,40.560001373291016,40.09000015258789,40.522499084472656,87714000
2017-09-08,36.98219680786133,39.657501220703125,40.28749847412109,39.63249969482422,40.21500015258789,114446000
2017-09-11,37.65128707885742,40.375,40.51250076293945,39.97249984741211,40.125,126323200
2017-09-12,37.502079010009766,40.21500015258789,40.9900016784668,39.692501068115234,40.65250015258789,286856000
2017-09-13,37.219974517822266,39.91249847412109,39.9900016784668,39.477500915527344,39.96749877929688,179629600
2017-09-14,36.90057373046875,39.56999969482422,39.84999847412109,39.522499084472656,39.747501373291016,95042800
2017-09-15,37.27359771728516,39.970001220703125,40.24250030517578,39.5,39.61750030517578,196458400
2017-09-18,36.99150466918945,39.66749954223633,40.125,39.5,40.02750015258789,113077600
2017-09-19,37.005496978759766,39.682498931884766,39.942501068115234,39.61000061035156,39.87749862670898,83242400
2017-09-20,36.38536071777344,39.01750183105469,39.56499862670898,38.45750045776367,39.47499847412109,211805600
2017-09-21,35.76054763793945,38.34749984741211,38.95000076293945,38.1875,38.95000076293945,150046800
2017-09-22,35.410850524902344,37.97249984741211,38.067501068115234,37.63999938964844,37.8849983215332,186581600
2017-09-25,35.09844207763672,37.63750076293945,37.95750045776367,37.290000915527344,37.497501373291016,177549200
2017-09-26,35.7022705078125,38.28499984741211,38.47999954223633,37.92250061035156,37.94499969482422,146640000
2017-09-27,35.95638656616211,38.557498931884766,38.68000030517578,38.3849983215332,38.45000076293945,102016800
2017-09-28,35.734893798828125,38.31999969482422,38.56999969482422,38.17499923706055,38.47249984741211,88022000
2017-09-29,35.93074035644531,38.52999877929688,38.532501220703125,38.0,38.3025016784668,105199200
2017-10-02,35.85845947265625,38.45249938964844,38.61249923706055,38.18000030517578,38.56499862670898,74795200
2017-10-03,36.01467514038086,38.619998931884766,38.772499084472656,38.477500915527344,38.50249862670898,64921200
2017-10-04,35.78154373168945,38.369998931884766,38.46500015258789,38.1150016784668,38.407501220703125,80655200
2017-10-05,36.22682189941406,38.84749984741211,38.86000061035156,38.51250076293945,38.54499816894531,85135200
2017-10-06,36.205833435058594,38.82500076293945,38.872501373291016,38.63999938964844,38.74250030517578,69630400
2017-10-09,36.33172225952149,38.959999084472656,39.182498931884766,38.872501373291016,38.95249938964844,65051600
2017-10-10,36.34572982788086,38.97499847412109,39.5,38.775001525878906,39.01499938964844,62468000
2017-10-11,36.49726486206055,39.13750076293945,39.244998931884766,38.9375,38.99250030517578,67622400
2017-10-12,36.3690299987793,39.0,39.34249877929688,38.932498931884766,39.087501525878906,64500400
2017-10-13,36.59983825683594,39.247501373291016,39.31999969482422,39.102500915527344,39.182498931884766,65576800
2017-10-16,37.27359771728516,39.970001220703125,40.0,39.41249847412109,39.47499847412109,96486000
2017-10-17,37.41114044189453,40.11750030517578,40.21749877929688,39.807498931884766,39.94499969482422,75989200
2017-10-18,37.2456283569336,39.93999862670898,40.1775016784668,39.900001525878906,40.10499954223633,65496800
2017-10-19,36.36436462402344,38.994998931884766,39.27000045776367,38.755001068115234,39.1875,170336800
2017-10-20,36.42731475830078,39.0625,39.4375,38.9900016784668,39.15250015258789,95896400
2017-10-23,36.40867233276367,39.04249954223633,39.42250061035156,38.875,39.22249984741211,87937200
2017-10-24,36.62548828125,39.275001525878906,39.35499954223633,39.04999923706055,39.0724983215332,71028800
2017-10-25,36.464622497558594,39.102500915527344,39.38750076293945,38.817501068115234,39.227500915527344,84828400
2017-10-26,36.69776916503906,39.352500915527344,39.45750045776367,39.19499969482422,39.307498931884766,68002000
2017-10-27,38.01262664794922,40.76250076293945,40.900001525878906,39.67499923706055,39.8224983215332,177816800
2017-10-30,38.86825180053711,41.68000030517578,42.01750183105469,40.93000030517578,40.97249984741211,178803200
2017-10-31,39.40911102294922,42.2599983215332,42.41249847412109,41.73500061035156,41.97499847412109,144187200
2017-11-01,38.90787506103516,41.72249984741211,42.48500061035156,41.40250015258789,42.46749877929688,134551200
2017-11-02,39.19229888916016,42.02750015258789,42.125,41.31999969482422,41.650001525878906,165573600
2017-11-03,40.21574401855469,43.125,43.56499862670898,42.77999877929688,43.5,237594400
2017-11-06,40.62373733520508,43.5625,43.747501373291016,42.93000030517578,43.09249877929688,140105200
2017-11-07,40.754302978515625,43.70249938964844,43.8125,43.400001525878906,43.477500915527344,97446000
2017-11-08,41.08768081665039,44.060001373291016,44.060001373291016,43.58250045776367,43.665000915527344,97638000
2017-11-09,41.00374603271485,43.970001220703125,44.025001525878906,43.28499984741211,43.77750015258789,117930400
2017-11-10,40.8680419921875,43.66749954223633,43.845001220703125,43.567501068115234,43.77750015258789,100582000
2017-11-13,40.70427322387695,43.49250030517578,43.625,43.34999847412109,43.375,67928400
2017-11-14,40.08892822265625,42.834999084472656,43.369998931884766,42.79499816894531,43.2599983215332,99130000
2017-11-15,39.56014251708984,42.27000045776367,42.58000183105469,42.095001220703125,42.49250030517578,116632400
2017-11-16,40.03276443481445,42.775001525878906,42.96749877929688,42.57500076293945,42.79499816894531,94550000
2017-11-17,39.81048583984375,42.53749847412109,42.84749984741211,42.40999984741211,42.7599983215332,87598000
2017-11-20,39.770729064941406,42.494998931884766,42.63999938964844,42.38999938964844,42.5724983215332,65049600
2017-11-21,40.51007080078125,43.28499984741211,43.42499923706055,42.69499969482422,42.69499969482422,100525200
2017-11-22,40.93590545654297,43.7400016784668,43.75,43.26250076293945,43.34000015258789,102355600
2017-11-24,40.938236236572266,43.74250030517578,43.875,43.66249847412109,43.775001525878906,56106800
2017-11-27,40.73234939575195,43.522499084472656,43.77000045776367,43.334999084472656,43.76250076293945,82867200
2017-11-28,40.49369812011719,43.26750183105469,43.71749877929688,42.96500015258789,43.57500076293945,105715200
2017-11-29,39.65372085571289,42.369998931884766,43.22999954223633,41.790000915527344,43.157501220703125,166665600
2017-11-30,40.20825958251953,42.962501525878906,43.03499984741211,42.11000061035156,42.60749816894531,166108800
2017-12-01,40.02107620239258,42.76250076293945,42.91749954223633,42.125,42.48749923706055,159037200
2017-12-04,39.72859954833984,42.45000076293945,43.15499877929688,42.407501220703125,43.119998931884766,130169600
2017-12-05,39.691165924072266,42.40999984741211,42.880001068115234,42.09999847412109,42.26499938964844,109400800
2017-12-06,39.54375457763672,42.25249862670898,42.54999923706055,41.6150016784668,41.875,114240000
2017-12-07,39.616302490234375,42.33000183105469,42.61000061035156,42.227500915527344,42.25749969482422,102693200
2017-12-08,39.62800216674805,42.34249877929688,42.75,42.20500183105469,42.622501373291016,93420800
2017-12-11,40.40010070800781,43.16749954223633,43.22249984741211,42.1974983215332,42.29999923706055,141095200
2017-12-12,40.17314147949219,42.92499923706055,43.09749984741211,42.8650016784668,43.03749847412109,77636800
2017-12-13,40.306522369384766,43.067501068115234,43.3849983215332,43.0,43.125,95273600
2017-12-14,40.294830322265625,43.05500030517578,43.282501220703125,42.91249847412109,43.09999847412109,81906000
2017-12-15,40.70427322387695,43.49250030517578,43.54249954223633,43.1150016784668,43.407501220703125,160677200
2017-12-18,41.27750015258789,44.10499954223633,44.29999923706055,43.71500015258789,43.720001220703125,117684400
2017-12-19,40.837623596191406,43.6349983215332,43.84749984741211,43.522499084472656,43.75749969482422,109745600
2017-12-20,40.79317474365234,43.587501525878906,43.85499954223633,43.3125,43.71749877929688,93902400
2017-12-21,40.94760513305664,43.75249862670898,44.005001068115234,43.525001525878906,43.54249954223633,83799600
2017-12-22,40.94760513305664,43.75249862670898,43.85499954223633,43.625,43.66999816894531,65397600
2017-12-26,39.90876007080078,42.64250183105469,42.86750030517578,42.41999816894531,42.70000076293945,132742000
2017-12-27,39.91577911376953,42.650001525878906,42.69499969482422,42.4275016784668,42.525001525878906,85992800
2017-12-28,40.028079986572266,42.77000045776367,42.962501525878906,42.619998931884766,42.75,65920800
2017-12-29,39.59523391723633,42.307498931884766,42.647499084472656,42.30500030517578,42.630001068115234,103999600
2018-01-02,40.304176330566406,43.06499862670898,43.07500076293945,42.31499862670898,42.540000915527344,102223600
2018-01-03,40.29716110229492,43.057498931884766,43.63750076293945,42.9900016784668,43.13249969482422,118071600
2018-01-04,40.48433303833008,43.25749969482422,43.36750030517578,43.02000045776367,43.1349983215332,89738400
2018-01-05,40.945274353027344,43.75,43.84249877929688,43.26250076293945,43.36000061035156,94640000
2018-01-08,40.79317474365234,43.587501525878906,43.90250015258789,43.48249816894531,43.587501525878906,82271200
2018-01-09,40.78850173950195,43.58250045776367,43.76499938964844,43.352500915527344,43.63750076293945,86336000
2018-01-10,40.77913284301758,43.5724983215332,43.57500076293945,43.25,43.290000915527344,95839600
2018-01-11,41.0107650756836,43.81999969482422,43.872501373291016,43.622501373291016,43.647499084472656,74670800
2018-01-12,41.43426513671875,44.272499084472656,44.34000015258789,43.91249847412109,44.04499816894531,101672400
2018-01-16,41.22369766235352,44.04750061035156,44.84749984741211,44.03499984741211,44.47499847412109,118263600
2018-01-17,41.90454864501953,44.775001525878906,44.8125,43.76750183105469,44.03749847412109,137547200
2018-01-18,41.94198226928711,44.81499862670898,45.025001525878906,44.5625,44.84249877929688,124773600
2018-01-19,41.75480651855469,44.6150016784668,44.89500045776367,44.352500915527344,44.65250015258789,129700400
2018-01-22,41.4132080078125,44.25,44.44499969482422,44.150001525878906,44.32500076293945,108434400
2018-01-23,41.42256546020508,44.2599983215332,44.86000061035156,44.20500183105469,44.32500076293945,130756400
2018-01-24,40.76275634765625,43.55500030517578,44.32500076293945,43.29999923706055,44.3125,204420400
2018-01-25,40.03510665893555,42.77750015258789,43.73749923706055,42.63249969482422,43.62749862670898,166116000
2018-01-26,40.128684997558594,42.87749862670898,43.0,42.51499938964844,43.0,156572000
2018-01-29,39.298099517822266,41.9900016784668,42.540000915527344,41.76750183105469,42.540000915527344,202561600
2018-01-30,39.06644821166992,41.74250030517578,41.84249877929688,41.17499923706055,41.38249969482422,184192800
2018-01-31,39.174072265625,41.85749816894531,42.11000061035156,41.625,41.71749877929688,129915600
2018-02-01,39.255977630615234,41.94499969482422,42.15499877929688,41.68999862670898,41.79249954223633,188923200
2018-02-02,37.55265045166016,40.125,41.70000076293945,40.025001525878906,41.5,346375200
2018-02-05,36.61442184448242,39.122501373291016,40.970001220703125,39.0,39.775001525878906,290954000
2018-02-06,38.14460754394531,40.75749969482422,40.93000030517578,38.5,38.70750045776367,272975200
2018-02-07,37.32802963256836,39.8849983215332,40.84999847412109,39.76750183105469,40.772499084472656,206434400
2018-02-08,36.3008918762207,38.78749847412109,40.25,38.75749969482422,40.0724983215332,217562000
2018-02-09,36.74491500854492,39.102500915527344,39.47249984741211,37.560001373291016,39.26750183105469,282690400
2018-02-12,38.22496032714844,40.6775016784668,40.97249984741211,39.37749862670898,39.625,243278000
2018-02-13,38.60787963867188,41.084999084472656,41.1875,40.41249847412109,40.48749923706055,130196800
2018-02-14,39.319705963134766,41.84249877929688,41.8849983215332,40.720001220703125,40.7599983215332,162579600
2018-02-15,40.6400032043457,43.247501373291016,43.272499084472656,42.25,42.4474983215332,204588800
2018-02-16,40.50843811035156,43.10749816894531,43.70500183105469,42.942501068115234,43.09000015258789,160704400
2018-02-20,40.37218475341797,42.962501525878906,43.56499862670898,42.85499954223633,43.01250076293945,135722000
2018-02-21,40.1889533996582,42.76750183105469,43.52999877929688,42.75249862670898,43.20750045776367,149886400
2018-02-22,40.52488327026367,43.125,43.48749923706055,42.9275016784668,42.95000076293945,123967600
2018-02-23,41.22966766357422,43.875,43.91249847412109,43.3849983215332,43.41749954223633,135249600
2018-02-26,42.04486846923828,44.74250030517578,44.84749984741211,44.0525016784668,44.087501525878906,152648800
2018-02-27,41.90859222412109,44.59749984741211,45.119998931884766,44.540000915527344,44.775001525878906,155712400
2018-02-28,41.84517288208008,44.52999877929688,45.15499877929688,44.51250076293945,44.81499862670898,151128400
2018-03-01,41.11220932006836,43.75,44.94499969482422,43.165000915527344,44.6349983215332,195208000
2018-03-02,41.39645767211914,44.0525016784668,44.07500076293945,43.11249923706055,43.20000076293945,153816000
2018-03-05,41.539772033691406,44.20500183105469,44.435001373291016,43.630001068115234,43.8025016784668,113605600
2018-03-06,41.5045280456543,44.16749954223633,44.5625,44.032501220703125,44.477500915527344,95154000
2018-03-07,41.119258880615234,43.75749969482422,43.962501525878906,43.567501068115234,43.73500061035156,126814000
2018-03-08,41.56795883178711,44.23500061035156,44.27999877929688,43.76750183105469,43.869998931884766,95096400
2018-03-09,42.28213882446289,44.994998931884766,45.0,44.34749984741211,44.4900016784668,128740800
2018-03-12,42.69091033935547,45.43000030517578,45.59749984741211,45.0525016784668,45.0724983215332,128828400
2018-03-13,42.279781341552734,44.99250030517578,45.875,44.810001373291016,45.647499084472656,126774000
2018-03-14,41.92034912109375,44.61000061035156,45.130001068115234,44.45249938964844,45.08000183105469,117473600
2018-03-15,41.96968078613281,44.66249847412109,45.060001373291016,44.51750183105469,44.625,90975200
2018-03-16,41.821685791015625,44.505001068115234,44.77999877929688,44.40499877929688,44.66249847412109,157618800
2018-03-19,41.18268203735352,43.82500076293945,44.36750030517578,43.415000915527344,44.33000183105469,133787200
2018-03-20,41.168582916259766,43.810001373291016,44.20000076293945,43.73500061035156,43.810001373291016,78597600
2018-03-21,40.23592376708984,42.817501068115234,43.772499084472656,42.81499862670898,43.7599983215332,148219600
2018-03-22,39.66739654541016,42.212501525878906,43.16999816894531,42.150001525878906,42.5,165963200
2018-03-23,38.748836517333984,41.23500061035156,42.47999954223633,41.23500061035156,42.09749984741211,164115200
2018-03-26,40.58831024169922,43.192501068115234,43.275001525878906,41.61000061035156,42.01750183105469,150164800
2018-03-27,39.547584533691406,42.084999084472656,43.78749847412109,41.72999954223633,43.41999816894531,163690400
2018-03-28,39.11062240600586,41.619998931884766,42.505001068115234,41.29750061035156,41.8125,166674000
2018-03-29,39.41602325439453,41.94499969482422,42.9375,41.72499847412109,41.95249938964844,153594000
2018-04-02,39.1576042175293,41.66999816894531,42.23500061035156,41.11750030517578,41.65999984741211,150347200
2018-04-03,39.559329986572266,42.09749984741211,42.1875,41.220001220703125,41.90999984741211,121112000
2018-04-04,40.3158073425293,42.90250015258789,43.00249862670898,41.192501068115234,41.220001220703125,138422000
2018-04-05,40.59536743164063,43.20000076293945,43.557498931884766,43.02000045776367,43.14500045776367,107732800
2018-04-06,39.55698394775391,42.095001220703125,43.119998931884766,42.04999923706055,42.74250030517578,140021200
2018-04-09,39.949310302734375,42.51250076293945,43.272499084472656,42.462501525878906,42.470001220703125,116070800
2018-04-10,40.70107650756836,43.3125,43.5,42.88249969482422,43.25,113634400
2018-04-11,40.510780334472656,43.11000061035156,43.47999954223633,42.92499923706055,43.057498931884766,89726400
2018-04-12,40.91016387939453,43.53499984741211,43.75,43.2599983215332,43.352500915527344,91557200
2018-04-13,41.04876708984375,43.682498931884766,43.959999084472656,43.462501525878906,43.69499969482422,100497200
2018-04-16,41.30483627319336,43.95500183105469,44.04750061035156,43.70750045776367,43.75749969482422,86313600
2018-04-17,41.87337112426758,44.560001373291016,44.73500061035156,44.102500915527344,44.122501373291016,106421600
2018-04-18,41.779396057128906,44.459999084472656,44.70500183105469,44.220001220703125,44.45249938964844,83018000
2018-04-19,40.59536743164063,43.20000076293945,43.84749984741211,43.165000915527344,43.43999862670898,139235200
2018-04-20,38.932071685791016,41.43000030517578,42.80500030517578,41.35749816894531,42.650001525878906,261964400
2018-04-23,38.819313049316406,41.310001373291016,41.72999954223633,41.022499084472656,41.70750045776367,146062000
2018-04-24,38.27898788452149,40.73500061035156,41.58250045776367,40.30500030517578,41.41749954223633,134768000
2018-04-25,38.445777893066406,40.91249847412109,41.35499954223633,40.602500915527344,40.65499877929688,113528400
2018-04-26,38.57968521118164,41.05500030517578,41.432498931884766,40.84249877929688,41.02999877929688,111852000
2018-04-27,38.13332748413086,40.58000183105469,41.08250045776367,40.157501220703125,41.0,142623200
2018-04-30,38.824005126953125,41.31499862670898,41.81499862670898,40.459999084472656,40.532501220703125,169709600
2018-05-01,39.72614288330078,42.275001525878906,42.29999923706055,41.317501068115234,41.602500915527344,214277600
2018-05-02,41.48102951049805,44.14250183105469,44.4375,43.45000076293945,43.807498931884766,266157600
2018-05-03,41.55620574951172,44.22249984741211,44.375,43.61000061035156,43.970001220703125,136272800
2018-05-04,43.18661117553711,45.95750045776367,46.0625,44.54249954223633,44.5625,224805200
2018-05-07,43.499053955078125,46.290000915527344,46.91749954223633,46.1875,46.29499816894531,169805600
2018-05-08,43.70814895629883,46.51250076293945,46.55500030517578,45.91749954223633,46.247501373291016,113611200
2018-05-09,44.015907287597656,46.84000015258789,46.84999847412109,46.30500030517578,46.63750076293945,92844800
2018-05-10,44.64550018310547,47.5099983215332,47.59249877929688,46.91249847412109,46.935001373291016,111957200
2018-05-11,44.475704193115234,47.147499084472656,47.51499938964844,46.86249923706055,47.372501373291016,104848800
2018-05-14,44.37192535400391,47.03749847412109,47.38249969482422,46.96500015258789,47.25249862670898,83115200
2018-05-15,43.968658447265625,46.61000061035156,46.76750183105469,46.275001525878906,46.69499969482422,94780800
2018-05-16,44.379005432128906,47.04499816894531,47.1150016784668,46.5,46.51750183105469,76732400
2018-05-17,44.09836959838867,46.747501373291016,47.227500915527344,46.59000015258789,47.0,69176000
2018-05-18,43.93799209594727,46.57749938964844,46.95249938964844,46.532501220703125,46.79750061035156,73190800
2018-05-21,44.24930191040039,46.907501220703125,47.317501068115234,46.727500915527344,47.0,73603200
2018-05-22,44.138458251953125,46.790000915527344,47.220001220703125,46.69499969482422,47.095001220703125,60962800
2018-05-23,44.42146301269531,47.09000015258789,47.125,46.43999862670898,46.587501525878906,80233600
2018-05-24,44.37192535400391,47.03749847412109,47.209999084472656,46.5525016784668,47.192501068115234,92936000
2018-05-25,44.47333908081055,47.14500045776367,47.41249847412109,46.91249847412109,47.057498931884766,69844000
2018-05-29,44.31296920776367,46.97499847412109,47.1875,46.71749877929688,46.900001525878906,90056400
2018-05-30,44.2186393737793,46.875,47.0,46.69499969482422,46.93000030517578,74762000
2018-05-31,44.0700569152832,46.71749877929688,47.057498931884766,46.53499984741211,46.80500030517578,109931200
2018-06-01,44.86482620239258,47.560001373291016,47.56499862670898,46.9375,46.997501373291016,93770000
2018-06-04,45.23980331420898,47.95750045776367,48.35499954223633,47.837501525878906,47.90999984741211,105064800
2018-06-05,45.58883285522461,48.32749938964844,48.48500061035156,48.09000015258789,48.26750183105469,86264000
2018-06-06,45.74683380126953,48.494998931884766,48.52000045776367,47.97999954223633,48.407501220703125,83734400
2018-06-07,45.62420654296875,48.3650016784668,48.54999923706055,48.084999084472656,48.53499984741211,85388800
2018-06-08,45.20913314819336,47.92499923706055,48.0,47.442501068115234,47.79249954223633,106627200
2018-06-11,45.09830093383789,47.807498931884766,47.99250030517578,47.5525016784668,47.837501525878906,73234000
2018-06-12,45.34592819213867,48.06999969482422,48.15250015258789,47.78749847412109,47.84749984741211,67644400
2018-06-13,44.97329330444336,47.67499923706055,48.220001220703125,47.61000061035156,48.10499954223633,86553600
2018-06-14,44.99688720703125,47.70000076293945,47.89250183105469,47.55500030517578,47.88750076293945,86440400
2018-06-15,44.5346565246582,47.209999084472656,47.540000915527344,47.06499862670898,47.50749969482422,246876800
2018-06-18,44.51107406616211,47.185001373291016,47.30500030517578,46.79999923706055,46.970001220703125,73939600
2018-06-19,43.79179763793945,46.42250061035156,46.58250045776367,45.86249923706055,46.28499984741211,134314000
2018-06-20,43.98280334472656,46.625,46.79999923706055,46.432498931884766,46.587501525878906,82514800
2018-06-21,43.73754119873047,46.3650016784668,47.087501525878906,46.23500061035156,46.8125,102847600
2018-06-22,43.61019134521485,46.22999954223633,46.53749847412109,46.17499923706055,46.52999877929688,108801600
2018-06-25,42.96166229248047,45.54249954223633,46.22999954223633,45.182498931884766,45.84999847412109,126652400
2018-06-26,43.49463653564453,46.10749816894531,46.63249969482422,45.6349983215332,45.747501373291016,98276800
2018-06-27,43.43095779418945,46.040000915527344,46.81999969482422,46.00749969482422,46.307498931884766,101141200
2018-06-28,43.74698257446289,46.375,46.5525016784668,45.95000076293945,46.025001525878906,69460800
2018-06-29,43.655006408691406,46.27750015258789,46.79750061035156,45.727500915527344,46.5724983215332,90950800
2018-07-02,44.14317321777344,46.79499816894531,46.82500076293945,45.85499954223633,45.95500183105469,70925200
2018-07-03,43.37434768676758,45.97999954223633,46.98749923706055,45.8849983215332,46.9474983215332,55819200
2018-07-05,43.72339630126953,46.34999847412109,46.602500915527344,46.06999969482422,46.31499862670898,66416800
2018-07-06,44.32948303222656,46.99250030517578,47.10749816894531,46.29999923706055,46.35499954223633,69940800
2018-07-09,44.94500350952149,47.64500045776367,47.66999816894531,47.32500076293945,47.375,79026400
2018-07-10,44.89076614379883,47.587501525878906,47.81999969482422,47.54499816894531,47.6775016784668,63756400
2018-07-11,44.30826187133789,46.970001220703125,47.44499969482422,46.90250015258789,47.125,75326000
2018-07-12,45.05113220214844,47.75749969482422,47.852500915527344,47.32749938964844,47.38249969482422,72164400
2018-07-13,45.12187957763672,47.83250045776367,47.959999084472656,47.72499847412109,47.77000045776367,50055600
2018-07-16,45.022830963134766,47.727500915527344,48.16249847412109,47.60499954223633,47.880001068115234,60172400
2018-07-17,45.15018081665039,47.86249923706055,47.96749877929688,47.29999923706055,47.4375,62138000
2018-07-18,44.90256118774414,47.59999847412109,47.95000076293945,47.48249816894531,47.94499969482422,65573600
2018-07-19,45.2515983581543,47.970001220703125,48.13750076293945,47.42250061035156,47.42250061035156,81147200
2018-07-20,45.14781951904297,47.86000061035156,48.10749816894531,47.54249954223633,47.94499969482422,82704800
2018-07-23,45.18791198730469,47.90250015258789,47.9900016784668,47.38999938964844,47.66999816894531,63957600
2018-07-24,45.51572036743164,48.25,48.415000915527344,48.01250076293945,48.11249923706055,74791600
2018-07-25,45.9449348449707,48.70500183105469,48.712501525878906,48.10749816894531,48.26499938964844,66839600
2018-07-26,45.80109405517578,48.5525016784668,48.9900016784668,48.40250015258789,48.65250015258789,76304000
2018-07-27,45.03935623168945,47.744998931884766,48.79750061035156,47.525001525878906,48.747501373291016,96096000
2018-07-30,44.78700637817383,47.477500915527344,48.04999923706055,47.26750183105469,47.97499847412109,84118000
2018-07-31,44.87662124633789,47.5724983215332,48.03499984741211,47.334999084472656,47.57500076293945,157492000
2018-08-01,47.52029800415039,50.375,50.43999862670898,49.32749938964844,49.782501220703125,271742800
2018-08-02,48.90935516357422,51.84749984741211,52.095001220703125,50.087501525878906,50.14500045776367,249616000
2018-08-03,49.05086135864258,51.997501373291016,52.185001373291016,51.369998931884766,51.75749969482422,133789600
2018-08-06,49.30556106567383,52.26750183105469,52.3125,51.76750183105469,52.0,101701600
2018-08-07,48.84332275390625,51.77750015258789,52.375,51.68999862670898,52.33000183105469,102349600
2018-08-08,48.87633514404297,51.8125,51.95249938964844,51.130001068115234,51.51250076293945,90102000
2018-08-09,49.26074981689453,52.220001220703125,52.44499969482422,51.79999923706055,52.38249969482422,93970400
2018-08-10,49.11402130126953,51.88249969482422,52.275001525878906,51.66749954223633,51.84000015258789,98444800
2018-08-13,49.43114471435547,52.21749877929688,52.73749923706055,51.92499923706055,52.32749938964844,103563600
2018-08-14,49.63940048217773,52.4375,52.63999938964844,52.06499862670898,52.540000915527344,82992000
2018-08-15,49.75537109375,52.560001373291016,52.685001373291016,52.08250045776367,52.30500030517578,115230400
2018-08-16,50.48427581787109,53.33000183105469,53.45249938964844,52.86750030517578,52.9375,114001600
2018-08-17,51.49244689941406,54.39500045776367,54.48749923706055,53.290000915527344,53.36000061035156,141708000
2018-08-20,50.99073028564453,53.8650016784668,54.79499816894531,53.77750015258789,54.525001525878906,121150800
2018-08-21,50.891334533691406,53.7599983215332,54.29750061035156,53.50749969482422,54.20000076293945,104639200
2018-08-22,50.89370346069336,53.76250076293945,54.09000015258789,53.459999084472656,53.525001525878906,76072400
2018-08-23,50.99784469604492,53.872501373291016,54.26250076293945,53.650001525878906,53.66249847412109,75532800
2018-08-24,51.156394958496094,54.040000915527344,54.22499847412109,53.77750015258789,54.150001525878906,73905600
2018-08-27,51.5776481628418,54.48500061035156,54.685001373291016,54.08250045776367,54.28749847412109,82100400
2018-08-28,51.994178771972656,54.92499923706055,55.1349983215332,54.72999954223633,54.75249862670898,91107200
2018-08-29,52.77040863037109,55.744998931884766,55.872501373291016,54.852500915527344,55.03749847412109,109019200
2018-08-30,53.25556564331055,56.25749969482422,57.06499862670898,55.59999847412109,55.8125,195175200
2018-08-31,53.87088394165039,56.907501220703125,57.21749877929688,56.5,56.62749862670898,173360400
2018-09-04,54.04363632202149,57.09000015258789,57.29499816894531,56.657501220703125,57.102500915527344,109560400
2018-09-05,53.691009521484375,56.71749877929688,57.41749954223633,56.275001525878906,57.247501373291016,133332000
2018-09-06,52.79880905151367,55.775001525878906,56.837501525878906,55.32500076293945,56.557498931884766,137160000
2018-09-07,52.37282943725586,55.32500076293945,56.34249877929688,55.1775016784668,55.462501525878906,150479200
2018-09-10,51.669952392578125,54.58250045776367,55.462501525878906,54.11750030517578,55.23749923706055,158066000
2018-09-11,52.97631072998047,55.962501525878906,56.07500076293945,54.13999938964844,54.50249862670898,142996000
2018-09-12,52.31840133666992,55.26750183105469,56.25,54.959999084472656,56.23500061035156,197114800
2018-09-13,53.5821533203125,56.602500915527344,57.087501525878906,55.64250183105469,55.880001068115234,166825600
2018-09-14,52.97394180297852,55.959999084472656,56.709999084472656,55.630001068115234,56.4375,127997200
2018-09-17,51.56344985961914,54.470001220703125,55.73749923706055,54.317501068115234,55.53749847412109,148780400
2018-09-18,51.64864349365234,54.560001373291016,55.462501525878906,54.27999877929688,54.4474983215332,126286800
2018-09-19,51.67940902709961,54.59249877929688,54.90499877929688,53.82500076293945,54.625,108495200
2018-09-20,52.07226943969727,55.00749969482422,55.56999969482422,54.78749847412109,55.060001373291016,106435200
2018-09-21,51.51138687133789,54.415000915527344,55.34000015258789,54.3224983215332,55.19499969482422,384986800
2018-09-24,52.25211715698242,55.1974983215332,55.31499862670898,54.157501220703125,54.20500183105469,110773600
2018-09-25,52.583457946777344,55.54750061035156,55.70500183105469,54.92499923706055,54.9375,98217600
2018-09-26,52.16456604003906,55.10499954223633,55.9375,54.93999862670898,55.25,95938800
2018-09-27,53.236629486083984,56.23749923706055,56.61000061035156,55.8849983215332,55.95500183105469,120724800
2018-09-28,53.42359924316406,56.435001373291016,56.459999084472656,56.005001068115234,56.1974983215332,91717600
2018-10-01,53.783321380615234,56.81499862670898,57.35499954223633,56.587501525878906,56.98749923706055,94403200
2018-10-02,54.26136779785156,57.31999969482422,57.5,56.657501220703125,56.8125,99152800
2018-10-03,54.92164611816406,58.01750183105469,58.36750030517578,57.44499969482422,57.51250076293945,114619200
2018-10-04,53.956085205078125,56.997501373291016,58.087501525878906,56.682498931884766,57.69499969482422,128168000
2018-10-05,53.0804443359375,56.0724983215332,57.102500915527344,55.14500045776367,56.9900016784668,134322000
2018-10-08,52.957366943359375,55.942501068115234,56.20000076293945,55.04999923706055,55.5525016784668,118655600
2018-10-09,53.691009521484375,56.71749877929688,56.817501068115234,55.5625,55.90999984741211,107564000
2018-10-10,51.20372772216797,54.09000015258789,56.587501525878906,54.01250076293945,56.3650016784668,167962400
2018-10-11,50.75170516967773,53.61249923706055,54.875,53.08000183105469,53.630001068115234,212497600
2018-10-12,52.56452178955078,55.52750015258789,55.720001220703125,54.209999084472656,55.10499954223633,161351600
2018-10-15,51.440391540527344,54.34000015258789,55.45750045776367,54.317501068115234,55.290000915527344,123164000
2018-10-16,52.5739860534668,55.53749847412109,55.747501373291016,54.18999862670898,54.73249816894531,116736000
2018-10-17,52.3467903137207,55.29750061035156,55.65999984741211,54.834999084472656,55.57500076293945,91541600
2018-10-18,51.12326049804688,54.005001068115234,54.935001373291016,53.25,54.46500015258789,130325200
2018-10-19,51.9018783569336,54.82749938964844,55.31499862670898,54.35749816894531,54.51499938964844,132314800
2018-10-22,52.218994140625,55.16249847412109,55.84000015258789,54.73500061035156,54.9474983215332,115168400
2018-10-23,52.71125411987305,55.682498931884766,55.8125,53.67499923706055,53.95750045776367,155071200
2018-10-24,50.903167724609375,53.772499084472656,56.057498931884766,53.6349983215332,55.650001525878906,163702000
2018-10-25,52.01783752441406,54.95000076293945,55.345001220703125,54.1875,54.4275016784668,119423200
2018-10-26,51.18952560424805,54.07500076293945,55.04750061035156,53.16749954223633,53.97499847412109,189033600
2018-10-29,50.22869110107422,53.060001373291016,54.92250061035156,51.522499084472656,54.79750061035156,183742000
2018-10-30,50.47955322265625,53.32500076293945,53.79499816894531,52.317501068115234,52.78749847412109,146640000
2018-10-31,51.79538345336914,54.71500015258789,55.11249923706055,54.15499877929688,54.220001220703125,153435600
2018-11-01,52.590553283691406,55.55500030517578,55.59000015258789,54.20249938964844,54.76250076293945,233292800
2018-11-02,49.1021842956543,51.869998931884766,53.41249847412109,51.35749816894531,52.38750076293945,365314800
2018-11-05,47.7082633972168,50.397499084472656,51.09749984741211,49.54249954223633,51.07500076293945,264654800
2018-11-06,48.22417449951172,50.942501068115234,51.18000030517578,50.42250061035156,50.47999954223633,127531600
2018-11-07,49.68672943115234,52.48749923706055,52.51499938964844,51.032501220703125,51.49250030517578,133697600
2018-11-08,49.51337814331055,52.122501373291016,52.52999877929688,51.6875,52.494998931884766,101450400
2018-11-09,48.55868148803711,51.11750030517578,51.50249862670898,50.5625,51.38750076293945,137463200
2018-11-12,46.11258316040039,48.54249954223633,49.962501525878906,48.4474983215332,49.75,204542000
2018-11-13,45.65185928344727,48.057498931884766,49.29499816894531,47.86249923706055,47.907501220703125,187531600
2018-11-14,44.3623161315918,46.70000076293945,48.619998931884766,46.48249816894531,48.47499847412109,243204000
2018-11-15,45.45711135864258,47.852500915527344,47.99250030517578,46.72499847412109,47.09749984741211,185915200
2018-11-16,45.96059036254883,48.38249969482422,48.74250030517578,47.3650016784668,47.625,147713200
2018-11-19,44.13907623291016,46.46500015258789,47.67499923706055,46.247501373291016,47.5,167701200
2018-11-20,42.03020858764648,44.244998931884766,45.36750030517578,43.87749862670898,44.59249877929688,271300800
2018-11-21,41.98270034790039,44.19499969482422,45.067501068115234,44.13750076293945,44.932498931884766,124496800
2018-11-23,40.91640472412109,43.0724983215332,44.150001525878906,43.025001525878906,43.73500061035156,94496000
2018-11-26,41.46973419189453,43.65499877929688,43.73749923706055,42.56499862670898,43.560001373291016,179994000
2018-11-27,41.379493713378906,43.560001373291016,43.692501068115234,42.720001220703125,42.87749862670898,165549600
2018-11-28,42.97064971923828,45.23500061035156,45.3224983215332,43.73249816894531,44.182498931884766,184250000
2018-11-29,42.64054107666016,44.88750076293945,45.70000076293945,44.42499923706055,45.665000915527344,167080000
2018-11-30,42.410186767578125,44.64500045776367,45.08250045776367,44.25749969482422,45.0724983215332,158126000
2018-12-03,43.892086029052734,46.20500183105469,46.23500061035156,45.3025016784668,46.1150016784668,163210000
2018-12-04,41.96133041381836,44.17250061035156,45.59749984741211,44.067501068115234,45.23749923706055,165377200
2018-12-06,41.49348449707031,43.68000030517578,43.69499969482422,42.60499954223633,42.93999862670898,172393600
2018-12-07,40.01395034790039,42.122501373291016,43.622501373291016,42.07500076293945,43.372501373291016,169126400
2018-12-10,40.27754974365234,42.400001525878906,42.522499084472656,40.83250045776367,41.25,248104000
2018-12-11,40.04719924926758,42.157501220703125,42.9474983215332,41.75,42.915000915527344,189126800
2018-12-12,40.15882110595703,42.275001525878906,42.97999954223633,42.255001068115234,42.59999847412109,142510800
2018-12-13,40.59816360473633,42.73749923706055,43.14250183105469,42.38750076293945,42.622501373291016,127594400
2018-12-14,39.299110412597656,41.369998931884766,42.27000045776367,41.31999969482422,42.25,162814800
2018-12-17,38.93338394165039,40.98500061035156,42.087501525878906,40.682498931884766,41.36249923706055,177151600
2018-12-18,39.439239501953125,41.51750183105469,41.88249969482422,41.09749984741211,41.345001220703125,135366000
2018-12-19,38.20905685424805,40.22249984741211,41.86249923706055,39.772499084472656,41.5,196189200
2018-12-20,37.244876861572266,39.20750045776367,40.52750015258789,38.82500076293945,40.09999847412109,259092000
2018-12-21,35.796199798583984,37.682498931884766,39.540000915527344,37.407501220703125,39.21500015258789,382978400
2018-12-24,34.87001419067383,36.70750045776367,37.88750076293945,36.647499084472656,37.03749847412109,148676800
2018-12-26,37.32561111450195,39.29249954223633,39.307498931884766,36.68000030517578,37.07500076293945,234330000
2018-12-27,37.0833740234375,39.03749847412109,39.192501068115234,37.51750183105469,38.959999084472656,212468400
2018-12-28,37.10237503051758,39.057498931884766,39.630001068115234,38.63750076293945,39.375,169165600
2018-12-31,37.46097946166992,39.435001373291016,39.84000015258789,39.119998931884766,39.63249969482422,140014000
2019-01-02,37.50372314453125,39.47999954223633,39.712501525878906,38.557498931884766,38.72249984741211,148158800
2019-01-03,33.76807403564453,35.54750061035156,36.43000030517578,35.5,35.994998931884766,365248800
2019-01-04,35.20960998535156,37.06499862670898,37.13750076293945,35.95000076293945,36.13249969482422,234428400
2019-01-07,35.131248474121094,36.98249816894531,37.20750045776367,36.47499847412109,37.17499923706055,219111200
2019-01-08,35.80094909667969,37.6875,37.95500183105469,37.130001068115234,37.38999938964844,164101200
2019-01-09,36.408912658691406,38.32749938964844,38.63249969482422,37.407501220703125,37.8224983215332,180396400
2019-01-10,36.52528762817383,38.45000076293945,38.49250030517578,37.71500015258789,38.125,143122800
2019-01-11,36.16668319702149,38.0724983215332,38.42499923706055,37.87749862670898,38.220001220703125,108092800
2019-01-14,35.622840881347656,37.5,37.817501068115234,37.30500030517578,37.712501525878906,129756800
2019-01-15,36.35192108154297,38.26750183105469,38.34749984741211,37.51250076293945,37.567501068115234,114843600
2019-01-16,36.79602813720703,38.73500061035156,38.970001220703125,38.25,38.27000045776367,122278800
2019-01-17,37.0145149230957,38.96500015258789,39.415000915527344,38.31499862670898,38.54999923706055,119284800
2019-01-18,37.24250030517578,39.20500183105469,39.470001220703125,38.994998931884766,39.375,135004000
2019-01-22,36.40654373168945,38.32500076293945,39.182498931884766,38.15499877929688,39.102500915527344,121576000
2019-01-23,36.55378723144531,38.47999954223633,38.78499984741211,37.92499923706055,38.53749847412109,92522400
2019-01-24,36.26404571533203,38.17499923706055,38.619998931884766,37.935001373291016,38.52750015258789,101766000
2019-01-25,37.46573257446289,39.43999862670898,39.532501220703125,38.58000183105469,38.869998931884766,134142000
2019-01-28,37.11899948120117,39.07500076293945,39.08250045776367,38.415000915527344,38.9474983215332,104768400
2019-01-29,36.73426818847656,38.66999816894531,39.532501220703125,38.52750015258789,39.0625,166348800
2019-01-30,39.2444953918457,41.3125,41.53749847412109,40.057498931884766,40.8125,244439200
2019-01-31,39.527103424072266,41.61000061035156,42.25,41.13999938964844,41.52750015258789,162958400
2019-02-01,39.54610824584961,41.630001068115234,42.244998931884766,41.48249816894531,41.7400016784668,130672400
2019-02-04,40.66940689086914,42.8125,42.915000915527344,41.81999969482422,41.852500915527344,125982000
2019-02-05,41.3652458190918,43.54499816894531,43.77000045776367,43.087501525878906,43.21500015258789,144406400
2019-02-06,41.379493713378906,43.560001373291016,43.89250183105469,43.212501525878906,43.66249847412109,112958400
2019-02-07,40.59577560424805,42.73500061035156,43.48500061035156,42.584999084472656,43.09999847412109,126966800
2019-02-08,40.64348983764648,42.602500915527344,42.665000915527344,42.10499954223633,42.247501373291016,95280000
2019-02-11,40.40975189208984,42.35749816894531,42.8025016784668,42.3125,42.76250076293945,83973600
2019-02-12,40.75797653198242,42.72249984741211,42.75,42.42499923706055,42.525001525878906,89134000
2019-02-13,40.58863830566406,42.54499816894531,43.119998931884766,42.47999954223633,42.84749984741211,89960800
2019-02-14,40.736515045166016,42.70000076293945,42.81499862670898,42.345001220703125,42.4275016784668,87342800
2019-02-15,40.6458740234375,42.60499954223633,42.92499923706055,42.4375,42.8125,98507200
2019-02-19,40.76750946044922,42.73249816894531,42.86000061035156,42.372501373291016,42.4275016784668,75891200
2019-02-20,41.02986526489258,43.00749969482422,43.33000183105469,42.747501373291016,42.79750061035156,104457600
2019-02-21,40.79852294921875,42.76499938964844,43.09249877929688,42.57500076293945,42.95000076293945,68998800
2019-02-22,41.25405883789063,43.24250030517578,43.25,42.845001220703125,42.89500045776367,75652800
2019-02-25,41.554569244384766,43.557498931884766,43.96749877929688,43.48749923706055,43.540000915527344,87493600
2019-02-26,41.57841873168945,43.58250045776367,43.82500076293945,43.29249954223633,43.4275016784668,68280800
2019-02-27,41.70722198486328,43.71749877929688,43.75,43.182498931884766,43.3025016784668,111341600
2019-02-28,41.2969856262207,43.28749847412109,43.727500915527344,43.22999954223633,43.58000183105469,112861600
2019-03-01,41.7310676574707,43.74250030517578,43.78749847412109,43.22249984741211,43.56999969482422,103544800
2019-03-04,41.940948486328125,43.962501525878906,44.4375,43.49250030517578,43.92250061035156,109744800
2019-03-05,41.86463928222656,43.88249969482422,44.0,43.6349983215332,43.98500061035156,78949600
2019-03-06,41.62373733520508,43.630001068115234,43.872501373291016,43.48500061035156,43.66749954223633,83241600
2019-03-07,41.14196395874024,43.125,43.61000061035156,43.005001068115234,43.46749877929688,99185600
2019-03-08,41.23974990844727,43.227500915527344,43.26750183105469,42.375,42.58000183105469,95997600
2019-03-11,42.66838455200195,44.72499847412109,44.77999877929688,43.837501525878906,43.872501373291016,128044000
2019-03-12,43.14777374267578,45.227500915527344,45.66749954223633,44.84249877929688,45.0,129870400
2019-03-13,43.33859252929688,45.4275016784668,45.82500076293945,45.22999954223633,45.5625,124130000
2019-03-14,43.82035446166992,45.932498931884766,46.025001525878906,45.63999938964844,45.97499847412109,94318000
2019-03-15,44.39039611816406,46.52999877929688,46.83250045776367,45.935001373291016,46.212501525878906,156171600
2019-03-18,44.843536376953125,47.005001068115234,47.09749984741211,46.4474983215332,46.45000076293945,104879200
2019-03-19,44.4881706237793,46.63249969482422,47.247501373291016,46.47999954223633,47.087501525878906,126585600
2019-03-20,44.87693786621094,47.040000915527344,47.372501373291016,46.182498931884766,46.557498931884766,124140800
2019-03-21,46.52977752685547,48.772499084472656,49.08250045776367,47.45249938964844,47.505001068115234,204136800
2019-03-22,45.56622695922852,47.76250076293945,49.42250061035156,47.69499969482422,48.834999084472656,169630800
2019-03-25,45.015262603759766,47.185001373291016,47.994998931884766,46.650001525878906,47.87749862670898,175381200
2019-03-26,44.5501708984375,46.6974983215332,48.220001220703125,46.14500045776367,47.915000915527344,199202000
2019-03-27,44.95087432861328,47.11750030517578,47.43999862670898,46.63750076293945,47.1875,119393600
2019-03-28,45.010498046875,47.18000030517578,47.38999938964844,46.88249969482422,47.23749923706055,83121600
2019-03-29,45.30386734008789,47.48749923706055,47.52000045776367,47.1349983215332,47.45750045776367,94256000
2019-04-01,45.61151885986328,47.810001373291016,47.91999816894531,47.095001220703125,47.90999984741211,111448000
2019-04-02,46.27457046508789,48.505001068115234,48.6150016784668,47.76250076293945,47.772499084472656,91062800
2019-04-03,46.59177780151367,48.837501525878906,49.125,48.28749847412109,48.3125,93087200
2019-04-04,46.6728744506836,48.92250061035156,49.09249877929688,48.28499984741211,48.6974983215332,76457200
2019-04-05,46.985313415527344,49.25,49.275001525878906,48.98249816894531,49.11249923706055,74106400
2019-04-08,47.72467803955078,50.025001525878906,50.057498931884766,49.084999084472656,49.10499954223633,103526800
2019-04-09,47.581573486328125,49.875,50.712501525878906,49.807498931884766,50.08000183105469,143072800
2019-04-10,47.84870147705078,50.15499877929688,50.185001373291016,49.54499816894531,49.66999816894531,86781200
2019-04-11,47.45039367675781,49.73749923706055,50.25,49.61000061035156,50.212501525878906,83603200
2019-04-12,47.43131637573242,49.71749877929688,50.03499984741211,49.0525016784668,49.79999923706055,111042800
2019-04-15,47.517181396484375,49.807498931884766,49.962501525878906,49.50249862670898,49.64500045776367,70146400
2019-04-16,47.521949768066406,49.8125,50.34249877929688,49.63999938964844,49.8650016784668,102785600
2019-04-17,48.44734573364258,50.782501220703125,50.845001220703125,49.65250015258789,49.8849983215332,115627200
2019-04-18,48.62145614624024,50.96500015258789,51.03749847412109,50.630001068115234,50.77999877929688,96783200
2019-04-22,48.78125762939453,51.13249969482422,51.23500061035156,50.584999084472656,50.70750045776367,77758000
2019-04-23,49.48483657836914,51.869998931884766,51.9375,50.97499847412109,51.10749816894531,93292000
2019-04-24,49.40851593017578,51.790000915527344,52.119998931884766,51.76250076293945,51.84000015258789,70162400
2019-04-25,48.96012496948242,51.31999969482422,51.93999862670898,51.27999877929688,51.70750045776367,74172800
2019-04-26,48.72639465332031,51.07500076293945,51.25,50.52999877929688,51.22499847412109,74596400
2019-04-29,48.800331115722656,51.15250015258789,51.49250030517578,50.96500015258789,51.09999847412109,88818800
2019-04-30,47.86062240600586,50.16749954223633,50.84999847412109,49.77750015258789,50.76499938964844,186139600
2019-05-01,50.20988845825195,52.630001068115234,53.82749938964844,52.307498931884766,52.470001220703125,259309200
2019-05-02,49.88313674926758,52.28749847412109,53.16249847412109,52.032501220703125,52.459999084472656,127985200
2019-05-03,50.50325775146485,52.9375,52.959999084472656,52.557498931884766,52.72249984741211,83569600
2019-05-06,49.72333908081055,52.119998931884766,52.209999084472656,50.875,51.0724983215332,129772400
2019-05-07,48.38294219970703,50.71500015258789,51.85499954223633,50.20750045776367,51.470001220703125,155054800
2019-05-08,48.39249038696289,50.72499847412109,51.334999084472656,50.4375,50.47499847412109,105358000
2019-05-09,47.872554779052734,50.18000030517578,50.41999816894531,49.165000915527344,50.09999847412109,139634400
2019-05-10,47.20934677124024,49.29499816894531,49.712501525878906,48.192501068115234,49.35499954223633,164834800
2019-05-13,44.46557235717773,46.43000030517578,47.369998931884766,45.712501525878906,46.9275016784668,229722400
2019-05-14,45.16946792602539,47.165000915527344,47.42499923706055,46.352500915527344,46.602500915527344,146118800
2019-05-15,45.7105598449707,47.72999954223633,47.9375,46.505001068115234,46.567501068115234,106178800
2019-05-16,45.50944900512695,47.52000045776367,48.11750030517578,47.209999084472656,47.477500915527344,132125600
2019-05-17,45.25087356567383,47.25,47.72499847412109,46.68999862670898,46.73249816894531,131516400
2019-05-20,43.83588409423828,45.772499084472656,46.087501525878906,45.06999969482422,45.880001068115234,154449200
2019-05-21,44.6762580871582,46.650001525878906,47.0,46.17499923706055,46.30500030517578,113459200
2019-05-22,43.76166915893555,45.69499969482422,46.4275016784668,45.63750076293945,46.165000915527344,118994400
2019-05-23,43.01465606689453,44.915000915527344,45.1349983215332,44.45249938964844,44.95000076293945,146118800
2019-05-24,42.84946060180664,44.74250030517578,45.53499984741211,44.65499877929688,45.04999923706055,94858800
2019-05-28,42.67229080200195,44.557498931884766,45.147499084472656,44.477500915527344,44.72999954223633,111792800
2019-05-29,42.46879577636719,44.345001220703125,44.837501525878906,44.0,44.10499954223633,113924800
2019-05-30,42.68904113769531,44.57500076293945,44.807498931884766,44.16749954223633,44.48749923706055,84873600
2019-05-31,41.91571807861328,43.76750183105469,44.497501373291016,43.747501373291016,44.057498931884766,108174400
2019-06-03,41.4919319152832,43.32500076293945,44.47999954223633,42.567501068115234,43.900001525878906,161584400
2019-06-04,43.00988006591797,44.90999984741211,44.95750045776367,43.630001068115234,43.86000061035156,123872000
2019-06-05,43.704200744628906,45.6349983215332,46.247501373291016,45.28499984741211,46.06999969482422,119093600
2019-06-06,44.345848083496094,46.30500030517578,46.36750030517578,45.53749847412109,45.77000045776367,90105200
2019-06-07,45.52620697021485,47.53749847412109,47.97999954223633,46.442501068115234,46.62749862670898,122737600
2019-06-10,46.10800552368164,48.14500045776367,48.84249877929688,47.90499877929688,47.95249938964844,104883600
2019-06-11,46.64192199707031,48.70249938964844,49.0,48.400001525878906,48.71500015258789,107731600
2019-06-12,46.49348449707031,48.54750061035156,48.99250030517578,48.34749984741211,48.48749923706055,73012800
2019-06-13,46.48390197753906,48.53749847412109,49.1974983215332,48.400001525878906,48.67499923706055,86698400
2019-06-14,46.14632034301758,48.185001373291016,48.397499084472656,47.57500076293945,47.88750076293945,75046000
2019-06-17,46.42164611816406,48.47249984741211,48.7400016784668,48.04249954223633,48.22499847412109,58676400
2019-06-18,47.5134162902832,49.61249923706055,50.0724983215332,48.8025016784668,49.01250076293945,106204000
2019-06-19,47.37454605102539,49.46749877929688,49.970001220703125,49.32749938964844,49.91999816894531,84496800
2019-06-20,47.75524520874024,49.8650016784668,50.15250015258789,49.50749969482422,50.09249877929688,86056000
2019-06-21,47.59242630004883,49.69499969482422,50.212501525878906,49.53749847412109,49.70000076293945,191202400
2019-06-24,47.54454803466797,49.64500045776367,50.040000915527344,49.54249954223633,49.6349983215332,72881600
2019-06-25,46.82388305664063,48.89250183105469,49.81499862670898,48.8224983215332,49.60749816894531,84281200
2019-06-26,47.83663940429688,49.95000076293945,50.247501373291016,49.337501525878906,49.442501068115234,104270000
2019-06-27,47.82227325439453,49.935001373291016,50.39250183105469,49.89250183105469,50.0724983215332,83598800
2019-06-28,47.38652420043945,49.47999954223633,49.875,49.26250076293945,49.66999816894531,124442400
2019-07-01,48.255619049072266,50.38750076293945,51.122501373291016,50.16249847412109,50.79249954223633,109012000
2019-07-02,48.53814697265625,50.682498931884766,50.782501220703125,50.34000015258789,50.352500915527344,67740800
2019-07-03,48.94038009643555,51.102500915527344,51.11000061035156,50.67250061035156,50.81999969482422,45448000
2019-07-05,48.89727783203125,51.057498931884766,51.27000045776367,50.72499847412109,50.837501525878906,69062000
2019-07-08,47.88930130004883,50.005001068115234,50.34999847412109,49.602500915527344,50.20249938964844,101354400
2019-07-09,48.1814079284668,50.310001373291016,50.37749862670898,49.70249938964844,49.79999923706055,82312000
2019-07-10,48.65785598754883,50.807498931884766,50.932498931884766,50.38999938964844,50.462501525878906,71588400
2019-07-11,48.30351257324219,50.4375,51.09749984741211,50.4275016784668,50.82749938964844,80767200
2019-07-12,48.67461395263672,50.82500076293945,51.0,50.54999923706055,50.61249923706055,70380800
2019-07-15,49.13191604614258,51.3025016784668,51.46749877929688,51.0,51.022499084472656,67789600
2019-07-16,48.96192169189453,51.125,51.52750015258789,50.875,51.147499084472656,67467200
2019-07-17,48.68658828735352,50.837501525878906,51.272499084472656,50.817501068115234,51.01250076293945,56430000
2019-07-18,49.239654541015625,51.415000915527344,51.470001220703125,50.92499923706055,51.0,74162400
2019-07-19,48.50463104248047,50.647499084472656,51.625,50.59000015258789,51.4474983215332,83717200
2019-07-22,49.61315536499024,51.80500030517578,51.807498931884766,50.90250015258789,50.91249847412109,89111600
2019-07-23,50.00102233886719,52.209999084472656,52.227500915527344,51.8224983215332,52.1150016784668,73420800
2019-07-24,49.96031188964844,52.16749954223633,52.28749847412109,51.79249954223633,51.91749954223633,59966400
2019-07-25,49.56526184082031,51.755001068115234,52.310001373291016,51.682498931884766,52.22249984741211,55638400
2019-07-26,49.73764419555664,51.935001373291016,52.432498931884766,51.78499984741211,51.869998931884766,70475600
2019-07-29,50.20212173461914,52.41999816894531,52.65999984741211,52.11000061035156,52.1150016784668,86693600
2019-07-30,49.98666000366211,52.19499969482422,52.540000915527344,51.82749938964844,52.18999862670898,135742800
2019-07-31,51.0065803527832,53.2599983215332,55.34249877929688,52.82500076293945,54.10499954223633,277125600
2019-08-01,49.90285110473633,52.10749816894531,54.50749969482422,51.685001373291016,53.47499847412109,216071600
2019-08-02,48.84699630737305,51.005001068115234,51.60749816894531,50.407501220703125,51.38249969482422,163448400
2019-08-05,46.28996658325195,48.334999084472656,49.66249847412109,48.14500045776367,49.497501373291016,209572000
2019-08-06,47.16624450683594,49.25,49.51750183105469,48.5099983215332,49.07749938964844,143299200
2019-08-07,47.6546745300293,49.7599983215332,49.88999938964844,48.45500183105469,48.852500915527344,133457600
2019-08-08,48.70573425292969,50.85749816894531,50.88249969482422,49.84749984741211,50.04999923706055,108038000
2019-08-09,48.30438232421875,50.247501373291016,50.68999862670898,49.8224983215332,50.32500076293945,98478800
2019-08-12,48.18181610107422,50.119998931884766,50.51250076293945,49.78749847412109,49.90499877929688,89927600
2019-08-13,50.22224044799805,52.24250030517578,53.03499984741211,50.119998931884766,50.255001068115234,188874000
2019-08-14,48.72736740112305,50.6875,51.61000061035156,50.647499084472656,50.790000915527344,146189600
2019-08-15,48.48462677001953,50.435001373291016,51.28499984741211,49.91749954223633,50.8650016784668,108909600
2019-08-16,49.62862014770508,51.625,51.790000915527344,50.959999084472656,51.06999969482422,110481600
2019-08-19,50.55389404296875,52.587501525878906,53.182498931884766,52.50749969482422,52.65499877929688,97654400
2019-08-20,50.55629348754883,52.59000015258789,53.337501525878906,52.58000183105469,52.720001220703125,107537200
2019-08-21,51.10425567626953,53.15999984741211,53.41249847412109,52.900001525878906,53.247501373291016,86141600
2019-08-22,51.060997009277344,53.1150016784668,53.61000061035156,52.6875,53.29750061035156,89014800
2019-08-23,48.70093536376953,50.65999984741211,53.01250076293945,50.25,52.35749816894531,187272000
2019-08-26,49.626220703125,51.622501373291016,51.79750061035156,51.26499938964844,51.46500015258789,104174400
2019-08-27,49.06623458862305,51.040000915527344,52.13750076293945,50.88249969482422,51.96500015258789,103493200
2019-08-28,49.39548873901367,51.38249969482422,51.43000030517578,50.83000183105469,51.025001525878906,63755200
2019-08-29,50.23184967041016,52.25249862670898,52.33000183105469,51.665000915527344,52.125,83962000
2019-08-30,50.16695785522461,52.185001373291016,52.61249923706055,51.79999923706055,52.540000915527344,84573600
2019-09-03,49.43635940551758,51.42499923706055,51.744998931884766,51.05500030517578,51.60749816894531,80092000
2019-09-04,50.27511596679688,52.29750061035156,52.369998931884766,51.83000183105469,52.09749984741211,76752400
2019-09-05,51.2580680847168,53.31999969482422,53.49250030517578,52.87749862670898,53.0,95654800
2019-09-06,51.25325775146485,53.31499862670898,53.60499954223633,53.12749862670898,53.51250076293945,77449200
2019-09-09,51.47195816040039,53.54249954223633,54.11000061035156,52.76750183105469,53.709999084472656,109237600
2019-09-10,52.07999420166016,54.17499923706055,54.19499969482422,52.9275016784668,53.46500015258789,127111600
2019-09-11,53.73589706420898,55.897499084472656,55.9275016784668,54.432498931884766,54.51750183105469,177158400
2019-09-12,53.6157341003418,55.772499084472656,56.60499954223633,55.71500015258789,56.20000076293945,128906800
2019-09-13,52.572696685791016,54.6875,55.1974983215332,54.255001068115234,55.0,159053200
2019-09-16,52.849063873291016,54.97499847412109,55.032501220703125,54.38999938964844,54.432498931884766,84632400
2019-09-17,53.04133605957031,55.17499923706055,55.20500183105469,54.77999877929688,54.9900016784668,73274800
2019-09-18,53.538822174072266,55.692501068115234,55.712501525878906,54.86000061035156,55.26499938964844,101360000
2019-09-19,53.10382080078125,55.2400016784668,55.93999862670898,55.09249877929688,55.50249862670898,88242400
2019-09-20,52.32755279541016,54.432498931884766,55.63999938964844,54.36750030517578,55.345001220703125,221652400
2019-09-23,52.56547546386719,54.68000030517578,54.959999084472656,54.41249847412109,54.73749923706055,76662000
2019-09-24,52.3155403137207,54.41999816894531,55.622501373291016,54.29750061035156,55.25749969482422,124763200
2019-09-25,53.12063980102539,55.25749969482422,55.375,54.28499984741211,54.63750076293945,87613600
2019-09-26,52.84666061401367,54.97249984741211,55.23500061035156,54.70750045776367,55.0,75334000
2019-09-27,52.58951568603516,54.70500183105469,55.2400016784668,54.31999969482422,55.1349983215332,101408000
2019-09-30,53.82721328735352,55.99250030517578,56.14500045776367,55.1974983215332,55.22499847412109,103909600
2019-10-01,53.97622680664063,56.147499084472656,57.05500030517578,56.04999923706055,56.26750183105469,139223200
2019-10-02,52.6231575012207,54.7400016784668,55.89500045776367,54.48249816894531,55.76499938964844,138449200
2019-10-03,53.07017517089844,55.20500183105469,55.2400016784668,53.782501220703125,54.60749816894531,114426000
2019-10-04,54.55783462524414,56.75249862670898,56.872501373291016,55.97249984741211,56.40999984741211,138478800
2019-10-07,54.569854736328125,56.76499938964844,57.48249816894531,56.459999084472656,56.567501068115234,122306000
2019-10-08,53.93056106567383,56.09999847412109,57.01499938964844,56.08250045776367,56.45500183105469,111820000
2019-10-09,54.5626335144043,56.75749969482422,56.9474983215332,56.40999984741211,56.75749969482422,74770400
2019-10-10,55.29804611206055,57.522499084472656,57.61000061035156,56.82500076293945,56.98249816894531,113013600
2019-10-11,56.76887893676758,59.0525016784668,59.40999984741211,58.07749938964844,58.23749923706055,166795600
2019-10-14,56.68716049194336,58.96749877929688,59.532501220703125,58.66749954223633,58.72499847412109,96427600
2019-10-15,56.55499267578125,58.83000183105469,59.41249847412109,58.720001220703125,59.09749984741211,87360000
2019-10-16,56.32667922973633,58.59249877929688,58.810001373291016,58.29999923706055,58.34249877929688,73903200
2019-10-17,56.54537582397461,58.81999969482422,59.03749847412109,58.380001068115234,58.772499084472656,67585200
2019-10-18,56.81695175170898,59.102500915527344,59.39500045776367,58.5724983215332,58.647499084472656,97433600
2019-10-21,57.80232238769531,60.12749862670898,60.247501373291016,59.33000183105469,59.380001068115234,87247200
2019-10-22,57.67013931274414,59.9900016784668,60.54999923706055,59.90499877929688,60.290000915527344,82293600
2019-10-23,58.44400405883789,60.79499816894531,60.810001373291016,60.30500030517578,60.525001525878906,75828800
2019-10-24,58.54014205932617,60.89500045776367,61.20000076293945,60.45249938964844,61.12749862670898,69275200
2019-10-25,59.26113510131836,61.64500045776367,61.682498931884766,60.720001220703125,60.790000915527344,73477200
2019-10-28,59.85475540161133,62.26250076293945,62.3125,61.68000030517578,61.85499954223633,96572800
2019-10-29,58.470436096191406,60.8224983215332,62.4375,60.64250183105469,62.24250030517578,142839600
2019-10-30,58.46322250366211,60.81499862670898,61.32500076293945,60.3025016784668,61.18999862670898,124522000
2019-10-31,59.78505706787109,62.18999862670898,62.29249954223633,59.31499862670898,61.810001373291016,139162000
2019-11-01,61.4818115234375,63.95500183105469,63.98249816894531,62.290000915527344,62.3849983215332,151125200
2019-11-04,61.88556289672852,64.375,64.4625015258789,63.845001220703125,64.3324966430664,103272000
2019-11-05,61.79664611816406,64.28250122070312,64.54750061035156,64.08000183105469,64.26249694824219,79897600
2019-11-06,61.82305908203125,64.30999755859375,64.37249755859375,63.84249877929688,64.19249725341797,75864400
2019-11-07,62.536598205566406,64.85749816894531,65.0875015258789,64.52749633789062,64.68499755859375,94940400
2019-11-08,62.70775985717773,65.03500366210938,65.11000061035156,64.2125015258789,64.67250061035156,69986400
2019-11-11,63.20431518554688,65.55000305175781,65.61750030517578,64.56999969482422,64.57499694824219,81821200
2019-11-12,63.146446228027344,65.48999786376953,65.69750213623047,65.2300033569336,65.38749694824219,87388800
2019-11-13,63.75152206420898,66.11750030517578,66.19499969482422,65.26750183105469,65.28250122070312,102734400
2019-11-14,63.31037521362305,65.66000366210938,66.22000122070312,65.5250015258789,65.9375,89182800
2019-11-15,64.06246948242188,66.44000244140625,66.44499969482422,65.75250244140625,65.91999816894531,100206400
2019-11-18,64.38549041748047,66.7750015258789,66.85749816894531,66.05750274658203,66.44999694824219,86703200
2019-11-19,64.19021606445312,66.57250213623047,67.0,66.34750366210938,66.9749984741211,76167200
2019-11-20,63.44295501708984,65.79750061035156,66.5199966430664,65.0999984741211,66.38500213623047,106234400
2019-11-21,63.15850830078125,65.50250244140625,66.00250244140625,65.29499816894531,65.92250061035156,121395200
2019-11-22,63.10307312011719,65.44499969482422,65.79499816894531,65.20999908447266,65.64749908447266,65325200
2019-11-25,64.20951080322266,66.59249877929688,66.61000061035156,65.62999725341797,65.67749786376953,84020400
2019-11-26,63.708106994628906,66.07250213623047,66.79000091552734,65.625,66.73500061035156,105207600
2019-11-27,64.5638656616211,66.95999908447266,66.99500274658203,66.32749938964844,66.3949966430664,65235600
2019-11-29,64.42164611816406,66.8125,67.0,66.4749984741211,66.6500015258789,46617600
2019-12-02,63.67678451538086,66.04000091552734,67.0625,65.86250305175781,66.81749725341797,94487200
2019-12-03,62.54141616821289,64.86250305175781,64.88249969482422,64.07250213623047,64.57749938964844,114430400
2019-12-04,63.09342956542969,65.43499755859375,65.82749938964844,65.16999816894531,65.26750183105469,67181600
2019-12-05,64.0190658569336,66.3949966430664,66.47250366210938,65.68250274658203,65.94750213623047,74424400
2019-12-06,65.25567626953125,67.67749786376953,67.75,66.82499694824219,66.87000274658203,106075600
2019-12-09,64.34208679199219,66.7300033569336,67.69999694824219,66.22750091552734,67.5,128042400
2019-12-10,64.71812438964844,67.12000274658203,67.51750183105469,66.46499633789062,67.1500015258789,90420400
2019-12-11,65.27012634277344,67.69249725341797,67.7750015258789,67.125,67.20249938964844,78756800
2019-12-12,65.43646240234375,67.86499786376953,68.13999938964844,66.83000183105469,66.94499969482422,137310400
2019-12-13,66.32594299316406,68.7874984741211,68.82499694824219,67.73249816894531,67.86499786376953,133587600
2019-12-16,67.46131896972656,69.96499633789062,70.19750213623047,69.24500274658203,69.25,128186000
2019-12-17,67.59391021728516,70.10250091552734,70.44249725341797,69.69999694824219,69.89250183105469,114158400
2019-12-18,67.43238830566406,69.93499755859375,70.4749984741211,69.77999877929688,69.94999694824219,116028400
2019-12-19,67.4999008178711,70.00499725341797,70.29499816894531,69.73750305175781,69.875,98369200
2019-12-20,67.36006927490234,69.86000061035156,70.6624984741211,69.63999938964844,70.55750274658203,275978000
2019-12-23,68.45928192138672,71.0,71.0625,70.09249877929688,70.13249969482422,98572000
2019-12-24,68.52435302734375,71.06749725341797,71.22250366210938,70.7300033569336,71.17250061035156,48478800
2019-12-26,69.88390350341797,72.47750091552734,72.49500274658203,71.17500305175781,71.20500183105469,93121200
2019-12-27,69.85740661621094,72.44999694824219,73.49250030517578,72.02999877929688,72.77999877929688,146266000
2019-12-30,70.27201080322266,72.87999725341797,73.17250061035156,71.30500030517578,72.36499786376953,144114400
2019-12-31,70.78545379638672,73.4124984741211,73.41999816894531,72.37999725341797,72.48249816894531,100805600
2020-01-02,72.4005126953125,75.0875015258789,75.1500015258789,73.79750061035156,74.05999755859375,135480400
2020-01-03,71.69664001464844,74.35749816894531,75.1449966430664,74.125,74.2874984741211,146322800
2020-01-06,72.2679214477539,74.94999694824219,74.98999786376953,73.1875,73.44750213623047,118387200
2020-01-07,71.92805480957031,74.59750366210938,75.2249984741211,74.37000274658203,74.95999908447266,108872000
2020-01-08,73.08512878417969,75.79750061035156,76.11000061035156,74.29000091552734,74.29000091552734,132079200
2020-01-09,74.63750457763672,77.40750122070312,77.60749816894531,76.55000305175781,76.80999755859375,170108400
2020-01-10,74.80623626708984,77.5824966430664,78.1675033569336,77.0625,77.6500015258789,140644800
2020-01-13,76.4044189453125,79.23999786376953,79.26750183105469,77.7874984741211,77.91000366210938,121532000
2020-01-14,75.37269592285156,78.16999816894531,79.39250183105469,78.0425033569336,79.17500305175781,161954400
2020-01-15,75.04969787597656,77.83499908447266,78.875,77.38749694824219,77.9625015258789,121923600
2020-01-16,75.98980712890625,78.80999755859375,78.92500305175781,78.02249908447266,78.39749908447266,108829200
2020-01-17,76.83108520507812,79.68250274658203,79.68499755859375,78.75,79.06749725341797,137816400
2020-01-21,76.3104019165039,79.14250183105469,79.75499725341797,79.0,79.29750061035156,110843200
2020-01-22,76.58279418945312,79.42500305175781,79.99749755859375,79.32749938964844,79.6449966430664,101832400
2020-01-23,76.95162963867188,79.80750274658203,79.88999938964844,78.9124984741211,79.4800033569336,104472000
2020-01-24,76.7298355102539,79.57749938964844,80.8324966430664,79.37999725341797,80.0625,146537600
2020-01-27,74.47357177734375,77.23750305175781,77.94249725341797,76.22000122070312,77.51499938964844,161940000
2020-01-28,76.5804214477539,79.42250061035156,79.5999984741211,78.04750061035156,78.1500015258789,162234000
2020-01-29,78.18338775634766,81.08499908447266,81.9625015258789,80.34500122070312,81.11250305175781,216229200
2020-01-30,78.0700912475586,80.96749877929688,81.02249908447266,79.6875,80.13500213623047,126743200
2020-01-31,74.60856628417969,77.37750244140625,80.66999816894531,77.07250213623047,80.23249816894531,199588400
2020-02-03,74.4036865234375,77.16500091552734,78.37249755859375,75.55500030517578,76.07499694824219,173788400
2020-02-04,76.86001586914062,79.7125015258789,79.91000366210938,78.40750122070312,78.82749938964844,136616400
2020-02-05,77.48674011230469,80.36250305175781,81.19000244140625,79.73750305175781,80.87999725341797,118826800
2020-02-06,78.39310455322266,81.30249786376953,81.30500030517578,80.06500244140625,80.64250183105469,105425600
2020-02-07,77.3275375366211,80.00749969482422,80.8499984741211,79.5,80.59249877929688,117684000
2020-02-10,77.69479370117188,80.38749694824219,80.38749694824219,78.4625015258789,78.54499816894531,109348800
2020-02-11,77.22605895996094,79.90249633789062,80.9749984741211,79.67749786376953,80.9000015258789,94323200
2020-02-12,79.05999755859375,81.80000305175781,81.80500030517578,80.36750030517578,80.36750030517578,113730400
2020-02-13,78.49702453613281,81.21749877929688,81.55500030517578,80.8375015258789,81.04750061035156,94747600
2020-02-14,78.51634216308594,81.23750305175781,81.49500274658203,80.7125015258789,81.18499755859375,80113600
2020-02-18,77.07866668701172,79.75,79.9375,78.65249633789062,78.83999633789062,152531200
2020-02-19,78.19498443603516,80.90499877929688,81.14250183105469,80.0,80.0,93984000
2020-02-20,77.39276123046875,80.07499694824219,81.1624984741211,79.55249786376953,80.65750122070312,100566000
2020-02-21,75.6409912109375,78.26249694824219,80.11250305175781,77.625,79.65499877929688,129554000
2020-02-24,72.04800415039062,74.54499816894531,76.04499816894531,72.30750274658203,74.31500244140625,222195200
2020-02-25,69.60758209228516,72.0199966430664,75.63249969482422,71.53250122070312,75.23750305175781,230673600
2020-02-26,70.71184539794922,73.1624984741211,74.47000122070312,71.625,71.63249969482422,198054800
2020-02-27,66.08953857421875,68.37999725341797,71.5,68.23999786376953,70.2750015258789,320605600
2020-02-28,66.05085754394531,68.33999633789062,69.60250091552734,64.09249877929688,64.31500244140625,426510000
2020-03-02,72.20022583007812,74.70249938964844,75.36000061035156,69.43000030517578,70.56999969482422,341397200
2020-03-03,69.90718841552734,72.33000183105469,76.0,71.44999694824219,75.9175033569336,319475600
2020-03-04,73.14983367919922,75.68499755859375,75.8499984741211,73.28250122070312,74.11000061035156,219178400
2020-03-05,70.77704620361328,73.2300033569336,74.88749694824219,72.85250091552734,73.87999725341797,187572800
2020-03-06,69.8371353149414,72.25749969482422,72.70500183105469,70.30750274658203,70.5,226176800
2020-03-09,64.3135757446289,66.5425033569336,69.52249908447266,65.75,65.9375,286744800
2020-03-10,68.9455337524414,71.33499908447266,71.61000061035156,67.34249877929688,69.28500366210938,285290000
2020-03-11,66.55103302001953,68.85749816894531,70.30500030517578,67.96499633789062,69.34750366210938,255598800
2020-03-12,59.97879409790039,62.057498931884766,67.5,62.0,63.98500061035156,418474000
2020-03-13,67.16474914550781,69.49250030517578,69.9800033569336,63.23749923706055,66.22250366210938,370732000
2020-03-16,58.52421188354492,60.5525016784668,64.7699966430664,60.0,60.48749923706055,322423600
2020-03-17,61.09751892089844,63.21500015258789,64.40249633789062,59.59999847412109,61.87749862670898,324056000
2020-03-18,59.60186004638672,61.66749954223633,62.5,59.27999877929688,59.942501068115234,300233600
2020-03-19,59.14519119262695,61.19499969482422,63.209999084472656,60.65250015258789,61.84749984741211,271857200
2020-03-20,55.39032745361328,57.310001373291016,62.95750045776367,57.0,61.79499816894531,401693200
2020-03-23,54.21360397338867,56.09249877929688,57.125,53.15250015258789,57.02000045776367,336752800
2020-03-24,59.65261459350586,61.720001220703125,61.92250061035156,58.57500076293945,59.09000015258789,287531200
2020-03-25,59.32400131225586,61.380001068115234,64.5625,61.07500076293945,62.6875,303602000
2020-03-26,62.44580078125,64.61000061035156,64.66999816894531,61.59000015258789,61.630001068115234,252087200
2020-03-27,59.86041259765625,61.935001373291016,63.96749877929688,61.76250076293945,63.1875,204216800
2020-03-30,61.56869125366211,63.70249938964844,63.880001068115234,62.34999847412109,62.685001373291016,167976400
2020-03-31,61.443058013916016,63.5724983215332,65.62249755859375,63.0,63.900001525878906,197002000
2020-04-01,58.210105895996094,60.227500915527344,62.18000030517578,59.782501220703125,61.625,176218400
2020-04-02,59.18143081665039,61.23249816894531,61.28749847412109,59.22499847412109,60.084999084472656,165934000
2020-04-03,58.3309211730957,60.352500915527344,61.42499923706055,59.74250030517578,60.70000076293945,129880000
2020-04-06,63.41957473754883,65.61750030517578,65.77749633789062,62.345001220703125,62.72499847412109,201820400
2020-04-07,62.68501281738281,64.85749816894531,67.92500305175781,64.75,67.69999694824219,202887200
2020-04-08,64.2894058227539,66.51750183105469,66.84249877929688,65.30750274658203,65.68499755859375,168895200
2020-04-09,64.75330352783203,66.99749755859375,67.51750183105469,66.17500305175781,67.17500305175781,161834800
2020-04-13,66.02428436279297,68.3125,68.42500305175781,66.4574966430664,67.07749938964844,131022800
2020-04-14,69.35871887207031,71.76249694824219,72.0625,69.51249694824219,70.0,194994800
2020-04-15,68.72566986083984,71.10749816894531,71.5824966430664,70.15750122070312,70.5999984741211,131154400
2020-04-16,69.27173614501953,71.67250061035156,72.05000305175781,70.5875015258789,71.84500122070312,157125200
2020-04-17,68.3318099975586,70.69999694824219,71.73750305175781,69.21499633789062,71.17250061035156,215250000
2020-04-20,66.91345977783203,69.23249816894531,70.41999816894531,69.2125015258789,69.48750305175781,130015200
2020-04-21,64.84515380859375,67.09249877929688,69.3125,66.35749816894531,69.06999969482422,180991600
2020-04-22,66.71293640136719,69.0250015258789,69.4749984741211,68.05000305175781,68.40249633789062,116862400
2020-04-23,66.45437622070312,68.75749969482422,70.4375,68.71749877929688,68.96749877929688,124814400
2020-04-24,68.3729019165039,70.74250030517578,70.75250244140625,69.25,69.30000305175781,126161200
2020-04-27,68.42121124267578,70.7925033569336,71.13500213623047,69.98750305175781,70.44999694824219,117087600
2020-04-28,67.31214141845703,69.6449966430664,71.4574966430664,69.55000305175781,71.2699966430664,112004800
2020-04-29,69.52302551269531,71.93250274658203,72.4175033569336,70.97250366210938,71.18250274658203,137280800
2020-04-30,70.98969268798828,73.44999694824219,73.63249969482422,72.0875015258789,72.48999786376953,183064000
2020-05-01,69.84680938720703,72.26750183105469,74.75,71.4625015258789,71.5625,240616800
2020-05-04,70.83505249023438,73.29000091552734,73.42250061035156,71.58000183105469,72.2925033569336,133568000
2020-05-05,71.89820861816406,74.38999938964844,75.25,73.61499786376953,73.76499938964844,147751200
2020-05-06,72.6400146484375,75.15750122070312,75.80999755859375,74.71749877929688,75.11499786376953,142333600
2020-05-07,73.3914566040039,75.93499755859375,76.2925033569336,75.49250030517578,75.80500030517578,115215200
2020-05-08,75.13829040527344,77.53250122070312,77.5875015258789,76.07250213623047,76.41000366210938,133838400
2020-05-11,76.32061004638672,78.75250244140625,79.26249694824219,76.80999755859375,77.0250015258789,145946400
2020-05-12,75.44841003417969,77.85250091552734,79.92250061035156,77.72750091552734,79.4574966430664,162301200
2020-05-13,74.53744506835938,76.9124984741211,78.98750305175781,75.80249786376953,78.0374984741211,200622400
2020-05-14,74.99534606933594,77.38500213623047,77.44750213623047,75.38249969482422,76.12750244140625,158929200
2020-05-15,74.55196380615234,76.92749786376953,76.9749984741211,75.05249786376953,75.0875015258789,166348400
2020-05-18,76.30850219726562,78.73999786376953,79.125,77.58000183105469,78.2925033569336,135178400
2020-05-19,75.8675537109375,78.28500366210938,79.62999725341797,78.25250244140625,78.75749969482422,101729600
2020-05-20,77.34304809570312,79.80750274658203,79.87999725341797,79.12999725341797,79.16999816894531,111504800
2020-05-21,76.76640319824219,79.2125015258789,80.22250366210938,78.96749877929688,79.66500091552734,102688800
2020-05-22,77.26065826416016,79.72250366210938,79.80750274658203,78.8375015258789,78.94249725341797,81803200
2020-05-26,76.73735809326172,79.18250274658203,81.05999755859375,79.125,80.875,125522000
2020-05-27,77.0716781616211,79.52749633789062,79.67749786376953,78.27249908447266,79.03500366210938,112945200
2020-05-28,77.10560607910156,79.5625,80.86000061035156,78.90750122070312,79.19249725341797,133560800
2020-05-29,77.0304946899414,79.48500061035156,80.2874984741211,79.11750030517578,79.8125,153532400
2020-06-01,77.97781372070312,80.4625015258789,80.5875015258789,79.30249786376953,79.4375,80791200
2020-06-02,78.33882141113281,80.83499908447266,80.86000061035156,79.73249816894531,80.1875,87642800
2020-06-03,78.77006530761719,81.27999877929688,81.55000305175781,80.57499694824219,81.16500091552734,104491200
2020-06-04,78.09168243408203,80.58000183105469,81.40499877929688,80.19499969482422,81.09750366210938,87560400
2020-06-05,80.3157958984375,82.875,82.9375,80.80750274658203,80.8375015258789,137250400
2020-06-08,80.7906723022461,83.36499786376953,83.4000015258789,81.83000183105469,82.5625,95654400
2020-06-09,83.3418960571289,85.99749755859375,86.40249633789062,83.00250244140625,83.03500366210938,147712400
2020-06-10,85.48607635498047,88.20999908447266,88.69249725341797,86.52249908447266,86.9749984741211,166651600
2020-06-11,81.38184356689453,83.9749984741211,87.76499938964844,83.87000274658203,87.32749938964844,201662400
2020-06-12,82.08445739746094,84.69999694824219,86.94999694824219,83.55500030517578,86.18000030517578,200146000
2020-06-15,83.09962463378906,85.74749755859375,86.41999816894531,83.1449966430664,83.3125,138808800
2020-06-16,85.30194091796875,88.0199966430664,88.30000305175781,86.18000030517578,87.86499786376953,165428800
2020-06-17,85.1832275390625,87.89749908447266,88.8499984741211,87.77249908447266,88.7874984741211,114406400
2020-06-18,85.2171401977539,87.93250274658203,88.36250305175781,87.30500030517578,87.85250091552734,96820400
2020-06-19,84.73017883300781,87.43000030517578,89.13999938964844,86.2874984741211,88.66000366210938,264476000
2020-06-22,86.94702911376953,89.71749877929688,89.86499786376953,87.7874984741211,87.83499908447266,135445200
2020-06-23,88.80287170410156,91.63249969482422,93.09500122070312,90.56749725341795,91.0,212155600
2020-06-24,87.23532104492188,90.01499938964844,92.19750213623048,89.62999725341797,91.25,192623200
2020-06-25,88.39344024658203,91.20999908447266,91.25,89.39250183105469,90.1750030517578,137522400
2020-06-26,85.677490234375,88.40750122070312,91.33000183105467,88.25499725341797,91.10250091552734,205256800
2020-06-29,87.65204620361328,90.44499969482422,90.5425033569336,87.81999969482422,88.3125,130646000
2020-06-30,88.38374328613281,91.1999969482422,91.49500274658205,90.0,90.0199966430664,140223200
2020-07-01,88.21656799316406,91.02749633789062,91.83999633789062,90.97750091552734,91.27999877929688,110737200
2020-07-02,88.21656799316406,91.02749633789062,92.61750030517578,90.91000366210938,91.9625015258789,114041600
2020-07-06,90.57638549804688,93.4625015258789,93.94499969482422,92.46749877929688,92.5,118655600
2020-07-07,90.29533386230467,93.17250061035156,94.65499877929688,93.05750274658205,93.85250091552734,112424400
2020-07-08,92.3983154296875,95.34249877929688,95.375,94.08999633789062,94.18000030517578,117092000
2020-07-09,92.79566955566406,95.75250244140624,96.31749725341795,94.67250061035156,96.2624969482422,125642800
2020-07-10,92.95800018310548,95.91999816894533,95.9800033569336,94.70500183105467,95.33499908447266,90257200
2020-07-13,92.52915954589844,95.47750091552734,99.95500183105467,95.25749969482422,97.26499938964844,191649200
2020-07-14,94.06037139892578,97.05750274658205,97.25499725341795,93.87750244140624,94.83999633789062,170989200
2020-07-15,94.70726013183594,97.7249984741211,99.24749755859376,96.48999786376952,98.98999786376952,153198000
2020-07-16,93.54188537597656,96.52249908447266,97.40499877929688,95.90499877929688,96.5625,110577600
2020-07-17,93.3529052734375,96.32749938964844,97.14749908447266,95.83999633789062,96.9875030517578,92186800
2020-07-20,95.32022857666016,98.35749816894533,98.5,96.0625,96.4175033569336,90318000
2020-07-21,94.00464630126952,97.0,99.25,96.74250030517578,99.17250061035156,103433200
2020-07-22,94.26872253417967,97.27249908447266,97.9749984741211,96.60250091552734,96.69249725341795,89001600
2020-07-23,89.97794342041016,92.84500122070312,97.07749938964844,92.01000213623048,96.99749755859376,197004400
2020-07-24,89.75505065917969,92.61499786376952,92.97000122070312,89.1449966430664,90.9875030517578,185438800
2020-07-27,91.88224792480467,94.80999755859376,94.90499877929688,93.4800033569336,93.70999908447266,121214000
2020-07-28,90.37285614013672,93.25250244140624,94.5500030517578,93.24749755859376,94.36750030517578,103625600
2020-07-29,92.10517120361328,95.04000091552734,95.2300033569336,93.7125015258789,93.75,90329200
2020-07-30,93.21964263916016,96.19000244140624,96.29750061035156,93.76750183105467,94.1875,158130000
2020-07-31,102.97869873046876,106.26000213623048,106.41500091552734,100.8249969482422,102.88500213623048,374336800
2020-08-03,105.57349395751952,108.9375,111.6374969482422,107.89250183105467,108.1999969482422,308151200
2020-08-04,106.278564453125,109.66500091552734,110.79000091552734,108.3874969482422,109.13249969482422,173071600
2020-08-05,106.66374969482422,110.0625,110.39250183105467,108.89749908447266,109.37750244140624,121776800
2020-08-06,110.38516235351562,113.90249633789062,114.4124984741211,109.79750061035156,110.40499877929688,202428800
2020-08-07,107.87550354003906,111.1125030517578,113.6750030517578,110.2925033569336,113.20500183105467,198045600
2020-08-10,109.44344329833984,112.72750091552734,113.7750015258789,110.0,112.5999984741211,212403600
2020-08-11,106.1886215209961,109.375,112.48249816894533,109.10749816894533,111.97000122070312,187902400
2020-08-12,109.71771240234376,113.01000213623048,113.2750015258789,110.29750061035156,110.49749755859376,165598000
2020-08-13,111.65945434570312,115.01000213623048,116.0425033569336,113.92749786376952,114.43000030517578,210082000
2020-08-14,111.5599365234375,114.90750122070312,115.0,113.04499816894533,114.83000183105467,165565200
2020-08-17,111.2686538696289,114.60749816894533,116.0875015258789,113.9625015258789,116.0625,119561600
2020-08-18,112.19585418701172,115.5625,116.0,114.00749969482422,114.35250091552734,105633600
2020-08-19,112.33661651611328,115.7074966430664,117.1624984741211,115.61000061035156,115.98249816894533,145538000
2020-08-20,114.82933044433594,118.2750015258789,118.39250183105467,115.73249816894533,115.75,126907200
2020-08-21,120.74676513671876,124.37000274658205,124.86750030517578,119.25,119.2624969482422,338054800
2020-08-24,122.19093322753906,125.85749816894533,128.78500366210938,123.9375,128.69749450683594,345937600
2020-08-25,121.1884994506836,124.8249969482422,125.18000030517578,123.05249786376952,124.69750213623048,211495600
2020-08-26,122.83656311035156,126.52249908447266,126.99250030517578,125.0824966430664,126.18000030517578,163022400
2020-08-27,121.36810302734376,125.01000213623048,127.48500061035156,123.8324966430664,127.14250183105467,155552400
2020-08-28,121.17151641845705,124.80750274658205,126.44249725341795,124.57749938964844,126.0124969482422,187630000
2020-08-31,125.28070831298828,129.0399932861328,131.0,126.0,127.58000183105467,225702700
2020-09-01,130.27096557617188,134.17999267578125,134.8000030517578,130.52999877929688,132.75999450683594,151948100
2020-09-02,127.57193756103516,131.39999389648438,137.97999572753906,127.0,137.58999633789062,200119000
2020-09-03,117.35843658447266,120.87999725341795,128.83999633789062,120.5,126.91000366210938,257599600
2020-09-04,117.43611145019533,120.95999908447266,123.6999969482422,110.88999938964844,120.06999969482422,332607200
2020-09-08,109.5332489013672,112.81999969482422,118.98999786376952,112.68000030517578,113.9499969482422,231366600
2020-09-09,113.90215301513672,117.31999969482422,119.13999938964844,115.26000213623048,117.26000213623048,176940500
2020-09-10,110.1837158203125,113.48999786376952,120.5,112.5,120.36000061035156,182274400
2020-09-11,108.73712921142578,112.0,115.2300033569336,110.0,114.56999969482422,180860300
2020-09-14,111.99925231933594,115.36000061035156,115.93000030517578,112.8000030517578,114.72000122070312,140150100
2020-09-15,112.17401885986328,115.54000091552734,118.83000183105467,113.61000061035156,118.33000183105467,184642000
2020-09-16,108.8633270263672,112.12999725341795,116.0,112.04000091552734,115.2300033569336,154679000
2020-09-17,107.12549591064452,110.33999633789062,112.1999969482422,108.70999908447266,109.72000122070312,178011000
2020-09-18,103.72745513916016,106.83999633789062,110.87999725341795,106.08999633789062,110.4000015258789,287104900
2020-09-21,106.87307739257812,110.08000183105467,110.19000244140624,103.0999984741211,104.54000091552734,195713800
2020-09-22,108.55268096923828,111.80999755859376,112.86000061035156,109.16000366210938,112.68000030517578,183055400
2020-09-23,103.99930572509766,107.12000274658205,112.11000061035156,106.7699966430664,111.62000274658205,150718700
2020-09-24,105.06725311279295,108.22000122070312,110.25,105.0,105.16999816894533,167743300
2020-09-25,109.0089874267578,112.27999877929688,112.44000244140624,107.66999816894533,108.43000030517578,149981400
2020-09-28,111.61090850830078,114.95999908447266,115.31999969482422,112.77999877929688,115.01000213623048,137672400
2020-09-29,110.76624298095705,114.08999633789062,115.30999755859376,113.56999969482422,114.5500030517578,99382200
2020-09-30,112.4361343383789,115.80999755859376,117.26000213623048,113.62000274658205,113.79000091552734,142675200
2020-10-01,113.38758087158205,116.79000091552734,117.72000122070312,115.83000183105467,117.63999938964844,116120400
2020-10-02,109.72740173339844,113.0199966430664,115.37000274658205,112.22000122070312,112.88999938964844,144712000
2020-10-05,113.10604095458984,116.5,116.6500015258789,113.5500030517578,113.91000366210938,106243800
2020-10-06,109.86334228515624,113.16000366210938,116.12000274658205,112.25,115.6999969482422,161498200
2020-10-07,111.72740936279295,115.08000183105467,115.5500030517578,114.12999725341795,114.62000274658205,96849000
2020-10-08,111.6206283569336,114.97000122070312,116.4000015258789,114.58999633789062,116.25,83477200
2020-10-09,113.56236267089844,116.97000122070312,117.0,114.91999816894533,115.27999877929688,100506900
2020-10-12,120.77588653564452,124.4000015258789,125.18000030517578,119.27999877929688,120.05999755859376,240226800
2020-10-13,117.57203674316406,121.0999984741211,125.38999938964844,119.6500015258789,125.2699966430664,262330500
2020-10-14,117.6594009399414,121.19000244140624,123.02999877929688,119.62000274658205,121.0,150712000
2020-10-15,117.19338989257812,120.70999908447266,121.1999969482422,118.1500015258789,118.72000122070312,112559200
2020-10-16,115.5526123046875,119.0199966430664,121.5500030517578,118.80999755859376,121.27999877929688,115393800
2020-10-19,112.6011962890625,115.9800033569336,120.41999816894533,115.66000366210938,119.95999908447266,120639300
2020-10-20,114.0866241455078,117.51000213623048,118.9800033569336,115.62999725341795,116.1999969482422,124423700
2020-10-21,113.46525573730467,116.87000274658205,118.70999908447266,116.4499969482422,116.66999816894533,89946000
2020-10-22,112.37789154052734,115.75,118.04000091552734,114.58999633789062,117.4499969482422,101988000
2020-10-23,111.68856811523438,115.04000091552734,116.5500030517578,114.27999877929688,116.38999938964844,82572600
2020-10-26,111.6982879638672,115.0500030517578,116.5500030517578,112.87999725341795,114.01000213623048,111850700
2020-10-27,113.203125,116.5999984741211,117.27999877929688,114.54000091552734,115.48999786376952,92276800
2020-10-28,107.96045684814452,111.1999969482422,115.43000030517578,111.0999984741211,115.0500030517578,143937800
2020-10-29,111.96041870117188,115.31999969482422,116.93000030517578,112.1999969482422,112.37000274658205,146129200
2020-10-30,105.68862915039062,108.86000061035156,111.98999786376952,107.72000122070312,111.05999755859376,190272600
2020-11-02,105.60124969482422,108.7699966430664,110.68000030517578,107.31999969482422,109.11000061035156,122866900
2020-11-03,107.22257995605467,110.44000244140624,111.48999786376952,108.7300033569336,109.66000366210938,107624400
2020-11-04,111.60121154785156,114.9499969482422,115.58999633789062,112.3499984741211,114.13999938964844,138235500
2020-11-05,115.56234741210938,119.02999877929688,119.62000274658205,116.87000274658205,117.9499969482422,126387100
2020-11-06,115.43103790283205,118.69000244140624,119.1999969482422,116.12999725341795,118.31999969482422,114457900
2020-11-09,113.12610626220705,116.31999969482422,121.98999786376952,116.0500030517578,120.5,154515300
2020-11-10,112.78572082519533,115.97000122070312,117.58999633789062,114.12999725341795,115.5500030517578,138023400
2020-11-11,116.20906066894533,119.48999786376952,119.62999725341795,116.44000244140624,117.19000244140624,112295000
2020-11-12,115.93677520751952,119.20999908447266,120.52999877929688,118.56999969482422,119.62000274658205,103162300
2020-11-13,115.98541259765624,119.26000213623048,119.66999816894533,117.87000274658205,119.44000244140624,81581900
2020-11-16,116.99683380126952,120.3000030517578,120.98999786376952,118.1500015258789,118.91999816894533,91183000
2020-11-17,116.11181640625,119.38999938964844,120.66999816894533,118.95999908447266,119.5500030517578,74271000
2020-11-18,114.78917694091795,118.02999877929688,119.81999969482422,118.0,118.61000061035156,76322100
2020-11-19,115.3824234008789,118.63999938964844,119.05999755859376,116.80999755859376,117.58999633789062,74113000
2020-11-20,114.11809539794922,117.33999633789062,118.7699966430664,117.29000091552734,118.63999938964844,73604300
2020-11-23,110.72393035888672,113.8499984741211,117.62000274658205,113.75,117.18000030517578,127959300
2020-11-24,112.00768280029295,115.16999816894533,115.8499984741211,112.58999633789062,113.91000366210938,113874200
2020-11-25,112.84407043457033,116.02999877929688,116.75,115.16999816894533,115.5500030517578,76499200
2020-11-27,113.38870239257812,116.58999633789062,117.48999786376952,116.22000122070312,116.56999969482422,46691300
2020-11-30,115.78115844726562,119.0500030517578,120.97000122070312,116.80999755859376,116.97000122070312,169410200
2020-12-01,119.35040283203124,122.72000122070312,123.47000122070312,120.01000213623048,121.01000213623048,127728200
2020-12-02,119.70050048828124,123.08000183105467,123.37000274658205,120.88999938964844,122.0199966430664,89004200
2020-12-03,119.56433868408205,122.94000244140624,123.77999877929688,122.20999908447266,123.5199966430664,78967600
2020-12-04,118.89329528808594,122.25,122.86000061035156,121.5199966430664,122.5999984741211,78260400
2020-12-07,120.35210418701172,123.75,124.56999969482422,122.25,122.30999755859376,86712000
2020-12-08,120.9647979736328,124.37999725341795,124.9800033569336,123.08999633789062,124.37000274658205,82225500
2020-12-09,118.4361801147461,121.77999877929688,125.9499969482422,121.0,124.52999877929688,115089200
2020-12-10,119.85610961914062,123.23999786376952,123.87000274658205,120.1500015258789,120.5,81312200
2020-12-11,119.04889678955078,122.41000366210938,122.76000213623048,120.5500030517578,122.43000030517578,86939800
2020-12-14,118.4361801147461,121.77999877929688,123.3499984741211,121.54000091552734,122.5999984741211,79184500
2020-12-15,124.3686981201172,127.87999725341795,127.9000015258789,124.12999725341795,124.33999633789062,157243700
2020-12-16,124.3006362915039,127.80999755859376,128.3699951171875,126.55999755859376,127.41000366210938,98208600
2020-12-17,125.16619873046876,128.6999969482422,129.5800018310547,128.0399932861328,128.89999389648438,94359800
2020-12-18,123.18220520019533,126.66000366210938,129.10000610351562,126.12000274658205,128.9600067138672,192541500
2020-12-21,124.70909118652344,128.22999572753906,128.30999755859375,123.4499969482422,125.0199966430664,121251600
2020-12-22,128.25888061523438,131.8800048828125,134.41000366210938,129.64999389648438,131.61000061035156,168904800
2020-12-23,127.36414337158205,130.9600067138672,132.42999267578125,130.77999877929688,132.16000366210938,88223700
2020-12-24,128.34640502929688,131.97000122070312,133.4600067138672,131.10000610351562,131.32000732421875,54930100
2020-12-28,132.9368133544922,136.69000244140625,137.33999633789062,133.50999450683594,133.99000549316406,124486200
2020-12-29,131.16676330566406,134.8699951171875,138.7899932861328,134.33999633789062,138.0500030517578,121047300
2020-12-30,130.04835510253906,133.72000122070312,135.99000549316406,133.39999389648438,135.5800018310547,96452100
2020-12-31,129.04664611816406,132.69000244140625,134.74000549316406,131.72000122070312,134.0800018310547,99116600
