date,adjclose,close,high,low,open,volume
2015-01-02,14.203645706176758,17.899999618530273,18.030000686645508,17.68000030517578,17.989999771118164,48951100
2015-01-05,13.79102897644043,17.3799991607666,17.809999465942383,17.290000915527344,17.790000915527344,105605500
2015-01-06,13.378405570983888,16.860000610351562,17.440000534057617,16.780000686645508,17.420000076293945,144912400
2015-01-07,13.441884994506836,16.940000534057617,17.18000030517578,16.8700008392334,17.139999389648438,104603800
2015-01-08,13.719608306884766,17.290000915527344,17.34000015258789,17.100000381469727,17.15999984741211,73388500
2015-01-09,13.473624229431152,16.979999542236328,17.3799991607666,16.950000762939453,17.3799991607666,84144600
2015-01-12,13.235576629638672,16.68000030517578,17.030000686645508,16.65999984741211,17.020000457763672,92762500
2015-01-13,13.053071022033691,16.450000762939453,16.889999389648438,16.31999969482422,16.81999969482422,100845400
2015-01-14,12.727736473083496,16.040000915527344,16.219999313354492,15.770000457763672,16.0,164779800
2015-01-15,12.061190605163574,15.199999809265137,15.760000228881836,15.149999618530272,15.59000015258789,193241300
2015-01-16,12.204024314880373,15.380000114440918,15.399999618530272,14.970000267028809,15.15999984741211,149802000
2015-01-20,12.108807563781738,15.260000228881836,15.630000114440918,15.199999809265137,15.59000015258789,123402800
2015-01-21,12.227828979492188,15.40999984741211,15.56999969482422,15.149999618530272,15.279999732971191,101054200
2015-01-22,12.76740837097168,16.09000015258789,16.190000534057617,15.43000030517578,15.550000190734863,183042100
2015-01-23,12.481749534606934,15.729999542236328,16.190000534057617,15.729999542236328,16.040000915527344,103376900
2015-01-26,12.5769681930542,15.850000381469728,15.93000030517578,15.699999809265137,15.720000267028809,69969300
2015-01-27,12.402399063110352,15.630000114440918,15.789999961853027,15.479999542236328,15.550000190734863,86184200
2015-01-28,12.061190605163574,15.199999809265137,15.729999542236328,15.18000030517578,15.720000267028809,105359800
2015-01-29,12.243700981140137,15.43000030517578,15.489999771118164,15.199999809265137,15.3100004196167,76095800
2015-01-30,12.021517753601074,15.149999618530272,15.470000267028809,15.149999618530272,15.229999542236328,99844600
2015-02-02,12.267505645751951,15.460000038146973,15.489999771118164,15.119999885559082,15.270000457763672,101586700
2015-02-03,12.608709335327148,15.890000343322754,15.93000030517578,15.609999656677246,15.619999885559082,105159400
2015-02-04,12.529361724853516,15.789999961853027,16.0,15.75,15.789999961853027,83848100
2015-02-05,12.67219066619873,15.970000267028809,16.09000015258789,15.899999618530272,15.979999542236328,92264700
2015-02-06,13.084810256958008,16.489999771118164,16.75,16.219999313354492,16.299999237060547,160832300
2015-02-09,12.973716735839844,16.350000381469727,16.5,16.25,16.350000381469727,95532900
2015-02-10,13.029267311096191,16.420000076293945,16.6200008392334,16.350000381469727,16.559999465942383,100322800
2015-02-11,12.981654167175291,16.360000610351562,16.450000762939453,16.209999084472656,16.329999923706055,99924400
2015-02-12,13.227643966674805,16.670000076293945,16.729999542236328,16.3700008392334,16.40999984741211,116394100
2015-02-13,13.180027961730955,16.610000610351562,16.790000915527344,16.540000915527344,16.729999542236328,93632700
2015-02-17,13.195897102355955,16.6299991607666,16.68000030517578,16.3700008392334,16.520000457763672,93350600
2015-02-18,12.934043884277344,16.299999237060547,16.559999465942383,16.239999771118164,16.549999237060547,84057400
2015-02-19,12.862627983093262,16.209999084472656,16.3799991607666,16.079999923706055,16.209999084472656,83604300
2015-02-20,12.997523307800291,16.3799991607666,16.43000030517578,16.010000228881836,16.139999389648438,89763600
2015-02-23,12.854696273803713,16.200000762939453,16.31999969482422,16.100000381469727,16.31999969482422,87623700
2015-02-24,12.997523307800291,16.3799991607666,16.549999237060547,16.25,16.270000457763672,74109600
2015-02-25,13.084810256958008,16.489999771118164,16.5,16.31999969482422,16.3700008392334,57201000
2015-02-26,12.727736473083496,16.040000915527344,16.440000534057617,15.899999618530272,16.420000076293945,161100700
2015-02-27,12.545228958129885,15.8100004196167,15.880000114440918,15.619999885559082,15.779999732971191,130448200
2015-03-02,12.70393180847168,16.010000228881836,16.030000686645508,15.720000267028809,15.789999961853027,71402400
2015-03-03,12.727736473083496,16.040000915527344,16.149999618530273,15.960000038146973,16.030000686645508,65689800
2015-03-04,12.60833740234375,15.84000015258789,15.979999542236328,15.760000228881836,15.960000038146973,78441600
2015-03-05,12.73569393157959,16.0,16.030000686645508,15.75,15.920000076293944,69510000
2015-03-06,12.910809516906738,16.219999313354492,16.6200008392334,16.0,16.0,163207200
2015-03-09,12.871010780334473,16.170000076293945,16.329999923706055,16.1200008392334,16.309999465942383,72912700
2015-03-10,12.568538665771484,15.789999961853027,16.1299991607666,15.789999961853027,16.040000915527344,85633600
2015-03-11,12.82325267791748,16.110000610351562,16.15999984741211,15.869999885559082,15.920000076293944,85910100
2015-03-12,12.807332038879396,16.09000015258789,16.209999084472656,15.899999618530272,16.049999237060547,126376300
2015-03-13,12.807332038879396,16.09000015258789,16.149999618530273,15.9399995803833,16.079999923706055,88581900
2015-03-16,12.839170455932615,16.1299991607666,16.219999313354492,15.850000381469728,16.110000610351562,63406500
2015-03-17,12.807332038879396,16.09000015258789,16.1200008392334,15.960000038146973,16.06999969482422,67315000
2015-03-18,12.719775199890137,15.979999542236328,16.100000381469727,15.90999984741211,16.010000228881836,86387600
2015-03-19,12.425262451171877,15.609999656677246,15.970000267028809,15.609999656677246,15.960000038146973,109169200
2015-03-20,12.60833740234375,15.84000015258789,15.93000030517578,15.640000343322754,15.699999809265137,99867700
2015-03-23,12.512822151184082,15.720000267028809,15.880000114440918,15.720000267028809,15.81999969482422,73773500
2015-03-24,12.425262451171877,15.609999656677246,15.800000190734863,15.609999656677246,15.729999542236328,77011000
2015-03-25,12.266066551208496,15.40999984741211,15.649999618530272,15.399999618530272,15.630000114440918,88541500
2015-03-26,12.27402400970459,15.420000076293944,15.539999961853027,15.260000228881836,15.390000343322754,76741500
2015-03-27,12.186468124389648,15.3100004196167,15.489999771118164,15.270000457763672,15.479999542236328,73140800
2015-03-30,12.353625297546388,15.520000457763672,15.609999656677246,15.399999618530272,15.420000076293944,70835300
2015-03-31,12.25014591217041,15.390000343322754,15.520000457763672,15.380000114440918,15.5,61381700
2015-04-01,12.266066551208496,15.40999984741211,15.460000038146973,15.25,15.420000076293944,73153900
2015-04-02,12.369544982910156,15.539999961853027,15.619999885559082,15.43000030517578,15.43000030517578,50443500
2015-04-06,12.345664978027344,15.510000228881836,15.600000381469728,15.34000015258789,15.390000343322754,51189500
2015-04-07,12.305863380432127,15.460000038146973,15.649999618530272,15.449999809265137,15.529999732971191,50057800
2015-04-08,12.425262451171877,15.609999656677246,15.739999771118164,15.5,15.510000228881836,71732500
2015-04-09,12.504859924316406,15.710000038146973,15.760000228881836,15.529999732971191,15.630000114440918,44935600
2015-04-10,12.512822151184082,15.720000267028809,15.789999961853027,15.600000381469728,15.6899995803833,43817700
2015-04-13,12.576498031616213,15.800000190734863,15.859999656677246,15.739999771118164,15.779999732971191,49191200
2015-04-14,12.59241771697998,15.81999969482422,15.949999809265137,15.710000038146973,15.880000114440918,84385400
2015-04-15,12.449139595031738,15.640000343322754,15.850000381469728,15.59000015258789,15.699999809265137,124479100
2015-04-16,12.568538665771484,15.789999961853027,15.9399995803833,15.579999923706056,15.640000343322754,105591000
2015-04-17,12.385462760925291,15.5600004196167,15.75,15.5,15.710000038146973,88994300
2015-04-20,12.393426895141602,15.56999969482422,15.6899995803833,15.5600004196167,15.619999885559082,53649400
2015-04-21,12.337705612182615,15.5,15.640000343322754,15.43000030517578,15.600000381469728,64033100
2015-04-22,12.52873992919922,15.739999771118164,15.829999923706056,15.489999771118164,15.550000190734863,73092800
2015-04-23,12.488941192626951,15.6899995803833,15.800000190734863,15.68000030517578,15.720000267028809,50292200
2015-04-24,12.449139595031738,15.640000343322754,15.75,15.609999656677246,15.710000038146973,40766100
2015-04-27,12.385462760925291,15.5600004196167,15.760000228881836,15.5600004196167,15.630000114440918,73523400
2015-04-28,12.457100868225098,15.649999618530272,15.710000038146973,15.5,15.579999923706056,58080100
2015-04-29,12.719775199890137,15.979999542236328,16.040000915527344,15.56999969482422,15.600000381469728,134499400
2015-04-30,12.679974555969238,15.93000030517578,16.049999237060547,15.800000190734863,16.0,78313900
2015-05-01,12.82325267791748,16.110000610351562,16.149999618530273,15.920000076293944,16.0,78171400
2015-05-04,13.085926055908203,16.440000534057617,16.450000762939453,16.1200008392334,16.139999389648438,76592300
2015-05-05,13.014286994934082,16.350000381469727,16.610000610351562,16.329999923706055,16.420000076293945,106148700
2015-05-06,12.966529846191406,16.290000915527344,16.489999771118164,16.079999923706055,16.360000610351562,96426500
2015-05-07,12.926733016967772,16.239999771118164,16.329999923706055,16.09000015258789,16.229999542236328,73794800
2015-05-08,13.093887329101562,16.450000762939453,16.459999084472656,16.219999313354492,16.31999969482422,86333700
2015-05-11,13.125724792480469,16.489999771118164,16.59000015258789,16.43000030517578,16.450000762939453,56246000
2015-05-12,13.077966690063477,16.43000030517578,16.479999542236328,16.350000381469727,16.459999084472656,59627100
2015-05-13,13.1098051071167,16.469999313354492,16.520000457763672,16.360000610351562,16.440000534057617,47330600
2015-05-14,13.149602890014648,16.520000457763672,16.59000015258789,16.450000762939453,16.530000686645508,55395700
2015-05-15,13.014286994934082,16.350000381469727,16.520000457763672,16.299999237060547,16.520000457763672,54937800
2015-05-18,13.141646385192873,16.510000228881836,16.540000915527344,16.309999465942383,16.309999465942383,51059900
2015-05-19,13.348602294921877,16.770000457763672,16.780000686645508,16.579999923706055,16.59000015258789,89115500
2015-05-20,13.324719429016112,16.739999771118164,16.850000381469727,16.6299991607666,16.780000686645508,67684000
2015-05-21,13.316758155822754,16.729999542236328,16.75,16.559999465942383,16.709999084472656,52056600
2015-05-22,13.332676887512209,16.75,16.799999237060547,16.700000762939453,16.719999313354492,47032900
2015-05-26,13.13368797302246,16.5,16.729999542236328,16.43000030517578,16.729999542236328,100048200
2015-05-27,13.324719429016112,16.739999771118164,16.75,16.540000915527344,16.559999465942383,70026700
2015-05-28,13.269004821777344,16.670000076293945,16.729999542236328,16.579999923706055,16.719999313354492,60970000
2015-05-29,13.13368797302246,16.5,16.670000076293945,16.469999313354492,16.65999984741211,74266200
2015-06-01,13.173480033874512,16.549999237060547,16.639999389648438,16.469999313354492,16.579999923706055,62941600
2015-06-02,13.308798789978027,16.719999313354492,16.760000228881836,16.5,16.520000457763672,65513200
2015-06-03,13.516372680664062,16.93000030517578,17.020000457763672,16.670000076293945,16.670000076293945,89614900
2015-06-04,13.396625518798828,16.780000686645508,16.979999542236328,16.719999313354492,16.8700008392334,61025500
2015-06-05,13.723956108093262,17.190000534057617,17.350000381469727,16.969999313354492,17.040000915527344,119087400
2015-06-08,13.636131286621094,17.079999923706055,17.329999923706055,17.049999237060547,17.270000457763672,69749600
2015-06-09,13.819758415222168,17.309999465942383,17.350000381469727,17.0,17.049999237060547,82104900
2015-06-10,14.04329776763916,17.59000015258789,17.6200008392334,17.360000610351562,17.389999389648438,102643100
2015-06-11,13.963464736938477,17.489999771118164,17.68000030517578,17.440000534057617,17.6200008392334,77191500
2015-06-12,13.963464736938477,17.489999771118164,17.579999923706055,17.360000610351562,17.450000762939453,53149400
2015-06-15,13.94749641418457,17.469999313354492,17.5,17.25,17.329999923706055,68053400
2015-06-16,14.01136302947998,17.549999237060547,17.559999465942383,17.3700008392334,17.459999084472656,47291200
2015-06-17,13.867655754089355,17.3700008392334,17.600000381469727,17.299999237060547,17.59000015258789,88712100
2015-06-18,13.875643730163574,17.3799991607666,17.399999618530273,17.219999313354492,17.350000381469727,97599900
2015-06-19,13.707983016967772,17.170000076293945,17.389999389648438,17.1200008392334,17.280000686645508,83395400
2015-06-22,13.94749641418457,17.469999313354492,17.530000686645508,17.350000381469727,17.360000610351562,58477700
2015-06-23,14.107166290283203,17.670000076293945,17.719999313354492,17.559999465942383,17.559999465942383,63865700
2015-06-24,13.963464736938477,17.489999771118164,17.690000534057617,17.450000762939453,17.530000686645508,59079500
2015-06-25,13.867655754089355,17.3700008392334,17.6200008392334,17.350000381469727,17.56999969482422,59772200
2015-06-26,13.8995943069458,17.40999984741211,17.520000457763672,17.350000381469727,17.479999542236328,63080800
2015-06-29,13.484440803527832,16.889999389648438,17.25,16.860000610351562,17.1299991607666,98604200
2015-06-30,13.588231086730955,17.020000457763672,17.1299991607666,16.850000381469727,17.079999923706055,89039800
2015-07-01,13.747904777526855,17.219999313354492,17.309999465942383,17.09000015258789,17.25,62317400
2015-07-02,13.59621524810791,17.030000686645508,17.209999084472656,16.889999389648438,17.15999984741211,64736500
2015-07-06,13.52436065673828,16.940000534057617,17.010000228881836,16.709999084472656,16.780000686645508,58726900
2015-07-07,13.324772834777832,16.690000534057617,16.93000030517578,16.34000015258789,16.899999618530273,115450500
2015-07-08,12.973484992980955,16.25,16.5,16.219999313354492,16.420000076293945,83033000
2015-07-09,13.157109260559082,16.479999542236328,16.719999313354492,16.450000762939453,16.530000686645508,81534400
2015-07-10,13.33275318145752,16.700000762939453,16.84000015258789,16.65999984741211,16.799999237060547,72965300
2015-07-13,13.588231086730955,17.020000457763672,17.049999237060547,16.899999618530273,16.969999313354492,67934300
2015-07-14,13.676050186157228,17.1299991607666,17.149999618530273,16.860000610351562,16.93000030517578,69999800
2015-07-15,14.115148544311523,17.68000030517578,17.850000381469727,17.489999771118164,17.530000686645508,173099900
2015-07-16,14.330713272094728,17.950000762939453,18.06999969482422,17.860000610351562,17.90999984741211,117054300
2015-07-17,14.450465202331545,18.100000381469727,18.15999984741211,17.889999389648438,17.959999084472656,96894900
2015-07-20,14.466434478759766,18.1200008392334,18.229999542236328,18.07999992370605,18.14999961853028,71980100
2015-07-21,14.434499740600586,18.07999992370605,18.170000076293945,18.020000457763672,18.11000061035156,63732800
2015-07-22,14.729899406433104,18.450000762939453,18.479999542236328,18.030000686645508,18.030000686645508,110327000
2015-07-23,14.5143404006958,18.18000030517578,18.43000030517578,18.07999992370605,18.38999938964844,103650100
2015-07-24,14.290791511535645,17.899999618530273,18.229999542236328,17.84000015258789,18.18000030517578,86364300
2015-07-27,14.107166290283203,17.670000076293945,17.780000686645508,17.5,17.65999984741211,93231900
2015-07-28,14.27482795715332,17.8799991607666,17.889999389648438,17.600000381469727,17.790000915527344,82166800
2015-07-29,14.498370170593262,18.15999984741211,18.200000762939453,17.920000076293945,17.950000762939453,96388600
2015-07-30,14.474422454833984,18.1299991607666,18.290000915527344,18.049999237060547,18.200000762939453,65667900
2015-07-31,14.27482795715332,17.8799991607666,18.059999465942383,17.860000610351562,18.030000686645508,67176900
2015-08-03,14.187006950378418,17.770000457763672,17.969999313354492,17.639999389648438,17.90999984741211,62376800
2015-08-04,14.21095848083496,17.799999237060547,17.93000030517578,17.709999084472656,17.790000915527344,69741500
2015-08-05,14.266846656799316,17.8700008392334,18.049999237060547,17.799999237060547,17.93000030517578,65228600
2015-08-06,14.218938827514648,17.809999465942383,17.979999542236328,17.770000457763672,17.90999984741211,47594700
2015-08-07,14.171038627624512,17.75,18.06999969482422,17.600000381469727,17.920000076293945,71020700
2015-08-10,14.40257167816162,18.040000915527344,18.049999237060547,17.860000610351562,17.8700008392334,65791200
2015-08-11,14.202972412109377,17.790000915527344,17.969999313354492,17.719999313354492,17.850000381469727,65868600
2015-08-12,13.987419128417969,17.520000457763672,17.649999618530273,17.020000457763672,17.6200008392334,141600100
2015-08-13,14.06725788116455,17.6200008392334,17.690000534057617,17.440000534057617,17.559999465942383,67456200
2015-08-14,14.13111972808838,17.700000762939453,17.700000762939453,17.540000915527344,17.56999969482422,52710300
2015-08-17,14.187006950378418,17.770000457763672,17.809999465942383,17.559999465942383,17.610000610351562,42310000
2015-08-18,14.123138427734377,17.690000534057617,17.899999618530273,17.649999618530273,17.719999313354492,50360700
2015-08-19,13.9395112991333,17.459999084472656,17.690000534057617,17.440000534057617,17.549999237060547,78540500
2015-08-20,13.348718643188477,16.719999313354492,17.200000762939453,16.719999313354492,17.190000534057617,149185400
2015-08-21,12.853729248046877,16.100000381469727,16.65999984741211,16.100000381469727,16.200000762939453,148874300
2015-08-24,12.207049369812012,15.289999961853027,15.979999542236328,14.600000381469728,15.020000457763672,214649500
2015-08-25,12.18310260772705,15.260000228881836,16.200000762939453,15.25,16.200000762939453,194377000
2015-08-26,12.821794509887695,16.059999465942383,16.059999465942383,15.34000015258789,15.8100004196167,174208500
2015-08-27,13.125177383422852,16.440000534057617,16.450000762939453,16.09000015258789,16.3799991607666,124185400
2015-08-28,13.061306953430176,16.360000610351562,16.440000534057617,16.200000762939453,16.399999618530273,75899300
2015-08-31,13.045342445373535,16.34000015258789,16.3799991607666,16.18000030517578,16.329999923706055,66695200
2015-09-01,12.43857765197754,15.579999923706056,16.049999237060547,15.460000038146973,15.949999809265137,119064000
2015-09-02,12.694881439208984,15.850000381469728,15.859999656677246,15.56999969482422,15.81999969482422,74820400
2015-09-03,12.76696491241455,15.9399995803833,16.190000534057617,15.869999885559082,15.970000267028809,77175800
2015-09-04,12.53469181060791,15.649999618530272,15.859999656677246,15.5,15.789999961853027,104539500
2015-09-08,12.943174362182615,16.15999984741211,16.15999984741211,15.899999618530272,15.960000038146973,73960200
2015-09-09,12.734926223754885,15.899999618530272,16.459999084472656,15.829999923706056,16.3700008392334,70466100
2015-09-10,12.847060203552246,16.040000915527344,16.110000610351562,15.8100004196167,15.869999885559082,71110200
2015-09-11,12.847060203552246,16.040000915527344,16.059999465942383,15.899999618530272,15.989999771118164,54287700
2015-09-14,12.782983779907228,15.960000038146973,16.06999969482422,15.899999618530272,15.970000267028809,50640900
2015-09-15,13.063309669494627,16.309999465942383,16.389999389648438,16.010000228881836,16.040000915527344,62327100
2015-09-16,13.07932949066162,16.329999923706055,16.389999389648438,16.09000015258789,16.350000381469727,83776400
2015-09-17,12.702887535095217,15.859999656677246,16.479999542236328,15.779999732971191,16.290000915527344,119088200
2015-09-18,12.462607383728027,15.5600004196167,15.710000038146973,15.5,15.68000030517578,136531200
2015-09-21,12.574739456176758,15.699999809265137,15.75,15.56999969482422,15.670000076293944,79096200
2015-09-22,12.470616340637209,15.56999969482422,15.579999923706056,15.449999809265137,15.489999771118164,92235200
2015-09-23,12.590760231018066,15.720000267028809,15.850000381469728,15.579999923706056,15.600000381469728,78117500
2015-09-24,12.454594612121582,15.550000190734863,15.619999885559082,15.399999618530272,15.539999961853027,99520100
2015-09-25,12.726916313171388,15.890000343322754,16.020000457763672,15.8100004196167,15.880000114440918,88655000
2015-09-28,12.39052391052246,15.470000267028809,15.81999969482422,15.380000114440918,15.789999961853027,91324300
2015-09-29,12.294411659240724,15.350000381469728,15.529999732971191,15.25,15.5,79829400
2015-09-30,12.478626251220703,15.579999923706056,15.600000381469728,15.31999969482422,15.550000190734863,71347100
2015-10-01,12.454594612121582,15.550000190734863,15.640000343322754,15.359999656677246,15.520000457763672,71516800
2015-10-02,12.318437576293944,15.380000114440918,15.380000114440918,14.630000114440918,15.079999923706056,181838400
2015-10-05,12.566730499267578,15.6899995803833,15.789999961853027,15.4399995803833,15.449999809265137,75315300
2015-10-06,12.566730499267578,15.6899995803833,15.81999969482422,15.56999969482422,15.68000030517578,67473700
2015-10-07,12.614784240722656,15.75,15.93000030517578,15.56999969482422,15.779999732971191,66655600
2015-10-08,12.614784240722656,15.75,15.779999732971191,15.510000228881836,15.720000267028809,79056900
2015-10-09,12.478626251220703,15.579999923706056,15.81999969482422,15.5,15.75,76667100
2015-10-12,12.430570602416992,15.520000457763672,15.619999885559082,15.43000030517578,15.600000381469728,50725800
2015-10-13,12.430570602416992,15.520000457763672,15.59000015258789,15.399999618530272,15.449999809265137,73689800
2015-10-14,12.52668285369873,15.640000343322754,15.920000076293944,15.550000190734863,15.770000457763672,122272400
2015-10-15,12.967204093933104,16.190000534057617,16.280000686645508,15.720000267028809,15.8100004196167,127028800
2015-10-16,12.9111328125,16.1200008392334,16.290000915527344,16.030000686645508,16.290000915527344,66989500
2015-10-19,12.927153587341309,16.139999389648438,16.209999084472656,15.979999542236328,16.0,62953500
2015-10-20,12.975208282470703,16.200000762939453,16.290000915527344,16.100000381469727,16.15999984741211,50797800
2015-10-21,12.734926223754885,15.899999618530272,16.290000915527344,15.899999618530272,16.260000228881836,64440400
2015-10-22,12.943174362182615,16.15999984741211,16.200000762939453,16.0,16.0,74116600
2015-10-23,13.231508255004885,16.520000457763672,16.549999237060547,16.25,16.290000915527344,82285800
2015-10-26,13.223501205444336,16.510000228881836,16.549999237060547,16.34000015258789,16.520000457763672,67702800
2015-10-27,13.13539695739746,16.399999618530273,16.469999313354492,16.299999237060547,16.399999618530273,56159300
2015-10-28,13.840219497680664,17.280000686645508,17.309999465942383,16.450000762939453,16.450000762939453,147720100
2015-10-29,13.688043594360352,17.09000015258789,17.440000534057617,16.969999313354492,17.15999984741211,95542300
2015-10-30,13.439752578735352,16.780000686645508,17.18000030517578,16.760000228881836,17.18000030517578,87645800
2015-11-02,13.66401195526123,17.059999465942383,17.139999389648438,16.8700008392334,16.899999618530273,56948200
2015-11-03,13.760133743286133,17.18000030517578,17.260000228881836,16.989999771118164,17.010000228881836,66127100
2015-11-04,13.623969078063965,17.010000228881836,17.309999465942383,16.959999084472656,17.299999237060547,78728400
2015-11-05,13.864250183105469,17.309999465942383,17.3700008392334,17.030000686645508,17.030000686645508,85505500
2015-11-06,14.376853942871094,17.950000762939453,18.09000015258789,17.760000228881836,17.84000015258789,158037500
2015-11-09,14.16059112548828,17.68000030517578,18.07999992370605,17.559999465942383,18.030000686645508,129920700
2015-11-10,14.296758651733398,17.850000381469727,17.940000534057617,17.559999465942383,17.6299991607666,59905800
2015-11-11,14.216660499572754,17.75,17.989999771118164,17.68000030517578,17.989999771118164,59235000
2015-11-12,13.912307739257812,17.3700008392334,17.6299991607666,17.350000381469727,17.579999923706055,77850900
2015-11-13,13.776148796081545,17.200000762939453,17.309999465942383,17.09000015258789,17.1299991607666,103574900
2015-11-16,13.960366249084473,17.43000030517578,17.459999084472656,17.010000228881836,17.1299991607666,70384300
2015-11-17,13.95235538482666,17.420000076293945,17.600000381469727,17.34000015258789,17.5,70488600
2015-11-18,14.288750648498535,17.84000015258789,17.8700008392334,17.43000030517578,17.43000030517578,85708300
2015-11-19,14.168608665466309,17.690000534057617,17.850000381469727,17.6200008392334,17.780000686645508,51829700
2015-11-20,14.136571884155272,17.649999618530273,17.829999923706055,17.59000015258789,17.809999465942383,56288300
2015-11-23,13.992402076721191,17.469999313354492,17.729999542236328,17.459999084472656,17.6200008392334,50362900
2015-11-24,13.992402076721191,17.469999313354492,17.56999969482422,17.25,17.260000228881836,58724200
2015-11-25,13.968371391296388,17.440000534057617,17.56999969482422,17.40999984741211,17.510000228881836,34939000
2015-11-27,14.000411033630373,17.479999542236328,17.5,17.329999923706055,17.459999084472656,22937500
2015-11-30,13.960366249084473,17.43000030517578,17.579999923706055,17.420000076293945,17.479999542236328,61893700
2015-12-01,14.264719009399414,17.809999465942383,17.809999465942383,17.479999542236328,17.520000457763672,74351800
2015-12-02,14.15227508544922,17.6200008392334,17.889999389648438,17.549999237060547,17.8799991607666,76919000
2015-12-03,13.89525318145752,17.299999237060547,17.770000457763672,17.25,17.68000030517578,95810100
2015-12-04,14.296847343444824,17.799999237060547,17.829999923706055,17.3799991607666,17.440000534057617,103021700
2015-12-07,14.08801555633545,17.540000915527344,17.799999237060547,17.440000534057617,17.790000915527344,81633300
2015-12-08,13.80690574645996,17.190000534057617,17.459999084472656,17.1299991607666,17.389999389648438,84873500
2015-12-09,13.73461627960205,17.100000381469727,17.3799991607666,16.8700008392334,17.110000610351562,82418100
2015-12-10,13.814934730529783,17.200000762939453,17.40999984741211,16.959999084472656,17.149999618530273,68395000
2015-12-11,13.437430381774902,16.729999542236328,17.059999465942383,16.639999389648438,16.969999313354492,91503900
2015-12-14,13.493656158447266,16.799999237060547,16.889999389648438,16.5,16.760000228881836,121121200
2015-12-15,13.991637229919434,17.420000076293945,17.489999771118164,16.989999771118164,17.020000457763672,99737200
2015-12-16,14.256685256958008,17.75,17.780000686645508,17.229999542236328,17.649999618530273,171576700
2015-12-17,13.89525318145752,17.299999237060547,17.829999923706055,17.299999237060547,17.799999237060547,97265700
2015-12-18,13.46153163909912,16.760000228881836,17.270000457763672,16.760000228881836,17.190000534057617,136737800
2015-12-21,13.6301908493042,16.969999313354492,17.030000686645508,16.770000457763672,16.979999542236328,65150300
2015-12-22,13.718549728393556,17.079999923706055,17.110000610351562,16.850000381469727,17.049999237060547,56173500
2015-12-23,13.927379608154297,17.34000015258789,17.34000015258789,17.100000381469727,17.15999984741211,65770700
2015-12-24,13.871155738830566,17.270000457763672,17.3799991607666,17.219999313354492,17.31999969482422,29369400
2015-12-28,13.758707046508787,17.1299991607666,17.229999542236328,16.979999542236328,17.219999313354492,41777500
2015-12-29,13.87918758392334,17.280000686645508,17.350000381469727,17.15999984741211,17.25,45670400
2015-12-30,13.694451332092283,17.049999237060547,17.239999771118164,17.040000915527344,17.200000762939453,35066400
2015-12-31,13.51775074005127,16.829999923706055,17.06999969482422,16.829999923706055,17.010000228881836,47153000
2016-01-04,13.196474075317385,16.43000030517578,16.489999771118164,16.25,16.450000762939453,114888000
2016-01-05,13.196474075317385,16.43000030517578,16.59000015258789,16.229999542236328,16.520000457763672,66670000
2016-01-06,12.915359497070312,16.079999923706055,16.290000915527344,16.020000457763672,16.190000534057617,102760800
2016-01-07,12.449501991271973,15.5,15.899999618530272,15.4399995803833,15.729999542236328,116255900
2016-01-08,12.20854377746582,15.199999809265137,15.9399995803833,15.15999984741211,15.9399995803833,124782400
2016-01-11,12.29689598083496,15.3100004196167,15.369999885559082,14.9399995803833,15.260000228881836,104611700
2016-01-12,12.29689598083496,15.3100004196167,15.579999923706056,15.0600004196167,15.539999961853027,100023500
2016-01-13,11.9675874710083,14.899999618530272,15.520000457763672,14.850000381469728,15.470000267028809,119413000
2016-01-14,12.03986930847168,14.989999771118164,15.199999809265137,14.649999618530272,15.010000228881836,125920000
2016-01-15,11.614179611206056,14.460000038146973,14.65999984741211,14.130000114440918,14.40999984741211,172296100
2016-01-19,11.437478065490724,14.239999771118164,14.789999961853027,14.010000228881836,14.6899995803833,185727400
2016-01-20,10.995721817016602,13.6899995803833,14.0,13.270000457763672,13.789999961853027,250537600
2016-01-21,10.730668067932127,13.359999656677246,13.84000015258789,13.25,13.670000076293944,188976000
2016-01-22,10.89130401611328,13.5600004196167,13.720000267028809,13.470000267028809,13.649999618530272,169999800
2016-01-25,10.409390449523926,12.960000038146973,13.550000190734863,12.9399995803833,13.539999961853027,186419100
2016-01-26,10.690506935119627,13.3100004196167,13.350000381469728,13.039999961853027,13.06999969482422,124246900
2016-01-27,10.730668067932127,13.359999656677246,13.729999542236328,13.1899995803833,13.199999809265137,124095800
2016-01-28,10.86720848083496,13.529999732971191,13.710000038146973,13.260000228881836,13.59000015258789,110996200
2016-01-29,11.357159614562988,14.140000343322754,14.149999618530272,13.59000015258789,13.65999984741211,159984100
2016-02-01,11.212579727172852,13.960000038146973,14.09000015258789,13.800000190734863,14.050000190734863,105739400
2016-02-02,10.626251220703123,13.229999542236328,13.75,13.130000114440918,13.739999771118164,147101200
2016-02-03,10.46561336517334,13.029999732971191,13.289999961853027,12.520000457763672,13.279999732971191,257664600
2016-02-04,10.642314910888672,13.25,13.59000015258789,12.890000343322754,12.890000343322754,179394400
2016-02-05,10.401358604431152,12.949999809265137,13.390000343322754,12.890000343322754,13.31999969482422,125842800
2016-02-08,9.855186462402344,12.270000457763672,12.699999809265137,12.130000114440918,12.670000076293944,221363600
2016-02-09,9.798962593078612,12.199999809265137,12.43000030517578,11.960000038146973,11.989999771118164,247349000
2016-02-10,9.622262001037598,11.979999542236328,12.539999961853027,11.90999984741211,12.420000076293944,227530000
2016-02-11,8.963640213012695,11.15999984741211,11.550000190734863,10.989999771118164,11.460000038146973,375088700
2016-02-12,9.59816551208496,11.949999809265137,12.029999732971191,11.399999618530272,11.479999542236328,245388400
2016-02-16,9.839122772216797,12.25,12.390000343322754,12.109999656677246,12.380000114440918,194306700
2016-02-17,10.088112831115724,12.5600004196167,12.6899995803833,12.470000267028809,12.56999969482422,221859400
2016-02-18,9.831088066101074,12.239999771118164,12.739999771118164,12.100000381469728,12.710000038146973,161539400
2016-02-19,9.742741584777832,12.130000114440918,12.239999771118164,11.979999542236328,12.220000267028809,121045600
2016-02-22,10.072050094604492,12.539999961853027,12.539999961853027,12.130000114440918,12.130000114440918,88865500
2016-02-23,9.766834259033203,12.15999984741211,12.479999542236328,12.100000381469728,12.470000267028809,104498700
2016-02-24,9.742741584777832,12.130000114440918,12.149999618530272,11.649999618530272,11.960000038146973,159552800
2016-02-25,9.895347595214844,12.31999969482422,12.329999923706056,12.09000015258789,12.140000343322754,103054600
2016-02-26,10.2005615234375,12.699999809265137,12.949999809265137,12.399999618530272,12.489999771118164,160314400
2016-02-29,10.055987358093262,12.520000457763672,12.859999656677246,12.510000228881836,12.699999809265137,123661100
2016-03-01,10.594124794006348,13.1899995803833,13.210000038146973,12.619999885559082,12.640000343322754,153558200
2016-03-02,10.811813354492188,13.40999984741211,13.510000228881836,13.130000114440918,13.199999809265137,139622500
2016-03-03,10.88437271118164,13.5,13.550000190734863,13.25,13.380000114440918,105082700
2016-03-04,10.916625022888184,13.539999961853027,13.890000343322754,13.489999771118164,13.760000228881836,171410900
2016-03-07,10.90855884552002,13.529999732971191,13.619999885559082,13.369999885559082,13.449999809265137,97650300
2016-03-08,10.52962589263916,13.0600004196167,13.470000267028809,13.050000190734863,13.399999618530272,125894800
2016-03-09,10.594125747680664,13.140000343322754,13.270000457763672,13.0,13.170000076293944,92253800
2016-03-10,10.69894027709961,13.270000457763672,13.399999618530272,13.0,13.229999542236328,123016200
2016-03-11,11.11818790435791,13.789999961853027,13.84000015258789,13.369999885559082,13.4399995803833,120400600
2016-03-14,10.9972505569458,13.640000343322754,13.739999771118164,13.489999771118164,13.720000267028809,87746800
2016-03-15,10.94080924987793,13.56999969482422,13.600000381469728,13.390000343322754,13.510000228881836,80404000
2016-03-16,10.731186866760254,13.3100004196167,13.8100004196167,13.09000015258789,13.510000228881836,149645400
2016-03-17,10.803750991821287,13.399999618530272,13.479999542236328,13.050000190734863,13.220000267028809,122212300
2016-03-18,11.11818790435791,13.789999961853027,13.880000114440918,13.550000190734863,13.68000030517578,146616200
2016-03-21,11.15850067138672,13.84000015258789,14.029999732971191,13.720000267028809,13.800000190734863,104695700
2016-03-22,11.093999862670898,13.760000228881836,13.84000015258789,13.630000114440918,13.670000076293944,83252100
2016-03-23,10.981123924255373,13.619999885559082,13.829999923706056,13.600000381469728,13.770000457763672,95789700
2016-03-24,11.029499053955078,13.68000030517578,13.6899995803833,13.270000457763672,13.40999984741211,94836500
2016-03-28,10.981123924255373,13.619999885559082,13.739999771118164,13.539999961853027,13.729999542236328,54498500
2016-03-29,10.819872856140137,13.420000076293944,13.539999961853027,13.260000228881836,13.539999961853027,101606800
2016-03-30,10.868247032165527,13.479999542236328,13.65999984741211,13.460000038146973,13.489999771118164,85897000
2016-03-31,10.900500297546388,13.520000457763672,13.710000038146973,13.449999809265137,13.489999771118164,79592100
2016-04-01,10.93274974822998,13.5600004196167,13.649999618530272,13.31999969482422,13.470000267028809,73130900
2016-04-04,10.892436981201172,13.510000228881836,13.649999618530272,13.40999984741211,13.539999961853027,59709600
2016-04-05,10.634435653686523,13.1899995803833,13.34000015258789,13.15999984741211,13.300000190734863,78445900
2016-04-06,10.69894027709961,13.270000457763672,13.300000190734863,13.109999656677246,13.199999809265137,62558500
2016-04-07,10.360313415527344,12.850000381469728,13.210000038146973,12.75,13.149999618530272,105704500
2016-04-08,10.384501457214355,12.880000114440918,13.140000343322754,12.859999656677246,13.029999732971191,76548100
2016-04-11,10.457060813903809,12.970000267028809,13.09000015258789,12.880000114440918,12.920000076293944,79411500
2016-04-12,10.69894027709961,13.270000457763672,13.329999923706056,12.93000030517578,13.0,100791600
2016-04-13,11.11818790435791,13.789999961853027,13.850000381469728,13.529999732971191,13.550000190734863,138647200
2016-04-14,11.40037727355957,14.140000343322754,14.279999732971191,13.699999809265137,13.710000038146973,179383300
2016-04-15,11.28749942779541,14.0,14.289999961853027,13.949999809265137,14.270000457763672,87958700
2016-04-18,11.424562454223633,14.170000076293944,14.239999771118164,13.81999969482422,13.850000381469728,81998200
2016-04-19,11.650313377380373,14.449999809265137,14.539999961853027,14.239999771118164,14.260000228881836,107153600
2016-04-20,12.037311553955078,14.93000030517578,14.9399995803833,14.529999732971191,14.5600004196167,115628700
2016-04-21,12.0131254196167,14.899999618530272,15.140000343322754,14.75,14.93000030517578,121589000
2016-04-22,12.1824369430542,15.109999656677246,15.140000343322754,14.869999885559082,14.869999885559082,83456600
2016-04-25,12.06150245666504,14.960000038146973,15.140000343322754,14.8100004196167,15.020000457763672,70489500
2016-04-26,12.166314125061035,15.09000015258789,15.140000343322754,14.800000190734863,15.020000457763672,84812400
2016-04-27,12.10987663269043,15.020000457763672,15.300000190734863,14.979999542236328,15.020000457763672,115789000
2016-04-28,11.924437522888184,14.789999961853027,15.079999923706056,14.760000228881836,14.920000076293944,78639300
2016-04-29,11.738998413085938,14.5600004196167,14.850000381469728,14.43000030517578,14.729999542236328,122128100
2016-05-02,11.908312797546388,14.770000457763672,14.779999732971191,14.399999618530272,14.579999923706056,68882800
2016-05-03,11.57774829864502,14.359999656677246,14.510000228881836,14.149999618530272,14.510000228881836,110549000
2016-05-04,11.392309188842772,14.130000114440918,14.270000457763672,14.0,14.09000015258789,99269700
2016-05-05,11.327813148498535,14.050000190734863,14.31999969482422,14.0,14.149999618530272,73145900
2016-05-06,11.37618923187256,14.109999656677246,14.140000343322754,13.800000190734863,13.829999923706056,76595100
2016-05-09,11.279433250427246,13.989999771118164,14.1899995803833,13.90999984741211,14.079999923706056,55399600
2016-05-10,11.529375076293944,14.300000190734863,14.329999923706056,14.050000190734863,14.079999923706056,59870500
2016-05-11,11.448747634887695,14.199999809265137,14.5,14.1899995803833,14.25,68088900
2016-05-12,11.40037727355957,14.140000343322754,14.470000267028809,14.050000190734863,14.300000190734863,72567100
2016-05-13,11.190751075744627,13.880000114440918,14.369999885559082,13.869999885559082,14.149999618530272,86193900
2016-05-16,11.231060028076172,13.93000030517578,14.020000457763672,13.800000190734863,13.81999969482422,57848600
2016-05-17,11.295564651489258,14.010000228881836,14.130000114440918,13.81999969482422,13.890000343322754,76273800
2016-05-18,11.843810081481934,14.6899995803833,14.75,14.010000228881836,14.020000457763672,150748500
2016-05-19,11.714813232421877,14.529999732971191,14.869999885559082,14.43000030517578,14.600000381469728,106156900
2016-05-20,11.706751823425291,14.520000457763672,14.699999809265137,14.43000030517578,14.640000343322754,81214000
2016-05-23,11.666438102722168,14.470000267028809,14.600000381469728,14.399999618530272,14.539999961853027,66303200
2016-05-24,11.835750579833984,14.68000030517578,14.75,14.529999732971191,14.600000381469728,96183700
2016-05-25,12.029253005981444,14.920000076293944,15.149999618530272,14.829999923706056,14.829999923706056,123498700
2016-05-26,11.85187530517578,14.699999809265137,14.989999771118164,14.6899995803833,14.979999542236328,65356600
2016-05-27,11.997000694274902,14.880000114440918,14.880000114440918,14.6899995803833,14.760000228881836,62411300
2016-05-31,11.924437522888184,14.789999961853027,15.050000190734863,14.729999542236328,15.029999732971191,85635900
2016-06-01,12.021512985229492,14.859999656677246,14.899999618530272,14.449999809265137,14.600000381469728,62612100
2016-06-02,12.08623504638672,14.9399995803833,14.979999542236328,14.770000457763672,14.949999809265137,64327300
2016-06-03,11.66556167602539,14.420000076293944,14.5,14.1899995803833,14.460000038146973,148600900
2016-06-06,11.7464599609375,14.520000457763672,14.699999809265137,14.369999885559082,14.4399995803833,80949300
2016-06-07,11.60893440246582,14.350000381469728,14.600000381469728,14.34000015258789,14.539999961853027,67447100
2016-06-08,11.673651695251465,14.43000030517578,14.460000038146973,14.300000190734863,14.350000381469728,58292900
2016-06-09,11.479493141174316,14.1899995803833,14.31999969482422,14.079999923706056,14.31999969482422,74814900
2016-06-10,11.188260078430176,13.829999923706056,14.0,13.75,13.979999542236328,90725700
2016-06-13,11.002198219299316,13.600000381469728,13.90999984741211,13.579999923706056,13.640000343322754,71925000
2016-06-14,10.72714138031006,13.260000228881836,13.729999542236328,13.170000076293944,13.5600004196167,85377800
2016-06-15,10.79185962677002,13.34000015258789,13.65999984741211,13.279999732971191,13.380000114440918,100659100
2016-06-16,10.76759147644043,13.3100004196167,13.329999923706056,13.020000457763672,13.229999542236328,90152000
2016-06-17,10.840399742126465,13.399999618530272,13.529999732971191,13.279999732971191,13.380000114440918,89022300
2016-06-20,10.953654289245604,13.539999961853027,13.850000381469728,13.510000228881836,13.739999771118164,89874000
2016-06-21,11.0183744430542,13.619999885559082,13.649999618530272,13.449999809265137,13.619999885559082,73810800
2016-06-22,11.010283470153809,13.609999656677246,13.779999732971191,13.59000015258789,13.600000381469728,77980500
2016-06-23,11.358149528503418,14.039999961853027,14.050000190734863,13.81999969482422,13.84000015258789,82494600
2016-06-24,10.516800880432127,13.0,13.4399995803833,12.970000267028809,13.050000190734863,231499200
2016-06-27,9.853435516357422,12.18000030517578,12.770000457763672,12.050000190734863,12.770000457763672,250847700
2016-06-28,10.274107933044434,12.699999809265137,12.720000267028809,12.350000381469728,12.56999969482422,150136300
2016-06-29,10.670509338378906,13.1899995803833,13.220000267028809,12.920000076293944,13.06999969482422,118484000
2016-06-30,10.735230445861816,13.270000457763672,13.380000114440918,13.06999969482422,13.369999885559082,125773900
2016-07-01,10.597701072692873,13.100000381469728,13.270000457763672,13.020000457763672,13.1899995803833,88888100
2016-07-05,10.30647087097168,12.739999771118164,12.9399995803833,12.630000114440918,12.93000030517578,98246500
2016-07-06,10.403545379638672,12.859999656677246,12.920000076293944,12.449999809265137,12.520000457763672,94983300
2016-07-07,10.524892807006836,13.010000228881836,13.109999656677246,12.84000015258789,12.869999885559082,101100300
2016-07-08,10.65433120727539,13.170000076293944,13.31999969482422,13.109999656677246,13.279999732971191,92698900
2016-07-11,10.686692237854004,13.210000038146973,13.399999618530272,13.199999809265137,13.289999961853027,67267300
2016-07-12,10.953654289245604,13.539999961853027,13.600000381469728,13.399999618530272,13.40999984741211,89070600
2016-07-13,10.872756004333496,13.4399995803833,13.579999923706056,13.31999969482422,13.5,74595600
2016-07-14,11.042643547058104,13.649999618530272,13.779999732971191,13.640000343322754,13.729999542236328,97852100
2016-07-15,11.050731658935549,13.65999984741211,13.789999961853027,13.520000457763672,13.779999732971191,78652500
2016-07-18,11.414777755737305,14.109999656677246,14.229999542236328,13.81999969482422,13.84000015258789,187187100
2016-07-19,11.536125183105469,14.260000228881836,14.369999885559082,14.029999732971191,14.0600004196167,96940100
2016-07-20,11.64937973022461,14.399999618530272,14.43000030517578,14.260000228881836,14.350000381469728,79277900
2016-07-21,11.54421615600586,14.270000457763672,14.470000267028809,14.260000228881836,14.43000030517578,65376300
2016-07-22,11.633201599121094,14.380000114440918,14.399999618530272,14.18000030517578,14.260000228881836,46604800
2016-07-25,11.625114440917969,14.369999885559082,14.390000343322754,14.279999732971191,14.3100004196167,46420800
2016-07-26,11.754551887512209,14.529999732971191,14.550000190734863,14.3100004196167,14.31999969482422,60205600
2016-07-27,11.835447311401367,14.630000114440918,14.699999809265137,14.449999809265137,14.56999969482422,100986000
2016-07-28,11.875899314880373,14.68000030517578,14.6899995803833,14.460000038146973,14.56999969482422,72049500
2016-07-29,11.722190856933594,14.489999771118164,14.699999809265137,14.479999542236328,14.5600004196167,63276500
2016-08-01,11.592751502990724,14.329999923706056,14.600000381469728,14.260000228881836,14.520000457763672,61460900
2016-08-02,11.430952072143556,14.130000114440918,14.449999809265137,14.09000015258789,14.279999732971191,83776300
2016-08-03,11.714099884033203,14.479999542236328,14.479999542236328,14.100000381469728,14.109999656677246,65305400
2016-08-04,11.714099884033203,14.479999542236328,14.539999961853027,14.359999656677246,14.479999542236328,46176600
2016-08-05,12.175223350524902,15.050000190734863,15.0600004196167,14.75,14.75,120947800
2016-08-08,12.239943504333496,15.130000114440918,15.170000076293944,14.920000076293944,15.079999923706056,71960300
2016-08-09,12.288479804992676,15.1899995803833,15.1899995803833,15.06999969482422,15.109999656677246,49973300
2016-08-10,11.98106575012207,14.8100004196167,15.18000030517578,14.779999732971191,15.15999984741211,79080700
2016-08-11,12.037694931030272,14.880000114440918,14.970000267028809,14.75,14.829999923706056,68945400
2016-08-12,12.06196403503418,14.90999984741211,14.90999984741211,14.699999809265137,14.770000457763672,63031300
2016-08-15,12.150952339172363,15.020000457763672,15.029999732971191,14.949999809265137,14.970000267028809,48592100
2016-08-16,12.272298812866213,15.170000076293944,15.1899995803833,14.93000030517578,14.970000267028809,80307500
2016-08-17,12.256121635437012,15.149999618530272,15.239999771118164,15.079999923706056,15.15999984741211,93407300
2016-08-18,12.26421070098877,15.15999984741211,15.239999771118164,15.0600004196167,15.109999656677246,62804300
2016-08-19,12.312749862670898,15.220000267028809,15.25,15.050000190734863,15.130000114440918,59834800
2016-08-22,12.280389785766602,15.18000030517578,15.25,15.119999885559082,15.199999809265137,60877100
2016-08-23,12.417920112609863,15.350000381469728,15.40999984741211,15.260000228881836,15.260000228881836,67817900
2016-08-24,12.458366394042969,15.399999618530272,15.5,15.359999656677246,15.369999885559082,65484900
2016-08-25,12.563533782958984,15.529999732971191,15.539999961853027,15.399999618530272,15.420000076293944,67714400
2016-08-26,12.773871421813965,15.789999961853027,15.899999618530272,15.579999923706056,15.609999656677246,126886300
2016-08-29,12.814321517944336,15.84000015258789,16.010000228881836,15.779999732971191,15.8100004196167,120144900
2016-08-30,13.097469329833984,16.190000534057617,16.229999542236328,15.800000190734863,15.84000015258789,121280600
2016-08-31,13.117782592773438,16.139999389648438,16.239999771118164,15.880000114440918,16.209999084472656,127664300
2016-09-01,12.98774242401123,15.979999542236328,16.149999618530273,15.75,16.149999618530273,128812600
2016-09-02,13.003998756408691,16.0,16.059999465942383,15.81999969482422,15.9399995803833,100997300
2016-09-06,12.825194358825684,15.779999732971191,16.059999465942383,15.699999809265137,16.049999237060547,96542200
2016-09-07,12.760173797607422,15.699999809265137,15.850000381469728,15.649999618530272,15.720000267028809,63310300
2016-09-08,12.890212059020996,15.859999656677246,15.9399995803833,15.68000030517578,15.770000457763672,69292700
2016-09-09,12.792681694030762,15.739999771118164,16.149999618530273,15.739999771118164,15.90999984741211,135182500
2016-09-12,12.922723770141602,15.899999618530272,15.9399995803833,15.479999542236328,15.649999618530272,109724000
2016-09-13,12.776430130004885,15.720000267028809,15.859999656677246,15.550000190734863,15.670000076293944,89317600
2016-09-14,12.70328140258789,15.630000114440918,15.84000015258789,15.5600004196167,15.670000076293944,75528100
2016-09-15,12.735791206359863,15.670000076293944,15.75,15.579999923706056,15.640000343322754,67322600
2016-09-16,12.589495658874512,15.489999771118164,15.68000030517578,15.479999542236328,15.65999984741211,90926200
2016-09-19,12.670771598815918,15.59000015258789,15.779999732971191,15.550000190734863,15.550000190734863,66186400
2016-09-20,12.678897857666016,15.600000381469728,15.760000228881836,15.510000228881836,15.739999771118164,68210400
2016-09-21,12.719536781311035,15.649999618530272,15.829999923706056,15.390000343322754,15.710000038146973,95464600
2016-09-22,12.678897857666016,15.600000381469728,15.710000038146973,15.5,15.6899995803833,75611300
2016-09-23,12.61388111114502,15.520000457763672,15.670000076293944,15.5,15.529999732971191,51604400
2016-09-26,12.264398574829102,15.09000015258789,15.4399995803833,15.020000457763672,15.399999618530272,94972100
2016-09-27,12.426944732666016,15.289999961853027,15.34000015258789,14.8100004196167,15.010000228881836,81992600
2016-09-28,12.500092506408691,15.380000114440918,15.390000343322754,15.149999618530272,15.359999656677246,66076400
2016-09-29,12.321287155151367,15.15999984741211,15.5,15.0600004196167,15.380000114440918,78997700
2016-09-30,12.719536781311035,15.649999618530272,15.729999542236328,15.170000076293944,15.260000228881836,119428700
2016-10-03,12.70328140258789,15.630000114440918,15.729999542236328,15.5,15.59000015258789,69873100
2016-10-04,12.84145450592041,15.800000190734863,16.049999237060547,15.670000076293944,15.699999809265137,98501500
2016-10-05,13.093402862548828,16.110000610351562,16.229999542236328,15.960000038146973,15.960000038146973,86056900
2016-10-06,13.1828031539917,16.219999313354492,16.229999542236328,16.040000915527344,16.170000076293945,75886700
2016-10-07,13.10965633392334,16.1299991607666,16.25,15.979999542236328,16.190000534057617,99605400
2016-10-10,13.247822761535645,16.299999237060547,16.399999618530273,16.18000030517578,16.219999313354492,64158500
2016-10-11,13.093402862548828,16.110000610351562,16.329999923706055,16.020000457763672,16.260000228881836,77374000
2016-10-12,13.028382301330566,16.030000686645508,16.239999771118164,16.010000228881836,16.09000015258789,67165800
2016-10-13,12.865832328796388,15.829999923706056,16.09000015258789,15.600000381469728,16.09000015258789,78637000
2016-10-14,13.003998756408691,16.0,16.229999542236328,15.9399995803833,16.149999618530273,108865700
2016-10-17,13.044635772705078,16.049999237060547,16.200000762939453,15.899999618530272,16.170000076293945,101795500
2016-10-18,13.215314865112305,16.260000228881836,16.270000457763672,16.110000610351562,16.190000534057617,71433100
2016-10-19,13.385992050170898,16.469999313354492,16.530000686645508,16.280000686645508,16.299999237060547,97969000
2016-10-20,13.45913791656494,16.559999465942383,16.6299991607666,16.40999984741211,16.450000762939453,88081200
2016-10-21,13.548542976379396,16.670000076293945,16.670000076293945,16.399999618530273,16.459999084472656,77954900
2016-10-24,13.629817008972168,16.770000457763672,16.799999237060547,16.610000610351562,16.75,68244800
2016-10-25,13.589178085327148,16.719999313354492,16.81999969482422,16.68000030517578,16.709999084472656,49350300
2016-10-26,13.71109390258789,16.8700008392334,16.8700008392334,16.6200008392334,16.639999389648438,58730400
2016-10-27,13.743600845336914,16.90999984741211,17.100000381469727,16.860000610351562,16.950000762939453,97937300
2016-10-28,13.556669235229492,16.68000030517578,16.979999542236328,16.5,16.950000762939453,115123600
2016-10-31,13.41037654876709,16.5,16.729999542236328,16.5,16.68000030517578,70387600
2016-11-01,13.499773025512695,16.610000610351562,16.75,16.329999923706055,16.559999465942383,88587100
2016-11-02,13.394119262695312,16.479999542236328,16.559999465942383,16.280000686645508,16.459999084472656,119202000
2016-11-03,13.394119262695312,16.479999542236328,16.670000076293945,16.450000762939453,16.479999542236328,69690400
2016-11-04,13.451009750366213,16.549999237060547,16.709999084472656,16.350000381469727,16.530000686645508,82437400
2016-11-07,13.824874877929688,17.010000228881836,17.040000915527344,16.850000381469727,16.860000610351562,91581900
2016-11-08,13.81674575805664,17.0,17.110000610351562,16.709999084472656,16.81999969482422,95842800
2016-11-09,14.60511589050293,17.969999313354492,18.049999237060547,17.399999618530273,17.65999984741211,319516900
2016-11-10,15.247187614440918,18.76000022888184,18.989999771118164,18.25,18.26000022888184,304986400
2016-11-11,15.458502769470217,19.020000457763672,19.030000686645508,18.6299991607666,18.63999938964844,212952500
2016-11-14,16.320018768310547,20.07999992370605,20.200000762939453,19.39999961853028,19.40999984741211,320959900
2016-11-15,16.385034561157227,20.15999984741211,20.18000030517578,19.600000381469727,19.790000915527344,190293100
2016-11-16,16.051807403564453,19.75,19.959999084472656,19.68000030517578,19.780000686645508,126734500
2016-11-17,16.320018768310547,20.07999992370605,20.21999931335449,19.700000762939453,19.76000022888184,167979200
2016-11-18,16.254995346069336,20.0,20.13999938964844,19.8700008392334,20.059999465942383,120620200
2016-11-21,16.523208618164062,20.32999992370605,20.350000381469727,20.01000022888184,20.100000381469727,117479100
2016-11-22,16.498825073242188,20.299999237060547,20.46999931335449,20.1200008392334,20.32999992370605,104771800
2016-11-23,16.71013832092285,20.559999465942383,20.65999984741211,20.200000762939453,20.420000076293945,110801300
2016-11-25,16.95396614074707,20.86000061035156,20.8799991607666,20.5,20.6200008392334,62610400
2016-11-28,16.498825073242188,20.299999237060547,20.850000381469727,20.25,20.670000076293945,108651200
2016-11-29,16.49069595336914,20.290000915527344,20.540000915527344,20.25,20.3799991607666,114216800
2016-11-30,17.228961944580078,21.1200008392334,21.190000534057617,20.71999931335449,20.770000457763672,191699600
2016-12-01,17.538957595825195,21.5,21.940000534057617,21.34000015258789,21.420000076293945,199233900
2016-12-02,17.318700790405273,21.229999542236328,21.5,21.020000457763672,21.489999771118164,128468700
2016-12-05,17.816312789916992,21.84000015258789,21.8700008392334,21.459999084472656,21.46999931335449,130377300
2016-12-06,18.07735252380371,22.15999984741211,22.15999984741211,21.71999931335449,22.09000015258789,120789200
2016-12-07,18.41182327270508,22.56999969482422,22.56999969482422,21.950000762939453,22.190000534057617,168005200
2016-12-08,18.72181701660156,22.950000762939453,23.239999771118164,22.690000534057617,22.790000915527344,182693900
2016-12-09,18.83602523803711,23.09000015258789,23.170000076293945,22.780000686645508,22.950000762939453,130590400
2016-12-12,18.444456100463867,22.61000061035156,23.25,22.540000915527344,23.0,136986000
2016-12-13,18.444456100463867,22.61000061035156,22.8799991607666,22.290000915527344,22.799999237060547,118204100
2016-12-14,18.4934024810791,22.670000076293945,23.299999237060547,22.209999084472656,22.309999465942383,225340900
2016-12-15,18.89311981201172,23.15999984741211,23.38999938964844,22.799999237060547,22.89999961853028,162025800
2016-12-16,18.48524284362793,22.65999984741211,23.31999969482422,22.64999961853028,23.15999984741211,147497700
2016-12-19,18.3384017944336,22.479999542236328,22.71999931335449,22.32999992370605,22.600000381469727,97508900
2016-12-20,18.526023864746094,22.709999084472656,22.82999992370605,22.61000061035156,22.6299991607666,83879500
2016-12-21,18.460769653320312,22.6299991607666,22.71999931335449,22.46999931335449,22.71999931335449,61079100
2016-12-22,18.387353897094727,22.540000915527344,22.729999542236328,22.46999931335449,22.600000381469727,67123500
2016-12-23,18.436298370361328,22.600000381469727,22.64999961853028,22.43000030517578,22.51000022888184,38187800
2016-12-27,18.444456100463867,22.61000061035156,22.739999771118164,22.540000915527344,22.709999084472656,39988600
2016-12-28,18.21603202819824,22.32999992370605,22.670000076293945,22.26000022888184,22.6200008392334,52652900
2016-12-29,17.946834564208984,22.0,22.38999938964844,21.770000457763672,22.32999992370605,79188400
2016-12-30,18.028413772583008,22.100000381469727,22.26000022888184,21.950000762939453,22.020000457763672,72605900
2017-01-03,18.37919044494629,22.530000686645508,22.68000030517578,22.200000762939453,22.600000381469727,99298100
2017-01-04,18.72181701660156,22.950000762939453,22.959999084472656,22.600000381469727,22.71999931335449,76875100
2017-01-05,18.501558303833008,22.68000030517578,22.93000030517578,22.350000381469727,22.81999969482422,86826400
2017-01-06,18.501558303833008,22.68000030517578,22.850000381469727,22.559999465942383,22.780000686645508,66281500
2017-01-09,18.39550971984864,22.549999237060547,22.709999084472656,22.39999961853028,22.51000022888184,75901500
2017-01-10,18.71365737915039,22.940000534057617,23.13999938964844,22.540000915527344,22.59000015258789,100977700
2017-01-11,18.81970596313477,23.06999969482422,23.06999969482422,22.71999931335449,22.940000534057617,92385600
2017-01-12,18.69733428955078,22.920000076293945,23.1200008392334,22.61000061035156,23.01000022888184,120474200
2017-01-13,18.77075958251953,23.01000022888184,23.40999984741211,22.799999237060547,23.209999084472656,161930900
2017-01-17,17.987627029418945,22.049999237060547,22.790000915527344,22.01000022888184,22.68000030517578,152495900
2017-01-18,18.460769653320312,22.6299991607666,22.64999961853028,22.100000381469727,22.299999237060547,124366000
2017-01-19,18.37919044494629,22.530000686645508,22.809999465942383,22.40999984741211,22.729999542236328,75990800
2017-01-20,18.46892547607422,22.63999938964844,22.93000030517578,22.520000457763672,22.65999984741211,102564900
2017-01-23,18.403663635253903,22.559999465942383,22.76000022888184,22.420000076293945,22.6200008392334,61385600
2017-01-24,18.72181701660156,22.950000762939453,23.100000381469727,22.479999542236328,22.61000061035156,98508700
2017-01-25,19.06443214416504,23.3700008392334,23.420000076293945,23.100000381469727,23.31999969482422,99753300
2017-01-26,19.12153434753418,23.440000534057617,23.549999237060547,23.280000686645508,23.40999984741211,84146400
2017-01-27,19.056276321411133,23.36000061035156,23.450000762939453,23.280000686645508,23.43000030517578,54590200
2017-01-30,18.72181701660156,22.950000762939453,23.200000762939453,22.709999084472656,23.200000762939453,91561200
2017-01-31,18.46892547607422,22.63999938964844,23.030000686645508,22.5,22.770000457763672,91044300
2017-02-01,18.672866821289062,22.88999938964844,23.21999931335449,22.81999969482422,22.96999931335449,103630900
2017-02-02,18.5341911315918,22.71999931335449,22.790000915527344,22.51000022888184,22.739999771118164,88679100
2017-02-03,18.999174118041992,23.290000915527344,23.350000381469727,22.950000762939453,23.14999961853028,116035100
2017-02-06,18.860492706298828,23.1200008392334,23.3799991607666,23.06999969482422,23.14999961853028,92228400
2017-02-07,18.68102264404297,22.89999961853028,23.290000915527344,22.86000061035156,23.280000686645508,87982900
2017-02-08,18.4934024810791,22.670000076293945,22.729999542236328,22.450000762939453,22.729999542236328,102264500
2017-02-09,18.860492706298828,23.1200008392334,23.14999961853028,22.63999938964844,22.76000022888184,102634200
2017-02-10,18.82785987854004,23.07999992370605,23.239999771118164,22.959999084472656,23.190000534057617,90548300
2017-02-13,19.088905334472656,23.39999961853028,23.540000915527344,23.170000076293945,23.170000076293945,105342500
2017-02-14,19.627315521240234,24.059999465942383,24.170000076293945,23.32999992370605,23.39999961853028,139711400
2017-02-15,20.05150985717773,24.57999992370605,24.770000457763672,24.11000061035156,24.34000015258789,151233300
2017-02-16,20.05150985717773,24.57999992370605,24.6200008392334,24.299999237060547,24.540000915527344,98144500
2017-02-17,20.0025691986084,24.520000457763672,24.57999992370605,24.200000762939453,24.280000686645508,85789200
2017-02-21,20.214662551879883,24.780000686645508,24.799999237060547,24.57999992370605,24.59000015258789,78571500
2017-02-22,20.22282218933105,24.790000915527344,24.950000762939453,24.540000915527344,24.61000061035156,81531900
2017-02-23,20.05150985717773,24.57999992370605,24.88999938964844,24.51000022888184,24.790000915527344,85846000
2017-02-24,19.765993118286133,24.229999542236328,24.350000381469727,24.020000457763672,24.1200008392334,97074400
2017-02-27,20.043352127075195,24.56999969482422,24.65999984741211,24.190000534057617,24.200000762939453,69129100
2017-02-28,20.13309097290039,24.68000030517578,24.700000762939453,24.420000076293945,24.479999542236328,90242000
2017-03-01,20.86542320251465,25.5,25.61000061035156,25.21999931335449,25.3700008392334,143947500
2017-03-02,20.64448928833008,25.229999542236328,25.799999237060547,25.200000762939453,25.68000030517578,99824600
2017-03-03,20.816329956054688,25.440000534057617,25.64999961853028,25.299999237060547,25.299999237060547,92456100
2017-03-06,20.660858154296875,25.25,25.350000381469727,25.07999992370605,25.32999992370605,75660400
2017-03-07,20.628129959106445,25.209999084472656,25.36000061035156,25.100000381469727,25.21999931335449,64053700
2017-03-08,20.669044494628903,25.26000022888184,25.770000457763672,25.21999931335449,25.600000381469727,105314600
2017-03-09,20.7426872253418,25.350000381469727,25.530000686645508,25.229999542236328,25.350000381469727,78984600
2017-03-10,20.7099552154541,25.309999465942383,25.6200008392334,25.09000015258789,25.6200008392334,86998800
2017-03-13,20.701772689819336,25.299999237060547,25.40999984741211,25.1299991607666,25.299999237060547,56886200
2017-03-14,20.7181396484375,25.31999969482422,25.34000015258789,25.049999237060547,25.190000534057617,63182700
2017-03-15,20.60358047485352,25.18000030517578,25.549999237060547,24.959999084472656,25.38999938964844,114662700
2017-03-16,20.636314392089844,25.21999931335449,25.489999771118164,25.190000534057617,25.239999771118164,70306200
2017-03-17,20.341747283935547,24.86000061035156,25.270000457763672,24.82999992370605,25.21999931335449,105222400
2017-03-20,19.99807548522949,24.440000534057617,24.76000022888184,24.420000076293945,24.57999992370605,87287500
2017-03-21,18.836156845092773,23.020000457763672,24.559999465942383,22.950000762939453,24.5,259545800
2017-03-22,18.77069854736328,22.940000534057617,23.18000030517578,22.450000762939453,22.64999961853028,167984400
2017-03-23,18.877073287963867,23.06999969482422,23.489999771118164,22.90999984741211,23.040000915527344,111666800
2017-03-24,18.917984008789062,23.1200008392334,23.350000381469727,22.76000022888184,23.200000762939453,113499100
2017-03-27,18.844343185424805,23.030000686645508,23.049999237060547,22.15999984741211,22.280000686645508,119513500
2017-03-28,19.212549209594727,23.479999542236328,23.670000076293945,23.0,23.01000022888184,95761700
2017-03-29,19.10618019104004,23.350000381469727,23.64999961853028,23.309999465942383,23.51000022888184,67204500
2017-03-30,19.531673431396484,23.8700008392334,23.979999542236328,23.32999992370605,23.3799991607666,79189200
2017-03-31,19.30256080627441,23.59000015258789,23.96999931335449,23.59000015258789,23.82999992370605,77158300
2017-04-03,19.30256080627441,23.59000015258789,23.75,23.07999992370605,23.64999961853028,88076600
2017-04-04,19.179821014404297,23.440000534057617,23.51000022888184,23.200000762939453,23.200000762939453,75244400
2017-04-05,18.95889663696289,23.170000076293945,23.8799991607666,23.14999961853028,23.770000457763672,97453300
2017-04-06,19.03253555297852,23.26000022888184,23.459999084472656,22.959999084472656,23.170000076293945,82975200
2017-04-07,18.95071601867676,23.15999984741211,23.34000015258789,22.93000030517578,23.030000686645508,79519400
2017-04-10,18.836156845092773,23.020000457763672,23.280000686645508,22.90999984741211,23.1299991607666,63254700
2017-04-11,18.75432777404785,22.920000076293945,22.950000762939453,22.57999992370605,22.82999992370605,94206700
2017-04-12,18.533403396606445,22.64999961853028,22.940000534057617,22.61000061035156,22.8799991607666,76556300
2017-04-13,18.279747009277344,22.34000015258789,22.959999084472656,22.34000015258789,22.559999465942383,88061800
2017-04-17,18.66432380676269,22.809999465942383,22.82999992370605,22.26000022888184,22.36000061035156,85053200
2017-04-18,18.582496643066406,22.709999084472656,23.14999961853028,22.3799991607666,23.11000061035156,146488400
2017-04-19,18.607046127319336,22.739999771118164,23.14999961853028,22.68000030517578,22.920000076293945,101771800
2017-04-20,18.877073287963867,23.06999969482422,23.170000076293945,22.81999969482422,22.959999084472656,103802600
2017-04-21,18.582496643066406,22.709999084472656,23.07999992370605,22.59000015258789,23.030000686645508,127235400
2017-04-24,19.33529663085937,23.6299991607666,23.850000381469727,23.239999771118164,23.239999771118164,138638900
2017-04-25,19.62167930603028,23.979999542236328,24.350000381469727,23.90999984741211,23.989999771118164,131531100
2017-04-26,19.548038482666016,23.88999938964844,24.190000534057617,23.86000061035156,24.0,95172200
2017-04-27,19.35165405273437,23.64999961853028,23.93000030517578,23.459999084472656,23.89999961853028,80024200
2017-04-28,19.09800148010254,23.34000015258789,23.71999931335449,23.31999969482422,23.56999969482422,69384900
2017-05-01,19.31892776489257,23.61000061035156,23.770000457763672,23.350000381469727,23.520000457763672,72382900
2017-05-02,19.25346565246582,23.530000686645508,23.670000076293945,23.32999992370605,23.61000061035156,60262600
2017-05-03,19.44985008239746,23.770000457763672,23.780000686645508,23.34000015258789,23.3700008392334,64272800
2017-05-04,19.51530838012696,23.850000381469727,24.049999237060547,23.729999542236328,23.979999542236328,68133400
2017-05-05,19.4252986907959,23.739999771118164,23.989999771118164,23.600000381469727,23.979999542236328,56678800
2017-05-08,19.605318069458008,23.959999084472656,24.059999465942383,23.75,23.75,56016500
2017-05-09,19.62167930603028,23.979999542236328,24.309999465942383,23.8700008392334,24.030000686645508,61622000
2017-05-10,19.760780334472656,24.14999961853028,24.170000076293945,23.8700008392334,23.90999984741211,48495300
2017-05-11,19.6953239440918,24.06999969482422,24.229999542236328,23.84000015258789,24.100000381469727,68350800
2017-05-12,19.638050079345703,24.0,24.0,23.75,23.920000076293945,62589000
2017-05-15,19.68713760375977,24.059999465942383,24.13999938964844,23.979999542236328,24.059999465942383,50688800
2017-05-16,19.62986183166504,23.989999771118164,24.170000076293945,23.940000534057617,24.06999969482422,55774800
2017-05-17,18.46794509887696,22.56999969482422,23.450000762939453,22.459999084472656,23.3700008392334,190353300
2017-05-18,18.607046127319336,22.739999771118164,23.0,22.5,22.61000061035156,108444100
2017-05-19,18.86070251464844,23.049999237060547,23.299999237060547,22.8700008392334,22.90999984741211,89566700
2017-05-22,18.85251808166504,23.040000915527344,23.239999771118164,22.81999969482422,23.190000534057617,74839400
2017-05-23,19.13890647888184,23.38999938964844,23.5,22.84000015258789,23.030000686645508,79020000
2017-05-24,19.11435890197754,23.36000061035156,23.46999931335449,23.21999931335449,23.440000534057617,58823200
2017-05-25,19.024354934692383,23.25,23.57999992370605,23.21999931335449,23.40999984741211,60443500
2017-05-26,19.01617431640625,23.239999771118164,23.420000076293945,23.170000076293945,23.229999542236328,50399500
2017-05-30,18.74614906311035,22.90999984741211,23.209999084472656,22.8799991607666,23.1299991607666,61307900
2017-05-31,18.397247314453125,22.40999984741211,22.799999237060547,22.09000015258789,22.780000686645508,138636300
2017-06-01,18.57785987854004,22.6299991607666,22.63999938964844,22.299999237060547,22.479999542236328,69725100
2017-06-02,18.43009376525879,22.450000762939453,22.59000015258789,22.15999984741211,22.270000457763672,79722300
2017-06-05,18.397247314453125,22.40999984741211,22.700000762939453,22.38999938964844,22.440000534057617,51590300
2017-06-06,18.249481201171875,22.229999542236328,22.40999984741211,22.06999969482422,22.200000762939453,71735600
2017-06-07,18.5532283782959,22.600000381469727,22.6200008392334,22.270000457763672,22.299999237060547,66429700
2017-06-08,18.856983184814453,22.96999931335449,23.209999084472656,22.600000381469727,22.6200008392334,93685900
2017-06-09,19.431629180908203,23.670000076293945,23.670000076293945,23.209999084472656,23.21999931335449,108254300
2017-06-12,19.52193832397461,23.780000686645508,24.040000915527344,23.729999542236328,23.81999969482422,85829900
2017-06-13,19.513731002807617,23.770000457763672,24.11000061035156,23.65999984741211,23.950000762939453,68047300
2017-06-14,19.50551986694336,23.76000022888184,23.809999465942383,23.200000762939453,23.549999237060547,102352400
2017-06-15,19.32490921020508,23.540000915527344,23.950000762939453,23.46999931335449,23.549999237060547,69707500
2017-06-16,19.2346134185791,23.43000030517578,23.6200008392334,23.3700008392334,23.559999465942383,57745800
2017-06-19,19.628660202026367,23.90999984741211,24.0,23.600000381469727,23.61000061035156,58587800
2017-06-20,19.283870697021484,23.489999771118164,23.989999771118164,23.479999542236328,23.90999984741211,59693500
2017-06-21,18.98832321166992,23.1299991607666,23.56999969482422,23.06999969482422,23.5,72432800
2017-06-22,18.824138641357425,22.93000030517578,23.200000762939453,22.89999961853028,23.1200008392334,64763300
2017-06-23,18.73383331298828,22.81999969482422,23.11000061035156,22.739999771118164,23.11000061035156,85399600
2017-06-26,18.79129981994629,22.88999938964844,23.13999938964844,22.729999542236328,22.90999984741211,61307800
2017-06-27,19.103252410888672,23.270000457763672,23.600000381469727,23.0,23.100000381469727,88257800
2017-06-28,19.60403060913086,23.8799991607666,23.959999084472656,23.530000686645508,23.530000686645508,119049300
2017-06-29,19.96523666381836,24.31999969482422,24.670000076293945,24.040000915527344,24.57999992370605,150501200
2017-06-30,19.91598892211914,24.26000022888184,24.6200008392334,24.170000076293945,24.6200008392334,84005200
2017-07-03,20.260786056518555,24.68000030517578,24.90999984741211,24.440000534057617,24.459999084472656,58129700
2017-07-05,20.457807540893555,24.920000076293945,24.950000762939453,24.6200008392334,24.799999237060547,76172500
2017-07-06,20.285415649414062,24.709999084472656,25.11000061035156,24.690000534057617,24.89999961853028,84465400
2017-07-07,20.38392448425293,24.82999992370605,25.0,24.64999961853028,24.920000076293945,54478800
2017-07-10,20.433177947998047,24.88999938964844,24.989999771118164,24.63999938964844,24.71999931335449,54632800
2017-07-11,20.195106506347656,24.600000381469727,24.90999984741211,24.459999084472656,24.8799991607666,69410600
2017-07-12,19.9898738861084,24.350000381469727,24.600000381469727,24.299999237060547,24.420000076293945,68708700
2017-07-13,20.21152877807617,24.6200008392334,24.6299991607666,24.3700008392334,24.43000030517578,55533400
2017-07-14,19.87494468688965,24.209999084472656,24.31999969482422,23.81999969482422,24.200000762939453,92625400
2017-07-17,19.718965530395508,24.020000457763672,24.21999931335449,23.93000030517578,24.21999931335449,81522000
2017-07-18,19.620450973510746,23.89999961853028,24.059999465942383,23.61000061035156,23.90999984741211,107981400
2017-07-19,19.751798629760746,24.059999465942383,24.200000762939453,23.809999465942383,24.049999237060547,74140100
2017-07-20,19.65328598022461,23.940000534057617,24.1200008392334,23.82999992370605,24.020000457763672,62793500
2017-07-21,19.53835678100586,23.799999237060547,23.959999084472656,23.65999984741211,23.84000015258789,65922500
2017-07-24,19.628660202026367,23.90999984741211,24.030000686645508,23.729999542236328,23.739999771118164,51382700
2017-07-25,20.096588134765625,24.479999542236328,24.670000076293945,24.239999771118164,24.25,86154700
2017-07-26,19.87494468688965,24.209999084472656,24.670000076293945,24.13999938964844,24.670000076293945,65704700
2017-07-27,19.79285049438477,24.11000061035156,24.450000762939453,24.030000686645508,24.26000022888184,62902100
2017-07-28,19.727174758911133,24.030000686645508,24.209999084472656,23.959999084472656,24.049999237060547,50143400
2017-07-31,19.801055908203125,24.1200008392334,24.299999237060547,24.09000015258789,24.1200008392334,62272000
2017-08-01,20.071964263916016,24.450000762939453,24.489999771118164,24.270000457763672,24.290000915527344,52782500
2017-08-02,20.186899185180664,24.59000015258789,24.59000015258789,24.26000022888184,24.440000534057617,55317100
2017-08-03,20.00629615783692,24.3700008392334,24.600000381469727,24.31999969482422,24.549999237060547,53210600
2017-08-04,20.49885368347168,24.96999931335449,25.07999992370605,24.64999961853028,24.68000030517578,105206600
2017-08-07,20.49064445495605,24.959999084472656,25.049999237060547,24.89999961853028,25.01000022888184,41860900
2017-08-08,20.441387176513672,24.89999961853028,25.350000381469727,24.81999969482422,24.950000762939453,73399300
2017-08-09,20.310039520263672,24.739999771118164,24.770000457763672,24.459999084472656,24.600000381469727,56910400
2017-08-10,19.801055908203125,24.1200008392334,24.57999992370605,24.09000015258789,24.57999992370605,78023700
2017-08-11,19.587615966796875,23.86000061035156,24.239999771118164,23.799999237060547,24.06999969482422,68157400
2017-08-14,20.047344207763672,24.420000076293945,24.489999771118164,24.170000076293945,24.229999542236328,54989500
2017-08-15,20.088382720947266,24.46999931335449,24.850000381469727,24.450000762939453,24.75,45143200
2017-08-16,19.8585262298584,24.190000534057617,24.6200008392334,24.07999992370605,24.540000915527344,59188900
2017-08-17,19.407001495361328,23.63999938964844,24.170000076293945,23.6200008392334,24.06999969482422,78969300
2017-08-18,19.39058494567871,23.6200008392334,23.89999961853028,23.450000762939453,23.559999465942383,60461200
2017-08-21,19.193559646606445,23.3799991607666,23.63999938964844,23.13999938964844,23.57999992370605,70124800
2017-08-22,19.56297874450684,23.82999992370605,23.88999938964844,23.56999969482422,23.600000381469727,59228600
2017-08-23,19.50551986694336,23.76000022888184,23.96999931335449,23.59000015258789,23.61000061035156,39825500
2017-08-24,19.571195602416992,23.84000015258789,23.940000534057617,23.68000030517578,23.93000030517578,39178700
2017-08-25,19.513731002807617,23.770000457763672,24.06999969482422,23.75,23.88999938964844,43511900
2017-08-28,19.47268486022949,23.71999931335449,23.89999961853028,23.56999969482422,23.84000015258789,37155000
2017-08-29,19.35775184631348,23.57999992370605,23.700000762939453,23.1200008392334,23.21999931335449,60897200
2017-08-30,19.69605827331543,23.8700008392334,24.040000915527344,23.559999465942383,23.729999542236328,58412900
2017-08-31,19.71255874633789,23.88999938964844,24.040000915527344,23.780000686645508,24.030000686645508,62362400
2017-09-01,19.877592086791992,24.09000015258789,24.18000030517578,23.799999237060547,23.89999961853028,56233900
2017-09-05,19.233976364135746,23.309999465942383,23.82999992370605,23.229999542236328,23.82999992370605,108605400
2017-09-06,19.31649398803711,23.40999984741211,23.57999992370605,23.209999084472656,23.489999771118164,64188900
2017-09-07,18.95343399047852,22.96999931335449,23.40999984741211,22.75,23.3799991607666,103501200
2017-09-08,18.887422561645508,22.88999938964844,23.229999542236328,22.850000381469727,22.93000030517578,68365000
2017-09-11,19.275236129760746,23.36000061035156,23.40999984741211,23.07999992370605,23.21999931335449,73741000
2017-09-12,19.76207160949707,23.950000762939453,24.030000686645508,23.450000762939453,23.459999084472656,99658500
2017-09-13,20.075618743896484,24.32999992370605,24.350000381469727,23.8700008392334,23.920000076293945,86339800
2017-09-14,20.00135803222656,24.239999771118164,24.540000915527344,24.200000762939453,24.3799991607666,70051000
2017-09-15,20.11688041687012,24.3799991607666,24.40999984741211,24.14999961853028,24.209999084472656,85937600
2017-09-18,20.38092613220215,24.700000762939453,24.770000457763672,24.40999984741211,24.420000076293945,68076400
2017-09-19,20.512948989868164,24.86000061035156,24.989999771118164,24.6200008392334,24.700000762939453,56218100
2017-09-20,20.67797088623047,25.059999465942383,25.239999771118164,24.670000076293945,24.8799991607666,82289900
2017-09-21,20.760482788085938,25.15999984741211,25.280000686645508,24.920000076293945,25.049999237060547,57864000
2017-09-22,20.644969940185547,25.020000457763672,25.06999969482422,24.850000381469727,25.01000022888184,61446000
2017-09-25,20.4304313659668,24.76000022888184,25.07999992370605,24.57999992370605,24.940000534057617,62361700
2017-09-26,20.4716854095459,24.809999465942383,24.959999084472656,24.690000534057617,24.82999992370605,53012700
2017-09-27,20.966768264770508,25.40999984741211,25.63999938964844,25.18000030517578,25.309999465942383,92877400
2017-09-28,20.99977684020996,25.450000762939453,25.63999938964844,25.34000015258789,25.59000015258789,64991400
2017-09-29,20.90900611877441,25.34000015258789,25.479999542236328,25.309999465942383,25.40999984741211,66232600
2017-10-02,21.14004707336425,25.6200008392334,25.64999961853028,25.38999938964844,25.459999084472656,54001400
2017-10-03,21.338077545166016,25.86000061035156,25.93000030517578,25.6200008392334,25.75,55946900
2017-10-04,21.214311599731445,25.709999084472656,25.950000762939453,25.700000762939453,25.86000061035156,53402800
2017-10-05,21.560867309570312,26.1299991607666,26.229999542236328,25.65999984741211,25.770000457763672,62636900
2017-10-06,21.62687873840332,26.209999084472656,26.299999237060547,26.040000915527344,26.25,53900600
2017-10-09,21.329832077026367,25.850000381469727,26.270000457763672,25.76000022888184,26.26000022888184,55172500
2017-10-10,21.39583969116211,25.93000030517578,25.950000762939453,25.709999084472656,25.82999992370605,46133800
2017-10-11,21.31332969665528,25.82999992370605,25.93000030517578,25.64999961853028,25.93000030517578,51652300
2017-10-12,20.99977684020996,25.450000762939453,25.93000030517578,25.34000015258789,25.8700008392334,71770000
2017-10-13,21.31332969665528,25.82999992370605,26.0,25.1200008392334,25.3799991607666,104196900
2017-10-16,21.651630401611328,26.239999771118164,26.32999992370605,25.8700008392334,25.8700008392334,71927200
2017-10-17,21.61862564086914,26.200000762939453,26.43000030517578,26.11000061035156,26.3700008392334,48644400
2017-10-18,21.84967041015625,26.479999542236328,26.549999237060547,26.32999992370605,26.34000015258789,55382500
2017-10-19,21.93218421936035,26.57999992370605,26.59000015258789,26.14999961853028,26.200000762939453,54542700
2017-10-20,22.41901016235352,27.170000076293945,27.18000030517578,26.89999961853028,27.040000915527344,83764700
2017-10-23,22.4107666015625,27.15999984741211,27.43000030517578,27.09000015258789,27.21999931335449,69607700
2017-10-24,22.8398380279541,27.68000030517578,27.84000015258789,27.34000015258789,27.350000381469727,90346500
2017-10-25,22.79857444763184,27.6299991607666,27.920000076293945,27.34000015258789,27.88999938964844,81265300
2017-10-26,22.88934326171875,27.739999771118164,27.979999542236328,27.68000030517578,27.690000534057617,55342500
2017-10-27,22.9388484954834,27.799999237060547,27.959999084472656,27.6200008392334,27.68000030517578,58856700
2017-10-30,22.773828506469727,27.600000381469727,27.76000022888184,27.459999084472656,27.64999961853028,51357600
2017-10-31,22.600542068481445,27.38999938964844,27.71999931335449,27.34000015258789,27.63999938964844,50311200
2017-11-01,22.716062545776367,27.530000686645508,27.729999542236328,27.36000061035156,27.63999938964844,46527700
2017-11-02,22.996612548828125,27.8700008392334,27.940000534057617,27.280000686645508,27.51000022888184,59692000
2017-11-03,22.95535659790039,27.81999969482422,27.81999969482422,27.6200008392334,27.729999542236328,37816100
2017-11-06,22.8975887298584,27.75,27.81999969482422,27.6200008392334,27.739999771118164,37261000
2017-11-07,22.42726707458496,27.18000030517578,27.770000457763672,27.020000457763672,27.739999771118164,68342100
2017-11-08,22.105457305908203,26.790000915527344,26.959999084472656,26.489999771118164,26.959999084472656,83128200
2017-11-09,21.8579216003418,26.489999771118164,26.65999984741211,26.1200008392334,26.489999771118164,95448600
2017-11-10,21.874420166015625,26.51000022888184,26.739999771118164,26.459999084472656,26.59000015258789,61105300
2017-11-13,21.78365898132324,26.39999961853028,26.479999542236328,26.13999938964844,26.26000022888184,55902200
2017-11-14,21.651630401611328,26.239999771118164,26.350000381469727,26.07999992370605,26.26000022888184,61596800
2017-11-15,22.105457305908203,26.790000915527344,26.93000030517578,25.809999465942383,25.989999771118164,98274900
2017-11-16,22.080707550048828,26.76000022888184,27.049999237060547,26.739999771118164,26.90999984741211,54565200
2017-11-17,21.96518898010254,26.6200008392334,26.729999542236328,26.440000534057617,26.51000022888184,48420700
2017-11-20,22.06420516967773,26.739999771118164,26.84000015258789,26.540000915527344,26.739999771118164,46328800
2017-11-21,22.05595588684082,26.729999542236328,26.86000061035156,26.690000534057617,26.799999237060547,57749100
2017-11-22,21.998191833496094,26.65999984741211,26.89999961853028,26.59000015258789,26.770000457763672,38103200
2017-11-24,21.940433502197266,26.59000015258789,26.739999771118164,26.56999969482422,26.71999931335449,14273600
2017-11-27,21.940433502197266,26.59000015258789,26.920000076293945,26.51000022888184,26.520000457763672,44828600
2017-11-28,22.80683135986328,27.63999938964844,27.700000762939453,26.56999969482422,26.6200008392334,99765000
2017-11-29,23.33492088317871,28.280000686645508,28.489999771118164,27.84000015258789,28.020000457763672,119728400
2017-11-30,23.343204498291016,28.170000076293945,28.71999931335449,28.07999992370605,28.6200008392334,122131900
2017-12-01,23.28519630432129,28.100000381469727,28.51000022888184,27.5,28.25,137774800
2017-12-04,24.080705642700195,29.059999465942383,29.309999465942383,28.81999969482422,28.850000381469727,145661700
2017-12-05,23.97298049926757,28.93000030517578,29.299999237060547,28.850000381469727,29.100000381469727,91349800
2017-12-06,23.732675552368164,28.63999938964844,28.96999931335449,28.56999969482422,28.729999542236328,74593800
2017-12-07,23.84868431091309,28.780000686645508,28.96999931335449,28.3700008392334,28.88999938964844,80706100
2017-12-08,24.07242202758789,29.049999237060547,29.09000015258789,28.76000022888184,29.020000457763672,60991300
2017-12-11,23.98126983642578,28.940000534057617,29.170000076293945,28.89999961853028,29.030000686645508,54001900
2017-12-12,24.296157836914062,29.31999969482422,29.5,28.90999984741211,29.31999969482422,76017200
2017-12-13,23.898401260375977,28.84000015258789,29.440000534057617,28.82999992370605,29.309999465942383,79980600
2017-12-14,23.8072452545166,28.729999542236328,29.18000030517578,28.709999084472656,29.059999465942383,60615800
2017-12-15,24.064128875732425,29.040000915527344,29.18000030517578,28.739999771118164,28.90999984741211,129859400
2017-12-18,24.428741455078125,29.479999542236328,29.5,29.270000457763672,29.290000915527344,70548600
2017-12-19,24.40388298034668,29.450000762939453,29.63999938964844,29.3700008392334,29.600000381469727,67984100
2017-12-20,24.428741455078125,29.479999542236328,29.84000015258789,29.450000762939453,29.76000022888184,81271200
2017-12-21,24.71048164367676,29.81999969482422,29.979999542236328,29.57999992370605,29.59000015258789,72953200
2017-12-22,24.76020622253418,29.8799991607666,30.030000686645508,29.6200008392334,29.979999542236328,54203000
2017-12-26,24.67733764648437,29.780000686645508,29.940000534057617,29.57999992370605,29.739999771118164,42371200
2017-12-27,24.63590240478516,29.729999542236328,29.729999542236328,29.600000381469727,29.65999984741211,35111800
2017-12-28,24.693910598754883,29.799999237060547,29.81999969482422,29.65999984741211,29.729999542236328,37914900
2017-12-29,24.461885452270508,29.520000457763672,29.8799991607666,29.520000457763672,29.850000381469727,40672000
2018-01-02,24.77677345275879,29.89999961853028,29.89999961853028,29.61000061035156,29.75,57121600
2018-01-03,24.693910598754883,29.799999237060547,29.940000534057617,29.690000534057617,29.89999961853028,57865700
2018-01-04,25.017087936401367,30.190000534057617,30.440000534057617,29.8799991607666,29.96999931335449,76512500
2018-01-05,25.133092880249023,30.32999992370605,30.420000076293945,30.049999237060547,30.3700008392334,56445200
2018-01-08,24.959077835083008,30.1200008392334,30.270000457763672,30.049999237060547,30.229999542236328,42914800
2018-01-09,25.083375930786133,30.270000457763672,30.540000915527344,30.1299991607666,30.200000762939453,69479100
2018-01-10,25.31540298461914,30.549999237060547,30.729999542236328,30.309999465942383,30.3700008392334,63532800
2018-01-11,25.406551361083984,30.65999984741211,30.690000534057617,30.450000762939453,30.65999984741211,59318300
2018-01-12,25.845741271972656,31.190000534057617,31.200000762939453,30.770000457763672,30.8799991607666,66371600
2018-01-16,25.88717269897461,31.239999771118164,31.790000915527344,31.030000686645508,31.739999771118164,104467900
2018-01-17,25.83745574951172,31.18000030517578,31.290000915527344,30.34000015258789,31.0,124382900
2018-01-18,26.08604621887207,31.479999542236328,31.709999084472656,31.209999084472656,31.32999992370605,76463800
2018-01-19,26.28492927551269,31.71999931335449,31.739999771118164,31.459999084472656,31.57999992370605,66491000
2018-01-22,26.46723365783692,31.940000534057617,31.940000534057617,31.57999992370605,31.670000076293945,53848800
2018-01-23,26.450658798217773,31.920000076293945,32.130001068115234,31.790000915527344,31.86000061035156,56531400
2018-01-24,26.591529846191406,32.09000015258789,32.209999084472656,31.81999969482422,32.0099983215332,81585000
2018-01-25,26.591529846191406,32.09000015258789,32.25,31.93000030517578,32.2400016784668,62265800
2018-01-26,26.68268203735352,32.20000076293945,32.20000076293945,31.950000762939453,32.11000061035156,52699900
2018-01-29,26.74897766113281,32.279998779296875,32.45000076293945,32.18000030517578,32.25,59126500
2018-01-30,26.417510986328125,31.8799991607666,32.20000076293945,31.850000381469727,31.950000762939453,60555800
2018-01-31,26.516950607299805,32.0,32.290000915527344,31.950000762939453,32.04999923706055,65734100
2018-02-01,26.93128204345703,32.5,32.5,31.959999084472656,32.0,62367400
2018-02-02,26.47552299499512,31.950000762939453,32.66999816894531,31.86000061035156,32.439998626708984,96971900
2018-02-05,25.075090408325195,30.26000022888184,31.979999542236328,29.14999961853028,31.1200008392334,155908300
2018-02-06,25.8540267944336,31.200000762939453,31.290000915527344,29.299999237060547,29.40999984741211,165878400
2018-02-07,25.89546012878418,31.25,31.739999771118164,30.86000061035156,31.1200008392334,101180500
2018-02-08,24.64419746398925,29.739999771118164,31.3799991607666,29.729999542236328,31.309999465942383,128981300
2018-02-09,25.133092880249023,30.32999992370605,30.61000061035156,29.1299991607666,30.170000076293945,143071100
2018-02-12,25.787738800048828,31.1200008392334,31.440000534057617,30.540000915527344,30.6200008392334,95055100
2018-02-13,25.83745574951172,31.18000030517578,31.39999961853028,30.76000022888184,31.040000915527344,76727300
2018-02-14,26.516950607299805,32.0,32.029998779296875,31.059999465942383,31.170000076293945,97251500
2018-02-15,26.69096946716309,32.209999084472656,32.470001220703125,31.8700008392334,32.38999938964844,68117400
2018-02-16,26.492090225219727,31.96999931335449,32.2599983215332,31.920000076293945,32.0,62137800
2018-02-20,26.458946228027344,31.93000030517578,32.15999984741211,31.75,31.959999084472656,58573900
2018-02-21,26.40922737121582,31.8700008392334,32.369998931884766,31.770000457763672,31.799999237060547,72210300
2018-02-22,26.26007080078125,31.690000534057617,32.13999938964844,31.59000015258789,31.989999771118164,64749700
2018-02-23,26.54180908203125,32.029998779296875,32.060001373291016,31.76000022888184,31.799999237060547,53626300
2018-02-26,26.86498260498047,32.41999816894531,32.439998626708984,32.04999923706055,32.16999816894531,61796300
2018-02-27,26.790407180786133,32.33000183105469,32.849998474121094,32.31999969482422,32.31999969482422,69235500
2018-02-28,26.599815368652344,32.099998474121094,32.77000045776367,32.09000015258789,32.4900016784668,72044000
2018-03-01,26.18393516540528,31.479999542236328,32.349998474121094,31.36000061035156,32.06999969482422,90547100
2018-03-02,26.30869674682617,31.6299991607666,31.690000534057617,30.6299991607666,31.1200008392334,82739100
2018-03-05,26.724584579467773,32.130001068115234,32.349998474121094,31.170000076293945,31.350000381469727,70543100
2018-03-06,26.70794486999512,32.11000061035156,32.31999969482422,31.950000762939453,32.29999923706055,50832600
2018-03-07,26.76616477966309,32.18000030517578,32.22999954223633,31.57999992370605,31.700000762939453,52763900
2018-03-08,26.78281021118164,32.20000076293945,32.27000045776367,31.809999465942383,32.189998626708984,53139800
2018-03-09,27.21532440185547,32.720001220703125,32.72999954223633,32.400001525878906,32.470001220703125,73905800
2018-03-12,27.31513404846192,32.84000015258789,33.04999923706055,32.63999938964844,32.689998626708984,60322800
2018-03-13,26.91588592529297,32.36000061035156,32.9900016784668,32.29999923706055,32.970001220703125,63347500
2018-03-14,26.732894897460938,32.13999938964844,32.54999923706055,31.93000030517578,32.54999923706055,58011400
2018-03-15,26.699630737304688,32.099998474121094,32.34000015258789,31.93000030517578,32.290000915527344,41964200
2018-03-16,26.757850646972656,32.16999816894531,32.56999969482422,32.08000183105469,32.11000061035156,83447600
2018-03-19,26.599817276000977,31.979999542236328,32.220001220703125,31.68000030517578,32.130001068115234,57363200
2018-03-20,26.599817276000977,31.979999542236328,32.20000076293945,31.8799991607666,32.060001373291016,44784500
2018-03-21,26.508319854736328,31.8700008392334,32.45000076293945,31.68000030517578,32.0,64546300
2018-03-22,25.4103946685791,30.549999237060547,31.489999771118164,30.420000076293945,31.440000534057617,110271900
2018-03-23,24.26256561279297,29.170000076293945,30.709999084472656,29.049999237060547,30.690000534057617,115740200
2018-03-26,25.31889915466309,30.440000534057617,30.559999465942383,29.64999961853028,29.88999938964844,83297000
2018-03-27,24.553674697875977,29.520000457763672,30.670000076293945,29.209999084472656,30.64999961853028,85821800
2018-03-28,24.44554328918457,29.38999938964844,29.959999084472656,29.01000022888184,29.790000915527344,79396100
2018-03-29,24.94460678100586,29.989999771118164,30.13999938964844,29.309999465942383,29.56999969482422,65678300
2018-04-02,24.37900733947754,29.309999465942383,30.059999465942383,28.75,29.799999237060547,86644200
2018-04-03,24.611900329589844,29.59000015258789,29.64999961853028,29.100000381469727,29.540000915527344,69698700
2018-04-04,24.85310745239257,29.8799991607666,29.96999931335449,28.950000762939453,29.0,66640800
2018-04-05,25.21908950805664,30.31999969482422,30.549999237060547,30.1200008392334,30.18000030517578,55765500
2018-04-06,24.645172119140625,29.6299991607666,30.290000915527344,29.3700008392334,30.01000022888184,79687600
2018-04-09,24.84479713439941,29.8700008392334,30.6299991607666,29.76000022888184,29.81999969482422,65917500
2018-04-10,25.352170944213867,30.479999542236328,30.57999992370605,30.229999542236328,30.479999542236328,60540500
2018-04-11,24.869749069213867,29.89999961853028,30.239999771118164,29.88999938964844,30.14999961853028,62211500
2018-04-12,25.49357032775879,30.64999961853028,30.799999237060547,30.170000076293945,30.21999931335449,57989100
2018-04-13,24.78656959533692,29.799999237060547,31.170000076293945,29.559999465942383,31.1299991607666,99254500
2018-04-16,24.89470672607422,29.93000030517578,30.3700008392334,29.46999931335449,30.07999992370605,110588900
2018-04-17,24.986194610595703,30.040000915527344,30.3700008392334,29.8799991607666,30.170000076293945,83475900
2018-04-18,24.56199836730957,29.530000686645508,30.21999931335449,29.5,30.030000686645508,79743200
2018-04-19,25.102643966674805,30.18000030517578,30.239999771118164,29.540000915527344,29.549999237060547,80902600
2018-04-20,25.16918563842773,30.26000022888184,30.530000686645508,30.1299991607666,30.26000022888184,65554600
2018-04-23,25.21908950805664,30.31999969482422,30.39999961853028,30.1200008392334,30.270000457763672,50686300
2018-04-24,25.110958099365234,30.190000534057617,30.86000061035156,30.0,30.459999084472656,81486800
2018-04-25,25.069366455078125,30.13999938964844,30.34000015258789,29.799999237060547,30.09000015258789,65893500
2018-04-26,25.01114273071289,30.06999969482422,30.280000686645508,29.989999771118164,30.040000915527344,45936700
2018-04-27,25.07768821716309,30.14999961853028,30.209999084472656,29.96999931335449,29.989999771118164,47411200
2018-04-30,24.88638496398925,29.920000076293945,30.43000030517578,29.920000076293945,30.270000457763672,55153900
2018-05-01,24.91133689880371,29.950000762939453,29.959999084472656,29.6200008392334,29.920000076293945,52871700
2018-05-02,24.603588104248047,29.57999992370605,30.06999969482422,29.559999465942383,29.950000762939453,68234600
2018-05-03,24.28751564025879,29.200000762939453,29.520000457763672,28.43000030517578,29.51000022888184,110672700
2018-05-04,24.37068557739257,29.299999237060547,29.420000076293945,28.81999969482422,28.989999771118164,58281900
2018-05-07,24.65349197387696,29.63999938964844,29.790000915527344,29.32999992370605,29.440000534057617,46765200
2018-05-08,24.89470672607422,29.93000030517578,30.1299991607666,29.670000076293945,29.770000457763672,65119800
2018-05-09,25.551795959472656,30.71999931335449,30.790000915527344,30.07999992370605,30.100000381469727,72266500
2018-05-10,25.693193435668945,30.88999938964844,31.06999969482422,30.420000076293945,30.61000061035156,54773200
2018-05-11,25.7181453704834,30.920000076293945,31.030000686645508,30.809999465942383,30.90999984741211,42024800
2018-05-14,25.884504318237305,31.1200008392334,31.229999542236328,31.030000686645508,31.040000915527344,41791600
2018-05-15,25.967676162719727,31.21999931335449,31.36000061035156,30.850000381469727,30.920000076293945,64433500
2018-05-16,25.8345947265625,31.059999465942383,31.25,31.020000457763672,31.18000030517578,43590100
2018-05-17,25.62665748596192,30.809999465942383,31.07999992370605,30.670000076293945,31.040000915527344,45981500
2018-05-18,25.16918563842773,30.26000022888184,30.790000915527344,30.229999542236328,30.770000457763672,58641700
2018-05-21,25.4103946685791,30.549999237060547,30.68000030517578,30.479999542236328,30.520000457763672,34983300
2018-05-22,25.693193435668945,30.88999938964844,31.13999938964844,30.540000915527344,30.600000381469727,61103000
2018-05-23,25.31889915466309,30.440000534057617,30.76000022888184,30.07999992370605,30.709999084472656,73893100
2018-05-24,25.127593994140625,30.209999084472656,30.40999984741211,29.82999992370605,30.39999961853028,62146200
2018-05-25,25.08600234985352,30.15999984741211,30.190000534057617,29.8799991607666,30.01000022888184,44166700
2018-05-29,24.087890625,28.959999084472656,29.799999237060547,28.700000762939453,29.76000022888184,135895000
2018-05-30,24.528722763061523,29.489999771118164,29.600000381469727,29.15999984741211,29.290000915527344,79435300
2018-05-31,24.25311851501465,29.040000915527344,29.26000022888184,28.82999992370605,29.200000762939453,97509300
2018-06-01,24.55377960205078,29.39999961853028,29.65999984741211,29.309999465942383,29.489999771118164,64796600
2018-06-04,24.55377960205078,29.39999961853028,29.59000015258789,29.32999992370605,29.549999237060547,43777000
2018-06-05,24.31993293762207,29.1200008392334,29.34000015258789,29.059999465942383,29.309999465942383,47690800
2018-06-06,25.08828353881836,30.040000915527344,30.049999237060547,29.280000686645508,29.290000915527344,74995800
2018-06-07,25.13003921508789,30.09000015258789,30.309999465942383,29.88999938964844,30.200000762939453,68402700
2018-06-08,25.063230514526367,30.01000022888184,30.049999237060547,29.809999465942383,30.01000022888184,49572900
2018-06-11,25.104984283447266,30.059999465942383,30.40999984741211,30.059999465942383,30.1299991607666,46732800
2018-06-12,24.971359252929688,29.89999961853028,30.270000457763672,29.75,30.170000076293945,49644600
2018-06-13,24.921247482299805,29.84000015258789,30.36000061035156,29.700000762939453,29.979999542236328,68900200
2018-06-14,24.63729858398437,29.5,30.049999237060547,29.3799991607666,30.040000915527344,77863200
2018-06-15,24.45355987548828,29.280000686645508,29.40999984741211,28.8700008392334,29.25,105079500
2018-06-18,24.55377960205078,29.39999961853028,29.5,28.809999465942383,28.940000534057617,52644100
2018-06-19,24.43685531616211,29.26000022888184,29.3700008392334,28.950000762939453,29.040000915527344,65466200
2018-06-20,24.42015266418457,29.239999771118164,29.5,29.18000030517578,29.420000076293945,52256500
2018-06-21,24.46191024780273,29.290000915527344,29.450000762939453,29.0,29.209999084472656,68322600
2018-06-22,24.21135711669922,28.989999771118164,29.520000457763672,28.989999771118164,29.459999084472656,76079200
2018-06-25,23.785430908203125,28.479999542236328,28.90999984741211,28.26000022888184,28.86000061035156,73616400
2018-06-26,23.83554458618164,28.540000915527344,28.670000076293945,28.01000022888184,28.520000457763672,56369300
2018-06-27,23.584991455078125,28.239999771118164,28.850000381469727,28.239999771118164,28.51000022888184,61764400
2018-06-28,23.944110870361328,28.670000076293945,28.84000015258789,28.299999237060547,28.39999961853028,71292100
2018-06-29,23.54323387145996,28.190000534057617,29.170000076293945,28.18000030517578,29.09000015258789,102307600
2018-07-02,23.61839866638184,28.280000686645508,28.280000686645508,27.82999992370605,28.07999992370605,52534300
2018-07-03,23.200815200805664,27.780000686645508,28.43000030517578,27.739999771118164,28.32999992370605,40599000
2018-07-05,23.317737579345703,27.920000076293945,28.07999992370605,27.809999465942383,27.950000762939453,44506800
2018-07-06,23.40960502624512,28.030000686645508,28.14999961853028,27.6299991607666,27.809999465942383,39424900
2018-07-09,24.261472702026367,29.049999237060547,29.09000015258789,28.21999931335449,28.229999542236328,61758900
2018-07-10,24.07773208618164,28.82999992370605,29.32999992370605,28.75,29.21999931335449,58858400
2018-07-11,23.95245933532715,28.68000030517578,28.90999984741211,28.6200008392334,28.670000076293945,50218900
2018-07-12,24.027624130249023,28.770000457763672,28.96999931335449,28.65999984741211,28.89999961853028,51700700
2018-07-13,23.843891143798828,28.549999237060547,28.690000534057617,28.21999931335449,28.6200008392334,75178000
2018-07-16,24.871139526367188,29.780000686645508,29.850000381469727,28.729999542236328,28.780000686645508,129172000
2018-07-17,25.063230514526367,30.01000022888184,30.200000762939453,29.57999992370605,29.88999938964844,87778900
2018-07-18,25.1634464263916,30.1299991607666,30.290000915527344,29.84000015258789,29.920000076293945,59109200
2018-07-19,24.77927017211914,29.670000076293945,30.020000457763672,29.63999938964844,29.93000030517578,59260600
2018-07-20,25.1634464263916,30.1299991607666,30.15999984741211,29.459999084472656,29.6200008392334,80432700
2018-07-23,25.68124771118164,30.75,30.850000381469727,30.1299991607666,30.13999938964844,74080200
2018-07-24,25.74806404113769,30.82999992370605,31.11000061035156,30.64999961853028,30.850000381469727,64761500
2018-07-25,25.948501586914062,31.06999969482422,31.11000061035156,30.670000076293945,30.700000762939453,57644100
2018-07-26,25.83992958068848,30.940000534057617,31.209999084472656,30.88999938964844,31.190000534057617,46215000
2018-07-27,25.94015121459961,31.059999465942383,31.13999938964844,30.799999237060547,30.989999771118164,57198900
2018-07-30,26.1489372253418,31.309999465942383,31.450000762939453,31.1299991607666,31.13999938964844,58721000
2018-07-31,25.78982353210449,30.8799991607666,31.420000076293945,30.81999969482422,31.36000061035156,64066000
2018-08-01,26.098827362060547,31.25,31.549999237060547,31.170000076293945,31.21999931335449,69070700
2018-08-02,26.12388610839844,31.280000686645508,31.309999465942383,30.8700008392334,30.979999542236328,46427200
2018-08-03,26.315975189208984,31.51000022888184,31.51000022888184,31.15999984741211,31.18000030517578,50153800
2018-08-06,26.324323654174805,31.520000457763672,31.59000015258789,31.31999969482422,31.450000762939453,41261500
2018-08-07,26.315975189208984,31.51000022888184,31.799999237060547,31.489999771118164,31.549999237060547,43946200
2018-08-08,26.55816650390625,31.799999237060547,31.90999984741211,31.479999542236328,31.51000022888184,43689600
2018-08-09,26.391138076782227,31.600000381469727,31.790000915527344,31.549999237060547,31.729999542236328,38219100
2018-08-10,26.048717498779297,31.190000534057617,31.32999992370605,30.89999961853028,31.229999542236328,55679800
2018-08-13,25.455753326416016,30.479999542236328,31.1200008392334,30.450000762939453,31.07999992370605,63960600
2018-08-14,25.714658737182617,30.790000915527344,30.89999961853028,30.420000076293945,30.61000061035156,42521200
2018-08-15,25.355531692504883,30.36000061035156,30.6200008392334,30.15999984741211,30.479999542236328,59747900
2018-08-16,25.65619468688965,30.71999931335449,30.84000015258789,30.520000457763672,30.559999465942383,44015400
2018-08-17,25.672895431518555,30.739999771118164,30.86000061035156,30.549999237060547,30.65999984741211,39843500
2018-08-20,25.781465530395508,30.8700008392334,30.93000030517578,30.64999961853028,30.690000534057617,40011000
2018-08-21,25.906742095947266,31.020000457763672,31.25,30.82999992370605,30.90999984741211,53510600
2018-08-22,25.87333297729492,30.979999542236328,31.09000015258789,30.8799991607666,30.920000076293945,33062900
2018-08-23,25.756410598754883,30.84000015258789,30.979999542236328,30.739999771118164,30.940000534057617,38259100
2018-08-24,25.798173904418945,30.88999938964844,31.07999992370605,30.850000381469727,30.940000534057617,43585000
2018-08-27,26.1489372253418,31.309999465942383,31.489999771118164,30.989999771118164,31.030000686645508,47729300
2018-08-28,26.115535736083984,31.270000457763672,31.40999984741211,31.190000534057617,31.36000061035156,38539000
2018-08-29,26.00696182250977,31.13999938964844,31.309999465942383,31.06999969482422,31.239999771118164,46401800
2018-08-30,25.89839172363281,31.01000022888184,31.14999961853028,30.950000762939453,31.020000457763672,47358900
2018-08-31,25.831573486328125,30.93000030517578,30.950000762939453,30.6200008392334,30.8799991607666,49266000
2018-09-04,26.00696182250977,31.13999938964844,31.15999984741211,30.81999969482422,30.90999984741211,44745600
2018-09-05,26.040372848510746,31.18000030517578,31.239999771118164,30.96999931335449,31.06999969482422,48516700
2018-09-06,25.889312744140625,30.850000381469727,31.11000061035156,30.729999542236328,31.049999237060547,42666000
2018-09-07,25.897703170776367,30.86000061035156,31.1200008392334,30.6299991607666,31.0,49103800
2018-09-10,25.8641357421875,30.81999969482422,31.0,30.75,30.8799991607666,34156200
2018-09-11,25.889312744140625,30.850000381469727,30.89999961853028,30.700000762939453,30.71999931335449,53071000
2018-09-12,25.536848068237305,30.43000030517578,30.959999084472656,30.3799991607666,30.8799991607666,59482300
2018-09-13,25.29347801208496,30.13999938964844,30.670000076293945,30.07999992370605,30.530000686645508,59219500
2018-09-14,25.48649406433105,30.3700008392334,30.38999938964844,30.11000061035156,30.1299991607666,33743900
2018-09-17,25.410972595214844,30.280000686645508,30.489999771118164,30.14999961853028,30.34000015258789,35026600
2018-09-18,25.35222625732422,30.209999084472656,30.39999961853028,30.1299991607666,30.32999992370605,49921700
2018-09-19,26.01519012451172,31.0,31.200000762939453,30.1299991607666,30.1299991607666,92666300
2018-09-20,26.174636840820312,31.190000534057617,31.3700008392334,31.13999938964844,31.299999237060547,83357400
2018-09-21,26.04036903381348,31.030000686645508,31.3700008392334,30.96999931335449,31.34000015258789,85992100
2018-09-24,25.79700088500977,30.739999771118164,31.200000762939453,30.65999984741211,30.979999542236328,45587700
2018-09-25,25.738252639770508,30.670000076293945,31.040000915527344,30.600000381469727,30.850000381469727,40949900
2018-09-26,25.28508758544922,30.1299991607666,30.739999771118164,30.059999465942383,30.709999084472656,57882400
2018-09-27,25.125638961791992,29.940000534057617,30.309999465942383,29.93000030517578,30.239999771118164,45879700
2018-09-28,24.72282218933105,29.459999084472656,29.850000381469727,29.420000076293945,29.64999961853028,74707600
2018-10-01,24.88226890563965,29.64999961853028,29.940000534057617,29.540000915527344,29.68000030517578,53900900
2018-10-02,24.823530197143555,29.57999992370605,29.71999931335449,29.270000457763672,29.57999992370605,42940300
2018-10-03,25.175994873046875,30.0,30.18000030517578,29.71999931335449,29.809999465942383,61080300
2018-10-04,25.536848068237305,30.43000030517578,30.790000915527344,30.13999938964844,30.170000076293945,72325700
2018-10-05,25.369007110595703,30.229999542236328,30.64999961853028,30.049999237060547,30.600000381469727,51931000
2018-10-08,25.402576446533203,30.270000457763672,30.420000076293945,29.90999984741211,30.049999237060547,47471600
2018-10-09,25.15920829772949,29.979999542236328,30.190000534057617,29.8700008392334,30.030000686645508,58868600
2018-10-10,24.538198471069336,29.239999771118164,30.1299991607666,29.209999084472656,29.979999542236328,88454400
2018-10-11,23.799705505371094,28.36000061035156,29.25,28.26000022888184,28.88999938964844,111417300
2018-10-12,23.88362503051757,28.459999084472656,29.040000915527344,27.729999542236328,28.989999771118164,102279200
2018-10-15,23.43045425415039,27.920000076293945,28.6200008392334,27.63999938964844,28.489999771118164,114636100
2018-10-16,23.942365646362305,28.530000686645508,28.57999992370605,27.89999961853028,28.239999771118164,87887800
2018-10-17,24.252872467041016,28.89999961853028,29.190000534057617,28.15999984741211,28.3700008392334,79068700
2018-10-18,23.707393646240234,28.25,28.89999961853028,28.13999938964844,28.670000076293945,77369200
2018-10-19,23.766132354736328,28.31999969482422,28.520000457763672,27.96999931335449,28.13999938964844,64305400
2018-10-22,22.97728729248047,27.3799991607666,28.350000381469727,27.309999465942383,28.31999969482422,89942900
2018-10-23,22.67517471313477,27.020000457763672,27.200000762939453,26.11000061035156,26.38999938964844,102392500
2018-10-24,21.978639602661133,26.190000534057617,26.89999961853028,26.07999992370605,26.86000061035156,86386600
2018-10-25,22.31432342529297,26.59000015258789,26.93000030517578,26.18000030517578,26.3799991607666,73780400
2018-10-26,22.14648628234864,26.38999938964844,26.57999992370605,25.8799991607666,26.32999992370605,91103500
2018-10-29,22.331100463867188,26.61000061035156,27.18000030517578,26.290000915527344,26.690000534057617,89367000
2018-10-30,22.473766326904297,26.780000686645508,26.86000061035156,26.31999969482422,26.76000022888184,79004800
2018-10-31,23.077991485595703,27.5,27.8799991607666,27.059999465942383,27.100000381469727,92296300
2018-11-01,23.33814239501953,27.809999465942383,28.0,27.61000061035156,27.770000457763672,49827300
2018-11-02,23.405277252197266,27.88999938964844,28.3799991607666,27.520000457763672,28.01000022888184,69010200
2018-11-05,23.547945022583008,28.059999465942383,28.239999771118164,27.88999938964844,27.950000762939453,41103100
2018-11-06,23.67382431030273,28.209999084472656,28.25,27.739999771118164,28.020000457763672,43514400
2018-11-07,23.95076370239257,28.540000915527344,28.670000076293945,28.13999938964844,28.420000076293945,56679200
2018-11-08,24.22769927978516,28.8700008392334,29.1200008392334,28.43000030517578,28.5,49421200
2018-11-09,23.93397331237793,28.520000457763672,28.88999938964844,28.3799991607666,28.75,43270600
2018-11-12,23.28779029846192,27.75,28.520000457763672,27.63999938964844,28.3799991607666,50307500
2018-11-13,23.29618453979492,27.76000022888184,28.13999938964844,27.690000534057617,27.75,57423400
2018-11-14,22.834619522094727,27.209999084472656,28.100000381469727,26.780000686645508,27.950000762939453,69213300
2018-11-15,23.41367530822754,27.89999961853028,27.96999931335449,26.8799991607666,27.13999938964844,66174800
2018-11-16,23.28779029846192,27.75,27.88999938964844,27.420000076293945,27.690000534057617,52456100
2018-11-19,23.28779029846192,27.75,28.020000457763672,27.540000915527344,27.780000686645508,46000000
2018-11-20,22.97728729248047,27.3799991607666,27.56999969482422,26.96999931335449,27.420000076293945,92330600
2018-11-21,22.884973526000977,27.270000457763672,27.76000022888184,27.25,27.59000015258789,40364400
2018-11-23,22.63321304321289,26.96999931335449,27.170000076293945,26.8799991607666,27.07999992370605,22974100
2018-11-26,23.12834358215332,27.559999465942383,27.729999542236328,27.100000381469727,27.18000030517578,53210700
2018-11-27,23.279401779174805,27.739999771118164,27.89999961853028,27.38999938964844,27.43000030517578,43617100
2018-11-28,23.85845184326172,28.43000030517578,28.46999931335449,27.559999465942383,27.8799991607666,61388100
2018-11-29,23.53116226196289,28.040000915527344,28.350000381469727,27.96999931335449,28.18000030517578,46824600
2018-11-30,23.83326911926269,28.39999961853028,28.6299991607666,27.8700008392334,27.940000534057617,64284600
2018-12-03,23.95076370239257,28.540000915527344,29.040000915527344,28.36000061035156,28.989999771118164,59908700
2018-12-04,22.650001525878903,26.989999771118164,28.31999969482422,26.729999542236328,28.31999969482422,103565700
2018-12-06,22.177425384521484,26.280000686645508,26.31999969482422,25.530000686645508,26.229999542236328,133294200
2018-12-07,21.46011543273925,25.43000030517578,26.540000915527344,25.299999237060547,26.14999961853028,107477600
2018-12-10,20.89470672607422,24.76000022888184,25.229999542236328,24.290000915527344,25.18000030517578,110166900
2018-12-11,20.742807388305664,24.57999992370605,25.39999961853028,24.530000686645508,25.209999084472656,78545000
2018-12-12,20.69218063354492,24.520000457763672,24.989999771118164,24.3700008392334,24.8700008392334,87191800
2018-12-13,20.59090614318848,24.39999961853028,24.81999969482422,24.280000686645508,24.65999984741211,64860100
2018-12-14,20.658416748046875,24.479999542236328,24.8700008392334,24.1200008392334,24.18000030517578,92762600
2018-12-17,20.649980545043945,24.46999931335449,24.93000030517578,24.15999984741211,24.26000022888184,98602800
2018-12-18,20.649980545043945,24.46999931335449,25.09000015258789,24.309999465942383,24.670000076293945,89046300
2018-12-19,20.405254364013672,24.18000030517578,25.239999771118164,24.06999969482422,24.450000762939453,121887600
2018-12-20,20.346179962158203,24.11000061035156,24.43000030517578,23.76000022888184,23.850000381469727,112594000
2018-12-21,19.721704483032227,23.3700008392334,24.51000022888184,23.26000022888184,23.90999984741211,160800400
2018-12-24,19.181615829467773,22.729999542236328,23.209999084472656,22.65999984741211,22.76000022888184,64859100
2018-12-26,20.346179962158203,24.11000061035156,24.18000030517578,22.690000534057617,22.90999984741211,100877800
2018-12-27,20.565593719482425,24.3700008392334,24.3700008392334,23.38999938964844,23.780000686645508,91575400
2018-12-28,20.582469940185547,24.38999938964844,24.75,24.26000022888184,24.59000015258789,78693800
2018-12-31,20.7934513092041,24.63999938964844,24.96999931335449,24.3700008392334,24.56999969482422,56257300
2019-01-02,21.063486099243164,24.959999084472656,25.13999938964844,24.01000022888184,24.07999992370605,71836300
2019-01-03,20.72593116760254,24.559999465942383,25.040000915527344,24.450000762939453,24.940000534057617,66599600
2019-01-04,21.586700439453125,25.57999992370605,25.64999961853028,25.030000686645508,25.100000381469727,83829100
2019-01-07,21.56982040405273,25.559999465942383,25.780000686645508,25.290000915527344,25.559999465942383,57016300
2019-01-08,21.52762985229492,25.51000022888184,25.790000915527344,25.09000015258789,25.71999931335449,67339400
2019-01-09,21.738597869873047,25.76000022888184,25.850000381469727,25.38999938964844,25.670000076293945,69707200
2019-01-10,21.71327781677246,25.729999542236328,25.780000686645508,25.420000076293945,25.559999465942383,65235800
2019-01-11,21.96644401550293,26.030000686645508,26.040000915527344,25.459999084472656,25.530000686645508,63476000
2019-01-14,22.25337028503418,26.3700008392334,26.479999542236328,25.61000061035156,25.770000457763672,76715400
2019-01-15,22.40526962280273,26.549999237060547,26.809999465942383,26.049999237060547,26.209999084472656,80625500
2019-01-16,24.008665084838867,28.450000762939453,28.71999931335449,27.86000061035156,28.1299991607666,163131700
2019-01-17,24.4643611907959,28.989999771118164,29.0,28.09000015258789,28.34000015258789,107428800
2019-01-18,24.72596740722656,29.299999237060547,29.459999084472656,28.709999084472656,29.020000457763672,97928200
2019-01-22,24.54874992370605,29.09000015258789,29.299999237060547,28.88999938964844,28.979999542236328,84861400
2019-01-23,24.405288696289062,28.920000076293945,29.280000686645508,28.6200008392334,29.21999931335449,79425900
2019-01-24,24.54031181335449,29.07999992370605,29.200000762939453,28.739999771118164,28.75,59492300
2019-01-25,24.96226119995117,29.57999992370605,29.71999931335449,29.13999938964844,29.280000686645508,72182100
2019-01-28,25.004453659057617,29.6299991607666,29.670000076293945,29.290000915527344,29.31999969482422,59963800
2019-01-29,24.80191421508789,29.38999938964844,29.700000762939453,29.34000015258789,29.540000915527344,51451900
2019-01-30,24.531871795654297,29.06999969482422,29.46999931335449,28.950000762939453,29.420000076293945,66475800
2019-01-31,24.02553939819336,28.46999931335449,28.84000015258789,27.979999542236328,28.75,100201200
2019-02-01,23.9495906829834,28.3799991607666,28.84000015258789,28.309999465942383,28.600000381469727,64244100
2019-02-04,24.371532440185547,28.8799991607666,28.96999931335449,28.420000076293945,28.46999931335449,55195900
2019-02-05,24.287145614624023,28.780000686645508,28.8799991607666,28.56999969482422,28.850000381469727,46622600
2019-02-06,24.24494743347168,28.729999542236328,28.89999961853028,28.540000915527344,28.670000076293945,35606900
2019-02-07,23.83144187927246,28.239999771118164,28.63999938964844,27.89999961853028,28.540000915527344,62289200
2019-02-08,23.873640060424805,28.290000915527344,28.31999969482422,27.86000061035156,28.14999961853028,50031300
2019-02-11,23.974910736083984,28.40999984741211,28.459999084472656,28.209999084472656,28.34000015258789,47724400
2019-02-12,24.211200714111328,28.690000534057617,28.86000061035156,28.57999992370605,28.6200008392334,49178100
2019-02-13,24.21963691711425,28.700000762939453,28.989999771118164,28.65999984741211,28.8700008392334,48951200
2019-02-14,23.95802879333496,28.38999938964844,28.6200008392334,28.11000061035156,28.36000061035156,47756600
2019-02-15,24.56562805175781,29.11000061035156,29.309999465942383,28.670000076293945,28.76000022888184,65867000
2019-02-19,24.582502365112305,29.1299991607666,29.26000022888184,28.75,28.93000030517578,40841300
2019-02-20,24.81879425048828,29.40999984741211,29.450000762939453,29.01000022888184,29.100000381469727,42806300
2019-02-21,24.7175235748291,29.290000915527344,29.450000762939453,29.11000061035156,29.32999992370605,42754100
2019-02-22,24.54031181335449,29.07999992370605,29.270000457763672,28.959999084472656,29.049999237060547,47887800
2019-02-25,24.70065116882324,29.270000457763672,29.59000015258789,29.1200008392334,29.1200008392334,61227400
2019-02-26,24.7175235748291,29.290000915527344,29.6299991607666,28.959999084472656,29.020000457763672,53153200
2019-02-27,24.920063018798828,29.530000686645508,29.670000076293945,29.209999084472656,29.299999237060547,48128600
2019-02-28,24.66560173034668,29.07999992370605,29.549999237060547,29.01000022888184,29.5,62358100
2019-03-01,24.86069107055664,29.309999465942383,29.64999961853028,29.209999084472656,29.32999992370605,45771500
2019-03-04,24.623193740844727,29.030000686645508,29.540000915527344,28.770000457763672,29.32999992370605,56893200
2019-03-05,24.66560173034668,29.07999992370605,29.190000534057617,28.700000762939453,29.020000457763672,39932500
2019-03-06,24.462038040161133,28.84000015258789,29.15999984741211,28.799999237060547,29.01000022888184,41672000
2019-03-07,24.21605682373047,28.549999237060547,28.71999931335449,28.26000022888184,28.670000076293945,53908600
2019-03-08,24.300880432128903,28.64999961853028,28.670000076293945,28.01000022888184,28.059999465942383,40860700
2019-03-11,24.546852111816406,28.940000534057617,29.059999465942383,28.700000762939453,28.700000762939453,40709300
2019-03-12,24.546852111816406,28.940000534057617,29.1200008392334,28.88999938964844,29.0,34450000
2019-03-13,24.843719482421875,29.290000915527344,29.51000022888184,28.979999542236328,29.049999237060547,54683300
2019-03-14,24.98791885375977,29.459999084472656,29.63999938964844,29.239999771118164,29.309999465942383,45219100
2019-03-15,24.85220527648925,29.299999237060547,29.61000061035156,29.26000022888184,29.440000534057617,82346200
2019-03-18,25.293270111083984,29.81999969482422,29.959999084472656,29.32999992370605,29.3799991607666,58568600
2019-03-19,25.14907455444336,29.64999961853028,30.13999938964844,29.540000915527344,30.01000022888184,55455100
2019-03-20,24.292400360107425,28.63999938964844,29.65999984741211,28.600000381469727,29.6200008392334,81689900
2019-03-21,23.9022274017334,28.18000030517578,28.600000381469727,28.040000915527344,28.450000762939453,77444400
2019-03-22,22.909835815429688,27.01000022888184,28.06999969482422,26.709999084472656,27.90999984741211,118851600
2019-03-25,22.765640258789062,26.84000015258789,27.3799991607666,26.61000061035156,26.90999984741211,65568000
2019-03-26,23.07947158813477,27.209999084472656,27.350000381469727,26.8799991607666,27.14999961853028,59878500
2019-03-27,22.92679786682129,27.030000686645508,27.3700008392334,26.950000762939453,27.09000015258789,57621700
2019-03-28,23.18126106262207,27.32999992370605,27.40999984741211,27.020000457763672,27.200000762939453,45872300
2019-03-29,23.401790618896484,27.59000015258789,27.68000030517578,27.299999237060547,27.549999237060547,83446300
2019-04-01,24.20758056640625,28.540000915527344,28.739999771118164,27.850000381469727,27.89999961853028,91751100
2019-04-02,24.48748207092285,28.8700008392334,28.8700008392334,28.350000381469727,28.46999931335449,66694000
2019-04-03,24.462038040161133,28.84000015258789,29.239999771118164,28.700000762939453,29.06999969482422,63110600
2019-04-04,24.72497940063477,29.14999961853028,29.309999465942383,28.84000015258789,28.850000381469727,53712100
2019-04-05,24.66560173034668,29.07999992370605,29.5,28.979999542236328,29.31999969482422,46383400
2019-04-08,24.74194526672364,29.170000076293945,29.200000762939453,28.8700008392334,28.88999938964844,35272800
2019-04-09,24.504444122314453,28.88999938964844,29.06999969482422,28.739999771118164,29.0,40535300
2019-04-10,24.65711975097656,29.06999969482422,29.14999961853028,28.75,28.89999961853028,42669700
2019-04-11,24.65711975097656,29.06999969482422,29.489999771118164,28.989999771118164,29.25,50440100
2019-04-12,25.59014129638672,30.170000076293945,30.21999931335449,29.559999465942383,29.559999465942383,100192000
2019-04-15,25.31023597717285,29.84000015258789,30.13999938964844,29.65999984741211,30.100000381469727,57438800
2019-04-16,25.344158172607425,29.8799991607666,30.049999237060547,29.0,29.299999237060547,105168400
2019-04-17,25.47138977050781,30.030000686645508,30.1200008392334,29.459999084472656,29.82999992370605,94831600
2019-04-18,25.47138977050781,30.030000686645508,30.15999984741211,29.81999969482422,29.950000762939453,61796600
2019-04-22,25.488353729248047,30.049999237060547,30.100000381469727,29.780000686645508,29.93000030517578,34763400
2019-04-23,25.505311965942383,30.06999969482422,30.209999084472656,29.920000076293945,29.989999771118164,41889700
2019-04-24,25.4629135131836,30.020000457763672,30.170000076293945,29.850000381469727,29.950000762939453,40078100
2019-04-25,25.51380157470703,30.07999992370605,30.31999969482422,29.89999961853028,29.90999984741211,43243800
2019-04-26,25.74281883239746,30.350000381469727,30.38999938964844,30.049999237060547,30.170000076293945,40627500
2019-04-29,26.09906005859375,30.770000457763672,31.170000076293945,30.40999984741211,30.43000030517578,68408600
2019-04-30,25.93790054321289,30.57999992370605,30.8799991607666,30.40999984741211,30.799999237060547,47764200
2019-05-01,25.666475296020508,30.26000022888184,30.88999938964844,30.18000030517578,30.559999465942383,56161000
2019-05-02,25.87004470825196,30.5,30.559999465942383,30.14999961853028,30.26000022888184,40634100
2019-05-03,26.04816627502441,30.709999084472656,30.799999237060547,30.5,30.65999984741211,35256100
2019-05-06,25.844594955444336,30.46999931335449,30.61000061035156,30.06999969482422,30.11000061035156,39882000
2019-05-07,25.37809181213379,29.920000076293945,30.170000076293945,29.6299991607666,30.15999984741211,58528400
2019-05-08,25.27630615234375,29.799999237060547,30.11000061035156,29.670000076293945,29.729999542236328,39903400
2019-05-09,25.19996452331543,29.709999084472656,29.780000686645508,29.280000686645508,29.420000076293945,44173500
2019-05-10,25.08970642089844,29.57999992370605,29.709999084472656,29.190000534057617,29.459999084472656,59649900
2019-05-13,23.96160125732422,28.25,29.0,28.049999237060547,28.959999084472656,72547000
2019-05-14,24.275434494018555,28.6200008392334,28.989999771118164,28.209999084472656,28.36000061035156,52216100
2019-05-15,23.99552726745605,28.290000915527344,28.489999771118164,28.01000022888184,28.100000381469727,51973200
2019-05-16,24.24999046325684,28.59000015258789,28.82999992370605,28.43000030517578,28.459999084472656,42791500
2019-05-17,24.08882713317871,28.39999961853028,28.63999938964844,28.21999931335449,28.25,43772500
2019-05-20,24.08882713317871,28.39999961853028,28.520000457763672,28.239999771118164,28.39999961853028,41717600
2019-05-21,24.334810256958008,28.690000534057617,28.75,28.450000762939453,28.56999969482422,39258700
2019-05-22,24.1651668548584,28.489999771118164,28.6299991607666,28.350000381469727,28.51000022888184,29177600
2019-05-23,23.545982360839844,27.76000022888184,28.200000762939453,27.5,28.1299991607666,59772900
2019-05-24,23.9022274017334,28.18000030517578,28.26000022888184,27.86000061035156,27.93000030517578,35524400
2019-05-28,23.664730072021484,27.89999961853028,28.25,27.8799991607666,28.049999237060547,44273400
2019-05-29,23.537498474121094,27.75,27.850000381469727,27.3799991607666,27.530000686645508,49818900
2019-05-30,23.03706359863281,27.15999984741211,27.93000030517578,26.979999542236328,27.770000457763672,58649300
2019-05-31,22.562068939208984,26.600000381469727,26.8700008392334,26.479999542236328,26.5,68304200
2019-06-03,22.62993049621582,26.68000030517578,26.989999771118164,26.39999961853028,26.59000015258789,50109900
2019-06-04,23.68169212341309,27.920000076293945,27.950000762939453,27.13999938964844,27.18000030517578,58426400
2019-06-05,23.67321014404297,27.90999984741211,28.01000022888184,27.459999084472656,27.84000015258789,44874400
2019-06-06,23.775541305541992,27.8799991607666,28.040000915527344,27.540000915527344,27.76000022888184,38633600
2019-06-07,23.477075576782227,27.530000686645508,27.790000915527344,27.420000076293945,27.75,51317200
2019-06-10,23.937572479248047,28.06999969482422,28.46999931335449,27.84000015258789,27.86000061035156,48305800
2019-06-11,24.082550048828125,28.239999771118164,28.700000762939453,28.13999938964844,28.3799991607666,38691800
2019-06-12,23.835243225097656,27.950000762939453,28.270000457763672,27.86000061035156,28.200000762939453,33528900
2019-06-13,23.82671356201172,27.940000534057617,28.15999984741211,27.809999465942383,27.96999931335449,33404200
2019-06-14,23.9119930267334,28.040000915527344,28.170000076293945,27.780000686645508,27.90999984741211,37322100
2019-06-17,23.81818580627441,27.93000030517578,28.21999931335449,27.790000915527344,28.01000022888184,33410100
2019-06-18,24.406606674194336,28.6200008392334,28.799999237060547,27.82999992370605,28.020000457763672,60170700
2019-06-19,24.15077018737793,28.31999969482422,28.96999931335449,28.299999237060547,28.700000762939453,61953500
2019-06-20,24.108131408691406,28.270000457763672,28.61000061035156,27.850000381469727,28.59000015258789,60887200
2019-06-21,23.9802188873291,28.1200008392334,28.549999237060547,28.07999992370605,28.190000534057617,69444000
2019-06-24,23.860822677612305,27.979999542236328,28.3799991607666,27.88999938964844,28.07999992370605,40046400
2019-06-25,23.67321014404297,27.76000022888184,28.020000457763672,27.3799991607666,28.020000457763672,46901300
2019-06-26,23.80112838745117,27.90999984741211,28.18000030517578,27.850000381469727,27.940000534057617,42312300
2019-06-27,24.05696487426757,28.209999084472656,28.31999969482422,28.059999465942383,28.07999992370605,35575600
2019-06-28,24.73065948486328,29.0,29.270000457763672,28.729999542236328,29.01000022888184,101856900
2019-07-01,25.08882522583008,29.420000076293945,29.850000381469727,29.25,29.479999542236328,48029900
2019-07-02,24.858577728271484,29.14999961853028,29.43000030517578,28.93000030517578,29.34000015258789,32263500
2019-07-03,24.773298263549805,29.049999237060547,29.239999771118164,28.93000030517578,29.190000534057617,26642300
2019-07-05,24.95238304138184,29.26000022888184,29.56999969482422,29.14999961853028,29.36000061035156,33092000
2019-07-08,24.901216506958008,29.200000762939453,29.299999237060547,28.940000534057617,29.01000022888184,30924400
2019-07-09,25.029136657714844,29.350000381469727,29.420000076293945,28.940000534057617,28.96999931335449,28750100
2019-07-10,24.74771881103516,29.020000457763672,29.39999961853028,28.959999084472656,29.170000076293945,40574800
2019-07-11,25.03766822814941,29.36000061035156,29.5,29.030000686645508,29.100000381469727,37376800
2019-07-12,25.114416122436523,29.450000762939453,29.530000686645508,29.36000061035156,29.440000534057617,29632900
2019-07-15,24.91826820373535,29.21999931335449,29.530000686645508,29.07999992370605,29.5,46462100
2019-07-16,24.722131729125977,28.989999771118164,29.200000762939453,28.86000061035156,29.170000076293945,54920400
2019-07-17,24.89269256591797,29.190000534057617,29.6200008392334,29.0,29.100000381469727,84958300
2019-07-18,25.139991760253903,29.479999542236328,29.57999992370605,29.18000030517578,29.280000686645508,49468800
2019-07-19,25.07176971435547,29.39999961853028,29.61000061035156,29.3799991607666,29.540000915527344,44863200
2019-07-22,25.21674537658692,29.56999969482422,29.61000061035156,29.280000686645508,29.290000915527344,31224300
2019-07-23,25.79663848876953,30.25,30.280000686645508,29.700000762939453,29.75,64030300
2019-07-24,26.154804229736328,30.670000076293945,30.75,30.040000915527344,30.06999969482422,53171900
2019-07-25,25.87338829040528,30.34000015258789,30.88999938964844,30.209999084472656,30.739999771118164,43251900
2019-07-26,26.240083694458008,30.770000457763672,30.989999771118164,30.420000076293945,30.56999969482422,46978800
2019-07-29,26.026891708374023,30.520000457763672,30.850000381469727,30.489999771118164,30.71999931335449,39176700
2019-07-30,26.34241485595703,30.88999938964844,30.89999961853028,30.14999961853028,30.209999084472656,37598300
2019-07-31,26.16333198547364,30.68000030517578,31.059999465942383,30.59000015258789,30.82999992370605,60607600
2019-08-01,25.14852523803711,29.489999771118164,31.06999969482422,29.36000061035156,30.549999237060547,76913400
2019-08-02,25.05472183227539,29.3799991607666,29.5,28.90999984741211,29.36000061035156,57492300
2019-08-05,23.946102142333984,28.07999992370605,28.63999938964844,27.709999084472656,28.530000686645508,96207700
2019-08-06,24.23604965209961,28.420000076293945,28.489999771118164,27.690000534057617,28.40999984741211,65115800
2019-08-07,23.784076690673828,27.88999938964844,27.93000030517578,27.1200008392334,27.61000061035156,75388500
2019-08-08,24.20193290710449,28.3799991607666,28.489999771118164,28.06999969482422,28.11000061035156,53141900
2019-08-09,24.15929412841797,28.32999992370605,28.520000457763672,27.96999931335449,28.270000457763672,53499600
2019-08-12,23.570884704589844,27.63999938964844,27.850000381469727,27.459999084472656,27.82999992370605,55674700
2019-08-13,23.639101028442383,27.71999931335449,28.25,27.3799991607666,27.56999969482422,69919200
2019-08-14,22.530488967895508,26.420000076293945,27.07999992370605,26.280000686645508,26.940000534057617,106591700
2019-08-15,22.3855094909668,26.25,26.82999992370605,26.209999084472656,26.57999992370605,70192000
2019-08-16,23.05068016052246,27.030000686645508,27.1200008392334,26.440000534057617,26.530000686645508,70841700
2019-08-19,23.255348205566406,27.270000457763672,27.700000762939453,27.13999938964844,27.63999938964844,44964800
2019-08-20,22.78632164001465,26.71999931335449,27.059999465942383,26.700000762939453,27.020000457763672,47665000
2019-08-21,22.965404510498047,26.93000030517578,27.07999992370605,26.790000915527344,26.93000030517578,47785400
2019-08-22,23.187129974365234,27.190000534057617,27.299999237060547,26.959999084472656,27.09000015258789,49353700
2019-08-23,22.57312774658203,26.46999931335449,27.21999931335449,26.26000022888184,26.950000762939453,81880700
2019-08-26,22.837486267089844,26.780000686645508,26.799999237060547,26.489999771118164,26.700000762939453,41499100
2019-08-27,22.57312774658203,26.46999931335449,26.89999961853028,26.280000686645508,26.86000061035156,52517000
2019-08-28,22.89718246459961,26.850000381469727,27.07999992370605,26.209999084472656,26.21999931335449,45897900
2019-08-29,23.3065128326416,27.32999992370605,27.450000762939453,26.920000076293945,27.0,55432900
2019-08-30,23.460018157958984,27.51000022888184,27.690000534057617,27.350000381469727,27.5,41326200
2019-09-03,23.06773567199707,27.049999237060547,27.229999542236328,26.61000061035156,27.209999084472656,50743100
2019-09-04,23.44296264648437,27.489999771118164,27.57999992370605,27.15999984741211,27.31999969482422,40862500
2019-09-05,24.138267517089844,28.1200008392334,28.43000030517578,27.799999237060547,27.850000381469727,63413700
2019-09-06,23.8034896850586,27.729999542236328,28.09000015258789,27.56999969482422,28.020000457763672,56054100
2019-09-09,24.5760498046875,28.6299991607666,28.850000381469727,27.96999931335449,28.0,68629300
2019-09-10,25.1941032409668,29.350000381469727,29.350000381469727,28.809999465942383,28.88999938964844,71066200
2019-09-11,25.288524627685547,29.459999084472656,29.46999931335449,28.89999961853028,29.3700008392334,53982200
2019-09-12,25.468788146972656,29.670000076293945,29.799999237060547,28.90999984741211,29.21999931335449,72943900
2019-09-13,25.897987365722656,30.170000076293945,30.31999969482422,29.8700008392334,30.0,79657000
2019-09-16,25.8636531829834,30.1299991607666,30.170000076293945,29.63999938964844,29.68000030517578,43391300
2019-09-17,25.7005558013916,29.940000534057617,30.020000457763672,29.59000015258789,29.850000381469727,48284900
2019-09-18,25.752063751220703,30.0,30.14999961853028,29.549999237060547,29.770000457763672,66640400
2019-09-19,25.59754753112793,29.81999969482422,30.100000381469727,29.75,30.0,43035700
2019-09-20,25.40011978149414,29.59000015258789,30.1299991607666,29.56999969482422,29.96999931335449,167269000
2019-09-23,25.340028762817383,29.520000457763672,29.6200008392334,29.170000076293945,29.309999465942383,52048300
2019-09-24,24.84215545654297,28.940000534057617,29.63999938964844,28.739999771118164,29.600000381469727,64806900
2019-09-25,25.108264923095703,29.25,29.40999984741211,28.780000686645508,28.780000686645508,45807700
2019-09-26,25.005250930786133,29.1299991607666,29.32999992370605,29.049999237060547,29.209999084472656,33198100
2019-09-27,25.1941032409668,29.350000381469727,29.709999084472656,29.209999084472656,29.40999984741211,41336600
2019-09-30,25.039587020874023,29.170000076293945,29.520000457763672,29.07999992370605,29.489999771118164,39191000
2019-10-01,24.4129581451416,28.440000534057617,29.51000022888184,28.40999984741211,29.440000534057617,49434400
2019-10-02,23.897911071777344,27.84000015258789,28.299999237060547,27.809999465942383,28.200000762939453,52293100
2019-10-03,23.87216186523437,27.809999465942383,27.8799991607666,27.15999984741211,27.76000022888184,53015800
2019-10-04,24.35286521911621,28.3700008392334,28.39999961853028,27.84000015258789,27.850000381469727,42641800
2019-10-07,24.301359176635746,28.309999465942383,28.6200008392334,28.18000030517578,28.32999992370605,36742400
2019-10-08,23.717649459838867,27.6299991607666,27.920000076293945,27.459999084472656,27.8700008392334,58201100
2019-10-09,23.94083404541016,27.88999938964844,28.06999969482422,27.75,27.82999992370605,37511400
2019-10-10,24.421539306640625,28.450000762939453,28.75,28.040000915527344,28.040000915527344,48239300
2019-10-11,24.81640625,28.90999984741211,29.34000015258789,28.86000061035156,28.989999771118164,70008600
2019-10-14,25.013835906982425,29.13999938964844,29.15999984741211,28.729999542236328,28.739999771118164,36040100
2019-10-15,25.52029228210449,29.729999542236328,30.239999771118164,29.11000061035156,29.34000015258789,78656000
2019-10-16,25.897987365722656,30.170000076293945,30.71999931335449,30.14999961853028,30.3700008392334,87131700
2019-10-17,25.97524642944336,30.26000022888184,30.540000915527344,30.0,30.299999237060547,55575900
2019-10-18,26.05250358581543,30.350000381469727,30.489999771118164,30.100000381469727,30.1299991607666,48872900
2019-10-21,26.62763786315918,31.020000457763672,31.14999961853028,30.6299991607666,30.670000076293945,61087400
2019-10-22,26.78214263916016,31.200000762939453,31.3700008392334,30.75,30.96999931335449,58662100
2019-10-23,26.970993041992188,31.420000076293945,31.440000534057617,31.09000015258789,31.1299991607666,47771200
2019-10-24,26.91948699951172,31.36000061035156,31.520000457763672,31.200000762939453,31.450000762939453,39491000
2019-10-25,27.228515625,31.71999931335449,31.850000381469727,31.34000015258789,31.36000061035156,43702000
2019-10-28,27.33152198791504,31.84000015258789,32.22999954223633,31.739999771118164,31.96999931335449,58790300
2019-10-29,27.52895164489746,32.06999969482422,32.13999938964844,31.809999465942383,31.940000534057617,48266600
2019-10-30,27.14267349243164,31.6200008392334,32.0099983215332,31.530000686645508,32.0099983215332,45262400
2019-10-31,26.84223175048828,31.270000457763672,31.6200008392334,30.81999969482422,31.40999984741211,49430900
2019-11-01,27.297182083129883,31.799999237060547,31.84000015258789,31.3700008392334,31.700000762939453,41985300
2019-11-04,27.812225341796875,32.400001525878906,32.5,32.099998474121094,32.2400016784668,54228600
2019-11-05,28.17275619506836,32.81999969482422,33.09000015258789,32.5,32.5099983215332,68785600
2019-11-06,28.14700508117676,32.790000915527344,33.060001373291016,32.66999816894531,32.7599983215332,47524500
2019-11-07,28.524703979492188,33.22999954223633,33.599998474121094,33.0099983215332,33.11000061035156,68310700
2019-11-08,28.550451278686523,33.2599983215332,33.27000045776367,32.93000030517578,33.06999969482422,38724000
2019-11-11,28.48178100585937,33.18000030517578,33.25,32.970001220703125,33.029998779296875,27784000
2019-11-12,28.404523849487305,33.09000015258789,33.31999969482422,32.9900016784668,33.130001068115234,37282200
2019-11-13,28.14700508117676,32.790000915527344,32.88999938964844,32.47999954223633,32.720001220703125,48887800
2019-11-14,28.069747924804688,32.70000076293945,32.86000061035156,32.4900016784668,32.689998626708984,35554600
2019-11-15,28.267183303833008,32.93000030517578,32.959999084472656,32.70000076293945,32.91999816894531,36398300
2019-11-18,28.292932510375977,32.959999084472656,33.029998779296875,32.75,32.86000061035156,31133700
2019-11-19,28.275766372680664,32.939998626708984,33.150001525878906,32.81999969482422,33.119998931884766,33183700
2019-11-20,28.0611629486084,32.689998626708984,32.83000183105469,32.41999816894531,32.790000915527344,43612200
2019-11-21,28.189926147460938,32.84000015258789,33.040000915527344,32.630001068115234,32.779998779296875,42787600
2019-11-22,28.48178100585937,33.18000030517578,33.31999969482422,32.939998626708984,32.959999084472656,38783900
2019-11-25,28.7307186126709,33.470001220703125,33.5099983215332,33.2599983215332,33.33000183105469,50238800
2019-11-26,28.6277084350586,33.349998474121094,33.400001525878906,33.119998931884766,33.380001068115234,50626600
2019-11-27,28.68779182434082,33.41999816894531,33.599998474121094,33.310001373291016,33.4900016784668,32097700
2019-11-29,28.60194969177246,33.31999969482422,33.52000045776367,33.2400016784668,33.369998931884766,19503400
2019-12-02,28.696378707885746,33.43000030517578,33.75,33.34000015258789,33.45000076293945,47158800
2019-12-03,28.189926147460938,32.84000015258789,32.900001525878906,32.54999923706055,32.869998931884766,58745100
2019-12-04,28.45603370666504,33.150001525878906,33.29999923706055,32.849998474121094,33.08000183105469,46637900
2019-12-05,28.55959892272949,33.09000015258789,33.220001220703125,33.0,33.15999984741211,38304500
2019-12-06,29.06018829345703,33.66999816894531,33.79999923706055,33.56999969482422,33.68000030517578,50908500
2019-12-09,28.922094345092773,33.5099983215332,33.70000076293945,33.439998626708984,33.5,32974500
2019-12-10,28.939350128173828,33.529998779296875,33.630001068115234,33.29999923706055,33.400001525878906,41960100
2019-12-11,29.034299850463867,33.63999938964844,33.7599983215332,33.47999954223633,33.47999954223633,43107800
2019-12-12,29.93190574645996,34.68000030517578,34.810001373291016,33.68000030517578,33.779998779296875,64942500
2019-12-13,29.72476577758789,34.439998626708984,34.959999084472656,34.349998474121094,34.689998626708984,48539600
2019-12-16,29.94917678833008,34.70000076293945,35.09000015258789,34.70000076293945,34.95000076293945,50777100
2019-12-17,30.24262428283692,35.040000915527344,35.27000045776367,34.7400016784668,34.849998474121094,50840500
2019-12-18,30.30304336547852,35.11000061035156,35.27000045776367,35.04999923706055,35.11000061035156,48757900
2019-12-19,30.164945602416992,34.95000076293945,35.22999954223633,34.88999938964844,35.150001525878906,45409500
2019-12-20,30.173572540283203,34.959999084472656,35.2400016784668,34.90999984741211,35.2400016784668,109395500
2019-12-23,30.35481643676757,35.16999816894531,35.189998626708984,34.95000076293945,35.040000915527344,33995400
2019-12-24,30.39798355102539,35.220001220703125,35.279998779296875,35.119998931884766,35.189998626708984,13805400
2019-12-26,30.656906127929688,35.52000045776367,35.560001373291016,35.290000915527344,35.31999969482422,26992100
2019-12-27,30.51018714904785,35.349998474121094,35.720001220703125,35.2599983215332,35.70000076293945,28111300
2019-12-30,30.33755874633789,35.150001525878906,35.650001525878906,35.09000015258789,35.56999969482422,30705100
2019-12-31,30.39798355102539,35.220001220703125,35.2599983215332,34.970001220703125,35.029998779296875,29630100
2020-01-02,30.760469436645508,35.63999938964844,35.65999984741211,35.290000915527344,35.349998474121094,37614200
2020-01-03,30.121788024902344,34.900001525878906,35.150001525878906,34.7599983215332,34.97999954223633,50357900
2020-01-06,30.078628540039062,34.849998474121094,34.900001525878906,34.369998931884766,34.40999984741211,42185000
2020-01-07,29.88012313842773,34.619998931884766,34.91999816894531,34.529998779296875,34.70000076293945,34149000
2020-01-08,30.182205200195312,34.970001220703125,35.189998626708984,34.54999923706055,34.56999969482422,45311600
2020-01-09,30.233991622924805,35.029998779296875,35.33000183105469,34.939998626708984,35.29999923706055,39861600
2020-01-10,29.98369407653809,34.7400016784668,35.06999969482422,34.65999984741211,35.0,39730400
2020-01-13,30.259885787963867,35.060001373291016,35.06999969482422,34.65999984741211,34.84000015258789,37956100
2020-01-14,30.484283447265625,35.31999969482422,35.66999816894531,35.11000061035156,35.29999923706055,66719300
2020-01-15,29.92327880859375,34.66999816894531,34.790000915527344,34.34000015258789,34.77000045776367,74745500
2020-01-16,29.96643447875977,34.720001220703125,34.9900016784668,34.599998474121094,34.900001525878906,50368500
2020-01-17,29.95779800415039,34.709999084472656,34.95000076293945,34.599998474121094,34.91999816894531,54156100
2020-01-21,29.56940269470215,34.2599983215332,34.52000045776367,34.220001220703125,34.41999816894531,50811000
2020-01-22,29.655723571777344,34.36000061035156,34.45000076293945,34.22999954223633,34.369998931884766,38879700
2020-01-23,29.44858360290528,34.119998931884766,34.2599983215332,33.72999954223633,34.09000015258789,45717100
2020-01-24,28.94798851013184,33.540000915527344,34.13999938964844,33.27000045776367,34.119998931884766,47797200
2020-01-27,28.352458953857425,32.849998474121094,33.130001068115234,32.470001220703125,32.56999969482422,57096200
2020-01-28,28.689064025878903,33.2400016784668,33.4900016784668,32.95000076293945,33.02000045776367,38834600
2020-01-29,28.49055290222168,33.0099983215332,33.439998626708984,32.97999954223633,33.33000183105469,37414700
2020-01-30,28.89620780944824,33.47999954223633,33.52000045776367,32.66999816894531,32.70000076293945,50542800
2020-01-31,28.3351993560791,32.83000183105469,33.16999816894531,32.650001525878906,33.06999969482422,54845300
2020-02-03,28.456031799316406,32.970001220703125,33.400001525878906,32.91999816894531,33.0,48485500
2020-02-04,29.017032623291016,33.619998931884766,33.900001525878906,33.529998779296875,33.560001373291016,45061600
2020-02-05,29.95779800415039,34.709999084472656,34.810001373291016,34.06999969482422,34.099998474121094,54604800
2020-02-06,29.92327880859375,34.66999816894531,35.0099983215332,34.599998474121094,34.939998626708984,39511500
2020-02-07,29.871490478515625,34.61000061035156,34.65999984741211,34.2400016784668,34.31999969482422,31263000
2020-02-10,29.940540313720703,34.689998626708984,34.689998626708984,34.380001068115234,34.439998626708984,24373800
2020-02-11,30.00959587097168,34.77000045776367,35.040000915527344,34.7599983215332,34.849998474121094,32476300
2020-02-12,30.13904571533203,34.91999816894531,35.45000076293945,34.779998779296875,35.08000183105469,36656700
2020-02-13,30.13042640686035,34.90999984741211,35.029998779296875,34.54999923706055,34.7599983215332,31775100
2020-02-14,30.078628540039062,34.849998474121094,34.959999084472656,34.70000076293945,34.880001068115234,26447700
2020-02-18,29.578044891357425,34.27000045776367,34.83000183105469,34.0099983215332,34.77000045776367,40318000
2020-02-19,29.96643447875977,34.720001220703125,34.849998474121094,34.40999984741211,34.45000076293945,29632100
2020-02-20,30.078628540039062,34.849998474121094,35.08000183105469,34.459999084472656,34.459999084472656,42604100
2020-02-21,29.655723571777344,34.36000061035156,34.63999938964844,34.13999938964844,34.529998779296875,46675500
2020-02-24,28.24888801574707,32.72999954223633,33.209999084472656,32.52000045776367,33.18000030517578,79159600
2020-02-25,26.824796676635746,31.07999992370605,32.7599983215332,30.84000015258789,32.689998626708984,91586800
2020-02-26,26.436403274536133,30.6299991607666,31.600000381469727,30.559999465942383,31.38999938964844,80012800
2020-02-27,25.141769409179688,29.1299991607666,30.299999237060547,28.90999984741211,29.549999237060547,121148300
2020-02-28,24.598024368286133,28.5,28.75,27.700000762939453,28.0,171198800
2020-03-02,25.34890937805176,29.3700008392334,29.3799991607666,27.440000534057617,28.350000381469727,147776300
2020-03-03,23.9507064819336,27.75,29.75,27.6200008392334,29.3700008392334,138698500
2020-03-04,24.503082275390625,28.38999938964844,28.420000076293945,27.39999961853028,28.25,111239800
2020-03-05,23.260990142822266,26.780000686645508,27.350000381469727,26.39999961853028,27.239999771118164,110878700
2020-03-06,22.331588745117188,25.709999084472656,26.209999084472656,25.100000381469727,25.46999931335449,119121200
2020-03-09,19.04830551147461,21.93000030517578,23.489999771118164,21.51000022888184,22.229999542236328,145196000
2020-03-10,20.50754165649414,23.61000061035156,23.68000030517578,21.59000015258789,23.25,134863600
2020-03-11,19.69106101989746,22.670000076293945,23.959999084472656,22.26000022888184,22.84000015258789,127347000
2020-03-12,17.814897537231445,20.51000022888184,22.8700008392334,20.14999961853028,20.59000015258789,139552600
2020-03-13,20.98527717590332,24.15999984741211,24.25,21.479999542236328,22.190000534057617,128357400
2020-03-16,17.75409698486328,20.440000534057617,21.729999542236328,19.57999992370605,19.850000381469727,121688800
2020-03-17,19.09172821044922,21.979999542236328,22.690000534057617,20.030000686645508,21.059999465942383,120065700
2020-03-18,18.05810546875,20.790000915527344,20.96999931335449,19.700000762939453,20.270000457763672,148272500
2020-03-19,18.41423225402832,21.200000762939453,21.75,19.0,20.26000022888184,122461300
2020-03-20,17.08527946472168,19.670000076293945,21.84000015258789,19.559999465942383,21.76000022888184,150910400
2020-03-23,15.704206466674805,18.07999992370605,19.670000076293945,17.950000762939453,19.26000022888184,181898500
2020-03-24,18.26656913757324,21.030000686645508,21.14999961853028,19.01000022888184,19.420000076293945,147882400
2020-03-25,18.32736587524414,21.100000381469727,22.100000381469727,20.40999984741211,21.709999084472656,146991300
2020-03-26,19.7344913482666,22.71999931335449,22.950000762939453,21.170000076293945,21.309999465942383,116111400
2020-03-27,18.76166725158692,21.600000381469727,22.200000762939453,21.100000381469727,21.68000030517578,91522800
2020-03-30,19.143844604492188,22.040000915527344,22.350000381469727,21.270000457763672,21.64999961853028,80449100
2020-03-31,18.44028091430664,21.229999542236328,22.489999771118164,20.959999084472656,21.81999969482422,95213700
2020-04-01,17.172138214111328,19.770000457763672,20.350000381469727,19.51000022888184,19.93000030517578,83961300
2020-04-02,17.867013931274414,20.56999969482422,20.790000915527344,19.59000015258789,19.64999961853028,70007400
2020-04-03,17.397974014282227,20.030000686645508,20.739999771118164,19.68000030517578,20.39999961853028,68293500
2020-04-06,18.579259872436523,21.38999938964844,21.600000381469727,20.809999465942383,21.030000686645508,97766200
2020-04-07,19.2307071685791,22.13999938964844,22.8799991607666,21.850000381469727,22.799999237060547,94560300
2020-04-08,20.368566513061523,23.450000762939453,23.600000381469727,22.40999984741211,22.40999984741211,81212300
2020-04-09,21.59328842163086,24.86000061035156,25.31999969482422,24.049999237060547,24.06999969482422,125275700
2020-04-13,20.776805877685547,23.920000076293945,24.850000381469727,23.780000686645508,24.780000686645508,83164700
2020-04-14,20.61177444458008,23.729999542236328,24.64999961853028,23.100000381469727,24.5,88991100
2020-04-15,19.27413749694824,22.190000534057617,22.64999961853028,21.90999984741211,22.15999984741211,99082200
2020-04-16,18.60531997680664,21.420000076293945,22.209999084472656,21.09000015258789,22.14999961853028,89213300
2020-04-17,20.22090530395508,23.280000686645508,23.39999961853028,22.309999465942383,22.34000015258789,92800300
2020-04-20,19.54340362548828,22.5,23.1299991607666,22.18000030517578,22.56999969482422,74446300
2020-04-21,18.7964096069336,21.63999938964844,22.3700008392334,21.5,21.89999961853028,78871300
2020-04-22,18.93538284301757,21.799999237060547,22.229999542236328,21.75,22.15999984741211,49669500
2020-04-23,18.99618911743164,21.8700008392334,22.38999938964844,21.850000381469727,21.959999084472656,50614800
2020-04-24,19.26544952392578,22.18000030517578,22.299999237060547,21.670000076293945,22.11000061035156,47633500
2020-04-27,20.38593864440918,23.46999931335449,23.64999961853028,22.450000762939453,22.520000457763672,66916700
2020-04-28,20.75075340270996,23.88999938964844,24.809999465942383,23.850000381469727,24.450000762939453,65504900
2020-04-29,21.523799896240234,24.780000686645508,25.11000061035156,24.51000022888184,24.90999984741211,73493900
2020-04-30,20.889726638793945,24.049999237060547,24.3799991607666,23.850000381469727,24.209999084472656,55244100
2020-05-01,20.04718780517578,23.07999992370605,23.459999084472656,22.809999465942383,23.3799991607666,51772600
2020-05-04,19.916898727416992,22.93000030517578,22.989999771118164,22.43000030517578,22.700000762939453,45886100
2020-05-05,19.682373046875,22.65999984741211,23.520000457763672,22.6200008392334,23.479999542236328,45691900
2020-05-06,19.41311836242676,22.350000381469727,23.07999992370605,22.229999542236328,23.0,53874600
2020-05-07,19.83872413635254,22.84000015258789,23.3700008392334,22.61000061035156,22.65999984741211,51884300
2020-05-08,20.47279930114746,23.56999969482422,23.6200008392334,23.25,23.46999931335449,45181000
2020-05-11,19.61288833618164,22.57999992370605,23.1200008392334,22.559999465942383,23.11000061035156,68951800
2020-05-12,18.99618911743164,21.8700008392334,22.81999969482422,21.850000381469727,22.709999084472656,69588700
2020-05-13,18.12759590148925,20.8700008392334,21.75,20.71999931335449,21.65999984741211,112113400
2020-05-14,18.85721015930176,21.709999084472656,21.790000915527344,20.100000381469727,20.290000915527344,88359100
2020-05-15,18.622690200805664,21.440000534057617,21.700000762939453,21.229999542236328,21.39999961853028,64484000
2020-05-18,19.916898727416992,22.93000030517578,23.059999465942383,22.06999969482422,22.420000076293945,86589400
2020-05-19,19.2915096282959,22.209999084472656,23.0,22.190000534057617,22.65999984741211,62179000
2020-05-20,19.899526596069336,22.90999984741211,23.0,22.63999938964844,22.68000030517578,59789500
2020-05-21,19.89083671569824,22.89999961853028,23.270000457763672,22.780000686645508,22.809999465942383,57726000
2020-05-22,19.682373046875,22.65999984741211,22.950000762939453,22.459999084472656,22.93000030517578,48107000
2020-05-26,21.089500427246094,24.280000686645508,24.600000381469727,23.700000762939453,23.75,119485500
2020-05-27,22.566112518310547,25.979999542236328,26.170000076293945,24.96999931335449,26.06999969482422,117672700
2020-05-28,21.59328842163086,24.86000061035156,26.13999938964844,24.790000915527344,26.07999992370605,84340800
2020-05-29,20.950529098510746,24.1200008392334,24.90999984741211,24.059999465942383,24.420000076293945,113811100
2020-06-01,21.37614250183105,24.61000061035156,24.8700008392334,24.049999237060547,24.280000686645508,58375500
2020-06-02,21.57591819763184,24.84000015258789,25.38999938964844,24.559999465942383,24.959999084472656,71118100
2020-06-03,22.57480239868164,25.989999771118164,26.13999938964844,25.38999938964844,25.5,86744600
2020-06-04,23.423213958740234,26.780000686645508,26.82999992370605,25.56999969482422,25.709999084472656,94545300
2020-06-05,24.58650588989257,28.11000061035156,29.01000022888184,27.8799991607666,28.950000762939453,118767900
2020-06-08,24.962608337402344,28.540000915527344,28.89999961853028,28.13999938964844,28.59000015258789,79598500
2020-06-09,24.68271446228028,28.21999931335449,28.540000915527344,27.549999237060547,27.71999931335449,77773400
2020-06-10,23.265783309936523,26.600000381469727,28.100000381469727,26.51000022888184,27.96999931335449,90415300
2020-06-11,20.93044662475586,23.93000030517578,25.690000534057617,23.68000030517578,24.979999542236328,149875500
2020-06-12,21.67390823364257,24.780000686645508,25.049999237060547,24.040000915527344,25.030000686645508,73729700
2020-06-15,21.997529983520508,25.14999961853028,25.170000076293945,23.690000534057617,23.76000022888184,76538900
2020-06-16,22.566057205200195,25.799999237060547,26.239999771118164,24.86000061035156,26.18000030517578,96796500
2020-06-17,21.866331100463867,25.0,25.89999961853028,24.920000076293945,25.89999961853028,58349500
2020-06-18,21.901317596435547,25.040000915527344,25.489999771118164,24.57999992370605,24.700000762939453,53419000
2020-06-19,22.08499336242676,25.25,25.489999771118164,24.489999771118164,25.440000534057617,127563600
2020-06-22,21.53396224975586,24.6200008392334,25.030000686645508,24.61000061035156,24.88999938964844,55484300
2020-06-23,21.682661056518555,24.790000915527344,25.40999984741211,24.76000022888184,25.01000022888184,46108300
2020-06-24,20.825498580932617,23.809999465942383,24.540000915527344,23.68000030517578,24.540000915527344,75437100
2020-06-25,21.62142372131348,24.71999931335449,24.770000457763672,23.549999237060547,23.700000762939453,65031900
2020-06-26,20.248220443725582,23.14999961853028,24.11000061035156,23.020000457763672,24.09000015258789,118139200
2020-06-29,20.458139419555664,23.38999938964844,23.84000015258789,23.100000381469727,23.40999984741211,66269200
2020-06-30,20.77301979064941,23.75,23.90999984741211,23.100000381469727,23.200000762939453,61716200
2020-07-01,20.344438552856445,23.26000022888184,24.06999969482422,23.229999542236328,24.030000686645508,57379900
2020-07-02,20.37067222595215,23.290000915527344,23.989999771118164,23.21999931335449,23.84000015258789,56000200
2020-07-06,20.69429588317871,23.65999984741211,24.07999992370605,23.459999084472656,23.81999969482422,59589000
2020-07-07,20.12577247619629,23.01000022888184,23.38999938964844,22.89999961853028,23.3799991607666,60645800
2020-07-08,20.204490661621094,23.100000381469727,23.190000534057617,22.700000762939453,23.030000686645508,52922600
2020-07-09,19.91585731506348,22.770000457763672,23.15999984741211,22.38999938964844,22.940000534057617,79385900
2020-07-10,21.009174346923828,24.020000457763672,24.049999237060547,22.68000030517578,22.709999084472656,81142900
2020-07-13,21.15786361694336,24.190000534057617,24.51000022888184,23.86000061035156,24.3700008392334,73598100
2020-07-14,21.114131927490234,24.13999938964844,24.14999961853028,23.450000762939453,23.88999938964844,67423100
2020-07-15,21.51646614074707,24.600000381469727,24.8700008392334,24.280000686645508,24.76000022888184,57384400
2020-07-16,20.93044662475586,23.93000030517578,24.21999931335449,23.540000915527344,23.75,78067100
2020-07-17,20.30945205688477,23.21999931335449,23.979999542236328,23.200000762939453,23.8799991607666,66659100
2020-07-20,20.624326705932617,23.57999992370605,23.700000762939453,23.11000061035156,23.190000534057617,61114000
2020-07-21,21.359033584594727,24.420000076293945,24.479999542236328,23.690000534057617,23.709999084472656,75499300
2020-07-22,21.262819290161133,24.309999465942383,24.32999992370605,23.96999931335449,24.239999771118164,52193700
2020-07-23,21.463991165161133,24.540000915527344,24.63999938964844,24.11000061035156,24.520000457763672,61047600
2020-07-24,21.29780960083008,24.350000381469727,24.82999992370605,24.270000457763672,24.559999465942383,50217600
2020-07-27,21.114131927490234,24.13999938964844,24.270000457763672,23.8799991607666,24.21999931335449,54721300
2020-07-28,21.306554794311523,24.36000061035156,24.559999465942383,24.07999992370605,24.1299991607666,48406500
2020-07-29,22.10248756408692,25.270000457763672,25.290000915527344,24.190000534057617,24.36000061035156,71393500
2020-07-30,21.72638893127441,24.84000015258789,24.950000762939453,24.350000381469727,24.71999931335449,61755900
2020-07-31,21.761375427246094,24.8799991607666,24.950000762939453,24.459999084472656,24.93000030517578,61955800
2020-08-03,21.857585906982425,24.989999771118164,25.309999465942383,24.690000534057617,25.030000686645508,58284000
2020-08-04,21.87508010864257,25.01000022888184,25.059999465942383,24.86000061035156,24.959999084472656,37985300
2020-08-05,22.20744705200196,25.38999938964844,25.59000015258789,25.25,25.31999969482422,51322600
2020-08-06,22.27742385864257,25.46999931335449,25.670000076293945,25.280000686645508,25.450000762939453,51999700
2020-08-07,22.83719825744629,26.11000061035156,26.190000534057617,25.26000022888184,25.34000015258789,63354500
2020-08-10,23.230789184570312,26.559999465942383,26.809999465942383,26.209999084472656,26.309999465942383,64051100
2020-08-11,23.5456657409668,26.920000076293945,27.75,26.780000686645508,27.280000686645508,81441000
2020-08-12,23.37948226928711,26.729999542236328,27.56999969482422,26.40999984741211,27.479999542236328,61971300
2020-08-13,23.04711532592773,26.350000381469727,26.670000076293945,26.13999938964844,26.489999771118164,55955500
2020-08-14,23.152074813842773,26.46999931335449,26.65999984741211,25.920000076293945,26.059999465942383,50931900
2020-08-17,22.65351676940918,25.89999961853028,26.40999984741211,25.84000015258789,26.309999465942383,57518700
2020-08-18,22.32989883422852,25.530000686645508,25.989999771118164,25.459999084472656,25.8700008392334,45850100
2020-08-19,22.30365753173828,25.5,26.07999992370605,25.38999938964844,25.65999984741211,59856000
2020-08-20,21.95379447937012,25.100000381469727,25.32999992370605,25.020000457763672,25.15999984741211,49403700
2020-08-21,21.848838806152344,24.979999542236328,25.43000030517578,24.89999961853028,24.979999542236328,55010700
2020-08-24,22.46984100341797,25.690000534057617,25.700000762939453,25.040000915527344,25.21999931335449,54579500
2020-08-25,22.740982055664062,26.0,26.190000534057617,25.729999542236328,26.040000915527344,57304700
2020-08-26,22.35613822937012,25.559999465942383,25.940000534057617,25.540000915527344,25.940000534057617,39478000
2020-08-27,22.784717559814453,26.049999237060547,26.21999931335449,25.440000534057617,25.489999771118164,52934800
2020-08-28,23.00338554382324,26.299999237060547,26.46999931335449,25.989999771118164,26.39999961853028,46466400
2020-08-31,22.51357650756836,25.739999771118164,26.13999938964844,25.690000534057617,26.09000015258789,49416200
2020-09-01,22.48733329772949,25.709999084472656,25.89999961853028,25.39999961853028,25.57999992370605,46109200
2020-09-02,22.75847816467285,26.020000457763672,26.15999984741211,25.489999771118164,25.530000686645508,57300900
2020-09-03,22.59994506835937,25.65999984741211,26.6200008392334,25.459999084472656,26.200000762939453,86192500
2020-09-04,23.37500190734864,26.540000915527344,26.76000022888184,25.799999237060547,26.26000022888184,99621400
2020-09-08,22.4414119720459,25.479999542236328,26.31999969482422,25.38999938964844,26.13999938964844,74978600
2020-09-09,22.467832565307617,25.51000022888184,25.71999931335449,25.229999542236328,25.63999938964844,53822700
2020-09-10,22.141958236694336,25.13999938964844,25.88999938964844,25.07999992370605,25.700000762939453,56609600
2020-09-11,22.459020614624023,25.5,25.57999992370605,25.09000015258789,25.21999931335449,47708300
2020-09-14,22.67921257019043,25.75,25.989999771118164,25.540000915527344,25.670000076293945,47802400
2020-09-15,22.2652587890625,25.280000686645508,25.82999992370605,25.190000534057617,25.770000457763672,63820200
2020-09-16,22.547100067138672,25.600000381469727,25.90999984741211,25.049999237060547,25.280000686645508,64598600
2020-09-17,22.3269157409668,25.350000381469727,25.479999542236328,25.100000381469727,25.1299991607666,48862000
2020-09-18,22.20360374450684,25.209999084472656,25.57999992370605,25.100000381469727,25.14999961853028,94055800
2020-09-21,21.55185890197754,24.46999931335449,24.780000686645508,24.030000686645508,24.56999969482422,75218600
2020-09-22,21.085060119628903,23.940000534057617,24.600000381469727,23.809999465942383,24.270000457763672,68665300
2020-09-23,20.48615264892578,23.26000022888184,24.26000022888184,23.26000022888184,24.100000381469727,59950300
2020-09-24,20.55661392211914,23.34000015258789,23.81999969482422,22.950000762939453,23.3799991607666,53570700
2020-09-25,20.68872833251953,23.489999771118164,23.549999237060547,23.1299991607666,23.280000686645508,42111300
2020-09-28,21.21717643737793,24.09000015258789,24.309999465942383,23.790000915527344,23.8799991607666,47996900
2020-09-29,20.93533515930176,23.770000457763672,23.989999771118164,23.530000686645508,23.979999542236328,45695200
2020-09-30,21.21717643737793,24.09000015258789,24.31999969482422,23.770000457763672,23.780000686645508,56226100
2020-10-01,21.225982666015625,24.100000381469727,24.40999984741211,23.86000061035156,24.270000457763672,44782200
2020-10-02,21.32286071777344,24.209999084472656,24.43000030517578,23.56999969482422,23.63999938964844,51682100
2020-10-05,21.68396759033203,24.6200008392334,24.709999084472656,24.3799991607666,24.520000457763672,44396800
2020-10-06,21.46378517150879,24.3700008392334,25.190000534057617,24.280000686645508,24.920000076293945,67541100
2020-10-07,21.912960052490234,24.8799991607666,25.11000061035156,24.600000381469727,24.6299991607666,47648000
2020-10-08,22.230030059814453,25.239999771118164,25.299999237060547,24.809999465942383,24.950000762939453,52080600
2020-10-09,22.33572196960449,25.36000061035156,25.489999771118164,25.040000915527344,25.34000015258789,44511500
2020-10-12,22.6175594329834,25.68000030517578,25.82999992370605,25.239999771118164,25.299999237060547,48362900
2020-10-13,21.9746150970459,24.950000762939453,25.68000030517578,24.84000015258789,25.63999938964844,61186900
2020-10-14,20.803226470947266,23.6200008392334,24.59000015258789,23.59000015258789,24.350000381469727,127409500
2020-10-15,21.27002143859864,24.14999961853028,24.200000762939453,23.479999542236328,23.59000015258789,66832400
2020-10-16,21.34928703308105,24.239999771118164,24.350000381469727,23.940000534057617,24.200000762939453,58357700
2020-10-19,20.89129638671875,23.71999931335449,24.31999969482422,23.690000534057617,24.299999237060547,51377900
2020-10-20,21.261213302612305,24.13999938964844,24.479999542236328,23.8799991607666,23.88999938964844,62476400
2020-10-21,21.18194580078125,24.049999237060547,24.34000015258789,24.01000022888184,24.21999931335449,41564900
2020-10-22,21.90415954589844,24.8700008392334,24.90999984741211,24.0,24.049999237060547,55402000
2020-10-23,21.93057632446289,24.89999961853028,25.26000022888184,24.709999084472656,25.239999771118164,51007400
2020-10-26,21.613508224487305,24.540000915527344,24.57999992370605,24.14999961853028,24.46999931335449,59450200
2020-10-27,21.005794525146484,23.850000381469727,24.38999938964844,23.809999465942383,24.290000915527344,55009300
2020-10-28,20.671106338500977,23.46999931335449,23.65999984741211,23.1200008392334,23.40999984741211,81942500
2020-10-29,20.732765197753903,23.540000915527344,23.75,23.1200008392334,23.36000061035156,57490400
2020-10-30,20.873680114746094,23.700000762939453,23.84000015258789,23.239999771118164,23.489999771118164,66453400
2020-11-02,21.20836639404297,24.07999992370605,24.26000022888184,23.46999931335449,23.88999938964844,59756400
2020-11-03,21.74562644958496,24.690000534057617,24.940000534057617,24.51000022888184,24.57999992370605,65106200
2020-11-04,20.856067657470703,23.68000030517578,24.13999938964844,23.270000457763672,23.88999938964844,88845500
2020-11-05,21.67516326904297,24.61000061035156,24.790000915527344,23.86000061035156,23.89999961853028,74722600
2020-11-06,21.41093635559082,24.309999465942383,24.959999084472656,24.229999542236328,24.93000030517578,55454500
2020-11-09,24.449512481689453,27.76000022888184,28.270000457763672,26.299999237060547,26.600000381469727,178378800
2020-11-10,24.361438751220703,27.65999984741211,27.76000022888184,27.18000030517578,27.489999771118164,77694600
2020-11-11,24.07959747314453,27.34000015258789,27.770000457763672,27.1200008392334,27.75,48360900
2020-11-12,23.50711250305176,26.690000534057617,26.89999961853028,26.309999465942383,26.84000015258789,67912600
2020-11-13,23.78014373779297,27.0,27.209999084472656,26.76000022888184,26.8799991607666,52421000
2020-11-16,24.290979385375977,27.57999992370605,28.0,27.18000030517578,27.86000061035156,57396700
2020-11-17,24.26455307006836,27.549999237060547,27.600000381469727,27.01000022888184,27.25,46402300
2020-11-18,23.762529373168945,26.979999542236328,27.93000030517578,26.959999084472656,27.6299991607666,54416700
2020-11-19,23.762529373168945,26.979999542236328,27.01000022888184,26.64999961853028,26.93000030517578,46423000
2020-11-20,23.612802505493164,26.809999465942383,26.950000762939453,26.6299991607666,26.739999771118164,40538000
2020-11-23,24.12363815307617,27.38999938964844,27.520000457763672,27.059999465942383,27.11000061035156,45421200
2020-11-24,25.52401733398437,28.979999542236328,28.989999771118164,27.920000076293945,27.93000030517578,80387800
2020-11-25,25.56805992126465,29.030000686645508,29.040000915527344,28.479999542236328,28.709999084472656,57249900
2020-11-27,25.53282928466797,28.989999771118164,29.100000381469727,28.809999465942383,28.96999931335449,25971600
2020-11-30,24.80181121826172,28.15999984741211,28.86000061035156,28.100000381469727,28.71999931335449,63567900
2020-12-01,25.268604278564453,28.690000534057617,29.040000915527344,28.670000076293945,28.739999771118164,50255100
2020-12-02,25.594482421875,29.059999465942383,29.18000030517578,28.530000686645508,28.690000534057617,45257500
2020-12-03,25.62106704711914,28.90999984741211,29.100000381469727,28.6299991607666,28.940000534057617,54013700
2020-12-04,25.95783805847168,29.290000915527344,29.43000030517578,29.0,29.200000762939453,66188200
2020-12-07,25.78058815002441,29.09000015258789,29.14999961853028,28.690000534057617,28.89999961853028,42197800
2020-12-08,25.638792037963867,28.93000030517578,29.14999961853028,28.770000457763672,28.86000061035156,33869100
2020-12-09,25.523582458496094,28.799999237060547,29.25,28.75,29.25,54886300
2020-12-10,25.798316955566406,29.11000061035156,29.1299991607666,28.46999931335449,28.6299991607666,58859600
2020-12-11,25.319753646850582,28.56999969482422,28.75,28.299999237060547,28.68000030517578,40538400
2020-12-14,25.009565353393555,28.21999931335449,28.959999084472656,28.13999938964844,28.920000076293945,40267100
2020-12-15,25.381778717041016,28.63999938964844,28.81999969482422,28.25,28.350000381469727,43672700
2020-12-16,25.452682495117188,28.71999931335449,28.81999969482422,28.440000534057617,28.799999237060547,42463200
2020-12-17,25.550168991088867,28.82999992370605,28.920000076293945,28.530000686645508,28.709999084472656,43182700
2020-12-18,25.40837287902832,28.670000076293945,29.100000381469727,28.56999969482422,28.88999938964844,82817200
2020-12-21,26.35664176940918,29.739999771118164,29.989999771118164,28.729999542236328,29.100000381469727,93397400
2020-12-22,25.886938095092773,29.209999084472656,29.780000686645508,29.170000076293945,29.780000686645508,39054300
2020-12-23,26.631378173828125,30.049999237060547,30.350000381469727,29.32999992370605,29.38999938964844,52537200
2020-12-24,26.551612854003903,29.959999084472656,30.270000457763672,29.739999771118164,30.270000457763672,22632300
2020-12-28,26.70227813720703,30.1299991607666,30.549999237060547,29.989999771118164,30.229999542236328,32861200
2020-12-29,26.595924377441406,30.01000022888184,30.25,29.93000030517578,30.170000076293945,33291900
2020-12-30,26.5693359375,29.979999542236328,30.21999931335449,29.940000534057617,30.0,26370100
2020-12-31,26.861793518066406,30.309999465942383,30.38999938964844,29.89999961853028,30.01000022888184,28716000
