,unnamed:0,unnamed:0,unnamed:0.6,unnamed:0.5,unnamed:0.4,unnamed:0.3,unnamed:0.2,unnamed:0.1,date,adjclose,close,high,low,open,volume
0,0,0,0,0,0,0,0,0,2015-01-02,156.3738555908203,194.4100036621093,195.72999572753903,192.6999969482422,195.3000030517578,1877700
1,1,1,1,1,1,1,1,1,2015-01-05,151.49143981933594,188.33999633789065,194.0399932861328,187.47999572753903,193.0599975585937,3413200
2,2,2,2,2,2,2,2,2,2015-01-06,148.4268341064453,184.52999877929688,188.6600036621093,183.92999267578125,188.3000030517578,3429200
3,3,3,3,3,3,3,3,3,2015-01-07,150.6387939453125,187.27999877929688,187.9900054931641,185.7700042724609,186.8500061035156,1896800
4,4,4,4,4,4,4,4,4,2015-01-08,153.04379272460938,190.2700042724609,190.82000732421875,189.25,189.3500061035156,1962500
5,5,5,5,5,5,5,5,5,2015-01-09,150.6951446533203,187.3500061035156,191.3099975585937,186.9600067138672,190.47999572753903,1980700
6,6,6,6,6,6,6,6,6,2015-01-12,148.8611602783203,185.07000732421875,187.52999877929688,184.1100006103516,187.3600006103516,2084200
7,7,7,7,7,7,7,7,7,2015-01-13,148.74855041503906,184.92999267578125,189.3800048828125,183.3699951171875,186.5800018310547,2745300
8,8,8,8,8,8,8,8,8,2015-01-14,144.96815490722656,180.22999572753903,182.509994506836,178.10000610351562,181.17999267578125,5204700
9,9,9,9,9,9,9,9,9,2015-01-15,143.56858825683594,178.49000549316406,181.6000061035156,177.5,180.17999267578125,3146000
10,10,10,10,10,10,10,10,10,2015-01-16,142.55506896972656,177.22999572753906,180.10000610351562,174.05999755859375,176.72999572753906,5124100
11,11,11,11,11,11,11,11,11,2015-01-20,141.2681427001953,175.6300048828125,178.3300018310547,174.22999572753906,177.57000732421875,3606600
12,12,12,12,12,12,12,12,12,2015-01-21,142.49075317382812,177.14999389648438,178.38999938964844,172.82000732421875,174.5500030517578,3737000
13,13,13,13,13,13,13,13,13,2015-01-22,146.42401123046875,182.0399932861328,182.58999633789065,177.25,178.80999755859375,6228200
14,14,14,14,14,14,14,14,14,2015-01-23,145.1773223876953,180.4900054931641,182.97999572753903,180.4199981689453,181.42999267578125,3123800
15,15,15,15,15,15,15,15,15,2015-01-26,145.12094116210938,180.4199981689453,180.9900054931641,178.05999755859375,178.72000122070312,2736500
16,16,16,16,16,16,16,16,16,2015-01-27,141.9598846435547,176.49000549316406,178.63999938964844,176.3000030517578,177.24000549316406,3335600
17,17,17,17,17,17,17,17,17,2015-01-28,139.19288635253906,173.0500030517578,177.97000122070312,172.97000122070312,177.72999572753906,3017300
18,18,18,18,18,18,18,18,18,2015-01-29,141.55770874023438,175.99000549316406,176.3000030517578,173.07000732421875,173.17999267578125,2421400
19,19,19,19,19,19,19,19,19,2015-01-30,138.67813110351562,172.41000366210938,175.69000244140625,172.32000732421875,174.1300048828125,3037400
20,20,20,20,20,20,20,20,20,2015-02-02,141.15548706054688,175.49000549316406,175.60000610351562,172.25999450683594,172.99000549316406,2975300
21,21,21,21,21,21,21,21,21,2015-02-03,144.9761199951172,180.2400054931641,180.47999572753903,175.91000366210938,176.00999450683594,3766900
22,22,22,22,22,22,22,22,22,2015-02-04,143.8018341064453,178.77999877929688,180.7100067138672,178.52999877929688,178.72000122070312,2980500
23,23,23,23,23,23,23,23,23,2015-02-05,145.40243530273438,180.7700042724609,181.6000061035156,179.22999572753906,179.44000244140625,2434400
24,24,24,24,24,24,24,24,24,2015-02-06,147.5420379638672,183.42999267578125,184.6199951171875,181.13999938964844,182.0500030517578,3250900
25,25,25,25,25,25,25,25,25,2015-02-09,146.5688018798828,182.22000122070312,182.9499969482422,181.1499938964844,181.69000244140625,2421900
26,26,26,26,26,26,26,26,26,2015-02-10,148.450927734375,184.5599975585937,184.8000030517578,182.3500061035156,183.3500061035156,2556300
27,27,27,27,27,27,27,27,27,2015-02-11,150.93637084960938,187.6499938964844,188.19000244140625,183.75,184.07000732421875,4079600
28,28,28,28,28,28,28,28,28,2015-02-12,152.64967346191406,189.77999877929688,190.0,187.3999938964844,188.25,3086700
29,29,29,29,29,29,29,29,29,2015-02-13,152.0222930908203,189.0,191.3300018310547,188.33999633789065,189.8699951171875,2720400
30,30,30,30,30,30,30,30,30,2015-02-17,152.84275817871094,190.0200042724609,190.6300048828125,188.3099975585937,188.77999877929688,2123300
31,31,31,31,31,31,31,31,31,2015-02-18,151.75682067871094,188.6699981689453,190.0399932861328,187.82000732421875,189.5399932861328,1850700
32,32,32,32,32,32,32,32,32,2015-02-19,152.11080932617188,189.1100006103516,189.8500061035156,187.2700042724609,187.67999267578125,1470400
33,33,33,33,33,33,33,33,33,2015-02-20,154.0411834716797,191.509994506836,191.63999938964844,187.0500030517578,188.3500061035156,2317100
34,34,34,34,34,34,34,34,34,2015-02-23,153.07594299316406,190.3099975585937,190.7400054931641,189.2700042724609,190.7400054931641,1691100
35,35,35,35,35,35,35,35,35,2015-02-24,154.6123046875,192.22000122070312,193.27999877929688,189.67999267578125,190.02999877929688,2627300
36,36,36,36,36,36,36,36,36,2015-02-25,154.21009826660156,191.72000122070312,192.4499969482422,190.4600067138672,191.5500030517578,2775700
37,37,37,37,37,37,37,37,37,2015-02-26,155.08152770996094,192.1999969482422,192.47000122070312,190.0,190.509994506836,2449300
38,38,38,38,38,38,38,38,38,2015-02-27,153.13694763183594,189.7899932861328,192.5,189.7899932861328,191.19000244140625,2572400
39,39,39,39,39,39,39,39,39,2015-03-02,154.75070190429688,191.7899932861328,191.9199981689453,189.77999877929688,190.0,1659400
40,40,40,40,40,40,40,40,40,2015-03-03,154.3311309814453,191.2700042724609,192.8699951171875,190.57000732421875,190.6999969482422,1487800
41,41,41,41,41,41,41,41,41,2015-03-04,153.04013061523438,189.6699981689453,190.82000732421875,188.97999572753903,190.3500061035156,1648500
42,42,42,42,42,42,42,42,42,2015-03-05,153.3709716796875,190.0800018310547,190.72000122070312,189.07000732421875,190.1300048828125,1330100
43,43,43,43,43,43,43,43,43,2015-03-06,150.8131561279297,186.9100036621093,191.3999938964844,186.5800018310547,187.5800018310547,4103600
44,44,44,44,44,44,44,44,44,2015-03-09,151.6361846923828,187.92999267578125,188.7899932861328,186.57000732421875,187.3000030517578,2233700
45,45,45,45,45,45,45,45,45,2015-03-10,147.4242706298828,182.7100067138672,186.13999938964844,182.7100067138672,185.58999633789065,2768500
46,46,46,46,46,46,46,46,46,2015-03-11,148.6103973388672,184.17999267578125,185.83999633789065,183.009994506836,183.3000030517578,2098600
47,47,47,47,47,47,47,47,47,2015-03-12,153.26608276367188,189.9499969482422,190.0,185.94000244140625,185.94000244140625,3114800
48,48,48,48,48,48,48,48,48,2015-03-13,152.77386474609375,189.33999633789065,189.7400054931641,186.1600036621093,188.8699951171875,3095100
49,49,49,49,49,49,49,49,49,2015-03-16,154.83949279785156,191.8999938964844,192.4900054931641,189.8999938964844,190.0399932861328,2127700
50,50,50,50,50,50,50,50,50,2015-03-17,153.76638793945312,190.57000732421875,191.2400054931641,188.8000030517578,190.97000122070312,1883200
51,51,51,51,51,51,51,51,51,2015-03-18,155.17837524414062,192.32000732421875,193.0399932861328,189.1999969482422,189.6699981689453,2790100
52,52,52,52,52,52,52,52,52,2015-03-19,153.28221130371094,189.97000122070312,191.759994506836,189.08999633789065,191.759994506836,2097100
53,53,53,53,53,53,53,53,53,2015-03-20,155.83192443847656,193.1300048828125,193.9199981689453,189.8999938964844,190.47000122070312,3473800
54,54,54,54,54,54,54,54,54,2015-03-23,154.8878631591797,191.9600067138672,194.25,191.9600067138672,193.2700042724609,1590500
55,55,55,55,55,55,55,55,55,2015-03-24,154.33921813964844,191.27999877929688,192.509994506836,191.1600036621093,191.94000244140625,1799100
56,56,56,56,56,56,56,56,56,2015-03-25,151.16818237304688,187.3500061035156,191.22999572753903,187.3500061035156,191.0800018310547,2542000
57,57,57,57,57,57,57,57,57,2015-03-26,151.07940673828125,187.2400054931641,187.97000122070312,185.0200042724609,186.5200042724609,2377200
58,58,58,58,58,58,58,58,58,2015-03-27,151.7410888671875,188.0599975585937,188.47999572753903,186.2700042724609,187.19000244140625,1539600
59,59,59,59,59,59,59,59,59,2015-03-30,154.12940979003906,191.0200042724609,192.0,189.19000244140625,189.2400054931641,2403800
60,60,60,60,60,60,60,60,60,2015-03-31,151.66845703125,187.97000122070312,190.5500030517578,187.97000122070312,190.33999633789065,2146600
61,61,61,61,61,61,61,61,61,2015-04-01,155.10577392578125,192.22999572753903,192.3300018310547,186.9600067138672,187.94000244140625,4031400
62,62,62,62,62,62,62,62,62,2015-04-02,154.5570831298828,191.5500030517578,192.72999572753903,190.8500061035156,191.72999572753903,2296300
63,63,63,63,63,63,63,63,63,2015-04-06,154.9605255126953,192.0500030517578,192.63999938964844,188.9499969482422,190.17999267578125,1997000
64,64,64,64,64,64,64,64,64,2015-04-07,155.23483276367188,192.38999938964844,193.63999938964844,192.2400054931641,192.5200042724609,1778000
65,65,65,65,65,65,65,65,65,2015-04-08,155.3719940185547,192.5599975585937,193.8500061035156,192.1999969482422,193.0399932861328,1997300
66,66,66,66,66,66,66,66,66,2015-04-09,157.25204467773438,194.88999938964844,195.08999633789065,192.4100036621093,192.8600006103516,1986500
67,67,67,67,67,67,67,67,67,2015-04-10,157.8572235107422,195.63999938964844,195.8600006103516,194.08999633789065,194.6499938964844,1764800
68,68,68,68,68,68,68,68,68,2015-04-13,157.8087615966797,195.5800018310547,197.3800048828125,194.7700042724609,195.32000732421875,2196100
69,69,69,69,69,69,69,69,69,2015-04-14,159.5354766845703,197.72000122070312,198.4900054931641,195.7100067138672,196.97999572753903,3267400
70,70,70,70,70,70,70,70,70,2015-04-15,162.26278686523438,201.1000061035156,202.13999938964844,197.38999938964844,198.2100067138672,5066100
71,71,71,71,71,71,71,71,71,2015-04-16,161.54466247558594,200.2100067138672,202.8699951171875,198.6999969482422,202.6999969482422,5976900
72,72,72,72,72,72,72,72,72,2015-04-17,159.2370147705078,197.3500061035156,198.25,195.6499938964844,197.83999633789065,4578400
73,73,73,73,73,73,73,73,73,2015-04-20,159.8420867919922,198.1000061035156,199.6000061035156,197.9199981689453,199.07000732421875,2616600
74,74,74,74,74,74,74,74,74,2015-04-21,158.82540893554688,196.83999633789065,199.5,196.5800018310547,198.97000122070312,1868300
75,75,75,75,75,75,75,75,75,2015-04-22,160.01962280273438,198.32000732421875,199.1600036621093,196.57000732421875,197.9100036621093,1938100
76,76,76,76,76,76,76,76,76,2015-04-23,160.81846618652344,199.3099975585937,200.4900054931641,197.6000061035156,198.1600036621093,2053400
77,77,77,77,77,77,77,77,77,2015-04-24,159.75338745117188,197.9900054931641,199.1000061035156,197.4499969482422,199.0,1445700
78,78,78,78,78,78,78,78,78,2015-04-27,158.56724548339844,196.5200042724609,199.3099975585937,196.3699951171875,198.759994506836,1767100
79,79,79,79,79,79,79,79,79,2015-04-28,159.3498992919922,197.4900054931641,197.6100006103516,194.3999938964844,196.1999969482422,1909400
80,80,80,80,80,80,80,80,80,2015-04-29,160.21324157714844,198.5599975585937,199.72999572753903,195.47999572753903,195.7899932861328,2480600
81,81,81,81,81,81,81,81,81,2015-04-30,158.4865264892578,196.4199981689453,199.75,195.3999938964844,198.3999938964844,2732800
82,82,82,82,82,82,82,82,82,2015-05-01,159.3822021484375,197.52999877929688,198.57000732421875,196.8300018310547,198.4499969482422,2029500
83,83,83,83,83,83,83,83,83,2015-05-04,160.81033325195312,199.3000030517578,199.72000122070312,197.8999938964844,198.259994506836,1581600
84,84,84,84,84,84,84,84,84,2015-05-05,159.18850708007812,197.2899932861328,200.38999938964844,196.72000122070312,198.3099975585937,2287500
85,85,85,85,85,85,85,85,85,2015-05-06,158.34939575195312,196.25,198.58999633789065,194.009994506836,197.75,2433700
86,86,86,86,86,86,86,86,86,2015-05-07,159.26927185058594,197.38999938964844,197.9499969482422,194.8099975585937,196.259994506836,1795300
87,87,87,87,87,87,87,87,87,2015-05-08,161.77859497070312,200.5,201.33999633789065,199.1000061035156,199.1000061035156,3192500
88,88,88,88,88,88,88,88,88,2015-05-11,162.7710418701172,201.72999572753903,201.9499969482422,200.2899932861328,200.2899932861328,1966700
89,89,89,89,89,89,89,89,89,2015-05-12,161.80282592773438,200.52999877929688,201.0399932861328,198.07000732421875,200.47999572753903,2247500
90,90,90,90,90,90,90,90,90,2015-05-13,162.52902221679688,201.42999267578125,201.75,199.8500061035156,200.47000122070312,2143300
91,91,91,91,91,91,91,91,91,2015-05-14,163.48922729492188,202.6199951171875,202.8800048828125,201.42999267578125,202.3300018310547,1957000
92,92,92,92,92,92,92,92,92,2015-05-15,163.77162170410156,202.97000122070312,202.97000122070312,201.82000732421875,202.5500030517578,1742900
93,93,93,93,93,93,93,93,93,2015-05-18,165.13525390625,204.6600036621093,205.17999267578125,202.63999938964844,202.6499938964844,2164600
94,94,94,94,94,94,94,94,94,2015-05-19,165.7322998046875,205.3999938964844,206.1999969482422,204.5500030517578,204.9900054931641,2370100
95,95,95,95,95,95,95,95,95,2015-05-20,165.47413635253906,205.0800018310547,205.9600067138672,204.1499938964844,205.1699981689453,1831200
96,96,96,96,96,96,96,96,96,2015-05-21,165.3692169189453,204.9499969482422,205.2100067138672,204.17999267578125,204.6000061035156,2225000
97,97,97,97,97,97,97,97,97,2015-05-22,167.66880798339844,207.8000030517578,208.259994506836,204.6300048828125,204.6600036621093,3040400
98,98,98,98,98,98,98,98,98,2015-05-26,166.52305603027344,206.3800048828125,207.5200042724609,205.0,207.5200042724609,3336300
99,99,99,99,99,99,99,99,99,2015-05-27,168.6855010986328,209.0599975585937,209.67999267578125,205.8699951171875,206.88999938964844,3011500
100,100,100,100,100,100,100,100,100,2015-05-28,168.74209594726562,208.47999572753903,208.58999633789065,207.27999877929688,208.0800018310547,3084900
101,101,101,101,101,101,101,101,101,2015-05-29,166.8885955810547,206.19000244140625,208.2700042724609,205.6199951171875,208.22999572753903,2255500
102,102,102,102,102,102,102,102,102,2015-06-01,168.1998748779297,207.8099975585937,208.82000732421875,206.88999938964844,207.32000732421875,2088200
103,103,103,103,103,103,103,103,103,2015-06-02,167.08287048339844,206.42999267578125,207.83999633789065,205.6499938964844,206.8500061035156,2230700
104,104,104,104,104,104,104,104,104,2015-06-03,168.5883331298828,208.2899932861328,210.1699981689453,206.7700042724609,207.5200042724609,2417000
105,105,105,105,105,105,105,105,105,2015-06-04,169.05780029296875,208.8699951171875,210.0599975585937,207.0,207.6000061035156,3462500
106,106,106,106,106,106,106,106,106,2015-06-05,170.33663940429688,210.4499969482422,211.94000244140625,208.5500030517578,210.6999969482422,3225100
107,107,107,107,107,107,107,107,107,2015-06-08,169.80245971679688,209.7899932861328,211.6999969482422,209.4499969482422,211.1499938964844,2180700
108,108,108,108,108,108,108,108,108,2015-06-09,169.17916870117188,209.0200042724609,210.44000244140625,207.6199951171875,210.0,2278800
109,109,109,109,109,109,109,109,109,2015-06-10,172.50582885742188,213.1300048828125,213.3999938964844,209.3600006103516,209.72000122070312,2677300
110,110,110,110,110,110,110,110,110,2015-06-11,173.16139221191406,213.94000244140625,214.6100006103516,212.8699951171875,213.1699981689453,2024100
111,111,111,111,111,111,111,111,111,2015-06-12,172.44915771484375,213.0599975585937,214.009994506836,212.009994506836,213.47999572753903,2006200
112,112,112,112,112,112,112,112,112,2015-06-15,171.39695739746094,211.759994506836,212.33999633789065,210.3800048828125,210.88999938964844,1903800
113,113,113,113,113,113,113,113,113,2015-06-16,172.8538360595703,213.5599975585937,213.57000732421875,211.1300048828125,211.8500061035156,1954200
114,114,114,114,114,114,114,114,114,2015-06-17,172.34393310546875,212.92999267578125,214.5,212.57000732421875,213.58999633789065,1778400
115,115,115,115,115,115,115,115,115,2015-06-18,173.69561767578125,214.6000061035156,215.009994506836,212.009994506836,213.4499969482422,2167200
116,116,116,116,116,116,116,116,116,2015-06-19,172.55438232421875,213.19000244140625,215.0,213.19000244140625,214.1199951171875,4163400
117,117,117,117,117,117,117,117,117,2015-06-22,175.24156188964844,216.509994506836,216.8099975585937,215.0,215.0599975585937,2006100
118,118,118,118,118,118,118,118,118,2015-06-23,176.7712860107422,218.3999938964844,218.7700042724609,216.63999938964844,216.9199981689453,2735600
119,119,119,119,119,119,119,119,119,2015-06-24,173.5580291748047,214.42999267578125,217.0,213.6999969482422,216.1999969482422,3945200
120,120,120,120,120,120,120,120,120,2015-06-25,172.25491333007812,212.82000732421875,215.8000030517578,212.4900054931641,215.1499938964844,2434700
121,121,121,121,121,121,121,121,121,2015-06-26,172.53814697265625,213.1699981689453,214.6100006103516,212.5500030517578,213.6199951171875,2762600
122,122,122,122,122,122,122,122,122,2015-06-29,168.07032775878906,207.6499938964844,211.22000122070312,207.6499938964844,210.13999938964844,3292800
123,123,123,123,123,123,123,123,123,2015-06-30,168.99307250976562,208.7899932861328,210.7899932861328,208.1499938964844,209.88999938964844,4167300
124,124,124,124,124,124,124,124,124,2015-07-01,169.92385864257812,209.94000244140625,212.4900054931641,208.9499969482422,211.6300048828125,2820300
125,125,125,125,125,125,125,125,125,2015-07-02,169.3248748779297,209.1999969482422,210.6300048828125,208.5,209.94000244140625,1816600
126,126,126,126,126,126,126,126,126,2015-07-06,168.38601684570312,208.0399932861328,208.52999877929688,206.259994506836,206.7100067138672,2816800
127,127,127,127,127,127,127,127,127,2015-07-07,168.52359008789062,208.2100067138672,208.97000122070312,203.1999969482422,207.97999572753903,3304200
128,128,128,128,128,128,128,128,128,2015-07-08,165.1646728515625,204.0599975585937,206.7899932861328,203.6999969482422,206.3000030517578,2185100
129,129,129,129,129,129,129,129,129,2015-07-09,165.7716827392578,204.8099975585937,207.5500030517578,204.44000244140625,207.1300048828125,2256200
130,130,130,130,130,130,130,130,130,2015-07-10,167.69798278808594,207.19000244140625,207.97999572753903,206.17999267578125,207.72000122070312,1840600
131,131,131,131,131,131,131,131,131,2015-07-13,170.06954956054688,210.1199951171875,210.3099975585937,208.6499938964844,209.44000244140625,2041700
132,132,132,132,132,132,132,132,132,2015-07-14,171.72068786621094,212.1600036621093,212.759994506836,209.6999969482422,210.009994506836,2090700
133,133,133,133,133,133,133,133,133,2015-07-15,172.36825561523438,212.9600067138672,213.6100006103516,211.42999267578125,213.5399932861328,2536700
134,134,134,134,134,134,134,134,134,2015-07-16,170.92750549316406,211.17999267578125,214.13999938964844,209.32000732421875,211.38999938964844,4405200
135,135,135,135,135,135,135,135,135,2015-07-17,171.9635009765625,212.4600067138672,212.8000030517578,209.7899932861328,210.759994506836,2849000
136,136,136,136,136,136,136,136,136,2015-07-20,171.90687561035156,212.38999938964844,214.0,211.2100067138672,212.67999267578125,2175400
137,137,137,137,137,137,137,137,137,2015-07-21,171.18655395507812,211.5,212.8000030517578,210.75,211.97999572753903,1985300
138,138,138,138,138,138,138,138,138,2015-07-22,172.60289001464844,213.25,213.72000122070312,211.75,211.8000030517578,2301300
139,139,139,139,139,139,139,139,139,2015-07-23,170.82223510742188,211.0500030517578,214.6100006103516,210.6999969482422,213.6600036621093,2192700
140,140,140,140,140,140,140,140,140,2015-07-24,167.82754516601562,207.3500061035156,211.4499969482422,206.8999938964844,211.4499969482422,2453900
141,141,141,141,141,141,141,141,141,2015-07-27,165.9416046142578,205.0200042724609,205.83999633789065,203.5,205.4499969482422,2910500
142,142,142,142,142,142,142,142,142,2015-07-28,166.92906188964844,206.2400054931641,207.17999267578125,204.6000061035156,207.13999938964844,2018100
143,143,143,143,143,143,143,143,143,2015-07-29,167.4147186279297,206.83999633789065,208.1300048828125,205.6699981689453,206.57000732421875,1987300
144,144,144,144,144,144,144,144,144,2015-07-30,167.7061004638672,207.1999969482422,207.3500061035156,205.1000061035156,206.02999877929688,1342900
145,145,145,145,145,145,145,145,145,2015-07-31,165.98216247558594,205.07000732421875,207.47000122070312,204.8999938964844,207.3999938964844,1644000
146,146,146,146,146,146,146,146,146,2015-08-03,165.6744842529297,204.69000244140625,205.9499969482422,202.83999633789065,205.75,2075500
147,147,147,147,147,147,147,147,147,2015-08-04,166.0630340576172,205.1699981689453,207.1499938964844,204.8000030517578,205.009994506836,1451500
148,148,148,148,148,148,148,148,148,2015-08-05,166.4920196533203,205.6999969482422,207.77999877929688,204.92999267578125,206.94000244140625,1535500
149,149,149,149,149,149,149,149,149,2015-08-06,165.99832153320312,205.08999633789065,206.6999969482422,204.3000030517578,206.0,1485800
150,150,150,150,150,150,150,150,150,2015-08-07,164.66275024414062,203.44000244140625,206.63999938964844,202.32000732421875,205.3000030517578,1691100
151,151,151,151,151,151,151,151,151,2015-08-10,166.7105712890625,205.97000122070312,206.57000732421875,204.33999633789065,204.58999633789065,1640300
152,152,152,152,152,152,152,152,152,2015-08-11,163.2544708251953,201.6999969482422,203.9199981689453,200.6600036621093,203.5,2554000
153,153,153,153,153,153,153,153,153,2015-08-12,162.79310607910156,201.1300048828125,201.5500030517578,196.5800018310547,199.8999938964844,2771900
154,154,154,154,154,154,154,154,154,2015-08-13,162.47743225097656,200.7400054931641,201.9499969482422,199.5800018310547,200.72000122070312,3353600
155,155,155,155,155,155,155,155,155,2015-08-14,163.5135040283203,202.0200042724609,202.5500030517578,200.7400054931641,200.8300018310547,3567100
156,156,156,156,156,156,156,156,156,2015-08-17,163.95863342285156,202.57000732421875,202.8600006103516,199.77999877929688,201.009994506836,1600700
157,157,157,157,157,157,157,157,157,2015-08-18,162.8335723876953,201.17999267578125,203.1000061035156,201.17999267578125,202.1199951171875,1665400
158,158,158,158,158,158,158,158,158,2015-08-19,162.64739990234375,200.9499969482422,202.75,199.13999938964844,200.0200042724609,2721400
159,159,159,159,159,159,159,159,159,2015-08-20,159.24795532226562,196.75,199.22000122070312,196.75,198.42999267578125,3140000
160,160,160,160,160,160,160,160,160,2015-08-21,151.95535278320312,187.7400054931641,194.6000061035156,187.5800018310547,193.6600036621093,5406200
161,161,161,161,161,161,161,161,161,2015-08-24,145.25352478027344,179.4600067138672,186.88999938964844,172.10000610351562,178.4600067138672,7183600
162,162,162,162,162,162,162,162,162,2015-08-25,144.2499237060547,178.22000122070312,187.3300018310547,177.7100067138672,185.88999938964844,7204800
163,163,163,163,163,163,163,163,163,2015-08-26,149.25198364257812,184.3999938964844,185.0599975585937,179.11000061035156,183.0399932861328,5561800
164,164,164,164,164,164,164,164,164,2015-08-27,153.14517211914062,189.2100067138672,189.8600006103516,185.42999267578125,186.8099975585937,3798500
165,165,165,165,165,165,165,165,165,2015-08-28,152.48724365234375,187.75,188.8500061035156,186.259994506836,187.58999633789065,2413100
166,166,166,166,166,166,166,166,166,2015-08-31,153.17764282226562,188.6000061035156,190.25,187.17999267578125,187.69000244140625,2858000
167,167,167,167,167,167,167,167,167,2015-09-01,147.91468811035156,182.1199951171875,186.47000122070312,181.0800018310547,184.2400054931641,5494500
168,168,168,168,168,168,168,168,168,2015-09-02,149.85580444335938,184.509994506836,185.82000732421875,182.509994506836,184.8699951171875,3043800
169,169,169,169,169,169,169,169,169,2015-09-03,150.30250549316406,185.0599975585937,187.88999938964844,184.27999877929688,185.0,2902200
170,170,170,170,170,170,170,170,170,2015-09-04,146.50148010253906,180.3800048828125,182.8300018310547,179.1300048828125,182.259994506836,4295600
171,171,171,171,171,171,171,171,171,2015-09-08,150.96849060058594,185.8800048828125,186.3099975585937,183.6499938964844,183.9100036621093,3060100
172,172,172,172,172,172,172,172,172,2015-09-09,150.80604553222656,185.67999267578125,191.75,185.259994506836,189.5500030517578,4756800
173,173,173,173,173,173,173,173,173,2015-09-10,150.99285888671875,185.9100036621093,187.82000732421875,184.7700042724609,185.4499969482422,3042600
174,174,174,174,174,174,174,174,174,2015-09-11,150.47305297851562,185.2700042724609,185.82000732421875,183.32000732421875,185.42999267578125,2536800
175,175,175,175,175,175,175,175,175,2015-09-14,149.3928985595703,183.94000244140625,185.8600006103516,183.3000030517578,185.6000061035156,2746000
176,176,176,176,176,176,176,176,176,2015-09-15,152.24359130859375,187.4499969482422,188.0200042724609,184.19000244140625,184.77999877929688,3092800
177,177,177,177,177,177,177,177,177,2015-09-16,153.2100830078125,188.63999938964844,189.3000030517578,186.58999633789065,187.9600067138672,2717800
178,178,178,178,178,178,178,178,178,2015-09-17,151.43138122558594,186.4499969482422,190.57000732421875,186.0,188.4499969482422,3712600
179,179,179,179,179,179,179,179,179,2015-09-18,146.95628356933594,180.94000244140625,183.3800048828125,180.5500030517578,183.1999969482422,6529900
180,180,180,180,180,180,180,180,180,2015-09-21,148.91366577148438,183.3500061035156,184.4100036621093,181.6999969482422,183.3000030517578,2947200
181,181,181,181,181,181,181,181,181,2015-09-22,145.96546936035156,179.72000122070312,181.0,178.00999450683594,180.88999938964844,4166900
182,182,182,182,182,182,182,182,182,2015-09-23,145.7136688232422,179.41000366210938,180.19000244140625,177.75,179.80999755859375,2732600
183,183,183,183,183,183,183,183,183,2015-09-24,143.68321228027344,176.91000366210938,177.97999572753906,174.82000732421875,177.66000366210938,3910000
184,184,184,184,184,184,184,184,184,2015-09-25,146.05477905273438,179.8300018310547,181.1100006103516,178.16000366210938,179.1999969482422,3026500
185,185,185,185,185,185,185,185,185,2015-09-28,140.52381896972656,173.02000427246094,178.4600067138672,172.75,178.4600067138672,3898500
186,186,186,186,186,186,186,186,186,2015-09-29,139.58168029785156,171.86000061035156,173.3000030517578,167.49000549316406,173.00999450683594,4419100
187,187,187,187,187,187,187,187,187,2015-09-30,141.12484741210938,173.75999450683594,175.0800018310547,172.16000366210938,174.5800018310547,2931500
188,188,188,188,188,188,188,188,188,2015-10-01,142.96035766601562,176.02000427246094,176.1699981689453,173.0399932861328,174.39999389648438,3613000
189,189,189,189,189,189,189,189,189,2015-10-02,143.764404296875,177.00999450683594,177.10000610351562,169.8699951171875,172.13999938964844,4469900
190,190,190,190,190,190,190,190,190,2015-10-05,146.76138305664062,180.6999969482422,181.0599975585937,177.8300018310547,178.22999572753906,3411900
191,191,191,191,191,191,191,191,191,2015-10-06,146.45278930664062,180.32000732421875,181.27999877929688,179.47000122070312,180.1999969482422,1859100
192,192,192,192,192,192,192,192,192,2015-10-07,148.00401306152344,182.22999572753903,183.7899932861328,180.5399932861328,181.8000030517578,2572200
193,193,193,193,193,193,193,193,193,2015-10-08,147.06192016601562,181.07000732421875,182.47000122070312,179.75,181.17999267578125,3253400
194,194,194,194,194,194,194,194,194,2015-10-09,145.53501892089844,179.19000244140625,182.2899932861328,178.2100067138672,180.9600067138672,3334900
195,195,195,195,195,195,195,195,195,2015-10-12,146.379638671875,180.22999572753903,181.1999969482422,179.00999450683594,180.8000030517578,3059800
196,196,196,196,196,196,196,196,196,2015-10-13,146.9806671142578,180.97000122070312,183.13999938964844,179.5,179.57000732421875,2918800
197,197,197,197,197,197,197,197,197,2015-10-14,145.7948760986328,179.50999450683594,182.22000122070312,179.13999938964844,180.72999572753903,3252000
198,198,198,198,198,198,198,198,198,2015-10-15,150.22129821777344,184.9600067138672,185.75,175.75999450683594,176.72999572753906,5720100
199,199,199,199,199,199,199,199,199,2015-10-16,150.39991760253906,185.17999267578125,186.6499938964844,183.6300048828125,185.1199951171875,2977500
200,200,200,200,200,200,200,200,200,2015-10-19,150.85476684570312,185.7400054931641,186.5,183.1499938964844,183.47999572753903,2665700
201,201,201,201,201,201,201,201,201,2015-10-20,150.66796875,185.509994506836,185.97000122070312,183.8999938964844,185.1999969482422,2736200
202,202,202,202,202,202,202,202,202,2015-10-21,145.94920349121094,179.6999969482422,186.22000122070312,179.5500030517578,186.22000122070312,3613800
203,203,203,203,203,203,203,203,203,2015-10-22,149.08425903320312,183.5599975585937,184.19000244140625,180.1999969482422,180.22999572753903,2609600
204,204,204,204,204,204,204,204,204,2015-10-23,150.6597900390625,185.5,186.3600006103516,184.42999267578125,185.1600036621093,2935700
205,205,205,205,205,205,205,205,205,2015-10-26,151.8862762451172,187.009994506836,188.0,186.6199951171875,187.1000061035156,2573700
206,206,206,206,206,206,206,206,206,2015-10-27,151.31776428222656,186.3099975585937,186.8300018310547,184.5,186.0,1932300
207,207,207,207,207,207,207,207,207,2015-10-28,155.38677978515625,191.32000732421875,191.47999572753903,186.1699981689453,186.7100067138672,3231900
208,208,208,208,208,208,208,208,208,2015-10-29,154.22532653808594,189.88999938964844,191.9600067138672,189.3300018310547,191.0,3068100
209,209,209,209,209,209,209,209,209,2015-10-30,152.2842559814453,187.5,190.08999633789065,187.2400054931641,189.759994506836,2791600
210,210,210,210,210,210,210,210,210,2015-11-02,154.05474853515625,189.67999267578125,190.42999267578125,187.67999267578125,188.32000732421875,2531500
211,211,211,211,211,211,211,211,211,2015-11-03,154.87510681152344,190.69000244140625,191.8699951171875,189.0500030517578,189.25,2443200
212,212,212,212,212,212,212,212,212,2015-11-04,155.65475463867188,191.6499938964844,192.88999938964844,190.3099975585937,191.0,2174300
213,213,213,213,213,213,213,213,213,2015-11-05,155.95529174804688,192.0200042724609,193.27999877929688,191.0,192.5399932861328,2186300
214,214,214,214,214,214,214,214,214,2015-11-06,161.76239013671875,199.1699981689453,199.47000122070312,195.8999938964844,196.0,4270800
215,215,215,215,215,215,215,215,215,2015-11-09,159.80502319335938,196.759994506836,199.8999938964844,196.32000732421875,199.0399932861328,2604400
216,216,216,216,216,216,216,216,216,2015-11-10,160.65785217285156,197.8099975585937,198.22000122070312,195.27999877929688,196.5800018310547,2149900
217,217,217,217,217,217,217,217,217,2015-11-11,160.3167266845703,197.38999938964844,198.92999267578125,196.72999572753903,198.2899932861328,1637500
218,218,218,218,218,218,218,218,218,2015-11-12,156.56443786621094,192.7700042724609,196.19000244140625,192.259994506836,196.19000244140625,3166900
219,219,219,219,219,219,219,219,219,2015-11-13,154.6314697265625,190.38999938964844,193.3800048828125,190.0599975585937,192.6300048828125,2484000
220,220,220,220,220,220,220,220,220,2015-11-16,156.0690155029297,192.1600036621093,192.1600036621093,188.009994506836,189.9900054931641,4626600
221,221,221,221,221,221,221,221,221,2015-11-17,154.7776336669922,190.57000732421875,193.0,190.32000732421875,192.6699981689453,1783800
222,222,222,222,222,222,222,222,222,2015-11-18,157.28726196289062,193.6600036621093,194.0500030517578,191.009994506836,191.0500030517578,2509200
223,223,223,223,223,223,223,223,223,2015-11-19,156.7755889892578,193.02999877929688,194.2100067138672,191.6699981689453,193.82000732421875,1835800
224,224,224,224,224,224,224,224,224,2015-11-20,155.50857543945312,191.47000122070312,193.4900054931641,191.1100006103516,193.0,2932100
225,225,225,225,225,225,225,225,225,2015-11-23,153.65679931640625,189.19000244140625,191.4900054931641,188.5200042724609,191.3000030517578,2671700
226,226,226,226,226,226,226,226,226,2015-11-24,153.2344207763672,188.6699981689453,189.8000030517578,186.5599975585937,188.0200042724609,2679400
227,227,227,227,227,227,227,227,227,2015-11-25,153.624267578125,189.1499938964844,189.7700042724609,188.1499938964844,188.9900054931641,1495600
228,228,228,228,228,228,228,228,228,2015-11-27,154.6964111328125,190.47000122070312,191.19000244140625,188.8500061035156,189.1600036621093,1092700
229,229,229,229,229,229,229,229,229,2015-11-30,154.85939025878906,190.0200042724609,191.0800018310547,189.2400054931641,190.5,3415000
230,230,230,230,230,230,230,230,230,2015-12-01,157.3450164794922,193.07000732421875,193.1499938964844,190.009994506836,191.22000122070312,4140900
231,231,231,231,231,231,231,231,231,2015-12-02,155.05502319335938,190.259994506836,193.83999633789065,189.8000030517578,193.3000030517578,1817200
232,232,232,232,232,232,232,232,232,2015-12-03,150.9312286376953,185.1999969482422,191.6499938964844,184.72999572753903,190.6600036621093,3599000
233,233,233,233,233,233,233,233,233,2015-12-04,154.8349609375,189.9900054931641,190.6199951171875,184.75,185.6100006103516,3517200
234,234,234,234,234,234,234,234,234,2015-12-07,151.1676788330078,185.4900054931641,190.1199951171875,185.0,190.0,3499900
235,235,235,235,235,235,235,235,235,2015-12-08,149.0731658935547,182.9199981689453,184.47000122070312,181.83999633789065,183.9199981689453,2663800
236,236,236,236,236,236,236,236,236,2015-12-09,147.27206420898438,180.7100067138672,184.8500061035156,179.8300018310547,182.0200042724609,3907500
237,237,237,237,237,237,237,237,237,2015-12-10,148.4130401611328,182.1100006103516,183.92999267578125,180.3099975585937,180.9900054931641,2212300
238,238,238,238,238,238,238,238,238,2015-12-11,143.88998413085938,176.55999755859375,180.1499938964844,175.47000122070312,179.67999267578125,3750100
239,239,239,239,239,239,239,239,239,2015-12-14,143.7595672607422,176.39999389648438,178.6300048828125,172.89999389648438,176.6699981689453,5102400
240,240,240,240,240,240,240,240,240,2015-12-15,148.33152770996094,182.009994506836,183.27999877929688,178.85000610351562,178.97999572753906,3398700
241,241,241,241,241,241,241,241,241,2015-12-16,151.7543182373047,186.2100067138672,186.8800048828125,181.67999267578125,184.009994506836,3191700
242,242,242,242,242,242,242,242,242,2015-12-17,148.820556640625,182.6100006103516,187.88999938964844,182.6100006103516,186.8800048828125,2807900
243,243,243,243,243,243,243,243,243,2015-12-18,143.0179443359375,175.49000549316406,181.8999938964844,175.38999938964844,181.1999969482422,6740800
244,244,244,244,244,244,244,244,244,2015-12-21,144.8597869873047,177.75,178.14999389648438,175.8300018310547,177.5,2472900
245,245,245,245,245,245,245,245,245,2015-12-22,146.73422241210938,180.0500030517578,180.69000244140625,177.0500030517578,178.89999389648438,2312800
246,246,246,246,246,246,246,246,246,2015-12-23,149.09759521484375,182.9499969482422,183.0,180.4600067138672,180.6999969482422,2367900
247,247,247,247,247,247,247,247,247,2015-12-24,148.7064208984375,182.47000122070312,183.1699981689453,182.0200042724609,182.2700042724609,1107600
248,248,248,248,248,248,248,248,248,2015-12-28,148.013671875,181.6199951171875,181.92999267578125,179.83999633789062,181.7700042724609,1723300
249,249,249,249,249,249,249,249,249,2015-12-29,149.57029724121094,183.52999877929688,184.17999267578125,182.5,182.82000732421875,1848900
250,250,250,250,250,250,250,250,250,2015-12-30,148.33152770996094,182.009994506836,183.52999877929688,181.83999633789065,183.27999877929688,1514300
251,251,251,251,251,251,251,251,251,2015-12-31,146.88088989257812,180.22999572753903,182.88999938964844,180.02999877929688,181.1600036621093,1773900
252,252,252,252,252,252,252,252,252,2016-01-04,144.36268615722656,177.13999938964844,177.19000244140625,173.75999450683594,175.7899932861328,3745500
253,253,253,253,253,253,253,253,253,2016-01-05,141.8770751953125,174.08999633789062,177.5,172.9199981689453,176.7100067138672,4521600
254,254,254,254,254,254,254,254,254,2016-01-06,138.41343688964844,169.83999633789062,172.02000427246094,169.10000610351562,171.30999755859375,5539400
255,255,255,255,255,255,255,255,255,2016-01-07,134.15931701660156,164.6199951171875,169.5,163.60000610351562,166.6699981689453,5687900
256,256,256,256,256,256,256,256,256,2016-01-08,133.60516357421875,163.94000244140625,168.4199981689453,163.6300048828125,166.75,4929800
257,257,257,257,257,257,257,257,257,2016-01-11,135.06393432617188,165.72999572753906,166.4600067138672,163.33999633789062,165.0,4386500
258,258,258,258,258,258,258,258,258,2016-01-12,135.04763793945312,165.7100067138672,168.17999267578125,163.3000030517578,166.88999938964844,4441300
259,259,259,259,259,259,259,259,259,2016-01-13,129.57106018066406,158.99000549316406,167.10000610351562,157.9199981689453,166.4600067138672,5252500
260,260,260,260,260,260,260,260,260,2016-01-14,131.52699279785156,161.38999938964844,162.50999450683594,156.75999450683594,160.3000030517578,4272500
261,261,261,261,261,261,261,261,261,2016-01-15,126.81649017333984,155.61000061035156,157.99000549316406,153.80999755859375,156.6999969482422,6237200
262,262,262,262,262,262,262,262,262,2016-01-19,127.80264282226562,156.82000732421875,158.75999450683594,155.27999877929688,157.55999755859375,5860600
263,263,263,263,263,263,263,263,263,2016-01-20,125.30068969726562,153.75,158.3699951171875,151.64999389648438,154.10000610351562,9369100
264,264,264,264,264,264,264,264,264,2016-01-21,123.58926391601562,151.64999389648438,155.16000366210938,151.49000549316406,153.97000122070312,5738800
265,265,265,265,265,265,265,265,265,2016-01-22,127.83518981933594,156.86000061035156,156.99000549316406,153.86000061035156,154.5800018310547,5583800
266,266,266,266,266,266,266,266,266,2016-01-25,123.15727996826172,151.1199951171875,156.52999877929688,151.1199951171875,156.39999389648438,5051700
267,267,267,267,267,267,267,267,267,2016-01-26,125.8711166381836,154.4499969482422,156.10000610351562,151.1199951171875,151.1199951171875,5237700
268,268,268,268,268,268,268,268,268,2016-01-27,125.27623748779295,153.72000122070312,158.42999267578125,153.19000244140625,153.58999633789062,5153100
269,269,269,269,269,269,269,269,269,2016-01-28,127.99817657470705,157.05999755859375,158.0500030517578,152.52999877929688,155.00999450683594,4292900
270,270,270,270,270,270,270,270,270,2016-01-29,131.66551208496094,161.55999755859375,161.58999633789062,157.77999877929688,158.63999938964844,4887900
271,271,271,271,271,271,271,271,271,2016-02-01,130.10891723632812,159.64999389648438,161.0,158.4499969482422,160.41000366210938,2963500
272,272,272,272,272,272,272,272,272,2016-02-02,123.62997436523438,151.6999969482422,157.0,150.16000366210938,157.0,6316200
273,273,273,273,273,273,273,273,273,2016-02-03,124.42865753173828,152.67999267578125,153.83999633789062,147.00999450683594,152.5,5893200
274,274,274,274,274,274,274,274,274,2016-02-04,127.53368377685548,156.49000549316406,157.9499969482422,152.00999450683594,152.3000030517578,4573100
275,275,275,275,275,275,275,275,275,2016-02-05,127.517333984375,156.47000122070312,159.6999969482422,155.69000244140625,157.57000732421875,4596100
276,276,276,276,276,276,276,276,276,2016-02-08,121.63333129882812,149.25,153.8300018310547,145.25,153.8300018310547,8680000
277,277,277,277,277,277,277,277,277,2016-02-09,120.81832885742188,148.25,149.9499969482422,145.10000610351562,145.52000427246094,6919400
278,278,278,278,278,278,278,278,278,2016-02-10,119.98706817626952,147.22999572753906,153.3800048828125,147.2100067138672,150.0,7609600
279,279,279,279,279,279,279,279,279,2016-02-11,114.6572036743164,140.69000244140625,144.41000366210938,139.0500030517578,143.41000366210938,10252200
280,280,280,280,280,280,280,280,280,2016-02-12,119.09065246582033,146.1300048828125,146.50999450683594,143.6999969482422,143.75,9009300
281,281,281,281,281,281,281,281,281,2016-02-16,121.44588470458984,149.02000427246094,150.47999572753906,147.4499969482422,149.60000610351562,10198000
282,282,282,282,282,282,282,282,282,2016-02-17,123.01061248779295,150.94000244140625,151.8699951171875,150.30999755859375,150.8000030517578,5578800
283,283,283,283,283,283,283,283,283,2016-02-18,120.3945541381836,147.72999572753906,152.0,147.3699951171875,151.25,5895500
284,284,284,284,284,284,284,284,284,2016-02-19,119.726318359375,146.91000366210938,147.72999572753906,145.42999267578125,147.0,5257300
285,285,285,285,285,285,285,285,285,2016-02-22,121.25843048095705,148.7899932861328,149.99000549316406,148.22999572753906,149.1999969482422,4287900
286,286,286,286,286,286,286,286,286,2016-02-23,118.09638214111328,144.91000366210938,148.0500030517578,144.0500030517578,148.0,4249600
287,287,287,287,287,287,287,287,287,2016-02-24,118.6260986328125,145.55999755859375,145.63999938964844,140.25999450683594,143.0800018310547,5714700
288,288,288,288,288,288,288,288,288,2016-02-25,120.81832885742188,148.25,149.07000732421875,145.22999572753906,146.0,4299600
289,289,289,289,289,289,289,289,289,2016-02-26,122.4482650756836,150.25,151.97000122070312,149.00999450683594,149.72000122070312,5924500
290,290,290,290,290,290,290,290,290,2016-02-29,122.39098358154295,149.52999877929688,150.2899932861328,148.32000732421875,149.75,5506400
291,291,291,291,291,291,291,291,291,2016-03-01,126.58170318603516,154.64999389648438,154.77000427246094,150.67999267578125,150.9499969482422,6490400
292,292,292,292,292,292,292,292,292,2016-03-02,126.21340942382812,154.1999969482422,155.41000366210938,153.4499969482422,154.75,5047500
293,293,293,293,293,293,293,293,293,2016-03-03,127.13835144042967,155.3300018310547,155.66000366210938,153.36000061035156,154.0,3615800
294,294,294,294,294,294,294,294,294,2016-03-04,128.374267578125,156.83999633789062,158.85000610351562,155.2899932861328,156.3699951171875,5256700
295,295,295,295,295,295,295,295,295,2016-03-07,127.15470886230467,155.35000610351562,156.3699951171875,154.41000366210938,156.0,2771900
296,296,296,296,296,296,296,296,296,2016-03-08,124.0853042602539,151.60000610351562,154.22999572753906,151.5,154.0,3830400
297,297,297,297,297,297,297,297,297,2016-03-09,122.7020492553711,149.91000366210938,152.5,149.17999267578125,152.11000061035156,3250900
298,298,298,298,298,298,298,298,298,2016-03-10,123.61054229736328,151.02000427246094,153.60000610351562,148.83999633789062,150.41000366210938,4631800
299,299,299,299,299,299,299,299,299,2016-03-11,126.00059509277344,153.94000244140625,154.16000366210938,152.3699951171875,153.27999877929688,4058700
300,300,300,300,300,300,300,300,300,2016-03-14,125.63227081298828,153.49000549316406,154.4499969482422,152.1300048828125,153.66000366210938,3317900
301,301,301,301,301,301,301,301,301,2016-03-15,124.43721771240234,152.02999877929688,152.74000549316406,150.89999389648438,152.64999389648438,3731400
302,302,302,302,302,302,302,302,302,2016-03-16,123.2176742553711,150.5399932861328,152.85000610351562,149.7100067138672,150.9199981689453,4310300
303,303,303,303,303,303,303,303,303,2016-03-17,125.15756225585938,152.91000366210938,153.97999572753906,148.75,150.38999938964844,4431700
304,304,304,304,304,304,304,304,304,2016-03-18,128.99630737304688,157.60000610351562,158.17999267578125,153.8699951171875,153.91000366210938,7413200
305,305,305,305,305,305,305,305,305,2016-03-21,127.92410278320312,156.2899932861328,158.89999389648438,155.75,157.24000549316406,4410200
306,306,306,306,306,306,306,306,306,2016-03-22,126.21340942382812,154.1999969482422,155.58999633789062,153.36000061035156,155.5,3521500
307,307,307,307,307,307,307,307,307,2016-03-23,126.11522674560548,154.0800018310547,155.5500030517578,153.58999633789062,154.25,3633400
308,308,308,308,308,308,308,308,308,2016-03-24,125.23118591308594,153.0,153.0399932861328,150.1300048828125,152.39999389648438,3693400
309,309,309,309,309,309,309,309,309,2016-03-28,125.9187469482422,153.83999633789062,154.63999938964844,152.3800048828125,153.13999938964844,2308600
310,310,310,310,310,310,310,310,310,2016-03-29,126.8927764892578,155.02999877929688,155.35000610351562,151.5,152.8699951171875,2919500
311,311,311,311,311,311,311,311,311,2016-03-30,128.09593200683594,156.5,158.02000427246094,154.88999938964844,156.1300048828125,3130600
312,312,312,312,312,312,312,312,312,2016-03-31,128.4888458251953,156.97999572753906,157.47999572753906,156.05999755859375,156.17999267578125,2927300
313,313,313,313,313,313,313,313,313,2016-04-01,130.8134002685547,159.82000732421875,160.00999450683594,155.08999633789062,156.4600067138672,3373400
314,314,314,314,314,314,314,314,314,2016-04-04,129.13551330566406,157.77000427246094,160.0,157.38999938964844,159.97000122070312,2478100
315,315,315,315,315,315,315,315,315,2016-04-05,127.15470886230467,155.35000610351562,156.52999877929688,154.5500030517578,156.44000244140625,2822700
316,316,316,316,316,316,316,316,316,2016-04-06,127.02367401123048,155.19000244140625,156.27000427246094,153.9199981689453,155.25999450683594,2927400
317,317,317,317,317,317,317,317,317,2016-04-07,123.11128997802734,150.41000366210938,154.02999877929688,149.3699951171875,153.64999389648438,4786800
318,318,318,318,318,318,318,318,318,2016-04-08,123.00485229492188,150.27999877929688,152.8699951171875,150.00999450683594,152.07000732421875,3122200
319,319,319,319,319,319,319,319,319,2016-04-11,124.576416015625,152.1999969482422,153.89999389648438,150.41000366210938,151.17999267578125,3464300
320,320,320,320,320,320,320,320,320,2016-04-12,126.30342864990234,154.30999755859375,155.08999633789062,151.3000030517578,152.6699981689453,2732900
321,321,321,321,321,321,321,321,321,2016-04-13,130.83804321289062,159.85000610351562,159.99000549316406,156.3800048828125,156.52999877929688,5151100
322,322,322,322,322,322,322,322,322,2016-04-14,131.70553588867188,160.91000366210938,162.27000427246094,159.14999389648438,159.52999877929688,3067100
323,323,323,323,323,323,323,323,323,2016-04-15,129.7493438720703,158.52000427246094,161.77999877929688,158.1999969482422,161.22999572753906,3467900
324,324,324,324,324,324,324,324,324,2016-04-18,130.15859985351562,159.02000427246094,160.0,157.14999389648438,157.61000061035156,3031500
325,325,325,325,325,325,325,325,325,2016-04-19,133.12977600097656,162.64999389648438,163.6999969482422,157.0,157.75,5832200
326,326,326,326,326,326,326,326,326,2016-04-20,136.67388916015625,166.97999572753906,167.4499969482422,161.94000244140625,162.0,4802200
327,327,327,327,327,327,327,327,327,2016-04-21,135.315185546875,165.32000732421875,168.89999389648438,165.00999450683594,166.5500030517578,4165100
328,328,328,328,328,328,328,328,328,2016-04-22,136.4856414794922,166.75,167.49000549316406,165.66000366210938,165.7899932861328,2680300
329,329,329,329,329,329,329,329,329,2016-04-25,135.12686157226562,165.08999633789062,167.38999938964844,164.05999755859375,166.0,2473000
330,330,330,330,330,330,330,330,330,2016-04-26,135.7407989501953,165.83999633789062,166.0,164.22000122070312,165.3800048828125,2251600
331,331,331,331,331,331,331,331,331,2016-04-27,136.62478637695312,166.9199981689453,168.66000366210938,164.92999267578125,165.8300018310547,3323600
332,332,332,332,332,332,332,332,332,2016-04-28,134.47213745117188,164.2899932861328,167.32000732421875,164.00999450683594,165.35000610351562,2528000
333,333,333,333,333,333,333,333,333,2016-04-29,134.3247528076172,164.11000061035156,164.67999267578125,162.55999755859375,163.8000030517578,2890800
334,334,334,334,334,334,334,334,334,2016-05-02,136.01907348632812,166.17999267578125,167.19000244140625,163.99000549316406,165.0800018310547,1998400
335,335,335,335,335,335,335,335,335,2016-05-03,133.53082275390625,163.13999938964844,164.11000061035156,161.3699951171875,163.66000366210938,2777000
336,336,336,336,336,336,336,336,336,2016-05-04,131.01806640625,160.07000732421875,162.60000610351562,159.08999633789062,161.1999969482422,3203900
337,337,337,337,337,337,337,337,337,2016-05-05,130.57603454589844,159.52999877929688,160.82000732421875,158.5,160.77999877929688,2366200
338,338,338,338,338,338,338,338,338,2016-05-06,130.0194854736328,158.85000610351562,160.1699981689453,157.00999450683594,158.19000244140625,2307000
339,339,339,339,339,339,339,339,339,2016-05-09,128.9226837158203,157.50999450683594,159.85000610351562,156.7899932861328,158.1999969482422,2097900
340,340,340,340,340,340,340,340,340,2016-05-10,132.1230010986328,161.4199981689453,161.5,158.38999938964844,158.6699981689453,2379600
341,341,341,341,341,341,341,341,341,2016-05-11,130.4860076904297,159.4199981689453,162.52999877929688,159.27999877929688,161.36000061035156,2096900
342,342,342,342,342,342,342,342,342,2016-05-12,129.38099670410156,158.07000732421875,161.47000122070312,157.30999755859375,160.32000732421875,2448100
343,343,343,343,343,343,343,343,343,2016-05-13,127.14649963378906,155.33999633789062,159.72000122070312,155.25999450683594,157.8800048828125,2550100
344,344,344,344,344,344,344,344,344,2016-05-16,127.17919158935548,155.3800048828125,156.89999389648438,154.60000610351562,155.33999633789062,3177700
345,345,345,345,345,345,345,345,345,2016-05-17,126.58170318603516,154.64999389648438,157.11000061035156,153.77000427246094,154.74000549316406,2701500
346,346,346,346,346,346,346,346,346,2016-05-18,130.91162109375,159.94000244140625,160.0,154.64999389648438,154.80999755859375,3653300
347,347,347,347,347,347,347,347,347,2016-05-19,126.62264251708984,154.6999969482422,159.9499969482422,154.52000427246094,158.67999267578125,4712000
348,348,348,348,348,348,348,348,348,2016-05-20,126.46717071533205,154.50999450683594,156.41000366210938,153.9199981689453,155.75999450683594,3247800
349,349,349,349,349,349,349,349,349,2016-05-23,127.23653411865234,155.4499969482422,156.08999633789062,153.74000549316406,154.44000244140625,2767600
350,350,350,350,350,350,350,350,350,2016-05-24,128.98814392089844,157.58999633789062,158.5500030517578,156.44000244140625,156.6699981689453,3038800
351,351,351,351,351,351,351,351,351,2016-05-25,131.98387145996094,161.25,162.2899932861328,158.02999877929688,158.05999755859375,3259900
352,352,352,352,352,352,352,352,352,2016-05-26,130.32229614257812,159.22000122070312,161.3300018310547,159.1699981689453,161.16000366210938,2576100
353,353,353,353,353,353,353,353,353,2016-05-27,131.1112823486328,159.52999877929688,160.39999389648438,158.32000732421875,158.6999969482422,2157000
354,354,354,354,354,354,354,354,354,2016-05-31,131.0701904296875,159.47999572753906,161.64999389648438,158.5500030517578,160.39999389648438,2916100
355,355,355,355,355,355,355,355,355,2016-06-01,131.47293090820312,159.97000122070312,160.5500030517578,156.0,157.89999389648438,2581600
356,356,356,356,356,356,356,356,356,2016-06-02,130.90582275390625,159.27999877929688,160.3300018310547,158.4600067138672,160.13999938964844,2257100
357,357,357,357,357,357,357,357,357,2016-06-03,127.93888854980467,155.6699981689453,156.5399932861328,153.86000061035156,155.86000061035156,4329300
358,358,358,358,358,358,358,358,358,2016-06-06,129.0812530517578,157.05999755859375,157.91000366210938,155.77000427246094,156.25,2540400
359,359,359,359,359,359,359,359,359,2016-06-07,127.52799987792967,155.1699981689453,157.47000122070312,155.1699981689453,157.1999969482422,2489700
360,360,360,360,360,360,360,360,360,2016-06-08,127.0924301147461,154.63999938964844,156.5800018310547,153.91000366210938,155.1999969482422,2426800
361,361,361,361,361,361,361,361,361,2016-06-09,125.88428497314452,153.1699981689453,154.2899932861328,152.4600067138672,153.7899932861328,2711700
362,362,362,362,362,362,362,362,362,2016-06-10,123.1884994506836,149.88999938964844,151.66000366210938,149.57000732421875,151.35000610351562,4335700
363,363,363,363,363,363,363,363,363,2016-06-13,122.15300750732422,148.6300048828125,151.32000732421875,148.58999633789062,149.0,3385800
364,364,364,364,364,364,364,364,364,2016-06-14,120.14764404296876,146.19000244140625,149.0500030517578,145.4499969482422,148.22000122070312,5069600
365,365,365,365,365,365,365,365,365,2016-06-15,120.12300872802734,146.16000366210938,148.6999969482422,145.89999389648438,147.16000366210938,2981400
366,366,366,366,366,366,366,366,366,2016-06-16,120.50929260253906,146.6300048828125,146.99000549316406,143.52999877929688,145.0,3499200
367,367,367,367,367,367,367,367,367,2016-06-17,119.69561767578124,145.63999938964844,148.22999572753906,145.4600067138672,146.6300048828125,4296500
368,368,368,368,368,368,368,368,368,2016-06-20,121.42980194091795,147.75,150.5,147.5800018310547,148.5,3338900
369,369,369,369,369,369,369,369,369,2016-06-21,121.92291259765624,148.35000610351562,148.8300018310547,147.1199951171875,148.5,2424600
370,370,370,370,370,370,370,370,370,2016-06-22,121.75029754638672,148.13999938964844,150.1199951171875,147.99000549316406,148.00999450683594,2487600
371,371,371,371,371,371,371,371,371,2016-06-23,125.4651336669922,152.66000366210938,152.8000030517578,150.13999938964844,150.55999755859375,2940500
372,372,372,372,372,372,372,372,372,2016-06-24,116.58905792236328,141.86000061035156,146.4199981689453,140.9199981689453,143.02999877929688,9442200
373,373,373,373,373,373,373,373,373,2016-06-27,114.65766143798828,139.50999450683594,141.22999572753906,138.1999969482422,140.07000732421875,7381000
374,374,374,374,374,374,374,374,374,2016-06-28,117.0410614013672,142.41000366210938,142.6199951171875,139.82000732421875,142.2100067138672,5041500
375,375,375,375,375,375,375,375,375,2016-06-29,119.58063507080078,145.5,145.5500030517578,142.92999267578125,143.60000610351562,3804100
376,376,376,376,376,376,376,376,376,2016-06-30,122.11189270019533,148.5800018310547,148.8800048828125,145.3699951171875,146.6699981689453,4528600
377,377,377,377,377,377,377,377,377,2016-07-01,121.84069061279295,148.25,150.6999969482422,148.07000732421875,148.49000549316406,3096800
378,378,378,378,378,378,378,378,378,2016-07-05,118.7176513671875,144.4499969482422,146.94000244140625,143.3300018310547,146.72000122070312,3943000
379,379,379,379,379,379,379,379,379,2016-07-06,119.6463851928711,145.5800018310547,145.94000244140625,142.6199951171875,142.94000244140625,2941800
380,380,380,380,380,380,380,380,380,2016-07-07,120.81340789794922,147.0,148.08999633789062,145.36000061035156,146.0,2578300
381,381,381,381,381,381,381,381,381,2016-07-08,123.59127044677734,150.3800048828125,150.9199981689453,148.30999755859375,149.36000061035156,3281400
382,382,382,382,382,382,382,382,382,2016-07-11,125.07879638671876,152.19000244140625,152.97999572753906,151.3800048828125,151.49000549316406,3041600
383,383,383,383,383,383,383,383,383,2016-07-12,128.9661865234375,156.9199981689453,157.25,153.9199981689453,154.0,5110800
384,384,384,384,384,384,384,384,384,2016-07-13,129.78805541992188,157.9199981689453,158.27000427246094,156.14999389648438,157.0,4276400
385,385,385,385,385,385,385,385,385,2016-07-14,133.5850372314453,162.5399932861328,163.24000549316406,160.00999450683594,160.2899932861328,5087700
386,386,386,386,386,386,386,386,386,2016-07-15,132.84539794921875,161.63999938964844,163.13999938964844,160.6999969482422,162.86000061035156,3078400
387,387,387,387,387,387,387,387,387,2016-07-18,134.23435974121094,163.3300018310547,164.08999633789062,162.00999450683594,162.36000061035156,4734500
388,388,388,388,388,388,388,388,388,2016-07-19,132.65640258789062,161.41000366210938,164.0800018310547,160.72999572753906,162.02000427246094,5399700
389,389,389,389,389,389,389,389,389,2016-07-20,132.95230102539062,161.77000427246094,162.88999938964844,159.22000122070312,162.5500030517578,3547800
390,390,390,390,390,390,390,390,390,2016-07-21,131.53863525390625,160.0500030517578,161.89999389648438,159.77000427246094,161.7100067138672,2855500
391,391,391,391,391,391,391,391,391,2016-07-22,131.8345184326172,160.41000366210938,160.72999572753906,159.86000061035156,160.2899932861328,1811700
392,392,392,392,392,392,392,392,392,2016-07-25,131.91673278808594,160.50999450683594,161.3300018310547,159.61000061035156,159.63999938964844,1956100
393,393,393,393,393,393,393,393,393,2016-07-26,132.45091247558594,161.16000366210938,161.5,159.4199981689453,160.67999267578125,2150100
394,394,394,394,394,394,394,394,394,2016-07-27,132.3112030029297,160.99000549316406,162.1699981689453,160.41000366210938,161.1999969482422,2317200
395,395,395,395,395,395,395,395,395,2016-07-28,131.93319702148438,160.52999877929688,160.9600067138672,158.83999633789062,160.17999267578125,2047400
396,396,396,396,396,396,396,396,396,2016-07-29,130.51954650878906,158.80999755859375,160.19000244140625,158.64999389648438,159.50999450683594,2388200
397,397,397,397,397,397,397,397,397,2016-08-01,130.00180053710938,158.17999267578125,159.9199981689453,157.92999267578125,158.80999755859375,2316300
398,398,398,398,398,398,398,398,398,2016-08-02,128.2594757080078,156.05999755859375,158.4600067138672,155.3699951171875,157.64999389648438,3182800
399,399,399,399,399,399,399,399,399,2016-08-03,130.13323974609375,158.33999633789062,158.9499969482422,156.17999267578125,156.4499969482422,2284700
400,400,400,400,400,400,400,400,400,2016-08-04,129.89495849609375,158.0500030517578,158.89999389648438,157.41000366210938,158.22000122070312,2005700
401,401,401,401,401,401,401,401,401,2016-08-05,133.21527099609375,162.08999633789062,162.1300048828125,159.1999969482422,159.75,2676100
402,402,402,402,402,402,402,402,402,2016-08-08,133.8234100341797,162.8300018310547,163.97999572753906,162.00999450683594,162.10000610351562,2266600
403,403,403,403,403,403,403,403,403,2016-08-09,134.32473754882812,163.44000244140625,164.5800018310547,162.5,162.5,1957400
404,404,404,404,404,404,404,404,404,2016-08-10,133.2974090576172,162.19000244140625,163.60000610351562,162.00999450683594,163.4499969482422,1656100
405,405,405,405,405,405,405,405,405,2016-08-11,134.6699676513672,163.86000061035156,164.25,161.92999267578125,162.1999969482422,1827700
406,406,406,406,406,406,406,406,406,2016-08-12,134.16859436035156,163.25,163.3699951171875,162.07000732421875,162.6699981689453,1440800
407,407,407,407,407,407,407,407,407,2016-08-15,136.05889892578125,165.5500030517578,165.83999633789062,163.8000030517578,163.8699951171875,2222200
408,408,408,408,408,408,408,408,408,2016-08-16,136.14105224609375,165.64999389648438,166.75999450683594,164.72000122070312,164.99000549316406,2523800
409,409,409,409,409,409,409,409,409,2016-08-17,136.157470703125,165.6699981689453,166.32000732421875,164.74000549316406,165.94000244140625,2061700
410,410,410,410,410,410,410,410,410,2016-08-18,136.47801208496094,166.05999755859375,166.55999755859375,164.6300048828125,165.33999633789062,1750500
411,411,411,411,411,411,411,411,411,2016-08-19,136.61776733398438,166.22999572753906,166.89999389648438,164.5,165.36000061035156,1840900
412,412,412,412,412,412,412,412,412,2016-08-22,136.6423797607422,166.25999450683594,166.91000366210938,164.88999938964844,166.0,1448100
413,413,413,413,413,413,413,413,413,2016-08-23,136.4944610595703,166.0800018310547,167.85000610351562,165.97999572753906,167.0,1965500
414,414,414,414,414,414,414,414,414,2016-08-24,135.8534393310547,165.3000030517578,166.6999969482422,164.85000610351562,165.77999877929688,2035300
415,415,415,415,415,415,415,415,415,2016-08-25,136.3465118408203,165.89999389648438,166.0399932861328,164.61000061035156,165.0800018310547,1441400
416,416,416,416,416,416,416,416,416,2016-08-26,136.40406799316406,165.97000122070312,168.07000732421875,165.36000061035156,166.75999450683594,2402200
417,417,417,417,417,417,417,417,417,2016-08-29,137.1437225341797,166.8699951171875,167.86000061035156,166.14999389648438,166.60000610351562,2620900
418,418,418,418,418,418,418,418,418,2016-08-30,139.7427215576172,169.3699951171875,169.50999450683594,166.22000122070312,166.22000122070312,2934100
419,419,419,419,419,419,419,419,419,2016-08-31,139.8170166015625,169.4600067138672,170.24000549316406,167.47000122070312,169.25,3688200
420,420,420,420,420,420,420,420,420,2016-09-01,139.0331268310547,168.50999450683594,170.07000732421875,166.66000366210938,170.0,2843300
421,421,421,421,421,421,421,421,421,2016-09-02,139.5859832763672,169.17999267578125,169.74000549316406,167.89999389648438,168.52000427246094,1747500
422,422,422,422,422,422,422,422,422,2016-09-06,139.709716796875,169.3300018310547,169.7899932861328,167.47000122070312,168.72000122070312,2034900
423,423,423,423,423,423,423,423,423,2016-09-07,139.99026489257812,169.6699981689453,170.2100067138672,168.64999389648438,168.6999969482422,1584300
424,424,424,424,424,424,424,424,424,2016-09-08,141.63217163085938,171.66000366210938,171.8800048828125,168.7100067138672,169.35000610351562,3031600
425,425,425,425,425,425,425,425,425,2016-09-09,139.0826416015625,168.57000732421875,172.4199981689453,168.50999450683594,170.8300018310547,3411800
426,426,426,426,426,426,426,426,426,2016-09-12,141.1370849609375,171.05999755859375,171.6699981689453,166.22999572753906,167.00999450683594,2647900
427,427,427,427,427,427,427,427,427,2016-09-13,137.7872772216797,167.0,169.97000122070312,166.3800048828125,168.5399932861328,2788200
428,428,428,428,428,428,428,428,428,2016-09-14,137.09422302246094,166.16000366210938,167.86000061035156,165.58999633789062,167.0,1995900
429,429,429,429,429,429,429,429,429,2016-09-15,138.67837524414062,168.0800018310547,168.75999450683594,165.75999450683594,165.77999877929688,1645200
430,430,430,430,430,430,430,430,430,2016-09-16,136.9622039794922,166.0,168.0500030517578,165.61000061035156,167.85000610351562,4534900
431,431,431,431,431,431,431,431,431,2016-09-19,137.135498046875,166.2100067138672,168.30999755859375,165.67999267578125,167.33999633789062,2030700
432,432,432,432,432,432,432,432,432,2016-09-20,137.35000610351562,166.47000122070312,168.27999877929688,166.38999938964844,167.67999267578125,1532900
433,433,433,433,433,433,433,433,433,2016-09-21,137.8120880126953,167.02999877929688,168.27999877929688,165.92999267578125,167.4199981689453,2333600
434,434,434,434,434,434,434,434,434,2016-09-22,138.6288604736328,168.02000427246094,169.3300018310547,167.6999969482422,168.4499969482422,2467700
435,435,435,435,435,435,435,435,435,2016-09-23,136.2444305419922,165.1300048828125,168.10000610351562,165.0500030517578,167.75,3421200
436,436,436,436,436,436,436,436,436,2016-09-26,133.23289489746094,161.47999572753906,163.97000122070312,161.0,163.8300018310547,2772200
437,437,437,437,437,437,437,437,437,2016-09-27,134.39627075195312,162.88999938964844,163.4499969482422,159.82000732421875,160.72000122070312,2602700
438,438,438,438,438,438,438,438,438,2016-09-28,134.85830688476562,163.4499969482422,163.7899932861328,161.67999267578125,163.33999633789062,1678100
439,439,439,439,439,439,439,439,439,2016-09-29,131.14544677734375,158.9499969482422,163.9600067138672,157.77000427246094,163.3800048828125,3733800
440,440,440,440,440,440,440,440,440,2016-09-30,133.0596160888672,161.27000427246094,162.41000366210938,157.8000030517578,159.9499969482422,4497200
441,441,441,441,441,441,441,441,441,2016-10-03,132.8946533203125,161.07000732421875,161.72000122070312,160.25,160.5,2444700
442,442,442,442,442,442,442,442,442,2016-10-04,133.88467407226562,162.27000427246094,164.14999389648438,161.22999572753906,161.24000549316406,2469900
443,443,443,443,443,443,443,443,443,2016-10-05,137.292236328125,166.39999389648438,166.57000732421875,163.00999450683594,163.32000732421875,2548200
444,444,444,444,444,444,444,444,444,2016-10-06,137.9110565185547,167.14999389648438,167.2899932861328,164.82000732421875,167.17999267578125,2858000
445,445,445,445,445,445,445,445,445,2016-10-07,140.1222686767578,169.8300018310547,169.97999572753906,166.24000549316406,167.5,3390200
446,446,446,446,446,446,446,446,446,2016-10-10,141.12057495117188,171.0399932861328,171.75,170.10000610351562,170.52000427246094,2532000
447,447,447,447,447,447,447,447,447,2016-10-11,139.4704132080078,169.0399932861328,170.8699951171875,167.91000366210938,169.83999633789062,2680000
448,448,448,448,448,448,448,448,448,2016-10-12,139.6849822998047,169.3000030517578,169.99000549316406,168.3000030517578,169.0399932861328,2404000
449,449,449,449,449,449,449,449,449,2016-10-13,138.1337890625,167.4199981689453,167.6300048828125,165.50999450683594,167.60000610351562,2713700
450,450,450,450,450,450,450,450,450,2016-10-14,140.6915283203125,170.52000427246094,172.9499969482422,169.11000061035156,171.60000610351562,5282300
451,451,451,451,451,451,451,451,451,2016-10-17,139.43743896484375,169.0,171.27000427246094,168.4499969482422,170.5,3061400
452,452,452,452,452,452,452,452,452,2016-10-18,142.43246459960938,172.6300048828125,173.47000122070312,171.10000610351562,172.00999450683594,4482500
453,453,453,453,453,453,453,453,453,2016-10-19,143.9835968017578,174.50999450683594,175.67999267578125,173.17999267578125,173.3699951171875,3676000
454,454,454,454,454,454,454,454,454,2016-10-20,143.9835968017578,174.50999450683594,175.7899932861328,173.8000030517578,174.0,2471100
455,455,455,455,455,455,455,455,455,2016-10-21,144.11558532714844,174.6699981689453,174.89999389648438,172.50999450683594,172.83999633789062,2004400
456,456,456,456,456,456,456,456,456,2016-10-24,144.48683166503906,175.1199951171875,175.7899932861328,174.35000610351562,175.5,1943200
457,457,457,457,457,457,457,457,457,2016-10-25,144.8416748046875,175.5500030517578,175.9600067138672,174.63999938964844,175.0399932861328,2423300
458,458,458,458,458,458,458,458,458,2016-10-26,146.0957489013672,177.07000732421875,177.89999389648438,173.92999267578125,174.7899932861328,2533800
459,459,459,459,459,459,459,459,459,2016-10-27,146.65684509277344,177.75,178.85000610351562,176.57000732421875,178.19000244140625,3021900
460,460,460,460,460,460,460,460,460,2016-10-28,146.15354919433594,177.13999938964844,178.50999450683594,175.4600067138672,178.50999450683594,2042800
461,461,461,461,461,461,461,461,461,2016-10-31,147.06112670898438,178.24000549316406,178.5,177.22999572753906,177.67999267578125,1828200
462,462,462,462,462,462,462,462,462,2016-11-01,146.91256713867188,178.05999755859375,179.17999267578125,176.61000061035156,179.0,2900600
463,463,463,463,463,463,463,463,463,2016-11-02,145.69151306152344,176.5800018310547,177.5,176.07000732421875,177.07000732421875,2104800
464,464,464,464,464,464,464,464,464,2016-11-03,145.3861846923828,176.2100067138672,177.97000122070312,176.2100067138672,176.77000427246094,1972700
465,465,465,465,465,465,465,465,465,2016-11-04,145.14694213867188,175.9199981689453,177.33999633789062,174.72999572753906,176.3300018310547,1846500
466,466,466,466,466,466,466,466,466,2016-11-07,149.73434448242188,181.47999572753903,181.5,179.0,179.0,3338800
467,467,467,467,467,467,467,467,467,2016-11-08,150.09732055664062,181.9199981689453,182.67999267578125,178.4600067138672,180.11000061035156,2646200
468,468,468,468,468,468,468,468,468,2016-11-09,158.9339599609375,192.6300048828125,193.5399932861328,183.4499969482422,185.0,7823800
469,469,469,469,469,469,469,469,469,2016-11-10,165.73252868652344,200.8699951171875,204.6699981689453,194.0,194.52999877929688,11345400
470,470,470,470,470,470,470,470,470,2016-11-11,168.2655029296875,203.94000244140625,205.0,198.25,198.25,6290200
471,471,471,471,471,471,471,471,471,2016-11-14,172.5888671875,209.17999267578125,211.7700042724609,204.1499938964844,204.1499938964844,8248100
472,472,472,472,472,472,472,472,472,2016-11-15,174.24732971191406,211.19000244140625,211.1999969482422,205.1699981689453,206.5599975585937,4893800
473,473,473,473,473,473,473,473,473,2016-11-16,170.17967224121094,206.259994506836,208.0800018310547,204.8300018310547,207.3500061035156,5276200
474,474,474,474,474,474,474,474,474,2016-11-17,172.960205078125,209.6300048828125,209.69000244140625,205.6699981689453,206.259994506836,3572400
475,475,475,475,475,475,475,475,475,2016-11-18,173.55426025390625,210.3500061035156,212.07000732421875,209.72000122070312,209.8699951171875,4278200
476,476,476,476,476,476,476,476,476,2016-11-21,174.15655517578125,211.0800018310547,211.69000244140625,209.17999267578125,211.4600067138672,2860200
477,477,477,477,477,477,477,477,477,2016-11-22,174.18128967285156,211.1100006103516,211.9499969482422,209.88999938964844,211.3600006103516,2945700
478,478,478,478,478,478,478,478,478,2016-11-23,175.17135620117188,212.3099975585937,213.4100036621093,209.3699951171875,211.5,3717400
479,479,479,479,479,479,479,479,479,2016-11-25,174.40406799316406,211.3800048828125,212.75,211.0,211.3600006103516,1974000
480,480,480,480,480,480,480,480,480,2016-11-28,173.55426025390625,210.3500061035156,211.759994506836,209.6000061035156,210.0,3297400
481,481,481,481,481,481,481,481,481,2016-11-29,175.2508544921875,211.75,212.9199981689453,209.9199981689453,209.9900054931641,2577600
482,482,482,482,482,482,482,482,482,2016-11-30,181.4911956787109,219.2899932861328,220.7700042724609,214.97000122070312,215.1999969482422,6507900
483,483,483,483,483,483,483,483,483,2016-12-01,187.5660400390625,226.6300048828125,227.1600036621093,220.3500061035156,220.92999267578125,7606500
484,484,484,484,484,484,484,484,484,2016-12-02,184.8596954345703,223.3600006103516,226.25,221.22000122070312,226.0,5297400
485,485,485,485,485,485,485,485,485,2016-12-05,189.15505981445312,228.5500030517578,229.1999969482422,225.2400054931641,225.5200042724609,4599300
486,486,486,486,486,486,486,486,486,2016-12-06,191.49728393554688,231.3800048828125,232.6699981689453,227.8999938964844,230.17999267578125,5259300
487,487,487,487,487,487,487,487,487,2016-12-07,194.956787109375,235.5599975585937,236.08999633789065,230.3999938964844,230.3999938964844,6595200
488,488,488,488,488,488,488,488,488,2016-12-08,199.83151245117188,241.4499969482422,242.4199981689453,236.0,236.8800048828125,7343700
489,489,489,489,489,489,489,489,489,2016-12-09,200.16259765625,241.8500061035156,242.0,238.8800048828125,240.6100006103516,5456000
490,490,490,490,490,490,490,490,490,2016-12-12,196.28924560546875,237.1699981689453,242.8300018310547,236.3699951171875,240.5,5022000
491,491,491,491,491,491,491,491,491,2016-12-13,197.43142700195312,238.5500030517578,240.17999267578125,235.509994506836,239.0,4680500
492,492,492,492,492,492,492,492,492,2016-12-14,198.57351684570312,239.92999267578125,243.1199951171875,235.3699951171875,235.6699981689453,6172400
493,493,493,493,493,493,493,493,493,2016-12-15,201.1143341064453,243.0,245.57000732421875,241.6199951171875,242.4900054931641,4829700
494,494,494,494,494,494,494,494,494,2016-12-16,197.72108459472656,238.8999938964844,243.19000244140625,238.3999938964844,242.8000030517578,6876400
495,495,495,495,495,495,495,495,495,2016-12-19,197.86181640625,239.07000732421875,239.7400054931641,236.259994506836,238.33999633789065,3743300
496,496,496,496,496,496,496,496,496,2016-12-20,201.1888122558593,243.08999633789065,243.6499938964844,240.22999572753903,240.5200042724609,4487700
497,497,497,497,497,497,497,497,497,2016-12-21,199.8232421875,241.44000244140625,242.3999938964844,240.0800018310547,242.2400054931641,3277800
498,498,498,498,498,498,498,498,498,2016-12-22,198.7307586669922,240.1199951171875,242.8600006103516,239.5500030517578,241.22999572753903,2636500
499,499,499,499,499,499,499,499,499,2016-12-23,199.4342803955078,240.97000122070312,241.8999938964844,238.9100036621093,239.5399932861328,2187500
500,500,500,500,500,500,500,500,500,2016-12-27,199.92257690429688,241.5599975585937,242.58999633789065,240.3999938964844,241.9499969482422,1998200
501,501,501,501,501,501,501,501,501,2016-12-28,199.1694183349609,240.6499938964844,244.5,240.44000244140625,243.69000244140625,3053000
502,502,502,502,502,502,502,502,502,2016-12-29,197.1251373291016,238.17999267578125,241.07000732421875,236.63999938964844,240.75,2619000
503,503,503,503,503,503,503,503,503,2016-12-30,198.17623901367188,239.4499969482422,240.5,237.3999938964844,238.509994506836,2355500
504,504,504,504,504,504,504,504,504,2017-01-03,199.9308013916016,241.57000732421875,244.97000122070312,237.97000122070312,242.6999969482422,4384200
505,505,505,505,505,505,505,505,505,2017-01-04,201.221923828125,243.1300048828125,243.32000732421875,240.02999877929688,241.44000244140625,2728700
506,506,506,506,506,506,506,506,506,2017-01-05,199.72393798828125,241.32000732421875,243.22999572753903,236.77999877929688,242.72000122070312,3562600
507,507,507,507,507,507,507,507,507,2017-01-06,202.68682861328125,244.8999938964844,246.1999969482422,241.3699951171875,242.2899932861328,3591100
508,508,508,508,508,508,508,508,508,2017-01-09,201.0232849121093,242.88999938964844,244.69000244140625,241.47000122070312,243.25,3022800
509,509,509,509,509,509,509,509,509,2017-01-10,200.75845336914065,242.57000732421875,243.44000244140625,239.0500030517578,240.8699951171875,3432900
510,510,510,510,510,510,510,510,510,2017-01-11,203.3986358642578,245.759994506836,245.83999633789065,242.0,242.7700042724609,3532600
511,511,511,511,511,511,511,511,511,2017-01-12,201.8095550537109,243.83999633789065,245.47000122070312,241.57000732421875,245.0599975585937,4022300
512,512,512,512,512,512,512,512,512,2017-01-13,202.1902770996093,244.3000030517578,247.7700042724609,242.9100036621093,245.42999267578125,4186100
513,513,513,513,513,513,513,513,513,2017-01-17,195.1057281494141,235.7400054931641,243.0599975585937,235.6100006103516,242.94000244140625,6277200
514,514,514,514,514,514,514,514,514,2017-01-18,193.9056701660156,234.2899932861328,237.69000244140625,231.5200042724609,236.0,7590500
515,515,515,515,515,515,515,515,515,2017-01-19,191.5221099853516,231.4100036621093,234.75,230.6199951171875,234.07000732421875,4561800
516,516,516,516,516,516,516,516,516,2017-01-20,192.1759185791016,232.1999969482422,233.22999572753903,230.5399932861328,231.6199951171875,5211800
517,517,517,517,517,517,517,517,517,2017-01-23,192.5648956298828,232.6699981689453,233.75,230.75,231.8600006103516,3136200
518,518,518,518,518,518,518,518,518,2017-01-24,193.4008178710937,233.67999267578125,236.0599975585937,230.83999633789065,231.8600006103516,4448200
519,519,519,519,519,519,519,519,519,2017-01-25,196.35546875,237.25,237.3300018310547,234.4900054931641,235.52999877929688,3716800
520,520,520,520,520,520,520,520,520,2017-01-26,198.28384399414065,239.5800018310547,240.7899932861328,237.47000122070312,237.47000122070312,4195600
521,521,521,521,521,521,521,521,521,2017-01-27,196.107177734375,236.9499969482422,237.97000122070312,236.009994506836,236.8999938964844,3253100
522,522,522,522,522,522,522,522,522,2017-01-30,193.58287048339844,233.8999938964844,236.2899932861328,231.5200042724609,235.5800018310547,3803300
523,523,523,523,523,523,523,523,523,2017-01-31,189.79237365722656,229.32000732421875,234.3500061035156,228.1600036621093,232.8500061035156,5156400
524,524,524,524,524,524,524,524,524,2017-02-01,190.90963745117188,230.6699981689453,232.8600006103516,229.5200042724609,230.509994506836,4024500
525,525,525,525,525,525,525,525,525,2017-02-02,190.69448852539065,230.4100036621093,232.3300018310547,227.0500030517578,228.509994506836,2775700
526,526,526,526,526,526,526,526,526,2017-02-03,199.417709350586,240.9499969482422,241.1100006103516,234.1999969482422,234.5200042724609,7381000
527,527,527,527,527,527,527,527,527,2017-02-06,198.61489868164065,239.97999572753903,243.6499938964844,239.1699981689453,239.6000061035156,4639200
528,528,528,528,528,528,528,528,528,2017-02-07,198.3169708251953,239.6199951171875,241.44000244140625,239.38999938964844,241.1499938964844,2660200
529,529,529,529,529,529,529,529,529,2017-02-08,196.75274658203125,237.72999572753903,238.94000244140625,236.3099975585937,238.3000030517578,2744700
530,530,530,530,530,530,530,530,530,2017-02-09,199.9142608642578,241.5500030517578,243.2899932861328,237.4199981689453,237.72999572753903,3550800
531,531,531,531,531,531,531,531,531,2017-02-10,200.88262939453125,242.72000122070312,244.1600036621093,241.22999572753903,243.3699951171875,3072800
532,532,532,532,532,532,532,532,532,2017-02-13,203.82069396972656,246.2700042724609,247.47999572753903,244.4900054931641,244.4900054931641,2998200
533,533,533,533,533,533,533,533,533,2017-02-14,206.46080017089844,249.4600067138672,250.0,245.69000244140625,246.009994506836,4141500
534,534,534,534,534,534,534,534,534,2017-02-15,207.35464477539065,250.5399932861328,251.9499969482422,248.509994506836,250.5800018310547,4296600
535,535,535,535,535,535,535,535,535,2017-02-16,206.4442443847656,249.44000244140625,250.77999877929688,248.44000244140625,250.3000030517578,2286300
536,536,536,536,536,536,536,536,536,2017-02-17,207.2222595214844,250.3800048828125,250.5599975585937,247.1100006103516,247.509994506836,3262300
537,537,537,537,537,537,537,537,537,2017-02-21,208.36441040039065,251.759994506836,252.6499938964844,250.7100067138672,251.0,2794900
538,538,538,538,538,538,538,538,538,2017-02-22,208.339584350586,251.72999572753903,252.3500061035156,250.0,250.0599975585937,2378800
539,539,539,539,539,539,539,539,539,2017-02-23,207.8926544189453,251.19000244140625,251.8999938964844,249.32000732421875,251.3099975585937,2594700
540,540,540,540,540,540,540,540,540,2017-02-24,204.7145233154297,247.3500061035156,248.8800048828125,246.1000061035156,247.6999969482422,3565400
541,541,541,541,541,541,541,541,541,2017-02-27,206.35324096679688,249.3300018310547,249.759994506836,246.6100006103516,247.2100067138672,2372600
542,542,542,542,542,542,542,542,542,2017-02-28,205.8387451171875,248.0599975585937,249.0,245.6100006103516,248.0,3627100
543,543,543,543,543,543,543,543,543,2017-03-01,209.6973114013672,252.7100067138672,255.1499938964844,251.259994506836,253.7100067138672,5218300
544,544,544,544,544,544,544,544,544,2017-03-02,208.32815551757807,251.0599975585937,254.2400054931641,250.97000122070312,253.5200042724609,3020000
545,545,545,545,545,545,545,545,545,2017-03-03,209.8466796875,252.88999938964844,254.75,251.0599975585937,251.0599975585937,3163700
546,546,546,546,546,546,546,546,546,2017-03-06,209.1164703369141,252.009994506836,252.72999572753903,250.5,252.1699981689453,2467000
547,547,547,547,547,547,547,547,547,2017-03-07,208.19537353515625,250.8999938964844,253.0,250.3099975585937,252.4900054931641,2497300
548,548,548,548,548,548,548,548,548,2017-03-08,207.64773559570312,250.2400054931641,254.7700042724609,249.6100006103516,253.6199951171875,3574400
549,549,549,549,549,549,549,549,549,2017-03-09,207.59796142578125,250.17999267578125,252.7400054931641,249.5200042724609,251.22000122070312,3061500
550,550,550,550,550,550,550,550,550,2017-03-10,206.1042938232422,248.3800048828125,251.8999938964844,246.8699951171875,251.83999633789065,3365900
551,551,551,551,551,551,551,551,551,2017-03-13,205.92173767089844,248.1600036621093,249.32000732421875,247.2100067138672,249.32000732421875,1801100
552,552,552,552,552,552,552,552,552,2017-03-14,205.5566864013672,247.72000122070312,247.8300018310547,245.4100036621093,246.8099975585937,2144200
553,553,553,553,553,553,553,553,553,2017-03-15,204.77664184570312,246.77999877929688,250.27999877929688,245.5599975585937,248.3500061035156,3427000
554,554,554,554,554,554,554,554,554,2017-03-16,205.9715576171875,248.22000122070312,250.1999969482422,247.3099975585937,247.8500061035156,2940600
555,555,555,555,555,555,555,555,555,2017-03-17,202.4200439453125,243.94000244140625,249.67999267578125,243.8600006103516,249.67999267578125,5438100
556,556,556,556,556,556,556,556,556,2017-03-20,200.9263916015625,242.13999938964844,244.92999267578125,241.5200042724609,243.32000732421875,2759100
557,557,557,557,557,557,557,557,557,2017-03-21,193.3420562744141,233.0,243.3099975585937,232.7899932861328,243.3099975585937,5660900
558,558,558,558,558,558,558,558,558,2017-03-22,191.7406005859375,231.07000732421875,232.9199981689453,229.1600036621093,231.22000122070312,6291300
559,559,559,559,559,559,559,559,559,2017-03-23,192.4293212890625,231.8999938964844,234.6300048828125,229.9499969482422,230.75,4770700
560,560,560,560,560,560,560,560,560,2017-03-24,189.5333251953125,228.4100036621093,233.6999969482422,226.97000122070312,233.0,6387300
561,561,561,561,561,561,561,561,561,2017-03-27,187.10205078125,225.47999572753903,227.07000732421875,220.8500061035156,223.3000030517578,9194800
562,562,562,562,562,562,562,562,562,2017-03-28,190.2967529296875,229.3300018310547,229.75,225.1000061035156,225.5800018310547,4471200
563,563,563,563,563,563,563,563,563,2017-03-29,189.5664978027344,228.4499969482422,229.97000122070312,227.5200042724609,229.38999938964844,2636000
564,564,564,564,564,564,564,564,564,2017-03-30,191.8650665283203,231.22000122070312,232.0,229.3800048828125,229.47999572753903,3156800
565,565,565,565,565,565,565,565,565,2017-03-31,190.620346069336,229.72000122070312,230.8000030517578,228.72999572753903,230.52999877929688,2858400
566,566,566,566,566,566,566,566,566,2017-04-03,189.9896697998047,228.9600067138672,230.1000061035156,225.57000732421875,230.0,3735600
567,567,567,567,567,567,567,567,567,2017-04-04,190.2386474609375,229.259994506836,230.69000244140625,227.27999877929688,227.72000122070312,3042700
568,568,568,568,568,568,568,568,568,2017-04-05,188.91094970703125,227.6600036621093,232.88999938964844,227.3099975585937,232.1499938964844,5286900
569,569,569,569,569,569,569,569,569,2017-04-06,189.72415161132807,228.63999938964844,230.1199951171875,225.7100067138672,227.08999633789065,2927200
570,570,570,570,570,570,570,570,570,2017-04-07,189.093490600586,227.8800048828125,228.8300018310547,226.22999572753903,226.6000061035156,2853300
571,571,571,571,571,571,571,571,571,2017-04-10,189.93161010742188,228.88999938964844,229.7899932861328,226.9499969482422,228.0,2653900
572,572,572,572,572,572,572,572,572,2017-04-11,188.9774169921875,227.7400054931641,229.3999938964844,225.38999938964844,227.77999877929688,3374700
573,573,573,573,573,573,573,573,573,2017-04-12,187.3260498046875,225.75,228.25,225.22999572753903,227.6499938964844,2947500
574,574,574,574,574,574,574,574,574,2017-04-13,185.3097076416016,223.32000732421875,228.1699981689453,223.0800018310547,225.17999267578125,3653700
575,575,575,575,575,575,575,575,575,2017-04-17,187.749267578125,226.259994506836,226.8800048828125,223.0200042724609,223.8999938964844,4190900
576,576,576,576,576,576,576,576,576,2017-04-18,178.89535522460938,215.58999633789065,219.88999938964844,213.17999267578125,219.32000732421875,12464000
577,577,577,577,577,577,577,577,577,2017-04-19,177.65066528320312,214.08999633789065,217.17999267578125,213.6100006103516,215.8699951171875,6428800
578,578,578,578,578,578,578,578,578,2017-04-20,180.9449462890625,218.0599975585937,218.97999572753903,215.0,215.5,5168200
579,579,579,579,579,579,579,579,579,2017-04-21,179.9491729736328,216.8600006103516,219.17999267578125,216.3800048828125,218.5500030517578,3845700
580,580,580,580,580,580,580,580,580,2017-04-24,185.2266845703125,223.22000122070312,224.8099975585937,220.3000030517578,221.17999267578125,5353500
581,581,581,581,581,581,581,581,581,2017-04-25,188.05633544921875,226.6300048828125,227.97999572753903,225.1499938964844,226.1999969482422,3996900
582,582,582,582,582,582,582,582,582,2017-04-26,187.69949340820312,226.1999969482422,229.3600006103516,226.08999633789065,227.1000061035156,3765300
583,583,583,583,583,583,583,583,583,2017-04-27,187.37583923339844,225.8099975585937,226.6999969482422,223.5200042724609,226.6999969482422,2805800
584,584,584,584,584,584,584,584,584,2017-04-28,185.7079315185547,223.8000030517578,226.7700042724609,223.72000122070312,225.3099975585937,2936600
585,585,585,585,585,585,585,585,585,2017-05-01,186.5792694091797,224.8500061035156,226.38999938964844,220.92999267578125,224.8999938964844,3004800
586,586,586,586,586,586,586,586,586,2017-05-02,186.80328369140625,225.1199951171875,225.83999633789065,223.17999267578125,224.8600006103516,2602400
587,587,587,587,587,587,587,587,587,2017-05-03,187.79074096679688,226.3099975585937,226.69000244140625,224.32000732421875,224.4499969482422,3042200
588,588,588,588,588,588,588,588,588,2017-05-04,188.0230712890625,226.58999633789065,228.88999938964844,224.8099975585937,228.259994506836,2935400
589,589,589,589,589,589,589,589,589,2017-05-05,188.2554626464844,226.8699951171875,227.47000122070312,225.3000030517578,226.8800048828125,2435800
590,590,590,590,590,590,590,590,590,2017-05-08,186.72857666015625,225.02999877929688,227.33999633789065,224.6000061035156,226.75,2316800
591,591,591,591,591,591,591,591,591,2017-05-09,185.6747436523437,223.759994506836,226.57000732421875,222.92999267578125,225.47000122070312,2145400
592,592,592,592,592,592,592,592,592,2017-05-10,186.6041412353516,224.8800048828125,225.3500061035156,223.0599975585937,223.4600067138672,2630400
593,593,593,593,593,593,593,593,593,2017-05-11,186.50457763671875,224.759994506836,225.08999633789065,222.1499938964844,224.3500061035156,2440300
594,594,594,594,594,594,594,594,594,2017-05-12,184.894775390625,222.82000732421875,224.4900054931641,222.47999572753903,223.4900054931641,2166100
595,595,595,595,595,595,595,595,595,2017-05-15,186.80328369140625,225.1199951171875,226.57000732421875,222.8500061035156,223.1300048828125,2468100
596,596,596,596,596,596,596,596,596,2017-05-16,187.2016143798828,225.6000061035156,226.82000732421875,224.4100036621093,225.44000244140625,1710700
597,597,597,597,597,597,597,597,597,2017-05-17,177.34361267089844,213.72000122070312,225.6000061035156,213.1199951171875,225.6000061035156,7525700
598,598,598,598,598,598,598,598,598,2017-05-18,178.53855895996094,215.1600036621093,217.6100006103516,213.8600006103516,214.0,4792400
599,599,599,599,599,599,599,599,599,2017-05-19,178.7294158935547,215.38999938964844,217.8000030517578,214.0,214.8699951171875,3747100
600,600,600,600,600,600,600,600,600,2017-05-22,179.2521514892578,216.0200042724609,217.63999938964844,215.3999938964844,217.3699951171875,2506100
601,601,601,601,601,601,601,601,601,2017-05-23,182.25604248046875,219.63999938964844,220.7899932861328,214.6600036621093,215.97000122070312,3308800
602,602,602,602,602,602,602,602,602,2017-05-24,185.73287963867188,223.8300018310547,224.3999938964844,219.4499969482422,220.0,4141600
603,603,603,603,603,603,603,603,603,2017-05-25,184.6043243408203,222.47000122070312,225.4499969482422,222.3000030517578,224.4100036621093,2640000
604,604,604,604,604,604,604,604,604,2017-05-26,185.48390197753903,223.52999877929688,224.22999572753903,221.17999267578125,222.009994506836,1787100
605,605,605,605,605,605,605,605,605,2017-05-30,181.8538513183593,218.4199981689453,222.44000244140625,218.009994506836,221.8300018310547,3097800
606,606,606,606,606,606,606,606,606,2017-05-31,175.89251708984375,211.259994506836,218.3000030517578,209.6199951171875,218.2400054931641,8312000
607,607,607,607,607,607,607,607,607,2017-06-01,179.0146942138672,215.009994506836,215.92999267578125,210.7899932861328,212.6100006103516,4057900
608,608,608,608,608,608,608,608,608,2017-06-02,177.59930419921875,213.3099975585937,215.2100067138672,211.9100036621093,212.94000244140625,3692000
609,609,609,609,609,609,609,609,609,2017-06-05,178.16551208496094,213.9900054931641,215.8099975585937,212.67999267578125,213.0800018310547,2696600
610,610,610,610,610,610,610,610,610,2017-06-06,178.61509704589844,214.52999877929688,216.0200042724609,212.47999572753903,212.509994506836,2891300
611,611,611,611,611,611,611,611,611,2017-06-07,179.65585327148438,215.77999877929688,217.22999572753903,214.3099975585937,215.3699951171875,2679400
612,612,612,612,612,612,612,612,612,2017-06-08,182.13693237304688,218.759994506836,221.0,214.6300048828125,215.77999877929688,3765600
613,613,613,613,613,613,613,613,613,2017-06-09,185.2008514404297,222.44000244140625,223.8500061035156,219.75,220.8300018310547,4455400
614,614,614,614,614,614,614,614,614,2017-06-12,184.7595977783203,221.9100036621093,225.22999572753903,221.9100036621093,223.6300048828125,3388200
615,615,615,615,615,615,615,615,615,2017-06-13,186.66622924804688,224.1999969482422,226.8000030517578,222.7700042724609,223.3500061035156,2767800
616,616,616,616,616,616,616,616,616,2017-06-14,188.58946228027344,226.509994506836,226.94000244140625,221.759994506836,222.9900054931641,3652900
617,617,617,617,617,617,617,617,617,2017-06-15,185.858627319336,223.22999572753903,226.3500061035156,222.8000030517578,224.8099975585937,3378900
618,618,618,618,618,618,618,618,618,2017-06-16,184.67630004882807,221.8099975585937,223.6699981689453,221.1300048828125,222.6499938964844,3758300
619,619,619,619,619,619,619,619,619,2017-06-19,188.2730865478516,226.1300048828125,227.0399932861328,223.1100006103516,223.42999267578125,2900900
620,620,620,620,620,620,620,620,620,2017-06-20,187.41554260253903,225.1000061035156,226.5399932861328,224.19000244140625,225.509994506836,2264200
621,621,621,621,621,621,621,621,621,2017-06-21,185.24249267578125,222.4900054931641,224.92999267578125,221.92999267578125,224.5399932861328,3015300
622,622,622,622,622,622,622,622,622,2017-06-22,182.9778289794922,219.7700042724609,221.8999938964844,219.2899932861328,221.44000244140625,3344600
623,623,623,623,623,623,623,623,623,2017-06-23,180.82974243164065,217.19000244140625,220.69000244140625,216.4600067138672,220.5,4448700
624,624,624,624,624,624,624,624,624,2017-06-26,183.53561401367188,220.44000244140625,221.97000122070312,217.6999969482422,218.259994506836,2589500
625,625,625,625,625,625,625,625,625,2017-06-27,183.4024810791016,220.27999877929688,222.4100036621093,219.5599975585937,221.83999633789065,2899400
626,626,626,626,626,626,626,626,626,2017-06-28,185.8502655029297,223.22000122070312,224.6300048828125,220.75,221.8699951171875,3482800
627,627,627,627,627,627,627,627,627,2017-06-29,186.8410186767578,224.4100036621093,228.7899932861328,223.02999877929688,228.3699951171875,5063400
628,628,628,628,628,628,628,628,628,2017-06-30,184.75125122070312,221.8999938964844,226.0500030517578,221.5399932861328,225.3099975585937,3154300
629,629,629,629,629,629,629,629,629,2017-07-03,189.2306060791016,227.27999877929688,229.07000732421875,223.4199981689453,224.4600067138672,2846600
630,630,630,630,630,630,630,630,630,2017-07-05,189.8633270263672,228.0399932861328,228.9199981689453,225.2100067138672,228.3800048828125,2772000
631,631,631,631,631,631,631,631,631,2017-07-06,188.7393341064453,226.69000244140625,230.0599975585937,225.25,227.97000122070312,3076600
632,632,632,632,632,632,632,632,632,2017-07-07,187.5653839111328,225.27999877929688,228.4900054931641,224.4199981689453,228.22999572753903,2697600
633,633,633,633,633,633,633,633,633,2017-07-10,188.0316467285156,225.83999633789065,227.33999633789065,223.9600067138672,224.2700042724609,2357500
634,634,634,634,634,634,634,634,634,2017-07-11,188.955810546875,226.9499969482422,227.9499969482422,224.6699981689453,226.0399932861328,2742900
635,635,635,635,635,635,635,635,635,2017-07-12,189.32212829589844,227.38999938964844,229.0200042724609,226.07000732421875,226.3999938964844,2567300
636,636,636,636,636,636,636,636,636,2017-07-13,191.8282623291016,230.3999938964844,230.63999938964844,226.9499969482422,227.38999938964844,2852600
637,637,637,637,637,637,637,637,637,2017-07-14,190.32962036132807,228.6000061035156,229.6100006103516,225.1000061035156,227.22000122070312,3703600
638,638,638,638,638,638,638,638,638,2017-07-17,190.87908935546875,229.259994506836,229.63999938964844,227.2100067138672,228.72999572753903,2551800
639,639,639,639,639,639,639,639,639,2017-07-18,185.9252166748047,223.3099975585937,230.3600006103516,222.759994506836,227.5,6400700
640,640,640,640,640,640,640,640,640,2017-07-19,185.55886840820312,222.8699951171875,224.1999969482422,221.6699981689453,222.9100036621093,4884600
641,641,641,641,641,641,641,641,641,2017-07-20,185.0843048095703,222.3000030517578,224.759994506836,221.6100006103516,223.0,3497800
642,642,642,642,642,642,642,642,642,2017-07-21,183.31919860839844,220.17999267578125,222.3099975585937,219.08999633789065,221.88999938964844,3446600
643,643,643,643,643,643,643,643,643,2017-07-24,181.65402221679688,218.17999267578125,219.72999572753903,218.0,218.94000244140625,3123100
644,644,644,644,644,644,644,644,644,2017-07-25,184.4848022460937,221.5800018310547,222.8699951171875,220.17999267578125,220.33999633789065,3509500
645,645,645,645,645,645,645,645,645,2017-07-26,185.0426788330078,222.25,223.7400054931641,221.8699951171875,222.4499969482422,2792500
646,646,646,646,646,646,646,646,646,2017-07-27,184.40158081054688,221.47999572753903,222.7100067138672,220.42999267578125,221.83999633789065,2812500
647,647,647,647,647,647,647,647,647,2017-07-28,186.1750030517578,223.6100006103516,223.6699981689453,220.8600006103516,221.7700042724609,2483200
648,648,648,648,648,648,648,648,648,2017-07-31,187.6070251464844,225.3300018310547,225.5,223.0500030517578,223.9499969482422,1994900
649,649,649,649,649,649,649,649,649,2017-08-01,188.99745178222656,227.0,228.6199951171875,226.72999572753903,227.08999633789065,2986800
650,650,650,650,650,650,650,650,650,2017-08-02,188.38967895507807,226.2700042724609,227.72999572753903,225.57000732421875,226.3999938964844,1863300
651,651,651,651,651,651,651,651,651,2017-08-03,186.4913787841797,223.9900054931641,226.7400054931641,223.97000122070312,226.0,2106400
652,652,652,652,652,652,652,652,652,2017-08-04,191.32037353515625,229.7899932861328,229.7899932861328,225.0599975585937,226.0500030517578,3400300
653,653,653,653,653,653,653,653,653,2017-08-07,193.9263610839844,232.9199981689453,233.1300048828125,229.2899932861328,229.8000030517578,3809800
654,654,654,654,654,654,654,654,654,2017-08-08,193.20201110839844,232.0500030517578,235.8300018310547,231.6999969482422,232.3999938964844,3322500
655,655,655,655,655,655,655,655,655,2017-08-09,192.3361358642578,231.009994506836,231.4900054931641,229.0599975585937,230.32000732421875,2571100
656,656,656,656,656,656,656,656,656,2017-08-10,187.74856567382807,225.5,229.4499969482422,225.47000122070312,229.0200042724609,3325500
657,657,657,657,657,657,657,657,657,2017-08-11,186.62461853027344,224.1499938964844,226.67999267578125,222.6499938964844,225.07000732421875,2956600
658,658,658,658,658,658,658,658,658,2017-08-14,189.2972106933593,227.3600006103516,229.8300018310547,226.3000030517578,226.3699951171875,2266100
659,659,659,659,659,659,659,659,659,2017-08-15,189.4887084960937,227.58999633789065,230.6100006103516,227.5,229.57000732421875,1867000
660,660,660,660,660,660,660,660,660,2017-08-16,187.84011840820312,225.6100006103516,229.009994506836,225.0,228.259994506836,2393900
661,661,661,661,661,661,661,661,661,2017-08-17,184.35162353515625,221.4199981689453,225.97999572753903,221.1100006103516,224.3800048828125,3460300
662,662,662,662,662,662,662,662,662,2017-08-18,184.9594116210937,222.1499938964844,224.08999633789065,220.5500030517578,220.7899932861328,3149300
663,663,663,663,663,663,663,663,663,2017-08-21,183.82711791992188,220.7899932861328,222.3999938964844,219.2100067138672,222.3999938964844,2203300
664,664,664,664,664,664,664,664,664,2017-08-22,186.14996337890625,223.5800018310547,223.77999877929688,221.3300018310547,221.8600006103516,2021300
665,665,665,665,665,665,665,665,665,2017-08-23,185.4506378173828,222.7400054931641,224.8099975585937,221.3300018310547,221.8999938964844,2568000
666,666,666,666,666,666,666,666,666,2017-08-24,185.6587829589844,222.9900054931641,224.57000732421875,222.58999633789065,223.7700042724609,2263000
667,667,667,667,667,667,667,667,667,2017-08-25,185.2257843017578,222.47000122070312,224.9499969482422,222.1300048828125,223.63999938964844,2232500
668,668,668,668,668,668,668,668,668,2017-08-28,183.4607391357422,220.3500061035156,223.08999633789065,218.8600006103516,222.9100036621093,2641600
669,669,669,669,669,669,669,669,669,2017-08-29,183.76150512695312,219.9600067138672,220.1300048828125,215.75,217.2700042724609,2369100
670,670,670,670,670,670,670,670,670,2017-08-30,185.8166656494141,222.4199981689453,224.22000122070312,220.08999633789065,220.25,2411400
671,671,671,671,671,671,671,671,671,2017-08-31,186.91940307617188,223.7400054931641,224.4900054931641,222.5800018310547,223.25,2240600
672,672,672,672,672,672,672,672,672,2017-09-01,188.70724487304688,225.8800048828125,227.5599975585937,223.52999877929688,224.5500030517578,2346900
673,673,673,673,673,673,673,673,673,2017-09-05,181.94024658203125,217.77999877929688,224.0,217.3000030517578,223.8500061035156,5646200
674,674,674,674,674,674,674,674,674,2017-09-06,182.81744384765625,218.8300018310547,221.0200042724609,217.6100006103516,218.97999572753903,3613600
675,675,675,675,675,675,675,675,675,2017-09-07,180.31951904296875,215.83999633789065,218.8099975585937,214.63999938964844,218.72999572753903,3594600
676,676,676,676,676,676,676,676,676,2017-09-08,181.4640350341797,217.2100067138672,219.27999877929688,215.3999938964844,215.509994506836,3120900
677,677,677,677,677,677,677,677,677,2017-09-11,184.6804656982422,221.0599975585937,221.88999938964844,218.9900054931641,220.07000732421875,2971500
678,678,678,678,678,678,678,678,678,2017-09-12,188.7657470703125,225.9499969482422,227.69000244140625,222.0200042724609,222.5399932861328,3745800
679,679,679,679,679,679,679,679,679,2017-09-13,189.27528381347656,226.5599975585937,227.13999938964844,224.72000122070312,225.25,2383500
680,680,680,680,680,680,680,680,680,2017-09-14,189.51760864257807,226.8500061035156,228.1000061035156,226.0500030517578,226.1000061035156,1986600
681,681,681,681,681,681,681,681,681,2017-09-15,188.1558837890625,225.22000122070312,227.2100067138672,223.82000732421875,227.1499938964844,4365800
682,682,682,682,682,682,682,682,682,2017-09-18,190.085693359375,227.52999877929688,229.0,225.6600036621093,226.3000030517578,2466800
683,683,683,683,683,683,683,683,683,2017-09-19,191.2386016845703,228.9100036621093,230.13999938964844,227.3300018310547,228.009994506836,1858000
684,684,684,684,684,684,684,684,684,2017-09-20,191.9738006591797,229.7899932861328,231.6499938964844,228.5,229.5,2682300
685,685,685,685,685,685,685,685,685,2017-09-21,193.2268829345703,231.2899932861328,232.1000061035156,229.3999938964844,229.88999938964844,1800800
686,686,686,686,686,686,686,686,686,2017-09-22,193.0097045898437,231.02999877929688,231.4900054931641,228.8800048828125,230.63999938964844,1861800
687,687,687,687,687,687,687,687,687,2017-09-25,192.366455078125,230.259994506836,231.8600006103516,228.3600006103516,230.7700042724609,2261800
688,688,688,688,688,688,688,688,688,2017-09-26,192.0990600585937,229.94000244140625,231.44000244140625,229.02999877929688,230.8600006103516,1770000
689,689,689,689,689,689,689,689,689,2017-09-27,196.1258850097656,234.759994506836,235.6000061035156,232.9100036621093,234.07000732421875,3072100
690,690,690,690,690,690,690,690,690,2017-09-28,196.7190399169922,235.47000122070312,236.1999969482422,233.5,235.0,2121800
691,691,691,691,691,691,691,691,691,2017-09-29,198.155990600586,237.19000244140625,237.6000061035156,234.57000732421875,235.009994506836,1902300
692,692,692,692,692,692,692,692,692,2017-10-02,201.04653930664065,240.6499938964844,241.1000061035156,237.1000061035156,237.1999969482422,2501300
693,693,693,693,693,693,693,693,693,2017-10-03,201.85696411132807,241.6199951171875,242.7100067138672,239.69000244140625,241.07000732421875,2010800
694,694,694,694,694,694,694,694,694,2017-10-04,200.7624969482422,240.3099975585937,242.8800048828125,240.1199951171875,241.6199951171875,1840400
695,695,695,695,695,695,695,695,695,2017-10-05,205.5662078857422,246.0599975585937,246.32000732421875,240.1199951171875,241.0,3521300
696,696,696,696,696,696,696,696,696,2017-10-06,205.53286743164065,246.0200042724609,247.0800018310547,244.6100006103516,246.3000030517578,2396100
697,697,697,697,697,697,697,697,697,2017-10-09,202.8427124023437,242.8000030517578,246.3500061035156,242.0200042724609,245.1499938964844,2165200
698,698,698,698,698,698,698,698,698,2017-10-10,202.67564392089844,242.6000061035156,243.72999572753903,241.6999969482422,242.8000030517578,2187100
699,699,699,699,699,699,699,699,699,2017-10-11,202.50860595703125,242.3999938964844,243.1999969482422,241.3500061035156,242.0,2175700
700,700,700,700,700,700,700,700,700,2017-10-12,200.33642578125,239.8000030517578,243.4199981689453,238.75,242.3300018310547,2148200
701,701,701,701,701,701,701,701,701,2017-10-13,199.27545166015625,238.52999877929688,239.4499969482422,236.83999633789065,239.0,2491000
702,702,702,702,702,702,702,702,702,2017-10-16,202.51690673828125,242.4100036621093,242.759994506836,238.3500061035156,238.6000061035156,2969200
703,703,703,703,703,703,703,703,703,2017-10-17,197.23699951171875,236.08999633789065,244.88999938964844,235.19000244140625,244.44000244140625,7088400
704,704,704,704,704,704,704,704,704,2017-10-18,202.199462890625,242.02999877929688,242.6499938964844,236.8699951171875,236.8699951171875,4235900
705,705,705,705,705,705,705,705,705,2017-10-19,200.4951629638672,239.9900054931641,240.9900054931641,238.1000061035156,240.3500061035156,2710900
706,706,706,706,706,706,706,706,706,2017-10-20,204.45509338378903,244.72999572753903,245.25,240.6699981689453,242.9499969482422,3022800
707,707,707,707,707,707,707,707,707,2017-10-23,202.2830047607422,242.1300048828125,245.3300018310547,241.3800048828125,244.38999938964844,1963300
708,708,708,708,708,708,708,708,708,2017-10-24,204.5469970703125,244.83999633789065,246.25,243.0,243.6000061035156,2285300
709,709,709,709,709,709,709,709,709,2017-10-25,201.9321136474609,241.7100067138672,246.5,240.8000030517578,246.1600036621093,2904300
710,710,710,710,710,710,710,710,710,2017-10-26,201.9404754638672,241.72000122070312,244.0,241.52999877929688,242.6100006103516,1948800
711,711,711,711,711,711,711,711,711,2017-10-27,201.9321136474609,241.7100067138672,242.44000244140625,239.6699981689453,240.8500061035156,2111500
712,712,712,712,712,712,712,712,712,2017-10-30,201.2470550537109,240.88999938964844,242.58999633789065,239.52999877929688,240.1000061035156,1764400
713,713,713,713,713,713,713,713,713,2017-10-31,202.5753936767578,242.47999572753903,244.17999267578125,240.6300048828125,240.67999267578125,2658700
714,714,714,714,714,714,714,714,714,2017-11-01,204.0624542236328,244.259994506836,247.3999938964844,242.9100036621093,243.88999938964844,2969600
715,715,715,715,715,715,715,715,715,2017-11-02,206.25132751464844,246.8800048828125,247.7400054931641,243.3800048828125,244.69000244140625,2509100
716,716,716,716,716,716,716,716,716,2017-11-03,204.179428100586,244.3999938964844,246.27999877929688,243.19000244140625,245.3699951171875,1954600
717,717,717,717,717,717,717,717,717,2017-11-06,203.419174194336,243.4900054931641,244.5800018310547,241.6699981689453,243.5,1744800
718,718,718,718,718,718,718,718,718,2017-11-07,200.3448028564453,239.8099975585937,244.97999572753903,238.83999633789065,243.9100036621093,2483900
719,719,719,719,719,719,719,719,719,2017-11-08,201.5478057861328,241.25,242.32000732421875,237.5500030517578,239.1999969482422,2349800
720,720,720,720,720,720,720,720,720,2017-11-09,201.1635131835937,240.7899932861328,242.3699951171875,237.83999633789065,239.509994506836,2122400
721,721,721,721,721,721,721,721,721,2017-11-10,200.6288604736328,240.1499938964844,243.32000732421875,240.0,241.69000244140625,1845600
722,722,722,722,722,722,722,722,722,2017-11-13,200.72911071777344,240.2700042724609,240.8999938964844,237.1600036621093,237.97000122070312,1953900
723,723,723,723,723,723,723,723,723,2017-11-14,198.1977386474609,237.2400054931641,240.8800048828125,235.6300048828125,239.6499938964844,3000200
724,724,724,724,724,724,724,724,724,2017-11-15,198.50685119628903,237.6100006103516,238.1499938964844,233.5500030517578,234.97000122070312,2564100
725,725,725,725,725,725,725,725,725,2017-11-16,199.9772491455078,239.3699951171875,240.69000244140625,238.1999969482422,238.3800048828125,2304300
726,726,726,726,726,726,726,726,726,2017-11-17,198.84939575195312,238.0200042724609,239.0800018310547,237.1199951171875,238.8600006103516,2826400
727,727,727,727,727,727,727,727,727,2017-11-20,198.94129943847656,238.1300048828125,238.77999877929688,237.1100006103516,238.77999877929688,2000700
728,728,728,728,728,728,728,728,728,2017-11-21,198.84939575195312,238.0200042724609,239.58999633789065,237.5399932861328,239.4100036621093,2223800
729,729,729,729,729,729,729,729,729,2017-11-22,197.52102661132807,236.42999267578125,238.9499969482422,236.3600006103516,237.94000244140625,2177200
730,730,730,730,730,730,730,730,730,2017-11-24,197.1200408935547,235.9499969482422,238.5599975585937,235.5500030517578,237.4199981689453,1268500
731,731,731,731,731,731,731,731,731,2017-11-27,196.41827392578125,235.1100006103516,236.8800048828125,234.8000030517578,235.75,1999600
732,732,732,732,732,732,732,732,732,2017-11-28,200.01060485839844,239.4100036621093,240.0,234.3300018310547,236.08999633789065,3212900
733,733,733,733,733,733,733,733,733,2017-11-29,202.2733764648437,241.3600006103516,244.47000122070312,240.3999938964844,241.25,4500000
734,734,734,734,734,734,734,734,734,2017-11-30,207.53634643554688,247.63999938964844,250.7899932861328,244.0,244.07000732421875,6364600
735,735,735,735,735,735,735,735,735,2017-12-01,208.63424682617188,248.9499969482422,250.67999267578125,244.009994506836,249.77999877929688,4765400
736,736,736,736,736,736,736,736,736,2017-12-04,210.05889892578125,250.6499938964844,254.8999938964844,250.009994506836,254.88999938964844,3326100
737,737,737,737,737,737,737,737,737,2017-12-05,208.11463928222656,248.3300018310547,251.3500061035156,247.4100036621093,250.8000030517578,2526800
738,738,738,738,738,738,738,738,738,2017-12-06,206.1201019287109,245.9499969482422,248.0800018310547,245.1300048828125,246.2400054931641,2331400
739,739,739,739,739,739,739,739,739,2017-12-07,208.3073883056641,248.5599975585937,249.47999572753903,244.3999938964844,244.6199951171875,2667000
740,740,740,740,740,740,740,740,740,2017-12-08,209.80758666992188,250.3500061035156,250.67999267578125,247.1999969482422,250.5,1959100
741,741,741,741,741,741,741,741,741,2017-12-11,209.62310791015625,250.1300048828125,251.3999938964844,248.759994506836,250.0,1494200
742,742,742,742,742,742,742,742,742,2017-12-12,215.950439453125,257.67999267578125,258.20001220703125,250.69000244140625,250.8099975585937,3464200
743,743,743,743,743,743,743,743,743,2017-12-13,214.1737823486328,255.5599975585937,260.5,255.5599975585937,257.8099975585937,3482300
744,744,744,744,744,744,744,744,744,2017-12-14,214.1067352294922,255.47999572753903,259.54998779296875,255.47999572753903,257.1300048828125,3353200
745,745,745,745,745,745,745,745,745,2017-12-15,215.52305603027344,257.1700134277344,258.9700012207031,254.759994506836,256.70001220703125,5283400
746,746,746,746,746,746,746,746,746,2017-12-18,217.91151428222656,260.0199890136719,262.0,259.1600036621094,260.0,2575600
747,747,747,747,747,747,747,747,747,2017-12-19,214.9448089599609,256.4800109863281,261.79998779296875,256.17999267578125,261.6000061035156,2195500
748,748,748,748,748,748,748,748,748,2017-12-20,213.8552703857422,255.17999267578125,259.0899963378906,254.5500030517578,258.8699951171875,2052400
749,749,749,749,749,749,749,749,749,2017-12-21,218.7411499023437,261.010009765625,262.0899963378906,256.2799987792969,256.6099853515625,3337800
750,750,750,750,750,750,750,750,750,2017-12-22,217.0315856933593,258.9700012207031,262.1400146484375,257.7200012207031,261.6600036621094,2100600
751,751,751,751,751,751,751,751,751,2017-12-26,215.9840240478516,257.7200012207031,259.20001220703125,256.0,258.19000244140625,1289300
752,752,752,752,752,752,752,752,752,2017-12-27,214.50064086914065,255.9499969482422,257.9800109863281,255.5200042724609,257.9800109863281,1567900
753,753,753,753,753,753,753,753,753,2017-12-28,214.9615173339844,256.5,257.0,255.1000061035156,256.9800109863281,1301000
754,754,754,754,754,754,754,754,754,2017-12-29,213.5033264160156,254.759994506836,256.6499938964844,252.9100036621093,255.8699951171875,2519300
755,755,755,755,755,755,755,755,755,2018-01-02,214.2659912109375,255.6699981689453,257.9100036621094,253.9199981689453,257.7699890136719,2258300
756,756,756,756,756,756,756,756,756,2018-01-03,212.2714080810547,253.2899932861328,256.1400146484375,253.22000122070312,255.47999572753903,2988200
757,757,757,757,757,757,757,757,757,2018-01-04,215.2381286621093,256.8299865722656,259.7200012207031,254.32000732421875,255.22999572753903,2583200
758,758,758,758,758,758,758,758,758,2018-01-05,214.14028930664065,255.5200042724609,257.489990234375,253.69000244140625,257.17999267578125,2594700
759,759,759,759,759,759,759,759,759,2018-01-08,211.0310821533203,251.8099975585937,255.17999267578125,251.6199951171875,254.75,2940500
760,760,760,760,760,760,760,760,760,2018-01-09,212.81613159179688,253.94000244140625,255.6000061035156,252.6199951171875,252.8000030517578,2637300
761,761,761,761,761,761,761,761,761,2018-01-10,213.1430206298828,254.3300018310547,255.1499938964844,252.3500061035156,255.0,2927200
762,762,762,762,762,762,762,762,762,2018-01-11,213.8134307861328,255.1300048828125,255.88999938964844,252.97000122070312,255.75,2422400
763,763,763,763,763,763,763,763,763,2018-01-12,215.4056854248047,257.0299987792969,257.29998779296875,254.08999633789065,255.75,2849200
764,764,764,764,764,764,764,764,764,2018-01-16,216.6041717529297,258.4599914550781,261.7699890136719,256.3999938964844,259.25,4445500
765,765,765,765,765,765,765,765,765,2018-01-17,212.5730895996093,253.6499938964844,262.0,248.83999633789065,260.9800109863281,8608100
766,766,766,766,766,766,766,766,766,2018-01-18,210.3270721435547,250.97000122070312,254.5399932861328,250.6000061035156,254.4900054931641,4984500
767,767,767,767,767,767,767,767,767,2018-01-19,214.6431427001953,256.1199951171875,256.1400146484375,250.259994506836,251.0,4643400
768,768,768,768,768,768,768,768,768,2018-01-22,219.1685943603516,261.5199890136719,262.8699951171875,255.19000244140625,255.4499969482422,5264700
769,769,769,769,769,769,769,769,769,2018-01-23,217.97021484375,260.0899963378906,260.260009765625,256.8500061035156,258.0,4003600
770,770,770,770,770,770,770,770,770,2018-01-24,222.6549224853516,265.67999267578125,265.7799987792969,260.29998779296875,260.739990234375,4314000
771,771,771,771,771,771,771,771,771,2018-01-25,225.46241760253903,269.0299987792969,270.5,265.010009765625,266.3500061035156,5055000
772,772,772,772,772,772,772,772,772,2018-01-26,224.71652221679688,268.1400146484375,269.0,266.04998779296875,267.489990234375,3535400
773,773,773,773,773,773,773,773,773,2018-01-29,228.35372924804688,272.4800109863281,273.7900085449219,268.8099975585937,269.0400085449219,3881100
774,774,774,774,774,774,774,774,774,2018-01-30,225.3869781494141,268.94000244140625,272.0,267.1099853515625,270.3900146484375,3970400
775,775,775,775,775,775,775,775,775,2018-01-31,224.5070037841797,267.8900146484375,270.0,266.3299865722656,268.54998779296875,3710200
776,776,776,776,776,776,776,776,776,2018-02-01,228.144271850586,272.2300109863281,272.5899963378906,266.0,266.1499938964844,3388200
777,777,777,777,777,777,777,777,777,2018-02-02,217.92825317382807,260.0400085449219,271.75,259.3500061035156,270.0,5913900
778,778,778,778,778,778,778,778,778,2018-02-05,208.768295288086,249.1100006103516,263.29998779296875,241.5,257.510009765625,6528500
779,779,779,779,779,779,779,779,779,2018-02-06,216.8053131103516,258.70001220703125,258.75,242.1100006103516,244.2100067138672,6739900
780,780,780,780,780,780,780,780,780,2018-02-07,215.46441650390625,257.1000061035156,261.95001220703125,255.6600036621093,255.8999938964844,4125000
781,781,781,781,781,781,781,781,781,2018-02-08,206.4552764892578,246.3500061035156,258.7799987792969,246.0500030517578,257.92999267578125,4166200
782,782,782,782,782,782,782,782,782,2018-02-09,208.92755126953125,249.3000030517578,251.6699981689453,239.2899932861328,249.6199951171875,5978600
783,783,783,783,783,783,783,783,783,2018-02-12,212.16249084472656,253.1600036621093,256.1499938964844,248.82000732421875,251.1499938964844,3692500
784,784,784,784,784,784,784,784,784,2018-02-13,214.14862060546875,255.52999877929688,256.3999938964844,250.5800018310547,252.009994506836,2700500
785,785,785,785,785,785,785,785,785,2018-02-14,220.0569000244141,262.5799865722656,262.7099914550781,254.47999572753903,255.0,3793800
786,786,786,786,786,786,786,786,786,2018-02-15,224.3310394287109,267.67999267578125,268.0,262.9100036621094,265.760009765625,3523100
787,787,787,787,787,787,787,787,787,2018-02-16,224.2807464599609,267.6199951171875,269.2799987792969,265.8999938964844,265.989990234375,2602500
788,788,788,788,788,788,788,788,788,2018-02-20,221.99285888671875,264.8900146484375,268.8500061035156,263.3099975585937,266.8900146484375,2618400
789,789,789,789,789,789,789,789,789,2018-02-21,220.74417114257807,263.3999938964844,270.0,263.1300048828125,263.9200134277344,3017900
790,790,790,790,790,790,790,790,790,2018-02-22,219.09315490722656,261.42999267578125,266.32000732421875,260.7200012207031,264.3999938964844,2678900
791,791,791,791,791,791,791,791,791,2018-02-23,223.56842041015625,266.7699890136719,266.9800109863281,262.3999938964844,263.0,2507100
792,792,792,792,792,792,792,792,792,2018-02-26,227.331283569336,271.260009765625,271.7799987792969,266.7699890136719,267.5,2751400
793,793,793,793,793,793,793,793,793,2018-02-27,224.54055786132807,267.92999267578125,273.1199951171875,267.92999267578125,271.0,3140600
794,794,794,794,794,794,794,794,794,2018-02-28,220.96878051757807,262.92999267578125,269.489990234375,262.57000732421875,269.1400146484375,3104300
795,795,795,795,795,795,795,795,795,2018-03-01,215.80029296875,256.7799987792969,263.54998779296875,256.20001220703125,262.6099853515625,3483500
796,796,796,796,796,796,796,796,796,2018-03-02,216.92642211914065,258.1199951171875,259.239990234375,252.1000061035156,255.0,3122800
797,797,797,797,797,797,797,797,797,2018-03-05,221.12847900390625,263.1199951171875,264.54998779296875,256.239990234375,256.4599914550781,2445800
798,798,798,798,798,798,798,798,798,2018-03-06,224.3304901123047,266.92999267578125,267.8699951171875,263.2099914550781,264.7699890136719,2217300
799,799,799,799,799,799,799,799,799,2018-03-07,223.00262451171875,265.3500061035156,266.42999267578125,260.95001220703125,262.69000244140625,2509400
800,800,800,800,800,800,800,800,800,2018-03-08,223.8345947265625,266.3399963378906,268.1000061035156,262.6300048828125,266.4800109863281,2565400
801,801,801,801,801,801,801,801,801,2018-03-09,227.55763244628903,270.7699890136719,271.0899963378906,267.0400085449219,268.70001220703125,4410600
802,802,802,802,802,802,802,802,802,2018-03-12,229.7510986328125,273.3800048828125,275.3099975585937,270.7699890136719,271.0,3065600
803,803,803,803,803,803,803,803,803,2018-03-13,225.67510986328125,268.5299987792969,275.0299987792969,267.44000244140625,274.3399963378906,2288100
804,804,804,804,804,804,804,804,804,2018-03-14,222.2293701171875,264.42999267578125,270.7799987792969,263.9100036621094,270.3999938964844,2478700
805,805,805,805,805,805,805,805,805,2018-03-15,224.0614624023437,266.6099853515625,269.0,265.3500061035156,265.7200012207031,2255200
806,806,806,806,806,806,806,806,806,2018-03-16,224.8935394287109,267.6000061035156,269.8500061035156,265.3299865722656,266.010009765625,4114400
807,807,807,807,807,807,807,807,807,2018-03-19,220.6326599121093,262.5299987792969,267.5,259.4700012207031,266.989990234375,2426900
808,808,808,808,808,808,808,808,808,2018-03-20,221.18731689453125,263.19000244140625,264.6400146484375,261.8900146484375,263.2900085449219,1514800
809,809,809,809,809,809,809,809,809,2018-03-21,220.06118774414065,261.8500061035156,266.489990234375,260.3099975585937,263.010009765625,2817600
810,810,810,810,810,810,810,810,810,2018-03-22,212.2873992919922,252.6000061035156,260.82000732421875,252.17999267578125,258.4200134277344,4489300
811,811,811,811,811,811,811,811,811,2018-03-23,206.1187744140625,245.259994506836,253.9900054931641,244.92999267578125,253.6300048828125,3634200
812,812,812,812,812,812,812,812,812,2018-03-26,214.20347595214844,254.8800048828125,255.3600006103516,248.4499969482422,250.6499938964844,3787200
813,813,813,813,813,813,813,813,813,2018-03-27,207.79959106445312,247.259994506836,257.0599975585937,245.6100006103516,255.88999938964844,2981500
814,814,814,814,814,814,814,814,814,2018-03-28,209.5728454589844,249.3699951171875,251.22999572753903,244.3699951171875,248.77999877929688,2660200
815,815,815,815,815,815,815,815,815,2018-03-29,211.6655120849609,251.8600006103516,252.97999572753903,248.3300018310547,250.7899932861328,3073900
816,816,816,816,816,816,816,816,816,2018-04-02,207.8752593994141,247.3500061035156,252.6000061035156,243.7700042724609,251.259994506836,3429900
817,817,817,817,817,817,817,817,817,2018-04-03,210.58973693847656,250.5800018310547,250.88999938964844,245.8999938964844,248.6100006103516,2488200
818,818,818,818,818,818,818,818,818,2018-04-04,212.3041839599609,252.6199951171875,253.22000122070312,244.509994506836,245.7100067138672,2853200
819,819,819,819,819,819,819,819,819,2018-04-05,214.98507690429688,255.8099975585937,258.0,253.3999938964844,254.5,1924800
820,820,820,820,820,820,820,820,820,2018-04-06,210.0771026611328,249.97000122070312,255.33999633789065,246.67999267578125,251.47999572753903,3621900
821,821,821,821,821,821,821,821,821,2018-04-09,211.94284057617188,252.19000244140625,257.5,249.1699981689453,251.47999572753903,3256700
822,822,822,822,822,822,822,822,822,2018-04-10,215.62380981445312,256.57000732421875,259.8900146484375,255.9499969482422,257.9599914550781,3113900
823,823,823,823,823,823,823,823,823,2018-04-11,212.5730895996093,252.94000244140625,254.8300018310547,249.7899932861328,252.58999633789065,3322000
824,824,824,824,824,824,824,824,824,2018-04-12,218.16177368164065,259.5899963378906,260.7300109863281,255.1100006103516,256.2699890136719,3059100
825,825,825,825,825,825,825,825,825,2018-04-13,215.0775604248047,255.9199981689453,262.5,254.5399932861328,261.94000244140625,3026200
826,826,826,826,826,826,826,826,826,2018-04-16,216.72476196289065,257.8800048828125,260.6600036621094,256.6600036621094,257.1300048828125,3257400
827,827,827,827,827,827,827,827,827,2018-04-17,213.15301513671875,253.6300048828125,262.25,252.33999633789065,261.6000061035156,10134400
828,828,828,828,828,828,828,828,828,2018-04-18,213.46397399902344,254.0,257.0199890136719,252.25,254.8999938964844,4524800
829,829,829,829,829,829,829,829,829,2018-04-19,213.60679626464844,254.1699981689453,256.1600036621094,252.8300018310547,254.0,3990000
830,830,830,830,830,830,830,830,830,2018-04-20,211.74951171875,251.9600067138672,255.67999267578125,251.47999572753903,254.1000061035156,2930600
831,831,831,831,831,831,831,831,831,2018-04-23,207.3037872314453,246.6699981689453,252.75,246.19000244140625,251.6600036621093,3775900
832,832,832,832,832,832,832,832,832,2018-04-24,203.7908630371093,242.4900054931641,249.1499938964844,240.0399932861328,248.82000732421875,4705100
833,833,833,833,833,833,833,833,833,2018-04-25,201.05113220214844,239.22999572753903,242.4600067138672,237.509994506836,242.19000244140625,5041400
834,834,834,834,834,834,834,834,834,2018-04-26,201.7738647460937,240.08999633789065,241.6600036621093,238.009994506836,239.2700042724609,2891100
835,835,835,835,835,835,835,835,835,2018-04-27,201.53016662597656,239.8000030517578,241.92999267578125,239.0200042724609,240.0,2136800
836,836,836,836,836,836,836,836,836,2018-04-30,200.2947235107422,238.3300018310547,243.07000732421875,238.22000122070312,240.97000122070312,2790500
837,837,837,837,837,837,837,837,837,2018-05-01,198.899658203125,236.6699981689453,237.8999938964844,233.9600067138672,237.509994506836,3269800
838,838,838,838,838,838,838,838,838,2018-05-02,196.6977996826172,234.0500030517578,237.9100036621093,233.4199981689453,236.6000061035156,3710900
839,839,839,839,839,839,839,839,839,2018-05-03,196.15988159179688,233.4100036621093,234.0,227.3999938964844,232.4499969482422,4511400
840,840,840,840,840,840,840,840,840,2018-05-04,197.44580078125,234.94000244140625,236.7899932861328,232.27999877929688,232.3099975585937,2622300
841,841,841,841,841,841,841,841,841,2018-05-07,199.34507751464844,237.1999969482422,238.1699981689453,235.27999877929688,236.0,1979400
842,842,842,842,842,842,842,842,842,2018-05-08,199.176986694336,237.0,240.6600036621093,236.0,238.2400054931641,3267000
843,843,843,843,843,843,843,843,843,2018-05-09,203.15213012695312,241.72999572753903,242.0500030517578,237.25,237.97999572753903,2434000
844,844,844,844,844,844,844,844,844,2018-05-10,204.5892028808593,243.44000244140625,245.4199981689453,240.1600036621093,242.1100006103516,2599000
845,845,845,845,845,845,845,845,845,2018-05-11,204.15220642089844,242.9199981689453,244.9100036621093,241.7100067138672,243.44000244140625,1540100
846,846,846,846,846,846,846,846,846,2018-05-14,204.9842224121093,243.9100036621093,245.8800048828125,243.5,243.6000061035156,1928500
847,847,847,847,847,847,847,847,847,2018-05-15,203.0092620849609,241.5599975585937,243.9499969482422,240.6699981689453,243.0,2165700
848,848,848,848,848,848,848,848,848,2018-05-16,202.5050048828125,240.9600067138672,241.83999633789065,240.58999633789065,241.2700042724609,1965200
849,849,849,849,849,849,849,849,849,2018-05-17,200.9418029785156,239.1000061035156,242.44000244140625,238.77999877929688,240.4199981689453,2462700
850,850,850,850,850,850,850,850,850,2018-05-18,199.176986694336,237.0,238.7400054931641,236.8699951171875,238.1000061035156,2699000
851,851,851,851,851,851,851,851,851,2018-05-21,199.7653045654297,237.6999969482422,240.07000732421875,237.32000732421875,239.1000061035156,1951700
852,852,852,852,852,852,852,852,852,2018-05-22,200.01739501953125,238.0,240.6999969482422,237.97999572753903,238.6999969482422,2551500
853,853,853,853,853,853,853,853,853,2018-05-23,199.85769653320312,237.8099975585937,237.8699951171875,234.3800048828125,236.8800048828125,3114000
854,854,854,854,854,854,854,854,854,2018-05-24,198.4206085205078,236.1000061035156,237.1699981689453,233.6499938964844,236.6000061035156,2308700
855,855,855,855,855,855,855,855,855,2018-05-25,197.50454711914065,235.009994506836,236.1199951171875,234.27999877929688,235.0,1985600
856,856,856,856,856,856,856,856,856,2018-05-29,190.798095703125,227.02999877929688,232.47000122070312,225.0200042724609,231.5200042724609,5323600
857,857,857,857,857,857,857,857,857,2018-05-30,193.2692413330078,229.1600036621093,229.6699981689453,226.27999877929688,228.94000244140625,3348600
858,858,858,858,858,858,858,858,858,2018-05-31,190.5029296875,225.8800048828125,228.1100006103516,224.08999633789065,227.33999633789065,5334900
859,859,859,859,859,859,859,859,859,2018-06-01,192.58609008789065,228.3500061035156,230.25,228.08999633789065,228.3999938964844,3330900
860,860,860,860,860,860,860,860,860,2018-06-04,193.8848876953125,229.88999938964844,231.1499938964844,228.9499969482422,230.3500061035156,2133600
861,861,861,861,861,861,861,861,861,2018-06-05,192.57765197753903,228.33999633789065,229.33999633789065,227.2899932861328,228.94000244140625,1986200
862,862,862,862,862,862,862,862,862,2018-06-06,195.85841369628903,232.22999572753903,232.5800018310547,229.3600006103516,229.8500061035156,2566400
863,863,863,863,863,863,863,863,863,2018-06-07,196.88731384277344,233.4499969482422,235.9199981689453,232.5399932861328,233.88999938964844,2905000
864,864,864,864,864,864,864,864,864,2018-06-08,196.8367614746093,233.38999938964844,234.2700042724609,232.3500061035156,233.0,2253100
865,865,865,865,865,865,865,865,865,2018-06-11,197.4271240234375,234.08999633789065,235.1600036621093,233.58999633789065,234.6199951171875,1936800
866,866,866,866,866,866,866,866,866,2018-06-12,196.1957397460937,232.6300048828125,235.22999572753903,231.8600006103516,234.1199951171875,2080000
867,867,867,867,867,867,867,867,867,2018-06-13,197.2078094482422,233.8300018310547,238.22999572753903,233.1000061035156,233.6499938964844,3637400
868,868,868,868,868,868,868,868,868,2018-06-14,197.0559997558593,233.6499938964844,235.88999938964844,232.58999633789065,235.8699951171875,2899600
869,869,869,869,869,869,869,869,869,2018-06-15,195.59695434570312,231.9199981689453,233.1499938964844,229.83999633789065,231.5,4738100
870,870,870,870,870,870,870,870,870,2018-06-18,195.14993286132807,231.38999938964844,231.6699981689453,229.1499938964844,230.1999969482422,2327500
871,871,871,871,871,871,871,871,871,2018-06-19,192.560791015625,228.32000732421875,229.0399932861328,226.1600036621093,228.22000122070312,3326600
872,872,872,872,872,872,872,872,872,2018-06-20,192.1391143798828,227.82000732421875,229.94000244140625,226.9600067138672,229.9199981689453,2678300
873,873,873,873,873,873,873,873,873,2018-06-21,191.4306488037109,226.97999572753903,228.42999267578125,224.57000732421875,226.38999938964844,3094600
874,874,874,874,874,874,874,874,874,2018-06-22,190.6210021972656,226.0200042724609,230.5,225.5800018310547,227.77999877929688,2731800
875,875,875,875,875,875,875,875,875,2018-06-25,186.8426513671875,221.5399932861328,225.13999938964844,220.38999938964844,224.5,3817700
876,876,876,876,876,876,876,876,876,2018-06-26,186.8763885498047,221.5800018310547,222.8000030517578,219.1199951171875,221.77999877929688,2692900
877,877,877,877,877,877,877,877,877,2018-06-27,185.6956481933593,220.17999267578125,225.47000122070312,220.13999938964844,221.47999572753903,3104200
878,878,878,878,878,878,878,878,878,2018-06-28,188.4281768798828,223.4199981689453,224.6600036621093,219.5800018310547,220.25,3072600
879,879,879,879,879,879,879,879,879,2018-06-29,186.0245513916016,220.57000732421875,225.1699981689453,220.4499969482422,224.3999938964844,3393700
880,880,880,880,880,880,880,880,880,2018-07-02,188.2933044433593,223.259994506836,223.33999633789065,218.88999938964844,219.75,1723200
881,881,881,881,881,881,881,881,881,2018-07-03,185.8643493652344,220.3800048828125,224.63999938964844,219.9900054931641,224.4600067138672,1204400
882,882,882,882,882,882,882,882,882,2018-07-05,186.16796875,220.7400054931641,222.13999938964844,219.77999877929688,221.5,2218200
883,883,883,883,883,883,883,883,883,2018-07-06,187.0535430908203,221.7899932861328,223.1999969482422,219.8800048828125,220.5399932861328,1846400
884,884,884,884,884,884,884,884,884,2018-07-09,192.282455444336,227.9900054931641,228.1999969482422,223.0,223.3600006103516,2743900
885,885,885,885,885,885,885,885,885,2018-07-10,191.32101440429688,226.8500061035156,228.8699951171875,225.8500061035156,228.0,2524800
886,886,886,886,886,886,886,886,886,2018-07-11,190.31741333007807,225.6600036621093,227.25,225.1999969482422,225.759994506836,2527000
887,887,887,887,887,887,887,887,887,2018-07-12,191.633056640625,227.22000122070312,227.8000030517578,225.7700042724609,227.63999938964844,2223100
888,888,888,888,888,888,888,888,888,2018-07-13,190.94992065429688,226.4100036621093,228.6199951171875,223.92999267578125,226.6300048828125,2541500
889,889,889,889,889,889,889,889,889,2018-07-16,195.192123413086,231.44000244140625,231.44000244140625,226.7400054931641,227.1999969482422,3271200
890,890,890,890,890,890,890,890,890,2018-07-17,194.83790588378903,231.0200042724609,233.22999572753903,226.8699951171875,231.47999572753903,9280200
891,891,891,891,891,891,891,891,891,2018-07-18,195.0234375,231.2400054931641,233.72000122070312,230.1499938964844,232.33999633789065,6149900
892,892,892,892,892,892,892,892,892,2018-07-19,193.6656036376953,229.6300048828125,231.9900054931641,228.97999572753903,231.1100006103516,4638500
893,893,893,893,893,893,893,893,893,2018-07-20,195.4029693603516,231.69000244140625,232.0500030517578,228.8000030517578,229.009994506836,2683500
894,894,894,894,894,894,894,894,894,2018-07-23,197.1487731933593,233.759994506836,234.8600006103516,231.72000122070312,231.8000030517578,2788500
895,895,895,895,895,895,895,895,895,2018-07-24,198.9367218017578,235.8800048828125,237.47999572753903,234.33999633789065,234.75,2887400
896,896,896,896,896,896,896,896,896,2018-07-25,199.61990356445312,236.69000244140625,236.8500061035156,233.9499969482422,235.009994506836,2181500
897,897,897,897,897,897,897,897,897,2018-07-26,199.9741058349609,237.1100006103516,238.33999633789065,236.42999267578125,237.0,1885500
898,898,898,898,898,898,898,898,898,2018-07-27,200.4210662841797,237.63999938964844,238.8000030517578,235.9900054931641,237.9600067138672,1998200
899,899,899,899,899,899,899,899,899,2018-07-30,201.5259246826172,238.9499969482422,239.72999572753903,236.88999938964844,238.0,2454100
900,900,900,900,900,900,900,900,900,2018-07-31,200.2439727783203,237.42999267578125,239.5,236.5500030517578,239.5,2503700
901,901,901,901,901,901,901,901,901,2018-08-01,199.0717010498047,236.0399932861328,239.3999938964844,235.77999877929688,238.5,2510500
902,902,902,902,902,902,902,902,902,2018-08-02,197.34274291992188,233.9900054931641,235.2100067138672,232.7700042724609,233.92999267578125,2579700
903,903,903,903,903,903,903,903,903,2018-08-03,197.4271240234375,234.08999633789065,235.5200042724609,233.4900054931641,234.44000244140625,3053100
904,904,904,904,904,904,904,904,904,2018-08-06,198.9789276123047,235.92999267578125,236.97999572753903,234.02999877929688,234.13999938964844,2259600
905,905,905,905,905,905,905,905,905,2018-08-07,200.58132934570312,237.8300018310547,239.4600067138672,236.4900054931641,237.25,2399500
906,906,906,906,906,906,906,906,906,2018-08-08,199.3499755859375,236.3699951171875,239.1600036621093,236.22999572753903,238.1199951171875,2522400
907,907,907,907,907,907,907,907,907,2018-08-09,197.16567993164065,233.77999877929688,236.8500061035156,233.38999938964844,236.3500061035156,2951900
908,908,908,908,908,908,908,908,908,2018-08-10,193.6487731933593,229.6100006103516,231.4600067138672,228.1100006103516,230.97000122070312,3863400
909,909,909,909,909,909,909,909,909,2018-08-13,191.32945251464844,226.8600006103516,229.88999938964844,226.57000732421875,229.4900054931641,2662700
910,910,910,910,910,910,910,910,910,2018-08-14,193.6065673828125,229.5599975585937,230.3699951171875,227.3000030517578,227.3500061035156,2359000
911,911,911,911,911,911,911,911,911,2018-08-15,193.3451538085937,229.25,231.5399932861328,228.3099975585937,229.3500061035156,3218500
912,912,912,912,912,912,912,912,912,2018-08-16,196.5078125,233.0,233.2899932861328,230.4499969482422,230.6699981689453,2438300
913,913,913,913,913,913,913,913,913,2018-08-17,196.8283233642578,233.3800048828125,233.72000122070312,231.63999938964844,232.509994506836,2107200
914,914,914,914,914,914,914,914,914,2018-08-20,198.85240173339844,235.77999877929688,235.97999572753903,234.0800018310547,234.1300048828125,2604900
915,915,915,915,915,915,915,915,915,2018-08-21,201.27291870117188,238.6499938964844,239.52999877929688,235.2899932861328,235.2899932861328,2437300
916,916,916,916,916,916,916,916,916,2018-08-22,201.85479736328125,239.33999633789065,239.6699981689453,237.5800018310547,237.88999938964844,1870900
917,917,917,917,917,917,917,917,917,2018-08-23,199.32470703125,236.33999633789065,239.27999877929688,235.83999633789065,239.0500030517578,2064700
918,918,918,918,918,918,918,918,918,2018-08-24,198.2873992919922,235.1100006103516,237.8000030517578,234.6999969482422,237.3600006103516,1948100
919,919,919,919,919,919,919,919,919,2018-08-27,204.6042633056641,242.6000061035156,243.6499938964844,236.5599975585937,236.9900054931641,4106900
920,920,920,920,920,920,920,920,920,2018-08-28,204.4102935791016,242.3699951171875,245.0800018310547,241.58999633789065,243.0599975585937,2951000
921,921,921,921,921,921,921,921,921,2018-08-29,204.2664489746093,241.3999938964844,242.7899932861328,240.3099975585937,242.0500030517578,1911700
922,922,922,922,922,922,922,922,922,2018-08-30,202.5740509033203,239.3999938964844,241.1199951171875,238.67999267578125,240.8000030517578,1963700
923,923,923,923,923,923,923,923,923,2018-08-31,201.2287139892578,237.8099975585937,239.3500061035156,237.1199951171875,238.94000244140625,1965500
924,924,924,924,924,924,924,924,924,2018-09-04,201.10171508789065,237.6600036621093,238.1199951171875,234.58999633789065,237.759994506836,2083500
925,925,925,925,925,925,925,925,925,2018-09-05,201.01715087890625,237.5599975585937,239.4499969482422,236.1699981689453,237.009994506836,2092000
926,926,926,926,926,926,926,926,926,2018-09-06,198.4447631835937,234.5200042724609,238.6300048828125,233.8800048828125,237.0,2651400
927,927,927,927,927,927,927,927,927,2018-09-07,197.92860412597656,233.9100036621093,235.63999938964844,232.67999267578125,235.0500030517578,1952900
928,928,928,928,928,928,928,928,928,2018-09-10,196.2362823486328,231.9100036621093,235.5,231.7400054931641,235.009994506836,1948100
929,929,929,929,929,929,929,929,929,2018-09-11,194.79774475097656,230.2100067138672,231.6499938964844,228.6600036621093,230.6699981689453,2719400
930,930,930,930,930,930,930,930,930,2018-09-12,193.0545959472656,228.1499938964844,231.9900054931641,227.3000030517578,230.9100036621093,3577700
931,931,931,931,931,931,931,931,931,2018-09-13,193.20692443847656,228.3300018310547,229.8500061035156,227.57000732421875,229.5,3003600
932,932,932,932,932,932,932,932,932,2018-09-14,193.9769592285156,229.2400054931641,230.5500030517578,228.759994506836,229.0800018310547,2228300
933,933,933,933,933,933,933,933,933,2018-09-17,192.83462524414065,227.88999938964844,230.1600036621093,227.3000030517578,229.3999938964844,1918800
934,934,934,934,934,934,934,934,934,2018-09-18,193.6808013916016,228.88999938964844,229.3999938964844,226.57000732421875,228.3500061035156,2498100
935,935,935,935,935,935,935,935,935,2018-09-19,199.3416748046875,235.5800018310547,236.27999877929688,229.5200042724609,229.8999938964844,3716500
936,936,936,936,936,936,936,936,936,2018-09-20,200.88172912597656,237.3999938964844,238.509994506836,236.02999877929688,237.0,2503000
937,937,937,937,937,937,937,937,937,2018-09-21,199.1385498046875,235.33999633789065,238.5200042724609,234.8300018310547,238.0599975585937,3760300
938,938,938,938,938,938,938,938,938,2018-09-24,197.07391357421875,232.8999938964844,235.7400054931641,232.2400054931641,234.7400054931641,2057000
939,939,939,939,939,939,939,939,939,2018-09-25,196.7355194091797,232.5,234.63999938964844,232.22999572753903,234.63999938964844,2003200
940,940,940,940,940,940,940,940,940,2018-09-26,193.6723022460937,228.8800048828125,233.0,228.2400054931641,232.9600067138672,2372700
941,941,941,941,941,941,941,941,941,2018-09-27,192.70770263671875,227.7400054931641,229.8500061035156,227.5200042724609,228.7700042724609,2451500
942,942,942,942,942,942,942,942,942,2018-09-28,189.74609375,224.2400054931641,227.3999938964844,223.8000030517578,225.75,3097800
943,943,943,943,943,943,943,943,943,2018-10-01,190.6684112548828,225.3300018310547,227.58999633789065,225.0,226.22000122070312,2451300
944,944,944,944,944,944,944,944,944,2018-10-02,191.2946319580078,226.07000732421875,226.3300018310547,223.97000122070312,225.27999877929688,2272700
945,945,945,945,945,945,945,945,945,2018-10-03,192.7415313720703,227.77999877929688,229.7700042724609,226.5800018310547,227.75,2573900
946,946,946,946,946,946,946,946,946,2018-10-04,192.4876708984375,227.47999572753903,231.3999938964844,225.38999938964844,229.259994506836,2903600
947,947,947,947,947,947,947,947,947,2018-10-05,190.9899444580078,225.7100067138672,228.4100036621093,224.2100067138672,228.0,1722400
948,948,948,948,948,948,948,948,948,2018-10-08,190.6853485107422,225.3500061035156,226.9199981689453,222.5,224.259994506836,2522900
949,949,949,949,949,949,949,949,949,2018-10-09,188.6206970214844,222.9100036621093,225.1199951171875,222.52999877929688,224.9900054931641,1862900
950,950,950,950,950,950,950,950,950,2018-10-10,181.83433532714844,214.88999938964844,223.63999938964844,214.5599975585937,223.2400054931641,3955500
951,951,951,951,951,951,951,951,951,2018-10-11,180.209716796875,212.97000122070312,216.02999877929688,210.9499969482422,214.1999969482422,6217400
952,952,952,952,952,952,952,952,952,2018-10-12,180.9712677001953,213.8699951171875,217.97999572753903,211.4600067138672,217.0,4161300
953,953,953,953,953,953,953,953,953,2018-10-15,182.11355590820312,215.22000122070312,217.13999938964844,213.0500030517578,214.4499969482422,3333800
954,954,954,954,954,954,954,954,954,2018-10-16,187.59678649902344,221.6999969482422,222.0,216.3000030517578,219.3500061035156,5924200
955,955,955,955,955,955,955,955,955,2018-10-17,193.1646423339844,228.27999877929688,228.8999938964844,220.0500030517578,220.52999877929688,4953700
956,956,956,956,956,956,956,956,956,2018-10-18,190.34686279296875,224.9499969482422,228.72999572753903,223.8600006103516,227.5,2995400
957,957,957,957,957,957,957,957,957,2018-10-19,192.04766845703125,226.9600067138672,228.3000030517578,224.19000244140625,225.259994506836,2759100
958,958,958,958,958,958,958,958,958,2018-10-22,187.5121612548828,221.6000061035156,228.8699951171875,221.5200042724609,226.92999267578125,2736800
959,959,959,959,959,959,959,959,959,2018-10-23,184.93980407714844,218.5599975585937,219.5200042724609,214.32000732421875,216.58999633789065,3318200
960,960,960,960,960,960,960,960,960,2018-10-24,177.00271606445312,209.17999267578125,218.92999267578125,208.3999938964844,218.13999938964844,4152700
961,961,961,961,961,961,961,961,961,2018-10-25,181.08973693847656,214.009994506836,215.69000244140625,210.33999633789065,211.2700042724609,3179700
962,962,962,962,962,962,962,962,962,2018-10-26,179.6935272216797,212.3600006103516,214.8000030517578,209.52999877929688,210.72999572753903,3557900
963,963,963,963,963,963,963,963,963,2018-10-29,181.49588012695312,214.4900054931641,218.2100067138672,212.0500030517578,214.1499938964844,3278200
964,964,964,964,964,964,964,964,964,2018-10-30,185.549057006836,219.27999877929688,220.3500061035156,215.0399932861328,215.9900054931641,3897400
965,965,965,965,965,965,965,965,965,2018-10-31,190.70225524902344,225.3699951171875,229.0,221.3999938964844,221.88999938964844,4369600
966,966,966,966,966,966,966,966,966,2018-11-01,192.05616760253903,226.97000122070312,228.8800048828125,225.47000122070312,225.759994506836,2557600
967,967,967,967,967,967,967,967,967,2018-11-02,194.35769653320312,229.69000244140625,231.69000244140625,226.2899932861328,230.0,3699000
968,968,968,968,968,968,968,968,968,2018-11-05,193.5369873046875,228.72000122070312,231.1000061035156,226.9499969482422,228.32000732421875,2565200
969,969,969,969,969,969,969,969,969,2018-11-06,193.09689331054688,228.1999969482422,229.5200042724609,227.0500030517578,228.19000244140625,2275600
970,970,970,970,970,970,970,970,970,2018-11-07,195.70315551757807,231.27999877929688,232.8000030517578,226.8999938964844,230.0500030517578,3514300
971,971,971,971,971,971,971,971,971,2018-11-08,196.01622009277344,231.6499938964844,234.0599975585937,230.6000061035156,231.0,2404800
972,972,972,972,972,972,972,972,972,2018-11-09,188.400619506836,222.6499938964844,231.69000244140625,222.3000030517578,231.69000244140625,3721700
973,973,973,973,973,973,973,973,973,2018-11-12,174.35415649414062,206.0500030517578,222.3099975585937,205.1300048828125,222.0,11019400
974,974,974,974,974,974,974,974,974,2018-11-13,173.5080108642578,205.0500030517578,209.58999633789065,202.3300018310547,204.3999938964844,6984800
975,975,975,975,975,975,975,975,975,2018-11-14,171.34178161621094,202.4900054931641,207.33999633789065,198.44000244140625,206.2400054931641,5742500
976,976,976,976,976,976,976,976,976,2018-11-15,172.39952087402344,203.7400054931641,204.5,199.32000732421875,201.8000030517578,4260000
977,977,977,977,977,977,977,977,977,2018-11-16,171.02865600585938,202.1199951171875,204.7400054931641,200.3500061035156,202.92999267578125,2829600
978,978,978,978,978,978,978,978,978,2018-11-19,167.72865295410156,198.22000122070312,202.3000030517578,197.3500061035156,201.8300018310547,3419100
979,979,979,979,979,979,979,979,979,2018-11-20,161.9069366455078,191.33999633789065,195.88999938964844,190.3500061035156,195.1000061035156,5513800
980,980,980,980,980,980,980,980,980,2018-11-21,162.97320556640625,192.6000061035156,195.2400054931641,191.19000244140625,192.08999633789065,4111700
981,981,981,981,981,981,981,981,981,2018-11-23,160.0115203857422,189.1000061035156,191.8699951171875,188.94000244140625,191.6100006103516,1862600
982,982,982,982,982,982,982,982,982,2018-11-26,164.4455108642578,194.33999633789065,195.22999572753903,190.69000244140625,191.1699981689453,3143300
983,983,983,983,983,983,983,983,983,2018-11-27,163.8616485595703,193.6499938964844,194.6199951171875,191.5599975585937,193.3999938964844,2345400
984,984,984,984,984,984,984,984,984,2018-11-28,167.83865356445312,198.3500061035156,198.4499969482422,192.22999572753903,194.83999633789065,3762900
985,985,985,985,985,985,985,985,985,2018-11-29,165.5447235107422,194.8500061035156,197.4499969482422,193.1600036621093,196.0200042724609,2665700
986,986,986,986,986,986,986,986,986,2018-11-30,162.01036071777344,190.69000244140625,191.4499969482422,188.1199951171875,190.57000732421875,6220000
987,987,987,987,987,987,987,987,987,2018-12-03,162.80899047851562,191.6300048828125,195.6600036621093,191.6199951171875,194.0,4017000
988,988,988,988,988,988,988,988,988,2018-12-04,156.58995056152344,184.3099975585937,191.1100006103516,183.6300048828125,190.69000244140625,5797500
989,989,989,989,989,989,989,989,989,2018-12-06,156.40298461914062,184.08999633789065,184.8800048828125,180.1499938964844,181.3300018310547,5275500
990,990,990,990,990,990,990,990,990,2018-12-07,152.6477508544922,179.6699981689453,186.25,179.0,183.8500061035156,3921200
991,991,991,991,991,991,991,991,991,2018-12-10,151.93409729003906,178.8300018310547,179.83999633789062,174.67999267578125,178.60000610351562,4528300
992,992,992,992,992,992,992,992,992,2018-12-11,150.2093963623047,176.8000030517578,184.42999267578125,175.4499969482422,182.1499938964844,4713900
993,993,993,993,993,993,993,993,993,2018-12-12,150.12449645996094,176.6999969482422,180.0,176.47999572753906,178.5,3677300
994,994,994,994,994,994,994,994,994,2018-12-13,149.46182250976562,175.9199981689453,178.69000244140625,175.1199951171875,177.8300018310547,4008600
995,995,995,995,995,995,995,995,995,2018-12-14,146.78553771972656,172.77000427246094,176.25999450683594,172.3699951171875,174.33999633789062,5078300
996,996,996,996,996,996,996,996,996,2018-12-17,142.74143981933594,168.00999450683594,171.42999267578125,166.52999877929688,169.39999389648438,8395800
997,997,997,997,997,997,997,997,997,2018-12-18,145.70652770996094,171.5,173.02000427246094,169.32000732421875,169.77999877929688,5150800
998,998,998,998,998,998,998,998,998,2018-12-19,143.79493713378906,169.25,174.85000610351562,167.60000610351562,171.58999633789062,5316100
999,999,999,999,999,999,999,999,999,2018-12-20,143.0812530517578,168.41000366210938,171.64999389648438,167.16000366210938,168.38999938964844,6488200
1000,1000,1000,1000,1000,1000,1000,1000,1000,2018-12-21,135.97860717773438,160.0500030517578,169.6300048828125,159.4199981689453,168.25,8960000
1001,1001,1001,1001,1001,1001,1001,1001,1001,2018-12-24,132.83511352539062,156.35000610351562,160.0,154.30999755859375,159.0,3783500
1002,1002,1002,1002,1002,1002,1002,1002,1002,2018-12-26,138.4254150390625,162.92999267578125,163.11000061035156,151.6999969482422,157.0,7054700
1003,1003,1003,1003,1003,1003,1003,1003,1003,2018-12-27,140.53245544433594,165.41000366210938,165.41000366210938,159.02000427246094,160.1199951171875,4973000
1004,1004,1004,1004,1004,1004,1004,1004,1004,2018-12-28,138.5104217529297,163.02999877929688,165.9499969482422,162.02000427246094,165.63999938964844,4110500
1005,1005,1005,1005,1005,1005,1005,1005,1005,2018-12-31,141.9258270263672,167.0500030517578,167.1199951171875,163.77999877929688,163.77999877929688,4550000
1006,1006,1006,1006,1006,1006,1006,1006,1006,2019-01-02,146.1568145751953,172.02999877929688,172.25,163.35000610351562,164.3300018310547,3999400
1007,1007,1007,1007,1007,1007,1007,1007,1007,2019-01-03,144.01585388183594,169.50999450683594,171.77000427246094,168.2899932861328,170.66000366210938,4060200
1008,1008,1008,1008,1008,1008,1008,1008,1008,2019-01-04,148.7226104736328,175.0500030517578,176.0,171.10000610351562,172.99000549316406,3788300
1009,1009,1009,1009,1009,1009,1009,1009,1009,2019-01-07,149.5467529296875,176.02000427246094,177.8300018310547,172.27000427246094,175.22999572753906,3152100
1010,1010,1010,1010,1010,1010,1010,1010,1010,2019-01-08,148.99447631835938,175.3699951171875,178.10000610351562,172.89999389648438,177.77999877929688,2692700
1011,1011,1011,1011,1011,1011,1011,1011,1011,2019-01-09,149.92906188964844,176.47000122070312,177.69000244140625,174.91000366210938,176.10000610351562,3321400
1012,1012,1012,1012,1012,1012,1012,1012,1012,2019-01-10,149.52972412109375,176.0,178.07000732421875,175.5,175.66000366210938,2808700
1013,1013,1013,1013,1013,1013,1013,1013,1013,2019-01-11,150.31985473632812,176.92999267578125,177.0399932861328,172.4199981689453,175.10000610351562,3182700
1014,1014,1014,1014,1014,1014,1014,1014,1014,2019-01-14,151.84066772460938,178.72000122070312,179.5399932861328,174.10000610351562,174.52000427246094,3361700
1015,1015,1015,1015,1015,1015,1015,1015,1015,2019-01-15,152.8516845703125,179.91000366210938,179.99000549316406,176.39999389648438,178.32000732421875,2911800
1016,1016,1016,1016,1016,1016,1016,1016,1016,2019-01-16,167.4393310546875,197.0800018310547,198.1499938964844,185.6000061035156,187.0,15194200
1017,1017,1017,1017,1017,1017,1017,1017,1017,2019-01-17,169.14700317382812,199.08999633789065,199.8000030517578,192.8300018310547,195.9499969482422,8177000
1018,1018,1018,1018,1018,1018,1018,1018,1018,2019-01-18,172.078125,202.5399932861328,203.0,196.9100036621093,200.3800048828125,5650900
1019,1019,1019,1019,1019,1019,1019,1019,1019,2019-01-22,167.94906616210938,197.67999267578125,201.47000122070312,195.9199981689453,200.5,4648500
1020,1020,1020,1020,1020,1020,1020,1020,1020,2019-01-23,167.28639221191406,196.8999938964844,198.08999633789065,194.52999877929688,197.5500030517578,3410700
1021,1021,1021,1021,1021,1021,1021,1021,1021,2019-01-24,168.05108642578125,197.8000030517578,199.67999267578125,195.759994506836,196.22000122070312,2631800
1022,1022,1022,1022,1022,1022,1022,1022,1022,2019-01-25,170.5488739013672,200.7400054931641,201.19000244140625,199.4199981689453,199.8300018310547,3275000
1023,1023,1023,1023,1023,1023,1023,1023,1023,2019-01-28,169.68226623535156,199.72000122070312,200.07000732421875,197.1000061035156,197.9900054931641,2369600
1024,1024,1024,1024,1024,1024,1024,1024,1024,2019-01-29,170.34494018554688,200.5,201.97000122070312,197.8699951171875,199.0,2694100
1025,1025,1025,1025,1025,1025,1025,1025,1025,2019-01-30,172.0271759033203,202.47999572753903,203.2899932861328,199.6499938964844,200.8999938964844,2773300
1026,1026,1026,1026,1026,1026,1026,1026,1026,2019-01-31,168.2294464111328,198.009994506836,202.3500061035156,196.9499969482422,200.1000061035156,5604500
1027,1027,1027,1027,1027,1027,1027,1027,1027,2019-02-01,166.98052978515625,196.5399932861328,199.63999938964844,196.5399932861328,198.0,3174200
1028,1028,1028,1028,1028,1028,1028,1028,1028,2019-02-04,167.9830322265625,197.72000122070312,197.759994506836,194.7899932861328,195.8000030517578,2400200
1029,1029,1029,1029,1029,1029,1029,1029,1029,2019-02-05,168.2294464111328,198.009994506836,199.3300018310547,196.8600006103516,198.1199951171875,2601000
1030,1030,1030,1030,1030,1030,1030,1030,1030,2019-02-06,167.04849243164062,196.6199951171875,199.0599975585937,195.8300018310547,197.17999267578125,2063100
1031,1031,1031,1031,1031,1031,1031,1031,1031,2019-02-07,164.03245544433594,193.07000732421875,195.8800048828125,191.0500030517578,195.27999877929688,2948800
1032,1032,1032,1032,1032,1032,1032,1032,1032,2019-02-08,162.84298706054688,191.6699981689453,192.6199951171875,188.22000122070312,191.72000122070312,2757500
1033,1033,1033,1033,1033,1033,1033,1033,1033,2019-02-11,162.55410766601562,191.3300018310547,193.32000732421875,191.07000732421875,192.8800048828125,2056500
1034,1034,1034,1034,1034,1034,1034,1034,1034,2019-02-12,165.2388458251953,194.4900054931641,195.6499938964844,193.0,193.0500030517578,2392900
1035,1035,1035,1035,1035,1035,1035,1035,1035,2019-02-13,165.40879821777344,194.69000244140625,198.77999877929688,194.6000061035156,195.9199981689453,2757300
1036,1036,1036,1036,1036,1036,1036,1036,1036,2019-02-14,163.5736083984375,192.52999877929688,194.1300048828125,189.44000244140625,192.2100067138672,2865000
1037,1037,1037,1037,1037,1037,1037,1037,1037,2019-02-15,168.64572143554688,198.5,198.88999938964844,193.1000061035156,193.2100067138672,3065400
1038,1038,1038,1038,1038,1038,1038,1038,1038,2019-02-19,168.7901611328125,198.6699981689453,199.0599975585937,195.6100006103516,196.6600036621093,2558200
1039,1039,1039,1039,1039,1039,1039,1039,1039,2019-02-20,168.730712890625,198.6000061035156,199.3000030517578,197.509994506836,198.72999572753903,2266000
1040,1040,1040,1040,1040,1040,1040,1040,1040,2019-02-21,166.82760620117188,196.3600006103516,199.4499969482422,195.0500030517578,198.97000122070312,2785900
1041,1041,1041,1041,1041,1041,1041,1041,1041,2019-02-22,166.521728515625,196.0,197.75,195.1999969482422,196.6000061035156,2626600
1042,1042,1042,1042,1042,1042,1042,1042,1042,2019-02-25,168.77317810058594,198.6499938964844,201.5,197.7100067138672,198.0,3032200
1043,1043,1043,1043,1043,1043,1043,1043,1043,2019-02-26,168.98556518554688,198.8999938964844,200.5599975585937,196.5500030517578,198.47000122070312,2499800
1044,1044,1044,1044,1044,1044,1044,1044,1044,2019-02-27,168.98561096191406,198.1000061035156,199.88999938964844,197.1199951171875,198.5,1804200
1045,1045,1045,1045,1045,1045,1045,1045,1045,2019-02-28,167.79135131835938,196.6999969482422,198.3999938964844,196.009994506836,198.0399932861328,2964300
1046,1046,1046,1046,1046,1046,1046,1046,1046,2019-03-01,169.07090759277344,198.1999969482422,201.44000244140625,197.42999267578125,198.75,2580500
1047,1047,1047,1047,1047,1047,1047,1047,1047,2019-03-04,167.17713928222656,195.97999572753903,200.8300018310547,194.1499938964844,198.8099975585937,2683600
1048,1048,1048,1048,1048,1048,1048,1048,1048,2019-03-05,167.1942138671875,196.0,196.17999267578125,193.0,195.8500061035156,2338600
1049,1049,1049,1049,1049,1049,1049,1049,1049,2019-03-06,166.11941528320312,194.7400054931641,197.5599975585937,194.52999877929688,195.8999938964844,2247500
1050,1050,1050,1050,1050,1050,1050,1050,1050,2019-03-07,164.43893432617188,192.7700042724609,193.4499969482422,190.0800018310547,193.1300048828125,3567800
1051,1051,1051,1051,1051,1051,1051,1051,1051,2019-03-08,166.54595947265625,195.2400054931641,195.7700042724609,189.7100067138672,190.3999938964844,3162700
1052,1052,1052,1052,1052,1052,1052,1052,1052,2019-03-11,167.16864013671875,195.97000122070312,198.97000122070312,195.72999572753903,197.22999572753903,2669000
1053,1053,1053,1053,1053,1053,1053,1053,1053,2019-03-12,167.73162841796875,196.6300048828125,197.3999938964844,195.69000244140625,196.0,1977400
1054,1054,1054,1054,1054,1054,1054,1054,1054,2019-03-13,168.26051330566406,197.25,198.92999267578125,196.5200042724609,197.75,1904500
1055,1055,1055,1055,1055,1055,1055,1055,1055,2019-03-14,168.44821166992188,197.47000122070312,198.5,196.6999969482422,197.32000732421875,1482300
1056,1056,1056,1056,1056,1056,1056,1056,1056,2019-03-15,169.12210083007812,198.259994506836,198.8500061035156,196.8500061035156,197.1600036621093,2985200
1057,1057,1057,1057,1057,1057,1057,1057,1057,2019-03-18,172.7133331298828,202.47000122070312,203.8500061035156,198.9199981689453,199.17999267578125,3354900
1058,1058,1058,1058,1058,1058,1058,1058,1058,2019-03-19,171.56175231933594,201.1199951171875,206.4499969482422,200.77999877929688,204.8800048828125,3284900
1059,1059,1059,1059,1059,1059,1059,1059,1059,2019-03-20,165.76113891601562,194.32000732421875,200.3300018310547,193.97000122070312,200.3300018310547,5033500
1060,1060,1060,1060,1060,1060,1060,1060,1060,2019-03-21,165.9829559326172,194.5800018310547,195.5500030517578,191.75,192.8999938964844,4031500
1061,1061,1061,1061,1061,1061,1061,1061,1061,2019-03-22,161.1888885498047,188.9600067138672,193.7100067138672,187.77999877929688,192.6699981689453,5703100
1062,1062,1062,1062,1062,1062,1062,1062,1062,2019-03-25,160.80506896972656,188.509994506836,191.4499969482422,186.5,189.3300018310547,3751000
1063,1063,1063,1063,1063,1063,1063,1063,1063,2019-03-26,162.66464233398438,190.69000244140625,192.4100036621093,188.69000244140625,190.02999877929688,2910100
1064,1064,1064,1064,1064,1064,1064,1064,1064,2019-03-27,162.1016387939453,190.02999877929688,191.6100006103516,188.7400054931641,190.6000061035156,2343800
1065,1065,1065,1065,1065,1065,1065,1065,1065,2019-03-28,163.08262634277344,191.17999267578125,191.9100036621093,189.2899932861328,190.7400054931641,2343400
1066,1066,1066,1066,1066,1066,1066,1066,1066,2019-03-29,163.77357482910156,191.9900054931641,193.1100006103516,191.13999938964844,192.67999267578125,2632800
1067,1067,1067,1067,1067,1067,1067,1067,1067,2019-04-01,167.82546997070312,196.7400054931641,198.08999633789065,193.6100006103516,194.0,3562600
1068,1068,1068,1068,1068,1068,1068,1068,1068,2019-04-02,168.47378540039062,197.5,197.759994506836,195.3999938964844,196.2400054931641,2247000
1069,1069,1069,1069,1069,1069,1069,1069,1069,2019-04-03,171.33998107910156,200.8600006103516,201.08999633789065,198.5399932861328,199.25,3227900
1070,1070,1070,1070,1070,1070,1070,1070,1070,2019-04-04,172.50865173339844,202.22999572753903,204.2899932861328,200.5,200.8000030517578,2582300
1071,1071,1071,1071,1071,1071,1071,1071,1071,2019-04-05,172.63662719726562,202.3800048828125,205.5,202.0599975585937,203.3800048828125,2447100
1072,1072,1072,1072,1072,1072,1072,1072,1072,2019-04-08,172.77305603027344,202.5399932861328,203.6300048828125,201.17999267578125,202.7899932861328,1891500
1073,1073,1073,1073,1073,1073,1073,1073,1073,2019-04-09,171.1352081298828,200.6199951171875,201.58999633789065,198.8600006103516,201.22999572753903,2400900
1074,1074,1074,1074,1074,1074,1074,1074,1074,2019-04-10,173.14840698242188,202.97999572753903,203.1699981689453,200.2700042724609,201.8000030517578,1907100
1075,1075,1075,1075,1075,1075,1075,1075,1075,2019-04-11,173.0204315185547,202.8300018310547,205.4499969482422,201.57000732421875,204.22999572753903,2802100
1076,1076,1076,1076,1076,1076,1076,1076,1076,2019-04-12,177.2941131591797,207.83999633789065,209.97000122070312,206.3699951171875,207.0,5096600
1077,1077,1077,1077,1077,1077,1077,1077,1077,2019-04-15,170.52957153320312,199.9100036621093,205.7400054931641,199.6999969482422,204.1100006103516,6617200
1078,1078,1078,1078,1078,1078,1078,1078,1078,2019-04-16,172.17593383789062,201.83999633789065,202.94000244140625,199.2400054931641,199.6199951171875,4852600
1079,1079,1079,1079,1079,1079,1079,1079,1079,2019-04-17,177.3452606201172,207.8999938964844,208.5,201.77999877929688,201.9600067138672,4195300
1080,1080,1080,1080,1080,1080,1080,1080,1080,2019-04-18,175.6477813720703,205.9100036621093,207.8600006103516,205.1499938964844,207.08999633789065,2874300
1081,1081,1081,1081,1081,1081,1081,1081,1081,2019-04-22,174.53030395507812,204.6000061035156,205.58999633789065,204.13999938964844,205.1199951171875,1591400
1082,1082,1082,1082,1082,1082,1082,1082,1082,2019-04-23,174.13790893554688,204.13999938964844,205.19000244140625,202.7400054931641,204.25,2120900
1083,1083,1083,1083,1083,1083,1083,1083,1083,2019-04-24,171.0670166015625,200.5399932861328,203.5200042724609,199.72999572753903,203.0,4606100
1084,1084,1084,1084,1084,1084,1084,1084,1084,2019-04-25,171.80059814453125,201.3999938964844,202.5599975585937,199.1000061035156,199.6999969482422,2075300
1085,1085,1085,1085,1085,1085,1085,1085,1085,2019-04-26,173.23367309570312,203.0800018310547,203.1199951171875,200.32000732421875,201.72999572753903,1543100
1086,1086,1086,1086,1086,1086,1086,1086,1086,2019-04-29,176.50933837890625,206.9199981689453,208.0,203.2700042724609,203.5,2997000
1087,1087,1087,1087,1087,1087,1087,1087,1087,2019-04-30,175.65631103515625,205.9199981689453,207.9900054931641,204.1499938964844,206.94000244140625,1833000
1088,1088,1088,1088,1088,1088,1088,1088,1088,2019-05-01,174.6411590576172,204.72999572753903,208.4100036621093,204.02999877929688,206.3999938964844,1981800
1089,1089,1089,1089,1089,1089,1089,1089,1089,2019-05-02,174.8629913330078,204.9900054931641,206.22000122070312,203.1199951171875,204.42999267578125,1514700
1090,1090,1090,1090,1090,1090,1090,1090,1090,2019-05-03,177.02114868164062,207.5200042724609,208.75,205.6699981689453,206.009994506836,1897600
1091,1091,1091,1091,1091,1091,1091,1091,1091,2019-05-06,176.09132385253906,206.42999267578125,206.97999572753903,201.7100067138672,202.8000030517578,1927800
1092,1092,1092,1092,1092,1092,1092,1092,1092,2019-05-07,172.84986877441406,202.6300048828125,204.0,201.009994506836,203.33999633789065,2839500
1093,1093,1093,1093,1093,1093,1093,1093,1093,2019-05-08,171.41671752929688,200.9499969482422,203.1999969482422,200.8000030517578,201.3999938964844,1817600
1094,1094,1094,1094,1094,1094,1094,1094,1094,2019-05-09,171.99676513671875,201.6300048828125,202.22000122070312,197.9100036621093,199.509994506836,2333400
1095,1095,1095,1095,1095,1095,1095,1095,1095,2019-05-10,172.35507202148438,202.0500030517578,202.1000061035156,198.9900054931641,200.97999572753903,2089400
1096,1096,1096,1096,1096,1096,1096,1096,1096,2019-05-13,166.3155975341797,194.97000122070312,197.8999938964844,194.0,197.8999938964844,3605600
1097,1097,1097,1097,1097,1097,1097,1097,1097,2019-05-14,167.4330596923828,196.27999877929688,198.1300048828125,194.8999938964844,194.9900054931641,2463300
1098,1098,1098,1098,1098,1098,1098,1098,1098,2019-05-15,167.5354461669922,196.3999938964844,197.58999633789065,193.4199981689453,194.63999938964844,2271100
1099,1099,1099,1099,1099,1099,1099,1099,1099,2019-05-16,169.8727569580078,199.13999938964844,200.0,196.6199951171875,196.6300048828125,2008100
1100,1100,1100,1100,1100,1100,1100,1100,1100,2019-05-17,168.41403198242188,197.42999267578125,199.08999633789065,196.3000030517578,196.3000030517578,1928300
1101,1101,1101,1101,1101,1101,1101,1101,1101,2019-05-20,168.25196838378906,197.2400054931641,197.77999877929688,195.57000732421875,197.08999633789065,2483400
1102,1102,1102,1102,1102,1102,1102,1102,1102,2019-05-21,169.84719848632812,199.1100006103516,199.32000732421875,198.0,198.6600036621093,2327600
1103,1103,1103,1103,1103,1103,1103,1103,1103,2019-05-22,166.78477478027344,195.5200042724609,198.47999572753903,195.4600067138672,197.44000244140625,2427200
1104,1104,1104,1104,1104,1104,1104,1104,1104,2019-05-23,163.75656127929688,191.97000122070312,193.0,189.5599975585937,193.0,3184100
1105,1105,1105,1105,1105,1105,1105,1105,1105,2019-05-24,164.63510131835938,193.0,194.07000732421875,191.67999267578125,192.88999938964844,1637200
1106,1106,1106,1106,1106,1106,1106,1106,1106,2019-05-28,161.59829711914062,189.44000244140625,193.3099975585937,189.38999938964844,192.0,3040000
1107,1107,1107,1107,1107,1107,1107,1107,1107,2019-05-29,161.13563537597656,188.0500030517578,188.6499938964844,184.9199981689453,187.7400054931641,2815800
1108,1108,1108,1108,1108,1108,1108,1108,1108,2019-05-30,160.55291748046875,187.3699951171875,189.3699951171875,186.009994506836,188.08999633789065,1919300
1109,1109,1109,1109,1109,1109,1109,1109,1109,2019-05-31,156.37142944335938,182.4900054931641,184.88999938964844,182.3099975585937,184.7700042724609,2640100
1110,1110,1110,1110,1110,1110,1110,1110,1110,2019-06-03,156.97120666503906,183.19000244140625,183.4900054931641,180.72999572753903,181.6999969482422,2857800
1111,1111,1111,1111,1111,1111,1111,1111,1111,2019-06-04,162.70376586914062,189.8800048828125,189.9900054931641,185.7100067138672,186.17999267578125,2420800
1112,1112,1112,1112,1112,1112,1112,1112,1112,2019-06-05,161.46981811523438,188.44000244140625,190.1600036621093,187.009994506836,190.1000061035156,1967800
1113,1113,1113,1113,1113,1113,1113,1113,1113,2019-06-06,162.64373779296875,189.8099975585937,190.7400054931641,187.3099975585937,188.0599975585937,1653500
1114,1114,1114,1114,1114,1114,1114,1114,1114,2019-06-07,162.64373779296875,189.8099975585937,190.6100006103516,188.5200042724609,189.8800048828125,1838600
1115,1115,1115,1115,1115,1115,1115,1115,1115,2019-06-10,166.3368682861328,194.1199951171875,197.0,191.3999938964844,191.3999938964844,2372000
1116,1116,1116,1116,1116,1116,1116,1116,1116,2019-06-11,166.8595428466797,194.72999572753903,196.1199951171875,193.509994506836,195.3000030517578,1632200
1117,1117,1117,1117,1117,1117,1117,1117,1117,2019-06-12,162.99505615234375,190.22000122070312,194.0500030517578,189.8300018310547,193.6100006103516,2059400
1118,1118,1118,1118,1118,1118,1118,1118,1118,2019-06-13,164.04901123046875,191.4499969482422,192.25,190.07000732421875,190.4100036621093,1411400
1119,1119,1119,1119,1119,1119,1119,1119,1119,2019-06-14,164.22898864746094,191.6600036621093,192.1699981689453,189.3099975585937,191.2899932861328,1403900
1120,1120,1120,1120,1120,1120,1120,1120,1120,2019-06-17,163.5177764892578,190.8300018310547,193.22999572753903,190.7400054931641,192.0200042724609,1155600
1121,1121,1121,1121,1121,1121,1121,1121,1121,2019-06-18,167.0738067626953,194.97999572753903,197.1300048828125,190.6699981689453,190.6699981689453,2363000
1122,1122,1122,1122,1122,1122,1122,1122,1122,2019-06-19,167.63931274414062,195.63999938964844,197.6100006103516,194.7899932861328,195.3500061035156,2196800
1123,1123,1123,1123,1123,1123,1123,1123,1123,2019-06-20,167.6907196044922,195.6999969482422,198.19000244140625,193.6100006103516,197.5,2749300
1124,1124,1124,1124,1124,1124,1124,1124,1124,2019-06-21,167.89639282226562,195.94000244140625,198.33999633789065,193.97000122070312,195.33999633789065,3365500
1125,1125,1125,1125,1125,1125,1125,1125,1125,2019-06-24,169.2245330810547,197.4900054931641,199.3500061035156,196.02999877929688,196.52999877929688,2069800
1126,1126,1126,1126,1126,1126,1126,1126,1126,2019-06-25,167.99920654296875,196.0599975585937,197.5200042724609,194.009994506836,197.5,1828300
1127,1127,1127,1127,1127,1127,1127,1127,1127,2019-06-26,168.81321716308594,197.009994506836,197.8699951171875,196.1199951171875,196.5,1649900
1128,1128,1128,1128,1128,1128,1128,1128,1128,2019-06-27,170.79266357421875,199.32000732421875,199.6100006103516,196.759994506836,197.57000732421875,2239200
1129,1129,1129,1129,1129,1129,1129,1129,1129,2019-06-28,175.3169403076172,204.6000061035156,205.83999633789065,202.94000244140625,203.5,4854900
1130,1130,1130,1130,1130,1130,1130,1130,1130,2019-07-01,177.2534942626953,206.8600006103516,209.8500061035156,205.7400054931641,208.0,2465700
1131,1131,1131,1131,1131,1131,1131,1131,1131,2019-07-02,176.49940490722656,205.97999572753903,206.3099975585937,204.1600036621093,205.3999938964844,1621400
1132,1132,1132,1132,1132,1132,1132,1132,1132,2019-07-03,176.5508270263672,206.0399932861328,207.3999938964844,205.22999572753903,207.3000030517578,978800
1133,1133,1133,1133,1133,1133,1133,1133,1133,2019-07-05,178.1446075439453,207.8999938964844,208.759994506836,206.1999969482422,206.8600006103516,1511400
1134,1134,1134,1134,1134,1134,1134,1134,1134,2019-07-08,176.3022918701172,205.75,207.25,204.7100067138672,206.3600006103516,1853900
1135,1135,1135,1135,1135,1135,1135,1135,1135,2019-07-09,178.03321838378906,207.7700042724609,207.94000244140625,203.5399932861328,203.75,1812100
1136,1136,1136,1136,1136,1136,1136,1136,1136,2019-07-10,176.49085998535156,205.97000122070312,208.9900054931641,205.6499938964844,207.17999267578125,1779800
1137,1137,1137,1137,1137,1137,1137,1137,1137,2019-07-11,181.100830078125,211.3500061035156,212.58999633789065,206.0,206.1999969482422,3691600
1138,1138,1138,1138,1138,1138,1138,1138,1138,2019-07-12,183.3201599121093,213.94000244140625,214.19000244140625,210.7899932861328,212.0,2626000
1139,1139,1139,1139,1139,1139,1139,1139,1139,2019-07-15,181.2979431152344,211.5800018310547,214.6000061035156,209.7899932861328,214.1100006103516,2600200
1140,1140,1140,1140,1140,1140,1140,1140,1140,2019-07-16,184.67401123046875,215.5200042724609,217.3300018310547,212.5500030517578,214.8000030517578,5283700
1141,1141,1141,1141,1141,1141,1141,1141,1141,2019-07-17,182.77178955078125,213.3000030517578,215.77999877929688,213.1600036621093,213.8300018310547,2583500
1142,1142,1142,1142,1142,1142,1142,1142,1142,2019-07-18,183.8171844482422,214.5200042724609,215.8300018310547,211.75,212.7100067138672,2858100
1143,1143,1143,1143,1143,1143,1143,1143,1143,2019-07-19,182.9602813720703,213.5200042724609,215.7700042724609,213.3500061035156,214.0200042724609,1822300
1144,1144,1144,1144,1144,1144,1144,1144,1144,2019-07-22,183.37158203125,214.0,214.8600006103516,212.3099975585937,213.3999938964844,1907100
1145,1145,1145,1145,1145,1145,1145,1145,1145,2019-07-23,188.0244598388672,219.42999267578125,220.0,214.9499969482422,214.9499969482422,3330600
1146,1146,1146,1146,1146,1146,1146,1146,1146,2019-07-24,190.2523193359375,222.02999877929688,222.08999633789065,218.6300048828125,219.25,3180000
1147,1147,1147,1147,1147,1147,1147,1147,1147,2019-07-25,188.4956970214844,219.97999572753903,221.7700042724609,218.22999572753903,221.7700042724609,2776700
1148,1148,1148,1148,1148,1148,1148,1148,1148,2019-07-26,190.3465576171875,222.13999938964844,222.2400054931641,220.3699951171875,220.4499969482422,2304500
1149,1149,1149,1149,1149,1149,1149,1149,1149,2019-07-29,188.7870483398437,220.32000732421875,222.1300048828125,220.1999969482422,221.0,1372800
1150,1150,1150,1150,1150,1150,1150,1150,1150,2019-07-30,189.71243286132807,221.3999938964844,221.9900054931641,217.3300018310547,218.4900054931641,1644600
1151,1151,1151,1151,1151,1151,1151,1151,1151,2019-07-31,188.62423706054688,220.1300048828125,221.97999572753903,219.009994506836,221.2400054931641,1991100
1152,1152,1152,1152,1152,1152,1152,1152,1152,2019-08-01,181.3150634765625,211.6000061035156,219.9499969482422,210.759994506836,219.3500061035156,3070100
1153,1153,1153,1153,1153,1153,1153,1153,1153,2019-08-02,179.4042205810547,209.3699951171875,211.5800018310547,205.3099975585937,211.5800018310547,2503000
1154,1154,1154,1154,1154,1154,1154,1154,1154,2019-08-05,172.8148651123047,201.67999267578125,205.82000732421875,199.5800018310547,205.82000732421875,2794200
1155,1155,1155,1155,1155,1155,1155,1155,1155,2019-08-06,176.52517700195312,206.009994506836,206.07000732421875,200.88999938964844,203.5599975585937,2349400
1156,1156,1156,1156,1156,1156,1156,1156,1156,2019-08-07,176.29380798339844,205.7400054931641,205.9600067138672,199.0500030517578,201.1100006103516,2454200
1157,1157,1157,1157,1157,1157,1157,1157,1157,2019-08-08,177.37344360351562,207.0,207.8000030517578,203.5399932861328,207.1699981689453,2342200
1158,1158,1158,1158,1158,1158,1158,1158,1158,2019-08-09,177.2877655029297,206.8999938964844,208.3000030517578,203.8600006103516,205.6199951171875,1790100
1159,1159,1159,1159,1159,1159,1159,1159,1159,2019-08-12,172.677734375,201.5200042724609,204.1499938964844,200.47999572753903,203.27999877929688,1479300
1160,1160,1160,1160,1160,1160,1160,1160,1160,2019-08-13,174.89707946777344,204.1100006103516,206.6000061035156,200.22999572753903,201.509994506836,2115900
1161,1161,1161,1161,1161,1161,1161,1161,1161,2019-08-14,167.57077026367188,195.5599975585937,199.9100036621093,195.0599975585937,199.8000030517578,3025100
1162,1162,1162,1162,1162,1162,1162,1162,1162,2019-08-15,168.10203552246094,196.17999267578125,196.97000122070312,193.7100067138672,195.9100036621093,1981900
1163,1163,1163,1163,1163,1163,1163,1163,1163,2019-08-16,170.87832641601562,199.4199981689453,200.6699981689453,197.0,197.02999877929688,1878700
1164,1164,1164,1164,1164,1164,1164,1164,1164,2019-08-19,173.26043701171875,202.1999969482422,204.4499969482422,201.82000732421875,203.8099975585937,1646100
1165,1165,1165,1165,1165,1165,1165,1165,1165,2019-08-20,171.358154296875,199.97999572753903,201.9900054931641,199.6999969482422,200.2100067138672,1545600
1166,1166,1166,1166,1166,1166,1166,1166,1166,2019-08-21,171.9579620361328,200.67999267578125,203.0200042724609,200.1699981689453,202.7400054931641,1160800
1167,1167,1167,1167,1167,1167,1167,1167,1167,2019-08-22,173.44894409179688,202.4199981689453,203.4499969482422,200.9100036621093,202.27999877929688,1275900
1168,1168,1168,1168,1168,1168,1168,1168,1168,2019-08-23,168.11917114257812,196.1999969482422,201.8800048828125,195.19000244140625,200.8099975585937,2200500
1169,1169,1169,1169,1169,1169,1169,1169,1169,2019-08-26,171.07540893554688,199.6499938964844,199.7100067138672,198.0,198.2700042724609,1441900
1170,1170,1170,1170,1170,1170,1170,1170,1170,2019-08-27,169.7215118408203,198.07000732421875,200.8600006103516,196.5,200.3300018310547,1513300
1171,1171,1171,1171,1171,1171,1171,1171,1171,2019-08-28,171.7352294921875,200.4199981689453,201.47000122070312,196.25,196.57000732421875,1437800
1172,1172,1172,1172,1172,1172,1172,1172,1172,2019-08-29,175.41700744628906,203.44000244140625,204.3699951171875,201.3600006103516,201.3600006103516,1816800
1173,1173,1173,1173,1173,1173,1173,1173,1173,2019-08-30,175.82228088378906,203.9100036621093,205.2100067138672,203.009994506836,204.8500061035156,1529600
1174,1174,1174,1174,1174,1174,1174,1174,1174,2019-09-03,171.562744140625,198.97000122070312,201.6100006103516,196.5800018310547,201.1000061035156,2633600
1175,1175,1175,1175,1175,1175,1175,1175,1175,2019-09-04,173.9425811767578,201.72999572753903,202.1000061035156,200.0500030517578,201.4900054931641,1720600
1176,1176,1176,1176,1176,1176,1176,1176,1176,2019-09-05,178.52975463867188,207.0500030517578,208.92999267578125,205.0399932861328,205.2700042724609,2237900
1177,1177,1177,1177,1177,1177,1177,1177,1177,2019-09-06,178.667724609375,207.2100067138672,208.25,205.57000732421875,207.0599975585937,1438800
1178,1178,1178,1178,1178,1178,1178,1178,1178,2019-09-09,182.7806701660156,211.97999572753903,213.8800048828125,208.44000244140625,209.22000122070312,2734500
1179,1179,1179,1179,1179,1179,1179,1179,1179,2019-09-10,185.9279022216797,215.6300048828125,217.08999633789065,213.22000122070312,213.5,2615800
1180,1180,1180,1180,1180,1180,1180,1180,1180,2019-09-11,186.93670654296875,216.8000030517578,216.8500061035156,213.3600006103516,215.2100067138672,1886300
1181,1181,1181,1181,1181,1181,1181,1181,1181,2019-09-12,188.6095123291016,218.7400054931641,220.759994506836,215.1499938964844,216.3800048828125,2913800
1182,1182,1182,1182,1182,1182,1182,1182,1182,2019-09-13,189.6097106933593,219.8999938964844,221.5,219.1999969482422,220.3500061035156,2722400
1183,1183,1183,1183,1183,1183,1183,1183,1183,2019-09-16,187.2988739013672,217.22000122070312,219.3300018310547,216.32000732421875,217.82000732421875,2205500
1184,1184,1184,1184,1184,1184,1184,1184,1184,2019-09-17,186.16932678222656,215.9100036621093,216.13999938964844,212.5399932861328,215.8000030517578,2429100
1185,1185,1185,1185,1185,1185,1185,1185,1185,2019-09-18,187.17819213867188,217.0800018310547,217.88999938964844,213.3000030517578,214.8300018310547,2474900
1186,1186,1186,1186,1186,1186,1186,1186,1186,2019-09-19,185.58297729492188,215.22999572753903,217.92999267578125,215.0599975585937,217.5800018310547,1596200
1187,1187,1187,1187,1187,1187,1187,1187,1187,2019-09-20,184.2982177734375,213.7400054931641,216.67999267578125,213.6300048828125,214.6600036621093,5458900
1188,1188,1188,1188,1188,1188,1188,1188,1188,2019-09-23,184.05679321289065,213.4600067138672,214.1100006103516,211.5599975585937,212.8500061035156,1485500
1189,1189,1189,1189,1189,1189,1189,1189,1189,2019-09-24,179.13336181640625,207.75,214.1999969482422,206.8000030517578,214.0399932861328,2837600
1190,1190,1190,1190,1190,1190,1190,1190,1190,2019-09-25,181.09927368164065,210.02999877929688,211.08999633789065,207.4499969482422,207.9600067138672,1593400
1191,1191,1191,1191,1191,1191,1191,1191,1191,2019-09-26,179.53860473632812,208.22000122070312,209.97000122070312,208.1100006103516,209.0500030517578,1685500
1192,1192,1192,1192,1192,1192,1192,1192,1192,2019-09-27,180.1852569580078,208.97000122070312,210.5500030517578,208.08999633789065,209.8500061035156,1530900
1193,1193,1193,1193,1193,1193,1193,1193,1193,2019-09-30,178.68496704101562,207.22999572753903,209.7100067138672,206.8300018310547,209.7100067138672,1794500
1194,1194,1194,1194,1194,1194,1194,1194,1194,2019-10-01,174.7703399658203,202.69000244140625,209.3800048828125,202.6100006103516,207.009994506836,3156200
1195,1195,1195,1195,1195,1195,1195,1195,1195,2019-10-02,170.94195556640625,198.25,201.8800048828125,197.6000061035156,201.69000244140625,3386800
1196,1196,1196,1196,1196,1196,1196,1196,1196,2019-10-03,170.07101440429688,197.2400054931641,198.3699951171875,193.9900054931641,197.6100006103516,2914500
1197,1197,1197,1197,1197,1197,1197,1197,1197,2019-10-04,173.1406707763672,200.8000030517578,201.22999572753903,196.0399932861328,196.9900054931641,3021100
1198,1198,1198,1198,1198,1198,1198,1198,1198,2019-10-07,172.7957305908203,200.3999938964844,202.52999877929688,199.47000122070312,200.7899932861328,2202200
1199,1199,1199,1199,1199,1199,1199,1199,1199,2019-10-08,170.18312072753906,197.3699951171875,198.9499969482422,195.9199981689453,197.6000061035156,2654900
1200,1200,1200,1200,1200,1200,1200,1200,1200,2019-10-09,169.73477172851562,196.8500061035156,198.97999572753903,196.67999267578125,198.19000244140625,2443500
1201,1201,1201,1201,1201,1201,1201,1201,1201,2019-10-10,172.33872985839844,199.8699951171875,201.32000732421875,197.5399932861328,197.58999633789065,2108000
1202,1202,1202,1202,1202,1202,1202,1202,1202,2019-10-11,176.4862060546875,204.67999267578125,207.2899932861328,203.72000122070312,203.72000122070312,3334300
1203,1203,1203,1203,1203,1203,1203,1203,1203,2019-10-14,177.4691925048828,205.82000732421875,206.1699981689453,202.9199981689453,203.8300018310547,2286100
1204,1204,1204,1204,1204,1204,1204,1204,1204,2019-10-15,178.02102661132812,206.4600067138672,208.2400054931641,198.6100006103516,202.0,8241900
1205,1205,1205,1205,1205,1205,1205,1205,1205,2019-10-16,178.8488006591797,207.4199981689453,208.6199951171875,206.1000061035156,206.1699981689453,3405800
1206,1206,1206,1206,1206,1206,1206,1206,1206,2019-10-17,178.02102661132812,206.4600067138672,208.92999267578125,204.38999938964844,208.2899932861328,2876500
1207,1207,1207,1207,1207,1207,1207,1207,1207,2019-10-18,178.07276916503906,206.5200042724609,208.0599975585937,204.9900054931641,204.9900054931641,2207000
1208,1208,1208,1208,1208,1208,1208,1208,1208,2019-10-21,180.4267425537109,209.25,210.8600006103516,207.67999267578125,208.6699981689453,1934900
1209,1209,1209,1209,1209,1209,1209,1209,1209,2019-10-22,180.728515625,209.6000061035156,211.6499938964844,208.3099975585937,209.58999633789065,1868000
1210,1210,1210,1210,1210,1210,1210,1210,1210,2019-10-23,182.2115936279297,211.32000732421875,212.0200042724609,209.0,209.22000122070312,1574500
1211,1211,1211,1211,1211,1211,1211,1211,1211,2019-10-24,181.978759765625,211.0500030517578,213.1499938964844,209.77999877929688,211.6100006103516,1266500
1212,1212,1212,1212,1212,1212,1212,1212,1212,2019-10-25,184.72076416015625,214.22999572753903,215.4199981689453,210.17999267578125,210.17999267578125,2602100
1213,1213,1213,1213,1213,1213,1213,1213,1213,2019-10-28,187.75592041015625,217.75,218.9199981689453,215.69000244140625,216.32000732421875,2707800
1214,1214,1214,1214,1214,1214,1214,1214,1214,2019-10-29,187.6610412597656,217.63999938964844,219.27999877929688,216.4499969482422,217.22000122070312,2030800
1215,1215,1215,1215,1215,1215,1215,1215,1215,2019-10-30,186.0830993652344,215.8099975585937,217.0500030517578,213.8099975585937,217.0200042724609,1584900
1216,1216,1216,1216,1216,1216,1216,1216,1216,2019-10-31,183.98782348632807,213.3800048828125,215.3600006103516,211.32000732421875,215.1499938964844,1876200
1217,1217,1217,1217,1217,1217,1217,1217,1217,2019-11-01,187.4454498291016,217.38999938964844,217.88999938964844,214.75,215.259994506836,2112300
1218,1218,1218,1218,1218,1218,1218,1218,1218,2019-11-04,189.58384704589844,219.8699951171875,220.69000244140625,218.57000732421875,219.6999969482422,2538100
1219,1219,1219,1219,1219,1219,1219,1219,1219,2019-11-05,188.52330017089844,218.63999938964844,221.77999877929688,218.47000122070312,220.8000030517578,2525100
1220,1220,1220,1220,1220,1220,1220,1220,1220,2019-11-06,188.3335723876953,218.4199981689453,219.07000732421875,216.5500030517578,218.009994506836,1863000
1221,1221,1221,1221,1221,1221,1221,1221,1221,2019-11-07,192.53273010253903,223.2899932861328,224.7700042724609,220.4100036621093,220.7700042724609,3748600
1222,1222,1222,1222,1222,1222,1222,1222,1222,2019-11-08,192.2051239013672,222.9100036621093,223.22999572753903,221.1000061035156,223.0,1610800
1223,1223,1223,1223,1223,1223,1223,1223,1223,2019-11-11,188.8595428466797,219.02999877929688,221.4100036621093,218.5200042724609,220.8999938964844,2754500
1224,1224,1224,1224,1224,1224,1224,1224,1224,2019-11-12,190.0494537353516,220.4100036621093,221.1100006103516,217.92999267578125,218.5599975585937,1891600
1225,1225,1225,1225,1225,1225,1225,1225,1225,2019-11-13,189.109603881836,219.32000732421875,219.83999633789065,217.009994506836,218.38999938964844,1756000
1226,1226,1226,1226,1226,1226,1226,1226,1226,2019-11-14,189.2045135498047,219.42999267578125,220.47000122070312,218.02999877929688,218.7899932861328,1483100
1227,1227,1227,1227,1227,1227,1227,1227,1227,2019-11-15,189.9114990234375,220.25,221.08999633789065,219.0399932861328,220.0,1693100
1228,1228,1228,1228,1228,1228,1228,1228,1228,2019-11-18,189.463134765625,219.72999572753903,219.9499969482422,218.0399932861328,219.72999572753903,1603400
1229,1229,1229,1229,1229,1229,1229,1229,1229,2019-11-19,189.7304229736328,220.0399932861328,220.67999267578125,218.3099975585937,220.5599975585937,1817100
1230,1230,1230,1230,1230,1230,1230,1230,1230,2019-11-20,187.89382934570312,217.9100036621093,219.47000122070312,216.3999938964844,218.3600006103516,2177700
1231,1231,1231,1231,1231,1231,1231,1231,1231,2019-11-21,188.1697998046875,218.22999572753903,219.32000732421875,216.82000732421875,218.6000061035156,1677700
1232,1232,1232,1232,1232,1232,1232,1232,1232,2019-11-22,189.9373779296875,220.27999877929688,220.7100067138672,218.0,218.0,1529100
1233,1233,1233,1233,1233,1233,1233,1233,1233,2019-11-25,192.06716918945312,222.75,223.9499969482422,220.88999938964844,220.88999938964844,2181800
1234,1234,1234,1234,1234,1234,1234,1234,1234,2019-11-26,191.8084716796875,222.4499969482422,222.759994506836,221.1100006103516,222.67999267578125,1926300
1235,1235,1235,1235,1235,1235,1235,1235,1235,2019-11-27,192.2395935058593,222.9499969482422,224.27999877929688,221.8600006103516,223.4499969482422,1614600
1236,1236,1236,1236,1236,1236,1236,1236,1236,2019-11-29,191.9361267089844,221.3500061035156,222.0,220.4100036621093,220.8800048828125,770400
1237,1237,1237,1237,1237,1237,1237,1237,1237,2019-12-02,188.7191162109375,217.63999938964844,221.8000030517578,217.0800018310547,220.97000122070312,2118500
1238,1238,1238,1238,1238,1238,1238,1238,1238,2019-12-03,184.0366668701172,212.2400054931641,215.42999267578125,210.0,215.42999267578125,3207100
1239,1239,1239,1239,1239,1239,1239,1239,1239,2019-12-04,187.2450256347656,215.94000244140625,216.9900054931641,212.3800048828125,213.5399932861328,1583600
1240,1240,1240,1240,1240,1240,1240,1240,1240,2019-12-05,188.2855529785156,217.13999938964844,217.6300048828125,215.4199981689453,217.1499938964844,1329300
1241,1241,1241,1241,1241,1241,1241,1241,1241,2019-12-06,194.762924194336,224.6100006103516,225.3999938964844,218.82000732421875,219.9499969482422,4229400
1242,1242,1242,1242,1242,1242,1242,1242,1242,2019-12-09,192.3350372314453,221.8099975585937,224.6499938964844,221.7700042724609,224.6100006103516,2134600
1243,1243,1243,1243,1243,1243,1243,1243,1243,2019-12-10,192.39569091796875,221.8800048828125,222.8800048828125,220.5500030517578,221.6699981689453,1854100
1244,1244,1244,1244,1244,1244,1244,1244,1244,2019-12-11,191.7974090576172,221.19000244140625,222.8500061035156,220.83999633789065,222.25,1778600
1245,1245,1245,1245,1245,1245,1245,1245,1245,2019-12-12,196.01158142089844,226.0500030517578,226.77999877929688,220.6000061035156,221.9100036621093,2974300
1246,1246,1246,1246,1246,1246,1246,1246,1246,2019-12-13,195.10107421875,225.0,227.9900054931641,223.6999969482422,226.72000122070312,1908200
1247,1247,1247,1247,1247,1247,1247,1247,1247,2019-12-16,197.73712158203125,228.0399932861328,230.6999969482422,227.8699951171875,228.5,3218400
1248,1248,1248,1248,1248,1248,1248,1248,1248,2019-12-17,200.43386840820312,231.1499938964844,232.07000732421875,228.8000030517578,230.0,3590000
1249,1249,1249,1249,1249,1249,1249,1249,1249,2019-12-18,199.82687377929688,230.4499969482422,232.1999969482422,229.94000244140625,231.97000122070312,2280800
1250,1250,1250,1250,1250,1250,1250,1250,1250,2019-12-19,199.3846130371093,229.94000244140625,231.38999938964844,228.9600067138672,230.9499969482422,2418100
1251,1251,1251,1251,1251,1251,1251,1251,1251,2019-12-20,198.5088653564453,228.92999267578125,231.2899932861328,228.6199951171875,230.9600067138672,3715500
1252,1252,1252,1252,1252,1252,1252,1252,1252,2019-12-23,198.6475982666016,229.08999633789065,230.47999572753903,228.4100036621093,229.6600036621093,1670400
1253,1253,1253,1253,1253,1253,1253,1253,1253,2019-12-24,199.358627319336,229.9100036621093,229.9499969482422,228.3699951171875,228.97999572753903,467700
1254,1254,1254,1254,1254,1254,1254,1254,1254,2019-12-26,200.4859161376953,231.2100067138672,232.1999969482422,229.9900054931641,230.259994506836,1704000
1255,1255,1255,1255,1255,1255,1255,1255,1255,2019-12-27,200.00894165039065,230.6600036621093,232.2100067138672,230.47000122070312,231.8099975585937,1343900
1256,1256,1256,1256,1256,1256,1256,1256,1256,2019-12-30,199.2632293701172,229.8000030517578,231.67999267578125,229.5,231.67999267578125,1494500
1257,1257,1257,1257,1257,1257,1257,1257,1257,2019-12-31,199.3759307861328,229.92999267578125,229.97000122070312,228.6699981689453,229.7100067138672,1447200
