date,adjclose,close,high,low,open,volume
2015-01-02,79.90191650390625,103.43000030517578,105.66000366210938,102.66999816894533,105.16000366210938,4323700
2015-01-05,78.22553253173828,101.26000213623048,102.77999877929688,100.79000091552734,102.77999877929688,5878100
2015-01-06,77.98604583740234,100.9499969482422,102.06999969482422,100.33999633789062,102.06999969482422,4910100
2015-01-07,80.65896606445312,104.41000366210938,104.47000122070312,102.0,102.29000091552734,5091000
2015-01-08,82.4434814453125,106.72000122070312,106.98999786376952,105.0199966430664,105.37000274658205,6464600
2015-01-09,81.02978515625,104.88999938964844,106.87999725341795,104.81999969482422,106.87999725341795,5717600
2015-01-12,80.66669464111328,104.41999816894533,105.29000091552734,104.05999755859376,105.16999816894533,4992900
2015-01-13,80.1336441040039,103.7300033569336,106.04000091552734,103.1500015258789,105.41000366210938,5395200
2015-01-14,79.29158782958984,102.63999938964844,103.41000366210938,101.87999725341795,102.41999816894533,5384400
2015-01-15,78.03240203857422,101.01000213623048,103.6500015258789,100.81999969482422,103.31999969482422,6895000
2015-01-16,80.43492889404297,104.12000274658205,104.30999755859376,100.23999786376952,100.86000061035156,6403800
2015-01-20,79.76290130615234,103.25,104.9499969482422,102.3499984741211,104.83999633789062,5331300
2015-01-21,79.97914123535156,103.52999877929688,104.05999755859376,102.5,103.0500030517578,5899200
2015-01-22,81.94136047363281,106.06999969482422,106.30999755859376,103.54000091552734,104.37999725341795,5804100
2015-01-23,81.40058135986328,105.37000274658205,106.4800033569336,105.30999755859376,106.20999908447266,4072300
2015-01-26,82.16537475585938,106.36000061035156,106.5,105.05999755859376,105.36000061035156,4192300
2015-01-27,81.23839569091797,105.16000366210938,105.80999755859376,104.4000015258789,104.77999877929688,4606500
2015-01-28,80.91387939453125,104.73999786376952,107.43000030517578,104.5999984741211,105.30999755859376,4917300
2015-01-29,83.13875579833984,107.62000274658205,107.73999786376952,104.51000213623048,105.13999938964844,6529300
2015-01-30,80.66669464111328,104.41999816894533,106.86000061035156,104.37999725341795,106.36000061035156,7000000
2015-02-02,80.67443084716797,104.43000030517578,105.0,101.56999969482422,104.77999877929688,5012800
2015-02-03,82.84522247314453,107.23999786376952,107.31999969482422,104.80999755859376,104.88999938964844,5969200
2015-02-04,83.74906921386719,108.41000366210938,109.0,106.75,107.08999633789062,6765200
2015-02-05,84.19713592529297,108.98999786376952,109.33999633789062,108.1500015258789,108.9800033569336,4471800
2015-02-06,84.23576354980469,109.04000091552734,109.73999786376952,108.45999908447266,109.27999877929688,4223700
2015-02-09,83.69495391845703,108.33999633789062,109.45999908447266,108.04000091552734,108.87999725341795,4243800
2015-02-10,85.4949722290039,110.66999816894533,110.8499984741211,108.66000366210938,108.79000091552734,5414400
2015-02-11,85.21683502197266,110.30999755859376,110.8000030517578,109.80999755859376,110.5999984741211,4552900
2015-02-12,86.64602661132812,112.16000366210938,112.1999969482422,110.20999908447266,110.80999755859376,4592200
2015-02-13,86.43743896484375,111.88999938964844,112.38999938964844,111.3000030517578,112.01000213623048,5098600
2015-02-17,86.52239227294922,112.0,112.2300033569336,110.62000274658205,111.69000244140624,6028600
2015-02-18,86.51468658447266,111.98999786376952,112.16999816894533,111.0,111.5999984741211,3731600
2015-02-19,85.70357513427734,110.94000244140624,112.4499969482422,110.63999938964844,112.01000213623048,5910600
2015-02-20,86.70781707763672,112.23999786376952,112.25,110.0500030517578,110.80999755859376,7276100
2015-02-23,86.73870849609375,112.27999877929688,113.16000366210938,111.8000030517578,112.98999786376952,5638000
2015-02-24,90.19187927246094,116.75,117.91999816894533,115.12999725341795,117.5,12775500
2015-02-25,89.85198974609375,116.30999755859376,117.3499984741211,115.8499984741211,117.3499984741211,7328200
2015-02-26,89.13350677490234,115.37999725341795,116.41999816894533,115.1999969482422,116.0,5649900
2015-02-27,88.64683532714844,114.75,115.66999816894533,114.55999755859376,115.19000244140624,5732600
2015-03-02,89.7052230834961,116.12000274658205,117.05999755859376,114.86000061035156,114.86000061035156,5971900
2015-03-03,89.66654968261719,116.06999969482422,116.12000274658205,114.8000030517578,116.11000061035156,3784800
2015-03-04,88.6545639038086,114.76000213623048,115.47000122070312,114.25,115.38999938964844,3799000
2015-03-05,89.54296875,115.91000366210938,116.0999984741211,115.05999755859376,115.2300033569336,4088700
2015-03-06,88.41511535644531,114.4499969482422,115.95999908447266,114.0,115.95999908447266,5169200
2015-03-09,89.0331039428711,115.25,115.4800033569336,114.37000274658205,114.37999725341795,5351200
2015-03-10,87.4024429321289,112.55999755859376,114.33999633789062,112.55999755859376,113.8499984741211,5685000
2015-03-11,87.79845428466797,113.06999969482422,113.8000030517578,112.41000366210938,112.68000030517578,4356500
2015-03-12,90.1512680053711,116.0999984741211,116.45999908447266,113.7699966430664,113.8499984741211,5742000
2015-03-13,89.1573486328125,114.81999969482422,116.30999755859376,114.0,115.98999786376952,4626900
2015-03-16,90.46186065673828,116.5,116.61000061035156,115.31999969482422,115.33000183105467,4820300
2015-03-17,89.74748229980469,115.58000183105467,116.08000183105467,115.13999938964844,115.4499969482422,3715900
2015-03-18,90.13572692871094,116.08000183105467,116.41999816894533,113.30999755859376,115.41000366210938,4773600
2015-03-19,89.42138671875,115.16000366210938,116.43000030517578,115.06999969482422,116.20999908447266,3545600
2015-03-20,91.2305908203125,117.48999786376952,117.98999786376952,115.33000183105467,115.5500030517578,8446000
2015-03-23,90.12796783447266,116.06999969482422,117.75,116.06999969482422,117.04000091552734,4095200
2015-03-24,90.19009399414062,116.1500015258789,117.83000183105467,116.04000091552734,116.1999969482422,4026900
2015-03-25,88.27213287353516,113.68000030517578,116.61000061035156,113.63999938964844,115.95999908447266,4725800
2015-03-26,87.25489807128906,112.37000274658205,113.43000030517578,111.58000183105467,113.36000061035156,5409600
2015-03-27,88.41190338134766,113.86000061035156,114.2300033569336,112.0,112.08000183105467,3879300
2015-03-30,89.00982666015625,114.62999725341795,116.0500030517578,114.52999877929688,114.95999908447266,3968400
2015-03-31,88.21778869628906,113.61000061035156,115.37000274658205,113.5500030517578,113.6999969482422,4128800
2015-04-01,87.84504699707031,113.12999725341795,114.0,112.43000030517578,113.87999725341795,4737700
2015-04-02,88.9399642944336,114.54000091552734,114.91999816894533,112.5199966430664,112.61000061035156,4064800
2015-04-06,89.25828552246094,114.9499969482422,115.5500030517578,113.41000366210938,113.4499969482422,3248900
2015-04-07,88.75358581542969,114.3000030517578,115.79000091552734,114.2300033569336,114.83000183105467,3188300
2015-04-08,89.75526428222656,115.58999633789062,115.80999755859376,113.83000183105467,113.97000122070312,3753500
2015-04-09,88.9632339477539,114.56999969482422,116.25,114.13999938964844,115.45999908447266,4674000
2015-04-10,89.48346710205078,115.23999786376952,115.6500015258789,114.41999816894533,114.47000122070312,3658100
2015-04-13,88.86228942871094,114.44000244140624,115.43000030517578,114.3499984741211,114.95999908447266,2982000
2015-04-14,88.55946350097656,114.0500030517578,114.9800033569336,113.11000061035156,114.1999969482422,4072500
2015-04-15,88.09354400634766,113.4499969482422,115.20999908447266,113.37999725341795,114.58000183105467,4210800
2015-04-16,88.03143310546875,113.37000274658205,113.98999786376952,113.0199966430664,113.33999633789062,4013000
2015-04-17,87.04527282714844,112.0999984741211,113.11000061035156,111.7699966430664,112.91000366210938,6245200
2015-04-20,87.63540649414062,112.86000061035156,113.69000244140624,112.68000030517578,113.0,4396300
2015-04-21,87.8761215209961,113.16999816894533,113.9800033569336,112.5,113.5,3899500
2015-04-22,87.7363510131836,112.98999786376952,113.30999755859376,112.19000244140624,113.1999969482422,4065500
2015-04-23,88.48955535888672,113.95999908447266,114.51000213623048,112.55999755859376,112.73999786376952,3945300
2015-04-24,88.28766632080078,113.6999969482422,114.04000091552734,112.9000015258789,113.87999725341795,2878300
2015-04-27,86.49396514892578,111.38999938964844,114.11000061035156,111.27999877929688,114.0500030517578,5618000
2015-04-28,85.86499786376953,110.58000183105467,111.7699966430664,110.0500030517578,110.9000015258789,5743300
2015-04-29,84.41293334960938,108.70999908447266,110.30999755859376,108.06999969482422,110.16999816894533,7238900
2015-04-30,83.06961822509766,106.9800033569336,109.20999908447266,106.62000274658205,108.55999755859376,9041600
2015-05-01,85.06521606445312,109.5500030517578,109.79000091552734,106.8499984741211,106.9800033569336,6696900
2015-05-04,85.46123504638672,110.05999755859376,110.4499969482422,109.31999969482422,109.94000244140624,3366800
2015-05-05,83.90823364257812,108.05999755859376,109.87999725341795,107.9800033569336,109.1999969482422,4164800
2015-05-06,84.10236358642578,108.30999755859376,108.91000366210938,107.23999786376952,108.1999969482422,3996600
2015-05-07,85.44570922851562,110.04000091552734,110.72000122070312,108.25,108.4000015258789,5400200
2015-05-08,87.33257293701172,112.47000122070312,113.4800033569336,112.11000061035156,112.4000015258789,6435300
2015-05-11,86.88997650146484,111.9000015258789,112.91000366210938,111.80999755859376,112.23999786376952,3725200
2015-05-12,87.37142944335938,112.5199966430664,112.81999969482422,110.83000183105467,111.12000274658205,4053800
2015-05-13,86.33867645263672,111.19000244140624,112.9499969482422,111.0999984741211,112.91999816894533,4340700
2015-05-14,86.92103576660156,111.94000244140624,112.22000122070312,110.83000183105467,112.0500030517578,3815700
2015-05-15,88.0158920288086,113.3499984741211,113.4000015258789,111.81999969482422,111.91999816894533,4575800
2015-05-18,88.77685546875,114.33000183105467,114.5999984741211,113.16000366210938,113.87000274658205,6878200
2015-05-19,87.23162841796875,112.33999633789062,116.4800033569336,112.33999633789062,116.12000274658205,11133200
2015-05-20,87.04527282714844,112.0999984741211,112.88999938964844,111.22000122070312,112.19000244140624,7004500
2015-05-21,86.97541809082031,112.01000213623048,112.33000183105467,111.62000274658205,111.9800033569336,4238600
2015-05-22,87.09187316894531,112.16000366210938,112.52999877929688,111.45999908447266,111.87000274658205,3694000
2015-05-26,86.13680267333984,110.93000030517578,112.18000030517578,110.69000244140624,112.0,4612600
2015-05-27,87.09187316894531,112.16000366210938,112.52999877929688,110.80999755859376,111.04000091552734,4147800
2015-05-28,87.11517333984375,112.19000244140624,112.6999969482422,111.86000061035156,111.91000366210938,2806100
2015-05-29,86.51726531982422,111.41999816894533,112.58999633789062,111.37000274658205,111.83999633789062,5310600
2015-06-01,86.71138000488281,111.66999816894533,112.33999633789062,111.25,111.97000122070312,5114500
2015-06-02,87.10948181152344,111.58999633789062,112.18000030517578,110.63999938964844,110.75,6088200
2015-06-03,88.33507537841797,113.16000366210938,113.4800033569336,111.4499969482422,111.72000122070312,6337500
2015-06-04,87.00802612304688,111.45999908447266,113.16000366210938,111.16999816894533,112.5199966430664,4328600
2015-06-05,86.15715789794922,110.37000274658205,111.36000061035156,110.2699966430664,111.33999633789062,4505400
2015-06-08,85.81367492675781,109.93000030517578,110.80999755859376,109.83000183105467,110.13999938964844,3449000
2015-06-09,85.50141143798828,109.52999877929688,110.25,109.02999877929688,109.79000091552734,3659000
2015-06-10,86.63331604003906,110.9800033569336,111.19000244140624,109.38999938964844,109.9000015258789,3967900
2015-06-11,86.87532043457031,111.29000091552734,112.33000183105467,111.0,111.0,3642800
2015-06-12,86.3366928100586,110.5999984741211,111.58999633789062,110.41999816894533,110.88999938964844,4301900
2015-06-15,85.87609100341797,110.01000213623048,110.45999908447266,109.5500030517578,110.2300033569336,3965200
2015-06-16,86.04786682128906,110.2300033569336,110.4499969482422,109.75,109.9000015258789,3466600
2015-06-17,86.23522186279297,110.47000122070312,111.29000091552734,109.95999908447266,110.7300033569336,5722200
2015-06-18,87.31246948242188,111.8499984741211,112.3000030517578,110.76000213623048,111.05999755859376,7222600
2015-06-19,87.76524353027344,112.43000030517578,113.3000030517578,111.44000244140624,111.63999938964844,9255100
2015-06-22,88.2647933959961,113.06999969482422,113.62000274658205,112.77999877929688,112.93000030517578,3190200
2015-06-23,88.3506851196289,113.18000030517578,113.58999633789062,112.93000030517578,113.23999786376952,3075900
2015-06-24,87.70276641845703,112.3499984741211,113.68000030517578,112.3499984741211,112.94000244140624,3716100
2015-06-25,87.61691284179688,112.23999786376952,113.70999908447266,112.23999786376952,113.23999786376952,4466300
2015-06-26,87.8979263305664,112.5999984741211,113.33999633789062,112.2300033569336,112.7699966430664,4208500
2015-06-29,86.28985595703125,110.54000091552734,112.31999969482422,110.45999908447266,111.55999755859376,5187400
2015-06-30,86.75042724609375,111.12999725341795,111.76000213623048,110.58999633789062,111.1500015258789,5938800
2015-07-01,87.48420715332031,112.06999969482422,112.80999755859376,111.47000122070312,112.4499969482422,4216200
2015-07-02,87.03144073486328,111.48999786376952,112.75,111.0999984741211,112.58000183105467,3845000
2015-07-06,86.89872741699219,111.31999969482422,111.93000030517578,110.16999816894533,110.2699966430664,3864700
2015-07-07,87.7417984008789,112.4000015258789,112.63999938964844,110.6999969482422,111.72000122070312,5515900
2015-07-08,86.64895629882812,111.0,112.45999908447266,110.8000030517578,111.72000122070312,3794100
2015-07-09,86.94557189941406,111.37999725341795,112.58999633789062,111.1999969482422,112.31999969482422,3643700
2015-07-10,88.28822326660156,113.0999984741211,113.4800033569336,112.08999633789062,112.66999816894533,4631400
2015-07-13,89.693359375,114.9000015258789,115.0199966430664,114.06999969482422,114.20999908447266,4171900
2015-07-14,90.05245971679688,115.36000061035156,115.52999877929688,114.38999938964844,114.5,3688900
2015-07-15,90.22417449951172,115.58000183105467,116.1500015258789,115.06999969482422,115.41999816894533,3364600
2015-07-16,89.56063842773438,114.7300033569336,115.91000366210938,113.83000183105467,115.87000274658205,5234800
2015-07-17,89.3576889038086,114.47000122070312,115.0,114.0,114.48999786376952,5497600
2015-07-20,88.53023529052734,113.41000366210938,114.11000061035156,112.16999816894533,112.25,6107500
2015-07-21,88.88150024414062,113.86000061035156,113.97000122070312,112.68000030517578,113.41000366210938,4660600
2015-07-22,89.693359375,114.9000015258789,115.08000183105467,113.8000030517578,113.95999908447266,5485200
2015-07-23,89.45136260986328,114.58999633789062,116.11000061035156,114.43000030517578,115.20999908447266,4308900
2015-07-24,88.67073059082031,113.58999633789062,115.2300033569336,113.43000030517578,114.73999786376952,4427800
2015-07-27,88.2647933959961,113.06999969482422,113.88999938964844,112.70999908447266,113.37000274658205,4468200
2015-07-28,89.64651489257812,114.83999633789062,115.02999877929688,113.18000030517578,113.76000213623048,4176800
2015-07-29,90.84087371826172,116.37000274658205,116.76000213623048,115.11000061035156,115.16000366210938,5104000
2015-07-30,90.9111099243164,116.45999908447266,116.73999786376952,115.3499984741211,115.94000244140624,3291100
2015-07-31,91.3560791015625,117.02999877929688,118.12999725341795,116.37000274658205,116.9800033569336,4301200
2015-08-03,91.24679565429688,116.88999938964844,117.6999969482422,116.16000366210938,117.62000274658205,3645000
2015-08-04,91.74639129638672,117.52999877929688,117.81999969482422,116.25,116.62999725341795,3008200
2015-08-05,92.11328887939452,118.0,118.52999877929688,117.0999984741211,118.37999725341795,4299100
2015-08-06,90.98917388916016,116.55999755859376,118.5,116.06999969482422,118.38999938964844,4768900
2015-08-07,91.27802276611328,116.93000030517578,117.16000366210938,115.77999877929688,116.6999969482422,3986100
2015-08-10,91.801025390625,117.5999984741211,118.33999633789062,117.36000061035156,117.52999877929688,3408900
2015-08-11,91.87129974365234,117.69000244140624,118.13999938964844,116.76000213623048,117.0199966430664,4080000
2015-08-12,91.87129974365234,117.69000244140624,117.87999725341795,115.6999969482422,117.12999725341795,4575800
2015-08-13,92.90950775146484,119.0199966430664,120.13999938964844,117.79000091552734,118.0,6255500
2015-08-14,93.4793701171875,119.75,119.88999938964844,118.45999908447266,119.3000030517578,5135500
2015-08-17,93.4403305053711,119.6999969482422,120.75,118.7300033569336,119.0999984741211,7255600
2015-08-18,95.8602523803711,122.8000030517578,123.8000030517578,121.1500015258789,121.83000183105467,11021900
2015-08-19,95.82902526855467,122.76000213623048,123.79000091552734,122.12999725341795,122.66999816894533,6490300
2015-08-20,94.0960464477539,120.54000091552734,122.52999877929688,120.54000091552734,121.9800033569336,5555500
2015-08-21,90.6769561767578,116.16000366210938,120.36000061035156,116.1500015258789,119.54000091552734,10190700
2015-08-24,87.85108947753906,112.54000091552734,115.87999725341795,92.16999816894533,110.0500030517578,13983100
2015-08-25,86.62551879882812,110.97000122070312,117.0,110.88999938964844,117.0,10221100
2015-08-26,90.4974136352539,115.93000030517578,116.02999877929688,112.08000183105467,114.05999755859376,9313200
2015-08-27,91.8478546142578,117.66000366210938,118.08999633789062,115.33000183105467,117.5,7579100
2015-08-28,91.73856353759766,117.5199966430664,118.45999908447266,116.91999816894533,117.43000030517578,5016000
2015-08-31,90.9111099243164,116.45999908447266,117.48999786376952,115.93000030517578,117.01000213623048,5444500
2015-09-01,88.7142562866211,113.06999969482422,114.75,112.55999755859376,113.98999786376952,7392900
2015-09-02,91.3897476196289,116.4800033569336,116.4800033569336,114.31999969482422,114.83000183105467,6487400
2015-09-03,91.48387145996094,116.5999984741211,118.08000183105467,116.18000030517578,117.02999877929688,5302900
2015-09-04,89.77345275878906,114.41999816894533,115.69000244140624,113.48999786376952,114.68000030517578,5752000
2015-09-08,91.35047912597656,116.43000030517578,116.63999938964844,114.7300033569336,115.69000244140624,5775800
2015-09-09,89.42040252685547,113.97000122070312,117.47000122070312,113.6999969482422,117.11000061035156,5316400
2015-09-10,89.8283920288086,114.48999786376952,115.41000366210938,113.69000244140624,114.0,5259100
2015-09-11,90.57374572753906,115.44000244140624,115.45999908447266,113.6999969482422,113.97000122070312,4472800
2015-09-14,90.01668548583984,114.7300033569336,115.68000030517578,114.41999816894533,115.5,4248700
2015-09-15,91.15435028076172,116.18000030517578,116.62999725341795,113.9000015258789,114.77999877929688,4994000
2015-09-16,92.44108581542967,117.81999969482422,118.02999877929688,115.97000122070312,116.08000183105467,5285100
2015-09-17,92.5116958618164,117.91000366210938,119.81999969482422,117.2699966430664,118.33000183105467,6607100
2015-09-18,90.32266998291016,115.12000274658205,117.1999969482422,114.9800033569336,116.51000213623048,11366700
2015-09-21,91.46818542480467,116.58000183105467,117.11000061035156,115.2699966430664,115.95999908447266,5201100
2015-09-22,90.85620880126952,115.8000030517578,116.38999938964844,114.88999938964844,115.4000015258789,4631600
2015-09-23,91.146484375,116.16999816894533,116.5500030517578,115.66000366210938,115.8499984741211,4084900
2015-09-24,91.27989196777344,116.33999633789062,116.6500015258789,114.83999633789062,115.33999633789062,5172300
2015-09-25,91.5937271118164,116.73999786376952,118.16999816894533,116.04000091552734,117.2300033569336,5478900
2015-09-28,89.52239990234375,114.0999984741211,117.37999725341795,113.8499984741211,116.52999877929688,5994600
2015-09-29,88.5887222290039,112.91000366210938,114.93000030517578,111.8000030517578,114.20999908447266,7908800
2015-09-30,90.61296081542967,115.48999786376952,115.62999725341795,114.0,114.37000274658205,5395600
2015-10-01,91.82123565673828,117.02999877929688,117.12999725341795,114.73999786376952,116.2300033569336,5215200
2015-10-02,92.43324279785156,117.80999755859376,117.9000015258789,114.70999908447266,115.55999755859376,4359800
2015-10-05,93.5238265991211,119.1999969482422,119.29000091552734,117.91000366210938,118.75,4528700
2015-10-06,93.11583709716795,118.68000030517578,119.1999969482422,117.97000122070312,119.0999984741211,5275400
2015-10-07,93.87689971923828,119.6500015258789,119.83999633789062,118.48999786376952,119.1999969482422,4680100
2015-10-08,94.983154296875,121.05999755859376,121.2300033569336,119.1500015258789,119.30999755859376,4958200
2015-10-09,95.19501495361328,121.33000183105467,121.5,120.47000122070312,121.2699966430664,3893500
2015-10-12,95.64224243164062,121.9000015258789,122.4499969482422,121.0,121.48999786376952,2861900
2015-10-13,95.41470336914062,121.61000061035156,122.29000091552734,121.13999938964844,121.7699966430664,2971400
2015-10-14,94.3633270263672,120.2699966430664,121.87999725341795,119.55999755859376,121.33000183105467,5200400
2015-10-15,95.57164001464844,121.80999755859376,122.02999877929688,120.4000015258789,120.62000274658205,3448900
2015-10-16,96.3012924194336,122.73999786376952,122.81999969482422,121.62999725341795,121.62999725341795,4068800
2015-10-19,96.58377075195312,123.0999984741211,123.1999969482422,122.1999969482422,122.61000061035156,3097700
2015-10-20,96.38758850097656,122.8499984741211,123.16999816894533,122.3499984741211,122.88999938964844,3318400
2015-10-21,96.74066162109376,123.3000030517578,124.0199966430664,122.75,123.29000091552734,3491800
2015-10-22,97.57235717773438,124.36000061035156,124.4800033569336,122.87999725341795,123.9000015258789,5855300
2015-10-23,97.76850128173828,124.61000061035156,125.75,122.97000122070312,125.01000213623048,5281600
2015-10-26,98.08232879638672,125.01000213623048,125.66000366210938,124.0199966430664,124.5500030517578,4550200
2015-10-27,97.65865325927734,124.47000122070312,125.08999633789062,123.81999969482422,124.51000213623048,3674800
2015-10-28,97.14866638183594,123.81999969482422,124.58999633789062,122.22000122070312,124.37999725341795,6821500
2015-10-29,96.99958801269533,123.62999725341795,124.06999969482422,122.75,123.41999816894533,4635300
2015-10-30,97.00743865966795,123.63999938964844,124.75,123.2699966430664,123.2699966430664,4991500
2015-11-02,97.611572265625,124.41000366210938,124.63999938964844,123.37999725341795,124.23999786376952,3715600
2015-11-03,98.5923080444336,125.66000366210938,126.04000091552734,123.80999755859376,124.2300033569336,4313700
2015-11-04,98.37264251708984,125.37999725341795,125.87000274658205,124.62000274658205,125.4800033569336,4101200
2015-11-05,98.6393814086914,125.72000122070312,126.01000213623048,124.9499969482422,125.45999908447266,3059400
2015-11-06,98.84337615966795,125.9800033569336,126.11000061035156,124.81999969482422,125.2699966430664,3752000
2015-11-09,97.6821746826172,124.5,126.12000274658205,123.70999908447266,125.8000030517578,4988800
2015-11-10,98.27847290039062,125.26000213623048,125.41000366210938,124.04000091552734,124.48999786376952,3872900
2015-11-11,97.8469467163086,124.70999908447266,125.43000030517578,124.5199966430664,125.43000030517578,3240200
2015-11-12,97.14083099365234,123.80999755859376,124.97000122070312,123.05999755859376,124.18000030517578,4285700
2015-11-13,94.15150451660156,120.0,123.25,119.9000015258789,123.0999984741211,8728800
2015-11-16,94.8105697631836,120.83999633789062,121.02999877929688,118.61000061035156,120.0500030517578,7785700
2015-11-17,99.00032043457033,126.18000030517578,126.33999633789062,123.0999984741211,124.86000061035156,10517100
2015-11-18,99.2827606201172,126.54000091552734,126.7300033569336,124.66000366210938,126.44000244140624,6502000
2015-11-19,99.53385162353516,126.86000061035156,127.62000274658205,125.9499969482422,126.52999877929688,4662200
2015-11-20,102.16223907470705,130.2100067138672,130.2100067138672,127.08999633789062,127.36000061035156,8191900
2015-11-23,103.95896911621094,132.5,132.63999938964844,130.2100067138672,130.2100067138672,6329700
2015-11-24,104.8219985961914,133.60000610351562,133.92999267578125,131.74000549316406,131.92999267578125,6672700
2015-11-25,105.64583587646484,134.64999389648438,135.24000549316406,133.5500030517578,133.69000244140625,5300900
2015-11-27,105.71642303466795,134.74000549316406,135.47000122070312,134.52999877929688,134.80999755859375,3337700
2015-11-30,105.04170989990234,133.8800048828125,135.32000732421875,133.00999450683594,135.1999969482422,8057900
2015-12-01,105.94007873535156,134.42999267578125,134.6300048828125,133.25999450683594,133.52000427246094,5267600
2015-12-02,105.45148468017578,133.80999755859375,134.64999389648438,133.57000732421875,134.55999755859375,5022700
2015-12-03,103.18185424804688,130.92999267578125,134.1199951171875,130.8000030517578,133.52000427246094,6688000
2015-12-04,106.0188980102539,134.52999877929688,134.8300018310547,131.35000610351562,131.5500030517578,5387100
2015-12-07,105.54605102539062,133.92999267578125,134.7899932861328,133.19000244140625,134.0,5444300
2015-12-08,105.4751205444336,133.83999633789062,134.55999755859375,132.41000366210938,132.7100067138672,4731400
2015-12-09,103.94627380371094,131.89999389648438,134.77999877929688,131.50999450683594,133.2100067138672,5055600
2015-12-10,104.45064544677734,132.5399932861328,133.58999633789062,131.8000030517578,131.9600067138672,4185600
2015-12-11,102.7957000732422,130.44000244140625,132.5399932861328,130.30999755859375,132.5399932861328,5300800
2015-12-14,104.03297424316406,132.00999450683594,132.1300048828125,130.7100067138672,131.08999633789062,5960100
2015-12-15,103.46554565429688,131.2899932861328,133.49000549316406,131.19000244140625,132.6199951171875,4921800
2015-12-16,104.73434448242188,132.89999389648438,133.27999877929688,130.36000061035156,132.1699981689453,4711700
2015-12-17,103.51286315917967,131.35000610351562,133.5399932861328,131.0,133.05999755859375,4345800
2015-12-18,102.67747497558594,130.2899932861328,131.30999755859375,130.00999450683594,130.72999572753906,9840600
2015-12-21,103.4813003540039,131.30999755859375,131.61000061035156,130.17999267578125,131.0,3414800
2015-12-22,103.93050384521484,131.8800048828125,132.27999877929688,130.4600067138672,131.3699951171875,3401900
2015-12-23,104.89983367919922,133.11000061035156,133.33999633789062,131.8800048828125,132.49000549316406,3244800
2015-12-24,104.73434448242188,132.89999389648438,133.47999572753906,132.66000366210938,132.8000030517578,1517100
2015-12-28,104.56097412109376,132.67999267578125,132.89999389648438,131.88999938964844,132.25,2607200
2015-12-29,105.36481475830078,133.6999969482422,134.3300018310547,133.27999877929688,133.3699951171875,3037400
2015-12-30,105.08895874023438,133.35000610351562,134.05999755859375,133.27999877929688,133.5800018310547,2484700
2015-12-31,104.22213745117188,132.25,133.57000732421875,132.24000549316406,133.0800018310547,3178700
2016-01-04,103.29218292236328,131.07000732421875,131.07000732421875,129.4499969482422,130.11000061035156,8050900
2016-01-05,102.78780364990234,130.42999267578125,131.94000244140625,130.0500030517578,131.14999389648438,5320900
2016-01-06,101.72391510009766,129.0800018310547,129.89999389648438,128.55999755859375,129.0,8199600
2016-01-07,98.8238296508789,125.4000015258789,127.87999725341795,124.6999969482422,126.93000030517578,12551000
2016-01-08,97.6417236328125,123.9000015258789,126.52999877929688,123.5,126.44000244140624,7104500
2016-01-11,99.12328338623048,125.77999877929688,126.08000183105467,124.08999633789062,124.87000274658205,6811600
2016-01-12,100.4709014892578,127.48999786376952,128.8000030517578,125.83000183105467,126.77999877929688,5695700
2016-01-13,95.67156982421876,121.4000015258789,127.47000122070312,120.97000122070312,127.47000122070312,8932200
2016-01-14,94.26878356933594,119.62000274658205,121.5199966430664,118.1999969482422,121.29000091552734,13389100
2016-01-15,93.9614715576172,119.2300033569336,121.1500015258789,116.0999984741211,117.12000274658205,10515000
2016-01-19,94.37913513183594,119.76000213623048,121.88999938964844,118.8000030517578,120.54000091552734,6350700
2016-01-20,91.77848052978516,116.45999908447266,118.66000366210938,113.58999633789062,117.88999938964844,11331400
2016-01-21,94.74163055419922,120.22000122070312,121.94000244140624,117.13999938964844,117.37999725341795,8993900
2016-01-22,96.74333190917967,122.76000213623048,124.66999816894533,121.58000183105467,121.63999938964844,6554500
2016-01-25,95.91585540771484,121.70999908447266,123.8499984741211,121.55999755859376,123.37999725341795,4854700
2016-01-26,96.302001953125,122.1999969482422,122.4499969482422,120.63999938964844,121.7300033569336,4475600
2016-01-27,95.80548858642578,121.56999969482422,124.31999969482422,120.86000061035156,122.45999908447266,5431000
2016-01-28,96.36504364013672,122.27999877929688,122.69000244140624,120.30999755859376,121.97000122070312,4871600
2016-01-29,99.10753631591795,125.76000213623048,125.76000213623048,122.75,123.16999816894533,7616200
2016-02-01,99.69860076904295,126.51000213623048,127.08999633789062,123.98999786376952,124.91999816894533,4674100
2016-02-02,98.72136688232422,125.2699966430664,126.43000030517578,124.70999908447266,125.41000366210938,5832200
2016-02-03,97.55504608154295,123.79000091552734,126.16000366210938,121.54000091552734,126.0199966430664,7485700
2016-02-04,95.44303894042967,121.11000061035156,123.9000015258789,119.4499969482422,123.6500015258789,9171800
2016-02-05,91.7548599243164,116.43000030517578,121.0,115.69000244140624,120.88999938964844,8117700
2016-02-08,88.14551544189453,111.8499984741211,115.97000122070312,109.62000274658205,114.93000030517578,11286600
2016-02-09,89.72952270507812,113.86000061035156,115.29000091552734,110.68000030517578,110.94000244140624,7572900
2016-02-10,90.09991455078124,114.33000183105467,116.16000366210938,114.0500030517578,114.5,5307600
2016-02-11,89.26455688476562,113.2699966430664,114.19000244140624,112.22000122070312,113.08000183105467,6447100
2016-02-12,91.6681671142578,116.31999969482422,116.43000030517578,113.5199966430664,114.87999725341795,5361600
2016-02-16,94.11906433105467,119.43000030517578,120.0,117.6999969482422,118.12000274658205,6966400
2016-02-17,95.5218276977539,121.20999908447266,121.68000030517578,119.87000274658205,120.4499969482422,5970700
2016-02-18,94.54461669921876,119.97000122070312,121.11000061035156,119.55999755859376,120.93000030517578,4460700
2016-02-19,95.90010833740234,121.69000244140624,121.6999969482422,118.75,119.81999969482422,5435500
2016-02-22,96.8142547607422,122.8499984741211,124.47000122070312,122.12999725341795,123.0,7796900
2016-02-23,98.13822174072266,124.52999877929688,127.19000244140624,123.3499984741211,127.0,11168700
2016-02-24,98.9893035888672,125.61000061035156,125.77999877929688,122.91999816894533,124.0500030517578,7935500
2016-02-25,99.97440338134766,126.86000061035156,126.86000061035156,124.88999938964844,125.76000213623048,4738800
2016-02-26,99.50155639648438,126.26000213623048,127.75,125.93000030517578,127.58999633789062,4608200
2016-02-29,97.81510925292967,124.12000274658205,126.98999786376952,124.0500030517578,126.26000213623048,5575300
2016-03-01,99.06024932861328,125.6999969482422,125.97000122070312,123.9800033569336,124.77999877929688,4916900
2016-03-02,98.97355651855467,125.58999633789062,125.87000274658205,124.45999908447266,125.4800033569336,3967500
2016-03-03,99.92713165283205,126.8000030517578,127.26000213623048,124.77999877929688,125.1999969482422,5009700
2016-03-04,98.9499053955078,125.55999755859376,127.5,125.16000366210938,127.37000274658205,6448200
2016-03-07,99.43064880371094,126.16999816894533,126.54000091552734,125.01000213623048,125.01000213623048,4161200
2016-03-08,100.41321563720705,126.72000122070312,128.1999969482422,125.0,125.22000122070312,5280900
2016-03-09,99.86649322509766,126.02999877929688,127.5199966430664,125.33000183105467,127.02999877929688,4047000
2016-03-10,99.7555160522461,125.88999938964844,127.0,124.30999755859376,126.1999969482422,4503700
2016-03-11,101.79203033447266,128.4600067138672,128.75999450683594,126.7300033569336,126.97000122070312,4626600
2016-03-14,102.09313201904295,128.83999633789062,129.66000366210938,128.10000610351562,128.42999267578125,3653200
2016-03-15,102.78250885009766,129.7100067138672,130.47999572753906,128.6199951171875,128.77999877929688,4033900
2016-03-16,103.36884307861328,130.4499969482422,131.11000061035156,128.80999755859375,129.6300048828125,3609600
2016-03-17,103.70960235595705,130.8800048828125,131.19000244140625,129.32000732421875,130.10000610351562,4130900
2016-03-18,104.08204650878906,131.35000610351562,132.08999633789062,130.8300018310547,131.13999938964844,8069200
2016-03-21,103.81263732910156,131.00999450683594,132.1300048828125,130.27000427246094,131.52999877929688,3817000
2016-03-22,103.47982788085938,130.58999633789062,131.22000122070312,129.9199981689453,130.61000061035156,3946500
2016-03-23,103.18663024902344,130.22000122070312,131.17999267578125,129.9499969482422,130.58999633789062,3625300
2016-03-24,103.37678527832033,130.4600067138672,130.75999450683594,129.4600067138672,129.5399932861328,3448700
2016-03-28,103.86809539794922,131.0800018310547,131.80999755859375,130.49000549316406,130.60000610351562,2621100
2016-03-29,104.96951293945312,132.47000122070312,132.89999389648438,130.7100067138672,131.0,3405400
2016-03-30,105.72232818603516,133.4199981689453,133.92999267578125,132.83999633789062,133.11000061035156,3138300
2016-03-31,105.73021697998048,133.42999267578125,134.2899932861328,133.0,133.55999755859375,3685900
2016-04-01,106.8554458618164,134.85000610351562,135.1999969482422,133.10000610351562,133.10000610351562,4259400
2016-04-04,106.8554458618164,134.85000610351562,136.22999572753906,134.35000610351562,136.07000732421875,3547600
2016-04-05,106.6414794921875,134.5800018310547,135.6999969482422,133.89999389648438,134.1999969482422,4068600
2016-04-06,107.3229751586914,135.44000244140625,135.74000549316406,133.82000732421875,134.25,3364800
2016-04-07,106.07887268066406,133.8699951171875,135.24000549316406,133.1199951171875,134.72999572753906,3953700
2016-04-08,105.8808135986328,133.6199951171875,134.6199951171875,133.05999755859375,134.6199951171875,2924400
2016-04-11,105.39742279052734,133.00999450683594,135.0800018310547,132.9600067138672,133.5800018310547,3472700
2016-04-12,106.48303985595705,134.3800048828125,134.72000122070312,133.11000061035156,133.3000030517578,4251400
2016-04-13,106.05513763427734,133.83999633789062,134.86000061035156,133.22000122070312,134.86000061035156,4324800
2016-04-14,106.47510528564452,134.3699951171875,134.7100067138672,132.8800048828125,133.5,4183300
2016-04-15,106.98223876953124,135.00999450683594,135.27999877929688,133.97000122070312,134.41000366210938,3508900
2016-04-18,108.400634765625,136.8000030517578,136.8000030517578,134.74000549316406,134.80999755859375,3964300
2016-04-19,107.3229751586914,135.44000244140625,137.0,134.85000610351562,136.8000030517578,4649500
2016-04-20,107.1248550415039,135.19000244140625,136.0800018310547,134.47999572753906,135.75,4760200
2016-04-21,106.65730285644533,134.60000610351562,135.49000549316406,134.38999938964844,135.22999572753906,3542200
2016-04-22,107.49729919433594,135.66000366210938,135.67999267578125,133.41000366210938,134.85000610351562,4180900
2016-04-25,107.4893569946289,135.64999389648438,135.72999572753906,134.27999877929688,135.17999267578125,2835400
2016-04-26,107.24371337890624,135.33999633789062,136.24000549316406,134.8800048828125,135.08999633789062,3507200
2016-04-27,107.568603515625,135.75,136.27999877929688,134.75999450683594,135.3699951171875,3488100
2016-04-28,105.17554473876952,132.72999572753906,135.44000244140625,132.49000549316406,134.80999755859375,5553600
2016-04-29,106.0947494506836,133.88999938964844,134.3000030517578,131.75,132.7100067138672,4610100
2016-05-02,107.80632781982422,136.0500030517578,136.25,134.30999755859375,134.3699951171875,4284400
2016-05-03,106.60977935791016,134.5399932861328,135.83999633789062,134.0399932861328,135.4499969482422,3408700
2016-05-04,107.10108947753906,135.16000366210938,135.39999389648438,133.1300048828125,133.58999633789062,3192100
2016-05-05,106.71277618408205,134.6699981689453,135.3699951171875,133.75,134.8699951171875,3474900
2016-05-06,107.52897644042967,135.6999969482422,135.80999755859375,134.30999755859375,134.47999572753906,3356800
2016-05-09,107.95689392089844,136.24000549316406,136.47000122070312,135.24000549316406,135.58999633789062,3552300
2016-05-10,108.96322631835938,137.50999450683594,137.82000732421875,136.3000030517578,136.32000732421875,3662800
2016-05-11,106.4196319580078,134.3000030517578,137.0500030517578,134.0399932861328,136.8000030517578,6058400
2016-05-12,106.33245849609376,134.19000244140625,135.0,133.10000610351562,135.0,5355600
2016-05-13,105.4925308227539,133.1300048828125,135.3300018310547,133.02999877929688,133.80999755859375,5295800
2016-05-16,107.24371337890624,135.33999633789062,136.5500030517578,133.0800018310547,133.83999633789062,8394800
2016-05-17,104.5971221923828,132.0,134.49000549316406,131.10000610351562,133.14999389648438,15989600
2016-05-18,104.41484832763672,131.77000427246094,132.77000427246094,130.02000427246094,131.02999877929688,8258900
2016-05-19,104.38314819335938,131.72999572753906,132.1300048828125,130.77999877929688,131.4499969482422,4577200
2016-05-20,104.47826385498048,131.85000610351562,133.05999755859375,131.75,131.88999938964844,5089800
2016-05-23,104.13748931884766,131.4199981689453,132.47999572753906,131.3000030517578,131.83999633789062,3854500
2016-05-24,105.6747817993164,133.36000061035156,133.8699951171875,132.0500030517578,132.17999267578125,5181500
2016-05-25,105.5479965209961,133.1999969482422,134.52000427246094,133.0500030517578,133.4600067138672,5017500
2016-05-26,106.22152709960938,134.0500030517578,134.36000061035156,132.86000061035156,133.1300048828125,3996800
2016-05-27,106.13436126708984,133.94000244140625,134.89999389648438,133.3800048828125,134.07000732421875,4025300
2016-05-31,105.23431396484376,132.1199951171875,133.8000030517578,131.72000122070312,133.57000732421875,6366900
2016-06-01,105.0033187866211,131.8300018310547,132.1199951171875,131.14999389648438,132.1199951171875,4744300
2016-06-02,105.4652862548828,132.41000366210938,132.6999969482422,131.3300018310547,131.85000610351562,3858500
2016-06-03,104.93164825439452,131.74000549316406,132.72999572753906,130.9199981689453,132.52999877929688,4155900
2016-06-06,102.90055084228516,129.19000244140625,130.8699951171875,128.47000122070312,130.82000732421875,8051700
2016-06-07,103.48200225830078,129.9199981689453,130.8000030517578,129.32000732421875,129.3800048828125,4434000
2016-06-08,103.2191390991211,129.58999633789062,130.2899932861328,129.25,130.00999450683594,3742400
2016-06-09,102.98817443847656,129.3000030517578,129.83999633789062,129.0399932861328,129.27000427246094,3450500
2016-06-10,102.6137924194336,128.8300018310547,129.22999572753906,128.2100067138672,128.4499969482422,3926000
2016-06-13,101.81729888916016,127.83000183105467,129.4499969482422,127.79000091552734,128.94000244140625,4830900
2016-06-14,99.7543487548828,125.23999786376952,127.44000244140624,124.70999908447266,127.30999755859376,7303500
2016-06-15,100.78184509277344,126.52999877929688,127.75,125.48999786376952,125.73999786376952,5140000
2016-06-16,101.44297790527344,127.36000061035156,127.54000091552734,125.66000366210938,126.0500030517578,4431800
2016-06-17,101.26770782470705,127.13999938964844,127.77999877929688,126.7300033569336,127.5199966430664,7541900
2016-06-20,101.6500473022461,127.62000274658205,128.85000610351562,127.41999816894533,128.1300048828125,3880300
2016-06-21,101.7456283569336,127.73999786376952,128.30999755859375,127.29000091552734,127.95999908447266,3600900
2016-06-22,101.63410949707033,127.5999984741211,128.97000122070312,127.4000015258789,127.69000244140624,3723700
2016-06-23,102.1836929321289,128.2899932861328,129.10000610351562,127.4499969482422,128.97999572753906,4784500
2016-06-24,100.67830657958984,126.4000015258789,127.8000030517578,125.5,126.0999984741211,8979800
2016-06-27,99.30032348632812,124.66999816894533,125.75,123.62000274658205,125.33999633789062,5656900
2016-06-28,101.57835388183594,127.52999877929688,127.52999877929688,125.5999984741211,125.88999938964844,5385000
2016-06-29,101.450927734375,127.37000274658205,128.47000122070312,126.9000015258789,127.9000015258789,5782100
2016-06-30,101.70581817626952,127.69000244140624,127.86000061035156,126.0999984741211,127.2699966430664,6642000
2016-07-01,103.24304962158205,129.6199951171875,130.22999572753906,128.1199951171875,128.2899932861328,5645200
2016-07-05,103.02801513671876,129.35000610351562,130.47999572753906,128.5,129.60000610351562,4096600
2016-07-06,104.79624938964844,131.57000732421875,131.61000061035156,129.02999877929688,129.1999969482422,4933200
2016-07-07,104.46969604492188,131.16000366210938,132.17999267578125,130.55999755859375,131.25,3973600
2016-07-08,107.00254821777344,134.33999633789062,134.36000061035156,132.25,132.3300018310547,4806200
2016-07-11,107.64771270751952,135.14999389648438,135.8800048828125,134.4499969482422,134.8300018310547,4577000
2016-07-12,107.40082550048828,134.83999633789062,135.99000549316406,134.3000030517578,135.24000549316406,3615800
2016-07-13,106.38128662109376,133.55999755859375,135.1999969482422,133.10000610351562,134.83999633789062,4235500
2016-07-14,107.16183471679688,134.5399932861328,134.7899932861328,133.8300018310547,134.39999389648438,3122300
2016-07-15,107.35299682617188,134.77999877929688,135.58999633789062,134.64999389648438,135.1199951171875,5323000
2016-07-18,108.59554290771484,136.33999633789062,136.47999572753906,134.80999755859375,135.4600067138672,3730900
2016-07-19,109.10529327392578,136.97999572753906,137.0500030517578,135.55999755859375,136.07000732421875,3831500
2016-07-20,109.44783020019533,137.41000366210938,137.4499969482422,136.77000427246094,137.39999389648438,3092000
2016-07-21,108.38050079345705,136.07000732421875,137.13999938964844,135.47000122070312,136.75999450683594,4938100
2016-07-22,108.73897552490234,136.52000427246094,136.63999938964844,135.9600067138672,136.41000366210938,2627200
2016-07-25,108.72303009033205,136.5,136.85000610351562,136.14999389648438,136.5500030517578,3352600
2016-07-26,108.92213439941406,136.75,137.50999450683594,136.05999755859375,136.5,2575600
2016-07-27,108.57167053222656,136.30999755859375,137.69000244140625,135.9600067138672,137.00999450683594,3030800
2016-07-28,109.8859405517578,137.9600067138672,138.1199951171875,136.10000610351562,136.19000244140625,3230000
2016-07-29,110.10894012451172,138.24000549316406,138.72000122070312,137.44000244140625,137.4600067138672,3662600
2016-08-01,110.53107452392578,138.77000427246094,138.94000244140625,137.85000610351562,138.05999755859375,3157800
2016-08-02,109.29652404785156,137.22000122070312,139.0,136.82000732421875,138.91000366210938,3898100
2016-08-03,109.1690444946289,137.05999755859375,137.22000122070312,135.6999969482422,137.1300048828125,3642600
2016-08-04,108.36457824707033,136.0500030517578,137.1999969482422,135.4600067138672,135.7899932861328,3802900
2016-08-05,109.049560546875,136.91000366210938,137.74000549316406,136.60000610351562,137.0,3022100
2016-08-08,108.49202728271484,136.2100067138672,137.39999389648438,136.16000366210938,136.91000366210938,3182800
2016-08-09,108.41236877441406,136.11000061035156,137.08999633789062,135.33999633789062,136.27000427246094,3180400
2016-08-10,108.00617218017578,135.60000610351562,136.88999938964844,135.05999755859375,136.3000030517578,3438000
2016-08-11,109.15313720703124,137.0399932861328,137.5,135.1699981689453,136.30999755859375,4183300
2016-08-12,108.7787857055664,136.57000732421875,137.38999938964844,135.6300048828125,136.0,4090000
2016-08-15,109.1690444946289,137.05999755859375,137.97000122070312,136.92999267578125,137.11000061035156,6327400
2016-08-16,108.50794219970705,136.22999572753906,138.64999389648438,135.66000366210938,137.64999389648438,7286100
2016-08-17,108.44422149658205,136.14999389648438,136.47000122070312,134.75,135.5,5222200
2016-08-18,107.36897277832033,134.8000030517578,136.14999389648438,134.44000244140625,136.02999877929688,4430800
2016-08-19,107.8946533203125,135.4600067138672,135.75999450683594,134.32000732421875,134.4199981689453,3959000
2016-08-22,107.7990493774414,135.33999633789062,135.85000610351562,135.02000427246094,135.60000610351562,2752500
2016-08-23,108.4999771118164,136.22000122070312,136.5500030517578,135.92999267578125,135.92999267578125,2961100
2016-08-24,107.57604217529295,135.05999755859375,136.25,134.80999755859375,135.77000427246094,4113000
2016-08-25,107.87078094482422,135.42999267578125,136.16000366210938,134.3699951171875,134.72999572753906,3168900
2016-08-26,107.01850128173828,134.36000061035156,136.17999267578125,133.9199981689453,135.42999267578125,4193400
2016-08-29,107.71941375732422,135.24000549316406,135.3000030517578,134.5800018310547,134.86000061035156,3227700
2016-08-30,107.35913848876952,134.10000610351562,135.0500030517578,133.6300048828125,134.8000030517578,3440600
2016-08-31,107.37516021728516,134.1199951171875,134.67999267578125,133.60000610351562,133.88999938964844,4650600
2016-09-01,107.46324920654295,134.22999572753906,135.05999755859375,133.66000366210938,134.47999572753906,3851800
2016-09-02,108.1997528076172,135.14999389648438,135.8800048828125,134.5500030517578,134.77000427246094,3402600
2016-09-06,107.35913848876952,134.10000610351562,135.72000122070312,133.8800048828125,134.9600067138672,4220400
2016-09-07,106.31037139892578,132.7899932861328,133.8699951171875,132.16000366210938,133.3000030517578,4676000
2016-09-08,105.0854721069336,131.25999450683594,132.94000244140625,131.1199951171875,131.5500030517578,5019600
2016-09-09,102.26739501953124,127.73999786376952,130.88999938964844,127.7300033569336,130.63999938964844,6315000
2016-09-12,102.94790649414062,128.58999633789062,128.85000610351562,126.0,126.5,7882600
2016-09-13,100.65018463134766,125.72000122070312,128.0,125.43000030517578,127.73999786376952,6376300
2016-09-14,101.08253479003906,126.26000213623048,126.9499969482422,125.56999969482422,125.61000061035156,4313900
2016-09-15,101.64292907714844,126.95999908447266,127.63999938964844,125.70999908447266,125.97000122070312,5100700
2016-09-16,100.96244049072266,126.11000061035156,127.0199966430664,125.6999969482422,127.0199966430664,6941200
2016-09-19,101.1065444946289,126.29000091552734,127.37000274658205,126.16999816894533,126.68000030517578,4525400
2016-09-20,101.53887939453124,126.83000183105467,127.33000183105467,126.33000183105467,126.86000061035156,3627100
2016-09-21,102.56360626220705,128.11000061035156,128.58999633789062,126.5500030517578,127.5199966430664,5367400
2016-09-22,103.07600402832033,128.75,129.64999389648438,128.72000122070312,128.82000732421875,4099700
2016-09-23,102.30743408203124,127.79000091552734,129.1999969482422,127.79000091552734,128.6300048828125,4464700
2016-09-26,100.43402862548828,125.4499969482422,127.2300033569336,125.3499984741211,127.0999984741211,5338500
2016-09-27,101.53083801269533,126.81999969482422,126.98999786376952,125.36000061035156,125.8000030517578,4433600
2016-09-28,102.69170379638672,128.27000427246094,128.52999877929688,127.05999755859376,127.20999908447266,5751100
2016-09-29,102.41950988769533,127.93000030517578,130.74000549316406,127.91000366210938,128.5,5987500
2016-09-30,103.01995849609376,128.67999267578125,129.24000549316406,127.62999725341795,127.87000274658205,6044600
2016-10-03,102.87584686279295,128.5,128.82000732421875,127.97000122070312,128.1999969482422,3652700
2016-10-04,102.63567352294922,128.1999969482422,129.9199981689453,127.9499969482422,128.52999877929688,4848600
2016-10-05,102.13928985595705,127.58000183105467,129.02999877929688,127.5199966430664,128.32000732421875,4115400
2016-10-06,104.22882843017578,130.19000244140625,130.4499969482422,126.43000030517578,126.87000274658205,7472400
2016-10-07,102.72374725341795,128.30999755859375,130.41000366210938,127.87999725341795,129.8300018310547,5511900
2016-10-10,101.87511444091795,127.25,128.94000244140625,127.25,128.4499969482422,4349700
2016-10-11,100.75426483154295,125.8499984741211,127.08000183105467,125.45999908447266,126.8499984741211,5113900
2016-10-12,101.4267578125,126.69000244140624,127.16000366210938,125.70999908447266,125.8499984741211,3545900
2016-10-13,101.1065444946289,126.29000091552734,126.66000366210938,125.16999816894533,126.25,3655700
2016-10-14,101.21061706542967,126.41999816894533,127.55999755859376,126.41999816894533,126.9000015258789,4462100
2016-10-17,100.18586730957033,125.13999938964844,126.8000030517578,124.87999725341795,126.18000030517578,3753000
2016-10-18,100.66620635986328,125.73999786376952,126.25,125.1500015258789,126.1500015258789,3563300
2016-10-19,100.78628540039062,125.88999938964844,126.08999633789062,124.51000213623048,125.76000213623048,4094800
2016-10-20,101.07451629638672,126.25,127.08000183105467,125.56999969482422,125.9499969482422,3543200
2016-10-21,101.35472869873048,126.5999984741211,126.8000030517578,125.25,125.30999755859376,3234100
2016-10-24,102.29942321777344,127.77999877929688,128.13999938964844,127.2300033569336,127.2300033569336,3824800
2016-10-25,98.74478149414062,123.33999633789062,126.2699966430664,123.29000091552734,126.2699966430664,8731900
2016-10-26,98.24042510986328,122.70999908447266,123.75,122.4000015258789,122.83000183105467,5456100
2016-10-27,97.88014221191406,122.26000213623048,123.45999908447266,121.8499984741211,122.70999908447266,4261600
2016-10-28,98.93693542480467,123.58000183105467,124.08999633789062,122.20999908447266,122.6999969482422,4497700
2016-10-31,97.68001556396484,122.01000213623048,123.5,121.62000274658205,123.3499984741211,5671500
2016-11-01,95.98274230957033,119.88999938964844,122.25,119.1999969482422,121.69000244140624,7492600
2016-11-02,96.302978515625,120.29000091552734,121.29000091552734,119.81999969482422,119.93000030517578,4846000
2016-11-03,96.21492767333984,120.18000030517578,120.93000030517578,120.08000183105467,120.33999633789062,5113500
2016-11-04,96.79937744140624,120.91000366210938,121.9000015258789,120.05999755859376,120.54000091552734,4607600
2016-11-07,99.07302856445312,123.75,123.9800033569336,122.30999755859376,122.5,5510400
2016-11-08,99.47331237792967,124.25,125.41999816894533,123.5999984741211,123.9499969482422,6105900
2016-11-09,100.89035034179688,126.0199966430664,126.26000213623048,120.31999969482422,120.9499969482422,8052500
2016-11-10,103.30016326904295,129.02999877929688,130.10000610351562,126.51000213623048,126.72000122070312,8737000
2016-11-11,103.95662689208984,129.85000610351562,130.1300048828125,128.72000122070312,129.05999755859375,5496100
2016-11-14,102.21134948730467,127.66999816894533,130.63999938964844,126.94000244140624,130.5,11438500
2016-11-15,99.59342956542967,124.4000015258789,127.66999816894533,122.91999816894533,127.06999969482422,13445400
2016-11-16,100.3379898071289,125.33000183105467,125.6999969482422,123.27999877929688,123.5999984741211,9793400
2016-11-17,103.2200927734375,128.92999267578125,129.13999938964844,125.6999969482422,125.87000274658205,6801200
2016-11-18,102.73974609375,128.3300018310547,129.36000061035156,127.72000122070312,128.92999267578125,4428900
2016-11-21,102.6516571044922,128.22000122070312,128.89999389648438,127.41000366210938,128.27999877929688,4072100
2016-11-22,104.86131286621094,130.97999572753906,131.3000030517578,128.3800048828125,128.3800048828125,5535800
2016-11-23,105.04544830322266,131.2100067138672,131.99000549316406,130.86000061035156,131.36000061035156,3582700
2016-11-25,105.33366394042967,131.57000732421875,132.13999938964844,131.07000732421875,131.86000061035156,2545800
2016-11-28,104.58909606933594,130.63999938964844,131.64999389648438,130.1699981689453,131.25,4859000
2016-11-29,104.32350158691406,129.6199951171875,130.77999877929688,129.25,130.35000610351562,4127100
2016-11-30,104.14644622802734,129.39999389648438,130.32000732421875,128.80999755859375,129.33999633789062,6973800
2016-12-01,104.20276641845705,129.47000122070312,130.35000610351562,129.0,129.33999633789062,5398700
2016-12-02,104.52471160888672,129.8699951171875,130.6199951171875,128.91000366210938,129.0399932861328,3738300
2016-12-05,104.37181091308594,129.67999267578125,130.4600067138672,129.55999755859375,130.32000732421875,4065400
2016-12-06,103.61524963378906,128.74000549316406,130.13999938964844,128.67999267578125,130.1300048828125,4292600
2016-12-07,106.60926055908205,132.4600067138672,133.05999755859375,128.75,128.75,6987300
2016-12-08,106.66559600830078,132.52999877929688,133.1300048828125,131.5800018310547,132.2100067138672,4975400
2016-12-09,107.35777282714844,133.38999938964844,133.39999389648438,131.10000610351562,132.50999450683594,5174600
2016-12-12,108.31548309326172,134.5800018310547,134.66000366210938,133.1300048828125,133.1300048828125,6276500
2016-12-13,109.89301300048828,136.5399932861328,136.88999938964844,134.5500030517578,134.5500030517578,6886300
2016-12-14,109.4422836303711,135.97999572753906,136.8800048828125,135.75,136.0500030517578,7036300
2016-12-15,109.3296127319336,135.83999633789062,137.32000732421875,135.77000427246094,136.50999450683594,5839800
2016-12-16,108.74208068847656,135.11000061035156,136.61000061035156,135.0500030517578,136.11000061035156,9429300
2016-12-19,109.0076904296875,135.44000244140625,136.5,134.7899932861328,135.05999755859375,3463600
2016-12-20,110.35176849365234,137.11000061035156,137.24000549316406,135.42999267578125,135.64999389648438,4301500
2016-12-21,110.12642669677734,136.8300018310547,137.24000549316406,136.55999755859375,136.92999267578125,2704700
2016-12-22,108.9996566772461,135.42999267578125,137.0,135.17999267578125,136.25,4094800
2016-12-23,108.69379425048828,135.0500030517578,135.99000549316406,134.7899932861328,135.64999389648438,2337300
2016-12-27,108.86280822753906,135.25999450683594,135.72000122070312,134.7100067138672,134.75999450683594,2254900
2016-12-28,108.70989990234376,135.07000732421875,135.86000061035156,134.66000366210938,135.57000732421875,3369400
2016-12-29,108.73405456542967,135.10000610351562,135.85000610351562,134.6300048828125,135.02000427246094,2777900
2016-12-30,107.91312408447266,134.0800018310547,135.82000732421875,133.8300018310547,135.63999938964844,4149100
2017-01-03,108.09822082519533,134.30999755859375,135.50999450683594,133.58999633789062,135.10000610351562,5299700
2017-01-04,109.05596160888672,135.5,135.94000244140625,134.2100067138672,134.33999633789062,4055300
2017-01-05,107.76822662353516,133.89999389648438,135.4600067138672,133.77999877929688,134.97999572753906,3821100
2017-01-06,107.47044372558594,133.52999877929688,134.3300018310547,133.0500030517578,133.97000122070312,3827500
2017-01-09,108.09822082519533,134.30999755859375,134.75999450683594,133.13999938964844,133.22000122070312,4310200
2017-01-10,109.53887939453124,136.10000610351562,136.3800048828125,133.77000427246094,134.0,5928300
2017-01-11,109.21693420410156,135.6999969482422,136.38999938964844,134.74000549316406,136.10000610351562,4643700
2017-01-12,108.70989990234376,135.07000732421875,135.52999877929688,133.94000244140625,135.50999450683594,3600000
2017-01-13,108.68573760986328,135.0399932861328,135.75,134.75999450683594,134.9199981689453,3117600
2017-01-17,109.4020767211914,135.92999267578125,136.47999572753906,134.75999450683594,135.08999633789062,3976900
2017-01-18,109.58718872070312,136.16000366210938,136.2899932861328,134.9199981689453,135.89999389648438,3869700
2017-01-19,108.96741485595705,135.38999938964844,136.77999877929688,134.92999267578125,136.0,5078700
2017-01-20,109.136474609375,135.60000610351562,136.0,134.60000610351562,135.25999450683594,4853900
2017-01-23,111.12442779541016,138.07000732421875,138.27000427246094,135.0,135.30999755859375,7056200
2017-01-24,111.11634826660156,138.05999755859375,138.3800048828125,137.3000030517578,137.8800048828125,4055100
2017-01-25,110.64952850341795,137.47999572753906,139.3699951171875,137.42999267578125,138.4499969482422,3631700
2017-01-26,111.43828582763672,138.4600067138672,139.17999267578125,137.7100067138672,138.00999450683594,2931200
2017-01-27,111.33365631103516,138.3300018310547,138.8300018310547,137.6999969482422,138.8000030517578,3149500
2017-01-30,111.44635772705078,138.47000122070312,138.49000549316406,136.86000061035156,137.99000549316406,2705000
2017-01-31,110.73005676269533,137.5800018310547,138.6199951171875,136.85000610351562,137.6300048828125,3227000
2017-02-01,110.6173324584961,137.44000244140625,137.9600067138672,136.52999877929688,137.66000366210938,2968800
2017-02-02,110.22295379638672,136.9499969482422,137.5500030517578,136.55999755859375,137.47000122070312,2197600
2017-02-03,111.05197143554688,137.97999572753906,138.47000122070312,136.97000122070312,137.25999450683594,2654700
2017-02-06,109.852783203125,136.49000549316406,137.89999389648438,136.4499969482422,137.42999267578125,3864100
2017-02-07,109.98152160644533,136.64999389648438,137.6999969482422,136.3300018310547,137.16000366210938,3242000
2017-02-08,110.97149658203124,137.8800048828125,137.91000366210938,136.82000732421875,136.88999938964844,2882700
2017-02-09,111.63948059082033,138.7100067138672,139.14999389648438,137.41000366210938,137.8800048828125,2931900
2017-02-10,112.55705261230467,139.85000610351562,140.57000732421875,138.25,138.60000610351562,3297000
2017-02-13,112.57310485839844,139.8699951171875,140.64999389648438,139.0500030517578,140.47999572753906,2753000
2017-02-14,113.7723388671875,141.36000061035156,141.3699951171875,139.33999633789062,139.9499969482422,4775800
2017-02-15,114.44035339355467,142.19000244140625,142.66000366210938,140.9499969482422,141.27000427246094,4343500
2017-02-16,113.91722106933594,141.5399932861328,142.99000549316406,140.89999389648438,142.38999938964844,4295800
2017-02-17,115.09225463867188,143.0,143.1199951171875,141.0,141.36000061035156,5108400
2017-02-21,116.7180633544922,145.02000427246094,145.64999389648438,143.25,145.60000610351562,9275900
2017-02-22,116.90316009521484,145.25,145.47000122070312,143.97000122070312,145.0500030517578,5037800
2017-02-23,116.46857452392578,144.7100067138672,146.3300018310547,144.50999450683594,146.11000061035156,4184000
2017-02-24,117.46656036376952,145.9499969482422,146.0800018310547,144.64999389648438,144.64999389648438,3516900
2017-02-27,116.94342041015624,145.3000030517578,146.00999450683594,144.8000030517578,145.8699951171875,4388400
2017-02-28,116.62950897216795,144.91000366210938,145.6300048828125,144.47000122070312,144.97999572753906,4211900
2017-03-01,118.05411529541016,146.67999267578125,147.6999969482422,145.88999938964844,146.72000122070312,6213500
2017-03-02,119.07624053955078,147.9499969482422,148.22999572753906,146.38999938964844,147.0800018310547,4053400
2017-03-03,118.9635009765625,147.80999755859375,148.25999450683594,146.82000732421875,147.9499969482422,3412300
2017-03-06,118.41625213623048,147.1300048828125,147.50999450683594,146.5800018310547,147.1300048828125,3998000
2017-03-07,118.23815155029295,146.02000427246094,146.9499969482422,145.8300018310547,146.3300018310547,3996300
2017-03-08,118.96692657470705,146.9199981689453,147.1199951171875,145.9199981689453,146.22000122070312,3614500
2017-03-09,118.7239990234375,146.6199951171875,147.16000366210938,146.52999877929688,147.0800018310547,3594000
2017-03-10,118.91022491455078,146.85000610351562,147.4600067138672,146.4499969482422,147.24000549316406,3123200
2017-03-13,119.3798828125,147.42999267578125,147.6699981689453,146.5,147.3300018310547,2933300
2017-03-14,119.16122436523438,147.16000366210938,147.58999633789062,146.4600067138672,147.27000427246094,3272500
2017-03-15,119.8009262084961,147.9499969482422,148.3800048828125,146.75999450683594,147.35000610351562,3670500
2017-03-16,120.43252563476562,148.72999572753906,149.19000244140625,148.00999450683594,148.39999389648438,3544500
2017-03-17,121.13699340820312,149.60000610351562,149.99000549316406,148.1300048828125,149.39999389648438,9002000
2017-03-20,119.67948150634766,147.8000030517578,149.58999633789062,147.6999969482422,149.3800048828125,5906100
2017-03-21,118.7158660888672,146.61000061035156,148.6999969482422,146.25999450683594,148.3300018310547,4530000
2017-03-22,119.32318878173828,147.36000061035156,147.92999267578125,146.05999755859375,146.72999572753906,3169000
2017-03-23,119.83331298828124,147.99000549316406,148.41000366210938,147.02999877929688,147.27999877929688,3219400
2017-03-24,119.60655212402344,147.7100067138672,150.14999389648438,147.00999450683594,147.85000610351562,4735400
2017-03-27,118.92642211914062,146.8699951171875,147.67999267578125,146.25999450683594,147.07000732421875,2943000
2017-03-28,119.1936492919922,147.1999969482422,147.35000610351562,145.94000244140625,147.2899932861328,4635600
2017-03-29,119.06407165527344,147.0399932861328,147.4199981689453,145.9600067138672,146.3699951171875,3730000
2017-03-30,118.9912109375,146.9499969482422,147.3800048828125,146.42999267578125,146.72000122070312,2450800
2017-03-31,118.89403533935548,146.8300018310547,147.17999267578125,146.64999389648438,146.8699951171875,3248700
2017-04-03,118.7239990234375,146.6199951171875,147.1999969482422,146.08999633789062,146.94000244140625,3775300
2017-04-04,118.4972686767578,146.33999633789062,146.89999389648438,146.0500030517578,146.5,3124200
2017-04-05,118.74019622802734,146.63999938964844,148.44000244140625,146.5800018310547,146.6300048828125,3390400
2017-04-06,119.22602081298828,147.24000549316406,147.9600067138672,147.0,147.0399932861328,2699100
2017-04-07,119.13693237304688,147.1300048828125,147.8000030517578,146.89999389648438,147.10000610351562,2869100
2017-04-10,120.011474609375,148.2100067138672,149.0,146.75,146.9600067138672,5044500
2017-04-11,120.00336456298828,148.1999969482422,148.64999389648438,147.10000610351562,147.91000366210938,2844800
2017-04-12,118.6591796875,146.5399932861328,147.57000732421875,146.3699951171875,147.4199981689453,4445600
2017-04-13,118.14905548095705,145.91000366210938,147.00999450683594,145.8699951171875,146.4199981689453,2346900
2017-04-17,119.2826690673828,147.30999755859375,147.30999755859375,145.75999450683594,145.89999389648438,3467700
2017-04-18,119.64710235595705,147.75999450683594,148.17999267578125,146.77000427246094,147.05999755859375,2969400
2017-04-19,119.20982360839844,147.22000122070312,148.39999389648438,147.02000427246094,147.92999267578125,3461000
2017-04-20,120.4244155883789,148.72000122070312,149.0500030517578,147.44000244140625,147.66000366210938,3700500
2017-04-21,121.46087646484376,150.0,150.14999389648438,148.39999389648438,148.49000549316406,5019900
2017-04-24,122.99130249023438,151.88999938964844,152.05999755859375,150.85000610351562,151.0800018310547,5077200
2017-04-25,123.9144287109375,153.02999877929688,154.64999389648438,152.7899932861328,152.7899932861328,5496500
2017-04-26,124.8780288696289,154.22000122070312,154.80999755859375,152.39999389648438,153.11000061035156,5120200
2017-04-27,126.41654205322266,156.1199951171875,156.27000427246094,153.88999938964844,154.69000244140625,5881400
2017-04-28,126.4002914428711,156.10000610351562,156.25,154.10000610351562,156.00999450683594,4983000
2017-05-01,124.86988830566406,154.2100067138672,156.27000427246094,154.2100067138672,156.22000122070312,3152900
2017-05-02,125.46907043457033,154.9499969482422,155.16000366210938,153.75999450683594,154.49000549316406,3295100
2017-05-03,125.50962829589844,155.0,155.38999938964844,154.58999633789062,155.16000366210938,2445500
2017-05-04,125.39620971679688,154.86000061035156,155.63999938964844,154.25999450683594,155.4600067138672,3793100
2017-05-05,126.1006851196289,155.72999572753906,155.75,154.08999633789062,155.33999633789062,2500600
2017-05-08,127.0399932861328,156.88999938964844,157.16000366210938,155.49000549316406,155.85000610351562,3184600
2017-05-09,127.6796875,157.67999267578125,157.74000549316406,156.2899932861328,157.0399932861328,3004400
2017-05-10,128.04405212402344,158.1300048828125,158.14999389648438,157.3000030517578,157.52000427246094,2617600
2017-05-11,126.48127746582033,156.1999969482422,157.6999969482422,155.3300018310547,157.35000610351562,3929100
2017-05-12,127.06429290771484,156.9199981689453,157.1999969482422,155.75,156.38999938964844,2926400
2017-05-15,127.39627075195312,157.3300018310547,157.83999633789062,156.66000366210938,157.27999877929688,6068900
2017-05-16,128.1493377685547,158.25999450683594,160.86000061035156,158.0500030517578,160.11000061035156,10120900
2017-05-17,126.39221954345705,156.08999633789062,158.25999450683594,155.88999938964844,158.25999450683594,5937000
2017-05-18,126.07638549804688,155.6999969482422,156.6699981689453,155.24000549316406,155.47999572753906,4858600
2017-05-19,126.56224822998048,156.3000030517578,156.74000549316406,155.32000732421875,156.0399932861328,4781800
2017-05-22,126.28691864013672,155.9600067138672,157.0,155.8000030517578,156.49000549316406,3802100
2017-05-23,125.3719253540039,154.8300018310547,156.42999267578125,154.67999267578125,155.91000366210938,4640900
2017-05-24,125.50962829589844,155.0,155.42999267578125,153.2899932861328,154.6999969482422,4558700
2017-05-25,126.69184112548828,156.4600067138672,156.69000244140625,155.35000610351562,156.1999969482422,3110800
2017-05-26,125.42860412597656,154.89999389648438,156.4199981689453,154.63999938964844,156.10000610351562,4284700
2017-05-30,125.32274627685548,153.8800048828125,154.55999755859375,153.52000427246094,154.0,3504300
2017-05-31,125.02139282226562,153.50999450683594,154.3800048828125,153.27999877929688,154.36000061035156,7158400
2017-06-01,126.3570556640625,155.14999389648438,155.16000366210938,152.74000549316406,153.52000427246094,3385100
2017-06-02,126.51998138427734,155.35000610351562,155.86000061035156,154.4199981689453,154.7899932861328,3485600
2017-06-05,126.06385803222656,154.7899932861328,155.6199951171875,154.22999572753906,155.52999877929688,2651800
2017-06-06,125.58332061767578,154.1999969482422,154.66000366210938,153.64999389648438,154.44000244140625,3260300
2017-06-07,126.20233917236328,154.9600067138672,155.3000030517578,154.35000610351562,154.69000244140625,3159000
2017-06-08,125.0132827758789,153.5,155.22999572753906,153.3800048828125,154.9600067138672,4041600
2017-06-09,124.57347106933594,152.9600067138672,154.0,152.77999877929688,154.0,4705300
2017-06-12,123.93822479248048,152.17999267578125,153.3000030517578,151.72999572753906,152.8000030517578,4473900
2017-06-13,125.41231536865234,153.99000549316406,154.0399932861328,152.05999755859375,152.30999755859375,3753800
2017-06-14,127.66827392578124,156.75999450683594,157.27999877929688,153.9600067138672,154.5,5999400
2017-06-15,127.67638397216795,156.77000427246094,157.27000427246094,154.9199981689453,156.1300048828125,3972300
2017-06-16,127.5705108642578,156.63999938964844,156.69000244140625,155.41000366210938,156.25,9105400
2017-06-19,129.33782958984375,158.80999755859375,159.02999877929688,156.38999938964844,156.91000366210938,5196100
2017-06-20,128.40939331054688,157.6699981689453,159.22000122070312,157.60000610351562,158.72999572753906,4201200
2017-06-21,127.52984619140624,156.58999633789062,158.52999877929688,156.42999267578125,157.91000366210938,4071300
2017-06-22,126.62581634521484,155.47999572753906,157.07000732421875,155.47000122070312,156.44000244140625,3347400
2017-06-23,123.2296905517578,151.30999755859375,155.22999572753906,150.91000366210938,155.16000366210938,11422200
2017-06-26,123.31928253173828,151.4199981689453,151.97000122070312,151.1300048828125,151.6699981689453,4128500
2017-06-27,123.98711395263672,152.24000549316406,153.25,150.75,151.05999755859375,4567100
2017-06-28,124.7933578491211,153.22999572753906,153.4499969482422,152.36000061035156,152.75,5087000
2017-06-29,123.92198181152344,152.16000366210938,153.0,151.52000427246094,152.77000427246094,2855400
2017-06-30,124.93179321289062,153.39999389648438,154.0,152.27000427246094,152.50999450683594,3640900
2017-07-03,125.42864990234376,154.00999450683594,154.7899932861328,153.7100067138672,154.38999938964844,1658500
2017-07-05,124.35363006591795,152.69000244140625,154.2899932861328,151.4600067138672,154.00999450683594,4432500
2017-07-06,123.83236694335938,152.0500030517578,152.47999572753906,151.22000122070312,151.77000427246094,3408500
2017-07-07,123.97891998291016,152.22999572753906,152.8699951171875,151.89999389648438,152.0399932861328,3775400
2017-07-10,123.1238250732422,151.17999267578125,152.25999450683594,151.0,152.22000122070312,5081100
2017-07-11,122.65142822265624,150.60000610351562,151.80999755859375,150.5,151.4499969482422,5642000
2017-07-12,124.27214050292967,152.58999633789062,153.13999938964844,151.08999633789062,151.4600067138672,4275900
2017-07-13,124.84220886230467,153.2899932861328,154.1300048828125,152.60000610351562,152.82000732421875,3288000
2017-07-14,124.50833129882812,152.8800048828125,153.6699981689453,151.82000732421875,153.22000122070312,3588400
2017-07-17,125.33090209960938,153.88999938964844,154.5,152.72000122070312,152.89999389648438,4166600
2017-07-18,123.93006134033205,152.1699981689453,153.86000061035156,151.97999572753906,153.75,3783600
2017-07-19,124.85039520263672,153.3000030517578,154.0,152.5500030517578,152.5500030517578,2808400
2017-07-20,119.74396514892578,147.02999877929688,152.57000732421875,145.61000061035156,152.55999755859375,18264100
2017-07-21,119.43449401855467,146.64999389648438,147.4600067138672,146.1300048828125,147.02999877929688,9120200
2017-07-24,117.7486343383789,144.5800018310547,146.69000244140625,144.25,146.61000061035156,7295900
2017-07-25,119.69512176513672,146.97000122070312,147.39999389648438,145.27999877929688,145.74000549316406,5002400
2017-07-26,119.46707916259766,146.69000244140625,147.25,145.9600067138672,146.86000061035156,2836000
2017-07-27,120.3140869140625,147.72999572753906,147.86000061035156,145.88999938964844,146.17999267578125,5399000
2017-07-28,120.59912109375,148.0800018310547,148.27000427246094,147.32000732421875,147.89999389648438,3421100
2017-07-31,121.83702850341795,149.60000610351562,149.97999572753906,147.5399932861328,148.0,5253300
2017-08-01,122.0406494140625,149.85000610351562,150.38999938964844,148.9499969482422,150.24000549316406,4110600
2017-08-02,122.57003784179688,150.5,150.86000061035156,149.9199981689453,149.94000244140625,3754200
2017-08-03,122.80615997314452,150.7899932861328,152.02999877929688,150.5,150.6999969482422,5146600
2017-08-04,124.4024658203125,152.75,152.75,150.8000030517578,151.00999450683594,3258600
2017-08-07,124.89109802246094,153.35000610351562,154.47000122070312,152.47000122070312,152.8300018310547,3833600
2017-08-08,124.89109802246094,153.35000610351562,154.1999969482422,153.0800018310547,153.32000732421875,3218900
2017-08-09,126.44661712646484,155.25999450683594,155.57000732421875,153.32000732421875,153.35000610351562,3844900
2017-08-10,125.32274627685548,153.8800048828125,155.97999572753906,153.8800048828125,155.19000244140625,4433700
2017-08-11,126.13713836669922,154.8800048828125,155.72000122070312,153.97999572753906,154.11000061035156,3650500
2017-08-14,125.63221740722656,154.25999450683594,156.0500030517578,153.55999755859375,156.0399932861328,6662500
2017-08-15,122.30130004882812,150.1699981689453,154.8000030517578,148.25999450683594,154.27999877929688,13528700
2017-08-16,123.99526977539062,152.25,152.9499969482422,151.16000366210938,151.4499969482422,6043900
2017-08-17,121.89403533935548,149.6699981689453,152.14999389648438,149.61000061035156,151.80999755859375,4460900
2017-08-18,120.11862182617188,147.49000549316406,149.61000061035156,146.9600067138672,149.61000061035156,6989100
2017-08-21,121.5112762451172,149.1999969482422,149.8800048828125,146.88999938964844,147.10000610351562,4222500
2017-08-22,122.08951568603516,149.91000366210938,150.5800018310547,149.2899932861328,149.2899932861328,3268100
2017-08-23,121.4298095703125,149.10000610351562,149.47999572753906,147.42999267578125,148.5800018310547,5235400
2017-08-24,120.73756408691406,148.25,150.60000610351562,147.97999572753906,149.72999572753906,3736000
2017-08-25,121.8777313232422,149.64999389648438,150.52999877929688,148.39999389648438,148.50999450683594,3048000
2017-08-28,123.29478454589844,151.38999938964844,152.38999938964844,150.42999267578125,151.94000244140625,6845400
2017-08-29,122.754150390625,149.83999633789062,150.89999389648438,149.02999877929688,150.07000732421875,5368700
2017-08-30,122.8852081298828,150.0,150.25,149.27999877929688,150.0,3641000
2017-08-31,122.77873229980467,149.8699951171875,150.92999267578125,149.85000610351562,150.61000061035156,6083300
2017-09-01,123.52420806884766,150.77999877929688,150.94000244140625,149.75999450683594,150.25999450683594,3383000
2017-09-05,125.28553009033205,152.92999267578125,153.9199981689453,151.6999969482422,151.7100067138672,7488800
2017-09-06,128.25942993164062,156.55999755859375,157.02999877929688,154.14999389648438,154.86000061035156,8126000
2017-09-07,129.38177490234375,157.92999267578125,159.27999877929688,156.7899932861328,158.1699981689453,8273100
2017-09-08,130.79904174804688,159.66000366210938,160.69000244140625,157.52000427246094,159.08999633789062,10088600
2017-09-11,129.7422332763672,158.3699951171875,158.74000549316406,156.22000122070312,158.4199981689453,8847900
2017-09-12,131.0038604736328,159.91000366210938,160.92999267578125,158.7100067138672,159.05999755859375,5794600
2017-09-13,131.09396362304688,160.02000427246094,161.3800048828125,159.5500030517578,160.38999938964844,4713700
2017-09-14,130.56964111328125,159.3800048828125,160.85000610351562,159.3300018310547,160.35000610351562,5290800
2017-09-15,129.7667999267578,158.39999389648438,159.99000549316406,158.2899932861328,159.97999572753906,9124200
2017-09-18,129.28346252441406,157.80999755859375,159.0,157.69000244140625,159.0,4010600
2017-09-19,129.16058349609375,157.66000366210938,158.32000732421875,157.16000366210938,157.8000030517578,3713400
2017-09-20,129.99618530273438,158.67999267578125,159.38999938964844,157.36000061035156,157.57000732421875,4599200
2017-09-21,130.41403198242188,159.19000244140625,159.55999755859375,158.72000122070312,158.8699951171875,3082100
2017-09-22,131.05300903320312,159.97000122070312,160.08999633789062,159.00999450683594,159.13999938964844,3576500
2017-09-25,131.97872924804688,161.10000610351562,161.42999267578125,159.75,160.0500030517578,4897700
2017-09-26,132.10984802246094,161.25999450683594,162.0,160.7899932861328,161.5500030517578,3222600
2017-09-27,131.83128356933594,160.9199981689453,161.69000244140625,160.13999938964844,161.3800048828125,3966200
2017-09-28,133.01095581054688,162.36000061035156,162.4499969482422,160.66000366210938,160.72000122070312,4614100
2017-09-29,133.99404907226562,163.55999755859375,163.61000061035156,162.14999389648438,162.5,3467400
2017-10-02,134.37094116210938,164.02000427246094,164.25,163.22000122070312,164.1999969482422,2721400
2017-10-03,135.31298828125,165.1699981689453,165.27999877929688,164.0,164.05999755859375,3046400
2017-10-04,135.41136169433594,165.2899932861328,166.0800018310547,164.91000366210938,165.49000549316406,2746500
2017-10-05,136.09127807617188,166.1199951171875,166.25,164.25999450683594,165.07000732421875,3504900
2017-10-06,135.87014770507812,165.85000610351562,166.6300048828125,165.74000549316406,166.17999267578125,2916300
2017-10-09,135.75538635253906,165.7100067138672,166.6300048828125,165.4199981689453,166.13999938964844,2131800
2017-10-10,135.30482482910156,165.16000366210938,165.8000030517578,164.63999938964844,165.6999969482422,2755400
2017-10-11,135.3785400390625,165.25,165.8699951171875,164.4499969482422,165.19000244140625,2319300
2017-10-12,134.8378448486328,164.58999633789062,165.41000366210938,164.47000122070312,165.41000366210938,3397800
2017-10-13,134.73953247070312,164.47000122070312,166.07000732421875,164.35000610351562,164.9199981689453,3259000
2017-10-16,134.53472900390625,164.22000122070312,164.6699981689453,163.25999450683594,164.47000122070312,2586700
2017-10-17,133.82199096679688,163.35000610351562,164.9199981689453,161.50999450683594,164.22000122070312,4189200
2017-10-18,133.90396118164062,163.4499969482422,164.24000549316406,163.35000610351562,163.4199981689453,2757900
2017-10-19,133.73191833496094,163.24000549316406,164.11000061035156,162.77000427246094,163.5,2676100
2017-10-20,133.88754272460938,163.42999267578125,164.14999389648438,162.74000549316406,163.97000122070312,4166500
2017-10-23,134.96080017089844,164.74000549316406,166.27000427246094,163.75,164.0399932861328,3995100
2017-10-24,136.01754760742188,166.02999877929688,166.4600067138672,164.64999389648438,164.6699981689453,3686700
2017-10-25,136.05035400390625,166.07000732421875,166.9499969482422,165.3800048828125,166.11000061035156,4189400
2017-10-26,137.34471130371094,167.64999389648438,167.94000244140625,166.11000061035156,166.38999938964844,3750500
2017-10-27,137.0907745361328,167.33999633789062,167.75,166.4600067138672,166.8000030517578,3720400
2017-10-30,135.42770385742188,165.30999755859375,166.99000549316406,164.8800048828125,166.99000549316406,3906300
2017-10-31,135.81271362304688,165.77999877929688,166.33999633789062,165.10000610351562,165.39999389648438,2922400
2017-11-01,135.48504638671875,165.3800048828125,166.74000549316406,165.1199951171875,166.4199981689453,3568300
2017-11-02,133.29769897460938,162.7100067138672,165.00999450683594,160.52999877929688,165.00999450683594,6518900
2017-11-03,134.67404174804688,164.38999938964844,164.99000549316406,162.67999267578125,163.00999450683594,3080900
2017-11-06,134.53472900390625,164.22000122070312,164.8800048828125,163.00999450683594,164.8000030517578,3275500
2017-11-07,134.07601928710938,163.66000366210938,164.39999389648438,162.8300018310547,164.08999633789062,3198100
2017-11-08,134.3954620361328,164.0500030517578,164.67999267578125,163.27000427246094,163.33999633789062,2912900
2017-11-09,133.75648498535156,163.27000427246094,164.13999938964844,162.27999877929688,164.10000610351562,3405200
2017-11-10,134.4446563720703,164.11000061035156,164.5800018310547,162.92999267578125,163.33999633789062,3554900
2017-11-13,135.4604949951172,165.35000610351562,166.63999938964844,164.25,164.63999938964844,7189300
2017-11-14,137.68063354492188,168.05999755859375,168.13999938964844,163.14999389648438,163.6199951171875,10284000
2017-11-15,135.55877685546875,165.47000122070312,167.44000244140625,165.35000610351562,167.44000244140625,5534500
2017-11-16,137.2218475341797,167.5,167.75999450683594,166.05999755859375,166.67999267578125,4587900
2017-11-17,137.41844177246094,167.74000549316406,168.42999267578125,166.05999755859375,167.0,4530100
2017-11-20,139.6386260986328,170.4499969482422,170.69000244140625,167.8000030517578,168.13999938964844,4699900
2017-11-21,141.61294555664062,172.86000061035156,172.86000061035156,170.14999389648438,170.52999877929688,6229000
2017-11-22,140.95755004882812,172.05999755859375,172.94000244140625,172.0399932861328,172.88999938964844,4133500
2017-11-24,141.1787567138672,172.3300018310547,173.10000610351562,171.74000549316406,172.11000061035156,1853600
2017-11-27,142.67791748046875,174.16000366210938,174.91000366210938,172.3800048828125,172.8699951171875,4539100
2017-11-28,144.6522979736328,176.57000732421875,176.77000427246094,172.99000549316406,174.88999938964844,6049000
2017-11-29,145.9450225830078,177.25,178.42999267578125,175.67999267578125,176.57000732421875,4902200
2017-11-30,148.06109619140625,179.82000732421875,180.6699981689453,177.41000366210938,178.07000732421875,9180700
2017-12-01,148.5550994873047,180.4199981689453,180.6000061035156,176.6999969482422,180.32000732421875,4683400
2017-12-04,152.24388122558594,184.8999938964844,186.3099975585937,183.19000244140625,183.19000244140625,6193800
2017-12-05,150.55599975585938,182.8500061035156,184.9100036621093,182.259994506836,182.72000122070312,6347600
2017-12-06,148.8680419921875,180.8000030517578,182.1499938964844,178.67999267578125,180.25,6892500
2017-12-07,149.8560791015625,182.0,182.5800018310547,179.77000427246094,180.0500030517578,5484300
2017-12-08,151.01707458496094,183.4100036621093,183.8999938964844,182.1600036621093,182.5,5092100
2017-12-11,150.0619354248047,182.25,182.9600067138672,181.1199951171875,181.8600006103516,6038900
2017-12-12,149.69140625,181.8000030517578,183.2100067138672,181.6600036621093,182.75,5275500
2017-12-13,150.70420837402344,183.02999877929688,183.6699981689453,182.0,182.009994506836,5177400
2017-12-14,149.96310424804688,182.1300048828125,184.0,182.0599975585937,183.58999633789065,3542500
2017-12-15,150.3336181640625,182.5800018310547,183.2100067138672,182.1300048828125,182.9900054931641,8202200
2017-12-18,152.10397338867188,184.72999572753903,185.47000122070312,183.5,183.5,5011900
2017-12-19,153.13316345214844,185.97999572753903,186.72000122070312,184.6000061035156,185.2400054931641,4576300
2017-12-20,154.22824096679688,187.3099975585937,187.8999938964844,186.0399932861328,187.0,5383700
2017-12-21,154.86224365234375,188.0800018310547,188.83999633789065,187.44000244140625,187.88999938964844,5859100
2017-12-22,154.90345764160156,188.1300048828125,188.4600067138672,187.2700042724609,188.4600067138672,3256600
2017-12-26,156.73959350585938,190.3600006103516,190.4199981689453,188.33999633789065,188.52999877929688,2969200
2017-12-27,156.59963989257812,190.19000244140625,191.4900054931641,190.009994506836,190.6000061035156,5912600
2017-12-28,156.2620086669922,189.77999877929688,190.97999572753903,189.63999938964844,190.9100036621093,3175700
2017-12-29,156.05618286132812,189.52999877929688,190.7400054931641,189.52999877929688,190.7400054931641,4637800
2018-01-02,154.8210906982422,188.02999877929688,190.72000122070312,188.009994506836,190.2100067138672,4684700
2018-01-03,155.62802124023438,189.009994506836,189.3600006103516,187.82000732421875,188.0,4530500
2018-01-04,156.86309814453125,190.509994506836,190.8699951171875,188.47000122070312,189.8699951171875,4047400
2018-01-05,158.50160217285156,192.5,192.5399932861328,190.509994506836,190.92999267578125,4224800
2018-01-08,158.1228790283203,192.0399932861328,193.72000122070312,191.6000061035156,191.72000122070312,3508500
2018-01-09,158.99563598632812,193.1000061035156,193.47000122070312,191.63999938964844,192.6999969482422,3012300
2018-01-10,157.92527770996094,191.8000030517578,193.22000122070312,191.6499938964844,192.759994506836,3119500
2018-01-11,160.29660034179688,194.67999267578125,194.72999572753903,191.3999938964844,191.67999267578125,3899200
2018-01-12,161.7293243408203,196.4199981689453,199.4199981689453,194.82000732421875,195.5,6748400
2018-01-16,161.6387176513672,196.3099975585937,198.9499969482422,195.6999969482422,197.8600006103516,5692700
2018-01-17,164.52879333496094,199.82000732421875,199.82000732421875,196.83999633789065,197.5,3996100
2018-01-18,163.3019256591797,198.3300018310547,200.2400054931641,197.6600036621093,199.77999877929688,4474600
2018-01-19,165.77210998535156,201.3300018310547,201.3300018310547,199.1300048828125,199.8099975585937,5809600
2018-01-22,168.3493194580078,204.4600067138672,204.47000122070312,201.509994506836,201.6000061035156,4857700
2018-01-23,168.7115936279297,204.8999938964844,206.3500061035156,204.1499938964844,204.88999938964844,3621700
2018-01-24,169.7984619140625,206.22000122070312,207.1000061035156,204.5500030517578,205.1999969482422,4370700
2018-01-25,169.09860229492188,205.3699951171875,206.8300018310547,203.83999633789065,206.8000030517578,3537700
2018-01-26,170.6300506591797,207.22999572753903,207.3099975585937,204.44000244140625,205.6000061035156,3778100
2018-01-29,168.72805786132812,204.9199981689453,207.6100006103516,204.7100067138672,207.22999572753903,3632900
2018-01-30,166.16732788085938,201.8099975585937,203.1499938964844,191.57000732421875,201.47000122070312,5979600
2018-01-31,165.4180908203125,200.8999938964844,205.0800018310547,200.22999572753903,203.22000122070312,4547300
2018-02-01,164.5946807861328,199.8999938964844,202.25,198.27999877929688,199.33999633789065,3553800
2018-02-02,159.7119903564453,193.97000122070312,199.3000030517578,193.44000244140625,199.25,6179000
2018-02-05,150.77008056640625,183.1100006103516,194.3000030517578,180.3800048828125,190.07000732421875,10618500
2018-02-06,157.29949951171875,191.0399932861328,191.9600067138672,175.4199981689453,178.6199951171875,11682700
2018-02-07,157.50534057617188,191.2899932861328,194.5200042724609,189.72000122070312,190.72999572753903,6016800
2018-02-08,149.21383666992188,181.22000122070312,191.13999938964844,180.92999267578125,191.13999938964844,7241800
2018-02-09,151.60165405273438,184.1199951171875,186.0,175.7899932861328,183.25,9059200
2018-02-12,151.55226135253906,184.0599975585937,187.009994506836,183.4100036621093,186.5500030517578,6783700
2018-02-13,151.27230834960938,183.72000122070312,183.9900054931641,180.88999938964844,183.22999572753903,4273800
2018-02-14,152.0709991455078,184.69000244140625,185.0599975585937,181.0500030517578,181.8800048828125,6767000
2018-02-15,152.54856872558594,185.2700042724609,187.19000244140625,183.259994506836,186.7400054931641,5113300
2018-02-16,153.9483184814453,186.97000122070312,187.9900054931641,184.8600006103516,185.0599975585937,7619200
2018-02-20,153.73428344726562,186.7100067138672,191.44000244140625,186.3099975585937,189.8999938964844,8922100
2018-02-21,150.72885131835938,183.0599975585937,187.97999572753903,182.8600006103516,187.2100067138672,7527200
2018-02-22,152.7132110595703,185.47000122070312,186.22000122070312,182.9100036621093,183.72000122070312,5653900
2018-02-23,155.08456420898438,188.3500061035156,188.4100036621093,185.6199951171875,186.1999969482422,4315400
2018-02-26,155.17515563964844,188.4600067138672,189.7899932861328,187.8600006103516,189.1699981689453,4648000
2018-02-27,152.3097686767578,184.97999572753903,189.25,184.9600067138672,188.8699951171875,4618800
2018-02-28,150.07839965820312,182.2700042724609,186.6499938964844,182.2700042724609,184.4100036621093,6419900
2018-03-01,147.9129638671875,179.63999938964844,184.3999938964844,178.25,182.75,6123900
2018-03-02,146.94126892089844,178.4600067138672,179.19000244140625,176.33999633789062,177.72000122070312,5671000
2018-03-05,149.6420135498047,181.7400054931641,182.259994506836,177.6999969482422,177.86000061035156,5748600
2018-03-06,149.55967712402344,181.63999938964844,183.0,179.50999450683594,182.75,5306800
2018-03-07,147.878662109375,178.5800018310547,180.0,176.82000732421875,178.82000732421875,4799200
2018-03-08,147.34869384765625,177.94000244140625,179.97999572753906,176.72999572753906,179.44000244140625,4750700
2018-03-09,150.8432159423828,182.1600036621093,182.2400054931641,177.9199981689453,179.0,4477200
2018-03-12,148.81436157226562,179.7100067138672,183.0599975585937,179.5500030517578,182.42999267578125,4993300
2018-03-13,147.6881866455078,178.35000610351562,180.9499969482422,177.86000061035156,179.58999633789062,6128100
2018-03-14,146.90982055664062,177.41000366210938,179.66000366210938,175.88999938964844,179.10000610351562,4531500
2018-03-15,147.45639038085938,178.07000732421875,179.86000061035156,176.72000122070312,177.69000244140625,3936700
2018-03-16,148.19334411621094,178.9600067138672,180.3999938964844,177.97000122070312,178.42999267578125,8410900
2018-03-19,146.65310668945312,177.10000610351562,179.32000732421875,176.0,178.64999389648438,4744500
2018-03-20,147.5308837890625,178.16000366210938,178.88999938964844,177.16000366210938,177.63999938964844,4148300
2018-03-21,147.4149627685547,178.02000427246094,180.13999938964844,177.67999267578125,178.35000610351562,3494400
2018-03-22,145.15426635742188,175.2899932861328,178.55999755859375,175.0800018310547,177.4199981689453,5255100
2018-03-23,142.26426696777344,171.8000030517578,177.05999755859375,171.55999755859375,176.24000549316406,6021300
2018-03-26,146.05685424804688,176.3800048828125,176.8000030517578,173.52000427246094,174.11000061035156,7323600
2018-03-27,144.6491241455078,174.67999267578125,178.72999572753906,173.60000610351562,177.3800048828125,4713900
2018-03-28,144.71539306640625,174.75999450683594,177.52999877929688,173.9199981689453,175.24000549316406,4318600
2018-03-29,147.5971221923828,178.24000549316406,178.63999938964844,175.5,175.6999969482422,4423500
2018-04-02,143.17510986328125,172.89999389648438,177.69000244140625,170.4199981689453,177.14999389648438,7229300
2018-04-03,143.88731384277344,173.75999450683594,174.94000244140625,172.42999267578125,172.77999877929688,5283300
2018-04-04,146.93466186523438,177.44000244140625,177.83999633789062,170.4199981689453,170.8000030517578,4757300
2018-04-05,148.33409118652344,179.1300048828125,180.0399932861328,177.30999755859375,178.0,3799900
2018-04-06,144.45867919921875,174.4499969482422,178.52000427246094,173.35000610351562,177.97999572753906,5236900
2018-04-09,142.8522491455078,172.50999450683594,175.35000610351562,172.3699951171875,175.05999755859375,5079800
2018-04-10,143.66371154785156,173.49000549316406,174.19000244140625,172.24000549316406,174.02999877929688,4783000
2018-04-11,143.1420135498047,172.86000061035156,175.05999755859375,171.8000030517578,172.0,4228400
2018-04-12,143.5560760498047,173.36000061035156,174.24000549316406,172.89999389648438,173.30999755859375,3396700
2018-04-13,143.0923309326172,172.8000030517578,175.50999450683594,172.22999572753906,174.49000549316406,4311200
2018-04-16,144.44215393066406,174.42999267578125,175.60000610351562,173.32000732421875,174.22999572753906,3534200
2018-04-17,144.839599609375,174.91000366210938,176.24000549316406,174.10000610351562,175.75999450683594,3106500
2018-04-18,148.93031311035156,179.85000610351562,180.25,174.99000549316406,175.0,5858900
2018-04-19,146.6365966796875,177.0800018310547,179.6999969482422,175.77000427246094,179.5,5407300
2018-04-20,146.5785675048828,177.00999450683594,178.88999938964844,176.32000732421875,177.85000610351562,5008600
2018-04-23,147.1168212890625,177.66000366210938,178.3800048828125,176.1300048828125,177.6199951171875,2987700
2018-04-24,145.95748901367188,176.25999450683594,180.0,175.0500030517578,179.3000030517578,4435400
2018-04-25,146.89324951171875,177.38999938964844,178.07000732421875,174.5500030517578,176.0800018310547,5587300
2018-04-26,153.79116821289062,185.72000122070312,185.92999267578125,178.0800018310547,178.4600067138672,8782500
2018-04-27,154.40396118164062,186.4600067138672,187.0399932861328,183.8699951171875,185.4900054931641,4382400
2018-04-30,153.02932739257812,184.8000030517578,187.8000030517578,184.8000030517578,186.9900054931641,4173200
2018-05-01,152.8885955810547,184.6300048828125,184.72999572753903,181.3999938964844,184.72999572753903,3423900
2018-05-02,153.9485321044922,185.9100036621093,187.1199951171875,183.75,184.4900054931641,3866500
2018-05-03,151.6960906982422,183.19000244140625,184.8999938964844,181.1999969482422,184.8699951171875,4123900
2018-05-04,153.2197723388672,185.02999877929688,186.3500061035156,181.83999633789065,182.75,3896200
2018-05-07,152.0024871826172,183.5599975585937,185.5,182.6699981689453,185.3999938964844,3582300
2018-05-08,153.2280731201172,185.0399932861328,185.3000030517578,182.5,183.4499969482422,4168200
2018-05-09,154.32115173339844,186.3600006103516,186.5,183.57000732421875,185.02999877929688,3392300
2018-05-10,154.98361206054688,187.1600036621093,187.97000122070312,185.8800048828125,185.97000122070312,3850100
2018-05-11,157.59205627441406,190.3099975585937,190.8000030517578,187.3500061035156,187.6300048828125,5355100
2018-05-14,158.22964477539062,191.0800018310547,191.6499938964844,189.8600006103516,191.5,7035900
2018-05-15,155.6626434326172,187.97999572753903,189.69000244140625,186.1000061035156,189.5,10147000
2018-05-16,154.33767700195312,186.3800048828125,189.27999877929688,185.8999938964844,189.27999877929688,5044800
2018-05-17,153.46820068359375,185.3300018310547,187.17999267578125,184.8699951171875,186.25,4227700
2018-05-18,155.19888305664062,187.4199981689453,188.2100067138672,185.5500030517578,185.75,4697900
2018-05-21,157.1614227294922,189.7899932861328,190.6699981689453,188.0,188.1999969482422,4147800
2018-05-22,154.74346923828125,186.8699951171875,190.77999877929688,186.5200042724609,190.0599975585937,4585600
2018-05-23,154.5778350830078,186.6699981689453,187.32000732421875,184.97999572753903,187.1000061035156,7387400
2018-05-24,154.97531127929688,187.1499938964844,187.4100036621093,184.6699981689453,186.7899932861328,3941300
2018-05-25,154.72689819335938,186.8500061035156,187.8300018310547,186.0500030517578,186.7100067138672,2730400
2018-05-29,153.1949462890625,185.0,186.8300018310547,184.25,185.5500030517578,4725500
2018-05-30,155.79299926757812,187.08999633789065,187.8000030517578,184.009994506836,184.8300018310547,3976000
2018-05-31,155.34332275390625,186.5500030517578,187.3600006103516,185.25,187.1600036621093,4839900
2018-06-01,156.00953674316406,187.3500061035156,188.8300018310547,186.5200042724609,187.2100067138672,3706200
2018-06-04,159.3486785888672,191.3600006103516,191.5399932861328,187.97000122070312,188.22000122070312,4103300
2018-06-05,159.83164978027344,191.94000244140625,192.3800048828125,189.6999969482422,190.44000244140625,4231300
2018-06-06,161.2056884765625,193.58999633789065,193.58999633789065,191.2100067138672,193.07000732421875,4134700
2018-06-07,163.35409545898438,196.1699981689453,197.1999969482422,193.8300018310547,193.8300018310547,4378700
2018-06-08,165.15272521972656,198.3300018310547,198.5,195.009994506836,195.8699951171875,4006200
2018-06-11,166.24365234375,199.63999938964844,200.5200042724609,198.33999633789065,198.9100036621093,4243000
2018-06-12,167.63427734375,201.3099975585937,201.33999633789065,199.509994506836,199.83999633789065,4616700
2018-06-13,166.80152893066406,200.3099975585937,201.5800018310547,199.6600036621093,201.3000030517578,5128100
2018-06-14,166.26856994628906,199.6699981689453,201.0,198.1600036621093,200.259994506836,4305900
2018-06-15,166.99307250976562,200.5399932861328,201.6000061035156,198.5,198.9499969482422,7820900
2018-06-18,167.1179656982422,200.69000244140625,200.9100036621093,198.1100006103516,198.94000244140625,3396300
2018-06-19,165.88558959960938,199.2100067138672,199.8999938964844,198.1000061035156,198.2100067138672,5501100
2018-06-20,165.77731323242188,199.0800018310547,200.1300048828125,198.1199951171875,200.0,3389600
2018-06-21,166.80152893066406,200.3099975585937,200.94000244140625,198.6100006103516,199.2100067138672,4695100
2018-06-22,164.3866424560547,197.4100036621093,201.1999969482422,197.1699981689453,200.7899932861328,6785800
2018-06-25,163.52896118164062,196.3800048828125,197.83999633789065,195.0599975585937,197.4100036621093,5127200
2018-06-26,163.5123291015625,196.3600006103516,197.3300018310547,195.6000061035156,196.5800018310547,3270600
2018-06-27,162.396484375,195.0200042724609,197.9900054931641,195.009994506836,196.6600036621093,3771700
2018-06-28,162.55467224121094,195.2100067138672,196.009994506836,193.509994506836,195.0,2994000
2018-06-29,162.46307373046875,195.1000061035156,198.8300018310547,194.9900054931641,195.8600006103516,4106600
2018-07-02,161.563720703125,194.0200042724609,194.17999267578125,192.1199951171875,193.82000732421875,3822800
2018-07-03,161.23062133789062,193.6199951171875,195.7100067138672,193.4100036621093,194.44000244140625,1608400
2018-07-05,161.8885040283203,194.4100036621093,194.7400054931641,193.1300048828125,194.4900054931641,3040600
2018-07-06,161.9468231201172,194.47999572753903,195.3500061035156,192.9499969482422,194.5800018310547,2552400
2018-07-09,163.27914428710938,196.0800018310547,196.7100067138672,195.02999877929688,195.6999969482422,2575100
2018-07-10,164.55319213867188,197.6100006103516,197.759994506836,196.3800048828125,196.5599975585937,2842400
2018-07-11,164.0036163330078,196.9499969482422,197.759994506836,195.9499969482422,197.22000122070312,3309300
2018-07-12,164.83633422851562,197.9499969482422,198.47999572753903,197.0,198.1999969482422,2709200
2018-07-13,165.4525604248047,198.69000244140625,199.92999267578125,198.4600067138672,198.4600067138672,2308100
2018-07-16,165.61074829101562,198.8800048828125,199.22000122070312,197.88999938964844,199.13999938964844,2530500
2018-07-17,167.4593963623047,201.1000061035156,201.42999267578125,198.6300048828125,198.6300048828125,4662800
2018-07-18,167.35110473632812,200.97000122070312,201.9199981689453,200.19000244140625,201.0200042724609,3787800
2018-07-19,168.73345947265625,202.6300048828125,203.22999572753903,200.5500030517578,200.88999938964844,3691100
2018-07-20,168.5835418701172,202.4499969482422,203.759994506836,201.82000732421875,202.0800018310547,3564100
2018-07-23,168.4003448486328,202.22999572753903,203.38999938964844,201.8999938964844,202.4600067138672,2264300
2018-07-24,168.20050048828125,201.9900054931641,204.25,201.3500061035156,203.52999877929688,5058100
2018-07-25,167.37606811523438,201.0,202.2899932861328,199.07000732421875,201.3999938964844,4382700
2018-07-26,166.04376220703125,199.3999938964844,202.1199951171875,198.9100036621093,201.52999877929688,4280000
2018-07-27,164.1618194580078,197.13999938964844,200.4900054931641,196.67999267578125,200.2100067138672,3871200
2018-07-30,164.2783966064453,197.27999877929688,197.57000732421875,196.3999938964844,196.52999877929688,2331100
2018-07-31,164.47825622558594,197.5200042724609,198.02999877929688,196.8699951171875,197.69000244140625,2795900
2018-08-01,163.46234130859375,196.3000030517578,197.7400054931641,195.6000061035156,196.8600006103516,3086800
2018-08-02,162.9293975830078,195.6600036621093,195.83999633789065,193.5500030517578,195.1000061035156,3543500
2018-08-03,162.9127655029297,195.63999938964844,196.3999938964844,195.25,196.02999877929688,2309000
2018-08-06,162.95437622070312,195.69000244140625,196.0599975585937,195.1100006103516,195.6199951171875,2515700
2018-08-07,164.08689880371094,197.0500030517578,197.1999969482422,195.63999938964844,196.3500061035156,3052500
2018-08-08,164.89463806152344,198.0200042724609,198.9100036621093,197.3000030517578,197.44000244140625,2176700
2018-08-09,164.9446258544922,198.0800018310547,199.7400054931641,198.0399932861328,199.0,2466000
2018-08-10,163.46234130859375,196.3000030517578,197.92999267578125,195.63999938964844,197.33999633789065,2873000
2018-08-13,161.66366577148438,194.13999938964844,197.58999633789065,194.0,196.3000030517578,5294400
2018-08-14,160.79766845703125,193.1000061035156,195.97999572753903,191.2700042724609,195.1699981689453,11488000
2018-08-15,161.5387420654297,193.9900054931641,194.17999267578125,191.08999633789065,191.75,6049300
2018-08-16,162.70457458496094,195.38999938964844,196.08999633789065,193.72000122070312,194.0200042724609,5690100
2018-08-17,162.84609985351562,195.5599975585937,195.97999572753903,194.82000732421875,195.6000061035156,3885800
2018-08-20,164.81967163085938,197.92999267578125,198.44000244140625,195.3999938964844,195.83999633789065,2956700
2018-08-21,166.73487854003906,200.22999572753903,200.7400054931641,198.4100036621093,198.8300018310547,4124600
2018-08-22,165.68568420410156,198.97000122070312,203.5500030517578,198.6499938964844,200.8000030517578,5007000
2018-08-23,166.67665100097656,200.1600036621093,201.4100036621093,199.13999938964844,199.38999938964844,3595000
2018-08-24,167.62594604492188,201.3000030517578,202.5,200.0,200.3500061035156,3054300
2018-08-27,168.1921844482422,201.97999572753903,202.9499969482422,201.19000244140625,202.8300018310547,2521300
2018-08-28,168.18386840820312,201.97000122070312,202.4199981689453,200.6300048828125,202.3000030517578,3516300
2018-08-29,168.80320739746094,201.67999267578125,201.9900054931641,200.7100067138672,201.1100006103516,2488000
2018-08-30,166.77772521972656,199.259994506836,201.44000244140625,199.1000061035156,201.0,2825400
2018-08-31,168.04159545898438,200.7700042724609,200.9100036621093,199.2899932861328,199.3800048828125,4023300
2018-09-04,171.64894104003906,205.0800018310547,205.9199981689453,200.5,200.69000244140625,4612800
2018-09-05,170.87057495117188,204.1499938964844,206.6699981689453,203.1499938964844,204.8300018310547,3667100
2018-09-06,172.32691955566406,205.88999938964844,207.08999633789065,203.8000030517578,204.58999633789065,3490400
2018-09-07,172.61151123046875,206.22999572753903,207.22999572753903,205.42999267578125,205.4499969482422,3672700
2018-09-10,176.34445190429688,210.69000244140625,211.6199951171875,208.1300048828125,208.1300048828125,5586600
2018-09-11,178.9893341064453,213.8500061035156,214.6600036621093,211.5,213.0,5969500
2018-09-12,177.42416381835938,211.97999572753903,215.42999267578125,210.9100036621093,214.02999877929688,5660100
2018-09-13,175.30657958984375,209.4499969482422,211.44000244140625,208.6999969482422,211.44000244140625,4701100
2018-09-14,174.98858642578125,209.07000732421875,210.52999877929688,207.5500030517578,210.19000244140625,3622400
2018-09-17,174.4277801513672,208.3999938964844,210.0399932861328,208.259994506836,209.0800018310547,3074700
2018-09-18,176.62063598632812,211.0200042724609,211.72999572753903,208.1600036621093,208.6300048828125,4338500
2018-09-19,177.17303466796875,211.67999267578125,212.6699981689453,210.6600036621093,212.0,2579100
2018-09-20,176.65414428710938,211.0599975585937,212.6100006103516,211.009994506836,211.6600036621093,4020800
2018-09-21,177.76734924316406,212.38999938964844,212.6600036621093,210.509994506836,211.3000030517578,9749200
2018-09-24,174.08456420898438,207.9900054931641,211.83999633789065,207.9600067138672,211.5200042724609,4623700
2018-09-25,173.64102172851562,207.4600067138672,209.3000030517578,206.8000030517578,208.83999633789065,4443300
2018-09-26,173.69122314453125,207.5200042724609,209.13999938964844,207.22999572753903,208.5800018310547,2965800
2018-09-27,173.12210083007812,206.83999633789065,207.8300018310547,205.6699981689453,207.5,3218800
2018-09-28,173.3815155029297,207.1499938964844,208.8500061035156,206.3500061035156,206.44000244140625,3966100
2018-10-01,173.7581329345703,207.6000061035156,209.7899932861328,207.3699951171875,208.5200042724609,3670500
2018-10-02,171.3727264404297,204.75,208.0399932861328,204.6699981689453,207.4900054931641,4428000
2018-10-03,170.5273895263672,203.7400054931641,206.4600067138672,203.6499938964844,206.1600036621093,4162500
2018-10-04,166.43455505371094,198.8500061035156,203.759994506836,198.2700042724609,203.6499938964844,5996200
2018-10-05,164.36721801757812,196.3800048828125,199.6999969482422,194.57000732421875,199.07000732421875,5016600
2018-10-08,166.06626892089844,198.4100036621093,198.6600036621093,195.0599975585937,196.2400054931641,3731800
2018-10-09,163.83985900878906,195.75,199.17999267578125,195.5800018310547,197.9499969482422,4466800
2018-10-10,162.1240997314453,193.6999969482422,199.2400054931641,193.3500061035156,199.1100006103516,6157900
2018-10-11,158.80960083007812,189.7400054931641,196.6699981689453,188.47000122070312,193.7100067138672,5831400
2018-10-12,161.0946044921875,192.47000122070312,193.58999633789065,190.1600036621093,192.75,5450200
2018-10-15,160.0064697265625,191.1699981689453,193.2899932861328,190.6999969482422,192.3600006103516,3642800
2018-10-16,162.0236358642578,193.5800018310547,194.0800018310547,190.6100006103516,191.8300018310547,4057400
2018-10-17,154.98455810546875,185.1699981689453,190.6699981689453,183.97999572753903,189.63999938964844,8985700
2018-10-18,151.02566528320312,180.44000244140625,185.3999938964844,179.52999877929688,184.259994506836,9262000
2018-10-19,150.53182983398438,179.85000610351562,180.9900054931641,178.57000732421875,180.33999633789065,7004300
2018-10-22,149.61114501953125,178.75,181.3999938964844,177.55999755859375,180.82000732421875,4866700
2018-10-23,149.42701721191406,178.52999877929688,179.49000549316406,175.44000244140625,175.77000427246094,7004900
2018-10-24,148.12127685546875,176.97000122070312,182.3699951171875,176.30999755859375,178.5800018310547,6791700
2018-10-25,149.87896728515625,179.07000732421875,180.5,176.8300018310547,177.52000427246094,5228000
2018-10-26,144.1539764404297,172.22999572753906,177.33999633789062,170.91000366210938,176.8800048828125,9472200
2018-10-29,144.9658660888672,173.1999969482422,175.99000549316406,170.9499969482422,173.74000549316406,5918400
2018-10-30,147.5102996826172,176.24000549316406,176.42999267578125,172.63999938964844,173.16000366210938,5657100
2018-10-31,147.2090606689453,175.8800048828125,178.85000610351562,175.58999633789062,177.97999572753906,6339500
2018-11-01,151.04238891601562,180.4600067138672,180.8600006103516,175.89999389648438,176.83999633789062,5225300
2018-11-02,150.5987548828125,179.92999267578125,183.009994506836,177.38999938964844,182.47000122070312,4730600
2018-11-05,152.49037170410156,182.19000244140625,182.4100036621093,179.3000030517578,181.0200042724609,3885300
2018-11-06,152.3397216796875,182.009994506836,182.6499938964844,180.0500030517578,181.92999267578125,3338800
2018-11-07,156.70877075195312,187.22999572753903,187.67999267578125,182.0599975585937,183.7899932861328,4673400
2018-11-08,157.35328674316406,188.0,188.69000244140625,185.72000122070312,187.1300048828125,4054000
2018-11-09,155.6709442138672,185.9900054931641,188.47999572753903,184.9600067138672,188.32000732421875,4761100
2018-11-12,150.1802978515625,179.42999267578125,186.9499969482422,179.02000427246094,185.22999572753903,7590400
2018-11-13,149.8203582763672,179.0,181.6199951171875,172.85000610351562,177.3000030517578,14274000
2018-11-14,150.5736541748047,179.89999389648438,182.8999938964844,179.14999389648438,182.6100006103516,7561100
2018-11-15,148.4477081298828,177.36000061035156,179.6699981689453,173.61000061035156,179.00999450683594,8663100
2018-11-16,148.16319274902344,177.02000427246094,177.61000061035156,173.50999450683594,173.99000549316406,6834900
2018-11-19,145.29232788085938,173.58999633789062,178.8800048828125,172.3000030517578,176.7100067138672,6203400
2018-11-20,141.4923858642578,169.0500030517578,172.0,167.0,169.25,8661000
2018-11-21,141.7016143798828,169.3000030517578,170.92999267578125,169.14999389648438,170.0,5752100
2018-11-23,141.32496643066406,168.85000610351562,170.3300018310547,168.47000122070312,169.38999938964844,2711000
2018-11-26,142.13685607910156,169.82000732421875,172.38999938964844,168.8699951171875,170.1999969482422,6140500
2018-11-27,144.9826202392578,173.22000122070312,173.3800048828125,168.82000732421875,169.11000061035156,7084200
2018-11-28,149.39466857910156,177.42999267578125,177.64999389648438,170.6199951171875,172.91000366210938,7133600
2018-11-29,147.90431213378906,175.66000366210938,177.27000427246094,174.9199981689453,176.8000030517578,4329300
2018-11-30,151.82801818847656,180.32000732421875,180.3699951171875,175.11000061035156,175.75,8942400
2018-12-03,153.0236358642578,181.7400054931641,183.5,179.35000610351562,183.2899932861328,7610600
2018-12-04,147.60122680664062,175.3000030517578,182.22999572753903,174.5500030517578,181.0599975585937,7059600
2018-12-06,148.15699768066406,175.9600067138672,176.0399932861328,170.4600067138672,173.5,7571200
2018-12-07,145.48780822753906,172.7899932861328,178.36000061035156,172.24000549316406,175.35000610351562,6226100
2018-12-10,144.5615997314453,171.69000244140625,173.99000549316406,167.72999572753906,173.38999938964844,5373800
2018-12-11,144.99945068359375,172.2100067138672,175.60000610351562,171.24000549316406,174.3000030517578,5229400
2018-12-12,146.68345642089844,174.2100067138672,176.8699951171875,172.80999755859375,173.75,5912500
2018-12-13,146.3971710205078,173.8699951171875,174.91000366210938,172.07000732421875,174.30999755859375,6102200
2018-12-14,145.06680297851562,172.2899932861328,175.13999938964844,171.9499969482422,172.97999572753906,4265200
2018-12-17,141.429443359375,167.97000122070312,171.99000549316406,166.92999267578125,171.50999450683594,5631700
2018-12-18,143.1723175048828,170.0399932861328,171.9499969482422,168.5,168.89999389648438,4462200
2018-12-19,141.08416748046875,167.55999755859375,174.9499969482422,166.77000427246094,170.9199981689453,6996900
2018-12-20,138.22140502929688,164.16000366210938,167.30999755859375,162.22999572753906,166.27999877929688,7675600
2018-12-21,135.12286376953125,160.47999572753906,167.9600067138672,160.1699981689453,162.80999755859375,13034100
2018-12-24,133.15264892578125,158.13999938964844,161.39999389648438,158.08999633789062,160.16000366210938,4547400
2018-12-26,141.69041442871094,168.27999877929688,168.27999877929688,159.44000244140625,159.4600067138672,6141500
2018-12-27,143.40806579589844,170.32000732421875,170.4600067138672,163.36000061035156,166.44000244140625,5069300
2018-12-28,143.3238983154297,170.22000122070312,173.1199951171875,168.60000610351562,171.22000122070312,4552000
2018-12-31,144.6710662841797,171.82000732421875,173.24000549316406,170.64999389648438,171.47000122070312,4206000
2019-01-02,145.16783142089844,172.41000366210938,173.17999267578125,169.0500030517578,169.7100067138672,4242900
2019-01-03,141.96827697753906,168.61000061035156,171.83999633789062,168.2100067138672,171.83999633789062,4810500
2019-01-04,146.18670654296875,173.6199951171875,174.74000549316406,169.52000427246094,170.17999267578125,4762600
2019-01-07,149.06626892089844,177.0399932861328,178.17999267578125,173.8300018310547,173.8300018310547,4928800
2019-01-08,149.78195190429688,177.88999938964844,179.58999633789062,175.61000061035156,178.57000732421875,4722400
2019-01-09,151.3312225341797,179.72999572753906,181.2700042724609,177.10000610351562,177.8699951171875,4922000
2019-01-10,150.76712036132812,179.05999755859375,179.24000549316406,176.33999633789062,178.02999877929688,3605300
2019-01-11,151.0618133544922,179.41000366210938,180.259994506836,177.1199951171875,177.92999267578125,3285100
2019-01-14,150.55661010742188,178.80999755859375,179.22999572753906,176.89999389648438,177.58999633789062,3871400
2019-01-15,148.5863494873047,176.47000122070312,177.82000732421875,175.1999969482422,176.0800018310547,5016100
2019-01-16,149.06626892089844,177.0399932861328,177.92999267578125,175.86000061035156,177.08999633789062,4075400
2019-01-17,147.23915100097656,174.8699951171875,175.4600067138672,172.0,174.00999450683594,6499200
2019-01-18,151.2049102783203,179.5800018310547,180.0399932861328,176.17999267578125,176.97999572753906,6371100
2019-01-22,149.12522888183594,177.11000061035156,178.60000610351562,175.36000061035156,177.49000549316406,6272700
2019-01-23,148.94000244140625,176.88999938964844,178.05999755859375,174.52999877929688,176.58999633789062,4910400
2019-01-24,149.27679443359375,177.2899932861328,177.52999877929688,175.3000030517578,177.0,3860100
2019-01-25,151.89535522460938,180.3999938964844,180.8699951171875,178.61000061035156,179.77999877929688,4501800
2019-01-28,151.41543579101562,179.8300018310547,179.99000549316406,177.41000366210938,178.97000122070312,4091400
2019-01-29,151.29757690429688,179.69000244140625,180.1499938964844,178.08999633789062,178.9600067138672,3686900
2019-01-30,153.3941192626953,182.17999267578125,184.1999969482422,179.77999877929688,180.47000122070312,5197700
2019-01-31,154.53082275390625,183.52999877929688,184.6699981689453,181.0599975585937,181.5,5138000
2019-02-01,155.2381134033203,184.3699951171875,185.1499938964844,182.8300018310547,184.02999877929688,4513100
2019-02-04,156.9726104736328,186.42999267578125,186.42999267578125,183.83999633789065,184.3000030517578,3050200
2019-02-05,156.9389190673828,186.38999938964844,186.9900054931641,184.69000244140625,186.88999938964844,4135200
2019-02-06,155.53282165527344,184.72000122070312,186.69000244140625,184.0599975585937,186.69000244140625,3072500
2019-02-07,154.98550415039062,184.07000732421875,184.9199981689453,182.4499969482422,183.7400054931641,2793400
2019-02-08,155.38124084472656,184.5399932861328,184.5800018310547,182.72000122070312,183.0500030517578,2792300
2019-02-11,154.01719665527344,182.9199981689453,185.4199981689453,182.75,185.0,3729200
2019-02-12,156.20640563964844,185.5200042724609,186.3999938964844,183.5200042724609,183.83999633789065,3773200
2019-02-13,158.6396942138672,188.4100036621093,188.67999267578125,185.9199981689453,186.3000030517578,4146900
2019-02-14,158.05032348632812,187.7100067138672,188.92999267578125,186.0,187.5,2600600
2019-02-15,161.99085998535156,192.38999938964844,192.6199951171875,189.0500030517578,189.8699951171875,4997900
2019-02-19,161.9403533935547,192.3300018310547,193.19000244140625,191.27999877929688,191.7100067138672,3828400
2019-02-20,161.53616333007812,191.8500061035156,192.3999938964844,191.1100006103516,192.38999938964844,3970100
2019-02-21,161.51089477539062,191.82000732421875,192.3699951171875,190.6100006103516,191.8500061035156,3094200
2019-02-22,161.99085998535156,192.38999938964844,192.5399932861328,191.6199951171875,191.69000244140625,3321600
2019-02-25,159.96160888671875,189.97999572753903,193.4199981689453,189.9600067138672,192.75,6190700
2019-02-26,158.54710388183594,188.3000030517578,188.47000122070312,182.8000030517578,185.58999633789065,13635100
2019-02-27,154.648681640625,183.6699981689453,188.5,183.2100067138672,187.8999938964844,8766200
2019-02-28,155.88638305664062,185.13999938964844,185.19000244140625,183.1100006103516,183.6000061035156,8060600
2019-03-01,155.9116668701172,185.1699981689453,186.5599975585937,182.8600006103516,185.82000732421875,5481300
2019-03-04,154.7665557861328,183.8099975585937,186.2400054931641,182.1000061035156,186.1999969482422,5046800
2019-03-05,154.926513671875,184.0,185.1199951171875,183.25,184.2400054931641,3691000
2019-03-06,155.30545043945312,184.4499969482422,184.97000122070312,183.83999633789065,184.52999877929688,4460900
2019-03-07,153.67196655273438,182.509994506836,184.6199951171875,181.5800018310547,184.38999938964844,4122200
2019-03-08,152.59425354003906,181.22999572753903,181.9100036621093,179.52000427246094,181.4900054931641,3867100
2019-03-11,153.61305236816406,182.44000244140625,183.1999969482422,181.1999969482422,182.0,3866200
2019-03-12,154.926513671875,184.0,184.2700042724609,182.3300018310547,183.42999267578125,3777000
2019-03-13,153.65414428710938,181.13999938964844,183.77999877929688,181.0800018310547,183.2400054931641,4528300
2019-03-14,154.05284118652344,181.6100006103516,181.7400054931641,180.5,181.27999877929688,4393000
2019-03-15,154.57875061035156,182.22999572753903,182.4900054931641,179.57000732421875,182.3000030517578,8059100
2019-03-18,155.5881805419922,183.4199981689453,183.47999572753903,182.3300018310547,182.52999877929688,4395800
2019-03-19,156.19041442871094,184.1300048828125,185.82000732421875,183.47999572753903,184.19000244140625,4437100
2019-03-20,157.861572265625,186.1000061035156,187.1199951171875,183.42999267578125,184.3000030517578,4772600
2019-03-21,161.14425659179688,189.97000122070312,190.0,185.5,185.5,4755700
2019-03-22,160.10943603515625,188.75,192.0500030517578,188.6699981689453,189.3099975585937,5173600
2019-03-25,160.89834594726562,189.67999267578125,191.7100067138672,188.509994506836,188.75,3845900
2019-03-26,160.60992431640625,189.33999633789065,192.19000244140625,188.7400054931641,190.69000244140625,4143300
2019-03-27,160.53358459472656,189.25,191.6100006103516,188.38999938964844,189.6499938964844,4298400
2019-03-28,161.22064208984375,190.0599975585937,191.3999938964844,189.1600036621093,189.9100036621093,3326100
2019-03-29,162.77297973632812,191.88999938964844,192.0399932861328,190.13999938964844,190.8500061035156,4674100
2019-04-01,165.95401000976562,195.63999938964844,195.8999938964844,192.8500061035156,192.9900054931641,5381400
2019-04-02,164.8257293701172,194.3099975585937,195.5,194.0200042724609,195.5,2717800
2019-04-03,168.4732666015625,198.6100006103516,198.7899932861328,194.1100006103516,194.97999572753903,4581500
2019-04-04,170.03408813476562,200.4499969482422,200.4900054931641,198.0200042724609,199.0,3138400
2019-04-05,171.3997802734375,202.0599975585937,203.1300048828125,200.6100006103516,200.8600006103516,3615300
2019-04-08,172.66368103027344,203.5500030517578,203.7899932861328,201.2400054931641,201.3699951171875,3040900
2019-04-09,170.4158477783203,200.8999938964844,202.7100067138672,200.4600067138672,202.259994506836,3721700
2019-04-10,169.1688690185547,199.42999267578125,201.6000061035156,198.0200042724609,201.259994506836,3587500
2019-04-11,170.90782165527344,201.47999572753903,201.5,199.02999877929688,199.8999938964844,2465100
2019-04-12,172.91818237304688,203.8500061035156,204.259994506836,202.1300048828125,202.1300048828125,3097900
2019-04-15,173.77490234375,204.8600006103516,205.13999938964844,203.3999938964844,204.1600036621093,3049900
2019-04-16,173.444091796875,204.47000122070312,205.9900054931641,204.2899932861328,205.25,3271400
2019-04-17,175.20849609375,206.5500030517578,206.83999633789065,205.32000732421875,205.33999633789065,3271900
2019-04-18,174.4535369873047,205.6600036621093,207.77999877929688,205.1000061035156,206.0200042724609,3162500
2019-04-22,173.7070770263672,204.77999877929688,206.25,204.0,204.1100006103516,2593900
2019-04-23,174.78433227539062,206.0500030517578,207.3300018310547,203.42999267578125,205.13999938964844,3702600
2019-04-24,175.35264587402344,206.72000122070312,208.3000030517578,205.5399932861328,206.1600036621093,2750900
2019-04-25,175.16607666015625,206.5,207.72000122070312,205.0599975585937,206.009994506836,3292100
2019-04-26,172.71458435058594,203.6100006103516,206.13999938964844,203.33999633789065,205.8800048828125,3560300
2019-04-29,171.484619140625,202.1600036621093,203.8000030517578,200.33999633789065,203.3099975585937,3785200
2019-04-30,172.79090881347656,203.6999969482422,203.75,200.7899932861328,201.5500030517578,3415600
2019-05-01,168.6344451904297,198.8000030517578,203.5200042724609,198.6600036621093,203.1999969482422,4644700
2019-05-02,170.5091094970703,201.009994506836,201.0599975585937,198.8000030517578,199.3000030517578,2810000
2019-05-03,170.12738037109375,200.5599975585937,202.3099975585937,200.32000732421875,202.0,3583400
2019-05-06,169.33851623535156,199.6300048828125,199.92999267578125,198.3099975585937,198.7400054931641,2619400
2019-05-07,165.2159881591797,194.7700042724609,197.6499938964844,192.9600067138672,196.75,4622100
2019-05-08,165.5552520751953,195.1699981689453,196.6100006103516,193.67999267578125,194.4900054931641,3122600
2019-05-09,165.0548095703125,194.5800018310547,195.0800018310547,191.58999633789065,193.3099975585937,2917700
2019-05-10,165.0548095703125,194.5800018310547,195.4900054931641,190.009994506836,193.2100067138672,3863600
2019-05-13,161.45814514160156,190.33999633789065,191.6600036621093,189.13999938964844,191.0,3325900
2019-05-14,162.54393005371094,191.6199951171875,192.759994506836,190.009994506836,190.5,3663600
2019-05-15,162.66268920898438,191.759994506836,192.8099975585937,190.2700042724609,190.8099975585937,3355800
2019-05-16,163.18862915039062,192.3800048828125,194.9600067138672,192.1999969482422,192.47000122070312,3854000
2019-05-17,163.3582763671875,192.5800018310547,194.5,190.75,190.8600006103516,5223800
2019-05-20,161.97555541992188,190.9499969482422,192.8600006103516,190.6100006103516,191.1300048828125,4782800
2019-05-21,162.3997039794922,191.4499969482422,192.5200042724609,186.33999633789065,187.1300048828125,8555600
2019-05-22,160.24514770507812,188.9100036621093,192.22000122070312,188.0500030517578,190.4900054931641,5706000
2019-05-23,162.8662872314453,192.0,192.5399932861328,186.2700042724609,188.4499969482422,7754000
2019-05-24,164.21502685546875,193.58999633789065,193.8600006103516,190.4100036621093,192.5399932861328,3799500
2019-05-28,162.48451232910156,191.5500030517578,196.47000122070312,191.3500061035156,194.3800048828125,5165800
2019-05-29,161.1612548828125,189.9900054931641,191.8800048828125,188.02999877929688,190.27999877929688,4569900
2019-05-30,162.0858612060547,191.0800018310547,192.5,190.08999633789065,190.1300048828125,3029800
2019-05-31,161.04254150390625,189.8500061035156,190.2899932861328,188.6600036621093,189.63999938964844,3681500
2019-06-03,160.80502319335938,189.57000732421875,191.8699951171875,188.75,189.5200042724609,4620200
2019-06-04,165.62310791015625,195.25,195.5,191.4199981689453,191.5800018310547,5118100
2019-06-05,168.01495361328125,196.69000244140625,196.72000122070312,193.0800018310547,194.009994506836,3704600
2019-06-06,168.4249267578125,197.1699981689453,197.6499938964844,194.9600067138672,196.6499938964844,3732900
2019-06-07,168.5360107421875,197.3000030517578,199.0200042724609,196.2100067138672,197.1999969482422,3522300
2019-06-10,169.17666625976562,198.0500030517578,199.8500061035156,197.32000732421875,198.5599975585937,3154500
2019-06-11,169.14247131347656,198.009994506836,200.83999633789065,195.83999633789065,199.0200042724609,3708500
2019-06-12,169.93690490722656,198.94000244140625,200.19000244140625,197.97999572753903,198.8099975585937,2551500
2019-06-13,172.8497314453125,202.3500061035156,202.67999267578125,199.4499969482422,199.9499969482422,3630900
2019-06-14,175.77113342285156,205.7700042724609,206.5,201.3099975585937,201.3099975585937,4898000
2019-06-17,176.8047637939453,206.97999572753903,208.7899932861328,206.0,207.0,4620500
2019-06-18,177.23190307617188,207.47999572753903,210.1699981689453,207.1100006103516,208.1000061035156,3891300
2019-06-19,177.6248016357422,207.94000244140625,208.47999572753903,205.8999938964844,207.8999938964844,3648200
2019-06-20,180.45225524902344,211.25,211.6600036621093,209.3099975585937,209.57000732421875,5171500
2019-06-21,178.86341857910156,209.38999938964844,211.9900054931641,209.0800018310547,211.259994506836,9855000
2019-06-24,175.54049682617188,205.5,209.259994506836,205.1199951171875,208.1499938964844,4943500
2019-06-25,174.8913116455078,204.7400054931641,207.1000061035156,204.1999969482422,206.3000030517578,3587900
2019-06-26,176.32638549804688,206.4199981689453,207.32000732421875,204.6499938964844,205.33999633789065,3071200
2019-06-27,176.8389434814453,207.0200042724609,208.0,206.009994506836,207.6100006103516,2286800
2019-06-28,177.6504364013672,207.97000122070312,209.0,207.38999938964844,207.7700042724609,11069000
2019-07-01,179.62367248535156,210.27999877929688,212.3099975585937,208.1699981689453,209.6999969482422,4097700
2019-07-02,179.50405883789062,210.13999938964844,210.259994506836,208.4600067138672,210.2400054931641,3160500
2019-07-03,181.1783447265625,212.1000061035156,212.75,209.6999969482422,209.82000732421875,2183700
2019-07-05,180.63165283203125,211.4600067138672,212.1699981689453,209.72999572753903,209.97000122070312,2547800
2019-07-08,181.87022399902344,212.9100036621093,213.44000244140625,210.58999633789065,210.97999572753903,2705300
2019-07-09,181.0929107666016,212.0,213.3300018310547,211.1999969482422,211.92999267578125,2397400
2019-07-10,180.025146484375,210.75,211.32000732421875,208.8300018310547,210.72000122070312,3457400
2019-07-11,182.83551025390625,214.0399932861328,214.0800018310547,211.0200042724609,212.25,3450100
2019-07-12,186.4146270751953,218.22999572753903,218.25,214.6100006103516,215.0,4429800
2019-07-15,186.816162109375,218.6999969482422,219.3000030517578,216.8099975585937,218.9499969482422,3141300
2019-07-16,185.5860595703125,217.259994506836,218.3500061035156,216.72999572753903,217.3000030517578,2657400
2019-07-17,184.1766052246093,215.6100006103516,217.5800018310547,215.6100006103516,216.72999572753903,3037300
2019-07-18,183.1771850585937,214.44000244140625,216.22999572753903,213.009994506836,215.5,3068000
2019-07-19,181.9812774658203,213.0399932861328,215.22999572753903,212.92999267578125,214.6699981689453,3254800
2019-07-22,180.4693145751953,211.2700042724609,213.259994506836,210.3800048828125,213.0,2764900
2019-07-23,182.01544189453125,213.0800018310547,214.1300048828125,211.72999572753903,212.57000732421875,2589900
2019-07-24,183.4078369140625,214.7100067138672,214.7899932861328,213.07000732421875,213.19000244140625,2207100
2019-07-25,184.12538146972656,215.5500030517578,215.9199981689453,213.6300048828125,214.27999877929688,2335300
2019-07-26,185.2870941162109,216.9100036621093,217.2100067138672,214.1000061035156,215.52999877929688,2675500
2019-07-29,186.25233459472656,218.0399932861328,218.2700042724609,216.3500061035156,216.7899932861328,2407200
2019-07-30,185.67149353027344,217.3600006103516,218.58999633789065,216.8600006103516,217.5200042724609,2172600
2019-07-31,182.5365447998047,213.69000244140625,217.8000030517578,212.1699981689453,216.3500061035156,3426400
2019-08-01,181.80191040039065,212.8300018310547,217.6100006103516,212.0200042724609,214.13999938964844,3431500
2019-08-02,181.22105407714844,212.1499938964844,213.13999938964844,211.0800018310547,211.8600006103516,2884900
2019-08-05,175.0621795654297,204.94000244140625,209.9600067138672,204.0800018310547,209.52999877929688,4553200
2019-08-06,178.3594207763672,208.8000030517578,209.08999633789065,204.5,205.009994506836,3646800
2019-08-07,177.59918212890625,207.9100036621093,208.5,203.1300048828125,206.0399932861328,3901100
2019-08-08,180.72561645507807,211.57000732421875,211.69000244140625,208.72000122070312,209.6999969482422,2968000
2019-08-09,179.40151977539062,210.0200042724609,212.4100036621093,207.9499969482422,211.4499969482422,2912100
2019-08-12,176.83035278320312,207.009994506836,209.63999938964844,206.1499938964844,208.1000061035156,2005000
2019-08-13,177.9579315185547,208.3300018310547,211.6199951171875,204.77999877929688,206.3099975585937,3876700
2019-08-14,172.20057678222656,201.58999633789065,205.3600006103516,201.509994506836,204.4600067138672,4582100
2019-08-15,172.3714141845703,201.7899932861328,203.759994506836,199.0500030517578,203.0,4199700
2019-08-16,173.96023559570312,203.6499938964844,204.42999267578125,201.6699981689453,203.75,4093600
2019-08-19,177.63333129882812,207.9499969482422,208.82000732421875,205.3000030517578,206.97999572753903,6413600
2019-08-20,185.4408721923828,217.08999633789065,217.8500061035156,212.1699981689453,213.5,12452600
2019-08-21,188.268295288086,220.3999938964844,220.8800048828125,216.759994506836,218.72999572753903,7938600
2019-08-22,188.79791259765625,221.0200042724609,222.6600036621093,219.8800048828125,220.0500030517578,4544600
2019-08-23,185.7654266357422,217.47000122070312,220.8699951171875,216.009994506836,219.8999938964844,5769300
2019-08-26,186.7734222412109,218.6499938964844,219.5,216.17999267578125,218.4600067138672,3680200
2019-08-27,186.3975524902344,218.2100067138672,220.4100036621093,217.9100036621093,219.5500030517578,4311700
2019-08-28,189.59231567382807,221.9499969482422,222.08999633789065,217.1100006103516,217.8800048828125,3066700
2019-08-29,194.1794586181641,227.32000732421875,227.6999969482422,223.759994506836,223.8999938964844,4184200
2019-08-30,194.6834259033203,227.9100036621093,229.2700042724609,226.69000244140625,228.42999267578125,3768300
2019-09-03,191.4032440185547,224.07000732421875,227.6300048828125,223.3800048828125,226.4499969482422,4139400
2019-09-04,192.6408233642578,224.1499938964844,224.1499938964844,220.6699981689453,223.9499969482422,3132900
2019-09-05,196.0785217285156,228.1499938964844,228.77999877929688,226.25,226.3000030517578,3373100
2019-09-06,198.6396331787109,231.1300048828125,231.3699951171875,227.8800048828125,228.6999969482422,3237900
2019-09-09,200.13504028320312,232.8699951171875,233.8699951171875,230.0800018310547,231.5,4449100
2019-09-10,200.24673461914065,233.0,233.0200042724609,229.7100067138672,232.25,4210600
2019-09-11,199.9545745849609,232.6600036621093,233.67999267578125,231.0200042724609,232.92999267578125,2978300
2019-09-12,200.93429565429688,233.8000030517578,235.4900054931641,233.1100006103516,233.4199981689453,3366100
2019-09-13,201.0890045166016,233.97999572753903,234.97000122070312,232.3300018310547,234.3300018310547,3805500
2019-09-16,198.5193023681641,230.9900054931641,233.6100006103516,230.6100006103516,232.72999572753903,3120200
2019-09-17,197.84893798828125,230.2100067138672,230.3300018310547,226.47000122070312,226.7899932861328,3732500
2019-09-18,198.38180541992188,230.8300018310547,231.52999877929688,229.009994506836,230.3699951171875,3341800
2019-09-19,196.0527191162109,228.1199951171875,231.3999938964844,227.9499969482422,231.1499938964844,3134000
2019-09-20,193.0877380371093,224.6699981689453,230.0500030517578,224.22999572753903,227.9900054931641,7687700
2019-09-23,194.4456329345703,226.25,227.13999938964844,223.9499969482422,224.1600036621093,2754000
2019-09-24,193.7237243652344,225.4100036621093,230.2400054931641,224.77999877929688,228.13999938964844,4511300
2019-09-25,196.0355682373047,228.1000061035156,228.4499969482422,224.5,226.58999633789065,3716700
2019-09-26,197.48800659179688,229.7899932861328,231.1199951171875,229.0,229.67999267578125,4200600
2019-09-27,197.5481719970703,229.8600006103516,231.75,229.1300048828125,231.6100006103516,3152000
2019-09-30,199.4044952392578,232.0200042724609,232.58999633789065,230.1199951171875,230.19000244140625,3249200
2019-10-01,198.5966186523437,231.0800018310547,234.509994506836,230.72000122070312,233.009994506836,3335400
2019-10-02,193.8440093994141,225.5500030517578,230.6000061035156,224.33999633789065,230.6000061035156,4336100
2019-10-03,194.9268798828125,226.8099975585937,226.8099975585937,222.1199951171875,225.0,2777700
2019-10-04,195.88946533203125,227.92999267578125,229.2100067138672,227.0200042724609,227.1699981689453,3163100
2019-10-07,194.8667755126953,226.7400054931641,228.1300048828125,226.0500030517578,227.509994506836,2917600
2019-10-08,194.8065795898437,226.6699981689453,228.77999877929688,225.1000061035156,225.3600006103516,3438500
2019-10-09,196.75747680664065,228.94000244140625,229.5599975585937,226.6100006103516,228.5,2657600
2019-10-10,199.0521697998047,231.6100006103516,232.2400054931641,229.0800018310547,229.33999633789065,2781500
2019-10-11,201.6734313964844,234.6600036621093,236.6999969482422,233.759994506836,234.32000732421875,3459200
2019-10-14,201.2608795166016,234.17999267578125,235.4900054931641,234.0599975585937,234.22000122070312,2183900
2019-10-15,202.4984436035156,235.6199951171875,236.8600006103516,234.6000061035156,234.69000244140625,2663300
2019-10-16,202.73907470703125,235.8999938964844,236.1699981689453,233.83999633789065,235.4199981689453,2388100
2019-10-17,203.4868011474609,236.7700042724609,238.1699981689453,235.509994506836,236.3600006103516,2250500
2019-10-18,204.4837341308593,237.92999267578125,238.72999572753903,235.63999938964844,236.9900054931641,3662500
2019-10-21,203.42662048339844,236.6999969482422,238.9900054931641,235.6100006103516,238.259994506836,2041700
2019-10-22,203.8563537597656,237.1999969482422,238.3000030517578,236.5200042724609,237.3000030517578,2003200
2019-10-23,201.6820068359375,234.6699981689453,237.4100036621093,234.3600006103516,236.6600036621093,2110500
2019-10-24,201.0116271972656,233.88999938964844,236.3699951171875,233.07000732421875,234.8099975585937,2173900
2019-10-25,201.4327545166016,234.3800048828125,235.4199981689453,232.5500030517578,233.4900054931641,2210900
2019-10-28,203.51258850097656,236.8000030517578,236.9600067138672,234.5599975585937,234.9499969482422,2705000
2019-10-29,201.22653198242188,234.13999938964844,237.5,233.9199981689453,236.83999633789065,2558000
2019-10-30,203.03135681152344,236.2400054931641,236.6000061035156,232.8800048828125,233.509994506836,1956700
2019-10-31,201.60464477539065,234.5800018310547,237.38999938964844,233.22000122070312,236.8600006103516,2824100
2019-11-01,203.9766998291016,237.33999633789065,237.4499969482422,235.0599975585937,236.07000732421875,2197400
2019-11-04,201.8968963623047,234.9199981689453,238.38999938964844,233.8800048828125,238.2700042724609,2542400
2019-11-05,199.5592193603516,232.1999969482422,234.9199981689453,230.2700042724609,234.7400054931641,3624600
2019-11-06,201.11474609375,234.009994506836,234.0399932861328,231.88999938964844,232.8300018310547,2631900
2019-11-07,200.1952209472656,232.94000244140625,235.7899932861328,231.759994506836,234.0,2832500
2019-11-08,200.10926818847656,232.83999633789065,233.259994506836,231.6300048828125,232.8000030517578,2088400
2019-11-11,199.21543884277344,231.8000030517578,232.27999877929688,230.17999267578125,230.5,2309600
2019-11-12,200.3498687744141,233.1199951171875,234.6300048828125,232.0,232.1499938964844,2991100
2019-11-13,201.79373168945312,234.8000030517578,234.8999938964844,230.8500061035156,232.08999633789065,2399600
2019-11-14,203.29774475097656,236.5500030517578,236.94000244140625,234.0399932861328,235.0,2282200
2019-11-15,203.9336853027344,237.2899932861328,238.0500030517578,236.3600006103516,237.69000244140625,3524700
2019-11-18,205.27442932128903,238.8500061035156,239.3099975585937,236.759994506836,238.44000244140625,5747400
2019-11-19,194.1104278564453,225.8600006103516,233.1199951171875,225.3999938964844,230.6000061035156,14972200
2019-11-20,189.84765625,220.8999938964844,225.0,220.57000732421875,224.5500030517578,10225400
2019-11-21,187.81944274902344,218.5399932861328,222.3099975585937,218.5,221.94000244140625,7823700
2019-11-22,187.3811187744141,218.02999877929688,219.1300048828125,217.8099975585937,218.5,5786500
2019-11-25,187.6990966796875,218.3999938964844,218.52999877929688,216.8800048828125,218.0,8865400
2019-11-26,189.7273712158203,220.759994506836,220.9600067138672,218.38999938964844,218.759994506836,9981400
2019-11-27,191.65249633789065,223.0,223.4499969482422,220.6600036621093,221.67999267578125,6687500
2019-11-29,189.51251220703125,220.509994506836,223.3300018310547,220.2899932861328,223.3000030517578,2952900
2019-12-02,187.0287322998047,217.6199951171875,221.19000244140625,217.4600067138672,220.8999938964844,4416300
2019-12-03,183.91763305664065,214.0,216.4499969482422,212.92999267578125,216.4499969482422,6505400
2019-12-04,185.18045043945312,214.1000061035156,214.9600067138672,213.19000244140625,213.5,4256200
2019-12-05,184.22897338867188,213.0,214.5,211.7700042724609,214.3600006103516,4580500
2019-12-06,185.3361053466797,214.27999877929688,215.3600006103516,213.8999938964844,214.2100067138672,4193700
2019-12-09,187.28219604492188,216.52999877929688,217.8800048828125,214.17999267578125,214.2899932861328,5111100
2019-12-10,186.7372894287109,215.8999938964844,216.69000244140625,215.1000061035156,216.5200042724609,4663000
2019-12-11,183.36407470703125,212.0,213.6499938964844,210.6100006103516,211.02999877929688,8284800
2019-12-12,183.39865112304688,212.0399932861328,214.1300048828125,210.72999572753903,212.5,9915100
2019-12-13,185.16310119628903,214.0800018310547,214.22999572753903,210.6699981689453,212.1199951171875,6869200
2019-12-16,186.417236328125,215.52999877929688,216.72000122070312,214.3000030517578,214.42999267578125,5850300
2019-12-17,188.3114318847656,217.72000122070312,219.4499969482422,215.8699951171875,216.0200042724609,7574400
2019-12-18,188.55360412597656,218.0,219.58999633789065,217.63999938964844,218.2100067138672,6677400
2019-12-19,190.47373962402344,220.22000122070312,220.7700042724609,218.27999877929688,218.47999572753903,5405000
2019-12-20,191.31271362304688,221.19000244140625,221.57000732421875,219.8000030517578,220.58999633789065,7778200
2019-12-23,189.6001739501953,219.2100067138672,222.0,219.13999938964844,222.0,3943700
2019-12-24,190.86294555664065,220.6699981689453,221.0399932861328,219.22000122070312,219.5,2260700
2019-12-26,190.99270629882807,220.82000732421875,221.1499938964844,219.58999633789065,220.7400054931641,2649200
2019-12-27,190.25753784179688,219.97000122070312,221.7899932861328,219.77999877929688,221.1999969482422,3082800
2019-12-30,187.95684814453125,217.3099975585937,220.4900054931641,216.5500030517578,220.3699951171875,3952400
2019-12-31,188.88229370117188,218.3800048828125,218.509994506836,216.44000244140625,217.1000061035156,3789900
2020-01-02,189.98941040039065,219.6600036621093,219.759994506836,217.83999633789065,219.0800018310547,3935700
2020-01-03,189.3580474853516,218.92999267578125,219.67999267578125,216.75,217.13999938964844,3423200
2020-01-06,190.24888610839844,219.9600067138672,220.0,216.3999938964844,216.4900054931641,5682800
2020-01-07,189.0034027099609,218.5200042724609,220.5599975585937,216.8999938964844,219.5,5685400
2020-01-08,191.8316802978516,221.7899932861328,222.97000122070312,218.6699981689453,218.8000030517578,4916200
2020-01-09,194.7724456787109,225.19000244140625,225.5500030517578,221.8500061035156,222.63999938964844,4843600
2020-01-10,193.93345642089844,224.22000122070312,225.4900054931641,223.02999877929688,224.75,4226600
2020-01-13,193.1723175048828,223.33999633789065,224.509994506836,222.67999267578125,224.5,6060900
2020-01-14,192.71392822265625,222.8099975585937,224.9499969482422,222.3099975585937,222.47999572753903,3915100
2020-01-15,194.25344848632807,224.58999633789065,224.97999572753903,222.1300048828125,222.27999877929688,3444300
2020-01-16,197.91207885742188,228.82000732421875,228.8600006103516,225.3999938964844,225.92999267578125,5390800
2020-01-17,200.584716796875,231.9100036621093,232.6000061035156,228.9100036621093,229.6100006103516,7979200
2020-01-21,201.4842224121093,232.9499969482422,233.6600036621093,231.0599975585937,231.52999877929688,4873500
2020-01-22,201.4409637451172,232.8999938964844,236.52999877929688,232.8800048828125,233.7899932861328,4030800
2020-01-23,202.08973693847656,233.6499938964844,234.82000732421875,230.63999938964844,232.1300048828125,4617900
2020-01-24,200.6625366210937,232.0,235.42999267578125,230.5599975585937,234.4600067138672,4467500
2020-01-27,199.9619903564453,231.19000244140625,232.47000122070312,228.1999969482422,228.1999969482422,3595600
2020-01-28,202.2713317871093,233.8600006103516,235.25,231.3500061035156,231.82000732421875,3621900
2020-01-29,202.4097137451172,234.0200042724609,235.8800048828125,233.3999938964844,234.8999938964844,2564000
2020-01-30,201.34588623046875,232.7899932861328,233.3000030517578,231.57000732421875,232.0,4685700
2020-01-31,197.2893829345703,228.1000061035156,233.22999572753903,227.88999938964844,232.9600067138672,5304700
2020-02-03,200.26467895507807,231.5399932861328,233.52999877929688,229.3500061035156,230.3000030517578,5100900
2020-02-04,203.25735473632807,235.0,236.3600006103516,234.02999877929688,234.02999877929688,3505100
2020-02-05,205.94723510742188,238.1100006103516,238.32000732421875,235.8600006103516,237.1000061035156,3868600
2020-02-06,206.5786590576172,238.83999633789065,239.4100036621093,237.47999572753903,238.0,3930300
2020-02-07,205.2466735839844,237.3000030517578,239.52999877929688,236.5200042724609,238.83999633789065,2456100
2020-02-10,208.10958862304688,240.6100006103516,240.6100006103516,236.17999267578125,236.6000061035156,2568000
2020-02-11,209.0004425048828,241.63999938964844,242.4499969482422,240.1999969482422,240.6100006103516,2692400
2020-02-12,208.9571685791016,241.58999633789065,242.3000030517578,238.83999633789065,242.1300048828125,3592100
2020-02-13,209.6231842041016,242.3600006103516,243.6000061035156,240.3999938964844,240.97000122070312,2468100
2020-02-14,211.9325714111328,245.02999877929688,245.1999969482422,242.6300048828125,243.44000244140625,2841600
2020-02-18,210.98974609375,243.94000244140625,246.1100006103516,243.1600036621093,244.83999633789065,2892600
2020-02-19,210.7303009033203,243.63999938964844,245.5,243.009994506836,244.9100036621093,2713300
2020-02-20,213.6537170410156,247.0200042724609,247.1199951171875,242.1499938964844,243.69000244140625,3701800
2020-02-21,212.20068359375,245.33999633789065,247.3600006103516,244.0,246.5,3881100
2020-02-24,207.32247924804688,239.6999969482422,243.1100006103516,237.6999969482422,238.47999572753903,5350100
2020-02-25,205.3158721923828,237.3800048828125,246.97000122070312,236.47999572753903,246.1000061035156,8061500
2020-02-26,203.49952697753903,235.27999877929688,241.0399932861328,234.32000732421875,239.1000061035156,6963000
2020-02-27,194.37457275390625,224.72999572753903,234.82000732421875,224.57000732421875,231.07000732421875,7612800
2020-02-28,188.41525268554688,217.83999633789065,221.0599975585937,212.3300018310547,218.6300048828125,11809600
2020-03-02,198.8808135986328,229.94000244140625,230.0,218.4900054931641,219.97999572753903,7150800
2020-03-03,197.1510162353516,227.94000244140625,235.82000732421875,225.57000732421875,230.02999877929688,8432500
2020-03-04,208.51608276367188,241.0800018310547,241.32000732421875,231.8000030517578,233.009994506836,6770000
2020-03-05,203.093002319336,234.8099975585937,239.6100006103516,233.1499938964844,236.6000061035156,6473900
2020-03-06,197.6439819335937,228.509994506836,230.2899932861328,222.25,227.57000732421875,7399900
2020-03-09,182.03211975097656,210.4600067138672,216.17999267578125,207.25,213.8699951171875,10120500
2020-03-10,195.21356201171875,225.6999969482422,225.8300018310547,211.0,217.2100067138672,7206600
2020-03-11,185.3658142089844,212.88999938964844,219.1499938964844,210.5,217.3000030517578,7253900
2020-03-12,165.948974609375,190.58999633789065,206.5800018310547,184.83999633789065,195.4100036621093,10928700
2020-03-13,179.07928466796875,205.6699981689453,205.82000732421875,190.0,200.4499969482422,10292300
2020-03-16,143.63259887695312,164.9600067138672,186.1000061035156,163.11000061035156,181.97000122070312,12536600
2020-03-17,151.19036865234375,173.63999938964844,174.77999877929688,155.3000030517578,168.2100067138672,16234400
2020-03-18,135.5088653564453,155.6300048828125,162.3300018310547,140.6300048828125,159.8000030517578,14681900
2020-03-19,140.29771423339844,161.1300048828125,162.91000366210938,142.0,153.16000366210938,13499100
2020-03-20,132.47877502441406,152.14999389648438,170.22000122070312,151.80999755859375,162.77999877929688,12602400
2020-03-23,141.39486694335938,162.38999938964844,164.92999267578125,146.33999633789062,150.05999755859375,12241600
2020-03-24,160.83787536621094,184.72000122070312,185.6699981689453,172.00999450683594,173.38999938964844,14676600
2020-03-25,158.2605438232422,181.759994506836,191.5500030517578,180.0,184.4199981689453,11497400
2020-03-26,169.97164916992188,195.2100067138672,198.1999969482422,182.5,183.4900054931641,10170300
2020-03-27,165.9141082763672,190.5500030517578,196.3800048828125,186.5,188.4900054931641,7121700
2020-03-30,170.7465057373047,196.1000061035156,198.1999969482422,187.6100006103516,190.57000732421875,6936700
2020-03-31,162.57058715820312,186.7100067138672,195.4900054931641,185.4499969482422,194.8000030517578,7335400
2020-04-01,155.53524780273438,178.6300048828125,182.759994506836,175.0,175.91000366210938,7858200
2020-04-02,157.86871337890625,181.3099975585937,182.72000122070312,174.0,174.9499969482422,6353900
2020-04-03,155.59616088867188,178.6999969482422,181.3500061035156,174.94000244140625,179.55999755859375,7299800
2020-04-06,166.59324645996094,191.3300018310547,192.4100036621093,185.1300048828125,188.0,7454000
2020-04-07,167.42913818359375,192.2899932861328,204.1100006103516,191.8500061035156,202.9199981689453,6438800
2020-04-08,169.63206481933594,194.82000732421875,196.7700042724609,191.5399932861328,194.2100067138672,6094700
2020-04-09,175.47451782226562,201.52999877929688,205.9900054931641,196.5,199.8000030517578,7125100
2020-04-13,173.08872985839844,198.7899932861328,200.4499969482422,195.3699951171875,200.4499969482422,4415600
2020-04-14,180.3853454589844,207.1699981689453,209.72999572753903,200.1300048828125,201.8800048828125,5655400
2020-04-15,172.81883239746094,198.47999572753903,202.2400054931641,196.6100006103516,198.6699981689453,5693900
2020-04-16,174.01170349121094,199.8500061035156,202.2100067138672,196.82000732421875,199.1199951171875,7262800
2020-04-17,182.34445190429688,209.4199981689453,210.25,206.1600036621093,207.1699981689453,6717600
2020-04-20,179.41009521484375,206.0500030517578,211.02999877929688,205.3600006103516,206.1300048828125,4753100
2020-04-21,174.67343139648438,200.6100006103516,204.33999633789065,199.509994506836,200.75,4845000
2020-04-22,177.77316284179688,204.1699981689453,205.7100067138672,201.13999938964844,201.88999938964844,4067700
2020-04-23,176.16236877441406,202.32000732421875,206.97000122070312,202.19000244140625,203.32000732421875,3565500
2020-04-24,184.74757385253903,212.17999267578125,212.92999267578125,203.8500061035156,204.72999572753903,5025200
2020-04-27,189.606185913086,217.759994506836,220.94000244140625,214.009994506836,215.0399932861328,5472800
2020-04-28,189.4929962158203,217.6300048828125,224.22000122070312,216.9100036621093,223.9900054931641,5080700
2020-04-29,193.132553100586,221.8099975585937,224.1699981689453,219.82000732421875,221.33999633789065,4381100
2020-04-30,191.4084930419922,219.8300018310547,222.1100006103516,216.5200042724609,216.7899932861328,5152700
2020-05-01,190.3114776611328,218.57000732421875,219.6999969482422,215.7700042724609,216.7700042724609,3819300
2020-05-04,193.1586761474609,221.83999633789065,222.6600036621093,215.2100067138672,216.67999267578125,4090900
2020-05-05,196.4412536621093,225.6100006103516,228.8500061035156,223.6100006103516,224.94000244140625,4655200
2020-05-06,194.96975708007807,223.9199981689453,228.44000244140625,223.8000030517578,227.3699951171875,3321100
2020-05-07,199.7847595214844,229.4499969482422,231.6300048828125,226.4199981689453,226.509994506836,4501300
2020-05-08,204.12091064453125,234.42999267578125,235.5500030517578,231.1499938964844,232.6999969482422,4365200
2020-05-11,205.97555541992188,236.5599975585937,238.7700042724609,231.25,231.7700042724609,4378300
2020-05-12,202.7886962890625,232.8999938964844,239.25,232.8999938964844,238.57000732421875,4399600
2020-05-13,200.3507537841797,230.1000061035156,236.3000030517578,228.5399932861328,233.0399932861328,6237200
2020-05-14,204.1644744873047,234.47999572753903,234.6600036621093,226.1999969482422,226.3699951171875,6434500
2020-05-15,208.387451171875,239.3300018310547,243.22999572753903,232.6999969482422,232.7899932861328,16176300
2020-05-18,213.62911987304688,245.3500061035156,248.32000732421875,244.0399932861328,245.83999633789065,8314800
2020-05-19,207.3164520263672,238.1000061035156,242.4600067138672,237.8000030517578,240.4499969482422,9387000
2020-05-20,207.3948211669922,238.19000244140625,242.2700042724609,234.9499969482422,242.0,7534200
2020-05-21,209.7370147705078,240.8800048828125,241.17999267578125,235.7899932861328,237.6199951171875,4772700
2020-05-22,210.6077117919922,241.8800048828125,242.33999633789065,238.6600036621093,240.6999969482422,3041800
2020-05-26,211.130126953125,242.47999572753903,248.22000122070312,242.07000732421875,248.1499938964844,4535200
2020-05-27,215.37918090820312,247.3600006103516,247.38999938964844,240.77999877929688,242.69000244140625,4664800
2020-05-28,213.4462432861328,245.13999938964844,252.22999572753903,244.42999267578125,249.5200042724609,5259300
2020-05-29,216.3544158935547,248.47999572753903,249.7100067138672,244.72999572753903,245.0599975585937,5341600
2020-06-01,215.3182830810547,247.2899932861328,249.77999877929688,245.8699951171875,249.4100036621093,3407800
2020-06-02,220.03756713867188,252.7100067138672,252.72000122070312,247.0,248.6300048828125,5301000
2020-06-03,219.8535614013672,251.0,252.8300018310547,250.38999938964844,251.8000030517578,4638100
2020-06-04,218.05799865722656,248.9499969482422,252.1699981689453,247.47000122070312,249.7700042724609,4759400
2020-06-05,223.2696533203125,254.8999938964844,255.8500061035156,250.3800048828125,252.33999633789065,5054300
2020-06-08,224.9075622558593,256.7699890136719,256.8099975585937,252.259994506836,252.4900054931641,3811900
2020-06-09,224.8988647460937,256.760009765625,258.2900085449219,253.8600006103516,255.3300018310547,3716100
2020-06-10,222.8754730224609,254.4499969482422,259.2900085449219,254.22000122070312,257.45001220703125,3589800
2020-06-11,209.7543334960937,239.47000122070312,250.6199951171875,238.7400054931641,248.8600006103516,6563700
2020-06-12,212.3645782470703,242.4499969482422,246.38999938964844,237.0500030517578,243.07000732421875,5238500
2020-06-15,211.40985107421875,241.3600006103516,242.22000122070312,234.3099975585937,237.6199951171875,6250900
2020-06-16,218.93389892578125,249.9499969482422,251.6499938964844,242.8699951171875,249.3999938964844,5291600
2020-06-17,219.7222137451172,250.8500061035156,254.6199951171875,250.0800018310547,252.7700042724609,4234000
2020-06-18,218.2856903076172,249.2100067138672,251.75,247.1300048828125,249.3600006103516,3347800
2020-06-19,216.0433807373047,246.6499938964844,254.3000030517578,246.3800048828125,253.1000061035156,11114600
2020-06-22,218.2419586181641,249.1600036621093,250.0599975585937,245.509994506836,245.6999969482422,3815200
2020-06-23,219.24917602539065,250.3099975585937,253.44000244140625,250.1300048828125,253.0,3105300
2020-06-24,215.58792114257807,246.1300048828125,250.2899932861328,242.72999572753903,247.8099975585937,3873000
2020-06-25,214.93096923828125,245.3800048828125,246.3500061035156,242.1999969482422,244.8000030517578,2938400
2020-06-26,211.10324096679688,241.009994506836,246.1000061035156,240.25,245.3500061035156,5002700
2020-06-29,215.5791473388672,246.1199951171875,246.5,240.33999633789065,242.6600036621093,3468300
2020-06-30,219.4243927001953,250.509994506836,251.6499938964844,246.08999633789065,247.0,4524600
2020-07-01,217.3572692871093,248.1499938964844,250.3300018310547,246.92999267578125,249.6499938964844,3677300
2020-07-02,217.663818359375,248.5,252.3000030517578,247.9199981689453,251.94000244140625,3369800
2020-07-06,218.58352661132807,249.5500030517578,251.5,247.0399932861328,250.2700042724609,3133800
2020-07-07,216.6565399169922,247.3500061035156,250.77999877929688,247.07000732421875,247.3699951171875,2927800
2020-07-08,218.25070190429688,249.1699981689453,249.7899932861328,246.22000122070312,247.8699951171875,2294000
2020-07-09,217.1908264160156,247.9600067138672,250.509994506836,246.3500061035156,249.6600036621093,2994700
2020-07-10,219.07400512695312,250.1100006103516,250.3300018310547,246.63999938964844,248.2899932861328,2745300
2020-07-13,218.6448516845703,249.6199951171875,257.8599853515625,249.08999633789065,251.9199981689453,4437500
2020-07-14,225.8010406494141,257.7900085449219,258.17999267578125,248.4600067138672,249.0,4614200
2020-07-15,225.80978393554688,257.79998779296875,261.2900085449219,255.1499938964844,260.1400146484375,4343700
2020-07-16,226.05503845214844,258.0799865722656,260.5,256.0,256.760009765625,2511200
2020-07-17,228.0696258544922,260.3800048828125,260.6499938964844,257.7200012207031,260.0299987792969,3091300
2020-07-20,227.8856964111328,260.1700134277344,261.20001220703125,258.0199890136719,259.0400085449219,2451100
2020-07-21,229.8565216064453,262.4200134277344,263.8699951171875,260.7200012207031,261.6199951171875,2439900
2020-07-22,232.2652587890625,265.1700134277344,265.5899963378906,262.0,262.5899963378906,2750000
2020-07-23,231.07400512695312,263.8099975585937,267.79998779296875,261.79998779296875,267.79998779296875,2680100
2020-07-24,232.3878173828125,265.3099975585937,266.8900146484375,262.989990234375,265.0400085449219,2984500
2020-07-27,234.2360992431641,267.4200134277344,268.67999267578125,265.0899963378906,265.0899963378906,2412500
2020-07-28,232.3615875244141,265.2799987792969,269.07000732421875,264.6700134277344,268.5599975585937,2227000
2020-07-29,231.81857299804688,264.6600036621094,267.1099853515625,264.1700134277344,264.79998779296875,2874100
2020-07-30,233.26377868652344,266.3099975585937,267.3500061035156,261.54998779296875,263.3399963378906,2347800
2020-07-31,232.5454864501953,265.489990234375,267.1700134277344,260.6099853515625,265.0,3640600
2020-08-03,233.14996337890625,266.17999267578125,268.5799865722656,265.6700134277344,266.7300109863281,2363500
2020-08-04,234.63018798828125,267.8699951171875,267.8900146484375,263.8399963378906,266.6300048828125,2224000
2020-08-05,234.28858947753903,267.4800109863281,268.3900146484375,265.8900146484375,268.3900146484375,1959900
2020-08-06,235.94406127929688,269.3699951171875,270.44000244140625,266.5299987792969,266.6000061035156,2203400
2020-08-07,237.9324188232422,271.6400146484375,274.9200134277344,269.8099975585937,270.6099853515625,2846300
2020-08-10,240.6389312744141,274.7300109863281,275.0,271.79998779296875,272.4200134277344,2393100
2020-08-11,240.805404663086,274.9200134277344,279.3699951171875,274.4100036621094,277.69000244140625,3321300
2020-08-12,246.6389312744141,281.5799865722656,282.9700012207031,276.9599914550781,279.75,3867900
2020-08-13,246.7090301513672,281.6600036621094,282.6499938964844,279.739990234375,281.1600036621094,2202400
2020-08-14,245.7367401123047,280.54998779296875,282.0,279.19000244140625,281.1400146484375,2490400
2020-08-17,252.47247314453125,288.239990234375,289.2200012207031,283.57000732421875,284.3999938964844,5584400
2020-08-18,249.6345367431641,285.0,290.5799865722656,283.0400085449219,288.8999938964844,6934300
2020-08-19,247.7600860595703,282.8599853515625,287.9700012207031,281.92999267578125,287.4599914550781,4986800
2020-08-20,245.8506622314453,280.67999267578125,281.9100036621094,279.44000244140625,280.5400085449219,3530000
2020-08-21,248.08416748046875,283.2300109863281,283.54998779296875,278.4200134277344,279.9700012207031,5519100
2020-08-24,251.1674346923828,286.75,286.8500061035156,281.9200134277344,284.989990234375,4430900
2020-08-25,250.6243591308593,286.1300048828125,287.4800109863281,283.8900146484375,287.2699890136719,2854500
2020-08-26,255.70460510253903,291.92999267578125,292.1199951171875,286.2699890136719,287.7300109863281,4001900
2020-08-27,252.8141632080078,288.6300048828125,292.95001220703125,286.5599975585937,292.2200012207031,3430900
2020-08-28,250.7644958496093,286.2900085449219,288.8299865722656,284.7699890136719,288.3099975585937,3100100
2020-08-31,249.6696319580078,285.0400085449219,286.69000244140625,282.8699951171875,285.0,4105400
2020-09-01,250.4580078125,285.94000244140625,286.67999267578125,283.5,284.0299987792969,3235100
2020-09-02,252.8882293701172,287.20001220703125,288.0400085449219,283.6000061035156,284.8500061035156,3464600
2020-09-03,241.81988525390625,274.6300048828125,287.70001220703125,272.1700134277344,287.29998779296875,5380100
2020-09-04,237.4436950683593,269.6600036621094,276.7699890136719,264.6700134277344,275.54998779296875,5253500
2020-09-08,237.0915069580078,269.260009765625,271.0400085449219,262.8099975585937,267.1099853515625,5241200
2020-09-09,243.9419708251953,277.0400085449219,279.739990234375,271.75,272.4599914550781,4754700
2020-09-10,240.12046813964844,272.70001220703125,280.9800109863281,271.1700134277344,278.010009765625,3156300
2020-09-11,243.31678771972656,276.3299865722656,277.9800109863281,273.4599914550781,273.9800109863281,3729200
2020-09-14,247.1206970214844,280.6499938964844,282.4599914550781,278.0199890136719,278.54998779296875,3055800
2020-09-15,251.46170043945312,285.5799865722656,286.70001220703125,282.3800048828125,283.0400085449219,4174900
2020-09-16,247.983642578125,281.6300048828125,286.5799865722656,280.67999267578125,285.6099853515625,3379100
2020-09-17,246.51307678222656,279.9599914550781,282.7200012207031,276.9599914550781,277.9100036621094,3166600
2020-09-18,242.31300354003903,275.19000244140625,279.8299865722656,270.8099975585937,278.4100036621094,6072900
2020-09-21,239.8123016357422,272.3500061035156,272.8999938964844,266.5299987792969,271.8699951171875,3548000
2020-09-22,240.6576232910156,273.3099975585937,273.5199890136719,270.6300048828125,271.67999267578125,2972000
2020-09-23,234.70523071289065,266.54998779296875,276.6199951171875,264.69000244140625,275.4200134277344,4467600
2020-09-24,233.9568023681641,265.70001220703125,269.70001220703125,263.8800048828125,265.7099914550781,3095600
2020-09-25,236.46633911132807,268.54998779296875,270.1499938964844,263.9200134277344,264.19000244140625,2457700
2020-09-28,239.79470825195312,272.3299865722656,274.2200012207031,270.29998779296875,271.92999267578125,3061100
2020-09-29,239.60096740722656,272.1099853515625,273.8399963378906,271.1099853515625,273.3999938964844,2048900
2020-09-30,244.53195190429688,277.7099914550781,279.9200134277344,272.5199890136719,273.4800109863281,4778800
2020-10-01,244.45266723632807,277.6199951171875,280.0,275.8500061035156,279.44000244140625,2696900
2020-10-02,245.9408264160156,279.3099975585937,281.0799865722656,274.1000061035156,274.94000244140625,2943600
2020-10-05,248.39747619628903,282.1000061035156,282.4200134277344,279.70001220703125,280.9200134277344,2330700
2020-10-06,243.4400787353516,276.4700012207031,283.0,275.7699890136719,282.5,2992500
2020-10-07,249.0050506591797,282.7900085449219,284.0,280.0,280.8500061035156,3423700
2020-10-08,250.52835083007807,284.5199890136719,284.95001220703125,281.1700134277344,283.8399963378906,2256200
2020-10-09,251.7611389160156,285.9200134277344,287.2799987792969,284.0899963378906,285.4700012207031,2240100
2020-10-12,252.6328125,286.9100036621094,288.3299865722656,286.0599975585937,287.3900146484375,2411900
2020-10-13,255.6707000732422,290.3599853515625,290.7699890136719,285.70001220703125,285.70001220703125,2699900
2020-10-14,252.7913360595703,287.0899963378906,290.29998779296875,285.1499938964844,289.510009765625,2221000
2020-10-15,253.18753051757807,287.5400085449219,290.25,283.1199951171875,284.1199951171875,2699400
2020-10-16,253.29327392578125,287.6600036621094,292.6499938964844,287.25,288.25,3108600
2020-10-19,249.832748413086,283.7300109863281,290.1099853515625,283.3800048828125,289.760009765625,2428100
2020-10-20,251.8667907714844,286.0400085449219,289.7900085449219,284.1300048828125,285.1400146484375,2281500
2020-10-21,250.5196075439453,284.510009765625,288.0199890136719,283.2799987792969,285.3900146484375,2304500
2020-10-22,247.5697631835937,281.1600036621094,285.67999267578125,280.6499938964844,283.92999267578125,2787000
2020-10-23,249.18994140625,283.0,283.19000244140625,279.54998779296875,282.3800048828125,1750600
2020-10-26,243.06149291992188,276.0400085449219,281.5299987792969,272.0,279.6400146484375,2911900
2020-10-27,243.7659454345703,276.8399963378906,279.7300109863281,276.1199951171875,276.989990234375,3014100
2020-10-28,237.4965362548828,269.7200012207031,273.6700134277344,268.69000244140625,270.25,3255900
2020-10-29,237.4172515869141,269.6300048828125,273.70001220703125,267.3099975585937,269.69000244140625,2872500
2020-10-30,234.8461151123047,266.7099914550781,269.6199951171875,262.0299987792969,268.82000732421875,3872800
2020-11-02,238.3946685791016,270.739990234375,274.7799987792969,268.5199890136719,270.1499938964844,2956400
2020-11-03,244.2325897216797,277.3699951171875,279.5299987792969,273.7200012207031,274.8500061035156,3037500
2020-11-04,248.9434051513672,282.7200012207031,287.0400085449219,276.010009765625,276.760009765625,3525300
2020-11-05,251.6995086669922,285.8500061035156,289.0,284.0799865722656,288.3500061035156,2516600
2020-11-06,250.2818756103516,284.239990234375,286.7799987792969,282.8500061035156,286.7300109863281,2839100
2020-11-09,237.7167053222656,269.9700012207031,288.4200134277344,269.4700012207031,287.9800109863281,7856400
2020-11-10,242.6476593017578,275.57000732421875,275.7900085449219,269.25,272.7900085449219,4828500
2020-11-11,244.56716918945312,277.75,281.69000244140625,276.1700134277344,277.32000732421875,2987900
2020-11-12,243.237533569336,276.239990234375,283.69000244140625,273.8399963378906,283.0,3818600
2020-11-13,244.05650329589844,277.1700134277344,279.7300109863281,275.260009765625,276.4200134277344,3939200
2020-11-16,246.16970825195312,279.57000732421875,281.2900085449219,276.3999938964844,279.17999267578125,5360200
2020-11-17,239.91799926757807,272.4700012207031,273.5299987792969,269.3999938964844,272.1000061035156,8532200
2020-11-18,237.59341430664065,269.8299865722656,275.3800048828125,269.0,270.5,5122200
2020-11-19,238.5619354248047,270.92999267578125,272.3800048828125,268.70001220703125,270.4200134277344,3929400
2020-11-20,237.57579040527344,269.8099975585937,272.3699951171875,268.8699951171875,271.45001220703125,4111000
2020-11-23,238.975814819336,271.3999938964844,273.69000244140625,269.54998779296875,270.010009765625,3294200
2020-11-24,240.6576232910156,273.3099975585937,275.54998779296875,272.57000732421875,274.0,4773400
2020-11-25,241.2300262451172,273.9599914550781,274.739990234375,271.2099914550781,273.4800109863281,3001700
2020-11-27,243.0174255371093,275.989990234375,276.5799865722656,274.3599853515625,275.239990234375,1625300
2020-11-30,244.2678375244141,277.4100036621094,277.760009765625,271.9200134277344,275.2200012207031,4624100
2020-12-01,243.5545959472656,276.6000061035156,278.95001220703125,275.54998779296875,278.7300109863281,3942400
2020-12-02,240.0133056640625,271.1000061035156,274.1099853515625,269.57000732421875,273.9700012207031,4168600
2020-12-03,237.3926544189453,268.1400146484375,271.92999267578125,267.1400146484375,270.6300048828125,4168900
2020-12-04,233.718505859375,263.989990234375,268.7300109863281,262.82000732421875,267.4700012207031,7732800
2020-12-07,232.5234222412109,262.6400146484375,264.5,261.0,263.5,6379000
2020-12-08,231.70887756347656,261.7200012207031,262.5,258.7300109863281,261.7200012207031,5338100
2020-12-09,235.1262359619141,265.5799865722656,265.7699890136719,262.25,264.6099853515625,4550100
2020-12-10,234.4445343017578,264.8099975585937,266.07000732421875,262.1099853515625,264.0799865722656,4234300
2020-12-11,234.21432495117188,264.54998779296875,265.3599853515625,262.6499938964844,263.3599853515625,3454500
2020-12-14,235.1262359619141,265.5799865722656,268.6000061035156,265.2699890136719,266.1400146484375,4576800
2020-12-15,237.2510528564453,267.9800109863281,268.760009765625,266.20001220703125,267.510009765625,3754100
2020-12-16,238.6763610839844,269.5899963378906,270.75,267.510009765625,268.5299987792969,4669600
2020-12-17,242.5541534423828,273.9700012207031,274.3299865722656,271.29998779296875,272.1600036621094,4247000
2020-12-18,239.4378204345703,270.45001220703125,275.739990234375,270.29998779296875,274.5899963378906,9817000
2020-12-21,239.91583251953125,270.989990234375,271.95001220703125,265.8800048828125,268.5599975585937,4339000
2020-12-22,239.07476806640625,270.0400085449219,271.3599853515625,268.510009765625,270.0599975585937,3140100
2020-12-23,238.87120056152344,269.8099975585937,271.0,268.20001220703125,270.0599975585937,2337100
2020-12-24,239.8539123535156,270.9200134277344,271.3599853515625,269.3999938964844,269.44000244140625,1093900
2020-12-28,238.3754119873047,269.25,272.25,269.239990234375,272.1700134277344,2633800
2020-12-29,235.6663055419922,266.19000244140625,270.4599914550781,265.07000732421875,269.9800109863281,2572100
2020-12-30,234.8429107666016,265.260009765625,267.29998779296875,264.9200134277344,266.1099853515625,2511400
2020-12-31,235.16165161132807,265.6199951171875,265.95001220703125,263.5799865722656,265.57000732421875,2607900
