date,adjclose,close,high,low,open,volume
2015-01-02,46.511138916015625,62.4900016784668,62.959999084472656,62.06999969482422,62.18000030517578,12600000
2015-01-05,45.06719970703125,60.54999923706055,62.27999877929688,60.22999954223633,62.060001373291016,20100600
2015-01-06,43.89865493774414,58.97999954223633,60.75,58.34999847412109,60.63999938964844,29074100
2015-01-07,43.96562957763672,59.06999969482422,59.88999938964844,58.66999816894531,59.88999938964844,23843200
2015-01-08,44.94810485839844,60.38999938964844,60.900001525878906,59.970001220703125,59.970001220703125,16971100
2015-01-09,44.1666145324707,59.34000015258789,60.790000915527344,59.290000915527344,60.720001220703125,15396200
2015-01-12,43.78701019287109,58.83000183105469,59.400001525878906,58.27000045776367,59.27999877929688,15455200
2015-01-13,43.79446029663086,58.84000015258789,59.70000076293945,58.369998931884766,59.2599983215332,21644700
2015-01-14,42.283538818359375,56.810001373291016,58.84000015258789,55.27000045776367,58.84000015258789,49602300
2015-01-15,40.92890930175781,54.9900016784668,56.61000061035156,54.5,55.72999954223633,42458100
2015-01-16,41.628543853759766,55.93000030517578,56.0,54.63999938964844,54.65999984741211,29368900
2015-01-20,41.46479797363281,55.709999084472656,56.38999938964844,55.41999816894531,56.040000915527344,23477700
2015-01-21,41.598777770996094,55.88999938964844,56.41999816894531,55.18999862670898,55.45000076293945,21842400
2015-01-22,42.86408233642578,57.59000015258789,57.72999954223633,55.959999084472656,56.380001068115234,31423500
2015-01-23,42.186771392822266,56.68000030517578,57.869998931884766,56.65999984741211,57.720001220703125,15458300
2015-01-26,42.25374984741211,56.77000045776367,56.9900016784668,56.20000076293945,56.40999984741211,12577700
2015-01-27,41.82950973510742,56.20000076293945,56.61000061035156,55.7599983215332,56.04999923706055,15220500
2015-01-28,40.750274658203125,54.75,56.68000030517578,54.75,56.619998931884766,24354400
2015-01-29,41.435035705566406,55.66999816894531,55.88999938964844,54.68000030517578,55.27000045776367,20393300
2015-01-30,40.474876403808594,54.380001068115234,55.5,54.369998931884766,54.9900016784668,26943700
2015-02-02,41.28615951538086,55.470001220703125,55.650001525878906,54.27000045776367,54.52999877929688,20308900
2015-02-03,42.21654510498047,56.720001220703125,56.77999877929688,55.869998931884766,55.90999984741211,18812500
2015-02-04,41.96347427368164,56.380001068115234,57.06999969482422,56.27999877929688,56.31999969482422,14934100
2015-02-05,42.25374984741211,56.77000045776367,57.040000915527344,56.459999084472656,56.86000061035156,11293900
2015-02-06,43.08736038208008,57.88999938964844,58.72999954223633,57.540000915527344,57.75,25214000
2015-02-09,43.03525924682617,57.81999969482422,58.09999847412109,57.22999954223633,57.41999816894531,14372400
2015-02-10,43.51161193847656,58.459999084472656,58.709999084472656,58.04999923706055,58.41999816894531,16367300
2015-02-11,43.444637298583984,58.369998931884766,58.65999984741211,57.84000015258789,58.060001373291016,13061900
2015-02-12,44.337799072265625,59.56999969482422,59.709999084472656,58.54999923706055,58.93000030517578,23211300
2015-02-13,44.41221237182617,59.66999816894531,60.220001220703125,59.34000015258789,59.459999084472656,16479100
2015-02-17,44.73226165771485,60.09999847412109,60.13999938964844,59.31999969482422,59.36000061035156,15308800
2015-02-18,44.18891525268555,59.369998931884766,60.09999847412109,59.119998931884766,60.09999847412109,14278100
2015-02-19,44.08472442626953,59.22999954223633,59.47999954223633,58.79999923706055,59.150001525878906,11256500
2015-02-20,44.508975982666016,59.79999923706055,59.88999938964844,58.34999847412109,58.959999084472656,15379000
2015-02-23,44.17404174804688,59.34999847412109,59.52999877929688,58.79999923706055,59.5,16814000
2015-02-24,45.268165588378906,60.81999969482422,61.25,60.08000183105469,60.25,22937700
2015-02-25,45.506324768066406,61.13999938964844,61.27000045776367,60.75,60.7599983215332,18307900
2015-02-26,45.83382415771485,61.58000183105469,61.70000076293945,60.90999984741211,61.02999877929688,15444800
2015-02-27,45.61051559448242,61.27999877929688,61.91999816894531,61.130001068115234,61.130001068115234,15225900
2015-03-02,45.97523498535156,61.77000045776367,61.83000183105469,61.02999877929688,61.27999877929688,13047300
2015-03-03,46.12409591674805,61.970001220703125,61.9900016784668,61.5,61.650001525878906,13706900
2015-03-04,46.2431869506836,62.130001068115234,62.16999816894531,61.34999847412109,61.63999938964844,16625500
2015-03-05,46.14641952514648,62.0,62.22999954223633,61.59999847412109,62.20000076293945,10931300
2015-03-06,45.32025146484375,60.88999938964844,62.869998931884766,60.79999923706055,62.15999984741211,22719200
2015-03-09,45.77428436279297,61.5,61.630001068115234,60.79999923706055,60.84000015258789,13001500
2015-03-10,44.62804412841797,59.959999084472656,61.0099983215332,59.959999084472656,60.7599983215332,16357700
2015-03-11,44.836463928222656,60.2400016784668,60.650001525878906,59.959999084472656,60.130001068115234,13015600
2015-03-12,45.67752456665039,61.369998931884766,61.45000076293945,60.650001525878906,60.650001525878906,18159600
2015-03-13,45.40212631225586,61.0,61.86000061035156,60.43000030517578,61.400001525878906,16506200
2015-03-16,46.0347785949707,61.84999847412109,61.91999816894531,61.25,61.5,15182900
2015-03-17,45.85613632202149,61.61000061035156,61.65999984741211,60.91999816894531,61.34000015258789,11718300
2015-03-18,45.96034622192383,61.75,62.04999923706055,61.09000015258789,61.38999938964844,15697900
2015-03-19,45.55097579956055,61.20000076293945,61.650001525878906,60.7599983215332,61.56999969482422,11523800
2015-03-20,45.96034622192383,61.75,62.09999847412109,61.150001525878906,61.31999969482422,18368300
2015-03-23,45.506324768066406,61.13999938964844,62.08000183105469,61.119998931884766,61.75,15112900
2015-03-24,45.00021362304688,60.459999084472656,61.2400016784668,60.45000076293945,60.970001220703125,12128700
2015-03-25,44.3675537109375,59.61000061035156,60.63999938964844,59.59000015258789,60.52999877929688,14950900
2015-03-26,44.31545639038086,59.540000915527344,59.790000915527344,58.869998931884766,59.459999084472656,14039600
2015-03-27,44.32289123535156,59.54999923706055,59.77999877929688,59.0,59.4900016784668,11755800
2015-03-30,45.37235641479492,60.959999084472656,61.459999084472656,60.61000061035156,60.880001068115234,20656500
2015-03-31,45.08953475952149,60.58000183105469,60.93999862670898,60.41999816894531,60.720001220703125,17346700
2015-04-01,44.91720581054688,59.95000076293945,60.56999969482422,59.72999954223633,60.40999984741211,18100600
2015-04-02,45.3442611694336,60.52000045776367,60.70000076293945,60.0,60.06999969482422,12697800
2015-04-06,45.30680847167969,60.470001220703125,60.75,59.650001525878906,59.91999816894531,12025200
2015-04-07,45.59152221679688,60.84999847412109,61.5,60.84999847412109,61.150001525878906,11505500
2015-04-08,45.74136352539063,61.04999923706055,61.560001373291016,60.93999862670898,61.060001373291016,11734000
2015-04-09,46.05605316162109,61.470001220703125,61.58000183105469,60.83000183105469,61.27000045776367,11728500
2015-04-10,46.22837448120117,61.70000076293945,61.77999877929688,61.20000076293945,61.34999847412109,9869700
2015-04-13,46.50558853149414,62.06999969482422,62.27000045776367,61.5,61.63999938964844,15468700
2015-04-14,47.23236083984375,63.040000915527344,63.61000061035156,62.7400016784668,62.959999084472656,33775400
2015-04-15,48.10899353027344,64.20999908447266,64.4800033569336,63.0099983215332,63.08000183105469,28732200
2015-04-16,47.80928039550781,63.810001373291016,64.2699966430664,63.65999984741211,64.08000183105469,16640500
2015-04-17,47.08251190185547,62.84000015258789,63.400001525878906,62.4900016784668,63.25,20221200
2015-04-20,47.3822135925293,63.2400016784668,63.52000045776367,63.13999938964844,63.220001220703125,12755300
2015-04-21,46.68540191650391,62.310001373291016,63.59999847412109,62.130001068115234,63.33000183105469,14985100
2015-04-22,47.15744018554688,62.93999862670898,63.150001525878906,62.02999877929688,62.650001525878906,14484700
2015-04-23,47.052547454833984,62.79999923706055,63.209999084472656,62.59999847412109,62.790000915527344,12851300
2015-04-24,46.90270233154297,62.59999847412109,62.84000015258789,62.34000015258789,62.630001068115234,9597500
2015-04-27,46.70790100097656,62.34000015258789,63.150001525878906,62.310001373291016,62.70000076293945,11146400
2015-04-28,47.02256774902344,62.7599983215332,62.77999877929688,61.77000045776367,62.4900016784668,12307800
2015-04-29,47.65193176269531,63.59999847412109,63.88999938964844,62.459999084472656,62.560001373291016,17601200
2015-04-30,47.39718627929688,63.2599983215332,63.880001068115234,62.91999816894531,63.58000183105469,16840900
2015-05-01,47.65943145751953,63.61000061035156,63.869998931884766,63.33000183105469,63.70000076293945,11640100
2015-05-04,48.49109649658203,64.72000122070312,64.87000274658203,63.63999938964844,63.68000030517578,14972500
2015-05-05,48.2513313293457,64.4000015258789,65.31999969482422,64.29000091552734,64.51000213623047,17692400
2015-05-06,47.891693115234375,63.91999816894531,65.06999969482422,63.41999816894531,64.52999877929688,18087900
2015-05-07,48.32625579833984,64.5,64.5999984741211,63.25,63.66999816894531,15039900
2015-05-08,49.06801223754883,65.48999786376953,65.6500015258789,64.5999984741211,64.97000122070312,16802600
2015-05-11,49.038047790527344,65.44999694824219,65.63999938964844,65.08000183105469,65.26000213623047,13798800
2015-05-12,48.97061538696289,65.36000061035156,65.54000091552734,64.76000213623047,65.30999755859375,12762200
2015-05-13,49.09048843383789,65.5199966430664,65.62999725341797,65.05999755859375,65.41999816894531,11874100
2015-05-14,49.48759078979492,66.05000305175781,66.18000030517578,65.70999908447266,65.83000183105469,11855500
2015-05-15,49.36021041870117,65.87999725341797,66.16000366210938,65.44000244140625,66.12999725341797,11152100
2015-05-18,49.76482391357422,66.41999816894531,66.54000091552734,65.80000305175781,65.80000305175781,10510900
2015-05-19,50.20686340332031,67.01000213623047,67.19000244140625,66.56999969482422,66.7699966430664,14282700
2015-05-20,49.809757232666016,66.4800033569336,67.02999877929688,66.4000015258789,66.94999694824219,12446000
2015-05-21,49.937137603759766,66.6500015258789,66.68000030517578,66.01000213623047,66.13999938964844,12934500
2015-05-22,49.80227279663086,66.47000122070312,66.83000183105469,66.31999969482422,66.62999725341797,9296900
2015-05-26,49.24784851074219,65.7300033569336,66.29000091552734,65.30999755859375,66.19999694824219,15571300
2015-05-27,49.80227279663086,66.47000122070312,66.6500015258789,65.81999969482422,65.94999694824219,10963700
2015-05-28,49.5999641418457,66.19999694824219,66.4000015258789,65.73999786376953,66.36000061035156,11797400
2015-05-29,49.285301208496094,65.77999877929688,66.22000122070312,65.36000061035156,66.18000030517578,14310700
2015-06-01,49.510066986083984,66.08000183105469,66.66000366210938,65.97000122070312,65.98999786376953,11899300
2015-06-02,49.46510314941406,66.0199966430664,66.38999938964844,65.58000183105469,65.83000183105469,12784200
2015-06-03,49.974609375,66.69999694824219,67.12999725341797,66.2699966430664,66.43000030517578,12927300
2015-06-04,49.697383880615234,66.33000183105469,67.05000305175781,66.01000213623047,66.30999755859375,13863300
2015-06-05,50.51405715942383,67.41999816894531,67.83999633789062,67.01000213623047,67.37000274658203,20801100
2015-06-08,50.11693954467773,66.88999938964844,67.55000305175781,66.80999755859375,67.45999908447266,14558700
2015-06-09,50.3342399597168,67.18000030517578,67.2699966430664,66.47000122070312,66.94999694824219,13263500
2015-06-10,51.14342498779297,68.26000213623047,68.5,67.47000122070312,67.58999633789062,17478900
2015-06-11,51.33822250366211,68.5199966430664,68.68000030517578,68.1500015258789,68.36000061035156,13739900
2015-06-12,51.13593292236328,68.25,68.54000091552734,67.87000274658203,68.30999755859375,11804700
2015-06-15,50.94110107421875,67.98999786376953,68.20999908447266,67.30000305175781,67.58000183105469,14082300
2015-06-16,51.22584533691406,68.37000274658203,68.5199966430664,67.62000274658203,67.7699966430664,11692800
2015-06-17,51.05349349975586,68.13999938964844,68.68000030517578,68.04000091552734,68.41000366210938,14521900
2015-06-18,51.53302764892578,68.77999877929688,68.81999969482422,67.9000015258789,68.3499984741211,16759600
2015-06-19,51.008548736572266,68.08000183105469,68.66999816894531,67.91999816894531,68.45999908447266,21606400
2015-06-22,51.66789245605469,68.95999908447266,69.29000091552734,68.75,68.87000274658203,14306700
2015-06-23,52.25981140136719,69.75,69.81999969482422,69.19000244140625,69.3499984741211,15736900
2015-06-24,51.712833404541016,69.0199966430664,69.7699966430664,68.91000366210938,69.51000213623047,16995000
2015-06-25,51.43561935424805,68.6500015258789,69.47000122070312,68.63999938964844,69.31999969482422,13314300
2015-06-26,51.660400390625,68.94999694824219,69.29000091552734,68.7699966430664,68.94000244140625,14489200
2015-06-29,50.34921646118164,67.19999694824219,68.26000213623047,67.16000366210938,67.68000030517578,19934400
2015-06-30,50.76879119873047,67.76000213623047,68.11000061035156,67.16000366210938,67.88999938964844,20677400
2015-07-01,51.33441162109375,68.06999969482422,68.38999938964844,67.77999877929688,68.12000274658203,13964400
2015-07-02,50.91962432861328,67.5199966430664,68.12999725341797,67.19000244140625,67.94999694824219,12822900
2015-07-06,50.77633285522461,67.33000183105469,67.45999908447266,66.54000091552734,66.87999725341797,13527100
2015-07-07,50.376651763916016,66.80000305175781,67.22000122070312,65.30000305175781,67.08999633789062,22421500
2015-07-08,49.34346771240234,65.43000030517578,66.16000366210938,65.20999908447266,66.0,17707200
2015-07-09,49.856292724609375,66.11000061035156,66.69999694824219,65.98999786376953,66.48999786376953,14984700
2015-07-10,50.565185546875,67.05000305175781,67.4000015258789,66.83000183105469,67.22000122070312,12356100
2015-07-13,51.34949493408203,68.08999633789062,68.13999938964844,67.68000030517578,67.88999938964844,16175600
2015-07-14,52.06592178344727,69.04000091552734,69.0999984741211,67.76000213623047,67.9800033569336,20185100
2015-07-15,52.17904281616211,69.19000244140625,69.43000030517578,68.8499984741211,69.2300033569336,16891600
2015-07-16,52.45806503295898,69.55999755859375,69.94999694824219,69.41000366210938,69.62999725341797,18035700
2015-07-17,52.19411849975586,69.20999908447266,69.48999786376953,68.91999816894531,69.3499984741211,14040700
2015-07-20,52.2318229675293,69.26000213623047,69.7699966430664,69.18000030517578,69.5,11512900
2015-07-21,52.11116027832031,69.0999984741211,69.54000091552734,68.87000274658203,69.16000366210938,11659900
2015-07-22,52.85022735595703,70.08000183105469,70.29000091552734,69.19999694824219,69.27999877929688,15493000
2015-07-23,52.51840972900391,69.63999938964844,70.61000061035156,69.45999908447266,70.19000244140625,14331800
2015-07-24,51.967872619628906,68.91000366210938,69.55999755859375,68.68000030517578,69.44000244140625,12413900
2015-07-27,51.28914642333984,68.01000213623047,68.22000122070312,67.56999969482422,68.1500015258789,16801600
2015-07-28,51.3193359375,68.05000305175781,68.5999984741211,67.7699966430664,68.55000305175781,14932400
2015-07-29,51.99051284790039,68.94000244140625,69.0999984741211,68.16000366210938,68.31999969482422,13059200
2015-07-30,52.06592178344727,69.04000091552734,69.44999694824219,68.54000091552734,68.93000030517578,10197200
2015-07-31,51.68130493164063,68.52999877929688,69.04000091552734,68.4000015258789,69.01000213623047,11911800
2015-08-03,51.68130493164063,68.52999877929688,68.83999633789062,68.0,68.58999633789062,9980600
2015-08-04,51.62851333618164,68.45999908447266,68.94999694824219,68.30999755859375,68.47000122070312,10964000
2015-08-05,51.8321418762207,68.7300033569336,69.41999816894531,68.55999755859375,69.05000305175781,11302900
2015-08-06,51.470157623291016,68.25,68.94000244140625,68.0,68.75,10803400
2015-08-07,51.3193359375,68.05000305175781,68.73999786376953,67.55000305175781,68.33000183105469,11453300
2015-08-10,51.95279693603516,68.88999938964844,69.01000213623047,68.22000122070312,68.22000122070312,12661400
2015-08-11,51.45506286621094,68.2300033569336,68.4000015258789,67.8499984741211,68.2300033569336,14800300
2015-08-12,50.70846176147461,67.23999786376953,67.55000305175781,66.06999969482422,67.41000366210938,21069000
2015-08-13,50.94225311279297,67.55000305175781,67.80000305175781,66.97000122070312,67.25,11930600
2015-08-14,51.19865798950195,67.88999938964844,67.91000366210938,67.4000015258789,67.41999816894531,11248800
2015-08-17,51.33441162109375,68.06999969482422,68.23999786376953,67.4000015258789,67.62000274658203,10326500
2015-08-18,51.439979553222656,68.20999908447266,68.36000061035156,67.83999633789062,67.9800033569336,10617500
2015-08-19,50.979957580566406,67.5999984741211,68.30999755859375,67.36000061035156,67.93000030517578,15198200
2015-08-20,49.72808074951172,65.94000244140625,67.04000091552734,65.94000244140625,66.80999755859375,20972300
2015-08-21,47.9633903503418,63.59999847412109,65.44000244140625,63.56999969482422,65.08999633789062,28235500
2015-08-24,45.43701553344727,60.25,62.91999816894531,50.06999969482422,59.290000915527344,36339100
2015-08-25,45.18061447143555,59.90999984741211,63.31999969482422,59.72999954223633,63.09999847412109,31772500
2015-08-26,47.44302749633789,62.90999984741211,62.97999954223633,60.54999923706055,61.79999923706055,33576800
2015-08-27,48.62703323364258,64.4800033569336,64.7300033569336,63.13999938964844,63.97999954223633,29045700
2015-08-28,48.36309051513672,64.12999725341797,64.45999908447266,63.59999847412109,64.29000091552734,16687300
2015-08-31,48.340457916259766,64.0999984741211,64.3499984741211,63.470001220703125,63.61000061035156,14223400
2015-09-01,46.341983795166016,61.45000076293945,62.84999847412109,60.9900016784668,62.84999847412109,23637300
2015-09-02,47.186622619628906,62.56999969482422,62.90999984741211,61.540000915527344,62.619998931884766,17757900
2015-09-03,47.26959228515625,62.68000030517578,63.65999984741211,62.45000076293945,62.880001068115234,17065400
2015-09-04,46.37969207763672,61.5,61.91999816894531,60.75,61.79999923706055,20189000
2015-09-08,47.63157272338867,63.15999984741211,63.20000076293945,62.33000183105469,62.77000045776367,13385100
2015-09-09,46.89250183105469,62.18000030517578,64.33999633789062,62.0,63.93999862670898,13889500
2015-09-10,47.254486083984375,62.65999984741211,63.0,61.45000076293945,61.86000061035156,15751100
2015-09-11,47.17909240722656,62.560001373291016,62.65999984741211,61.9900016784668,62.380001068115234,12766700
2015-09-14,47.0433349609375,62.380001068115234,62.68999862670898,62.119998931884766,62.63999938964844,10202800
2015-09-15,47.94831085205078,63.58000183105469,63.88999938964844,62.5099983215332,62.7599983215332,14023500
2015-09-16,48.370635986328125,64.13999938964844,64.29000091552734,63.209999084472656,63.88999938964844,12235900
2015-09-17,47.24696731567383,62.650001525878906,64.63999938964844,62.38999938964844,64.13999938964844,21249200
2015-09-18,45.95737075805664,60.93999862670898,61.83000183105469,60.77999877929688,61.83000183105469,31008000
2015-09-21,46.341983795166016,61.45000076293945,61.90999984741211,61.08000183105469,61.52000045776367,13136400
2015-09-22,45.93474578857422,60.90999984741211,61.09000015258789,60.41999816894531,60.59999847412109,14811900
2015-09-23,45.73112487792969,60.63999938964844,61.150001525878906,60.31999969482422,60.79999923706055,11712200
2015-09-24,45.41438293457031,60.220001220703125,60.380001068115234,59.459999084472656,60.0099983215332,17293400
2015-09-25,46.35706329345703,61.470001220703125,61.86000061035156,60.869998931884766,61.27000045776367,18384300
2015-09-28,45.233394622802734,59.97999954223633,61.0099983215332,59.68999862670898,60.91999816894531,17452200
2015-09-29,45.12782287597656,59.84000015258789,60.130001068115234,58.72999954223633,59.97999954223633,19334900
2015-09-30,45.97998046875,60.970001220703125,61.0,60.11000061035156,60.70000076293945,18743800
2015-10-01,46.3193588256836,61.41999816894531,61.869998931884766,60.540000915527344,61.119998931884766,16863200
2015-10-02,46.19024658203125,60.810001373291016,60.86000061035156,58.52999877929688,59.59000015258789,20435100
2015-10-05,47.10932922363281,62.02000045776367,62.2400016784668,61.220001220703125,61.2400016784668,13471100
2015-10-06,47.13212203979492,62.04999923706055,62.36000061035156,61.619998931884766,62.11000061035156,12134800
2015-10-07,47.19288635253906,62.130001068115234,63.02999877929688,61.7599983215332,62.54999923706055,12773100
2015-10-08,47.19288635253906,62.130001068115234,62.25,61.43000030517578,61.84999847412109,13964600
2015-10-09,47.04096221923828,61.93000030517578,62.54999923706055,61.58000183105469,62.38999938964844,12112000
2015-10-12,46.8814582824707,61.720001220703125,62.0099983215332,61.400001525878906,61.84000015258789,10857400
2015-10-13,46.7523193359375,61.54999923706055,62.15999984741211,61.310001373291016,61.38999938964844,15621900
2015-10-14,45.5673828125,59.9900016784668,60.970001220703125,59.540000915527344,60.7599983215332,28989400
2015-10-15,47.01057815551758,61.88999938964844,61.959999084472656,60.09999847412109,60.470001220703125,18147900
2015-10-16,47.42076110839844,62.43000030517578,62.650001525878906,62.09000015258789,62.43000030517578,17456600
2015-10-19,47.26125717163086,62.220001220703125,62.77000045776367,61.90999984741211,62.0,14510400
2015-10-20,47.48912811279297,62.52000045776367,62.81999969482422,62.08000183105469,62.36000061035156,11545100
2015-10-21,47.13970947265625,62.060001373291016,62.959999084472656,62.04999923706055,62.880001068115234,12113400
2015-10-22,47.99802780151367,63.18999862670898,63.58000183105469,62.41999816894531,62.41999816894531,15295700
2015-10-23,48.51456832885742,63.869998931884766,64.19000244140625,63.5,63.630001068115234,16985200
2015-10-26,48.53734970092773,63.900001525878906,63.9900016784668,63.40999984741211,63.84000015258789,13880200
2015-10-27,48.33985137939453,63.63999938964844,63.86000061035156,63.310001373291016,63.52999877929688,8831900
2015-10-28,49.75266647338867,65.5,65.73999786376953,63.68999862670898,63.70000076293945,17962000
2015-10-29,49.53240203857422,65.20999908447266,65.83000183105469,64.87999725341797,65.26000213623047,12753700
2015-10-30,48.80320358276367,64.25,65.33999633789062,64.12999725341797,65.30000305175781,15731400
2015-11-02,49.78304672241211,65.54000091552734,65.75,64.38999938964844,64.44999694824219,15253300
2015-11-03,49.96536636352539,65.77999877929688,66.0999984741211,65.16999816894531,65.29000091552734,11519500
2015-11-04,50.01852416992188,65.8499984741211,66.1500015258789,65.62999725341797,66.01000213623047,11388400
2015-11-05,50.46669387817383,66.44000244140625,66.66999816894531,65.75,65.79000091552734,12715900
2015-11-06,52.00103759765625,68.45999908447266,69.02999877929688,68.0999984741211,68.37000274658203,23262700
2015-11-09,51.18827438354492,67.38999938964844,68.72000122070312,67.08000183105469,68.69999694824219,17143800
2015-11-10,51.40856552124024,67.68000030517578,67.8499984741211,66.93000030517578,67.19000244140625,13239700
2015-11-11,51.15790557861328,67.3499984741211,68.16999816894531,67.25,68.0999984741211,8513900
2015-11-12,50.13246536254883,66.0,66.9000015258789,65.94999694824219,66.86000061035156,13576900
2015-11-13,49.798248291015625,65.55999755859375,66.16999816894531,65.2300033569336,65.83999633789062,11837000
2015-11-16,50.51984786987305,66.51000213623047,66.58000183105469,65.16999816894531,65.45999908447266,11041100
2015-11-17,50.2312126159668,66.12999725341797,66.73999786376953,65.88999938964844,66.66999816894531,12354800
2015-11-18,51.23386001586914,67.44999694824219,67.55000305175781,66.37000274658203,66.4800033569336,12911400
2015-11-19,51.39337158203125,67.66000366210938,67.81999969482422,67.04000091552734,67.58000183105469,12839500
2015-11-20,51.302223205566406,67.54000091552734,68.11000061035156,67.37999725341797,67.98999786376953,11209600
2015-11-23,50.8009033203125,66.87999725341797,67.58000183105469,66.77999877929688,67.30999755859375,11339000
2015-11-24,50.72494125366211,66.77999877929688,67.13999938964844,66.04000091552734,66.16999816894531,10910000
2015-11-25,50.78570938110352,66.86000061035156,67.12000274658203,66.55000305175781,66.93000030517578,7772000
2015-11-27,51.02117538452149,67.16999816894531,67.33000183105469,66.63999938964844,67.0,4052500
2015-11-30,50.64897918701172,66.68000030517578,67.5199966430664,66.68000030517578,67.27999877929688,15147500
2015-12-01,51.35540771484375,67.61000061035156,67.83000183105469,66.98999786376953,67.33999633789062,12708800
2015-12-02,50.63379287719727,66.66000366210938,67.87999725341797,66.4800033569336,67.83000183105469,13440900
2015-12-03,49.98053359985352,65.80000305175781,67.02999877929688,65.58000183105469,66.83000183105469,14626900
2015-12-04,51.56807708740234,67.88999938964844,68.0,66.02999877929688,66.0999984741211,17786000
2015-12-07,50.89205551147461,67.0,67.75,66.4000015258789,67.66000366210938,11686000
2015-12-08,50.1020736694336,65.95999908447266,66.95999908447266,65.69999694824219,66.25,13084500
2015-12-09,49.722286224365234,65.45999908447266,66.58000183105469,65.04000091552734,65.61000061035156,16770200
2015-12-10,49.836238861083984,65.61000061035156,66.5,65.08000183105469,65.54000091552734,12839000
2015-12-11,48.666465759277344,64.06999969482422,65.16000366210938,63.5099983215332,64.80000305175781,17889300
2015-12-14,48.818389892578125,64.2699966430664,64.76000213623047,63.59999847412109,64.2300033569336,17638200
2015-12-15,50.20843124389648,66.0999984741211,66.6500015258789,65.06999969482422,65.06999969482422,18126600
2015-12-16,51.29462432861328,67.52999877929688,67.73999786376953,65.91000366210938,66.91000366210938,21720000
2015-12-17,50.34514999389648,66.27999877929688,68.0,66.08000183105469,67.9000015258789,18122100
2015-12-18,48.91714477539063,64.4000015258789,65.97000122070312,64.4000015258789,65.97000122070312,23819600
2015-12-21,49.78304672241211,65.54000091552734,65.55999755859375,64.83000183105469,65.0199966430664,18869300
2015-12-22,49.88940048217773,65.68000030517578,66.0,64.9800033569336,65.91999816894531,12149500
2015-12-23,50.68695831298828,66.7300033569336,66.8499984741211,66.05000305175781,66.12000274658203,12524500
2015-12-24,50.58819961547852,66.5999984741211,66.88999938964844,66.31999969482422,66.62000274658203,4468200
2015-12-28,50.42110061645508,66.37999725341797,66.44999694824219,65.70999908447266,66.29000091552734,6610600
2015-12-29,50.94521331787109,67.06999969482422,67.30000305175781,66.73999786376953,66.83999633789062,9820800
2015-12-30,50.58061218261719,66.58999633789062,67.05000305175781,66.44999694824219,67.04000091552734,7190700
2015-12-31,50.15525817871094,66.02999877929688,66.77999877929688,66.0,66.19000244140625,14654300
2016-01-04,48.64883804321289,63.619998931884766,64.05999755859375,63.0099983215332,63.95000076293945,25393200
2016-01-05,48.73295593261719,63.72999954223633,64.12999725341797,63.040000915527344,63.70000076293945,16566700
2016-01-06,48.02946090698242,62.810001373291016,63.130001068115234,62.34000015258789,62.720001220703125,22961500
2016-01-07,46.08717346191406,60.27000045776367,62.0,60.08000183105469,61.459999084472656,27630900
2016-01-08,45.05486297607422,58.91999816894531,61.27000045776367,58.84999847412109,61.130001068115234,22373300
2016-01-11,44.98602294921875,58.83000183105469,59.220001220703125,58.040000915527344,58.83000183105469,20925500
2016-01-12,45.08542251586914,58.959999084472656,59.560001373291016,58.09999847412109,59.45000076293945,22971600
2016-01-13,43.84666061401367,57.34000015258789,59.68000030517578,56.90999984741211,59.459999084472656,28808100
2016-01-14,44.50428771972656,58.20000076293945,59.380001068115234,57.290000915527344,58.15999984741211,31296300
2016-01-15,43.61725234985352,57.040000915527344,57.56999969482422,56.220001220703125,56.45000076293945,38131700
2016-01-19,43.59431076049805,57.0099983215332,57.970001220703125,56.5099983215332,57.72999954223633,22818900
2016-01-20,42.447296142578125,55.5099983215332,56.18000030517578,54.65999984741211,55.630001068115234,34646100
2016-01-21,42.24846649169922,55.25,56.52000045776367,55.060001373291016,55.7400016784668,31301100
2016-01-22,43.548431396484375,56.95000076293945,57.15999984741211,56.29999923706055,56.43999862670898,22732200
2016-01-25,42.56199264526367,55.65999984741211,56.84999847412109,55.59999847412109,56.47999954223633,21114400
2016-01-26,43.64785003662109,57.08000183105469,57.150001525878906,55.810001373291016,55.84999847412109,17535700
2016-01-27,43.61725234985352,57.040000915527344,58.27000045776367,56.560001373291016,57.08000183105469,20560000
2016-01-28,43.80078125,57.27999877929688,57.970001220703125,56.630001068115234,57.52000045776367,15497900
2016-01-29,45.49836730957031,59.5,59.540000915527344,57.5099983215332,57.83000183105469,26992200
2016-02-01,45.00897216796875,58.86000061035156,59.650001525878906,58.43999862670898,59.15999984741211,16807900
2016-02-02,43.60960006713867,57.02999877929688,57.97999954223633,56.75,57.880001068115234,22448200
2016-02-03,43.900184631347656,57.40999984741211,57.79999923706055,55.02000045776367,57.369998931884766,31543200
2016-02-04,44.65720748901367,58.400001525878906,58.52000045776367,57.060001373291016,57.060001373291016,21651300
2016-02-05,44.16017532348633,57.75,59.13999938964844,57.41999816894531,58.58000183105469,22001300
2016-02-08,43.23490905761719,56.540000915527344,56.91999816894531,55.540000915527344,56.68999862670898,28267600
2016-02-09,42.97492218017578,56.20000076293945,56.68999862670898,55.130001068115234,55.290000915527344,26300000
2016-02-10,42.45494842529297,55.52000045776367,57.40999984741211,55.470001220703125,56.56999969482422,22389600
2016-02-11,40.58147811889648,53.06999969482422,53.90999984741211,52.5,53.900001525878906,44334700
2016-02-12,43.96136093139648,57.4900016784668,57.56999969482422,55.16999816894531,55.650001525878906,37011400
2016-02-16,44.61899185180664,58.34999847412109,58.59999847412109,57.63999938964844,58.22999954223633,23730700
2016-02-17,44.94015121459961,58.77000045776367,59.25,58.38999938964844,58.84999847412109,21580100
2016-02-18,44.206050872802734,57.810001373291016,58.86000061035156,57.25,58.84000015258789,17037800
2016-02-19,44.21369934082031,57.81999969482422,58.16999816894531,57.08000183105469,57.5,15658200
2016-02-22,44.78721618652344,58.56999969482422,58.880001068115234,58.41999816894531,58.5099983215332,14882800
2016-02-23,42.913761138916016,56.119998931884766,58.09000015258789,55.959999084472656,57.900001525878906,31772500
2016-02-24,42.92903137207031,56.13999938964844,56.209999084472656,54.33000183105469,55.20000076293945,25560100
2016-02-25,43.59431076049805,57.0099983215332,57.02999877929688,56.040000915527344,56.130001068115234,14473300
2016-02-26,43.99958419799805,57.540000915527344,58.11000061035156,57.13999938964844,57.63999938964844,20947500
2016-02-29,43.051395416259766,56.29999923706055,57.61000061035156,56.290000915527344,57.40999984741211,19554100
2016-03-01,45.26895904541016,59.20000076293945,59.20000076293945,56.66999816894531,56.7599983215332,23958100
2016-03-02,45.69718170166016,59.7599983215332,59.900001525878906,58.959999084472656,59.20000076293945,20943100
2016-03-03,45.85010528564453,59.959999084472656,59.959999084472656,59.09999847412109,59.58000183105469,15790600
2016-03-04,45.918941497802734,60.04999923706055,60.54999923706055,59.52999877929688,60.09999847412109,18459000
2016-03-07,45.83482360839844,59.93999862670898,60.04999923706055,59.31999969482422,59.540000915527344,12832400
2016-03-08,44.94779586791992,58.77999877929688,59.5,58.68000030517578,59.209999084472656,14132900
2016-03-09,45.20777893066406,59.119998931884766,59.540000915527344,58.68000030517578,59.150001525878906,13238800
2016-03-10,44.81781005859375,58.61000061035156,59.66999816894531,57.810001373291016,59.59000015258789,21139200
2016-03-11,45.376014709472656,59.34000015258789,59.5099983215332,58.650001525878906,59.38999938964844,21055000
2016-03-14,45.20777893066406,59.119998931884766,59.310001373291016,58.59999847412109,59.150001525878906,13436100
2016-03-15,45.26895904541016,59.20000076293945,59.209999084472656,58.43000030517578,58.540000915527344,10910500
2016-03-16,45.05486297607422,58.91999816894531,59.75,58.470001220703125,58.97999954223633,17423900
2016-03-17,44.92485427856445,58.75,59.130001068115234,57.9900016784668,58.77000045776367,19405700
2016-03-18,46.24774932861328,60.47999954223633,60.970001220703125,59.65999984741211,60.04999923706055,29570200
2016-03-21,46.23245620727539,60.459999084472656,60.81999969482422,59.959999084472656,60.220001220703125,12684400
2016-03-22,46.06422424316406,60.2400016784668,60.58000183105469,59.619998931884766,59.9900016784668,12042700
2016-03-23,45.83482360839844,59.93999862670898,60.5099983215332,59.86000061035156,60.34000015258789,11658700
2016-03-24,45.48307418823242,59.47999954223633,59.5099983215332,58.869998931884766,59.29999923706055,12921200
2016-03-28,45.42190170288086,59.400001525878906,59.75,59.18000030517578,59.52999877929688,11159700
2016-03-29,45.13896560668945,59.02999877929688,59.33000183105469,58.52999877929688,59.33000183105469,15933400
2016-03-30,45.6589469909668,59.709999084472656,60.22999954223633,59.380001068115234,59.459999084472656,13307100
2016-03-31,45.28425598144531,59.220001220703125,59.93000030517578,59.11000061035156,59.45000076293945,14904700
2016-04-01,45.781288146972656,59.869998931884766,60.060001373291016,58.560001373291016,59.02000045776367,15417500
2016-04-04,45.6041145324707,59.20000076293945,59.56999969482422,58.959999084472656,59.43999862670898,12305000
2016-04-05,44.95703125,58.36000061035156,58.83000183105469,58.209999084472656,58.59000015258789,12886600
2016-04-06,45.30368423461914,58.810001373291016,58.880001068115234,57.95000076293945,58.18000030517578,12167900
2016-04-07,44.15589141845703,57.31999969482422,58.43000030517578,57.06999969482422,58.2599983215332,19226800
2016-04-08,44.47941970825195,57.7400016784668,58.58000183105469,57.68999862670898,57.709999084472656,13547700
2016-04-11,44.833778381347656,58.20000076293945,58.880001068115234,57.90999984741211,57.90999984741211,17627800
2016-04-12,45.66574478149414,59.27999877929688,59.38999938964844,58.20000076293945,58.34000015258789,17779200
2016-04-13,47.59929656982422,61.790000915527344,62.15999984741211,60.380001068115234,60.47999954223633,37516800
2016-04-14,48.2155647277832,62.59000015258789,62.90999984741211,61.61000061035156,61.68999862670898,24249900
2016-04-15,47.66091537475586,61.869998931884766,62.900001525878906,61.45000076293945,62.880001068115234,19290700
2016-04-18,47.969051361083984,62.27000045776367,62.58000183105469,61.52999877929688,61.63999938964844,13813100
2016-04-19,48.77790069580078,63.31999969482422,63.47999954223633,62.54999923706055,62.54999923706055,19255600
2016-04-20,49.48662185668945,64.23999786376953,64.30999755859375,63.150001525878906,63.47999954223633,14594400
2016-04-21,48.99361038208008,63.59999847412109,64.66000366210938,63.34000015258789,64.26000213623047,15395800
2016-04-22,49.27864074707031,63.970001220703125,64.37999725341797,63.63999938964844,63.63999938964844,12444700
2016-04-25,48.99361038208008,63.59999847412109,63.95000076293945,63.150001525878906,63.59999847412109,10687200
2016-04-26,49.247825622558594,63.93000030517578,64.06999969482422,63.33000183105469,63.810001373291016,12048000
2016-04-27,49.38649368286133,64.11000061035156,64.63999938964844,63.59999847412109,63.86000061035156,15284100
2016-04-28,48.99361038208008,63.59999847412109,64.41999816894531,63.34999847412109,63.63999938964844,12852500
2016-04-29,48.68547821044922,63.20000076293945,63.61000061035156,62.70000076293945,63.09000015258789,16376400
2016-05-02,49.13996887207031,63.790000915527344,64.0,63.13999938964844,63.68999862670898,10247300
2016-05-03,48.19245910644531,62.560001373291016,62.90999984741211,61.79999923706055,62.900001525878906,19120300
2016-05-04,47.42982864379883,61.56999969482422,62.2599983215332,61.27000045776367,61.75,17030200
2016-05-05,47.17559814453125,61.2400016784668,62.0,61.060001373291016,61.59999847412109,14033900
2016-05-06,47.452938079833984,61.59999847412109,61.68000030517578,60.59000015258789,60.70000076293945,11057900
2016-05-09,47.15250015258789,61.209999084472656,61.88999938964844,61.04999923706055,61.369998931884766,11197100
2016-05-10,47.79187774658203,62.040000915527344,62.2599983215332,61.34999847412109,61.54999923706055,11897200
2016-05-11,47.61471176147461,61.810001373291016,62.59999847412109,61.810001373291016,61.970001220703125,11254000
2016-05-12,47.58388519287109,61.77000045776367,62.560001373291016,61.369998931884766,62.27000045776367,11071700
2016-05-13,47.14479446411133,61.20000076293945,62.400001525878906,61.02000045776367,61.70000076293945,15122300
2016-05-16,47.49916076660156,61.65999984741211,61.9900016784668,61.0,61.209999084472656,10951300
2016-05-17,47.49916076660156,61.65999984741211,62.15999984741211,61.150001525878906,61.43000030517578,12180900
2016-05-18,49.33256149291992,64.04000091552734,64.16999816894531,61.68999862670898,61.70000076293945,24007100
2016-05-19,48.83183670043945,63.38999938964844,64.22000122070312,62.900001525878906,63.52999877929688,16076200
2016-05-20,48.92426681518555,63.5099983215332,64.19000244140625,63.369998931884766,63.86000061035156,11862000
2016-05-23,48.88576889038086,63.459999084472656,63.869998931884766,63.15999984741211,63.45000076293945,9347500
2016-05-24,49.71773147583008,64.54000091552734,64.7699966430664,63.810001373291016,63.93999862670898,13839400
2016-05-25,50.472652435302734,65.5199966430664,66.19999694824219,64.91999816894531,64.94000244140625,18935200
2016-05-26,50.09519577026367,65.02999877929688,65.58000183105469,64.91000366210938,65.56999969482422,9428400
2016-05-27,50.40332412719727,65.43000030517578,65.45999908447266,65.05000305175781,65.20999908447266,10116000
2016-05-31,50.28006362915039,65.2699966430664,65.81999969482422,64.95999908447266,65.7300033569336,15139400
2016-06-01,50.603607177734375,65.69000244140625,65.91999816894531,64.26000213623047,64.76000213623047,14031000
2016-06-02,50.69606018066406,65.80999755859375,65.80999755859375,65.16000366210938,65.5199966430664,10637600
2016-06-03,49.79476547241211,64.63999938964844,64.86000061035156,63.54999923706055,64.25,20261700
2016-06-06,50.28777313232422,65.27999877929688,65.76000213623047,64.5999984741211,64.63999938964844,13193500
2016-06-07,50.1182975769043,65.05999755859375,65.73999786376953,65.04000091552734,65.44999694824219,9924100
2016-06-08,50.26466751098633,65.25,65.4800033569336,64.91999816894531,64.93000030517578,9428000
2016-06-09,49.87949752807617,64.75,64.9000015258789,64.2699966430664,64.79000091552734,10817800
2016-06-10,49.178497314453125,63.84000015258789,64.06999969482422,63.58000183105469,63.93000030517578,16678400
2016-06-13,48.73939514160156,63.27000045776367,64.33999633789062,63.2599983215332,63.47999954223633,14314900
2016-06-14,47.82268905639648,62.08000183105469,63.470001220703125,61.68000030517578,62.68000030517578,19509300
2016-06-15,47.73795700073242,61.970001220703125,62.97999954223633,61.90999984741211,62.40999984741211,16982100
2016-06-16,47.93054962158203,62.220001220703125,62.29999923706055,60.900001525878906,61.45000076293945,16791200
2016-06-17,47.97676467895508,62.27999877929688,62.709999084472656,61.93000030517578,62.29999923706055,15751500
2016-06-20,48.04609298706055,62.369998931884766,63.84999847412109,62.34000015258789,63.45000076293945,12213200
2016-06-21,48.49289321899414,62.95000076293945,63.0,62.13999938964844,62.72999954223633,11611600
2016-06-22,48.30800628662109,62.709999084472656,63.709999084472656,62.68000030517578,62.95000076293945,12643500
2016-06-23,49.34027099609375,64.05000305175781,64.1500015258789,63.52999877929688,63.70000076293945,16583600
2016-06-24,45.912235260009766,59.59999847412109,61.70000076293945,59.34000015258789,60.47999954223633,44108700
2016-06-27,44.3792724609375,57.61000061035156,58.75,57.04999923706055,58.709999084472656,37300700
2016-06-28,45.85062026977539,59.52000045776367,59.54999923706055,58.2599983215332,59.18999862670898,29088700
2016-06-29,47.14479446411133,61.20000076293945,61.209999084472656,60.0,60.36000061035156,21483000
2016-06-30,47.868900299072266,62.13999938964844,62.18999862670898,61.02000045776367,61.630001068115234,21343600
2016-07-01,47.558380126953125,61.2599983215332,62.0099983215332,61.15999984741211,61.65999984741211,14217800
2016-07-05,46.230838775634766,59.54999923706055,60.59999847412109,59.09999847412109,60.45000076293945,23357700
2016-07-06,46.72769165039063,60.18999862670898,60.290000915527344,58.7599983215332,59.0099983215332,20429800
2016-07-07,47.03047943115234,60.58000183105469,61.13999938964844,60.15999984741211,60.52000045776367,13771400
2016-07-08,48.000885009765625,61.83000183105469,62.16999816894531,61.33000183105469,61.33000183105469,16998800
2016-07-11,48.34247970581055,62.27000045776367,62.95000076293945,62.13999938964844,62.41999816894531,13151400
2016-07-12,49.06446075439453,63.20000076293945,63.560001373291016,62.88999938964844,63.02999877929688,16588100
2016-07-13,49.033424377441406,63.15999984741211,63.43000030517578,62.63999938964844,63.08000183105469,18526900
2016-07-14,49.77870559692383,64.12000274658203,64.9800033569336,64.05000305175781,64.73999786376953,28985900
2016-07-15,49.825286865234375,64.18000030517578,64.80000305175781,63.61000061035156,64.75,17607100
2016-07-18,49.65447616577149,63.959999084472656,64.4000015258789,63.900001525878906,64.12999725341797,10824400
2016-07-19,49.57685470581055,63.86000061035156,64.0999984741211,63.459999084472656,63.61000061035156,9737400
2016-07-20,49.631195068359375,63.93000030517578,64.2300033569336,63.709999084472656,64.11000061035156,10411100
2016-07-21,49.44487762451172,63.68999862670898,64.18000030517578,63.630001068115234,64.0,9808700
2016-07-22,49.716583251953125,64.04000091552734,64.08999633789062,63.59999847412109,63.900001525878906,8195700
2016-07-25,49.58462142944336,63.869998931884766,64.16999816894531,63.68000030517578,63.97999954223633,8168300
2016-07-26,49.78645324707031,64.12999725341797,64.26000213623047,63.709999084472656,63.97999954223633,8067800
2016-07-27,49.94173049926758,64.33000183105469,64.69000244140625,64.05999755859375,64.08000183105469,11806800
2016-07-28,49.76317596435547,64.0999984741211,64.19000244140625,63.720001220703125,64.0,10013400
2016-07-29,49.66225814819336,63.970001220703125,64.29000091552734,63.75,63.79999923706055,13210400
2016-08-01,49.5302734375,63.79999923706055,64.30999755859375,63.61000061035156,64.1500015258789,11422600
2016-08-02,49.413822174072266,63.650001525878906,64.01000213623047,63.380001068115234,63.59000015258789,13550000
2016-08-03,50.19792556762695,64.66000366210938,64.66999816894531,63.650001525878906,63.68999862670898,13122300
2016-08-04,50.12028884887695,64.55999755859375,64.81999969482422,64.2699966430664,64.48999786376953,9873000
2016-08-05,51.47111892700195,66.30000305175781,66.37000274658203,65.06999969482422,65.13999938964844,20752700
2016-08-08,51.31584548950195,66.0999984741211,66.48999786376953,65.83999633789062,66.06999969482422,11359200
2016-08-09,51.13730239868164,65.87000274658203,66.27999877929688,65.69000244140625,66.18000030517578,10097000
2016-08-10,50.67924880981445,65.27999877929688,66.06999969482422,65.16000366210938,65.91999816894531,11556100
2016-08-11,50.81899642944336,65.45999908447266,65.69000244140625,65.0199966430664,65.2699966430664,9604500
2016-08-12,50.71030426025391,65.31999969482422,65.3499984741211,64.86000061035156,64.97000122070312,7685400
2016-08-15,51.020843505859375,65.72000122070312,65.83000183105469,65.45999908447266,65.55999755859375,8371600
2016-08-16,51.01308059692383,65.70999908447266,65.95999908447266,65.23999786376953,65.36000061035156,10128900
2016-08-17,51.15281677246094,65.88999938964844,65.9800033569336,65.54000091552734,65.80000305175781,11868100
2016-08-18,51.19939041137695,65.94999694824219,65.98999786376953,65.52999877929688,65.62000274658203,9313600
2016-08-19,51.12953567504883,65.86000061035156,65.91000366210938,65.22000122070312,65.72000122070312,9084900
2016-08-22,51.08294296264648,65.80000305175781,65.87999725341797,65.41000366210938,65.75,9055600
2016-08-23,51.05965423583984,65.7699966430664,66.33999633789062,65.76000213623047,66.06999969482422,8949600
2016-08-24,51.19939041137695,65.94999694824219,66.2300033569336,65.7699966430664,65.98999786376953,10167200
2016-08-25,51.29255294799805,66.06999969482422,66.13999938964844,65.79000091552734,65.91000366210938,9978700
2016-08-26,51.40899658203125,66.22000122070312,66.87999725341797,65.8499984741211,66.33000183105469,14038600
2016-08-29,51.97574234008789,66.94999694824219,67.0999984741211,66.45999908447266,66.48999786376953,14583100
2016-08-30,52.40272903442383,67.5,67.5999984741211,66.94999694824219,66.94999694824219,13791200
2016-08-31,52.40272903442383,67.5,67.7699966430664,66.86000061035156,67.45999908447266,14952300
2016-09-01,52.17757415771485,67.20999908447266,67.72000122070312,66.6500015258789,67.63999938964844,12226500
2016-09-02,52.39495849609375,67.48999786376953,67.58000183105469,66.9800033569336,67.4000015258789,13720700
2016-09-06,52.35614776611328,67.44000244140625,67.55000305175781,66.70999908447266,67.5,16649400
2016-09-07,52.138771057128906,67.16000366210938,67.58999633789062,66.95999908447266,67.16000366210938,10070400
2016-09-08,52.20863723754883,67.25,67.68000030517578,67.0,67.22000122070312,12253000
2016-09-09,51.74281692504883,66.6500015258789,67.43000030517578,66.63999938964844,67.02999877929688,19686900
2016-09-12,52.061134338378906,67.05999755859375,67.30000305175781,65.76000213623047,66.13999938964844,16453000
2016-09-13,51.64967346191406,66.52999877929688,66.86000061035156,65.81999969482422,66.11000061035156,18876100
2016-09-14,51.54875183105469,66.4000015258789,67.25,66.20999908447266,66.2699966430664,12648600
2016-09-15,51.73507308959961,66.63999938964844,66.93000030517578,66.08999633789062,66.29000091552734,12531300
2016-09-16,51.09846496582031,65.81999969482422,66.26000213623047,65.44000244140625,66.08999633789062,25161500
2016-09-19,51.38571548461914,66.19000244140625,66.63999938964844,65.8499984741211,66.1500015258789,13466900
2016-09-20,51.5953254699707,66.45999908447266,66.8499984741211,66.23999786376953,66.75,10092200
2016-09-21,51.89032745361328,66.83999633789062,67.12999725341797,66.30999755859375,66.83999633789062,14116800
2016-09-22,52.317325592041016,67.38999938964844,67.41999816894531,66.83999633789062,66.98999786376953,12781700
2016-09-23,52.20863723754883,67.25,67.9000015258789,67.18000030517578,67.38999938964844,13967400
2016-09-26,51.067420959472656,65.77999877929688,66.80000305175781,65.54000091552734,66.5999984741211,16408100
2016-09-27,51.51769256591797,66.36000061035156,66.41000366210938,65.11000061035156,65.41000366210938,13711400
2016-09-28,51.78940582275391,66.70999908447266,66.7699966430664,65.98999786376953,66.58000183105469,11278000
2016-09-29,50.96649932861328,65.6500015258789,67.20999908447266,65.3499984741211,66.69999694824219,18727200
2016-09-30,51.69623947143555,66.58999633789062,67.05999755859375,66.08000183105469,66.08000183105469,21680100
2016-10-03,51.63414001464844,66.51000213623047,66.91999816894531,66.26000213623047,66.3499984741211,14901700
2016-10-04,52.079872131347656,66.5999984741211,67.18000030517578,66.0999984741211,66.20999908447266,17226900
2016-10-05,52.93223190307617,67.69000244140625,68.06999969482422,66.80000305175781,66.88999938964844,16280000
2016-10-06,53.07297897338867,67.87000274658203,67.97000122070312,67.05000305175781,67.7300033569336,17485000
2016-10-07,53.26066207885742,68.11000061035156,68.18000030517578,67.4000015258789,67.79000091552734,18497000
2016-10-10,53.67510986328125,68.63999938964844,69.05999755859375,68.2300033569336,68.33999633789062,13027500
2016-10-11,53.41706085205078,68.30999755859375,68.81999969482422,67.93000030517578,68.5,15657100
2016-10-12,53.27631759643555,68.12999725341797,68.58999633789062,68.05000305175781,68.26000213623047,11899800
2016-10-13,52.971336364746094,67.73999786376953,67.87000274658203,66.81999969482422,67.45999908447266,17890000
2016-10-14,52.79930114746094,67.5199966430664,69.02999877929688,67.30000305175781,68.80000305175781,24163800
2016-10-17,52.52560424804688,67.16999816894531,67.79000091552734,66.73999786376953,67.41999816894531,14963400
2016-10-18,52.94004440307617,67.69999694824219,68.20999908447266,67.54000091552734,67.8499984741211,11870300
2016-10-19,53.44833755493164,68.3499984741211,68.5,67.80999755859375,67.80999755859375,12705800
2016-10-20,53.377967834472656,68.26000213623047,68.68000030517578,67.94000244140625,68.08000183105469,14122000
2016-10-21,53.55782318115234,68.48999786376953,68.52999877929688,67.69999694824219,67.80999755859375,12175700
2016-10-24,53.854976654052734,68.87000274658203,69.05000305175781,68.5,68.97000122070312,10197100
2016-10-25,53.800235748291016,68.80000305175781,68.93000030517578,68.37999725341797,68.87999725341797,9945100
2016-10-26,54.05828475952149,69.12999725341797,69.25,68.37000274658203,68.37000274658203,9801300
2016-10-27,54.136474609375,69.2300033569336,69.7699966430664,69.0999984741211,69.48999786376953,14210700
2016-10-28,54.04264450073242,69.11000061035156,69.55000305175781,68.47000122070312,69.52999877929688,12766500
2016-10-31,54.15992736816406,69.26000213623047,69.58000183105469,69.2300033569336,69.43000030517578,14336300
2016-11-01,53.93316268920898,68.97000122070312,69.77999877929688,68.33000183105469,69.4800033569336,15564500
2016-11-02,53.70639801025391,68.68000030517578,68.8499984741211,68.01000213623047,68.6500015258789,12449800
2016-11-03,53.47179412841797,68.37999725341797,69.19000244140625,68.22000122070312,68.86000061035156,10369700
2016-11-04,52.98696517944336,67.76000213623047,68.55999755859375,67.63999938964844,68.48999786376953,13571300
2016-11-07,54.6447639465332,69.87999725341797,69.97000122070312,69.0,69.08000183105469,16515100
2016-11-08,54.76205825805664,70.02999877929688,70.55000305175781,69.23999786376953,69.69999694824219,17531700
2016-11-09,57.280029296875,73.25,74.1500015258789,71.31999969482422,71.45999908447266,50948400
2016-11-10,59.93877029418945,76.6500015258789,77.25,74.22000122070312,74.22000122070312,56192300
2016-11-11,59.97005081176758,76.69000244140625,76.72000122070312,75.7699966430664,76.30000305175781,27574300
2016-11-14,62.17522048950195,79.51000213623047,80.44000244140625,77.25,77.25,46130700
2016-11-15,62.05794143676758,79.36000061035156,79.41000366210938,77.77999877929688,78.37000274658203,28126300
2016-11-16,60.52524566650391,77.4000015258789,78.3499984741211,76.87999725341797,78.22000122070312,26054900
2016-11-17,61.01008224487305,78.0199966430664,78.45999908447266,77.5999984741211,77.93000030517578,19306700
2016-11-18,60.76765823364258,77.70999908447266,78.41999816894531,77.55000305175781,77.95999908447266,19770000
2016-11-21,61.03354263305664,78.05000305175781,78.16999816894531,77.29000091552734,78.0,11983500
2016-11-22,61.40888595581055,78.52999877929688,78.55999755859375,77.76000213623047,78.3499984741211,14410100
2016-11-23,61.666954040527344,78.86000061035156,79.23999786376953,77.88999938964844,78.87000274658203,13373700
2016-11-25,61.64348220825195,78.83000183105469,79.44999694824219,78.47000122070312,79.0999984741211,6185700
2016-11-28,61.24468994140625,78.31999969482422,78.87000274658203,78.0199966430664,78.18000030517578,13007200
2016-11-29,61.7138786315918,78.91999816894531,79.16000366210938,78.38999938964844,78.38999938964844,14144100
2016-11-30,62.69134521484375,80.16999816894531,80.52999877929688,79.69999694824219,79.91999816894531,25351900
2016-12-01,63.9581413269043,81.79000091552734,82.27999877929688,80.6500015258789,80.6500015258789,23823600
2016-12-02,63.809566497802734,81.5999984741211,81.83000183105469,80.9000015258789,81.80000305175781,16931500
2016-12-05,65.10767364501953,83.26000213623047,83.29000091552734,82.29000091552734,82.30000305175781,18529800
2016-12-06,65.44391632080078,83.69000244140625,83.80999755859375,82.43000030517578,83.5999984741211,16130000
2016-12-07,65.74105834960938,84.06999969482422,84.08999633789062,82.8499984741211,83.55000305175781,18996900
2016-12-08,66.5621566772461,85.12000274658203,85.5,83.94000244140625,84.2300033569336,20844900
2016-12-09,66.85147857666016,85.48999786376953,85.5,84.13999938964844,85.0199966430664,14567200
2016-12-12,66.2571792602539,84.7300033569336,85.79000091552734,84.29000091552734,85.36000061035156,14511300
2016-12-13,66.28063201904297,84.76000213623047,85.66999816894531,83.81999969482422,84.9800033569336,16669000
2016-12-14,66.2571792602539,84.7300033569336,86.12000274658203,83.76000213623047,83.87999725341797,22622600
2016-12-15,67.25027465820312,86.0,86.48999786376953,84.9000015258789,85.4000015258789,19438900
2016-12-16,66.42137908935547,84.94000244140625,86.29000091552734,84.88999938964844,86.29000091552734,23008500
2016-12-19,66.8045654296875,85.43000030517578,85.44000244140625,84.19000244140625,84.80000305175781,21685100
2016-12-20,67.66472625732422,86.52999877929688,86.54000091552734,85.55000305175781,85.79000091552734,14587300
2016-12-21,67.8367691040039,86.75,86.80999755859375,86.02999877929688,86.43000030517578,11400500
2016-12-22,67.94623565673828,86.88999938964844,87.16999816894531,86.20999908447266,86.44000244140625,13924200
2016-12-23,68.07136535644531,87.05000305175781,87.1500015258789,86.4000015258789,87.0,10759400
2016-12-27,68.13391876220703,87.12999725341797,87.16000366210938,86.75,87.05000305175781,6946400
2016-12-28,67.64128875732422,86.5,87.38999938964844,86.3499984741211,87.16000366210938,9455600
2016-12-29,67.16425323486328,85.88999938964844,86.66999816894531,85.04000091552734,86.58000183105469,14689000
2016-12-30,67.47705078125,86.29000091552734,86.41999816894531,85.66000366210938,86.0999984741211,13617800
2017-01-03,68.21208953857422,87.2300033569336,87.76000213623047,85.9800033569336,87.33999633789062,20550700
2017-01-04,68.33793640136719,86.91000366210938,87.18000030517578,86.4000015258789,86.95999908447266,15266600
2017-01-05,67.70887756347656,86.11000061035156,87.11000061035156,85.26000213623047,86.80999755859375,14300800
2017-01-06,67.71673583984375,86.12000274658203,86.62000274658203,85.94000244140625,86.38999938964844,12893300
2017-01-09,67.76393127441406,86.18000030517578,86.7699966430664,85.5199966430664,85.7300033569336,12806600
2017-01-10,67.96050262451172,86.43000030517578,86.9000015258789,85.72000122070312,86.06999969482422,13989000
2017-01-11,68.47161865234375,87.08000183105469,87.08000183105469,85.91000366210938,86.43000030517578,14713100
2017-01-12,67.81111907958984,86.23999786376953,87.2699966430664,86.0199966430664,86.76000213623047,21337400
2017-01-13,68.17279052734375,86.69999694824219,88.16999816894531,86.0999984741211,87.11000061035156,28296000
2017-01-17,65.69595336914062,83.55000305175781,85.22000122070312,83.27999877929688,84.93000030517578,30024600
2017-01-18,66.0025863647461,83.94000244140625,84.2300033569336,83.02999877929688,83.62999725341797,21270100
2017-01-19,65.4993667602539,83.30000305175781,84.66999816894531,83.12000274658203,84.05999755859375,16555600
2017-01-20,65.79029846191406,83.66999816894531,83.83000183105469,83.29000091552734,83.43000030517578,18436800
2017-01-23,65.82174682617188,83.70999908447266,84.0,83.20999908447266,83.30000305175781,12179200
2017-01-24,66.61592102050781,84.72000122070312,85.0,83.55999755859375,83.91999816894531,15175300
2017-01-25,67.6459732055664,86.02999877929688,86.16999816894531,85.16999816894531,85.83999633789062,17551000
2017-01-26,68.21208953857422,86.75,86.94999694824219,85.94999694824219,85.94999694824219,15962800
2017-01-27,68.35364532470703,86.93000030517578,86.9800033569336,86.2699966430664,86.66000366210938,12535400
2017-01-30,67.6459732055664,86.02999877929688,86.5,85.31999969482422,86.19000244140625,13661900
2017-01-31,66.54513549804688,84.62999725341797,86.1500015258789,84.08999633789062,85.5999984741211,15655100
2017-02-01,66.79676055908203,84.94999694824219,86.0999984741211,84.68000030517578,85.54000091552734,15430900
2017-02-02,66.51368713378906,84.58999633789062,84.91000366210938,84.16000366210938,84.33999633789062,11081400
2017-02-03,68.55025482177734,87.18000030517578,87.30999755859375,85.87000274658203,86.19000244140625,17885200
2017-02-06,68.22782135009766,86.7699966430664,87.44999694824219,86.61000061035156,86.79000091552734,11828400
2017-02-07,68.18852233886719,86.72000122070312,87.4000015258789,86.4800033569336,87.13999938964844,9392800
2017-02-08,67.5909423828125,85.95999908447266,86.30999755859375,85.37000274658203,86.18000030517578,13970900
2017-02-09,68.56593322753906,87.19999694824219,87.33000183105469,85.95999908447266,85.95999908447266,13749100
2017-02-10,68.40870666503906,87.0,87.4800033569336,86.88999938964844,87.4800033569336,10992500
2017-02-13,69.31295013427734,88.1500015258789,88.73999786376953,87.43000030517578,87.44000244140625,18739100
2017-02-14,70.421630859375,89.55999755859375,89.69999694824219,88.11000061035156,88.30000305175781,17932100
2017-02-15,71.23155212402344,90.58999633789062,90.87000274658205,89.3499984741211,90.08000183105467,17381800
2017-02-16,71.18435668945312,90.52999877929688,91.04000091552734,89.7699966430664,90.4000015258789,17672700
2017-02-17,70.94847106933594,90.2300033569336,90.47000122070312,89.69000244140625,89.81999969482422,15776600
2017-02-21,71.5617904663086,91.01000213623048,91.1500015258789,90.45999908447266,90.51000213623048,14068300
2017-02-22,71.60111236572266,91.05999755859376,91.3000030517578,90.41999816894533,90.5199966430664,11839000
2017-02-23,71.65613555908203,91.12999725341795,91.33999633789062,90.5199966430664,91.18000030517578,11067000
2017-02-24,71.027099609375,90.33000183105467,90.54000091552734,89.7300033569336,90.18000030517578,15062300
2017-02-27,71.105712890625,90.43000030517578,90.7300033569336,90.0199966430664,90.31999969482422,12361000
2017-02-28,71.25513458251953,90.62000274658205,90.81999969482422,89.58999633789062,89.8499984741211,15183500
2017-03-01,73.59831237792969,93.5999984741211,93.9800033569336,92.61000061035156,92.79000091552734,24451400
2017-03-02,72.45032501220703,92.13999938964844,93.91999816894533,92.02999877929688,93.87000274658205,16862500
2017-03-03,72.96929168701172,92.8000030517578,93.11000061035156,92.13999938964844,92.13999938964844,12817500
2017-03-06,72.27733612060547,91.91999816894533,92.31999969482422,91.0999984741211,92.25,15059200
2017-03-07,71.87630462646484,91.41000366210938,92.08999633789062,91.20999908447266,91.63999938964844,11156800
2017-03-08,71.71905517578125,91.20999908447266,92.8499984741211,91.0999984741211,92.68000030517578,17378400
2017-03-09,72.00212097167969,91.56999969482422,92.13999938964844,91.1500015258789,91.5999984741211,13726200
2017-03-10,71.77409362792969,91.27999877929688,92.0,90.52999877929688,91.9499969482422,13729900
2017-03-13,71.83699798583984,91.36000061035156,91.77999877929688,90.93000030517578,91.30999755859376,10004300
2017-03-14,71.95494079589844,91.51000213623048,91.6500015258789,90.7699966430664,91.0199966430664,10237700
2017-03-15,72.12794494628906,91.7300033569336,92.5500030517578,91.12999725341795,91.8000030517578,16601400
2017-03-16,72.05715942382812,91.63999938964844,92.80999755859376,91.56999969482422,92.02999877929688,14492000
2017-03-17,71.30230712890625,90.68000030517578,92.04000091552734,90.6500015258789,91.83000183105467,21734700
2017-03-20,70.79120635986328,90.02999877929688,91.16999816894533,89.79000091552734,90.2699966430664,14623600
2017-03-21,68.71534729003906,87.38999938964844,90.63999938964844,87.05999755859375,90.36000061035156,33089200
2017-03-22,68.82544708251953,87.52999877929688,88.06999969482422,86.01000213623047,86.88999938964844,21741000
2017-03-23,68.71534729003906,87.38999938964844,88.5,87.08999633789062,87.20999908447266,16090100
2017-03-24,68.63673400878906,87.29000091552734,88.08999633789062,86.7699966430664,87.79000091552734,16093200
2017-03-27,68.59741973876953,87.23999786376953,87.4000015258789,85.2300033569336,85.52999877929688,16689300
2017-03-28,69.66678619384766,88.5999984741211,89.0199966430664,86.9800033569336,87.0199966430664,16264400
2017-03-29,69.40731048583984,88.2699966430664,88.81999969482422,88.08000183105469,88.5999984741211,10207600
2017-03-30,70.00487518310547,89.02999877929688,89.45999908447266,88.12000274658203,88.19999694824219,11631000
2017-03-31,69.06918334960938,87.83999633789062,88.73999786376953,87.75,88.70999908447266,16987600
2017-04-03,68.81757354736328,87.5199966430664,88.16999816894531,86.5999984741211,87.98999786376953,19831800
2017-04-04,69.04692077636719,87.30999755859375,87.66999816894531,86.72000122070312,86.88999938964844,14280800
2017-04-05,68.16121673583984,86.19000244140625,88.54000091552734,86.12999725341797,88.41999816894531,17635500
2017-04-06,68.39051818847656,86.4800033569336,86.91000366210938,85.25,85.9800033569336,14379600
2017-04-07,68.15328979492188,86.18000030517578,86.80999755859375,85.70999908447266,85.93000030517578,13097100
2017-04-10,67.91605377197266,85.87999725341797,86.69000244140625,85.4000015258789,86.08000183105469,15081600
2017-04-11,67.79742431640625,85.7300033569336,85.79000091552734,84.80000305175781,85.54000091552734,14690500
2017-04-12,67.53643035888672,85.4000015258789,85.94999694824219,85.02999877929688,85.93000030517578,14730600
2017-04-13,66.74562072753906,84.4000015258789,86.98999786376953,84.4000015258789,85.5,30529800
2017-04-17,67.90021514892578,85.86000061035156,86.08000183105469,84.37000274658203,84.44000244140625,19071700
2017-04-18,67.34664154052734,85.16000366210938,85.62999725341797,84.73999786376953,85.36000061035156,14127000
2017-04-19,66.79306030273438,84.45999908447266,85.91999816894531,84.36000061035156,85.5,17588500
2017-04-20,67.65506744384766,85.55000305175781,85.77999877929688,84.55000305175781,84.9800033569336,15635800
2017-04-21,66.84049224853516,84.5199966430664,85.68000030517578,84.51000213623047,85.5,19820600
2017-04-24,69.19717407226562,87.5,88.05000305175781,86.41999816894531,86.55000305175781,25468300
2017-04-25,69.7981948852539,88.26000213623047,89.12999725341797,88.26000213623047,88.55000305175781,18253800
2017-04-26,69.93265533447266,88.43000030517578,89.05000305175781,88.13999938964844,88.3499984741211,12832200
2017-04-27,69.28417205810547,87.61000061035156,88.37000274658203,87.01000213623047,88.37000274658203,13329000
2017-04-28,68.8017578125,87.0,87.8499984741211,86.94999694824219,87.5999984741211,10755600
2017-05-01,68.84919738769531,87.05999755859375,87.73999786376953,86.55999755859375,87.36000061035156,15712300
2017-05-02,68.4063491821289,86.5,86.87999725341797,86.0199966430664,86.70999908447266,14414200
2017-05-03,68.8017578125,87.0,87.0999984741211,86.0199966430664,86.05999755859375,11540500
2017-05-04,68.88085174560547,87.0999984741211,87.7300033569336,86.56999969482422,87.69000244140625,11540100
2017-05-05,68.8017578125,87.0,87.33999633789062,86.41999816894531,87.25,9436000
2017-05-08,68.88085174560547,87.0999984741211,87.31999969482422,86.6500015258789,87.04000091552734,8162200
2017-05-09,68.60404968261719,86.75,87.83999633789062,86.5,87.26000213623047,10273900
2017-05-10,69.14180755615234,87.43000030517578,87.4800033569336,86.47000122070312,86.52999877929688,8334900
2017-05-11,68.92827606201172,87.16000366210938,87.4800033569336,86.3499984741211,87.08999633789062,10907400
2017-05-12,68.73849487304688,86.91999816894531,87.05000305175781,86.33999633789062,86.68000030517578,8738800
2017-05-15,69.07064056396484,87.33999633789062,87.48999786376953,86.86000061035156,87.0999984741211,8835600
2017-05-16,69.28417205810547,87.61000061035156,88.08999633789062,87.33999633789062,87.36000061035156,9795000
2017-05-17,66.6427993774414,84.2699966430664,87.61000061035156,83.97000122070312,87.61000061035156,24679700
2017-05-18,66.39765930175781,83.95999908447266,84.80000305175781,83.36000061035156,84.06999969482422,23350100
2017-05-19,67.04611206054688,84.77999877929688,85.33999633789062,84.1500015258789,84.20999908447266,13412900
2017-05-22,66.98284149169922,84.69999694824219,85.29000091552734,84.20999908447266,85.18000030517578,11636000
2017-05-23,67.8211441040039,85.76000213623047,86.06999969482422,84.51000213623047,84.75,11753000
2017-05-24,67.7815933227539,85.70999908447266,85.97000122070312,85.23999786376953,85.87999725341797,9833800
2017-05-25,67.49691772460938,85.3499984741211,86.08000183105469,85.08000183105469,85.98999786376953,12238500
2017-05-26,67.5047836303711,85.36000061035156,85.55999755859375,85.0199966430664,85.11000061035156,8113500
2017-05-30,66.35020446777344,83.9000015258789,85.1500015258789,83.77999877929688,85.12999725341797,12603200
2017-05-31,64.96627807617188,82.1500015258789,83.81999969482422,81.63999938964844,83.7300033569336,28327900
2017-06-01,65.68590545654297,83.05999755859375,83.08000183105469,81.6500015258789,82.45999908447266,17123500
2017-06-02,65.35375213623047,82.63999938964844,82.98999786376953,81.9800033569336,82.29000091552734,14998500
2017-06-05,65.47241973876953,82.79000091552734,83.51000213623047,82.58000183105469,82.63999938964844,9080200
2017-06-06,65.6068344116211,82.95999908447266,83.22000122070312,82.12999725341797,82.29000091552734,12196800
2017-06-07,66.35813903808594,83.91000366210938,84.11000061035156,83.0999984741211,83.30999755859375,13711100
2017-06-08,67.1805648803711,84.94999694824219,85.7300033569336,83.88999938964844,83.91000366210938,17951000
2017-06-09,68.7701416015625,86.95999908447266,87.05000305175781,85.38999938964844,85.51000213623047,19120200
2017-06-12,68.78594207763672,86.9800033569336,87.73999786376953,86.88999938964844,86.95999908447266,16053400
2017-06-13,69.01529693603516,87.2699966430664,87.8499984741211,86.9800033569336,87.55000305175781,12557200
2017-06-14,68.87293243408203,87.08999633789062,87.30999755859375,85.81999969482422,86.7699966430664,16175700
2017-06-15,68.4616928100586,86.56999969482422,87.08000183105469,86.23999786376953,86.25,12509700
2017-06-16,68.15328979492188,86.18000030517578,86.95999908447266,86.0199966430664,86.8499984741211,16936600
2017-06-19,69.64793395996094,88.06999969482422,88.2300033569336,86.8499984741211,86.97000122070312,15972300
2017-06-20,69.21298217773438,87.5199966430664,87.91999816894531,87.37000274658203,87.75,11197800
2017-06-21,68.89668273925781,87.12000274658203,87.55000305175781,86.76000213623047,87.4800033569336,10005900
2017-06-22,68.81757354736328,87.0199966430664,87.36000061035156,86.6500015258789,86.93000030517578,12180600
2017-06-23,68.69105529785156,86.86000061035156,88.0,86.61000061035156,87.66000366210938,18812000
2017-06-26,68.99156188964844,87.23999786376953,87.66999816894531,86.62000274658203,87.01000213623047,10082400
2017-06-27,69.63212585449219,88.05000305175781,88.94000244140625,87.5,87.70999908447266,15415200
2017-06-28,71.03189086914062,89.81999969482422,90.06999969482422,88.5999984741211,88.5999984741211,17466200
2017-06-29,72.08368682861328,91.1500015258789,92.6500015258789,90.30999755859376,92.33999633789062,27697800
2017-06-30,72.2813949584961,91.4000015258789,92.0,91.16000366210938,91.95999908447266,16892700
2017-07-03,73.75247192382812,92.75,93.4800033569336,91.41000366210938,91.55999755859376,13208100
2017-07-05,74.4919662475586,93.68000030517578,93.79000091552734,92.61000061035156,93.12000274658205,17535400
2017-07-06,74.25342559814453,93.37999725341795,94.51000213623048,92.87999725341795,93.54000091552734,16596100
2017-07-07,74.62718200683594,93.8499984741211,94.16999816894533,93.2300033569336,93.95999908447266,12817800
2017-07-10,74.10232543945312,93.19000244140624,93.68000030517578,93.08999633789062,93.5,13987200
2017-07-11,73.81607055664062,92.83000183105467,93.33000183105467,92.27999877929688,93.33000183105467,13262300
2017-07-12,73.56159973144531,92.51000213623048,92.83000183105467,92.06999969482422,92.61000061035156,13540100
2017-07-13,74.03077697753906,93.0999984741211,93.37999725341795,92.33999633789062,92.69000244140624,12820100
2017-07-14,73.35487365722656,92.25,92.61000061035156,90.58000183105467,90.80999755859376,22235200
2017-07-17,72.6710433959961,91.38999938964844,91.98999786376952,91.25,91.81999969482422,14374200
2017-07-18,72.41657257080078,91.06999969482422,91.58000183105467,90.31999969482422,90.4499969482422,14719400
2017-07-19,72.51994323730469,91.1999969482422,91.62000274658205,91.0,91.33999633789062,11651200
2017-07-20,72.51994323730469,91.1999969482422,91.72000122070312,90.9000015258789,91.1500015258789,11561700
2017-07-21,72.27344512939453,90.88999938964844,91.36000061035156,90.5199966430664,91.05999755859376,10971300
2017-07-24,72.58356475830078,91.27999877929688,91.54000091552734,90.91000366210938,90.95999908447266,10725100
2017-07-25,73.792236328125,92.8000030517578,93.5199966430664,92.2699966430664,92.37000274658205,16447700
2017-07-26,73.10043334960938,91.93000030517578,93.19000244140624,91.68000030517578,93.0999984741211,11815500
2017-07-27,72.7982406616211,91.5500030517578,92.05999755859376,91.16000366210938,91.83000183105467,12332400
2017-07-28,72.58356475830078,91.27999877929688,91.75,90.91000366210938,91.4499969482422,9351900
2017-07-31,72.99705505371094,91.8000030517578,92.36000061035156,91.5,91.51000213623048,11520300
2017-08-01,73.97511291503906,93.02999877929688,93.13999938964844,92.27999877929688,92.48999786376952,12523700
2017-08-02,74.03873443603516,93.11000061035156,93.20999908447266,92.51000213623048,92.87000274658205,10165600
2017-08-03,73.55368041992188,92.5,93.12999725341795,92.23999786376952,92.6999969482422,11078800
2017-08-04,74.47608184814453,93.66000366210938,94.4000015258789,93.47000122070312,93.5,14324000
2017-08-07,74.76234436035156,94.0199966430664,94.19000244140624,93.70999908447266,93.88999938964844,7978300
2017-08-08,74.4919662475586,93.68000030517578,95.22000122070312,93.5999984741211,93.9499969482422,13745400
2017-08-09,74.3727035522461,93.52999877929688,93.68000030517578,92.83000183105467,92.9800033569336,11214400
2017-08-10,73.30716705322266,92.19000244140624,93.06999969482422,92.06999969482422,92.9000015258789,13252300
2017-08-11,72.69489288330078,91.41999816894533,92.66999816894533,91.23999786376952,92.12999725341795,10679500
2017-08-14,73.54573059082031,92.48999786376952,92.9000015258789,92.33000183105467,92.37000274658205,10994800
2017-08-15,73.73655700683594,92.7300033569336,93.55999755859376,92.6500015258789,93.30999755859376,8812700
2017-08-16,73.22764587402344,92.08999633789062,93.2300033569336,91.87999725341795,93.04000091552734,11085400
2017-08-17,72.08260345458984,90.6500015258789,91.95999908447266,90.5,91.76000213623048,13837500
2017-08-18,72.15414428710938,90.73999786376952,91.54000091552734,90.19000244140624,90.30999755859376,13040700
2017-08-21,72.06668090820312,90.62999725341795,90.94000244140624,90.16000366210938,90.8499984741211,11502100
2017-08-22,72.80619049072266,91.55999755859376,91.70999908447266,91.0,91.06999969482422,9211800
2017-08-23,72.8936538696289,91.66999816894533,92.33999633789062,90.83999633789062,90.87000274658205,8811300
2017-08-24,72.7743911743164,91.5199966430664,92.12000274658205,91.41000366210938,91.93000030517578,8623200
2017-08-25,73.06861114501953,91.88999938964844,92.4800033569336,91.8000030517578,91.87999725341795,11794600
2017-08-28,72.8380126953125,91.5999984741211,92.19000244140624,91.12999725341795,92.16000366210938,7292900
2017-08-29,72.44039916992188,91.0999984741211,91.30999755859376,90.30999755859376,90.4499969482422,10886100
2017-08-30,72.6073989868164,91.30999755859376,91.87999725341795,91.19000244140624,91.25,9165300
2017-08-31,72.27344512939453,90.88999938964844,91.8499984741211,90.8000030517578,91.80999755859376,13217400
2017-09-01,72.91753387451172,91.6999969482422,92.36000061035156,90.9499969482422,91.25,9815800
2017-09-05,71.17610168457031,89.51000213623047,91.11000061035156,89.0199966430664,91.0199966430664,16897300
2017-09-06,71.6531982421875,90.11000061035156,90.5199966430664,89.63999938964844,90.0,11845700
2017-09-07,70.3968276977539,88.52999877929688,90.12999725341795,88.08000183105469,90.11000061035156,14592300
2017-09-08,70.30934143066406,88.41999816894531,89.41999816894531,88.23999786376953,88.30999755859375,14242200
2017-09-11,71.39874267578125,89.79000091552734,90.25,88.94999694824219,89.38999938964844,13219000
2017-09-12,72.27344512939453,90.88999938964844,91.25,90.0999984741211,90.16999816894533,14003800
2017-09-13,72.48017883300781,91.1500015258789,91.5,90.31999969482422,90.61000061035156,12485400
2017-09-14,72.3370590209961,90.97000122070312,91.52999877929688,90.73999786376952,91.1999969482422,10562800
2017-09-15,72.8539047241211,91.62000274658205,91.70999908447266,90.76000213623048,91.08000183105467,18171800
2017-09-18,73.88764190673828,92.91999816894533,93.13999938964844,91.8499984741211,91.93000030517578,11318700
2017-09-19,74.69873046875,93.94000244140624,94.36000061035156,92.5199966430664,92.70999908447266,12626100
2017-09-20,75.22352600097656,94.5999984741211,95.29000091552734,93.70999908447266,94.0999984741211,15311600
2017-09-21,75.56544494628906,95.02999877929688,95.37000274658205,94.19000244140624,94.45999908447266,10851500
2017-09-22,75.40643310546875,94.83000183105467,94.9800033569336,94.43000030517578,94.6999969482422,8358300
2017-09-25,74.84185791015625,94.12000274658205,94.87999725341795,93.4499969482422,94.51000213623048,10463400
2017-09-26,74.50788116455078,93.6999969482422,94.02999877929688,93.33999633789062,93.77999877929688,9358100
2017-09-27,75.68473815917969,95.18000030517578,95.72000122070312,94.58000183105467,94.97000122070312,15090200
2017-09-28,75.84376525878906,95.37999725341795,95.87999725341795,94.91000366210938,95.58999633789062,10270400
2017-09-29,75.94713592529297,95.51000213623048,95.5199966430664,95.0199966430664,95.3000030517578,11438400
2017-10-02,77.0047378540039,96.83999633789062,96.87999725341795,95.45999908447266,95.7699966430664,13797200
2017-10-03,77.4102554321289,97.3499984741211,97.43000030517578,96.7699966430664,96.83000183105467,9633500
2017-10-04,76.62303161621094,96.36000061035156,97.44000244140624,96.27999877929688,97.3000030517578,12166600
2017-10-05,77.6548080444336,97.08999633789062,97.4000015258789,95.5500030517578,96.0,14236200
2017-10-06,77.51882934570312,96.91999816894533,97.63999938964844,96.47000122070312,97.5500030517578,10231900
2017-10-09,77.11095428466797,96.41000366210938,97.06999969482422,96.13999938964844,96.95999908447266,7765100
2017-10-10,77.68682098388672,97.12999725341795,97.18000030517578,96.23999786376952,96.45999908447266,10631500
2017-10-11,77.45486450195312,96.83999633789062,97.01000213623048,96.13999938964844,96.83000183105467,14283600
2017-10-12,76.7750015258789,95.98999786376952,97.5,95.62000274658205,97.3000030517578,18251600
2017-10-13,76.67102813720703,95.86000061035156,96.70999908447266,94.95999908447266,95.4800033569336,13190600
2017-10-16,78.25465393066406,97.83999633789062,97.9499969482422,96.33999633789062,96.33999633789062,12434000
2017-10-17,78.0787353515625,97.62000274658205,98.18000030517578,97.31999969482422,98.06999969482422,10335700
2017-10-18,78.3746566772461,97.98999786376952,98.5500030517578,97.62999725341795,98.1500015258789,10158600
2017-10-19,78.47065734863281,98.11000061035156,98.1999969482422,97.08999633789062,97.19000244140624,9133900
2017-10-20,79.59036254882812,99.51000213623048,99.88999938964844,98.7300033569336,99.27999877929688,15326600
2017-10-23,79.45439147949219,99.33999633789062,99.98999786376952,99.23999786376952,99.51000213623048,9238600
2017-10-24,80.7181396484375,100.91999816894533,101.19000244140624,99.76000213623048,99.87999725341795,13000800
2017-10-25,80.79811096191406,101.0199966430664,101.4499969482422,100.19000244140624,101.25,14632700
2017-10-26,81.37397766113281,101.73999786376952,102.41999816894533,101.31999969482422,101.3499984741211,13054400
2017-10-27,81.39797973632812,101.7699966430664,102.2300033569336,101.0500030517578,101.43000030517578,10400400
2017-10-30,81.11004638671875,101.41000366210938,101.93000030517578,100.87000274658205,101.12999725341795,8839500
2017-10-31,80.4701919555664,100.61000061035156,101.6999969482422,100.56999969482422,101.37000274658205,8690200
2017-11-01,80.7181396484375,100.91999816894533,101.6999969482422,100.7300033569336,101.0999984741211,8418200
2017-11-02,81.25402069091797,101.58999633789062,101.7699966430664,100.16000366210938,100.87000274658205,8731800
2017-11-03,81.11004638671875,101.41000366210938,101.52999877929688,100.7300033569336,101.0999984741211,7103500
2017-11-06,80.60614776611328,100.77999877929688,101.69000244140624,100.66000366210938,101.33999633789062,8121500
2017-11-07,78.9825210571289,98.75,100.75,98.25,100.55999755859376,18822600
2017-11-08,78.09469604492188,97.63999938964844,98.37000274658205,97.1500015258789,98.2699966430664,18524700
2017-11-09,78.08671569824219,97.62999725341795,98.22000122070312,96.80999755859376,97.12000274658205,13697800
2017-11-10,77.99075317382812,97.51000213623048,98.33999633789062,97.5,97.80999755859376,9314000
2017-11-13,78.27069854736328,97.86000061035156,98.0500030517578,96.62000274658205,96.69000244140624,9303100
2017-11-14,77.79878234863281,97.2699966430664,97.77999877929688,96.8499984741211,97.33999633789062,11043800
2017-11-15,78.53462219238281,98.19000244140624,98.73999786376952,95.9499969482422,96.38999938964844,15384100
2017-11-16,78.75856018066406,98.47000122070312,99.05999755859376,98.30999755859376,98.52999877929688,9808000
2017-11-17,78.49463653564453,98.13999938964844,98.41000366210938,97.56999969482422,97.81999969482422,9017900
2017-11-20,79.19046783447266,99.01000213623048,99.1500015258789,97.76000213623048,98.4499969482422,9483200
2017-11-21,79.1264877319336,98.93000030517578,99.5500030517578,98.91000366210938,99.5,13389400
2017-11-22,78.8945541381836,98.63999938964844,99.5199966430664,98.58999633789062,99.02999877929688,7342200
2017-11-24,78.63861083984375,98.31999969482422,98.9000015258789,98.26000213623048,98.83000183105467,3680000
2017-11-27,78.32666015625,97.93000030517578,99.12999725341795,97.93000030517578,98.30999755859376,13076200
2017-11-28,81.07003021240234,101.36000061035156,101.6999969482422,97.97000122070312,98.20999908447266,16773000
2017-11-29,82.96565246582031,103.7300033569336,104.22000122070312,101.95999908447266,102.41000366210938,21105500
2017-11-30,83.59751892089844,104.5199966430664,106.66000366210938,104.04000091552734,104.73999786376952,23945900
2017-12-01,83.81346130371094,104.79000091552734,105.31999969482422,102.1999969482422,104.9000015258789,19683500
2017-12-04,85.54106903076172,106.9499969482422,108.4000015258789,106.7699966430664,107.7300033569336,23576600
2017-12-05,84.55728912353516,105.72000122070312,107.41000366210938,104.12000274658205,105.58000183105467,17193900
2017-12-06,83.9254150390625,104.93000030517578,105.76000213623048,104.52999877929688,105.5500030517578,15476200
2017-12-07,83.67747497558594,104.62000274658205,105.19000244140624,103.7300033569336,103.9499969482422,13371800
2017-12-08,84.7252426147461,105.93000030517578,105.94000244140624,104.33999633789062,104.75,13506900
2017-12-11,84.47730255126953,105.62000274658205,106.05999755859376,105.30999755859376,105.72000122070312,10591200
2017-12-12,85.46109008789062,106.8499984741211,107.37000274658205,105.54000091552734,106.91000366210938,15508800
2017-12-13,84.38932800292969,105.51000213623048,107.11000061035156,105.4800033569336,106.6999969482422,15020300
2017-12-14,83.70948028564453,104.66000366210938,106.4499969482422,104.63999938964844,106.12000274658205,13034200
2017-12-15,84.89320373535156,106.13999938964844,106.5199966430664,105.1999969482422,105.79000091552734,29350600
2017-12-18,85.5490493774414,106.95999908447266,107.62999725341795,106.4800033569336,107.19000244140624,12713100
2017-12-19,85.18913269042969,106.51000213623048,107.48999786376952,106.44000244140624,107.3499984741211,12149900
2017-12-20,84.89320373535156,106.13999938964844,107.7300033569336,106.08999633789062,107.5999984741211,13091500
2017-12-21,86.24492645263672,107.83000183105467,108.06999969482422,106.55999755859376,106.58999633789062,12323700
2017-12-22,85.94097900390625,107.4499969482422,108.45999908447266,106.80999755859376,108.1999969482422,14573400
2017-12-26,85.59705352783203,107.0199966430664,107.98999786376952,106.4000015258789,107.1999969482422,7403700
2017-12-27,85.75701904296875,107.22000122070312,107.29000091552734,106.66999816894533,106.66999816894533,9496500
2017-12-28,86.21293640136719,107.79000091552734,107.83999633789062,107.16000366210938,107.4000015258789,7440600
2017-12-29,85.53307342529297,106.94000244140624,108.27999877929688,106.94000244140624,108.08999633789062,8925700
2018-01-02,86.34088897705078,107.9499969482422,108.0199966430664,106.80999755859376,107.62999725341795,13578800
2018-01-03,86.42887115478516,108.05999755859376,108.48999786376952,107.4800033569336,107.86000061035156,11901000
2018-01-04,87.66699981689453,109.04000091552734,110.02999877929688,108.1999969482422,108.36000061035156,12953700
2018-01-05,87.10420989990234,108.33999633789062,109.5500030517578,107.77999877929688,109.26000213623048,14155000
2018-01-08,87.23285675048828,108.5,108.68000030517578,107.6999969482422,108.1500015258789,12466500
2018-01-09,87.6750717163086,109.0500030517578,109.62999725341795,108.48999786376952,108.72000122070312,13292300
2018-01-10,88.63983154296875,110.25,110.6999969482422,109.38999938964844,109.47000122070312,15834500
2018-01-11,89.11419677734375,110.83999633789062,110.93000030517578,110.0500030517578,110.66999816894533,13676800
2018-01-12,90.58550262451172,112.66999816894533,112.8499984741211,110.83999633789062,111.6500015258789,18884200
2018-01-16,90.2638931274414,112.2699966430664,113.43000030517578,111.06999969482422,111.51000213623048,22703300
2018-01-17,90.84278869628906,112.98999786376952,113.3000030517578,111.30999755859376,111.88999938964844,14940300
2018-01-18,91.05985260009766,113.26000213623048,113.72000122070312,112.2699966430664,112.76000213623048,14572900
2018-01-19,90.85884857177734,113.01000213623048,114.33999633789062,112.8000030517578,113.94000244140624,18785500
2018-01-22,91.92013549804688,114.33000183105467,114.38999938964844,112.5,112.66000366210938,12475700
2018-01-23,91.82364654541016,114.20999908447266,114.63999938964844,113.3499984741211,113.66999816894533,12320800
2018-01-24,92.99745178222656,115.66999816894533,116.0,114.66000366210938,114.86000061035156,15904500
2018-01-25,93.02156066894533,115.6999969482422,116.16999816894533,115.08000183105467,116.04000091552734,13510000
2018-01-26,93.52005767822266,116.31999969482422,116.31999969482422,114.95999908447266,115.6999969482422,13883900
2018-01-29,93.423583984375,116.1999969482422,117.3499984741211,116.0199966430664,116.0199966430664,11679900
2018-01-30,92.5472183227539,115.11000061035156,116.5999984741211,114.9800033569336,115.52999877929688,14279100
2018-01-31,92.99745178222656,115.66999816894533,116.66000366210938,115.16000366210938,115.6500015258789,13141400
2018-02-01,93.96223449707033,116.87000274658205,116.98999786376952,115.4800033569336,115.7699966430664,13800600
2018-02-02,91.87991333007812,114.27999877929688,116.91999816894533,114.08999633789062,116.48999786376952,16477300
2018-02-05,87.47406768798828,108.8000030517578,114.58999633789062,103.9800033569336,113.0,30097600
2018-02-06,90.13526153564452,112.11000061035156,112.4800033569336,106.61000061035156,106.8499984741211,33114800
2018-02-07,90.7462921142578,112.87000274658205,114.4499969482422,111.1500015258789,111.5500030517578,21878300
2018-02-08,86.73436737060547,107.87999725341795,113.11000061035156,107.83999633789062,113.11000061035156,27425800
2018-02-09,88.47098541259766,110.04000091552734,111.0500030517578,106.2300033569336,109.0999984741211,28188000
2018-02-12,89.83778381347656,111.73999786376952,112.7300033569336,110.06999969482422,111.16999816894533,18043300
2018-02-13,90.39254760742188,112.43000030517578,113.0500030517578,110.8000030517578,111.31999969482422,16358200
2018-02-14,92.48291015625,115.02999877929688,115.2699966430664,112.52999877929688,112.62999725341795,15186900
2018-02-15,92.8688507080078,115.51000213623048,115.98999786376952,114.22000122070312,115.73999786376952,12130200
2018-02-16,92.20152282714844,114.68000030517578,116.06999969482422,114.5,114.5500030517578,13214300
2018-02-20,92.22564697265624,114.70999908447266,115.38999938964844,113.97000122070312,114.6500015258789,13461500
2018-02-21,92.61156463623048,115.19000244140624,117.4499969482422,114.66999816894533,115.0,14212500
2018-02-22,92.44271850585938,114.9800033569336,116.43000030517578,114.76000213623048,115.5,17070400
2018-02-23,94.3160171508789,117.30999755859376,117.38999938964844,115.30999755859376,115.30999755859376,12162500
2018-02-26,95.4898452758789,118.7699966430664,118.9000015258789,117.31999969482422,118.13999938964844,16511200
2018-02-27,94.35619354248048,117.36000061035156,119.33000183105467,117.3499984741211,118.91000366210938,17563300
2018-02-28,92.86078643798828,115.5,118.48999786376952,115.33999633789062,117.81999969482422,17735600
2018-03-01,91.19652557373048,113.43000030517578,116.63999938964844,112.6500015258789,115.4800033569336,18690000
2018-03-02,91.10809326171876,113.31999969482422,113.55999755859376,111.12000274658205,112.38999938964844,18353700
2018-03-05,92.5070343017578,115.05999755859376,115.93000030517578,111.88999938964844,112.0500030517578,13933000
2018-03-06,92.58744049072266,115.16000366210938,115.81999969482422,114.31999969482422,115.63999938964844,10674400
2018-03-07,92.2417221069336,114.7300033569336,115.0999984741211,113.11000061035156,113.75,13006500
2018-03-08,92.24977111816406,114.73999786376952,115.2300033569336,113.20999908447266,115.11000061035156,11173700
2018-03-09,94.90291595458984,118.04000091552734,118.08000183105467,115.66999816894533,116.5500030517578,15366600
2018-03-12,94.59740447998048,117.66000366210938,118.75,117.25,118.0,12339300
2018-03-13,93.46377563476562,116.25,118.47000122070312,115.83000183105467,118.1999969482422,13312300
2018-03-14,92.4186019897461,114.9499969482422,116.58999633789062,114.5999984741211,116.55999755859376,12905100
2018-03-15,92.65174102783205,115.23999786376952,116.0,114.83000183105467,115.87000274658205,8748000
2018-03-16,92.8125457763672,115.44000244140624,116.5999984741211,115.33999633789062,115.33999633789062,19888900
2018-03-19,92.08092498779295,114.52999877929688,115.4499969482422,113.3000030517578,115.0999984741211,13214900
2018-03-20,92.16936492919922,114.63999938964844,115.4499969482422,114.4499969482422,114.87000274658205,9921200
2018-03-21,92.24977111816406,114.73999786376952,116.62999725341795,114.20999908447266,114.80999755859376,13633000
2018-03-22,88.3986587524414,109.9499969482422,113.5999984741211,109.54000091552734,113.1999969482422,22550400
2018-03-23,86.03491973876953,107.01000213623048,110.91999816894533,106.76000213623048,110.2699966430664,23081500
2018-03-26,88.68807983398438,110.30999755859376,111.16000366210938,108.6500015258789,109.19000244140624,20217500
2018-03-27,86.96754455566406,108.16999816894533,111.69000244140624,107.3000030517578,111.06999969482422,18039900
2018-03-28,86.83088684082031,108.0,109.16999816894533,106.6500015258789,108.27999877929688,19189300
2018-03-29,88.41472625732422,109.97000122070312,110.77999877929688,107.77999877929688,108.5,13274600
2018-04-02,86.71025848388672,107.8499984741211,110.7300033569336,106.08000183105467,109.95999908447266,18822500
2018-04-03,87.90018463134766,109.33000183105467,109.5,107.26000213623048,108.36000061035156,14050700
2018-04-04,89.23479461669922,110.98999786376952,111.20999908447266,107.0199966430664,107.0999984741211,15302600
2018-04-05,90.4064712524414,111.87999725341795,112.83000183105467,111.38999938964844,111.62999725341795,16627000
2018-04-06,88.1519775390625,109.08999633789062,111.5500030517578,107.81999969482422,110.5500030517578,18906000
2018-04-09,89.2105484008789,110.4000015258789,112.9800033569336,109.88999938964844,110.01000213623048,15974300
2018-04-10,90.91556549072266,112.51000213623048,112.87000274658205,111.41999816894533,112.12999725341795,13951400
2018-04-11,89.38834381103516,110.62000274658205,111.80999755859376,110.5199966430664,111.66000366210938,14503300
2018-04-12,91.61051177978516,113.37000274658205,114.38999938964844,111.5,111.55999755859376,16435500
2018-04-13,89.1297607421875,110.3000030517578,115.1500015258789,109.0500030517578,115.0199966430664,39152800
2018-04-16,89.05702209472656,110.20999908447266,111.47000122070312,109.79000091552734,110.94000244140624,16580500
2018-04-17,89.05702209472656,110.20999908447266,111.91999816894533,109.98999786376952,111.37000274658205,15501400
2018-04-18,88.33784484863281,109.31999969482422,111.06999969482422,108.88999938964844,110.52999877929688,16081400
2018-04-19,90.27719116210938,111.72000122070312,111.87000274658205,109.5,109.52999877929688,17911000
2018-04-20,90.07515716552734,111.47000122070312,112.73999786376952,110.87999725341795,112.3000030517578,15584400
2018-04-23,89.63883209228516,110.93000030517578,111.9499969482422,110.62999725341795,111.56999969482422,11285800
2018-04-24,89.21864318847656,110.41000366210938,112.9000015258789,109.58999633789062,111.75,16453100
2018-04-25,88.87925720214844,109.98999786376952,110.52999877929688,108.5999984741211,110.2699966430664,13548200
2018-04-26,88.96812438964844,110.0999984741211,110.81999969482422,109.33999633789062,109.97000122070312,10299500
2018-04-27,88.40249633789062,109.4000015258789,110.16000366210938,109.12999725341795,109.5500030517578,9384000
2018-04-30,87.90148162841797,108.77999877929688,110.3000030517578,108.75,109.75,13744900
2018-05-01,87.90148162841797,108.77999877929688,108.97000122070312,107.54000091552734,108.4499969482422,10503400
2018-05-02,87.20655822753906,107.91999816894533,109.48999786376952,107.7300033569336,108.11000061035156,12162100
2018-05-03,86.65705871582031,107.23999786376952,107.7699966430664,105.18000030517578,107.58999633789062,15379100
2018-05-04,87.61866760253906,108.43000030517578,108.73999786376952,105.9800033569336,106.43000030517578,11967900
2018-05-07,88.37826538085938,109.37000274658205,109.68000030517578,108.36000061035156,108.76000213623048,9356700
2018-05-08,89.68730926513672,110.98999786376952,111.33999633789062,109.27999877929688,109.52999877929688,12543200
2018-05-09,91.6428451538086,113.41000366210938,113.63999938964844,111.02999877929688,111.44000244140624,11368100
2018-05-10,92.35392761230467,114.29000091552734,114.44000244140624,112.75,113.19000244140624,9159700
2018-05-11,92.00648498535156,113.86000061035156,114.7300033569336,113.66999816894533,114.48999786376952,10253000
2018-05-14,92.03878784179688,113.9000015258789,114.6999969482422,113.73999786376952,114.11000061035156,8710700
2018-05-15,91.33577728271484,113.02999877929688,113.91000366210938,112.56999969482422,113.91000366210938,11536200
2018-05-16,91.58626556396484,113.33999633789062,113.69000244140624,112.62999725341795,112.88999938964844,7571100
2018-05-17,91.27919006347656,112.95999908447266,113.41000366210938,112.1999969482422,113.1999969482422,8617200
2018-05-18,89.80043029785156,111.12999725341795,112.8000030517578,110.83999633789062,112.75,11806300
2018-05-21,90.62468719482422,112.1500015258789,112.54000091552734,111.91999816894533,112.0500030517578,9441900
2018-05-22,91.31961822509766,113.01000213623048,114.29000091552734,112.29000091552734,112.3499984741211,11507600
2018-05-23,90.8994140625,112.48999786376952,112.7699966430664,111.12000274658205,112.51000213623048,11453900
2018-05-24,89.88126373291016,111.2300033569336,112.1500015258789,110.12000274658205,112.13999938964844,14084800
2018-05-25,89.42064666748047,110.66000366210938,111.08000183105467,110.1999969482422,110.45999908447266,8283500
2018-05-29,85.59850311279297,105.93000030517578,109.1999969482422,104.95999908447266,109.18000030517578,30643800
2018-05-30,87.55400848388672,108.3499984741211,108.5999984741211,106.6500015258789,107.63999938964844,17490800
2018-05-31,86.47120666503906,107.01000213623048,108.19000244140624,106.41999816894533,107.9499969482422,19808200
2018-06-01,87.59440612792969,108.4000015258789,108.94000244140624,107.8000030517578,108.33999633789062,13594200
2018-06-04,87.63480377197266,108.4499969482422,109.26000213623048,108.2699966430664,108.98999786376952,9415400
2018-06-05,87.14189910888672,107.83999633789062,108.30999755859376,107.06999969482422,108.23999786376952,10415200
2018-06-06,89.17825317382812,110.36000061035156,110.73999786376952,108.4800033569336,108.66000366210938,15453600
2018-06-07,89.53379821777344,110.8000030517578,111.5,110.02999877929688,111.18000030517578,13444400
2018-06-08,89.7842788696289,111.11000061035156,111.13999938964844,110.05999755859376,110.62000274658205,10383200
2018-06-11,89.55802154541016,110.83000183105467,111.91000366210938,110.7699966430664,111.12000274658205,12642900
2018-06-12,89.04084777832031,110.19000244140624,111.52999877929688,109.5199966430664,111.13999938964844,15294100
2018-06-13,88.86307525634766,109.97000122070312,111.4499969482422,109.58000183105467,110.45999908447266,14979700
2018-06-14,87.2954330444336,108.02999877929688,110.36000061035156,107.77999877929688,110.27999877929688,20487300
2018-06-15,87.19039916992188,107.9000015258789,108.37999725341795,106.2699966430664,107.8000030517578,26028600
2018-06-18,87.41664123535156,108.18000030517578,108.4000015258789,106.69000244140624,107.26000213623048,9786800
2018-06-19,86.9075698852539,107.5500030517578,107.87999725341795,106.5999984741211,106.9000015258789,12707200
2018-06-20,86.89949035644531,107.54000091552734,108.63999938964844,107.44000244140624,108.18000030517578,8876900
2018-06-21,86.87523651123047,107.51000213623048,108.20999908447266,106.52999877929688,107.0999984741211,11048700
2018-06-22,85.45304870605469,105.75,108.37000274658205,105.51000213623048,108.16000366210938,19478900
2018-06-25,84.67729949951172,104.79000091552734,105.6999969482422,103.95999908447266,105.66000366210938,16907600
2018-06-26,84.73387145996094,104.86000061035156,105.20999908447266,103.11000061035156,104.70999908447266,17086800
2018-06-27,83.4247817993164,103.23999786376952,105.91999816894533,103.2300033569336,104.68000030517578,16276800
2018-06-28,84.79041290283203,104.93000030517578,105.45999908447266,103.51000213623048,103.68000030517578,14491300
2018-06-29,84.2005386352539,104.1999969482422,106.9000015258789,104.1500015258789,106.68000030517578,18972400
2018-07-02,84.9116439819336,105.08000183105467,105.08999633789062,103.37999725341795,103.72000122070312,11130000
2018-07-03,83.72378540039062,103.61000061035156,105.77999877929688,103.5199966430664,105.41000366210938,8311700
2018-07-05,84.26812744140625,103.72000122070312,104.37999725341795,103.52999877929688,104.12999725341795,10723400
2018-07-06,84.54436492919922,104.05999755859376,104.5,102.1999969482422,103.12000274658205,12173700
2018-07-09,87.16045379638672,107.27999877929688,107.45999908447266,104.70999908447266,104.70999908447266,13900800
2018-07-10,86.624267578125,106.62000274658205,108.4000015258789,106.52999877929688,108.0199966430664,14575900
2018-07-11,86.43738555908203,106.38999938964844,107.05999755859376,106.20999908447266,106.30999755859376,10186500
2018-07-12,86.81111145019531,106.8499984741211,107.55999755859376,105.97000122070312,107.41999816894533,12456800
2018-07-13,86.41301727294922,106.36000061035156,107.8000030517578,105.13999938964844,107.3000030517578,21289100
2018-07-16,89.84159088134766,110.58000183105467,110.7699966430664,106.9800033569336,107.0500030517578,24662600
2018-07-17,89.7765884399414,110.5,110.93000030517578,109.75,110.69000244140624,14821900
2018-07-18,90.61341857910156,111.52999877929688,112.12000274658205,110.1999969482422,110.41999816894533,14244900
2018-07-19,89.28099060058594,109.88999938964844,111.08999633789062,109.7300033569336,111.05999755859376,16775300
2018-07-20,90.41032409667967,111.27999877929688,111.73999786376952,109.77999877929688,110.0,13578100
2018-07-23,92.0920867919922,113.3499984741211,114.23999786376952,110.93000030517578,111.05999755859376,18140000
2018-07-24,92.7420654296875,114.1500015258789,114.77999877929688,113.41999816894533,113.5500030517578,14000400
2018-07-25,93.57889556884766,115.18000030517578,115.5199966430664,113.37999725341795,113.87999725341795,13329100
2018-07-26,93.3107681274414,114.8499984741211,115.58999633789062,114.58000183105467,115.41999816894533,11897800
2018-07-27,94.26947021484376,116.02999877929688,116.3000030517578,114.80999755859376,115.18000030517578,12802700
2018-07-30,94.83820343017578,116.7300033569336,117.61000061035156,116.05999755859376,116.27999877929688,13411600
2018-07-31,93.3920440673828,114.9499969482422,117.08000183105467,114.81999969482422,117.08000183105467,15843800
2018-08-01,93.96888732910156,115.66000366210938,116.69000244140624,115.27999877929688,115.75,13531600
2018-08-02,94.36697387695312,116.1500015258789,116.25,114.33000183105467,114.56999969482422,11058100
2018-08-03,95.13069915771484,117.08999633789062,117.12999725341795,115.94000244140624,116.0,11016100
2018-08-06,95.15506744384766,117.12000274658205,117.52999877929688,116.18000030517578,116.79000091552734,9857400
2018-08-07,95.50443267822266,117.5500030517578,118.29000091552734,117.33000183105467,117.73999786376952,10562100
2018-08-08,95.69943237304688,117.79000091552734,118.2699966430664,117.27999877929688,117.33000183105467,8997100
2018-08-09,94.96006774902344,116.87999725341795,117.72000122070312,116.6999969482422,117.51000213623048,9694200
2018-08-10,94.02574920654295,115.7300033569336,115.9499969482422,114.68000030517578,115.5,12630600
2018-08-13,92.53083801269533,113.88999938964844,115.87999725341795,113.81999969482422,115.55999755859376,10336300
2018-08-14,93.14827728271484,114.6500015258789,115.04000091552734,113.6500015258789,114.2699966430664,10597600
2018-08-15,92.37646484375,113.6999969482422,114.33000183105467,112.97000122070312,113.81999969482422,10152100
2018-08-16,93.24576568603516,114.7699966430664,115.30999755859376,114.3000030517578,114.3499984741211,10118600
2018-08-17,93.24576568603516,114.7699966430664,115.06999969482422,114.3000030517578,114.63999938964844,8505100
2018-08-20,93.1239013671875,114.62000274658205,115.0500030517578,114.11000061035156,114.58999633789062,8618700
2018-08-21,93.6926498413086,115.31999969482422,116.38999938964844,114.87999725341795,115.37000274658205,10976700
2018-08-22,93.40826416015624,114.97000122070312,115.41000366210938,114.77999877929688,115.30999755859376,8314700
2018-08-23,93.21327209472656,114.7300033569336,115.1500015258789,114.43000030517578,114.95999908447266,9265400
2018-08-24,93.17266845703124,114.68000030517578,115.22000122070312,114.4499969482422,114.9800033569336,8845700
2018-08-27,94.82196044921876,116.70999908447266,117.27999877929688,115.16999816894533,115.22000122070312,13768000
2018-08-28,94.3588409423828,116.13999938964844,117.02999877929688,115.97000122070312,117.0,8302600
2018-08-29,94.05012512207033,115.76000213623048,116.37000274658205,115.36000061035156,116.3499984741211,7221700
2018-08-30,93.5870361328125,115.19000244140624,116.04000091552734,114.9800033569336,115.58999633789062,8991800
2018-08-31,93.09142303466795,114.58000183105467,114.83999633789062,113.81999969482422,114.83000183105467,13065700
2018-09-04,93.55451965332033,115.1500015258789,115.23999786376952,113.62999725341795,114.33999633789062,10174200
2018-09-05,93.09953308105467,114.58999633789062,115.6999969482422,114.25,115.0,11462400
2018-09-06,92.7014389038086,114.0999984741211,114.6999969482422,113.5,114.5,9877600
2018-09-07,92.88019561767578,114.31999969482422,114.7699966430664,113.62999725341795,114.5,10955600
2018-09-10,92.38457489013672,113.70999908447266,114.97000122070312,113.66000366210938,114.8499984741211,8276900
2018-09-11,92.96955108642578,114.43000030517578,114.58000183105467,113.18000030517578,113.54000091552734,9333800
2018-09-12,91.87273406982422,113.08000183105467,114.87999725341795,112.8499984741211,114.25,10800800
2018-09-13,92.2302017211914,113.5199966430664,114.12999725341795,112.66999816894533,113.37000274658205,12470800
2018-09-14,92.21398162841795,113.5,114.48999786376952,113.2300033569336,113.80999755859376,10337900
2018-09-17,92.49018096923828,113.83999633789062,114.43000030517578,113.3000030517578,113.79000091552734,9561300
2018-09-18,92.86393737792967,114.3000030517578,114.66000366210938,113.55999755859376,114.33000183105467,7944200
2018-09-19,95.5613021850586,117.62000274658205,118.05999755859376,114.44000244140624,114.44000244140624,16052800
2018-09-20,96.38187408447266,118.62999725341795,119.23999786376952,118.08000183105467,118.5,15590000
2018-09-21,95.74815368652344,117.8499984741211,119.2300033569336,117.73999786376952,119.12999725341795,24788200
2018-09-24,94.83007049560548,116.72000122070312,118.45999908447266,116.43000030517578,117.76000213623048,12492500
2018-09-25,94.5619659423828,116.38999938964844,117.97000122070312,116.31999969482422,117.04000091552734,9308300
2018-09-26,93.44890594482422,115.0199966430664,116.87000274658205,114.66000366210938,116.75,14023600
2018-09-27,93.0426788330078,114.5199966430664,115.76000213623048,114.16000366210938,115.41999816894533,13283000
2018-09-28,91.677734375,112.83999633789062,114.23999786376952,112.5199966430664,113.6500015258789,15815100
2018-10-01,92.21398162841795,113.5,114.61000061035156,113.04000091552734,113.37000274658205,10146300
2018-10-02,92.5958023071289,113.97000122070312,114.12000274658205,112.80999755859376,113.36000061035156,13753100
2018-10-03,93.46515655517578,115.04000091552734,115.66000366210938,114.4800033569336,114.94000244140624,17142000
2018-10-04,94.3078384399414,115.2699966430664,116.80999755859376,114.20999908447266,114.5500030517578,16357400
2018-10-05,93.77605438232422,114.62000274658205,116.0999984741211,114.0199966430664,115.83000183105467,13777600
2018-10-08,94.3487548828125,115.31999969482422,115.77999877929688,113.3499984741211,114.25,14370900
2018-10-09,93.69422912597656,114.5199966430664,115.02999877929688,113.66999816894533,114.66999816894533,14069500
2018-10-10,91.19888305664062,111.47000122070312,114.9499969482422,111.47000122070312,114.6999969482422,23086400
2018-10-11,88.46627044677734,108.12999725341795,111.47000122070312,107.37999725341795,110.97000122070312,33705600
2018-10-12,87.5008544921875,106.9499969482422,110.83000183105467,105.5999984741211,110.37000274658205,32075700
2018-10-15,87.00177764892578,106.33999633789062,108.8499984741211,106.31999969482422,107.1999969482422,18903200
2018-10-16,88.8671646118164,108.62000274658205,108.77999877929688,106.7300033569336,107.16000366210938,19302800
2018-10-17,89.85712432861328,109.83000183105467,110.8000030517578,108.2300033569336,108.37999725341795,18794500
2018-10-18,88.43354034423828,108.08999633789062,109.83999633789062,107.80999755859376,109.0199966430664,17582500
2018-10-19,88.28627014160156,107.91000366210938,109.22000122070312,107.2699966430664,107.6500015258789,15234500
2018-10-22,87.01815795898438,106.36000061035156,108.33999633789062,106.11000061035156,108.1500015258789,16199100
2018-10-23,86.10999298095703,105.25,106.16000366210938,103.6999969482422,104.1999969482422,21407500
2018-10-24,84.50642395019531,103.29000091552734,105.02999877929688,102.91000366210938,104.76000213623048,23168900
2018-10-25,85.7909164428711,104.86000061035156,105.9000015258789,103.72000122070312,104.18000030517578,17464700
2018-10-26,84.61280822753906,103.41999816894533,104.55999755859376,102.7300033569336,104.0,19174900
2018-10-29,85.7827377319336,104.8499984741211,106.62999725341795,103.6999969482422,104.45999908447266,18445200
2018-10-30,87.29632568359375,106.6999969482422,106.9800033569336,104.86000061035156,105.70999908447266,18019700
2018-10-31,89.19440460205078,109.0199966430664,110.4800033569336,107.79000091552734,108.08000183105467,20860000
2018-11-01,89.16170501708984,108.9800033569336,110.22000122070312,108.31999969482422,109.62000274658205,13065000
2018-11-02,88.67082214355469,108.37999725341795,110.80999755859376,107.48999786376952,109.9000015258789,19009200
2018-11-05,89.25167846679688,109.08999633789062,109.29000091552734,108.41999816894533,108.61000061035156,10276400
2018-11-06,89.66893768310547,109.5999984741211,109.66999816894533,107.76000213623048,108.66999816894533,10825000
2018-11-07,91.20706176757812,111.4800033569336,111.7300033569336,109.3499984741211,110.37000274658205,12679600
2018-11-08,91.94341278076172,112.37999725341795,112.93000030517578,111.0,111.01000213623048,11662500
2018-11-09,91.0516128540039,111.29000091552734,112.36000061035156,110.83000183105467,112.2300033569336,10432200
2018-11-12,89.13714599609375,108.9499969482422,111.94000244140624,108.5999984741211,111.41999816894533,13279700
2018-11-13,89.6607666015625,109.58999633789062,111.12000274658205,109.0999984741211,109.0999984741211,13746100
2018-11-14,87.8117446899414,107.33000183105467,110.70999908447266,105.9800033569336,110.2300033569336,18361400
2018-11-15,90.05347442626953,110.06999969482422,110.08000183105467,106.80999755859376,108.23999786376952,19100000
2018-11-16,89.988037109375,109.98999786376952,110.76000213623048,108.5500030517578,109.4499969482422,13798600
2018-11-19,90.67525482177734,110.83000183105467,111.1999969482422,109.52999877929688,109.95999908447266,13987000
2018-11-20,88.72806549072266,108.4499969482422,110.48999786376952,107.9800033569336,109.77999877929688,18936200
2018-11-21,88.06536865234375,107.63999938964844,109.61000061035156,107.63999938964844,109.02999877929688,10619600
2018-11-23,87.25540924072266,106.6500015258789,107.38999938964844,106.05999755859376,106.73999786376952,6488400
2018-11-26,89.3907699584961,109.26000213623048,109.9800033569336,107.4499969482422,107.72000122070312,13948300
2018-11-27,89.76709747314453,109.72000122070312,110.02999877929688,108.62999725341795,108.76000213623048,9238200
2018-11-28,90.76525115966795,110.94000244140624,111.4000015258789,108.87000274658205,109.8000030517578,13977300
2018-11-29,90.04530334472656,110.05999755859376,110.8000030517578,109.63999938964844,110.2699966430664,11144300
2018-11-30,90.96981048583984,111.19000244140624,111.31999969482422,109.58000183105467,109.8499984741211,18652700
2018-12-03,91.82884216308594,112.23999786376952,112.88999938964844,111.73999786376952,112.37999725341795,16034500
2018-12-04,87.72993469238281,107.2300033569336,111.5999984741211,106.7300033569336,111.5999984741211,23555900
2018-12-06,86.0609130859375,105.19000244140624,105.36000061035156,102.87999725341795,105.01000213623048,27213900
2018-12-07,84.50642395019531,103.29000091552734,106.9800033569336,102.91000366210938,105.16000366210938,19248600
2018-12-10,82.92741394042969,101.36000061035156,103.48999786376952,99.27999877929688,102.87000274658205,23636400
2018-12-11,82.11747741699219,100.37000274658205,103.66000366210938,100.20999908447266,103.12999725341795,16860700
2018-12-12,82.64924621582031,101.0199966430664,102.9000015258789,100.05999755859376,101.66000366210938,22621500
2018-12-13,82.73104858398438,101.12000274658205,101.97000122070312,100.66999816894533,101.5500030517578,17250900
2018-12-14,82.05199432373047,100.29000091552734,101.94000244140624,99.86000061035156,99.98999786376952,19879500
2018-12-17,81.0047836303711,99.01000213623048,100.55999755859376,98.44000244140624,99.7699966430664,25113500
2018-12-18,80.62025451660156,98.54000091552734,100.88999938964844,98.12000274658205,99.41999816894533,20837200
2018-12-19,79.59754943847656,97.29000091552734,100.58000183105467,96.5999984741211,98.41000366210938,28767900
2018-12-20,78.91028594970703,96.4499969482422,98.27999877929688,95.69000244140624,96.61000061035156,31825200
2018-12-21,77.04491424560547,94.16999816894533,98.43000030517578,93.69000244140624,96.68000030517578,41313900
2018-12-24,75.38408660888672,92.13999938964844,94.22000122070312,92.13999938964844,92.88999938964844,17009300
2018-12-26,78.50941467285156,95.95999908447266,95.95999908447266,91.11000061035156,92.69000244140624,22542900
2018-12-27,79.39302062988281,97.04000091552734,97.1500015258789,93.5500030517578,94.81999969482422,20304700
2018-12-28,79.2212142944336,96.83000183105467,98.31999969482422,96.44000244140624,97.9499969482422,17963300
2018-12-31,79.86754608154297,97.62000274658205,98.80999755859376,96.7699966430664,97.58999633789062,13237200
2019-01-02,81.25018310546875,99.30999755859376,99.77999877929688,95.94000244140624,95.9499969482422,15670900
2019-01-03,80.09551239013672,97.11000061035156,98.88999938964844,96.69000244140624,98.63999938964844,16286400
2019-01-04,83.04824829101562,100.69000244140624,100.93000030517578,98.27999877929688,99.11000061035156,16935200
2019-01-07,83.10601043701172,100.76000213623048,101.47000122070312,99.70999908447266,100.43000030517578,15430700
2019-01-08,82.94926452636719,100.56999969482422,101.81999969482422,99.5500030517578,101.62999725341795,13578800
2019-01-09,82.8090591430664,100.4000015258789,101.48999786376952,99.93000030517578,100.80999755859376,14230300
2019-01-10,82.80082702636719,100.38999938964844,100.7300033569336,99.2699966430664,100.0199966430664,14376100
2019-01-11,82.40494537353516,99.91000366210938,100.16999816894533,98.9499969482422,99.88999938964844,15439900
2019-01-14,83.25446319580078,100.94000244140624,101.36000061035156,98.66000366210938,98.87000274658205,21258500
2019-01-15,83.86481475830078,101.68000030517578,102.47000122070312,98.5999984741211,98.88999938964844,26504900
2019-01-16,84.54112243652344,102.5,103.4499969482422,101.8000030517578,102.25,18533000
2019-01-17,84.88754272460938,102.91999816894533,103.5,101.91999816894533,102.11000061035156,14247600
2019-01-18,86.26493835449219,104.58999633789062,104.9000015258789,102.83000183105467,103.7699966430664,16428700
2019-01-22,84.9040298461914,102.94000244140624,103.58999633789062,102.12999725341795,103.08000183105467,17083700
2019-01-23,84.68959045410156,102.68000030517578,103.6999969482422,101.97000122070312,103.44000244140624,12146700
2019-01-24,84.73908233642578,102.73999786376952,103.08999633789062,101.94000244140624,102.12999725341795,11296800
2019-01-25,85.27519226074219,103.38999938964844,104.30999755859376,102.73999786376952,103.51000213623048,14369400
2019-01-28,85.6793212890625,103.87999725341795,104.23999786376952,102.58999633789062,102.88999938964844,12283100
2019-01-29,85.91851043701172,104.16999816894533,105.11000061035156,103.7300033569336,103.87999725341795,9743300
2019-01-30,86.11648559570312,104.41000366210938,105.23999786376952,103.77999877929688,104.13999938964844,12526300
2019-01-31,85.36590576171875,103.5,103.8000030517578,102.7300033569336,103.41000366210938,17520600
2019-02-01,85.6793212890625,103.87999725341795,104.8499984741211,103.5199966430664,104.0,13000800
2019-02-04,85.98450469970703,104.25,104.25,103.01000213623048,103.79000091552734,9871500
2019-02-05,85.6051025390625,103.79000091552734,104.5500030517578,103.29000091552734,104.5199966430664,12763000
2019-02-06,85.56387329101562,103.73999786376952,104.62000274658205,103.47000122070312,103.70999908447266,8745000
2019-02-07,84.4421615600586,102.37999725341795,103.5,101.44000244140624,103.25,13177500
2019-02-08,83.60086059570312,101.36000061035156,102.33999633789062,100.05999755859376,102.08000183105467,12892600
2019-02-11,83.20497131347656,100.87999725341795,102.01000213623048,100.7699966430664,101.76000213623048,10978500
2019-02-12,84.62360382080078,102.5999984741211,102.91999816894533,101.88999938964844,101.9499969482422,12852300
2019-02-13,85.02775573730469,103.08999633789062,103.8499984741211,102.9000015258789,102.9000015258789,10754100
2019-02-14,84.4751205444336,102.41999816894533,103.0999984741211,101.3499984741211,102.47000122070312,11518500
2019-02-15,87.05672454833984,105.5500030517578,105.6999969482422,103.66000366210938,103.9000015258789,14716900
2019-02-19,86.7515640258789,105.18000030517578,105.37000274658205,103.80999755859376,104.91000366210938,12764900
2019-02-20,87.17222595214844,105.69000244140624,105.8000030517578,104.87999725341795,105.20999908447266,10030300
2019-02-21,86.99076080322266,105.47000122070312,105.98999786376952,104.95999908447266,105.4499969482422,8400100
2019-02-22,86.60311889648438,105.0,106.08999633789062,104.77999877929688,105.6999969482422,10647300
2019-02-25,87.51039123535156,106.0999984741211,107.2699966430664,105.69000244140624,105.75,11230700
2019-02-26,86.84230041503906,105.29000091552734,105.47000122070312,103.94000244140624,104.5,15465400
2019-02-27,86.73507690429688,105.16000366210938,105.37999725341795,104.51000213623048,105.18000030517578,9968800
2019-02-28,86.07522583007812,104.36000061035156,105.20999908447266,104.18000030517578,105.01000213623048,15156900
2019-03-01,86.13297271728516,104.43000030517578,105.91000366210938,104.1999969482422,105.0999984741211,13813300
2019-03-04,85.93500518798828,104.19000244140624,105.91999816894533,103.2699966430664,104.91999816894533,12466300
2019-03-05,85.86905670166016,104.11000061035156,104.5500030517578,103.26000213623048,104.12999725341795,10856600
2019-03-06,85.54737091064453,103.72000122070312,104.56999969482422,103.5500030517578,103.86000061035156,9070800
2019-03-07,84.92875671386719,102.97000122070312,103.47000122070312,102.16000366210938,103.25,12705700
2019-03-08,84.96179962158203,103.01000213623048,103.2300033569336,101.98999786376952,101.98999786376952,10582400
2019-03-11,86.06698608398438,104.3499984741211,104.5500030517578,103.66000366210938,103.9800033569336,9763200
2019-03-12,85.81129455566406,104.04000091552734,104.79000091552734,103.75,104.58999633789062,10219100
2019-03-13,86.09999084472656,104.38999938964844,104.9800033569336,103.9499969482422,104.19000244140624,13022200
2019-03-14,86.88352966308594,105.33999633789062,105.87000274658205,104.45999908447266,104.5,10926500
2019-03-15,87.88154602050781,106.5500030517578,106.8000030517578,105.2300033569336,105.41000366210938,24811700
2019-03-18,88.40940856933594,107.19000244140624,107.79000091552734,106.5,106.5500030517578,12935500
2019-03-19,88.08773040771484,106.8000030517578,108.4000015258789,106.5500030517578,108.1999969482422,12889300
2019-03-20,86.20719146728516,104.5199966430664,106.6500015258789,104.41000366210938,106.43000030517578,14920700
2019-03-21,84.84629821777344,102.87000274658205,103.48999786376952,102.27999877929688,103.48999786376952,19751000
2019-03-22,82.28120422363281,99.76000213623048,102.31999969482422,99.5199966430664,101.81999969482422,31115200
2019-03-25,81.59661865234375,98.93000030517578,100.56999969482422,98.08999633789062,99.58999633789062,21032300
2019-03-26,82.41316986083984,99.91999816894533,100.4000015258789,98.81999969482422,99.81999969482422,15987100
2019-03-27,82.13275146484375,99.58000183105467,100.4499969482422,99.08000183105467,99.87999725341795,12753200
2019-03-28,83.06474304199219,100.70999908447266,100.8000030517578,99.73999786376952,100.0,12454100
2019-03-29,83.49365234375,101.2300033569336,101.98999786376952,100.58999633789062,101.54000091552734,14523400
2019-04-01,86.30618286132812,104.63999938964844,104.68000030517578,102.12000274658205,102.1500015258789,17499300
2019-04-02,86.71858215332031,105.13999938964844,105.44000244140624,104.33000183105467,104.5999984741211,10295400
2019-04-03,86.89180755615234,105.3499984741211,106.36000061035156,104.79000091552734,105.80999755859376,11499200
2019-04-04,87.73119354248047,105.55999755859376,105.7300033569336,104.4499969482422,104.5500030517578,11952100
2019-04-05,87.52342987060547,105.30999755859376,106.11000061035156,104.98999786376952,105.8000030517578,9933700
2019-04-08,87.80601501464844,105.6500015258789,105.6500015258789,104.91000366210938,105.11000061035156,8056300
2019-04-09,87.15773010253906,104.87000274658205,105.1999969482422,104.25,105.08000183105467,9092200
2019-04-10,87.54837036132812,105.33999633789062,105.72000122070312,104.47000122070312,105.12999725341795,10882300
2019-04-11,88.28804779052734,106.2300033569336,106.7300033569336,105.55999755859376,105.70999908447266,11183800
2019-04-12,92.42693328857422,111.20999908447266,111.8499984741211,108.87999725341795,109.44000244140624,25834100
2019-04-15,91.37142944335938,109.94000244140624,111.0,109.12000274658205,110.91999816894533,15163800
2019-04-16,92.33550262451172,111.0999984741211,111.38999938964844,109.86000061035156,109.9000015258789,11583200
2019-04-17,94.99503326416016,114.3000030517578,114.66000366210938,111.01000213623048,111.6999969482422,17791900
2019-04-18,94.29690551757812,113.45999908447266,114.9499969482422,113.33000183105467,114.52999877929688,12501900
2019-04-22,94.41324615478516,113.5999984741211,113.93000030517578,112.66000366210938,112.83000183105467,7975900
2019-04-23,94.52961730957033,113.73999786376952,114.37000274658205,112.8499984741211,113.0,9193100
2019-04-24,94.37171173095705,113.5500030517578,114.1500015258789,112.80999755859376,113.26000213623048,9245700
2019-04-25,94.42157745361328,113.61000061035156,114.1500015258789,112.5,113.01000213623048,9311800
2019-04-26,95.13632202148438,114.47000122070312,114.58000183105467,113.5999984741211,113.9499969482422,7889300
2019-04-29,96.50762939453124,116.12000274658205,117.16000366210938,114.4499969482422,114.5999984741211,14242200
2019-04-30,96.449462890625,116.0500030517578,116.72000122070312,115.26000213623048,116.43000030517578,11389100
2019-05-01,95.70977783203124,115.16000366210938,117.0,115.11000061035156,115.72000122070312,10412900
2019-05-02,95.91754913330078,115.41000366210938,115.77999877929688,114.58000183105467,115.16999816894533,8613300
2019-05-03,96.50762939453124,116.12000274658205,116.68000030517578,115.66999816894533,116.0,8185400
2019-05-06,95.65159606933594,115.08999633789062,115.47000122070312,113.72000122070312,114.18000030517578,9387000
2019-05-07,94.0891342163086,113.20999908447266,114.02999877929688,112.29000091552734,114.02999877929688,15017700
2019-05-08,93.59046936035156,112.61000061035156,113.66999816894533,112.45999908447266,112.66000366210938,9575800
2019-05-09,93.5156478881836,112.5199966430664,112.73999786376952,110.58000183105467,111.13999938964844,12205900
2019-05-10,93.50735473632812,112.51000213623048,112.83999633789062,110.54000091552734,111.75,13189000
2019-05-13,90.96418762207033,109.4499969482422,110.4499969482422,108.9800033569336,110.08000183105467,13783700
2019-05-14,91.68724822998048,110.31999969482422,111.72000122070312,109.5,109.5500030517578,10503600
2019-05-15,91.33817291259766,109.9000015258789,110.9000015258789,108.61000061035156,109.20999908447266,10142000
2019-05-16,92.5100326538086,111.30999755859376,112.16999816894533,110.58999633789062,110.62000274658205,9672700
2019-05-17,92.06121063232422,110.7699966430664,111.75,109.83000183105467,110.0,9570100
2019-05-20,92.54327392578124,111.3499984741211,111.80999755859376,110.37000274658205,110.58000183105467,8518200
2019-05-21,92.85910034179688,111.7300033569336,111.91999816894533,111.22000122070312,111.44000244140624,7967900
2019-05-22,92.10279846191406,110.81999969482422,111.79000091552734,110.75,111.4000015258789,7918900
2019-05-23,90.2909927368164,108.63999938964844,109.79000091552734,107.5,109.63999938964844,14558000
2019-05-24,91.18026733398438,109.70999908447266,109.95999908447266,109.19000244140624,109.5199966430664,8537300
2019-05-28,90.19126892089844,108.5199966430664,109.83000183105467,108.44000244140624,109.1999969482422,11665500
2019-05-29,89.94194030761719,108.22000122070312,108.4000015258789,107.05999755859376,107.4499969482422,9966400
2019-05-30,88.97784423828125,107.05999755859376,109.18000030517578,106.54000091552734,108.6500015258789,10367800
2019-05-31,88.06363677978516,105.95999908447266,106.58999633789062,104.83999633789062,105.55999755859376,10952800
2019-06-03,88.47917175292969,106.45999908447266,106.86000061035156,105.3000030517578,105.8000030517578,11680700
2019-06-04,91.20521545410156,109.73999786376952,109.9000015258789,107.12999725341795,107.8499984741211,12858600
2019-06-05,91.5293426513672,110.12999725341795,110.37999725341795,108.63999938964844,109.86000061035156,8340500
2019-06-06,91.72881317138672,110.37000274658205,110.87000274658205,108.93000030517578,110.1500015258789,8726700
2019-06-07,90.72318267822266,109.16000366210938,110.0199966430664,108.95999908447266,109.6999969482422,10618900
2019-06-10,91.70387268066406,110.33999633789062,111.20999908447266,110.22000122070312,110.75,11380600
2019-06-11,91.98645782470705,110.68000030517578,111.56999969482422,110.37000274658205,110.81999969482422,9847700
2019-06-12,90.81458282470705,109.2699966430664,110.9000015258789,108.88999938964844,110.6999969482422,9670500
2019-06-13,91.03899383544922,109.54000091552734,110.16000366210938,109.0500030517578,109.45999908447266,8406900
2019-06-14,91.27169036865234,109.81999969482422,110.3000030517578,108.62999725341795,109.56999969482422,9077400
2019-06-17,90.77303314208984,109.22000122070312,110.37000274658205,109.05999755859376,109.6999969482422,8128600
2019-06-18,92.01139831542967,110.70999908447266,111.41000366210938,108.9800033569336,109.01000213623048,11057300
2019-06-19,91.34650421142578,109.91000366210938,111.58999633789062,109.6999969482422,110.81999969482422,13126500
2019-06-20,91.57919311523438,110.19000244140624,111.08999633789062,109.02999877929688,110.87999725341795,13638000
2019-06-21,90.95587921142578,109.44000244140624,111.66999816894533,109.08999633789062,110.19000244140624,27089500
2019-06-24,90.3076171875,108.66000366210938,109.7699966430664,108.54000091552734,109.27999877929688,13039600
2019-06-25,89.55963134765625,107.76000213623048,108.9800033569336,107.66999816894533,108.68000030517578,18660100
2019-06-26,90.15802001953124,108.4800033569336,109.30999755859376,108.16000366210938,108.3000030517578,10324600
2019-06-27,90.45722198486328,108.83999633789062,109.5500030517578,108.44000244140624,108.83999633789062,10906600
2019-06-28,92.91729736328124,111.8000030517578,112.43000030517578,110.9000015258789,111.04000091552734,21634700
2019-07-01,94.4797592163086,113.68000030517578,114.5199966430664,113.08000183105467,113.2300033569336,12724500
2019-07-02,94.5794906616211,113.8000030517578,114.1999969482422,113.22000122070312,113.51000213623048,10174900
2019-07-03,94.42881774902344,112.81999969482422,113.87000274658205,112.26000213623048,113.33999633789062,6849400
2019-07-05,94.98960876464844,113.48999786376952,114.2699966430664,112.91999816894533,113.51000213623048,7929400
2019-07-08,94.4706802368164,112.87000274658205,113.4800033569336,112.5,112.95999908447266,6917200
2019-07-09,94.87242126464844,113.3499984741211,113.48999786376952,112.1500015258789,112.27999877929688,8947300
2019-07-10,94.59622192382812,113.0199966430664,113.83000183105467,112.73999786376952,113.37000274658205,9242300
2019-07-11,95.50016021728516,114.0999984741211,114.36000061035156,113.12000274658205,113.37000274658205,11595200
2019-07-12,96.50456237792967,115.3000030517578,115.3499984741211,113.93000030517578,114.12999725341795,10783400
2019-07-15,95.33280181884766,113.9000015258789,115.56999969482422,113.52999877929688,115.54000091552734,12946600
2019-07-16,96.35387420654295,115.12000274658205,115.5,112.91999816894533,113.4800033569336,16945000
2019-07-17,95.40809631347656,113.98999786376952,114.94000244140624,113.7300033569336,114.43000030517578,13120900
2019-07-18,95.97726440429688,114.66999816894533,115.06999969482422,113.5500030517578,113.93000030517578,9397200
2019-07-19,95.0314483642578,113.54000091552734,115.12000274658205,113.4000015258789,114.88999938964844,10402800
2019-07-22,95.6424331665039,114.2699966430664,114.4499969482422,112.7699966430664,112.91000366210938,9061100
2019-07-23,97.39178466796876,116.36000061035156,116.4499969482422,114.81999969482422,114.87999725341795,12752200
2019-07-24,97.78514862060548,116.83000183105467,116.87999725341795,115.5199966430664,115.58000183105467,10011000
2019-07-25,96.8477020263672,115.70999908447266,117.23999786376952,115.31999969482422,116.88999938964844,10138400
2019-07-26,97.27458190917967,116.22000122070312,116.51000213623048,115.52999877929688,115.7699966430664,12800400
2019-07-29,96.9648895263672,115.8499984741211,117.18000030517578,115.79000091552734,116.45999908447266,8500400
2019-07-30,96.74728393554688,115.58999633789062,116.08000183105467,114.76000213623048,115.19000244140624,7121100
2019-07-31,97.0904541015625,116.0,116.18000030517578,114.86000061035156,116.0999984741211,13648000
2019-08-01,94.5292739868164,112.94000244140624,116.8000030517578,112.5999984741211,115.33000183105467,15664500
2019-08-02,94.5208740234375,112.93000030517578,113.43000030517578,111.4000015258789,112.4000015258789,11025500
2019-08-05,91.7086181640625,109.56999969482422,110.9800033569336,108.2699966430664,110.79000091552734,15855300
2019-08-06,92.42843627929688,110.43000030517578,110.5,108.33999633789062,110.0500030517578,10203500
2019-08-07,90.41967010498048,108.02999877929688,108.27999877929688,105.94000244140624,108.0,17320900
2019-08-08,91.95133209228516,109.86000061035156,110.08000183105467,108.72000122070312,109.0500030517578,10903300
2019-08-09,91.85090637207033,109.73999786376952,110.4499969482422,108.29000091552734,109.3499984741211,9980800
2019-08-12,90.12671661376952,107.68000030517578,108.51000213623048,107.20999908447266,108.44000244140624,9393700
2019-08-13,91.51610565185548,109.33999633789062,110.33000183105467,107.02999877929688,107.9499969482422,12124700
2019-08-14,87.71620178222656,104.8000030517578,106.91000366210938,104.4499969482422,106.3000030517578,19491800
2019-08-15,88.05098724365234,105.1999969482422,106.37999725341795,104.33999633789062,104.81999969482422,13365600
2019-08-16,90.16019439697266,107.72000122070312,107.9800033569336,105.87000274658205,106.37000274658205,11830600
2019-08-19,90.97207641601562,108.69000244140624,109.75,108.41999816894533,109.62999725341795,8265400
2019-08-20,89.8170394897461,107.30999755859376,108.44000244140624,107.23999786376952,107.8499984741211,8374000
2019-08-21,90.06813049316406,107.61000061035156,108.43000030517578,107.4499969482422,108.20999908447266,8189300
2019-08-22,90.9971923828125,108.72000122070312,109.2699966430664,107.93000030517578,108.37000274658205,9343400
2019-08-23,88.7373275756836,106.0199966430664,108.77999877929688,105.11000061035156,108.0,14762300
2019-08-26,89.44876098632812,106.87000274658205,106.98999786376952,106.01000213623048,106.62000274658205,8209500
2019-08-27,88.50296020507812,105.73999786376952,107.55999755859376,104.83999633789062,107.3499984741211,14331800
2019-08-28,89.39017486572266,106.8000030517578,107.20999908447266,105.04000091552734,105.08000183105467,10585500
2019-08-29,91.41565704345705,109.22000122070312,109.88999938964844,108.0199966430664,108.13999938964844,10002200
2019-08-30,91.95133209228516,109.86000061035156,110.55999755859376,109.47000122070312,109.83999633789062,10170300
2019-09-03,90.8632583618164,108.55999755859376,108.98999786376952,107.31999969482422,108.9800033569336,9868800
2019-09-04,91.95970916748048,109.87000274658205,110.22000122070312,108.55999755859376,109.4499969482422,6929200
2019-09-05,94.05219268798828,112.37000274658205,113.72000122070312,111.1999969482422,111.25,13224700
2019-09-06,94.25308227539062,112.61000061035156,112.9800033569336,111.95999908447266,112.66000366210938,7836600
2019-09-09,96.58826446533205,115.4000015258789,116.05999755859376,113.5999984741211,113.70999908447266,13985100
2019-09-10,97.81861877441406,116.87000274658205,117.2699966430664,115.7300033569336,116.3000030517578,14333100
2019-09-11,98.08646392822266,117.19000244140624,117.1999969482422,115.37999725341795,116.88999938964844,9919200
2019-09-12,98.68909454345705,117.91000366210938,118.47000122070312,115.91999816894533,116.5500030517578,12283500
2019-09-13,100.63089752197266,120.2300033569336,120.4000015258789,118.75,119.0,16257200
2019-09-16,99.73533630371094,119.16000366210938,119.87000274658205,118.37999725341795,118.9000015258789,11993900
2019-09-17,99.24152374267578,118.56999969482422,118.61000061035156,117.23999786376952,118.41999816894533,10735400
2019-09-18,100.23751831054688,119.76000213623048,120.08000183105467,117.75,118.31999969482422,10665600
2019-09-19,99.91947174072266,119.37999725341795,120.33999633789062,119.08999633789062,119.6999969482422,9382600
2019-09-20,99.51769256591795,118.9000015258789,120.33999633789062,118.87000274658205,119.73999786376952,21862800
2019-09-23,99.50096893310548,118.87999725341795,119.12000274658205,117.68000030517578,117.77999877929688,9135100
2019-09-24,98.20362091064452,117.33000183105467,119.26000213623048,117.04000091552734,118.75,11696500
2019-09-25,98.76439666748048,118.0,118.36000061035156,117.12000274658205,117.2699966430664,9389400
2019-09-26,97.95252990722656,117.02999877929688,118.0500030517578,116.9499969482422,117.87999725341795,9899200
2019-09-27,98.53006744384766,117.72000122070312,118.63999938964844,117.27999877929688,117.95999908447266,10207800
2019-09-30,98.50495910644533,117.69000244140624,118.7699966430664,117.22000122070312,118.36000061035156,9755000
2019-10-01,96.71379852294922,115.5500030517578,119.0,115.41000366210938,118.4000015258789,11250300
2019-10-02,94.78872680664062,113.25,114.9000015258789,112.93000030517578,114.80999755859376,12548700
2019-10-03,94.65373229980467,112.19000244140624,112.91000366210938,110.5199966430664,112.2699966430664,12735200
2019-10-04,96.70391082763672,114.62000274658205,114.94000244140624,112.2699966430664,112.33999633789062,9453100
2019-10-07,96.49299621582033,114.37000274658205,115.5,114.06999969482422,114.19000244140624,6771600
2019-10-08,94.3415756225586,111.81999969482422,113.05999755859376,111.66000366210938,113.05999755859376,10806300
2019-10-09,95.02498626708984,112.62999725341795,113.16000366210938,112.06999969482422,112.66999816894533,7273700
2019-10-10,96.35800170898438,114.20999908447266,115.4000015258789,113.0,113.13999938964844,10994100
2019-10-11,97.98631286621094,116.13999938964844,117.98999786376952,115.87000274658205,116.02999877929688,15076500
2019-10-14,98.24786376953124,116.4499969482422,116.87000274658205,115.66000366210938,115.8499984741211,8779000
2019-10-15,101.20922088623048,119.95999908447266,121.58999633789062,117.87000274658205,118.8499984741211,23379000
2019-10-16,100.97297668457033,119.68000030517578,120.62000274658205,119.37999725341795,119.95999908447266,11087700
2019-10-17,101.53826904296876,120.3499984741211,121.56999969482422,119.87999725341795,120.75,10818500
2019-10-18,101.7154541015625,120.55999755859376,121.0199966430664,119.86000061035156,120.0,10417400
2019-10-21,104.2380599975586,123.5500030517578,123.7699966430664,121.98999786376952,122.0500030517578,12714600
2019-10-22,105.28424072265624,124.79000091552734,125.0999984741211,123.12000274658205,123.4499969482422,12549100
2019-10-23,105.56267547607422,125.12000274658205,125.1500015258789,124.16999816894533,124.1999969482422,8828300
2019-10-24,105.48674774169922,125.02999877929688,125.66000366210938,124.06999969482422,125.29000091552734,8020500
2019-10-25,106.3304443359375,126.02999877929688,126.6500015258789,124.75,125.0,9055700
2019-10-28,106.73541259765624,126.51000213623048,127.20999908447266,126.4000015258789,126.56999969482422,9522200
2019-10-29,106.66791534423828,126.43000030517578,127.41999816894533,125.94000244140624,126.05999755859376,9797300
2019-10-30,106.07732391357422,125.7300033569336,126.26000213623048,124.91999816894533,126.0500030517578,8513700
2019-10-31,105.39392852783205,124.91999816894533,125.7300033569336,123.86000061035156,125.48999786376952,11589100
2019-11-01,107.82376098632812,127.8000030517578,127.98999786376952,126.0199966430664,126.1999969482422,11682600
2019-11-04,108.684326171875,128.82000732421875,129.4199981689453,128.55999755859375,129.0800018310547,9159900
2019-11-05,108.92056274414062,129.10000610351562,130.3000030517578,128.83999633789062,129.38999938964844,13747600
2019-11-06,109.0893096923828,129.3000030517578,129.83999633789062,128.5800018310547,128.69000244140625,11231100
2019-11-07,109.6798858642578,130.0,131.2899932861328,129.9199981689453,130.42999267578125,13528900
2019-11-08,110.00051879882812,130.3800048828125,130.39999389648438,129.25,129.8800048828125,9293400
2019-11-11,109.61237335205078,129.9199981689453,130.10000610351562,129.35000610351562,129.60000610351562,8679000
2019-11-12,108.97119903564452,129.16000366210938,130.6199951171875,129.00999450683594,129.6300048828125,9099000
2019-11-13,108.3974609375,128.47999572753906,128.82000732421875,127.41999816894533,128.1300048828125,8023300
2019-11-14,108.49874114990234,128.60000610351562,128.83999633789062,127.58999633789062,127.72000122070312,8483400
2019-11-15,109.28334045410156,129.52999877929688,129.52999877929688,128.39999389648438,129.22999572753906,10163600
2019-11-18,110.20296478271484,130.6199951171875,130.64999389648438,128.99000549316406,129.55999755859375,8749300
2019-11-19,110.1692352294922,130.5800018310547,131.25,130.17999267578125,130.99000549316406,8824500
2019-11-20,109.36771392822266,129.6300048828125,130.6199951171875,128.94000244140625,130.3000030517578,11782800
2019-11-21,109.62081146240234,129.92999267578125,130.72000122070312,129.38999938964844,130.0,7705500
2019-11-22,110.34642028808594,130.7899932861328,131.22000122070312,130.10000610351562,130.14999389648438,8167900
2019-11-25,110.9369888305664,131.49000549316406,132.07000732421875,130.8699951171875,131.25,10068500
2019-11-26,111.08885192871094,131.6699981689453,131.82000732421875,130.36000061035156,131.82000732421875,10490700
2019-11-27,111.41788482666016,132.05999755859375,132.42999267578125,131.64999389648438,132.2899932861328,6607900
2019-11-29,111.164794921875,131.75999450683594,132.41000366210938,131.4499969482422,131.8699951171875,5712000
2019-12-02,110.92009735107422,131.47000122070312,132.74000549316406,131.35000610351562,132.30999755859375,8615600
2019-12-03,109.49427795410156,129.77999877929688,129.9600067138672,128.58999633789062,129.77000427246094,10361300
2019-12-04,111.65409088134766,132.33999633789062,132.47000122070312,129.99000549316406,130.3800048828125,10318200
2019-12-05,112.2615737915039,133.05999755859375,133.30999755859375,132.17999267578125,132.67999267578125,9587400
2019-12-06,113.9320831298828,135.0399932861328,135.77999877929688,134.64999389648438,134.69000244140625,10170600
2019-12-09,113.40057373046876,134.41000366210938,135.4600067138672,134.41000366210938,134.6300048828125,8498200
2019-12-10,113.47649383544922,134.5,134.77000427246094,132.8800048828125,133.25,7532900
2019-12-11,113.20652770996094,134.17999267578125,135.02000427246094,134.00999450683594,134.2899932861328,9011900
2019-12-12,116.44628143310548,138.02000427246094,138.47000122070312,134.2100067138672,134.49000549316406,13717400
2019-12-13,115.42542266845705,136.80999755859375,138.8300018310547,136.22000122070312,137.9499969482422,10592100
2019-12-16,115.87257385253906,137.33999633789062,138.83999633789062,137.32000732421875,138.3800048828125,11372000
2019-12-17,116.58129119873048,138.17999267578125,138.6699981689453,137.22999572753906,137.72999572753906,11546800
2019-12-18,116.46314239501952,138.0399932861328,139.02000427246094,137.72000122070312,138.14999389648438,10381500
2019-12-19,115.88101196289062,137.35000610351562,138.22000122070312,137.10000610351562,137.75999450683594,9350400
2019-12-20,115.78824615478516,137.24000549316406,138.8800048828125,136.89999389648438,138.02000427246094,29992600
2019-12-23,115.75448608398438,137.1999969482422,137.91000366210938,136.8800048828125,137.60000610351562,9738400
2019-12-24,116.07508850097656,137.5800018310547,137.6300048828125,137.05999755859375,137.3300018310547,3324300
2019-12-26,117.30682373046876,139.0399932861328,139.10000610351562,137.77999877929688,137.88999938964844,6770900
2019-12-27,117.39122009277344,139.13999938964844,139.77000427246094,138.6699981689453,139.3000030517578,7868200
2019-12-30,116.96092987060548,138.6300048828125,140.0800018310547,138.47000122070312,139.89999389648438,6963000
2019-12-31,117.61058044433594,139.39999389648438,139.47999572753906,138.2899932861328,138.50999450683594,7201600
2020-01-02,119.03643798828124,141.08999633789062,141.10000610351562,139.25999450683594,139.7899932861328,10803700
2020-01-03,117.46556854248048,138.33999633789062,139.22999572753906,137.0800018310547,137.5,10386800
2020-01-06,117.37220764160156,138.22999572753906,138.27000427246094,136.5,136.55999755859375,10259000
2020-01-07,115.37677001953124,135.8800048828125,137.86000061035156,135.82000732421875,137.27999877929688,10531300
2020-01-08,116.27684020996094,136.94000244140625,137.5800018310547,135.60000610351562,135.6999969482422,9695300
2020-01-09,116.70135498046876,137.44000244140625,138.22999572753906,137.0399932861328,138.0500030517578,9469000
2020-01-10,115.53811645507812,136.07000732421875,137.25,135.80999755859375,137.2100067138672,10190900
2020-01-13,116.4975814819336,137.1999969482422,137.1999969482422,135.75999450683594,136.19000244140625,12355200
2020-01-14,117.8561782836914,138.8000030517578,140.75999450683594,137.69000244140625,137.94000244140625,24906000
2020-01-15,116.09002685546876,136.72000122070312,138.60000610351562,136.14999389648438,137.85000610351562,16293400
2020-01-16,116.5400619506836,137.25,137.89999389648438,136.83999633789062,137.4499969482422,10783800
2020-01-17,117.34668731689452,138.1999969482422,138.2899932861328,137.32000732421875,137.5399932861328,14697700
2020-01-21,116.19189453125,136.83999633789062,138.07000732421875,136.69000244140625,137.19000244140625,8474200
2020-01-22,116.05607604980467,136.67999267578125,137.39999389648438,136.3800048828125,137.24000549316406,7549100
2020-01-23,115.93717193603516,136.5399932861328,136.74000549316406,134.72000122070312,135.7100067138672,9345700
2020-01-24,113.05870056152344,133.14999389648438,136.42999267578125,132.32000732421875,136.3699951171875,15166400
2020-01-27,112.10769653320312,132.02999877929688,132.94000244140625,129.7100067138672,130.27000427246094,12860500
2020-01-28,114.14553833007812,134.42999267578125,134.97000122070312,132.47999572753906,132.83999633789062,13062800
2020-01-29,113.97571563720705,134.22999572753906,135.5399932861328,133.69000244140625,134.80999755859375,9326000
2020-01-30,115.38524627685548,135.88999938964844,136.1300048828125,132.69000244140625,132.69000244140625,9048900
2020-01-31,112.3878936767578,132.36000061035156,134.8300018310547,131.47000122070312,134.49000549316406,12785200
2020-02-03,113.24549865722656,133.3699951171875,134.24000549316406,132.66000366210938,132.66000366210938,10021100
2020-02-04,114.87579345703124,135.2899932861328,136.60000610351562,135.0800018310547,135.5500030517578,9157100
2020-02-05,116.82872772216795,137.58999633789062,137.72999572753906,136.00999450683594,136.57000732421875,10150700
2020-02-06,116.845703125,137.61000061035156,138.2899932861328,137.11000061035156,138.24000549316406,8992300
2020-02-07,116.47210693359376,137.1699981689453,137.6699981689453,136.3000030517578,136.72999572753906,6379800
2020-02-10,116.95612335205078,137.74000549316406,137.85000610351562,136.75,136.9499969482422,5960700
2020-02-11,117.1768798828125,138.0,138.82000732421875,137.77999877929688,138.25999450683594,6578600
2020-02-12,117.1768798828125,138.0,139.2899932861328,137.8000030517578,138.60000610351562,7958000
2020-02-13,117.0749969482422,137.8800048828125,138.33999633789062,136.39999389648438,137.75,7447500
2020-02-14,116.71834564208984,137.4600067138672,138.19000244140625,136.94000244140625,137.83999633789062,6627600
2020-02-18,115.17298126220705,135.63999938964844,137.7100067138672,135.0500030517578,137.33999633789062,8996400
2020-02-19,116.74383544921876,137.49000549316406,138.38999938964844,136.33999633789062,136.91000366210938,7071200
2020-02-20,116.74383544921876,137.49000549316406,138.36000061035156,136.52999877929688,137.1699981689453,7422800
2020-02-21,115.31731414794922,135.80999755859375,136.9199981689453,134.9199981689453,136.5500030517578,9772800
2020-02-24,112.21810150146484,132.16000366210938,133.1999969482422,130.8000030517578,131.44000244140625,13618400
2020-02-25,107.20838165283205,126.26000213623048,132.22999572753906,125.58999633789062,131.0,20797200
2020-02-26,107.53099822998048,126.63999938964844,128.9499969482422,126.33999633789062,126.93000030517578,24825600
2020-02-27,103.05621337890624,121.37000274658205,125.62000274658205,121.3000030517578,122.91000366210938,23005500
2020-02-28,98.58991241455078,116.11000061035156,118.48999786376952,112.66000366210938,117.5199966430664,45931400
2020-03-02,103.1835479736328,121.5199966430664,121.58000183105467,114.45999908447266,116.62999725341795,27355400
2020-03-03,99.31165313720705,116.95999908447266,122.9499969482422,116.23999786376952,120.97000122070312,32547700
2020-03-04,101.76556396484376,119.8499984741211,120.19000244140624,114.6999969482422,118.33000183105467,25795900
2020-03-05,96.77281188964844,113.97000122070312,116.43000030517578,112.58000183105467,115.66999816894533,25025600
2020-03-06,91.77157592773438,108.08000183105467,110.31999969482422,105.0199966430664,106.26000213623048,38159400
2020-03-09,79.34062957763672,93.44000244140624,99.2300033569336,93.0,96.56999969482422,40352000
2020-03-10,85.5051498413086,100.6999969482422,101.27999877929688,94.58000183105467,99.0,31102700
2020-03-11,81.48039245605469,95.95999908447266,100.0500030517578,94.5500030517578,97.6999969482422,38127000
2020-03-12,74.76393127441406,88.05000305175781,96.95999908447266,86.31999969482422,89.58999633789062,49725200
2020-03-13,88.23078918457031,103.91000366210938,103.98999786376952,92.0,95.98999786376952,38543300
2020-03-16,75.02716827392578,88.36000061035156,93.9800033569336,84.55000305175781,85.19999694824219,38589700
2020-03-17,79.61233520507812,93.76000213623048,97.44000244140624,87.5,90.88999938964844,35239800
2020-03-18,71.23163604736328,83.88999938964844,90.79000091552734,80.36000061035156,87.66999816894531,41525600
2020-03-19,72.42890167236328,85.30000305175781,88.11000061035156,76.91000366210938,81.55999755859375,32175100
2020-03-20,70.9004898071289,83.5,89.45999908447266,82.4800033569336,86.30000305175781,30150800
2020-03-23,67.10498809814453,79.02999877929688,83.75,78.08999633789062,82.68000030517578,32536600
2020-03-24,75.08659362792969,88.43000030517578,90.0999984741211,82.9000015258789,84.9000015258789,34363200
2020-03-25,77.88866424560547,91.7300033569336,95.1500015258789,84.54000091552734,89.23999786376953,38111700
2020-03-26,83.31443786621094,98.12000274658205,98.56999969482422,93.54000091552734,94.08000183105467,29826300
2020-03-27,77.37918090820312,91.12999725341795,94.83999633789062,90.5500030517578,93.19000244140624,30041500
2020-03-30,79.39159393310547,93.5,94.08999633789062,89.30000305175781,90.6500015258789,21656900
2020-03-31,76.44517517089844,90.02999877929688,94.16999816894533,89.33999633789062,92.0500030517578,23379300
2020-04-01,71.6307373046875,84.36000061035156,86.55999755859375,83.25,85.0999984741211,28029600
2020-04-02,74.305419921875,87.51000213623047,87.91000366210938,82.95999908447266,83.51000213623047,24018000
2020-04-03,72.10911560058594,84.05000305175781,87.4800033569336,82.7699966430664,86.0,21199400
2020-04-06,76.75052642822266,89.45999908447266,90.98999786376952,87.69999694824219,88.98999786376953,26820800
2020-04-07,77.76288604736328,90.63999938964844,94.5,90.37999725341795,94.4499969482422,22563800
2020-04-08,80.90292358398438,94.3000030517578,94.86000061035156,90.5500030517578,92.0999984741211,22903300
2020-04-09,88.1610107421875,102.76000213623048,104.38999938964844,96.88999938964844,96.91999816894533,42055900
2020-04-13,84.24027252197266,98.19000244140624,103.11000061035156,97.3000030517578,103.11000061035156,26911900
2020-04-14,81.93244171142578,95.5,102.0,93.63999938964844,101.0199966430664,46151300
2020-04-15,77.8915786743164,90.79000091552734,92.02999877929688,90.12999725341795,91.1500015258789,30118600
2020-04-16,74.92314147949219,87.33000183105469,90.56999969482422,87.05000305175781,90.2300033569336,32449600
2020-04-17,81.65789031982422,95.18000030517578,95.6999969482422,90.95999908447266,92.0,30191900
2020-04-20,78.68087768554688,91.70999908447266,94.70999908447266,90.45999908447266,92.47000122070312,23679400
2020-04-21,76.39877319335938,89.05000305175781,91.37999725341795,88.33000183105469,88.62000274658203,23035000
2020-04-22,76.64757537841797,89.33999633789062,91.87000274658205,89.18000030517578,90.69000244140624,16662400
2020-04-23,76.69047546386719,89.38999938964844,91.27999877929688,89.26000213623047,89.73999786376953,16638800
2020-04-24,77.82295227050781,90.70999908447266,91.0999984741211,88.48999786376953,90.63999938964844,15809200
2020-04-27,81.17745208740234,94.62000274658205,95.62999725341795,91.54000091552734,91.94000244140624,22870200
2020-04-28,81.75226593017578,95.29000091552734,98.36000061035156,95.02999877929688,97.80999755859376,20238900
2020-04-29,83.95716094970703,97.86000061035156,99.4499969482422,97.2699966430664,99.08000183105467,20462600
2020-04-30,82.15550994873047,95.76000213623048,96.83999633789062,94.5500030517578,95.5999984741211,19127600
2020-05-01,80.0020751953125,93.25,93.73999786376952,91.83999633789062,93.5,18547700
2020-05-04,79.04979705810547,92.13999938964844,92.66999816894533,90.8000030517578,92.0199966430664,15725900
2020-05-05,78.9296646118164,92.0,94.20999908447266,91.9000015258789,93.6500015258789,18064100
2020-05-06,77.44546508789062,90.2699966430664,92.76000213623048,89.93000030517578,92.16000366210938,20978000
2020-05-07,78.25189971923828,91.20999908447266,92.91000366210938,90.58000183105467,91.33999633789062,16771900
2020-05-08,79.53022003173828,92.6999969482422,94.08000183105467,92.11000061035156,92.8000030517578,20487800
2020-05-11,77.18807983398438,89.97000122070312,91.11000061035156,89.33000183105469,91.11000061035156,31907600
2020-05-12,74.66575622558594,87.02999877929688,90.79000091552734,86.9000015258789,90.1500015258789,27962900
2020-05-13,72.09197235107422,84.02999877929688,86.86000061035156,83.4000015258789,86.37999725341797,35451600
2020-05-14,75.08613586425781,87.5199966430664,88.11000061035156,82.4000015258789,82.72000122070312,35152500
2020-05-15,73.69629669189453,85.9000015258789,87.27999877929688,85.30000305175781,86.8499984741211,26099000
2020-05-18,77.5998764038086,90.4499969482422,91.1500015258789,87.87999725341797,88.69000244140625,30504400
2020-05-19,76.0727767944336,88.66999816894531,91.1999969482422,88.58999633789062,90.05000305175781,19597300
2020-05-20,78.35486602783203,91.33000183105467,92.38999938964844,90.37000274658205,90.70999908447266,20552400
2020-05-21,77.35966491699219,90.16999816894533,91.76000213623048,89.66999816894531,90.2699966430664,14621400
2020-05-22,76.75910186767578,89.47000122070312,90.36000061035156,88.72000122070312,90.01000213623047,13557900
2020-05-26,82.20697021484375,95.81999969482422,97.5,92.61000061035156,92.88999938964844,41233900
2020-05-27,86.96849060058594,101.37000274658205,102.58000183105467,98.8000030517578,102.06999969482422,39402000
2020-05-28,85.67301940917969,99.86000061035156,102.9499969482422,99.4000015258789,102.94000244140624,24713900
2020-05-29,83.48528289794922,97.30999755859376,99.18000030517578,96.77999877929688,98.66000366210938,26526400
2020-06-01,84.59201049804688,98.5999984741211,99.51000213623048,97.37999725341795,97.75,15176800
2020-06-02,84.8751449584961,98.93000030517578,100.41999816894533,97.93000030517578,100.27999877929688,21195000
2020-06-03,89.45648193359375,104.2699966430664,104.91999816894533,101.05999755859376,101.58000183105467,25941100
2020-06-04,91.31819915771484,106.44000244140624,106.61000061035156,102.79000091552734,103.81999969482422,26784700
2020-06-05,95.42767333984376,111.2300033569336,115.7699966430664,109.52999877929688,114.93000030517578,42231000
2020-06-08,97.33229064941406,113.4499969482422,114.19000244140624,111.94000244140624,113.41000366210938,24881800
2020-06-09,94.83570861816406,110.54000091552734,111.62999725341795,109.01000213623048,110.6500015258789,17031100
2020-06-10,90.99217987060548,106.05999755859376,110.51000213623048,105.8499984741211,110.45999908447266,24913300
2020-06-11,83.39949798583984,97.20999908447266,101.58000183105467,96.54000091552734,100.02999877929688,36259200
2020-06-12,85.68158721923828,99.87000274658205,101.12999725341795,97.33000183105467,100.70999908447266,24856800
2020-06-15,86.86553955078125,101.25,101.43000030517578,95.87000274658205,96.41999816894533,22153600
2020-06-16,87.56045532226562,102.05999755859376,105.68000030517578,99.30999755859376,105.37000274658205,22193600
2020-06-17,85.34700012207031,99.4800033569336,102.54000091552734,99.20999908447266,102.52999877929688,15639800
2020-06-18,84.88372802734375,98.94000244140624,100.5199966430664,98.12999725341795,98.66999816894533,16591900
2020-06-19,83.91425323486328,97.80999755859376,100.5999984741211,96.7300033569336,100.52999877929688,40371200
2020-06-22,83.00484466552734,96.75,97.9499969482422,96.54000091552734,97.25,16216900
2020-06-23,84.01720428466797,97.93000030517578,99.97000122070312,97.8499984741211,98.97000122070312,15381400
2020-06-24,81.21177673339844,94.66000366210938,96.83999633789062,94.30999755859376,96.75,22919800
2020-06-25,84.04293823242188,97.95999908447266,98.20999908447266,94.26000213623048,94.3499984741211,25743600
2020-06-26,79.43585968017578,92.58999633789062,95.37000274658205,92.0,95.11000061035156,41896300
2020-06-29,79.78760528564453,93.0,94.48999786376952,92.18000030517578,93.4000015258789,18499700
2020-06-30,80.69700622558594,94.05999755859376,94.66000366210938,92.56999969482422,92.83000183105467,19137000
2020-07-01,80.01065826416016,93.26000213623048,95.70999908447266,93.02999877929688,94.88999938964844,18755700
2020-07-02,80.27056121826172,92.66000366210938,94.95999908447266,91.93000030517578,94.73999786376952,27845600
2020-07-06,82.29766845703125,95.0,95.1999969482422,93.4800033569336,94.43000030517578,18625300
2020-07-07,79.97601318359375,92.31999969482422,94.0999984741211,92.0,93.81999969482422,25757200
2020-07-08,80.82498168945312,93.3000030517578,93.33999633789062,91.8000030517578,92.29000091552734,18762200
2020-07-09,79.07508850097656,91.27999877929688,94.12000274658205,90.77999877929688,93.5199966430664,25600800
2020-07-10,83.39787292480469,96.2699966430664,96.83999633789062,91.87000274658205,92.0,28954200
2020-07-13,84.59334564208984,97.6500015258789,99.2699966430664,96.2300033569336,98.7300033569336,32079200
2020-07-14,85.0784683227539,98.20999908447266,99.9499969482422,96.63999938964844,98.37000274658205,42731700
2020-07-15,86.39523315429688,99.7300033569336,101.29000091552734,98.6500015258789,100.88999938964844,22508400
2020-07-16,86.6378173828125,100.01000213623048,101.22000122070312,98.5500030517578,98.77999877929688,16886900
2020-07-17,85.03517150878906,98.16000366210938,100.08000183105467,98.13999938964844,100.0,16137700
2020-07-20,84.2901611328125,97.3000030517578,98.38999938964844,97.26000213623048,97.43000030517578,14458100
2020-07-21,86.11802673339844,99.41000366210938,100.0500030517578,97.63999938964844,97.70999908447266,17798100
2020-07-22,85.49429321289062,98.69000244140624,100.12999725341795,97.52999877929688,99.6500015258789,14271200
2020-07-23,85.74551391601562,98.9800033569336,99.3499984741211,97.97000122070312,98.5,12870200
2020-07-24,85.13912200927734,98.27999877929688,99.8000030517578,97.94000244140624,99.5999984741211,12744200
2020-07-27,83.9436264038086,96.9000015258789,97.62999725341795,96.16999816894533,97.51000213623048,11959100
2020-07-28,84.3074722290039,97.31999969482422,97.88999938964844,96.5,96.5,11754300
2020-07-29,86.3519058227539,99.68000030517578,99.70999908447266,97.0,97.06999969482422,12743500
2020-07-30,84.04759979248047,97.0199966430664,97.73999786376952,96.0500030517578,97.54000091552734,14834800
2020-07-31,83.71839904785156,96.63999938964844,96.93000030517578,95.25,96.4800033569336,14535000
2020-08-03,83.2505874633789,96.0999984741211,97.56999969482422,95.8499984741211,97.0199966430664,12962800
2020-08-04,82.77415466308594,95.5500030517578,95.9499969482422,95.02999877929688,95.91000366210938,13366200
2020-08-05,84.21218872070312,97.20999908447266,98.47000122070312,95.72000122070312,95.87000274658205,15260900
2020-08-06,84.23817443847656,97.23999786376952,98.0999984741211,96.54000091552734,97.58000183105467,10482100
2020-08-07,86.09203338623047,99.37999725341795,99.48999786376952,96.55999755859376,96.93000030517578,14743700
2020-08-10,87.18355560302734,100.63999938964844,102.04000091552734,100.02999877929688,100.11000061035156,14989900
2020-08-11,89.93836975097656,103.81999969482422,106.16000366210938,103.51000213623048,103.86000061035156,31518600
2020-08-12,89.17603302001953,102.94000244140624,106.43000030517578,101.70999908447266,106.16000366210938,19240800
2020-08-13,88.68225860595703,102.37000274658205,103.36000061035156,101.63999938964844,102.0,13598600
2020-08-14,88.7168960571289,102.41000366210938,103.30999755859376,101.41999816894533,101.5,12134400
2020-08-17,86.37791442871094,99.70999908447266,102.0,99.52999877929688,101.5,14988000
2020-08-18,85.17377471923828,98.31999969482422,99.91000366210938,98.12000274658205,99.91000366210938,13246500
2020-08-19,85.37299346923828,98.5500030517578,100.58999633789062,98.33999633789062,98.91999816894533,13533000
2020-08-20,84.35079956054688,97.37000274658205,98.02999877929688,96.8000030517578,97.26000213623048,13672600
2020-08-21,84.3074722290039,97.31999969482422,98.56999969482422,96.94000244140624,97.2699966430664,12228300
2020-08-24,86.68110656738281,100.05999755859376,100.20999908447266,97.41999816894533,98.4499969482422,17898300
2020-08-25,87.06229400634766,100.5,101.9800033569336,99.8000030517578,101.2699966430664,13648900
2020-08-26,85.84080505371094,99.08999633789062,100.2699966430664,99.0500030517578,99.94000244140624,12052400
2020-08-27,88.6649169921875,102.3499984741211,102.6500015258789,99.0,99.0,22163900
2020-08-28,89.02874755859375,102.7699966430664,103.25,101.80999755859376,103.13999938964844,13756700
2020-08-31,86.7937240600586,100.19000244140624,102.18000030517578,100.0199966430664,102.12000274658205,14219400
2020-09-01,86.75042724609375,100.13999938964844,100.87000274658205,99.04000091552734,99.5500030517578,11595600
2020-09-02,88.05850982666016,101.6500015258789,101.94000244140624,99.55999755859376,99.9499969482422,14475700
2020-09-03,87.78131103515625,101.33000183105467,104.98999786376952,100.63999938964844,103.31999969482422,23281200
2020-09-04,89.67849731445312,103.5199966430664,105.20999908447266,101.37000274658205,104.0500030517578,26325500
2020-09-08,86.55982208251953,99.91999816894533,103.56999969482422,99.4800033569336,102.9800033569336,22108600
2020-09-09,87.3828125,100.87000274658205,101.69000244140624,99.55999755859376,100.8000030517578,13434000
2020-09-10,86.48185729980469,99.83000183105467,102.41999816894533,99.63999938964844,101.4000015258789,15922800
2020-09-11,87.55606842041016,101.06999969482422,101.36000061035156,99.58999633789062,99.97000122070312,13784300
2020-09-14,88.76886749267578,102.47000122070312,103.45999908447266,101.37000274658205,101.51000213623048,19017400
2020-09-15,86.00541687011719,99.27999877929688,102.8499984741211,99.13999938964844,102.7300033569336,23683000
2020-09-16,86.36925506591797,99.6999969482422,101.12999725341795,98.76000213623048,99.43000030517578,19270600
2020-09-17,85.38167572021484,98.55999755859376,99.33999633789062,97.70999908447266,98.6999969482422,18290100
2020-09-18,85.19976806640625,98.3499984741211,99.48999786376952,97.44000244140624,97.88999938964844,20121600
2020-09-21,82.56623077392578,95.30999755859376,96.0500030517578,93.81999969482422,95.1999969482422,28378800
2020-09-22,81.665283203125,94.2699966430664,95.66000366210938,93.66999816894533,94.95999908447266,19257000
2020-09-23,80.33984375,92.73999786376952,95.3499984741211,92.66000366210938,94.77999877929688,19952700
2020-09-24,80.27056121826172,92.66000366210938,94.3000030517578,91.37999725341795,92.31999969482422,18366500
2020-09-25,80.97224426269531,93.47000122070312,93.72000122070312,91.87000274658205,92.0500030517578,13293100
2020-09-28,83.30258178710938,96.16000366210938,96.93000030517578,94.3499984741211,95.05999755859376,20894100
2020-09-29,82.60088348388672,95.3499984741211,96.02999877929688,94.33000183105467,96.02999877929688,12848200
2020-09-30,83.39787292480469,96.2699966430664,97.1999969482422,95.26000213623048,95.3499984741211,16400600
2020-10-01,84.00425720214844,96.97000122070312,97.7699966430664,96.02999877929688,97.12000274658205,15778700
2020-10-02,84.8012466430664,97.88999938964844,98.58999633789062,95.08999633789062,95.25,15149600
2020-10-05,86.59363555908203,99.04000091552734,99.25,97.52999877929688,98.31999969482422,13871900
2020-10-06,85.70182037353516,98.0199966430664,100.86000061035156,97.51000213623048,100.06999969482422,19220400
2020-10-07,87.19692993164062,99.7300033569336,100.3499984741211,98.66999816894533,98.95999908447266,16358500
2020-10-08,88.98928833007812,101.77999877929688,101.91999816894533,99.9000015258789,100.51000213623048,15659000
2020-10-09,88.4822006225586,101.1999969482422,102.11000061035156,100.11000061035156,102.0,13689100
2020-10-12,89.5663833618164,102.44000244140624,103.0,100.8499984741211,101.0999984741211,16058000
2020-10-13,88.114990234375,100.77999877929688,103.22000122070312,100.26000213623048,103.0,21697300
2020-10-14,87.62535095214844,100.22000122070312,101.93000030517578,100.0999984741211,101.02999877929688,15204100
2020-10-15,88.93683624267578,101.72000122070312,101.77999877929688,99.04000091552734,99.0999984741211,17171200
2020-10-16,88.75324249267578,101.51000213623048,102.33000183105467,100.72000122070312,101.41000366210938,13275000
2020-10-19,87.25813293457031,99.8000030517578,101.87000274658205,99.55999755859376,101.5999984741211,11725700
2020-10-20,87.75651550292969,100.37000274658205,101.7699966430664,100.12000274658205,100.30999755859376,11257100
2020-10-21,86.88217163085938,99.37000274658205,100.98999786376952,99.33000183105467,100.36000061035156,10730500
2020-10-22,89.9510498046875,102.87999725341795,103.23999786376952,99.30999755859376,99.31999969482422,14837200
2020-10-23,90.76419830322266,103.80999755859376,104.4499969482422,102.93000030517578,103.5,15087600
2020-10-26,88.51716613769531,101.23999786376952,102.6999969482422,100.25,102.6500015258789,12410700
2020-10-27,86.84719848632812,99.33000183105467,100.91999816894533,99.16000366210938,100.51000213623048,10391700
2020-10-28,84.4078140258789,96.54000091552734,98.3000030517578,96.06999969482422,97.5,16389500
2020-10-29,84.95864868164062,97.16999816894533,97.9800033569336,95.23999786376952,96.12000274658205,14208800
2020-10-30,85.71930694580078,98.04000091552734,98.41999816894533,96.2300033569336,97.91000366210938,15194500
2020-11-02,87.65156555175781,100.25,100.87999725341795,97.86000061035156,99.38999938964844,15011600
2020-11-03,90.4144515991211,103.41000366210938,104.73999786376952,102.69000244140624,103.0199966430664,17482600
2020-11-04,87.65156555175781,100.25,102.06999969482422,98.93000030517578,101.0,18886500
2020-11-05,91.23631286621094,104.3499984741211,105.0999984741211,101.0,101.05999755859376,17837400
2020-11-06,90.02101135253906,102.95999908447266,105.0999984741211,102.38999938964844,105.02999877929688,12552800
2020-11-09,102.20917510986328,116.9000015258789,118.9000015258789,110.3499984741211,113.16000366210938,47792400
2020-11-10,101.87692260742188,116.5199966430664,117.4499969482422,114.69000244140624,117.3499984741211,20539300
2020-11-11,100.35559844970705,114.77999877929688,116.95999908447266,113.95999908447266,116.88999938964844,14443400
2020-11-12,99.12278747558594,113.37000274658205,113.95999908447266,112.05999755859376,112.52999877929688,22063000
2020-11-13,99.74356079101562,114.08000183105467,114.86000061035156,113.56999969482422,114.6999969482422,11847900
2020-11-16,102.55889129638672,117.3000030517578,118.61000061035156,115.7300033569336,117.79000091552734,19858600
2020-11-17,101.5184555053711,116.11000061035156,116.44000244140624,114.58000183105467,115.38999938964844,14553200
2020-11-18,100.76654052734376,115.25,118.61000061035156,115.1999969482422,117.33999633789062,12571200
2020-11-19,101.03755950927734,115.55999755859376,115.81999969482422,113.55999755859376,114.18000030517578,10202500
2020-11-20,100.1719970703125,114.56999969482422,115.6500015258789,114.08999633789062,114.43000030517578,12718900
2020-11-23,103.05726623535156,117.87000274658205,118.16999816894533,115.56999969482422,116.0500030517578,13209200
2020-11-24,107.8223648071289,123.31999969482422,123.5,119.70999908447266,120.06999969482422,20121600
2020-11-25,106.69447326660156,122.02999877929688,122.37999725341795,120.47000122070312,121.37000274658205,11715600
2020-11-27,105.98626708984376,121.22000122070312,122.3499984741211,121.08000183105467,122.0,5983600
2020-11-30,103.06602478027344,117.87999725341795,120.72000122070312,117.7699966430664,120.0,14411800
2020-12-01,104.6922836303711,119.73999786376952,121.58000183105467,119.62999725341795,120.33999633789062,12668900
2020-12-02,106.70323944091795,122.04000091552734,122.30999755859376,119.2699966430664,119.6999969482422,10811300
2020-12-03,106.0037612915039,121.23999786376952,121.88999938964844,120.36000061035156,121.8499984741211,12904400
2020-12-04,106.96551513671876,122.33999633789062,123.29000091552734,121.69000244140624,122.4800033569336,13583700
2020-12-07,106.56331634521484,121.87999725341795,122.16999816894533,120.20999908447266,121.1500015258789,9724300
2020-12-08,106.6682586669922,122.0,122.33000183105467,120.76000213623048,121.04000091552734,9592100
2020-12-09,105.837646484375,121.0500030517578,123.3000030517578,120.44000244140624,123.16999816894533,13073900
2020-12-10,105.15567016601562,120.2699966430664,120.77999877929688,119.55999755859376,119.98999786376952,13668400
2020-12-11,104.53487396240234,119.55999755859376,120.0199966430664,118.37000274658205,118.94000244140624,9981600
2020-12-14,103.4332275390625,118.3000030517578,121.41999816894533,118.11000061035156,121.33999633789062,12112400
2020-12-15,105.19937133789062,120.31999969482422,120.9000015258789,118.62000274658205,119.29000091552734,12590200
2020-12-16,105.50540161132812,120.66999816894533,121.08000183105467,119.86000061035156,120.3000030517578,11169400
2020-12-17,104.63105010986328,119.66999816894533,121.4499969482422,119.58000183105467,121.26000213623048,11618000
2020-12-18,104.11521911621094,119.08000183105467,119.87999725341795,118.2699966430664,119.13999938964844,28954800
2020-12-21,108.0234603881836,123.5500030517578,125.0,121.08999633789062,123.16999816894533,28323600
2020-12-22,106.37973022460938,121.66999816894533,123.5199966430664,121.61000061035156,123.38999938964844,11788200
2020-12-23,109.35245513916016,125.06999969482422,126.5199966430664,122.3499984741211,122.77999877929688,14973200
2020-12-24,108.8715591430664,124.5199966430664,125.5500030517578,123.56999969482422,125.08999633789062,4164900
2020-12-28,109.5885009765625,125.33999633789062,126.6500015258789,124.79000091552734,125.81999969482422,8072600
2020-12-29,109.29998016357422,125.01000213623048,126.27999877929688,124.88999938964844,126.1999969482422,8389200
2020-12-30,109.60598754882812,125.36000061035156,125.8499984741211,124.9000015258789,125.48999786376952,7398000
2020-12-31,111.10110473632812,127.06999969482422,127.33000183105467,124.81999969482422,125.08999633789062,8580200
