date,adjclose,close,high,low,open,volume
2015-01-02,77.90579986572266,78.44999694824219,78.93000030517578,77.69999694824219,78.58000183105469,18177500
2015-01-05,76.654541015625,77.19000244140625,79.25,76.86000061035156,77.9800033569336,26452200
2015-01-06,75.62174987792969,76.1500015258789,77.58999633789062,75.36000061035156,77.2300033569336,27399300
2015-01-07,75.62174987792969,76.1500015258789,77.36000061035156,75.81999969482422,76.76000213623047,22045300
2015-01-08,77.6376724243164,78.18000030517578,78.2300033569336,76.08000183105469,76.73999786376953,23961000
2015-01-09,77.20072174072266,77.73999786376953,78.62000274658203,77.19999694824219,78.19999694824219,21157000
2015-01-12,76.18780517578125,76.72000122070312,78.0,76.20999908447266,77.83999633789062,19190200
2015-01-13,75.91966247558594,76.44999694824219,78.08000183105469,75.8499984741211,77.2300033569336,25179600
2015-01-14,75.75086212158203,76.27999877929688,77.19999694824219,76.02999877929688,76.41999816894531,25918600
2015-01-15,73.53632354736328,74.05000305175781,76.56999969482422,73.54000091552734,76.4000015258789,34134000
2015-01-16,74.65848541259766,75.18000030517578,75.31999969482422,73.83999633789062,74.04000091552734,21791500
2015-01-20,75.71112823486328,76.23999786376953,76.30999755859375,74.81999969482422,75.72000122070312,22821600
2015-01-21,76.2076644897461,76.73999786376953,77.30000305175781,75.8499984741211,76.16000366210938,25096700
2015-01-22,77.11135864257812,77.6500015258789,77.75,76.68000030517578,77.16999816894531,19519500
2015-01-23,77.29010772705078,77.83000183105469,78.19000244140625,77.04000091552734,77.6500015258789,16746500
2015-01-26,76.96239471435547,77.5,78.47000122070312,77.29000091552734,77.9800033569336,19260800
2015-01-27,75.25433349609375,75.77999877929688,76.87999725341797,75.62999725341797,76.70999908447266,20110000
2015-01-28,75.71112823486328,76.23999786376953,77.63999938964844,76.0,76.9000015258789,53306400
2015-01-29,77.45891571044922,78.0,78.0199966430664,74.20999908447266,76.8499984741211,61293500
2015-01-30,75.38343048095703,75.91000366210938,78.16000366210938,75.75,78.0,42649500
2015-02-02,74.46979522705078,74.98999786376953,76.13999938964844,73.75,76.11000061035156,41955300
2015-02-03,74.87696075439453,75.4000015258789,75.58000183105469,73.86000061035156,75.19000244140625,26957700
2015-02-04,75.1053695678711,75.62999725341797,76.3499984741211,75.01000213623047,75.08999633789062,20277400
2015-02-05,75.08550262451172,75.61000061035156,75.9800033569336,75.20999908447266,75.70999908447266,15062600
2015-02-06,73.95341491699219,74.47000122070312,75.69999694824219,74.25,75.68000030517578,21211000
2015-02-09,73.92362213134766,74.44000244140625,74.83000183105469,73.44999694824219,74.05000305175781,16194300
2015-02-10,74.66841888427734,75.19000244140625,75.33999633789062,74.5,74.8499984741211,15811300
2015-02-11,75.97925567626953,76.51000213623047,76.75,75.02999877929688,75.08999633789062,20877400
2015-02-12,75.70121002197266,76.2300033569336,76.87000274658203,75.88999938964844,76.86000061035156,17235000
2015-02-13,75.214599609375,75.73999786376953,76.4800033569336,75.5,76.45999908447266,18621900
2015-02-17,75.0755844116211,75.5999984741211,76.91000366210938,75.08000183105469,75.30000305175781,25254400
2015-02-18,76.17787170410156,76.70999908447266,76.9000015258789,75.44999694824219,75.94000244140625,22426400
2015-02-19,78.86907196044922,79.41999816894531,79.83999633789062,76.94999694824219,76.98999786376953,45851200
2015-02-20,79.34574127197266,79.9000015258789,80.33999633789062,79.19999694824219,79.55000305175781,36931700
2015-02-23,78.29308319091797,78.83999633789062,80.19000244140625,78.37999725341797,79.95999908447266,24139100
2015-02-24,77.90579986572266,78.44999694824219,79.4800033569336,78.0999984741211,78.5,18897100
2015-02-25,79.00810241699219,79.55999755859375,80.19999694824219,78.5,78.5,25593800
2015-02-26,79.85221099853516,80.41000366210938,81.37000274658203,79.72000122070312,79.87999725341797,31111900
2015-02-27,78.42219543457031,78.97000122070312,81.2300033569336,78.62000274658203,80.68000030517578,30739200
2015-03-02,79.19678497314453,79.75,79.86000061035156,78.5199966430664,79.0,21662500
2015-03-03,79.04782104492188,79.5999984741211,79.69999694824219,78.5199966430664,79.61000061035156,18635000
2015-03-04,80.33881378173828,80.9000015258789,81.1500015258789,78.8499984741211,79.30000305175781,28126700
2015-03-05,80.64665985107422,81.20999908447266,81.98999786376953,81.05000305175781,81.2300033569336,27825700
2015-03-06,79.45498657226562,80.01000213623047,81.33000183105469,79.83000183105469,80.9000015258789,24488600
2015-03-09,78.8889389038086,79.44000244140625,79.91000366210938,78.62999725341797,79.68000030517578,18925100
2015-03-10,77.01205444335938,77.55000305175781,79.26000213623047,77.55000305175781,78.5,23067100
2015-03-11,77.03189849853516,77.56999969482422,78.43000030517578,77.26000213623047,77.80000305175781,20215700
2015-03-12,78.3824691772461,78.93000030517578,79.05000305175781,77.91000366210938,78.0999984741211,16093300
2015-03-13,77.50859069824219,78.05000305175781,79.37999725341797,77.68000030517578,78.5999984741211,18557300
2015-03-16,77.52843475341797,78.06999969482422,78.12000274658203,77.36000061035156,77.95999908447266,19305400
2015-03-17,78.80950164794922,79.36000061035156,79.77999877929688,78.33999633789062,78.36000061035156,22170000
2015-03-18,80.34873962402344,80.91000366210938,81.23999786376953,79.16999816894531,79.25,36912400
2015-03-19,82.17597198486328,82.75,83.0,81.0,81.12000274658203,42099500
2015-03-20,83.21868896484375,83.80000305175781,84.5999984741211,83.06999969482422,83.38999938964844,44466300
2015-03-23,83.84432220458984,84.43000030517578,84.95999908447266,83.30000305175781,83.91999816894531,27357300
2015-03-24,84.71821594238281,85.30999755859375,86.06999969482422,84.5199966430664,84.70999908447266,32576500
2015-03-25,82.34477996826172,82.91999816894531,85.5199966430664,82.91999816894531,85.5,37436100
2015-03-26,82.43416595458984,83.01000213623047,83.7699966430664,82.13999938964844,82.72000122070312,32794800
2015-03-27,82.72216033935547,83.30000305175781,83.94999694824219,82.87999725341797,83.37999725341797,18372600
2015-03-30,82.62286376953125,83.19999694824219,84.33999633789062,82.41000366210938,83.80999755859375,24527700
2015-03-31,81.649658203125,82.22000122070312,83.5,82.20999908447266,82.9000015258789,19734300
2015-04-01,81.10346984863281,81.66999816894531,82.72000122070312,80.87000274658203,82.5,22058200
2015-04-02,80.9942398071289,81.55999755859375,82.55999755859375,81.44000244140625,82.25,19664100
2015-04-06,81.86813354492188,82.44000244140625,82.80999755859375,80.80000305175781,80.80000305175781,19062900
2015-04-07,81.74895477294922,82.31999969482422,83.41999816894531,82.22000122070312,82.6500015258789,17467000
2015-04-08,81.70924377441406,82.27999877929688,83.0999984741211,81.83999633789062,82.62999725341797,18966700
2015-04-09,81.5999984741211,82.16999816894531,82.80000305175781,81.70999908447266,82.5,15927300
2015-04-10,81.47090148925781,82.04000091552734,82.61000061035156,81.91000366210938,82.20999908447266,12529700
2015-04-13,82.43416595458984,83.01000213623047,83.94000244140625,81.91999816894531,81.93000030517578,26883100
2015-04-14,82.94062042236328,83.5199966430664,83.69000244140625,82.44000244140625,83.16999816894531,19634200
2015-04-15,82.1362533569336,82.70999908447266,83.66000366210938,82.2699966430664,83.55000305175781,22390900
2015-04-16,81.73902130126953,82.30999755859375,83.06999969482422,82.1500015258789,82.47000122070312,13769700
2015-04-17,80.21964263916016,80.77999877929688,82.11000061035156,80.37000274658203,81.4800033569336,24215000
2015-04-20,82.51360321044922,83.08999633789062,83.1500015258789,81.23999786376953,81.54000091552734,28796800
2015-04-21,83.03993225097656,83.62000274658203,84.48999786376953,83.54000091552734,84.0,27171900
2015-04-22,84.04293060302734,84.62999725341797,84.73999786376953,83.6500015258789,84.31999969482422,45548000
2015-04-23,81.83833312988281,82.41000366210938,85.58999633789062,82.41000366210938,84.0999984741211,73728100
2015-04-24,80.96443939208984,81.52999877929688,82.94000244140625,81.4800033569336,82.7699966430664,29660400
2015-04-27,81.34180450439453,81.91000366210938,82.93000030517578,81.62999725341797,81.87000274658203,25446000
2015-04-28,80.12033081054688,80.68000030517578,81.9000015258789,80.2300033569336,81.83000183105469,23775300
2015-04-29,79.91178894042969,80.47000122070312,81.38999938964844,79.5199966430664,80.01000213623047,26430300
2015-04-30,78.22357177734375,78.7699966430664,80.95999908447266,78.31999969482422,80.01000213623047,28999000
2015-05-01,78.44207000732422,78.98999786376953,79.76000213623047,78.11000061035156,79.23999786376953,24136400
2015-05-04,78.26331329345703,78.80999755859375,79.69000244140625,78.62999725341797,79.33000183105469,14692000
2015-05-05,77.02196502685547,77.55999755859375,78.80000305175781,77.22000122070312,78.55000305175781,22311300
2015-05-06,77.55821990966797,78.0999984741211,78.80999755859375,77.05000305175781,77.97000122070312,28663000
2015-05-07,77.88594055175781,78.43000030517578,78.94000244140625,77.55999755859375,78.0,19749400
2015-05-08,77.96537780761719,78.51000213623047,79.2300033569336,78.02999877929688,79.0999984741211,19943600
2015-05-11,77.46885681152344,78.01000213623047,79.02999877929688,77.93000030517578,78.4800033569336,18874100
2015-05-12,76.92266845703125,77.45999908447266,77.88999938964844,76.79000091552734,77.87000274658203,21285300
2015-05-13,77.8958740234375,78.44000244140625,78.52999877929688,77.6500015258789,77.72000122070312,21512300
2015-05-14,80.80554962158203,81.37000274658203,81.8499984741211,78.66999816894531,78.94000244140625,49438000
2015-05-15,79.86214447021484,80.41999816894531,81.5199966430664,80.18000030517578,81.41000366210938,27069900
2015-05-18,80.3189468383789,80.87999725341797,81.37999725341797,80.2300033569336,80.33000183105469,21613700
2015-05-19,80.07068634033203,80.62999725341797,81.69000244140625,80.55000305175781,81.25,17955400
2015-05-20,79.99124145507812,80.55000305175781,81.0999984741211,79.45999908447266,80.47000122070312,23056900
2015-05-21,79.92172241210938,80.4800033569336,80.91999816894531,80.08000183105469,80.19000244140625,13402700
2015-05-22,79.98130798339844,80.54000091552734,81.30999755859375,80.25,80.3499984741211,19567900
2015-05-26,78.77969360351562,79.33000183105469,80.5999984741211,79.08000183105469,80.43000030517578,16321300
2015-05-27,79.99124145507812,80.55000305175781,80.66000366210938,79.43000030517578,79.5999984741211,14160900
2015-05-28,79.59400177001953,80.1500015258789,81.06999969482422,80.0,80.25,11982000
2015-05-29,78.64067840576172,79.19000244140625,80.06999969482422,78.87999725341797,79.94999694824219,16134600
2015-06-01,79.7330551147461,80.29000091552734,80.37999725341797,78.66000366210938,79.30000305175781,18119000
2015-06-02,79.88200378417969,80.44000244140625,81.3499984741211,79.55999755859375,79.76000213623047,18923300
2015-06-03,81.86813354492188,82.44000244140625,82.52999877929688,81.25,81.3499984741211,31775000
2015-06-04,81.4808349609375,82.05000305175781,82.94999694824219,81.51000213623047,82.13999938964844,20863900
2015-06-05,81.57020568847656,82.13999938964844,82.45999908447266,81.51000213623047,81.87000274658203,16143100
2015-06-08,80.11039733886719,80.66999816894531,82.0,80.12999725341797,81.81999969482422,16915500
2015-06-09,80.11039733886719,80.66999816894531,81.19000244140625,79.31999969482422,80.5999984741211,16497500
2015-06-10,81.5900650024414,82.16000366210938,82.5999984741211,80.80999755859375,80.83000183105469,21531200
2015-06-11,81.26235961914062,81.83000183105469,82.9000015258789,81.36000061035156,82.30999755859375,18656800
2015-06-12,80.96443939208984,81.52999877929688,82.08999633789062,81.19999694824219,81.37000274658203,11417900
2015-06-15,80.15013122558594,80.70999908447266,80.93000030517578,80.06999969482422,80.55000305175781,18805100
2015-06-16,80.49769592285156,81.05999755859375,81.51000213623047,80.44999694824219,80.81999969482422,13693700
2015-06-17,81.22264099121094,81.79000091552734,82.22000122070312,81.33999633789062,81.76000213623047,18350300
2015-06-18,82.33485412597656,82.91000366210938,83.19000244140625,81.56999969482422,81.63999938964844,26782600
2015-06-19,81.93763732910156,82.51000213623047,82.9800033569336,82.12000274658203,82.83000183105469,23353200
2015-06-22,84.15216827392578,84.73999786376953,84.97000122070312,83.30999755859375,83.41000366210938,29383100
2015-06-23,87.2703857421875,87.87999725341797,87.97000122070312,84.76000213623047,84.95999908447266,50667900
2015-06-24,88.24359130859375,88.86000061035156,89.25,87.44999694824219,87.66000366210938,41370200
2015-06-25,87.36970520019531,87.9800033569336,89.4000015258789,87.83999633789062,89.26000213623047,27302000
2015-06-26,87.39948272705078,88.01000213623047,88.33999633789062,86.83000183105469,88.12000274658203,38214600
2015-06-29,85.20482635498047,85.80000305175781,87.5,85.7300033569336,86.61000061035156,35957900
2015-06-30,85.1750259399414,85.7699966430664,86.69999694824219,85.56999969482422,86.5999984741211,23016500
2015-07-01,86.30712127685547,86.91000366210938,87.94999694824219,86.48999786376953,86.7699966430664,25260000
2015-07-02,86.68450164794922,87.29000091552734,87.44000244140625,86.33999633789062,87.4000015258789,16908800
2015-07-06,86.94268035888672,87.55000305175781,88.19000244140625,86.38999938964844,86.48999786376953,24635900
2015-07-07,86.6149673461914,87.22000122070312,87.8499984741211,85.2300033569336,87.80000305175781,33059900
2015-07-08,85.05586242675781,85.6500015258789,86.75,85.44999694824219,86.29000091552734,24399300
2015-07-09,85.28425598144531,85.87999725341797,87.5999984741211,85.6500015258789,86.7300033569336,23307400
2015-07-10,87.33990478515625,87.94999694824219,88.22000122070312,86.7699966430664,87.3499984741211,23245900
2015-07-13,89.47498321533203,90.0999984741211,90.22000122070312,88.41999816894531,88.66000366210938,29976700
2015-07-14,89.05789184570312,89.68000030517578,90.8000030517578,89.6500015258789,90.45999908447266,26627800
2015-07-15,89.13734436035156,89.76000213623047,90.98999786376952,89.41999816894531,90.0,30886600
2015-07-16,90.2197723388672,90.8499984741211,90.86000061035156,89.7699966430664,90.27999877929688,21804100
2015-07-17,94.31121826171876,94.97000122070312,95.38999938964844,92.54000091552734,92.5500030517578,54001600
2015-07-20,97.2308120727539,97.91000366210938,98.5999984741211,95.36000061035156,95.8499984741211,54860500
2015-07-21,97.7074737548828,98.38999938964844,99.23999786376952,97.13999938964844,98.9499969482422,39453300
2015-07-22,96.36685180664062,97.04000091552734,97.58000183105467,95.91999816894533,96.73999786376952,28299500
2015-07-23,94.77793884277344,95.44000244140624,97.4499969482422,94.80999755859376,96.95999908447266,29418800
2015-07-24,96.2774658203125,96.9499969482422,97.76000213623048,95.87999725341795,97.3499984741211,33444900
2015-07-27,93.5167465209961,94.16999816894533,96.61000061035156,93.83000183105467,96.58000183105467,38585400
2015-07-28,94.62899780273438,95.29000091552734,95.55999755859376,93.30999755859376,94.83999633789062,35236000
2015-07-29,96.31719207763672,96.98999786376952,97.27999877929688,94.73999786376952,96.31999969482422,64648300
2015-07-30,94.54954528808594,95.20999908447266,95.80999755859376,91.8000030517578,94.91000366210938,86211300
2015-07-31,93.3578643798828,94.01000213623048,96.33000183105467,93.9499969482422,94.9499969482422,46509000
2015-08-03,93.4869613647461,94.13999938964844,95.08000183105467,92.8000030517578,93.52999877929688,29343100
2015-08-04,93.4075164794922,94.05999755859376,94.7300033569336,93.33000183105467,93.79000091552734,20136000
2015-08-05,95.77099609375,96.44000244140624,97.08999633789062,95.18000030517578,95.25,29813200
2015-08-06,94.46017456054688,95.12000274658205,98.73999786376952,94.41999816894533,97.18000030517578,42271300
2015-08-07,93.64585876464844,94.3000030517578,95.4000015258789,93.61000061035156,95.37999725341795,23199100
2015-08-10,93.49690246582033,94.1500015258789,95.9000015258789,93.62999725341795,95.68000030517578,21624200
2015-08-11,92.9705810546875,93.62000274658205,94.76000213623048,92.9000015258789,93.7300033569336,22491000
2015-08-12,93.53662109375,94.19000244140624,94.44000244140624,91.19000244140624,92.6999969482422,27050500
2015-08-13,92.7818832397461,93.43000030517578,94.7300033569336,93.3499984741211,94.0500030517578,17451800
2015-08-14,93.76502990722656,94.41999816894533,94.72000122070312,93.20999908447266,93.54000091552734,15929700
2015-08-17,93.2784194946289,93.93000030517578,94.45999908447266,93.38999938964844,94.41999816894533,18313500
2015-08-18,94.50982666015624,95.16999816894533,95.8499984741211,94.04000091552734,94.08000183105467,22278800
2015-08-19,94.64884185791016,95.30999755859376,96.0999984741211,94.16000366210938,94.62999725341795,23251300
2015-08-20,89.93180084228516,90.55999755859376,94.7699966430664,90.45999908447266,93.54000091552734,44598200
2015-08-21,85.46300506591797,86.05999755859375,89.18000030517578,85.61000061035156,87.5199966430664,62778700
2015-08-24,81.52055358886719,82.08999633789062,82.08999633789062,72.0,77.02999877929688,83710700
2015-08-25,82.42424011230469,83.0,87.66999816894531,83.0,86.94999694824219,52021200
2015-08-26,86.58517456054688,87.19000244140625,87.45999908447266,83.26000213623047,85.94999694824219,45124300
2015-08-27,89.10755920410156,89.7300033569336,90.05999755859375,87.19000244140625,89.0999984741211,42431400
2015-08-28,90.3786849975586,91.01000213623048,91.4800033569336,89.79000091552734,89.87999725341797,33215900
2015-08-31,88.80963134765625,89.43000030517578,91.0500030517578,88.88999938964844,90.5999984741211,32850700
2015-09-01,86.6249008178711,87.2300033569336,89.38999938964844,86.5,86.8499984741211,36097400
2015-09-02,89.26644134521484,89.88999938964844,89.88999938964844,87.62999725341797,88.80999755859375,27190500
2015-09-03,87.53852081298828,88.1500015258789,89.81999969482422,87.7300033569336,89.76000213623047,27048200
2015-09-04,87.64775848388672,88.26000213623047,88.38999938964844,86.69999694824219,87.19999694824219,27328700
2015-09-08,88.908935546875,89.52999877929688,90.23999786376952,88.83000183105469,89.69000244140625,27012500
2015-09-09,89.81262969970703,90.44000244140624,91.9800033569336,90.16999816894533,90.77999877929688,32551100
2015-09-10,91.34194946289062,91.9800033569336,92.05999755859376,89.62999725341797,90.06999969482422,26437400
2015-09-11,91.41146087646484,92.0500030517578,92.08000183105467,91.12999725341795,91.68000030517578,21185000
2015-09-14,91.6696548461914,92.30999755859376,92.62000274658205,91.5999984741211,92.30999755859376,20127900
2015-09-15,92.25556182861328,92.9000015258789,93.25,91.79000091552734,92.37000274658205,18859400
2015-09-16,92.8017578125,93.4499969482422,93.5999984741211,92.62999725341795,92.9000015258789,16321200
2015-09-17,93.6855697631836,94.33999633789062,95.51000213623048,92.9000015258789,93.37000274658205,27841800
2015-09-18,93.74517059326172,94.4000015258789,95.19000244140624,93.0500030517578,93.1999969482422,62300000
2015-09-21,94.88719177246094,95.5500030517578,96.48999786376952,94.5199966430664,94.62000274658205,28790000
2015-09-22,92.31515502929688,92.95999908447266,94.68000030517578,91.91999816894533,93.7699966430664,36888900
2015-09-23,93.31814575195312,93.97000122070312,94.31999969482422,92.8000030517578,93.4000015258789,21701400
2015-09-24,93.75509643554688,94.41000366210938,94.7699966430664,92.23999786376952,93.05999755859376,29106000
2015-09-25,92.12646484375,92.7699966430664,95.8499984741211,92.05999755859376,95.79000091552734,28961600
2015-09-28,88.59115600585938,89.20999908447266,92.29000091552734,88.18000030517578,92.08000183105467,41199900
2015-09-29,86.06878662109375,86.66999816894531,90.05999755859375,85.72000122070312,89.0999984741211,42281800
2015-09-30,89.27637481689453,89.9000015258789,90.0199966430664,88.01000213623047,88.44000244140625,36169100
2015-10-01,90.319091796875,90.9499969482422,90.9499969482422,88.36000061035156,90.05000305175781,29283700
2015-10-02,91.43132781982422,92.06999969482422,92.1999969482422,88.37000274658203,88.9000015258789,37881700
2015-10-05,93.3578643798828,94.01000213623048,94.2699966430664,92.66000366210938,92.94000244140624,27292500
2015-10-06,92.15626525878906,92.8000030517578,94.16999816894533,92.33999633789062,94.08000183105467,22172800
2015-10-07,91.75904846191406,92.4000015258789,93.66000366210938,91.37000274658205,93.11000061035156,24129300
2015-10-08,91.82854461669922,92.47000122070312,93.22000122070312,90.47000122070312,91.88999938964844,27290500
2015-10-09,92.59320068359376,93.23999786376952,93.73999786376952,92.23999786376952,92.9000015258789,20012900
2015-10-12,93.60613250732422,94.26000213623048,94.5999984741211,92.66999816894533,93.31999969482422,18449600
2015-10-13,93.46710968017578,94.12000274658205,95.37000274658205,93.5500030517578,93.66000366210938,19480300
2015-10-14,93.4174575805664,94.06999969482422,95.1999969482422,93.61000061035156,94.08000183105467,19253400
2015-10-15,95.29434204101562,95.95999908447266,96.3000030517578,94.9000015258789,94.98999786376952,27557500
2015-10-16,96.8633804321289,97.54000091552734,97.58999633789062,95.3499984741211,96.18000030517578,25412900
2015-10-19,97.78692626953124,98.47000122070312,98.56999969482422,96.91999816894533,97.18000030517578,23729900
2015-10-20,96.32713317871094,97.0,99.58999633789062,96.55999755859376,98.7300033569336,30881800
2015-10-21,96.43635559082033,97.11000061035156,98.18000030517578,96.47000122070312,97.37000274658205,21917800
2015-10-22,98.97859954833984,99.66999816894533,99.7300033569336,97.5500030517578,97.79000091552734,26392100
2015-10-23,101.48113250732422,102.19000244140624,102.8499984741211,100.16000366210938,101.91000366210938,42809700
2015-10-26,103.0501480102539,103.7699966430664,103.80999755859376,101.5500030517578,102.1999969482422,25961200
2015-10-27,102.98064422607422,103.6999969482422,104.0999984741211,102.4000015258789,102.94000244140624,23795500
2015-10-28,103.47718048095705,104.1999969482422,104.4800033569336,102.91999816894533,103.9000015258789,24081500
2015-10-29,104.15245056152344,104.87999725341795,105.12000274658205,103.5199966430664,103.95999908447266,20316700
2015-10-30,101.2626495361328,101.97000122070312,104.72000122070312,101.6500015258789,104.51000213623048,33487100
2015-11-02,102.59335327148438,103.30999755859376,103.47000122070312,101.18000030517578,101.72000122070312,24003900
2015-11-03,101.86841583251952,102.58000183105467,103.6500015258789,102.4000015258789,103.22000122070312,21242300
2015-11-04,103.2189712524414,103.94000244140624,104.13999938964844,102.4800033569336,103.19000244140624,43469300
2015-11-05,108.00554656982422,108.76000213623048,110.6500015258789,107.9499969482422,108.8000030517578,63232900
2015-11-06,106.3570556640625,107.0999984741211,108.73999786376952,105.91000366210938,108.04000091552734,35084300
2015-11-09,105.75128936767578,106.48999786376952,108.25,105.86000061035156,107.0,26383500
2015-11-10,107.16145324707033,107.91000366210938,108.1500015258789,105.23999786376952,105.95999908447266,25031700
2015-11-11,108.25381469726562,109.01000213623048,109.87000274658205,107.11000061035156,108.2699966430664,25057100
2015-11-12,107.27066802978516,108.0199966430664,109.38999938964844,108.0,108.4800033569336,20924700
2015-11-13,103.22891235351562,103.9499969482422,108.25,103.83000183105467,107.70999908447266,30278400
2015-11-16,103.31829833984376,104.04000091552734,104.16999816894533,100.47000122070312,103.31999969482422,49309200
2015-11-17,104.40072631835938,105.12999725341795,106.1999969482422,104.13999938964844,104.62000274658205,26807200
2015-11-18,107.02240753173828,107.7699966430664,107.87999725341795,105.38999938964844,105.8000030517578,23836500
2015-11-19,105.52288818359376,106.26000213623048,107.7300033569336,105.9499969482422,107.36000061035156,25520600
2015-11-20,106.57554626464844,107.31999969482422,107.87000274658205,106.62000274658205,106.83999633789062,22129600
2015-11-23,106.20809936523438,106.9499969482422,107.47000122070312,106.08000183105467,107.19000244140624,19897200
2015-11-24,105.0064926147461,105.73999786376952,106.48999786376952,104.38999938964844,106.0,23577300
2015-11-25,104.67877960205078,105.41000366210938,106.5999984741211,105.0999984741211,106.33000183105467,15150800
2015-11-27,104.718505859375,105.4499969482422,105.95999908447266,104.86000061035156,105.77999877929688,5913100
2015-11-30,103.51689910888672,104.23999786376952,106.0999984741211,103.75,105.83999633789062,20383200
2015-12-01,106.3769302368164,107.12000274658205,107.1500015258789,104.5,104.83000183105467,22781900
2015-12-02,105.33421325683594,106.06999969482422,107.91999816894533,105.79000091552734,107.0,24429100
2015-12-03,103.65592193603516,104.37999725341795,106.8499984741211,103.3499984741211,106.2699966430664,23236500
2015-12-04,105.44343566894533,106.18000030517578,107.7300033569336,104.11000061035156,104.80999755859376,21224700
2015-12-07,104.8773956298828,105.61000061035156,106.83000183105467,104.66000366210938,106.4800033569336,15474900
2015-12-08,105.75128936767578,106.48999786376952,106.91000366210938,103.9499969482422,104.0,20401800
2015-12-09,103.87440490722656,104.5999984741211,106.44000244140624,103.5500030517578,106.18000030517578,23517300
2015-12-10,104.68871307373048,105.41999816894533,106.4000015258789,104.41000366210938,105.0500030517578,17454300
2015-12-11,101.41161346435548,102.12000274658205,104.33999633789062,101.91000366210938,104.1500015258789,26427700
2015-12-14,103.93399047851562,104.66000366210938,104.73999786376952,101.45999908447266,102.29000091552734,24648100
2015-12-15,103.82476043701172,104.5500030517578,105.8000030517578,104.27999877929688,105.3000030517578,21764300
2015-12-16,106.04922485351562,106.79000091552734,107.08999633789062,104.19000244140624,105.37000274658205,22680500
2015-12-17,105.48316955566406,106.22000122070312,107.75,106.12999725341795,107.48999786376952,21675700
2015-12-18,103.31829833984376,104.04000091552734,106.58999633789062,103.97000122070312,106.08000183105467,35994200
2015-12-21,104.04322052001952,104.7699966430664,105.1500015258789,103.5999984741211,104.91000366210938,16138800
2015-12-22,104.77808380126952,105.51000213623048,105.66000366210938,104.80999755859376,105.22000122070312,14597100
2015-12-23,103.90419006347656,104.62999725341795,106.11000061035156,103.86000061035156,105.88999938964844,19599700
2015-12-24,104.2914810180664,105.0199966430664,105.31999969482422,104.5,104.73999786376952,6501800
2015-12-28,105.19518280029295,105.93000030517578,105.9800033569336,104.52999877929688,105.0199966430664,13069700
2015-12-29,106.51594543457033,107.26000213623048,107.73999786376952,106.25,106.41999816894533,17179900
2015-12-30,105.48316955566406,106.22000122070312,107.25,106.05999755859376,107.0,13115000
2015-12-31,103.93399047851562,104.66000366210938,106.16999816894533,104.62000274658205,106.0,18391100
2016-01-04,101.51092529296876,102.22000122070312,102.23999786376952,99.75,101.9499969482422,37912400
2016-01-05,102.01737213134766,102.7300033569336,103.70999908447266,101.66999816894533,102.88999938964844,23258200
2016-01-06,102.25570678710938,102.97000122070312,103.7699966430664,100.9000015258789,101.12999725341795,25096200
2016-01-07,97.2407455444336,97.91999816894533,101.43000030517578,97.3000030517578,100.5,45172900
2016-01-08,96.65483856201172,97.33000183105467,100.5,97.02999877929688,99.87999725341795,35402300
2016-01-11,96.83358001708984,97.51000213623048,98.5999984741211,95.38999938964844,97.91000366210938,29932400
2016-01-12,98.6806869506836,99.37000274658205,99.95999908447266,97.5500030517578,99.0,28395400
2016-01-13,94.77793884277344,95.44000244140624,100.58000183105467,95.20999908447266,100.58000183105467,33410600
2016-01-14,97.68762969970705,98.37000274658205,98.87000274658205,92.4499969482422,95.8499984741211,48658600
2016-01-15,94.31121826171876,94.97000122070312,96.37999725341795,93.54000091552734,93.9800033569336,46132800
2016-01-19,94.59919738769533,95.26000213623048,97.41999816894533,93.91999816894533,96.52999877929688,30998300
2016-01-20,93.6955108642578,94.3499984741211,95.0,89.37000274658203,92.83000183105467,59051400
2016-01-21,93.50682067871094,94.16000366210938,95.98999786376952,92.62000274658205,94.91000366210938,30518900
2016-01-22,97.26061248779295,97.94000244140624,98.06999969482422,95.48999786376952,96.41000366210938,30495400
2016-01-25,96.33705139160156,97.01000213623048,99.4800033569336,96.93000030517578,98.72000122070312,32482000
2016-01-26,96.66475677490234,97.33999633789062,97.87999725341795,95.66000366210938,97.76000213623048,26877100
2016-01-27,93.79481506347656,94.4499969482422,97.8499984741211,94.2300033569336,97.79000091552734,58699400
2016-01-28,108.35311889648438,109.11000061035156,110.33999633789062,104.80999755859376,107.1999969482422,107475300
2016-01-29,111.4316177368164,112.20999908447266,112.83999633789062,108.83999633789062,108.98999786376952,62739500
2016-02-01,114.2916259765625,115.08999633789062,115.72000122070312,112.01000213623048,112.2699966430664,46132700
2016-02-02,113.81497192382812,114.61000061035156,117.58999633789062,113.1999969482422,114.8000030517578,59778600
2016-02-03,111.90828704833984,112.69000244140624,115.33999633789062,109.75,115.2699966430664,56919300
2016-02-04,109.72354888916016,110.48999786376952,111.94000244140624,109.25,111.8000030517578,38890200
2016-02-05,103.34807586669922,104.06999969482422,109.58000183105467,103.18000030517578,109.51000213623048,76894700
2016-02-08,99.05805206298828,99.75,102.68000030517578,97.45999908447266,100.41000366210938,71229700
2016-02-09,98.8495101928711,99.54000091552734,102.4000015258789,96.81999969482422,97.13999938964844,62709000
2016-02-10,100.29937744140624,101.0,103.25,100.23999786376952,101.5500030517578,45179400
2016-02-11,101.20306396484376,101.91000366210938,105.11000061035156,98.87999725341795,99.5999984741211,43670600
2016-02-12,101.30237579345705,102.01000213623048,104.23999786376952,101.08999633789062,103.73999786376952,36176800
2016-02-16,100.9051513671875,101.61000061035156,103.93000030517578,100.23999786376952,103.8000030517578,45687200
2016-02-17,104.47023010253906,105.1999969482422,105.72000122070312,100.4000015258789,102.0199966430664,44073400
2016-02-18,102.75225067138672,103.47000122070312,106.0,103.02999877929688,105.8000030517578,29593500
2016-02-19,103.84461212158205,104.56999969482422,105.0199966430664,102.05999755859376,102.5500030517578,32404500
2016-02-22,106.4166488647461,107.16000366210938,108.25,105.33999633789062,105.48999786376952,35709700
2016-02-23,104.72843933105467,105.45999908447266,107.47000122070312,105.12000274658205,106.8499984741211,25319300
2016-02-24,106.13858032226562,106.87999725341795,106.9499969482422,102.73999786376952,104.20999908447266,34412400
2016-02-25,107.32034301757812,108.06999969482422,108.06999969482422,105.61000061035156,107.11000061035156,29906300
2016-02-26,107.17137908935548,107.91999816894533,109.4499969482422,107.16000366210938,108.6999969482422,26686200
2016-02-29,106.17829895019533,106.91999816894533,108.91000366210938,106.75,107.5999984741211,32779000
2016-03-01,109.05818939208984,109.81999969482422,109.81999969482422,107.5999984741211,107.83000183105467,26817300
2016-03-02,109.18729400634766,109.9499969482422,110.5500030517578,108.7699966430664,109.68000030517578,25670200
2016-03-03,108.81986236572266,109.58000183105467,110.3000030517578,108.54000091552734,110.25,21353100
2016-03-04,107.63811492919922,108.38999938964844,110.0500030517578,107.93000030517578,110.0500030517578,24938900
2016-03-07,104.99657440185548,105.7300033569336,108.06999969482422,104.72000122070312,108.06999969482422,31436400
2016-03-08,105.19518280029295,105.93000030517578,107.37000274658205,104.4000015258789,104.77999877929688,25617000
2016-03-09,106.76422119140624,107.51000213623048,107.51000213623048,105.48999786376952,106.6999969482422,20493300
2016-03-10,106.57554626464844,107.31999969482422,108.66000366210938,105.7699966430664,107.91000366210938,24854300
2016-03-11,108.65103912353516,109.41000366210938,109.41999816894533,107.91999816894533,108.4800033569336,20697600
2016-03-14,109.12771606445312,109.88999938964844,110.33000183105467,108.7699966430664,109.27999877929688,17249400
2016-03-15,109.9022979736328,110.66999816894533,110.83000183105467,108.83999633789062,109.11000061035156,17618500
2016-03-16,111.40182495117188,112.18000030517578,112.5,110.0999984741211,110.48999786376952,24744800
2016-03-17,110.24987030029295,111.0199966430664,112.69000244140624,110.7300033569336,112.1500015258789,24241200
2016-03-18,110.67688751220705,111.4499969482422,112.41999816894533,110.2699966430664,111.55999755859376,36256900
2016-03-21,111.07411193847656,111.8499984741211,112.37000274658205,111.02999877929688,111.66000366210938,18448000
2016-03-22,111.4713363647461,112.25,112.87999725341795,111.16999816894533,111.36000061035156,19001100
2016-03-23,111.75933837890624,112.54000091552734,113.19000244140624,112.0,112.01000213623048,18562000
2016-03-24,112.26578521728516,113.0500030517578,113.08999633789062,111.68000030517578,112.12999725341795,17839100
2016-03-28,112.90135192871094,113.69000244140624,114.58999633789062,112.9499969482422,113.31999969482422,21351800
2016-03-29,115.3343505859375,116.13999938964844,116.31999969482422,113.63999938964844,113.83000183105467,29825300
2016-03-30,113.90435028076172,114.6999969482422,116.98999786376952,114.36000061035156,116.7300033569336,33235200
2016-03-31,113.30850219726562,114.0999984741211,115.01000213623048,113.7699966430664,114.6999969482422,21207500
2016-04-01,115.2549057006836,116.05999755859376,116.16999816894533,113.3499984741211,113.75,24760500
2016-04-04,111.7692642211914,112.5500030517578,114.5500030517578,111.61000061035156,114.06999969482422,48487900
2016-04-05,111.4415512084961,112.22000122070312,113.31999969482422,111.9000015258789,112.11000061035156,22962400
2016-04-06,112.92120361328124,113.70999908447266,113.80999755859376,112.41999816894533,112.47000122070312,20814600
2016-04-07,112.85169982910156,113.63999938964844,114.88999938964844,113.06999969482422,113.79000091552734,20714500
2016-04-08,109.8625717163086,110.62999725341795,114.33000183105467,109.9000015258789,114.25,48497800
2016-04-11,108.23395538330078,108.98999786376952,110.91000366210938,108.7699966430664,110.6999969482422,39762300
2016-04-12,109.84271240234376,110.61000061035156,111.16000366210938,108.98999786376952,109.33999633789062,26248100
2016-04-13,109.74341583251952,110.51000213623048,112.6500015258789,106.5199966430664,112.2300033569336,88227400
2016-04-14,110.07111358642578,110.83999633789062,112.04000091552734,110.26000213623048,110.62000274658205,28473300
2016-04-15,108.87944793701172,109.63999938964844,110.97000122070312,109.1999969482422,110.79000091552734,20922800
2016-04-18,109.68382263183594,110.4499969482422,110.80999755859376,109.1999969482422,109.73999786376952,21167200
2016-04-19,111.51106262207033,112.29000091552734,112.4499969482422,109.16000366210938,111.0999984741211,30210500
2016-04-20,111.64014434814452,112.41999816894533,113.2699966430664,111.55999755859376,112.43000030517578,21027900
2016-04-21,112.65309143066406,113.44000244140624,114.04000091552734,112.30999755859376,112.5500030517578,20875200
2016-04-22,109.79306030273438,110.55999755859376,111.75,109.01000213623048,111.20999908447266,38458200
2016-04-25,109.33625030517578,110.0999984741211,110.66999816894533,109.06999969482422,109.87000274658205,21017900
2016-04-26,108.00554656982422,108.76000213623048,110.5,108.1500015258789,110.48999786376952,22521500
2016-04-27,108.1346435546875,108.88999938964844,108.94000244140624,106.30999755859376,107.94000244140624,52213100
2016-04-28,115.92025756835938,116.7300033569336,120.79000091552734,116.2300033569336,119.58000183105467,87110100
2016-04-29,116.76436614990234,117.58000183105467,117.83999633789062,115.83999633789062,116.81999969482422,37140600
2016-05-02,117.74748992919922,118.56999969482422,118.7300033569336,116.56999969482422,117.83000183105467,28095200
2016-05-03,116.61539459228516,117.43000030517578,118.16000366210938,117.0199966430664,117.5199966430664,24117500
2016-05-04,117.24104309082033,118.05999755859376,118.3000030517578,116.56999969482422,116.61000061035156,23448400
2016-05-05,116.99276733398438,117.80999755859376,118.9800033569336,117.25,118.04000091552734,22056700
2016-05-06,118.6611099243164,119.48999786376952,119.63999938964844,117.11000061035156,117.16000366210938,26395600
2016-05-09,118.412841796875,119.23999786376952,120.27999877929688,118.9000015258789,119.54000091552734,21138100
2016-05-10,119.6641082763672,120.5,120.5,119.0,119.62000274658205,23220000
2016-05-11,118.69090270996094,119.5199966430664,121.08000183105467,119.41999816894533,120.41000366210938,22038400
2016-05-12,119.44564056396484,120.27999877929688,120.83999633789062,118.9000015258789,119.9800033569336,22035500
2016-05-13,118.97888946533205,119.80999755859376,120.63999938964844,119.68000030517578,120.37999725341795,18124300
2016-05-16,117.84679412841795,118.66999816894533,119.61000061035156,117.3499984741211,119.37999725341795,31247800
2016-05-17,116.53594970703124,117.3499984741211,119.01000213623048,117.1999969482422,118.81999969482422,21328600
2016-05-18,116.83387756347656,117.6500015258789,118.2699966430664,116.7300033569336,116.8000030517578,21642300
2016-05-19,115.99970245361328,116.80999755859376,117.48999786376952,115.87999725341795,117.0500030517578,20544100
2016-05-20,116.53594970703124,117.3499984741211,117.98999786376952,116.9499969482422,116.95999908447266,18944800
2016-05-23,115.16552734375,115.97000122070312,117.5999984741211,115.94000244140624,117.41999816894533,20441000
2016-05-24,116.88353729248048,117.6999969482422,117.7300033569336,116.12000274658205,116.23999786376952,20183600
2016-05-25,117.07222747802734,117.88999938964844,118.66999816894533,117.37999725341795,118.12999725341795,20019800
2016-05-26,118.64125061035156,119.47000122070312,119.76000213623048,117.91999816894533,118.23999786376952,18481300
2016-05-27,118.5518798828125,119.37999725341795,119.8499984741211,119.01000213623048,119.55999755859376,13493600
2016-05-31,117.98583221435548,118.80999755859376,120.0999984741211,118.12000274658205,119.45999908447266,23547600
2016-06-01,117.95603942871094,118.77999877929688,119.08000183105467,117.81999969482422,118.5,15029500
2016-06-02,118.1050033569336,118.93000030517578,119.44000244140624,118.22000122070312,118.69000244140624,13228300
2016-06-03,117.64818572998048,118.47000122070312,118.9800033569336,117.86000061035156,118.9800033569336,14135100
2016-06-06,117.96597290039062,118.79000091552734,119.43000030517578,118.36000061035156,118.62000274658205,12744700
2016-06-07,116.94312286376952,117.76000213623048,119.3000030517578,117.66999816894533,119.23999786376952,17103000
2016-06-08,117.56875610351562,118.38999938964844,118.5999984741211,117.2699966430664,117.76000213623048,14505600
2016-06-09,117.73756408691406,118.55999755859376,118.68000030517578,117.70999908447266,118.12999725341795,13859200
2016-06-10,115.81102752685548,116.62000274658205,118.11000061035156,116.26000213623048,117.54000091552734,18510800
2016-06-13,113.15953826904295,113.9499969482422,115.4800033569336,113.30999755859376,115.0,31718200
2016-06-14,114.14268493652344,114.94000244140624,114.9499969482422,113.58000183105467,114.06999969482422,17618500
2016-06-15,113.8050308227539,114.5999984741211,115.44000244140624,114.06999969482422,115.3000030517578,19819400
2016-06-16,113.59650421142578,114.38999938964844,114.5,112.94000244140624,113.87000274658205,19236300
2016-06-17,112.23599243164062,113.0199966430664,114.43000030517578,112.55999755859376,114.41999816894533,24644300
2016-06-20,112.58357238769533,113.37000274658205,114.72000122070312,112.75,113.7699966430664,20785400
2016-06-21,113.58656311035156,114.37999725341795,115.20999908447266,113.97000122070312,114.12000274658205,19166300
2016-06-22,113.1198272705078,113.91000366210938,114.73999786376952,113.61000061035156,114.6500015258789,14846300
2016-06-23,114.2817153930664,115.08000183105467,115.08999633789062,113.54000091552734,114.37000274658205,16176900
2016-06-24,111.30252075195312,112.08000183105467,113.68000030517578,111.0,111.01000213623048,40643100
2016-06-27,108.21409606933594,108.97000122070312,111.56999969482422,108.2300033569336,111.56999969482422,36130400
2016-06-28,111.91822814941406,112.6999969482422,112.75,110.5500030517578,110.62999725341795,26813800
2016-06-29,113.36809539794922,114.16000366210938,114.25,113.04000091552734,113.37000274658205,20968300
2016-06-30,113.48725128173828,114.27999877929688,115.18000030517578,113.66999816894533,114.66999816894533,23192700
2016-07-01,113.39788818359376,114.19000244140624,115.12999725341795,113.80999755859376,114.1999969482422,14980000
2016-07-05,113.4078140258789,114.1999969482422,114.1999969482422,112.97000122070312,113.94000244140624,14207000
2016-07-06,115.89046478271484,116.6999969482422,116.79000091552734,112.97000122070312,113.36000061035156,24337600
2016-07-07,115.0463638305664,115.8499984741211,116.97000122070312,115.36000061035156,116.62999725341795,16630200
2016-07-08,116.42671966552734,117.23999786376952,117.5,115.8499984741211,116.43000030517578,18142600
2016-07-11,117.05235290527344,117.87000274658205,118.6999969482422,117.5,117.70999908447266,17711600
2016-07-12,117.11193084716795,117.93000030517578,118.72000122070312,117.56999969482422,118.62999725341795,15217700
2016-07-13,115.96991729736328,116.77999877929688,118.4000015258789,116.68000030517578,118.38999938964844,16207700
2016-07-14,116.47638702392578,117.29000091552734,117.63999938964844,116.6999969482422,117.5,14579700
2016-07-15,116.0493621826172,116.86000061035156,118.27999877929688,116.58000183105467,117.73999786376952,16646000
2016-07-18,118.54195404052734,119.37000274658205,119.61000061035156,116.88999938964844,117.31999969482422,20868400
2016-07-19,119.77334594726562,120.61000061035156,120.8499984741211,118.66000366210938,118.98999786376952,21541300
2016-07-20,121.07425689697266,121.91999816894533,122.1999969482422,120.55999755859376,121.25,20046500
2016-07-21,119.77334594726562,120.61000061035156,122.0999984741211,120.25,121.91999816894533,17801700
2016-07-22,120.16064453125,121.0,121.01000213623048,119.30999755859376,119.9000015258789,18422400
2016-07-25,120.78626251220705,121.62999725341795,121.8499984741211,117.77999877929688,121.38999938964844,18487400
2016-07-26,120.3791275024414,121.22000122070312,122.06999969482422,120.75,122.0,17612000
2016-07-27,122.4843978881836,123.33999633789062,125.0,121.51000213623048,122.41999816894533,52654200
2016-07-28,124.13289642333984,125.0,128.3300018310547,123.62999725341795,127.5199966430664,78955800
2016-07-29,123.08024597167967,123.94000244140624,125.83999633789062,123.70999908447266,124.6500015258789,35058800
2016-08-01,123.44768524169922,124.30999755859376,124.58000183105467,122.86000061035156,123.8499984741211,25006900
2016-08-02,122.2361297607422,123.08999633789062,124.8000030517578,122.06999969482422,124.05999755859376,23968400
2016-08-03,121.66017150878906,122.51000213623048,123.91999816894533,122.30999755859376,123.08999633789062,18525300
2016-08-04,123.4973373413086,124.36000061035156,124.79000091552734,122.51000213623048,122.94000244140624,21066000
2016-08-05,124.28185272216795,125.1500015258789,125.83999633789062,124.62000274658205,124.9800033569336,20184000
2016-08-08,124.3910903930664,125.26000213623048,125.4499969482422,124.5500030517578,125.25,15233900
2016-08-09,124.19247436523438,125.05999755859376,126.08999633789062,124.52999877929688,125.33999633789062,19621000
2016-08-10,124.0137176513672,124.87999725341795,125.4800033569336,124.54000091552734,125.06999969482422,10670100
2016-08-11,124.03358459472656,124.9000015258789,125.37999725341795,124.75,125.1999969482422,11729500
2016-08-12,124.0137176513672,124.87999725341795,125.0,124.18000030517578,124.6999969482422,12159000
2016-08-15,123.04052734375,123.9000015258789,124.91999816894533,123.6999969482422,124.91000366210938,19295100
2016-08-16,122.44469451904295,123.3000030517578,123.91999816894533,122.77999877929688,123.5,14222400
2016-08-17,123.50726318359376,124.37000274658205,124.37999725341795,122.8499984741211,123.66000366210938,13794200
2016-08-18,123.05046081542967,123.91000366210938,124.26000213623048,123.63999938964844,124.01000213623048,12400800
2016-08-19,122.70287322998048,123.55999755859376,124.16000366210938,123.27999877929688,123.5999984741211,11688300
2016-08-22,123.2887954711914,124.1500015258789,124.83000183105467,123.11000061035156,123.33000183105467,14386400
2016-08-23,123.50726318359376,124.37000274658205,125.08999633789062,124.25,124.51000213623048,13309500
2016-08-24,122.6234359741211,123.4800033569336,124.69000244140624,123.08999633789062,124.47000122070312,12243700
2016-08-25,123.03058624267578,123.88999938964844,124.37000274658205,123.0999984741211,123.12000274658205,10730800
2016-08-26,124.0931625366211,124.95999908447266,125.19000244140624,123.91000366210938,124.0500030517578,17504800
2016-08-29,125.66221618652344,126.54000091552734,126.7300033569336,124.3499984741211,124.3499984741211,15925900
2016-08-30,124.96704864501952,125.83999633789062,126.5999984741211,125.1500015258789,126.5999984741211,17804300
2016-08-31,125.24513244628906,126.12000274658205,126.22000122070312,125.0999984741211,125.5999984741211,14200600
2016-09-01,125.29476928710938,126.16999816894533,126.62999725341795,125.5999984741211,126.37999725341795,13536100
2016-09-02,125.6324234008789,126.51000213623048,126.86000061035156,126.0,126.8499984741211,12118800
2016-09-06,128.83009338378906,129.72999572753906,129.94000244140625,126.47000122070312,126.66999816894533,26278400
2016-09-07,130.14093017578125,131.0500030517578,131.97999572753906,129.9499969482422,130.0399932861328,27990800
2016-09-08,129.3663330078125,130.27000427246094,131.0800018310547,129.80999755859375,130.9199981689453,15676600
2016-09-09,126.21833038330078,127.0999984741211,129.9499969482422,127.0999984741211,129.7100067138672,27100700
2016-09-12,127.79730224609376,128.69000244140625,128.75999450683594,125.75,125.95999908447266,21252800
2016-09-13,126.32756042480467,127.20999908447266,128.35000610351562,126.66000366210938,128.02999877929688,18016200
2016-09-14,126.88368225097656,127.7699966430664,128.8000030517578,126.88999938964844,126.88999938964844,15691100
2016-09-15,127.4596710205078,128.35000610351562,129.10000610351562,127.66999816894533,127.9800033569336,15077200
2016-09-16,128.1746826171875,129.07000732421875,129.17999267578125,128.1999969482422,128.1999969482422,24119200
2016-09-19,127.75758361816406,128.64999389648438,129.94000244140625,128.25999450683594,129.91000366210938,14958800
2016-09-20,127.74764251708984,128.63999938964844,129.1699981689453,128.02999877929688,128.64999389648438,11083800
2016-09-21,129.03863525390625,129.94000244140625,130.00999450683594,128.38999938964844,129.1300048828125,14068300
2016-09-22,129.1776580810547,130.0800018310547,130.72999572753906,129.55999755859375,130.5,15538300
2016-09-23,127.07237243652344,127.95999908447266,128.60000610351562,127.3000030517578,127.55999755859376,28326300
2016-09-26,126.42687225341795,127.30999755859376,128.16000366210938,126.8000030517578,127.37000274658205,15064900
2016-09-27,127.79730224609376,128.69000244140625,129.00999450683594,127.43000030517578,127.61000061035156,15637100
2016-09-28,128.33355712890625,129.22999572753906,129.47000122070312,128.39999389648438,129.2100067138672,12047600
2016-09-29,127.2014389038086,128.08999633789062,129.2899932861328,127.5500030517578,129.17999267578125,14532200
2016-09-30,127.38021087646484,128.27000427246094,128.58999633789062,127.4499969482422,128.02999877929688,18402900
2016-10-03,127.87674713134766,128.77000427246094,129.08999633789062,127.8000030517578,128.3800048828125,13156900
2016-10-04,127.30078125,128.19000244140625,129.27999877929688,127.5500030517578,129.1699981689453,14307500
2016-10-05,127.57881927490234,128.47000122070312,128.8000030517578,127.83000183105467,128.25,12386800
2016-10-06,127.84696197509766,128.74000549316406,129.05999755859375,128.0800018310547,128.42999267578125,11682700
2016-10-07,128.09524536132812,128.99000549316406,129.25,128.3300018310547,129.0399932861328,12804400
2016-10-10,129.3365478515625,130.24000549316406,130.6999969482422,129.1999969482422,129.67999267578125,15138700
2016-10-11,127.98597717285156,128.8800048828125,130.63999938964844,128.22999572753906,130.22999572753906,17537900
2016-10-12,128.15481567382812,129.0500030517578,129.66000366210938,128.4600067138672,129.00999450683594,11073000
2016-10-13,126.93333435058594,127.81999969482422,128.25,126.75,128.2100067138672,17139300
2016-10-14,126.992919921875,127.87999725341795,128.9499969482422,127.58000183105467,128.49000549316406,13345300
2016-10-17,126.6552734375,127.54000091552734,128.47000122070312,127.31999969482422,128.1999969482422,11351700
2016-10-18,127.67813110351562,128.57000732421875,129.38999938964844,128.00999450683594,128.67999267578125,13504000
2016-10-19,129.2074432373047,130.11000061035156,130.47000122070312,128.60000610351562,128.74000549316406,16752300
2016-10-20,129.0981903076172,130.0,130.66000366210938,129.5,130.07000732421875,13167500
2016-10-21,131.1538543701172,132.07000732421875,132.1300048828125,129.6999969482422,129.77999877929688,19088800
2016-10-24,132.35545349121094,133.27999877929688,133.41000366210938,132.14999389648438,132.72000122070312,17470200
2016-10-25,131.37229919433594,132.2899932861328,133.5,132.22000122070312,133.5,13336800
2016-10-26,130.13099670410156,131.0399932861328,132.25999450683594,130.94000244140625,131.63999938964844,13084700
2016-10-27,128.79039001464844,129.69000244140625,131.8000030517578,129.27000427246094,131.74000549316406,16741400
2016-10-28,130.37924194335938,131.2899932861328,132.97000122070312,129.92999267578125,130.5,24545500
2016-10-31,130.0813446044922,130.99000549316406,132.1199951171875,130.8800048828125,132.00999450683594,15669000
2016-11-01,128.6016845703125,129.5,131.94000244140625,128.64999389648438,131.41000366210938,22077800
2016-11-02,126.28782653808594,127.16999816894533,130.22999572753906,126.27999877929688,130.22999572753906,39640900
2016-11-03,119.16757202148438,120.0,123.27999877929688,119.5,122.0,63766300
2016-11-04,119.91236877441406,120.75,121.93000030517578,119.25,119.58999633789062,30545500
2016-11-07,121.30266571044922,122.1500015258789,123.20999908447266,121.3499984741211,122.83000183105467,23008900
2016-11-08,123.35830688476562,124.22000122070312,124.61000061035156,121.54000091552734,122.02999877929688,19460800
2016-11-09,122.32551574707033,123.18000030517578,123.80999755859376,120.51000213623048,121.5,31916000
2016-11-10,119.9620361328125,120.8000030517578,124.18000030517578,115.2699966430664,123.93000030517578,67846700
2016-11-11,118.19436645507812,119.0199966430664,120.6999969482422,118.1500015258789,119.52999877929688,32840100
2016-11-14,114.2817153930664,115.08000183105467,119.12999725341795,113.5500030517578,119.12999725341795,51377000
2016-11-15,116.3869857788086,117.1999969482422,118.48999786376952,115.83000183105467,116.7300033569336,34681400
2016-11-16,115.532958984375,116.33999633789062,117.87999725341795,114.20999908447266,114.4800033569336,32397900
2016-11-17,116.972900390625,117.79000091552734,117.79000091552734,116.01000213623048,116.80999755859376,18597800
2016-11-18,116.2082290649414,117.0199966430664,119.12999725341795,116.83999633789062,118.38999938964844,22879300
2016-11-21,120.92530059814452,121.7699966430664,121.9499969482422,117.8000030517578,118.1999969482422,35415400
2016-11-22,120.62738800048828,121.47000122070312,122.9800033569336,120.9000015258789,122.4000015258789,26089200
2016-11-23,120.00176239013672,120.83999633789062,121.30999755859376,119.94000244140624,121.2300033569336,15672100
2016-11-25,119.5449447631836,120.37999725341795,121.13999938964844,120.06999969482422,121.01000213623048,8658600
2016-11-28,119.57472229003906,120.41000366210938,121.69000244140624,119.81999969482422,120.12000274658205,18101300
2016-11-29,120.03154754638672,120.87000274658205,122.0999984741211,120.4000015258789,120.56999969482422,18891000
2016-11-30,117.5985336303711,118.41999816894533,121.79000091552734,117.9499969482422,120.31999969482422,30188900
2016-12-01,114.30156707763672,115.0999984741211,118.4499969482422,114.0,118.37999725341795,43277000
2016-12-02,114.5994873046875,115.4000015258789,116.4800033569336,114.3000030517578,115.11000061035156,25070400
2016-12-05,116.61539459228516,117.43000030517578,117.56999969482422,115.06999969482422,115.9499969482422,20201500
2016-12-06,116.4962387084961,117.30999755859376,117.8000030517578,116.33000183105467,117.69000244140624,19131200
2016-12-07,117.13179779052734,117.9499969482422,117.9499969482422,116.56999969482422,117.0,21913700
2016-12-08,118.08513641357422,118.91000366210938,119.5,117.63999938964844,117.9800033569336,22442800
2016-12-09,118.84979248046876,119.68000030517578,119.94000244140624,118.9499969482422,119.22000122070312,17464700
2016-12-12,116.95303344726562,117.7699966430664,119.23999786376952,117.6500015258789,119.22000122070312,17805500
2016-12-13,119.47541809082033,120.30999755859376,121.5199966430664,117.61000061035156,117.86000061035156,29768000
2016-12-14,119.3761215209961,120.20999908447266,121.69000244140624,118.8499984741211,120.0,25913100
2016-12-15,119.7336196899414,120.56999969482422,122.5,119.62999725341795,120.08000183105467,20139600
2016-12-16,119.03848266601562,119.87000274658205,121.5,119.2699966430664,120.9000015258789,25324300
2016-12-19,118.412841796875,119.23999786376952,120.36000061035156,118.51000213623048,119.8499984741211,15918100
2016-12-20,118.26388549804688,119.08999633789062,119.7699966430664,118.8000030517578,119.5,13684400
2016-12-21,118.2142333984375,119.04000091552734,119.1999969482422,118.4800033569336,118.91999816894533,10767600
2016-12-22,116.58560943603516,117.4000015258789,118.98999786376952,116.93000030517578,118.86000061035156,16258600
2016-12-23,116.45650482177734,117.2699966430664,117.55999755859376,116.3000030517578,117.0,10890000
2016-12-27,117.1913833618164,118.01000213623048,118.68000030517578,116.86000061035156,116.95999908447266,12051500
2016-12-28,116.10894012451172,116.91999816894533,118.25,116.6500015258789,118.19000244140624,12087400
2016-12-29,115.54289245605467,116.3499984741211,117.52999877929688,116.05999755859376,117.0,9934900
2016-12-30,114.25191497802734,115.0500030517578,116.83000183105467,114.7699966430664,116.5999984741211,18684100
2017-01-03,116.0493621826172,116.86000061035156,117.83999633789062,115.51000213623048,116.02999877929688,20663900
2017-01-04,117.86666870117188,118.69000244140624,119.66000366210938,117.29000091552734,117.5500030517578,19630900
2017-01-05,119.83292388916016,120.66999816894533,120.9499969482422,118.31999969482422,118.86000061035156,19492200
2017-01-06,122.5539321899414,123.41000366210938,123.87999725341795,120.02999877929688,120.9800033569336,28545300
2017-01-09,124.03358459472656,124.9000015258789,125.43000030517578,123.04000091552734,123.5500030517578,22880400
2017-01-10,123.4874038696289,124.3499984741211,125.5,124.27999877929688,124.81999969482422,17324600
2017-01-11,125.21531677246094,126.08999633789062,126.12000274658205,124.05999755859376,124.3499984741211,18356500
2017-01-12,125.74166107177734,126.62000274658205,126.7300033569336,124.8000030517578,125.61000061035156,18653900
2017-01-13,127.44970703125,128.33999633789062,129.27000427246094,127.37000274658205,127.48999786376952,24884300
2017-01-17,126.98299407958984,127.87000274658205,128.33999633789062,127.4000015258789,128.0399932861328,15294500
2017-01-18,127.03263854980467,127.91999816894533,128.42999267578125,126.83999633789062,128.41000366210938,13145900
2017-01-19,126.66521453857422,127.5500030517578,128.35000610351562,127.4499969482422,128.22999572753906,12195500
2017-01-20,126.1587371826172,127.04000091552734,128.47999572753906,126.77999877929688,128.10000610351562,19097200
2017-01-23,128.03561401367188,128.92999267578125,129.25,126.9499969482422,127.30999755859376,16593600
2017-01-24,128.47259521484375,129.3699951171875,129.89999389648438,128.3800048828125,129.3800048828125,15162700
2017-01-25,130.5679168701172,131.47999572753906,131.74000549316406,129.77000427246094,130.0,18731300
2017-01-26,131.8589324951172,132.77999877929688,133.13999938964844,131.44000244140625,131.6300048828125,20020100
2017-01-27,131.26309204101562,132.17999267578125,132.9499969482422,131.0800018310547,132.67999267578125,19539500
2017-01-30,130.0714111328125,130.97999572753906,131.5800018310547,129.60000610351562,131.5800018310547,18956100
2017-01-31,129.41600036621094,130.32000732421875,130.66000366210938,129.52000427246094,130.1699981689453,19790500
2017-02-01,132.30580139160156,133.22999572753906,133.49000549316406,130.67999267578125,132.25,50139800
2017-02-02,129.932373046875,130.83999633789062,135.49000549316406,130.39999389648438,133.22000122070312,54366400
2017-02-03,130.0714111328125,130.97999572753906,132.85000610351562,130.75999450683594,131.24000549316406,24804900
2017-02-06,131.1439208984375,132.05999755859375,132.05999755859375,130.3000030517578,130.97999572753906,17058500
2017-02-07,130.9254150390625,131.83999633789062,133.0,131.66000366210938,132.24000549316406,14596400
2017-02-08,133.26905822753906,134.1999969482422,134.44000244140625,132.44000244140625,132.60000610351562,22390600
2017-02-09,133.20950317382812,134.13999938964844,134.5,133.30999755859375,134.49000549316406,16470600
2017-02-10,133.25914001464844,134.19000244140625,134.94000244140625,133.67999267578125,134.10000610351562,15061900
2017-02-13,133.12010192871094,134.0500030517578,134.6999969482422,133.6999969482422,134.6999969482422,13526200
2017-02-14,132.92149353027344,133.85000610351562,134.22999572753906,132.5500030517578,134.10000610351562,14364900
2017-02-15,132.5143585205078,133.44000244140625,133.6999969482422,132.66000366210938,133.4499969482422,13226500
2017-02-16,132.9115753173828,133.83999633789062,133.8699951171875,133.02000427246094,133.07000732421875,12831100
2017-02-17,132.60369873046875,133.52999877929688,134.08999633789062,133.1699981689453,133.5,12276500
2017-02-21,132.79238891601562,133.72000122070312,133.91000366210938,132.89999389648438,133.5,14759100
2017-02-22,135.17575073242188,136.1199951171875,136.7899932861328,133.4600067138672,133.60000610351562,27360100
2017-02-23,134.4210205078125,135.36000061035156,136.1199951171875,134.3300018310547,135.88999938964844,18422500
2017-02-24,134.50047302246094,135.44000244140625,135.6199951171875,134.16000366210938,134.16000366210938,12625700
2017-02-27,135.46376037597656,136.41000366210938,137.17999267578125,135.02000427246094,135.25999450683594,14306700
2017-02-28,134.59976196289062,135.5399932861328,136.80999755859375,134.75,136.7899932861328,16112100
2017-03-01,136.4667510986328,137.4199981689453,137.47999572753906,136.3000030517578,136.47000122070312,16257000
2017-03-02,135.81130981445312,136.75999450683594,137.82000732421875,136.30999755859375,137.08999633789062,12294800
2017-03-03,136.21847534179688,137.1699981689453,137.3300018310547,136.0800018310547,136.6300048828125,11160600
2017-03-06,136.4667510986328,137.4199981689453,137.8300018310547,136.50999450683594,136.8800048828125,12748200
2017-03-07,136.3475799560547,137.3000030517578,138.3699951171875,136.99000549316406,137.02999877929688,13527100
2017-03-08,136.76466369628906,137.72000122070312,137.99000549316406,137.0500030517578,137.14999389648438,10184500
2017-03-09,137.28106689453125,138.24000549316406,138.57000732421875,137.39999389648438,137.72000122070312,15535300
2017-03-10,137.82723999023438,138.7899932861328,139.49000549316406,138.22000122070312,138.91000366210938,16314100
2017-03-13,138.63160705566406,139.60000610351562,139.67999267578125,138.6699981689453,138.7100067138672,10955500
2017-03-14,138.3535614013672,139.32000732421875,139.4600067138672,138.52000427246094,139.4600067138672,12944000
2017-03-15,138.75076293945312,139.72000122070312,140.10000610351562,138.49000549316406,139.2899932861328,19344800
2017-03-16,139.0189208984375,139.99000549316406,140.25,139.72999572753906,140.1999969482422,13612900
2017-03-17,138.86993408203125,139.83999633789062,140.33999633789062,139.6999969482422,140.33999633789062,20592800
2017-03-20,138.96925354003906,139.94000244140625,140.19000244140625,139.25,139.7100067138672,12099500
2017-03-21,137.54917907714844,138.50999450683594,142.30999755859375,138.39999389648438,141.14999389648438,29894800
2017-03-22,138.62167358398438,139.58999633789062,139.7899932861328,137.60000610351562,137.92999267578125,17055400
2017-03-23,138.56211853027344,139.52999877929688,140.38999938964844,139.08999633789062,139.47999572753906,13022800
2017-03-24,139.366455078125,140.33999633789062,141.02000427246094,139.75999450683594,140.0800018310547,16664700
2017-03-27,139.3466033935547,140.32000732421875,140.64999389648438,138.77000427246094,139.0500030517578,12800500
2017-03-28,140.77664184570312,141.75999450683594,141.9499969482422,140.00999450683594,140.36000061035156,14679400
2017-03-29,141.66046142578125,142.64999389648438,142.86000061035156,141.42999267578125,141.99000549316406,16527600
2017-03-30,141.42213439941406,142.41000366210938,142.9499969482422,141.85000610351562,142.39999389648438,12404000
2017-03-31,141.0646209716797,142.0500030517578,142.6300048828125,141.88999938964844,142.30999755859375,11478300
2017-04-03,141.2930145263672,142.27999877929688,142.47000122070312,140.82000732421875,141.92999267578125,13564000
2017-04-04,140.746826171875,141.72999572753906,142.08999633789062,141.27000427246094,141.86000061035156,12948600
2017-04-05,140.8660125732422,141.85000610351562,143.44000244140625,141.2899932861328,142.25999450683594,17158100
2017-04-06,140.19073486328125,141.1699981689453,142.22000122070312,140.91000366210938,142.11000061035156,15103400
2017-04-07,139.80340576171875,140.77999877929688,141.5500030517578,140.24000549316406,141.1999969482422,11818300
2017-04-10,140.06161499023438,141.0399932861328,141.42999267578125,140.6300048828125,141.0,9039400
2017-04-11,138.94940185546875,139.9199981689453,141.02999877929688,138.80999755859375,140.8000030517578,16638100
2017-04-12,138.61175537109375,139.5800018310547,140.39999389648438,139.44000244140625,139.72000122070312,11612500
2017-04-13,138.42308044433594,139.38999938964844,140.5800018310547,139.3300018310547,139.6199951171875,10965600
2017-04-17,140.43898010253906,141.4199981689453,141.5500030517578,139.75,139.75999450683594,11519700
2017-04-18,139.98219299316406,140.9600067138672,141.91000366210938,140.61000061035156,141.27000427246094,14807500
2017-04-19,141.28311157226562,142.27000427246094,143.0399932861328,141.27000427246094,141.35000610351562,15563900
2017-04-20,142.80247497558594,143.8000030517578,144.25,142.69000244140625,142.9499969482422,15968200
2017-04-21,142.68328857421875,143.67999267578125,144.1699981689453,142.27000427246094,143.89999389648438,12382000
2017-04-24,144.4608917236328,145.47000122070312,145.6699981689453,144.33999633789062,144.9600067138672,14407200
2017-04-25,145.47384643554688,146.49000549316406,147.14999389648438,145.7899932861328,145.7899932861328,17767500
2017-04-26,145.5433349609375,146.55999755859375,147.58999633789062,146.08999633789062,147.08999633789062,12395000
2017-04-27,146.67539978027344,147.6999969482422,147.75,146.13999938964844,146.6699981689453,11275100
2017-04-28,149.20774841308594,150.25,151.52999877929688,149.07000732421875,149.5,30652200
2017-05-01,151.4024200439453,152.4600067138672,152.57000732421875,151.4199981689453,151.74000549316406,25218300
2017-05-02,151.72018432617188,152.77999877929688,153.44000244140625,151.66000366210938,153.33999633789062,21870400
2017-05-03,150.7469940185547,151.8000030517578,153.60000610351562,151.33999633789062,153.60000610351562,29782500
2017-05-04,149.8035888671875,150.85000610351562,151.52000427246094,148.72000122070312,150.1699981689453,36225500
2017-05-05,149.19781494140625,150.24000549316406,151.6300048828125,149.7899932861328,151.4499969482422,17148500
2017-05-08,150.01211547851562,151.05999755859375,151.0800018310547,149.74000549316406,150.7100067138672,15827500
2017-05-09,149.43614196777344,150.47999572753906,152.58999633789062,150.2100067138672,151.49000549316406,17453900
2017-05-10,149.2474365234375,150.2899932861328,150.52000427246094,148.86000061035156,150.22999572753906,12080700
2017-05-11,148.9991912841797,150.0399932861328,150.64999389648438,149.41000366210938,150.30999755859375,11841900
2017-05-12,149.2871856689453,150.3300018310547,150.4600067138672,149.6300048828125,150.39999389648438,9598200
2017-05-15,149.1481475830078,150.19000244140625,151.47999572753906,149.77000427246094,150.1699981689453,15064700
2017-05-16,148.7410125732422,149.77999877929688,150.2100067138672,149.02999877929688,150.11000061035156,14550800
2017-05-17,143.84523010253906,144.85000610351562,148.6699981689453,144.4199981689453,148.0,28300100
2017-05-18,146.63572692871094,147.66000366210938,148.14999389648438,144.50999450683594,144.72000122070312,23031600
2017-05-19,147.03294372558594,148.05999755859375,149.38999938964844,147.9600067138672,148.4499969482422,16187900
2017-05-22,147.21170043945312,148.24000549316406,148.58999633789062,147.69000244140625,148.0800018310547,12586700
2017-05-23,147.04286193847656,148.07000732421875,148.80999755859375,147.25,148.52000427246094,12817800
2017-05-24,148.9991912841797,150.0399932861328,150.22999572753906,148.4199981689453,148.50999450683594,17862400
2017-05-25,150.9058837890625,151.9600067138672,152.58999633789062,149.9499969482422,150.3000030517578,19891400
2017-05-26,151.07470703125,152.1300048828125,152.25,151.14999389648438,152.22999572753906,14996200
2017-05-30,151.3229522705078,152.3800048828125,152.89999389648438,151.63999938964844,151.97000122070312,13226000
2017-05-31,150.4093475341797,151.4600067138672,153.35000610351562,151.08999633789062,152.6999969482422,18023900
2017-06-01,150.47885131835938,151.52999877929688,152.2899932861328,150.3000030517578,151.75,14530600
2017-06-02,152.54443359375,153.61000061035156,153.6300048828125,151.3000030517578,151.85000610351562,16854400
2017-06-05,152.56430053710938,153.6300048828125,154.7100067138672,153.41000366210938,153.63999938964844,12520400
2017-06-06,151.74996948242188,152.80999755859375,154.52000427246094,152.47999572753906,153.41000366210938,13457100
2017-06-07,152.0578155517578,153.1199951171875,153.75,152.33999633789062,153.27000427246094,12066700
2017-06-08,153.63681030273438,154.7100067138672,154.72999572753906,153.10000610351562,154.0800018310547,17799400
2017-06-09,148.562255859375,149.60000610351562,155.58999633789062,146.61000061035156,154.77000427246094,35577700
2017-06-12,147.41029357910156,148.44000244140625,149.1999969482422,144.55999755859375,148.1699981689453,33170200
2017-06-13,149.634765625,150.67999267578125,151.17999267578125,148.89999389648438,150.14999389648438,20483400
2017-06-14,149.20774841308594,150.25,152.39999389648438,149.0500030517578,151.25999450683594,20808800
2017-06-15,148.76089477539062,149.8000030517578,150.0399932861328,146.3699951171875,147.6699981689453,18994200
2017-06-16,149.5950164794922,150.63999938964844,150.8300018310547,148.60000610351562,149.58999633789062,22882400
2017-06-19,151.8095703125,152.8699951171875,153.57000732421875,151.7100067138672,151.7100067138672,19026500
2017-06-20,151.19387817382812,152.25,153.83999633789062,152.2100067138672,152.8800048828125,14743900
2017-06-21,152.8423614501953,153.91000366210938,154.0800018310547,151.8800048828125,152.36000061035156,15039800
2017-06-22,152.3358917236328,153.39999389648438,154.5500030517578,152.91000366210938,153.00999450683594,13005500
2017-06-23,153.99432373046875,155.07000732421875,155.1999969482422,152.64999389648438,152.72000122070312,18027000
2017-06-26,152.52456665039062,153.58999633789062,156.5,153.1999969482422,156.25,18049700
2017-06-27,149.5354766845703,150.5800018310547,153.30999755859375,150.38999938964844,152.83999633789062,19360800
2017-06-28,152.17698669433594,153.24000549316406,153.47000122070312,149.86000061035156,150.9199981689453,16719100
2017-06-29,149.9922637939453,151.0399932861328,152.5,148.9199981689453,152.27999877929688,23973500
2017-06-30,149.93267822265625,150.97999572753906,151.9199981689453,150.05999755859375,151.89999389648438,17666000
2017-07-03,147.40036010742188,148.42999267578125,152.14999389648438,147.8000030517578,151.72000122070312,13862700
2017-07-05,149.29710388183594,150.33999633789062,150.85000610351562,148.1300048828125,149.0,14334300
2017-07-06,147.7876739501953,148.82000732421875,150.0399932861328,148.0,149.02999877929688,14951800
2017-07-07,150.38949584960938,151.44000244140625,151.99000549316406,149.19000244140625,149.25,13615900
2017-07-10,152.4351806640625,153.5,153.97999572753906,151.50999450683594,151.69000244140625,13378700
2017-07-11,154.1929168701172,155.27000427246094,155.4199981689453,152.91000366210938,153.3699951171875,13667700
2017-07-12,157.7977294921875,158.89999389648438,159.16000366210938,156.1999969482422,156.49000549316406,22739400
2017-07-13,158.15524291992188,159.25999450683594,159.77999877929688,158.4199981689453,158.74000549316406,13929200
2017-07-14,158.86029052734375,159.97000122070312,160.32000732421875,159.3300018310547,160.1300048828125,16371200
2017-07-17,158.62196350097656,159.72999572753906,160.77999877929688,158.80999755859375,160.25,12858800
2017-07-18,161.7302703857422,162.86000061035156,163.72999572753906,159.4199981689453,159.66000366210938,23722900
2017-07-19,163.00140380859375,164.13999938964844,165.6999969482422,163.1699981689453,163.58999633789062,26273600
2017-07-20,163.388671875,164.52999877929688,165.0,162.80999755859375,164.8000030517578,18523100
2017-07-21,163.28936767578125,164.42999267578125,165.0500030517578,163.75,164.16000366210938,14744000
2017-07-24,164.84848022460938,166.0,166.1699981689453,164.30999755859375,164.63999938964844,17367000
2017-07-25,164.1334686279297,165.27999877929688,165.5399932861328,163.86000061035156,165.00999450683594,15383200
2017-07-26,164.46119689941406,165.61000061035156,166.00999450683594,164.10000610351562,166.00999450683594,35236900
2017-07-27,169.25767517089844,170.44000244140625,175.49000549316406,167.5,174.6999969482422,68910700
2017-07-28,171.2537078857422,172.4499969482422,173.42999267578125,169.0500030517578,169.07000732421875,24557600
2017-07-31,168.07594299316406,169.25,172.72000122070312,168.5500030517578,172.0,25478900
2017-08-01,168.68167114257812,169.86000061035156,170.47000122070312,169.0500030517578,169.82000732421875,14385000
2017-08-02,168.12559509277344,169.3000030517578,170.5500030517578,166.91000366210938,170.3000030517578,17433800
2017-08-03,167.42051696777344,168.58999633789062,169.6999969482422,168.25,169.3000030517578,10793800
2017-08-04,168.443359375,169.6199951171875,170.05999755859375,168.69000244140625,168.97000122070312,10777700
2017-08-07,170.78697204589844,171.97999572753906,172.05999755859375,169.66000366210938,169.9499969482422,12787800
2017-08-08,170.0421905517578,171.22999572753906,173.0500030517578,170.6199951171875,171.8800048828125,14393500
2017-08-09,169.99253845214844,171.17999267578125,171.4499969482422,169.55999755859375,169.97999572753906,10815000
2017-08-10,166.23875427246094,167.39999389648438,170.58999633789062,166.85000610351562,170.05999755859375,20832700
2017-08-11,166.91404724121094,168.0800018310547,168.82000732421875,166.85000610351562,167.9499969482422,13791200
2017-08-14,169.56553649902344,170.75,171.0800018310547,169.2899932861328,170.08999633789062,12954200
2017-08-15,169.81378173828125,171.0,171.5,170.00999450683594,171.49000549316406,8729200
2017-08-16,168.82073974609375,170.0,171.3800048828125,169.24000549316406,171.25,15779900
2017-08-17,165.75216674804688,166.91000366210938,169.86000061035156,166.85000610351562,169.33999633789062,17216000
2017-08-18,166.2487030029297,167.41000366210938,168.6699981689453,166.2100067138672,166.83999633789062,15093600
2017-08-21,166.6161346435547,167.77999877929688,168.0,165.82000732421875,167.16000366210938,11907500
2017-08-22,168.46322631835938,169.63999938964844,169.8699951171875,167.14999389648438,168.27999877929688,11391000
2017-08-23,167.53970336914062,168.7100067138672,169.36000061035156,168.1999969482422,168.83999633789062,9856500
2017-08-24,166.576416015625,167.74000549316406,169.2899932861328,166.41000366210938,168.8800048828125,14030400
2017-08-25,165.166259765625,166.32000732421875,168.3800048828125,166.17999267578125,167.86000061035156,12614500
2017-08-28,166.07986450195312,167.24000549316406,167.6999969482422,166.3300018310547,166.91000366210938,8553700
2017-08-29,166.88427734375,168.0500030517578,168.42999267578125,165.0,165.25,11121000
2017-08-30,168.7412872314453,169.9199981689453,170.17999267578125,167.6300048828125,168.1699981689453,11138300
2017-08-31,170.7770538330078,171.97000122070312,172.14999389648438,170.05999755859375,170.39999389648438,17226500
2017-09-01,170.8267059326172,172.02000427246094,172.9199981689453,171.30999755859375,172.39999389648438,11677600
2017-09-05,169.53573608398438,170.72000122070312,172.38999938964844,169.5500030517578,171.27000427246094,13210900
2017-09-06,170.89622497558594,172.08999633789062,172.47999572753906,169.57000732421875,170.91000366210938,13906300
2017-09-07,172.00848388671875,173.2100067138672,173.30999755859375,170.27000427246094,171.94000244140625,18049500
2017-09-08,169.76412963867188,170.9499969482422,173.49000549316406,170.8000030517578,173.08999633789062,10998500
2017-09-11,172.30638122558594,173.50999450683594,173.88999938964844,172.1999969482422,172.39999389648438,12372000
2017-09-12,171.7602081298828,172.9600067138672,174.0,171.75,173.75999450683594,11186300
2017-09-13,171.8495635986328,173.0500030517578,173.1699981689453,172.05999755859375,173.00999450683594,9119300
2017-09-14,169.7740936279297,170.9600067138672,172.27999877929688,170.5,172.25999450683594,15615700
2017-09-15,170.4493865966797,171.63999938964844,172.33999633789062,170.25999450683594,170.8800048828125,15660500
2017-09-18,168.83065795898438,170.00999450683594,172.07000732421875,169.33999633789062,171.99000549316406,12954000
2017-09-19,171.32325744628906,172.52000427246094,172.55999755859375,170.36000061035156,170.6199951171875,13168600
2017-09-20,170.97567749023438,172.1699981689453,173.0500030517578,170.6999969482422,172.5,12264100
2017-09-21,169.9230499267578,171.11000061035156,172.27000427246094,170.00999450683594,171.69000244140625,11161400
2017-09-22,169.35696411132812,170.5399932861328,171.72999572753906,169.22000122070312,170.2100067138672,12097100
2017-09-25,161.7401885986328,162.8699951171875,169.3000030517578,161.55999755859375,169.24000549316406,41251600
2017-09-26,163.07090759277344,164.2100067138672,165.5,162.77999877929688,164.5,23363300
2017-09-27,166.51681518554688,167.67999267578125,168.33999633789062,165.57000732421875,165.89999389648438,19242500
2017-09-28,167.55955505371094,168.72999572753906,169.07000732421875,167.16000366210938,167.94000244140625,12178700
2017-09-29,169.68470764160156,170.8699951171875,171.66000366210938,168.80999755859375,168.8300018310547,15340400
2017-10-02,168.29440307617188,169.47000122070312,171.8699951171875,168.75,171.38999938964844,13392300
2017-10-03,168.78102111816406,169.9600067138672,170.72999572753906,169.1999969482422,169.3000030517578,8190300
2017-10-04,167.25169372558594,168.4199981689453,170.6699981689453,168.2899932861328,169.8300018310547,12127900
2017-10-05,170.05215454101562,171.24000549316406,171.30999755859375,168.60000610351562,169.17999267578125,14580600
2017-10-06,171.03524780273438,172.22999572753906,172.3699951171875,169.75,170.25,13124500
2017-10-09,171.3033905029297,172.5,174.8800048828125,172.0,172.6999969482422,14570400
2017-10-10,170.3997039794922,171.58999633789062,173.1999969482422,170.8000030517578,173.0,11341100
2017-10-11,171.54173278808594,172.74000549316406,172.77999877929688,171.39999389648438,171.9499969482422,11283700
2017-10-12,171.35304260253906,172.5500030517578,173.85000610351562,172.2899932861328,172.61000061035156,10351000
2017-10-13,172.53480529785156,173.74000549316406,174.64999389648438,173.1999969482422,173.4499969482422,13658300
2017-10-16,173.30938720703125,174.52000427246094,175.0,174.05999755859375,174.49000549316406,11498800
2017-10-17,174.88832092285156,176.11000061035156,176.1300048828125,174.36000061035156,174.7100067138672,15990100
2017-10-18,174.80889892578125,176.02999877929688,176.74000549316406,175.75,176.64999389648438,12752400
2017-10-19,173.34912109375,174.55999755859375,176.02999877929688,172.6300048828125,174.92999267578125,14048400
2017-10-20,173.76620483398438,174.97999572753906,175.8800048828125,174.6300048828125,175.5,12602200
2017-10-23,170.08193969726562,171.27000427246094,175.33999633789062,171.25,175.1999969482422,13852700
2017-10-24,170.60826110839844,171.8000030517578,173.24000549316406,171.5,172.3000030517578,12267900
2017-10-25,169.41656494140625,170.60000610351562,172.25,168.88999938964844,171.89999389648438,15868200
2017-10-26,169.4463653564453,170.6300048828125,172.2899932861328,170.38999938964844,171.3800048828125,11833100
2017-10-27,176.6460723876953,177.8800048828125,178.2100067138672,173.89999389648438,174.14999389648438,30285300
2017-10-30,178.62225341796875,179.8699951171875,180.69000244140625,177.61000061035156,179.25999450683594,24353200
2017-10-31,178.8109588623047,180.05999755859375,180.8000030517578,178.94000244140625,180.57000732421875,20174200
2017-11-01,181.39292907714844,182.6600036621093,182.8999938964844,180.57000732421875,182.3600006103516,40918300
2017-11-02,177.67884826660156,178.9199981689453,181.94000244140625,177.33999633789062,180.6300048828125,35529900
2017-11-03,177.67884826660156,178.9199981689453,179.86000061035156,176.7100067138672,179.2899932861328,17822100
2017-11-06,178.92019653320312,180.1699981689453,180.4499969482422,178.30999755859375,178.55999755859375,13312700
2017-11-07,178.9996337890625,180.25,180.75,178.9600067138672,180.5,12928200
2017-11-08,178.31442260742188,179.55999755859375,180.3500061035156,179.11000061035156,179.7899932861328,10494100
2017-11-09,178.0562286376953,179.3000030517578,179.39999389648438,177.08999633789062,178.30999755859375,12610300
2017-11-10,177.2220458984375,178.4600067138672,179.10000610351562,177.9600067138672,178.35000610351562,11070200
2017-11-13,177.5299072265625,178.77000427246094,179.0399932861328,177.3000030517578,177.5,9523400
2017-11-14,176.8347625732422,178.07000732421875,178.97000122070312,177.17999267578125,178.1300048828125,9585900
2017-11-15,176.715576171875,177.9499969482422,178.57000732421875,176.39999389648438,176.66000366210938,10253700
2017-11-16,178.34420776367188,179.58999633789062,179.8300018310547,178.5,178.75999450683594,15607600
2017-11-17,177.75830078125,179.0,179.97999572753906,178.89999389648438,179.3000030517578,13018000
2017-11-20,177.5001220703125,178.74000549316406,179.5,178.10000610351562,178.8699951171875,10052400
2017-11-21,180.5984649658203,181.8600006103516,181.88999938964844,178.99000549316406,179.14999389648438,14504000
2017-11-22,179.61532592773438,180.8699951171875,181.72999572753903,180.44000244140625,181.3000030517578,10376300
2017-11-24,181.51206970214844,182.77999877929688,183.1499938964844,180.2899932861328,180.3999938964844,9426300
2017-11-27,181.76036071777344,183.02999877929688,183.72999572753903,181.9900054931641,182.5599975585937,12344500
2017-11-28,181.1545867919922,182.4199981689453,184.25,182.08999633789065,183.509994506836,14379700
2017-11-29,173.91514587402344,175.1300048828125,181.97000122070312,174.0,181.88999938964844,41933500
2017-11-30,175.95091247558594,177.17999267578125,178.27999877929688,175.1999969482422,176.85000610351562,25307600
2017-12-01,173.88536071777344,175.10000610351562,177.47999572753906,172.33999633789062,176.02999877929688,20182500
2017-12-04,170.28054809570312,171.47000122070312,176.57000732421875,170.7899932861328,176.2899932861328,24459400
2017-12-05,171.63108825683594,172.8300018310547,175.3800048828125,169.00999450683594,170.4499969482422,20184900
2017-12-06,174.83871459960938,176.05999755859375,176.77000427246094,171.89999389648438,172.5,20255800
2017-12-07,178.89039611816406,180.13999938964844,180.38999938964844,175.8000030517578,175.8000030517578,20404500
2017-12-08,177.75830078125,179.0,182.27999877929688,178.74000549316406,181.52999877929688,19883800
2017-12-11,177.79798889160156,179.0399932861328,180.22000122070312,178.8000030517578,179.3000030517578,13168600
2017-12-12,175.73245239257812,176.9600067138672,179.17999267578125,176.60000610351562,178.60000610351562,16854100
2017-12-13,177.0631561279297,178.3000030517578,179.16000366210938,177.25,177.3000030517578,14615700
2017-12-14,177.15252685546875,178.38999938964844,180.3600006103516,177.67999267578125,178.2899932861328,13591000
2017-12-15,178.9300994873047,180.17999267578125,180.4900054931641,178.36000061035156,179.02000427246094,28463100
2017-12-18,179.565673828125,180.82000732421875,181.3000030517578,179.75,181.009994506836,17265400
2017-12-19,178.2647705078125,179.50999450683594,180.0800018310547,178.22000122070312,179.9499969482422,14920600
2017-12-20,176.65602111816406,177.88999938964844,179.80999755859375,177.36000061035156,179.80999755859375,11860500
2017-12-21,176.2190399169922,177.4499969482422,178.67999267578125,177.0500030517578,177.94000244140625,11600700
2017-12-22,175.97079467773438,177.1999969482422,177.52999877929688,176.22999572753906,177.13999938964844,8509500
2017-12-26,174.76919555664062,175.99000549316406,177.0,174.6699981689453,176.6300048828125,8897300
2017-12-27,176.3878631591797,177.6199951171875,178.44000244140625,176.25999450683594,176.5500030517578,9496100
2017-12-28,176.68580627441406,177.9199981689453,178.94000244140625,177.67999267578125,177.9499969482422,12220800
2017-12-29,175.23594665527344,176.4600067138672,178.85000610351562,176.4600067138672,178.0,10261500
2018-01-02,180.1614990234375,181.4199981689453,181.5800018310547,177.5500030517578,177.67999267578125,18151900
2018-01-03,183.3889923095703,184.6699981689453,184.77999877929688,181.3300018310547,181.8800048828125,16886600
2018-01-04,183.0513610839844,184.3300018310547,186.2100067138672,184.1000061035156,184.8999938964844,13880900
2018-01-05,185.55386352539065,186.8500061035156,186.8999938964844,184.92999267578125,185.58999633789065,13574500
2018-01-08,186.9739227294922,188.27999877929688,188.8999938964844,186.3300018310547,187.1999969482422,17994700
2018-01-09,186.5667724609375,187.8699951171875,188.8000030517578,187.1000061035156,188.6999969482422,12393100
2018-01-10,186.53697204589844,187.83999633789065,187.88999938964844,185.6300048828125,186.94000244140625,10529900
2018-01-11,186.46746826171875,187.7700042724609,188.3999938964844,187.3800048828125,188.3999938964844,9588600
2018-01-12,178.125732421875,179.3699951171875,181.47999572753903,177.39999389648438,178.05999755859375,77551300
2018-01-16,177.15252685546875,178.38999938964844,181.75,178.0399932861328,181.5,36183800
2018-01-17,176.3680419921875,177.60000610351562,179.32000732421875,175.8000030517578,179.25999450683594,27992400
2018-01-18,178.55274963378906,179.8000030517578,180.97999572753903,177.0800018310547,178.1300048828125,23304900
2018-01-19,180.03240966796875,181.2899932861328,182.3699951171875,180.1699981689453,180.8500061035156,26826500
2018-01-22,184.0841064453125,185.3699951171875,185.38999938964844,180.4100036621093,180.8000030517578,21059500
2018-01-23,188.03651428222656,189.3500061035156,189.5500030517578,185.5500030517578,186.0500030517578,25678800
2018-01-24,185.2559356689453,186.5500030517578,190.6600036621093,186.5200042724609,189.88999938964844,24334500
2018-01-25,186.17947387695312,187.47999572753903,188.6199951171875,186.6000061035156,187.9499969482422,17377700
2018-01-26,188.68199157714844,190.0,190.0,186.8099975585937,187.75,17759200
2018-01-29,184.6898803710937,185.97999572753903,188.83999633789065,185.6300048828125,188.75,20453200
2018-01-30,185.82196044921875,187.1199951171875,188.17999267578125,181.83999633789065,187.6199951171875,20858600
2018-01-31,185.5935516357422,186.88999938964844,189.8300018310547,185.22000122070312,188.3699951171875,43275100
2018-02-01,191.7505645751953,193.08999633789065,195.32000732421875,187.88999938964844,188.22000122070312,54211300
2018-02-02,188.96006774902344,190.27999877929688,194.2100067138672,189.97999572753903,192.0399932861328,26677500
2018-02-05,180.00262451171875,181.259994506836,190.6100006103516,180.6100006103516,186.92999267578125,33128200
2018-02-06,184.0245361328125,185.3099975585937,185.7700042724609,177.74000549316406,178.57000732421875,37758500
2018-02-07,178.9300994873047,180.17999267578125,185.0800018310547,179.9499969482422,184.1499938964844,27601900
2018-02-08,170.38978576660156,171.5800018310547,181.83999633789065,171.47999572753906,181.009994506836,38478300
2018-02-09,174.88832092285156,176.11000061035156,176.89999389648438,167.17999267578125,174.75999450683594,39887600
2018-02-12,175.186279296875,176.41000366210938,177.5500030517578,171.83999633789062,177.05999755859375,32092100
2018-02-13,171.9488983154297,173.14999389648438,175.97000122070312,173.10000610351562,175.6199951171875,21809400
2018-02-14,178.27468872070312,179.52000427246094,179.80999755859375,173.2100067138672,173.4499969482422,28929700
2018-02-15,178.71163940429688,179.9600067138672,180.5,176.83999633789062,180.5,20922100
2018-02-16,176.1296844482422,177.36000061035156,179.8800048828125,176.3000030517578,178.99000549316406,20645300
2018-02-20,174.78904724121094,176.00999450683594,177.9499969482422,175.11000061035156,175.77000427246094,21204900
2018-02-21,176.6758575439453,177.91000366210938,181.2700042724609,176.39999389648438,176.7100067138672,23200800
2018-02-22,177.7483673095703,178.99000549316406,180.2100067138672,177.41000366210938,178.6999969482422,18464200
2018-02-23,182.0185394287109,183.2899932861328,183.38999938964844,179.50999450683594,179.89999389648438,19007300
2018-02-26,183.6471710205078,184.92999267578125,185.6600036621093,183.22000122070312,184.5800018310547,17599700
2018-02-27,180.2012481689453,181.4600067138672,184.6999969482422,181.4600067138672,184.4499969482422,15849800
2018-02-28,177.08303833007812,178.32000732421875,182.8800048828125,178.13999938964844,182.3000030517578,18783000
2018-03-01,174.71954345703125,175.94000244140625,180.1199951171875,174.41000366210938,179.00999450683594,23201600
2018-03-02,175.3948211669922,176.6199951171875,177.11000061035156,172.99000549316406,173.2899932861328,20025900
2018-03-05,179.14859008789062,180.3999938964844,181.1499938964844,175.88999938964844,176.1999969482422,16189300
2018-03-06,178.5328826904297,179.77999877929688,182.3800048828125,179.11000061035156,181.77999877929688,15086800
2018-03-07,182.4356384277344,183.7100067138672,183.82000732421875,178.07000732421875,178.74000549316406,19097300
2018-03-08,181.0751190185547,182.33999633789065,184.3999938964844,181.4499969482422,183.5599975585937,17225900
2018-03-09,183.9450836181641,185.22999572753903,185.509994506836,183.2100067138672,183.9100036621093,18526300
2018-03-12,183.4783477783203,184.759994506836,186.1000061035156,184.22000122070312,185.22999572753903,15301200
2018-03-13,180.61831665039065,181.8800048828125,185.9900054931641,181.1100006103516,185.6100006103516,18067500
2018-03-14,182.91232299804688,184.19000244140625,184.25,181.8500061035156,182.6000061035156,16821700
2018-03-15,182.58457946777344,183.8600006103516,184.0,182.19000244140625,183.2400054931641,15614300
2018-03-16,183.80604553222656,185.08999633789065,185.3300018310547,183.4100036621093,184.4900054931641,24403400
2018-03-19,171.3629913330078,172.55999755859375,177.1699981689453,170.05999755859375,177.00999450683594,88140100
2018-03-20,166.98355102539062,168.14999389648438,170.1999969482422,161.9499969482422,167.47000122070312,129851800
2018-03-21,168.21498107910156,169.38999938964844,173.39999389648438,163.3000030517578,164.8000030517578,106598800
2018-03-22,163.74618530273438,164.88999938964844,170.27000427246094,163.72000122070312,166.1300048828125,73743000
2018-03-23,158.28433227539062,159.38999938964844,166.60000610351562,159.02000427246094,165.44000244140625,53609700
2018-03-26,158.94969177246094,160.05999755859375,161.10000610351562,149.02000427246094,160.82000732421875,126116600
2018-03-27,151.1640625,152.22000122070312,162.85000610351562,150.75,156.30999755859375,79117000
2018-03-28,151.9684600830078,153.02999877929688,155.8800048828125,150.8000030517578,151.64999389648438,60029200
2018-03-29,158.68154907226562,159.7899932861328,161.4199981689453,154.13999938964844,155.14999389648438,59434300
2018-04-02,154.3120880126953,155.38999938964844,159.1999969482422,154.11000061035156,157.80999755859375,36796000
2018-04-03,155.02708435058594,156.11000061035156,157.38999938964844,150.80999755859375,156.5500030517578,42543900
2018-04-04,154.02410888671875,155.10000610351562,155.55999755859375,150.50999450683594,152.02999877929688,49885600
2018-04-05,158.23468017578125,159.33999633789062,161.57000732421875,156.64999389648438,161.55999755859375,41449600
2018-04-06,156.10952758789062,157.1999969482422,161.4199981689453,156.80999755859375,157.72999572753906,41644800
2018-04-09,156.83447265625,157.92999267578125,160.52999877929688,156.0399932861328,157.82000732421875,34915200
2018-04-10,163.89512634277344,165.0399932861328,165.97999572753906,157.00999450683594,157.92999267578125,57889300
2018-04-11,165.166259765625,166.32000732421875,168.64999389648438,163.25,165.36000061035156,56144600
2018-04-12,162.7332305908203,163.8699951171875,167.4499969482422,163.10000610351562,166.97999572753906,38263000
2018-04-13,163.37876892089844,164.52000427246094,165.6999969482422,163.77000427246094,164.5800018310547,19990600
2018-04-16,163.6865997314453,164.8300018310547,165.77999877929688,163.38999938964844,165.72000122070312,18119400
2018-04-17,167.4900360107422,168.66000366210938,169.0,165.66000366210938,165.8300018310547,22743000
2018-04-18,165.20596313476562,166.36000061035156,168.1199951171875,165.77000427246094,166.8800048828125,20969600
2018-04-19,166.9339141845703,168.10000610351562,168.3300018310547,165.1999969482422,166.1999969482422,22235000
2018-04-20,165.1265411376953,166.27999877929688,168.42999267578125,165.80999755859375,167.7899932861328,19119400
2018-04-23,164.68955993652344,165.83999633789062,168.4499969482422,165.08999633789062,167.27000427246094,23088100
2018-04-24,158.58226013183594,159.69000244140625,166.10000610351562,158.19000244140625,165.42999267578125,35079900
2018-04-25,158.58226013183594,159.69000244140625,161.05999755859375,156.19000244140625,160.13999938964844,41083600
2018-04-26,172.95188903808594,174.16000366210938,176.27000427246094,170.8000030517578,173.22000122070312,77556900
2018-04-27,172.3858184814453,173.58999633789062,177.10000610351562,172.60000610351562,176.80999755859375,29804700
2018-04-30,170.80685424804688,172.0,175.72000122070312,171.7100067138672,173.7899932861328,20750500
2018-05-01,172.65394592285156,173.86000061035156,174.02000427246094,170.22999572753906,172.0,26025900
2018-05-02,174.8486328125,176.07000732421875,178.0800018310547,174.1999969482422,174.25,30424500
2018-05-03,172.81283569335938,174.02000427246094,176.1199951171875,172.1199951171875,175.1300048828125,24026100
2018-05-04,175.3848876953125,176.61000061035156,176.97999572753906,173.05999755859375,173.0800018310547,17677800
2018-05-07,176.73544311523438,177.97000122070312,179.5,177.1699981689453,177.35000610351562,18697200
2018-05-08,177.67884826660156,178.9199981689453,179.0399932861328,177.11000061035156,178.25,15577200
2018-05-09,181.39292907714844,182.6600036621093,183.009994506836,178.77999877929688,179.6699981689453,23282800
2018-05-10,184.2429962158203,185.52999877929688,186.1300048828125,182.5,183.1499938964844,21071400
2018-05-11,185.69287109375,186.9900054931641,188.32000732421875,184.17999267578125,184.8500061035156,21207800
2018-05-14,185.34532165527344,186.63999938964844,187.8600006103516,186.1999969482422,187.7100067138672,15646700
2018-05-15,183.0413818359375,184.32000732421875,185.2899932861328,183.1999969482422,184.8800048828125,15429400
2018-05-16,181.9291534423828,183.1999969482422,184.32000732421875,182.6600036621093,183.6999969482422,16975500
2018-05-17,182.4852905273437,183.759994506836,184.0599975585937,182.22000122070312,182.67999267578125,14840700
2018-05-18,181.4127655029297,182.67999267578125,184.19000244140625,182.6100006103516,183.4900054931641,13130500
2018-05-21,183.21023559570312,184.4900054931641,185.3000030517578,183.1300048828125,183.7700042724609,13532900
2018-05-22,182.5250244140625,183.8000030517578,185.4199981689453,183.42999267578125,184.92999267578125,12731400
2018-05-23,185.603515625,186.8999938964844,186.9100036621093,182.17999267578125,182.5,16628100
2018-05-24,184.6402130126953,185.92999267578125,186.8000030517578,185.02999877929688,185.8800048828125,12354700
2018-05-25,183.63722229003903,184.9199981689453,186.3300018310547,184.4499969482422,186.0200042724609,10965100
2018-05-29,184.45155334472656,185.7400054931641,186.8099975585937,183.7100067138672,184.33999633789065,16398900
2018-05-30,186.3681640625,187.6699981689453,188.0,185.25,186.5399932861328,13736900
2018-05-31,190.4496459960937,191.77999877929688,192.72000122070312,187.47999572753903,187.8699951171875,30782600
2018-06-01,192.64431762695312,193.9900054931641,194.5500030517578,192.07000732421875,193.07000732421875,17307200
2018-06-04,191.93923950195312,193.27999877929688,193.97999572753903,191.47000122070312,191.83999633789065,18939800
2018-06-05,191.60159301757807,192.94000244140625,195.0,192.6199951171875,194.3000030517578,15544300
2018-06-06,190.0126953125,191.33999633789065,192.52999877929688,189.1100006103516,191.02999877929688,22558900
2018-06-07,186.8746337890625,188.17999267578125,190.97000122070312,186.7700042724609,190.75,21503200
2018-06-08,187.7882537841797,189.1000061035156,189.47999572753903,186.42999267578125,187.52999877929688,12677100
2018-06-11,190.2113037109375,191.5399932861328,192.6000061035156,188.8000030517578,188.8099975585937,12928900
2018-06-12,191.0653533935547,192.3999938964844,193.27999877929688,191.5599975585937,192.1699981689453,11562700
2018-06-13,191.0752868652344,192.4100036621093,194.5,191.9100036621093,192.7400054931641,15853800
2018-06-14,195.4447631835937,196.8099975585937,197.27999877929688,192.9100036621093,193.1000061035156,19120900
2018-06-15,194.4914093017578,195.8500061035156,197.07000732421875,194.63999938964844,195.7899932861328,21860900
2018-06-18,196.93435668945312,198.3099975585937,199.5800018310547,194.1300048828125,194.8000030517578,16826000
2018-06-19,196.1200561523437,197.4900054931641,197.9600067138672,193.7899932861328,196.2400054931641,19994000
2018-06-20,200.5987548828125,202.0,203.5500030517578,198.8099975585937,199.1000061035156,28230900
2018-06-21,200.10223388671875,201.5,203.38999938964844,200.08999633789065,202.759994506836,19045700
2018-06-22,200.340576171875,201.7400054931641,202.2400054931641,199.3099975585937,201.1600036621093,17420200
2018-06-25,194.9879608154297,196.3500061035156,200.0,193.1100006103516,200.0,25275100
2018-06-26,197.6195526123047,199.0,199.1000061035156,196.22999572753903,197.6000061035156,17897600
2018-06-27,194.4814910888672,195.83999633789065,200.75,195.8000030517578,199.17999267578125,18734400
2018-06-28,194.8687744140625,196.22999572753903,197.33999633789065,193.259994506836,195.17999267578125,18172400
2018-06-29,192.97203063964844,194.32000732421875,197.6000061035156,193.9600067138672,197.32000732421875,15811600
2018-07-02,195.99093627929688,197.3600006103516,197.4499969482422,192.22000122070312,193.3699951171875,13961600
2018-07-03,191.3930511474609,192.72999572753903,195.3999938964844,192.5200042724609,194.5500030517578,13489500
2018-07-05,197.0733642578125,198.4499969482422,198.6499938964844,194.02999877929688,194.7400054931641,19684200
2018-07-06,201.82020568847656,203.22999572753903,203.63999938964844,197.6999969482422,198.4499969482422,19740100
2018-07-09,203.3197784423828,204.7400054931641,205.8000030517578,202.1199951171875,204.92999267578125,18149400
2018-07-10,202.1280670166016,203.5399932861328,204.9100036621093,202.259994506836,204.5,13190100
2018-07-11,201.135009765625,202.5399932861328,204.5,201.75,202.22000122070312,12927400
2018-07-12,205.4846343994141,206.9199981689453,207.0800018310547,203.19000244140625,203.42999267578125,15454700
2018-07-13,205.88185119628903,207.32000732421875,208.42999267578125,206.4499969482422,207.8099975585937,11486800
2018-07-16,205.79248046875,207.22999572753903,208.72000122070312,206.83999633789065,207.5,11078200
2018-07-17,208.5333404541016,209.9900054931641,210.4600067138672,204.83999633789065,204.8999938964844,15349900
2018-07-18,207.90768432617188,209.3600006103516,210.9900054931641,208.44000244140625,209.82000732421875,15334900
2018-07-19,206.64649963378903,208.08999633789065,209.9900054931641,207.759994506836,208.7700042724609,11350400
2018-07-20,208.4836883544922,209.94000244140625,211.5,208.5,208.8500061035156,16163900
2018-07-23,209.4469757080078,210.9100036621093,211.6199951171875,208.8000030517578,210.5800018310547,16732000
2018-07-24,213.1808624267578,214.6699981689453,216.1999969482422,212.6000061035156,215.1100006103516,28468700
2018-07-25,215.99124145507807,217.5,218.6199951171875,214.2700042724609,215.72000122070312,58954200
2018-07-26,175.0373077392578,176.25999450683594,180.1300048828125,173.75,174.88999938964844,169803700
2018-07-27,173.6768035888672,174.88999938964844,179.92999267578125,173.0,179.8699951171875,60073700
2018-07-30,169.87338256835938,171.05999755859375,175.3000030517578,166.55999755859375,175.3000030517578,65280800
2018-07-31,171.38284301757812,172.5800018310547,174.24000549316406,170.0,170.6699981689453,40356500
2018-08-01,170.4593048095703,171.64999389648438,175.0800018310547,170.89999389648438,173.92999267578125,34042100
2018-08-02,175.1465301513672,176.3699951171875,176.7899932861328,170.27000427246094,170.67999267578125,32400000
2018-08-03,176.54676818847656,177.77999877929688,178.85000610351562,176.14999389648438,177.69000244140625,24763400
2018-08-06,184.40188598632807,185.69000244140625,185.7899932861328,178.3800048828125,178.97000122070312,49716200
2018-08-07,182.5349273681641,183.8099975585937,188.3000030517578,183.72000122070312,186.5,33398600
2018-08-08,183.8954162597656,185.17999267578125,186.8500061035156,183.759994506836,184.75,22205200
2018-08-09,181.81993103027344,183.08999633789065,186.57000732421875,182.47999572753903,185.8500061035156,19732100
2018-08-10,179.00955200195312,180.259994506836,182.1000061035156,179.4199981689453,182.0399932861328,21500400
2018-08-13,178.801025390625,180.0500030517578,182.6100006103516,178.89999389648438,180.10000610351562,17423300
2018-08-14,179.85365295410156,181.1100006103516,181.9900054931641,178.6199951171875,180.7100067138672,19102000
2018-08-15,178.28463745117188,179.52999877929688,180.8699951171875,174.77999877929688,179.33999633789062,33020200
2018-08-16,173.48812866210938,174.6999969482422,180.5,174.00999450683594,180.4199981689453,31351800
2018-08-17,172.59437561035156,173.8000030517578,176.22000122070312,172.0399932861328,174.5,24893200
2018-08-20,171.3033905029297,172.5,174.57000732421875,170.91000366210938,174.0399932861328,21518000
2018-08-21,171.4225616455078,172.6199951171875,174.1699981689453,171.38999938964844,172.80999755859375,19578500
2018-08-22,172.43548583984375,173.63999938964844,174.24000549316406,172.1300048828125,172.2100067138672,16894100
2018-08-23,171.7006072998047,172.89999389648438,175.5500030517578,172.8300018310547,173.08999633789062,18053600
2018-08-24,173.4384765625,174.64999389648438,174.82000732421875,172.9199981689453,173.6999969482422,14631600
2018-08-27,176.22900390625,177.4600067138672,178.6699981689453,175.7899932861328,175.99000549316406,17921900
2018-08-28,175.0373077392578,176.25999450683594,178.24000549316406,175.8300018310547,178.10000610351562,15910700
2018-08-29,174.6798095703125,175.89999389648438,176.7899932861328,174.75,176.3000030517578,18494100
2018-08-30,176.40774536132812,177.63999938964844,179.7899932861328,175.6999969482422,175.89999389648438,24216500
2018-08-31,174.510986328125,175.72999572753906,177.6199951171875,174.97999572753906,177.14999389648438,18065200
2018-09-04,169.97268676757812,171.16000366210938,173.88999938964844,168.8000030517578,173.5,29809000
2018-09-05,166.02029418945312,167.17999267578125,171.1300048828125,166.6699981689453,169.49000549316406,31226700
2018-09-06,161.40255737304688,162.52999877929688,166.97999572753906,160.0,166.97999572753906,41514800
2018-09-07,161.90902709960938,163.0399932861328,164.6300048828125,160.16000366210938,160.30999755859375,24300600
2018-09-10,163.04110717773438,164.17999267578125,165.00999450683594,162.16000366210938,163.50999450683594,20197700
2018-09-11,164.7888946533203,165.94000244140625,167.19000244140625,163.72000122070312,163.94000244140625,20457100
2018-09-12,160.87623596191406,162.0,164.49000549316406,161.8000030517578,163.25,24078100
2018-09-13,160.24066162109375,161.36000061035156,163.32000732421875,160.86000061035156,162.0,25453800
2018-09-14,161.19403076171875,162.32000732421875,162.83999633789062,160.33999633789062,161.72000122070312,21770400
2018-09-17,159.4661102294922,160.5800018310547,162.05999755859375,159.77000427246094,161.9199981689453,21005300
2018-09-18,159.18800354003906,160.3000030517578,161.75999450683594,158.8699951171875,159.38999938964844,22465200
2018-09-19,161.9288787841797,163.05999755859375,163.44000244140625,159.47999572753906,160.0800018310547,19629000
2018-09-20,164.8683319091797,166.02000427246094,166.4499969482422,164.47000122070312,164.5,18936000
2018-09-21,161.79977416992188,162.92999267578125,167.25,162.80999755859375,166.63999938964844,45994800
2018-09-24,164.26255798339844,165.41000366210938,165.6999969482422,160.8800048828125,161.02999877929688,19222800
2018-09-25,163.7660369873047,164.91000366210938,165.58999633789062,161.14999389648438,161.99000549316406,27622800
2018-09-26,165.7918701171875,166.9499969482422,169.3000030517578,164.2100067138672,164.3000030517578,25252200
2018-09-27,167.66876220703125,168.83999633789062,171.77000427246094,167.2100067138672,167.5500030517578,27266900
2018-09-28,163.3191680908203,164.4600067138672,168.7899932861328,162.55999755859375,168.3300018310547,34265600
2018-10-01,161.31317138671875,162.44000244140625,165.8800048828125,161.25999450683594,163.02999877929688,26407700
2018-10-02,158.22474670410156,159.3300018310547,162.27999877929688,158.6699981689453,161.5800018310547,36031000
2018-10-03,161.30323791503906,162.42999267578125,163.66000366210938,159.52999877929688,160.0,23109500
2018-10-04,157.74807739257812,158.85000610351562,161.4600067138672,157.35000610351562,161.4600067138672,25739600
2018-10-05,156.2386474609375,157.3300018310547,160.89999389648438,156.1999969482422,159.2100067138672,25744000
2018-10-08,156.1591796875,157.25,158.33999633789062,154.38999938964844,155.5399932861328,24046000
2018-10-09,156.80467224121094,157.89999389648438,160.58999633789062,157.4199981689453,157.69000244140625,18844400
2018-10-10,150.3298797607422,151.3800048828125,157.69000244140625,151.30999755859375,156.82000732421875,30610000
2018-10-11,152.2862548828125,153.35000610351562,154.80999755859375,149.16000366210938,150.1300048828125,35338900
2018-10-12,152.67352294921875,153.74000549316406,156.88999938964844,151.3000030517578,156.72999572753906,25293500
2018-10-15,152.4550323486328,153.52000427246094,155.57000732421875,152.5500030517578,153.32000732421875,15433500
2018-10-16,157.67855834960938,158.77999877929688,159.4600067138672,155.00999450683594,155.39999389648438,19180100
2018-10-17,158.3141326904297,159.4199981689453,160.49000549316406,157.9499969482422,159.55999755859375,17592000
2018-10-18,153.8453369140625,154.9199981689453,158.66000366210938,153.27999877929688,158.50999450683594,21675100
2018-10-19,152.98138427734375,154.0500030517578,157.35000610351562,153.5500030517578,155.86000061035156,19761300
2018-10-22,153.706298828125,154.77999877929688,157.33999633789062,154.4600067138672,154.75999450683594,15424700
2018-10-23,153.31903076171875,154.38999938964844,154.77000427246094,150.85000610351562,151.22000122070312,19095000
2018-10-24,145.02694702148438,146.0399932861328,154.64999389648438,145.60000610351562,154.27999877929688,27744600
2018-10-25,149.90286254882812,150.9499969482422,152.2100067138672,147.0,147.72999572753906,22105700
2018-10-26,144.36155700683594,145.3699951171875,149.0,143.8000030517578,145.82000732421875,31303300
2018-10-29,141.10430908203125,142.08999633789062,148.8300018310547,139.02999877929688,148.5,31336800
2018-10-30,145.20565795898438,146.22000122070312,146.63999938964844,139.74000549316406,139.94000244140625,50528300
2018-10-31,150.737060546875,151.7899932861328,156.39999389648438,148.9600067138672,155.0,60101300
2018-11-01,150.69732666015625,151.75,152.75,149.35000610351562,151.52000427246094,25640800
2018-11-02,149.3070526123047,150.35000610351562,154.1300048828125,148.9600067138672,151.8000030517578,24708700
2018-11-05,147.64862060546875,148.67999267578125,150.19000244140625,147.44000244140625,150.10000610351562,15971200
2018-11-06,148.89990234375,149.94000244140625,150.97000122070312,148.0,149.30999755859375,16667100
2018-11-07,150.47885131835938,151.52999877929688,153.00999450683594,149.8300018310547,151.57000732421875,21877400
2018-11-08,146.84423828125,147.8699951171875,150.94000244140625,146.74000549316406,150.49000549316406,24145800
2018-11-09,143.95443725585938,144.9600067138672,147.75999450683594,144.07000732421875,146.75,17326900
2018-11-12,140.56809997558594,141.5500030517578,145.0399932861328,140.49000549316406,144.47999572753906,18542100
2018-11-13,141.173828125,142.16000366210938,144.8800048828125,141.6199951171875,142.0,15141700
2018-11-14,143.2195587158203,144.22000122070312,145.5800018310547,141.5500030517578,143.6999969482422,22068400
2018-11-15,142.8521270751953,143.85000610351562,144.83999633789062,140.8300018310547,142.3300018310547,30320300
2018-11-16,138.56211853027344,139.52999877929688,141.77000427246094,137.77000427246094,141.07000732421875,37250600
2018-11-19,130.637451171875,131.5500030517578,137.75,131.2100067138672,137.61000061035156,44362700
2018-11-20,131.51133728027344,132.42999267578125,134.16000366210938,126.8499984741211,127.02999877929688,41939500
2018-11-21,133.884765625,134.82000732421875,137.19000244140625,134.1300048828125,134.39999389648438,25469700
2018-11-23,130.8162078857422,131.72999572753906,134.5,131.25999450683594,133.64999389648438,11886100
2018-11-26,135.43394470214844,136.3800048828125,137.0,132.77999877929688,133.0,24263600
2018-11-27,134.06353759765625,135.0,136.61000061035156,133.7100067138672,135.75,20750300
2018-11-28,135.81130981445312,136.75999450683594,136.7899932861328,131.85000610351562,136.27999877929688,29847500
2018-11-29,137.71800231933594,138.67999267578125,139.99000549316406,135.66000366210938,135.9199981689453,24238700
2018-11-30,139.6345977783203,140.61000061035156,140.97000122070312,137.36000061035156,138.25999450683594,25732600
2018-12-03,140.11126708984375,141.08999633789062,143.67999267578125,140.75999450683594,143.0,24819200
2018-12-04,136.9731903076172,137.92999267578125,143.38999938964844,137.16000366210938,140.72999572753906,30307400
2018-12-06,138.66140747070312,139.6300048828125,139.6999969482422,133.6699981689453,133.82000732421875,28218100
2018-12-07,136.4667510986328,137.4199981689453,140.8699951171875,136.66000366210938,139.25,21195500
2018-12-10,140.8660125732422,141.85000610351562,143.0500030517578,139.00999450683594,139.60000610351562,26422200
2018-12-11,141.09442138671875,142.0800018310547,143.8800048828125,141.10000610351562,143.8800048828125,20300300
2018-12-12,143.49761962890625,144.5,147.19000244140625,142.50999450683594,143.0800018310547,23696900
2018-12-13,144.00408935546875,145.00999450683594,145.85000610351562,143.19000244140625,145.57000732421875,18148600
2018-12-14,143.06065368652344,144.05999755859375,146.00999450683594,142.50999450683594,143.33999633789062,21785800
2018-12-17,139.217529296875,140.19000244140625,144.9199981689453,138.4199981689453,143.0800018310547,24334000
2018-12-18,142.6634521484375,143.66000366210938,145.92999267578125,139.8300018310547,141.0800018310547,24709100
2018-12-19,132.31573486328125,133.24000549316406,144.91000366210938,132.5,141.2100067138672,57404900
2018-12-20,132.47462463378906,133.39999389648438,135.57000732421875,130.0,130.6999969482422,40297900
2018-12-21,124.08323669433594,124.9499969482422,134.89999389648438,123.41999816894533,133.38999938964844,56901500
2018-12-24,123.19940185546876,124.05999755859376,129.74000549316406,123.0199966430664,123.0999984741211,22066000
2018-12-26,133.24920654296875,134.17999267578125,134.24000549316406,125.88999938964844,126.0,39723400
2018-12-27,133.58685302734375,134.52000427246094,134.99000549316406,129.6699981689453,132.44000244140625,31202500
2018-12-28,132.27603149414062,133.1999969482422,135.9199981689453,132.1999969482422,135.33999633789062,22627600
2018-12-31,130.18064880371094,131.08999633789062,134.63999938964844,129.9499969482422,134.4499969482422,24625300
2019-01-02,134.7388153076172,135.67999267578125,137.50999450683594,128.55999755859375,128.99000549316406,28146200
2019-01-03,130.82614135742188,131.74000549316406,137.1699981689453,131.1199951171875,134.69000244140625,22717900
2019-01-04,136.9930419921875,137.9499969482422,138.0,133.75,134.00999450683594,29002100
2019-01-07,137.09237670898438,138.0500030517578,138.8699951171875,135.91000366210938,137.55999755859375,20089300
2019-01-08,141.5413055419922,142.52999877929688,143.13999938964844,139.5399932861328,139.88999938964844,26263800
2019-01-09,143.22947692871094,144.22999572753906,144.6999969482422,141.27000427246094,142.9499969482422,22205900
2019-01-10,143.19969177246094,144.1999969482422,144.55999755859375,140.83999633789062,143.0800018310547,16125000
2019-01-11,142.80247497558594,143.8000030517578,145.36000061035156,142.57000732421875,143.14999389648438,12908000
2019-01-14,144.3814239501953,145.38999938964844,146.57000732421875,141.27000427246094,142.0,20520300
2019-01-15,147.91676330566406,148.9499969482422,150.67999267578125,145.99000549316406,146.00999450683594,24069000
2019-01-16,146.5165252685547,147.5399932861328,149.64999389648438,147.0,149.0,18025700
2019-01-17,147.27127075195312,148.3000030517578,149.0,146.5,146.9499969482422,15787900
2019-01-18,148.9991912841797,150.0399932861328,152.42999267578125,148.5500030517578,149.75,31029600
2019-01-22,146.54632568359375,147.57000732421875,151.52999877929688,146.3699951171875,149.1999969482422,22378700
2019-01-23,143.29901123046875,144.3000030517578,148.8000030517578,143.05999755859375,148.27999877929688,20098400
2019-01-24,144.81842041015625,145.8300018310547,146.44000244140625,142.52000427246094,144.63999938964844,20955500
2019-01-25,147.97633361816406,149.00999450683594,149.8300018310547,146.5399932861328,147.47999572753906,22237200
2019-01-28,146.44703674316406,147.47000122070312,148.9600067138672,146.2100067138672,148.0500030517578,15508500
2019-01-29,143.1897735595703,144.19000244140625,148.10000610351562,143.42999267578125,148.08999633789062,17632100
2019-01-30,149.37657165527344,150.4199981689453,150.9499969482422,145.6999969482422,146.22000122070312,44613200
2019-01-31,165.53370666503906,166.69000244140625,171.67999267578125,165.0,165.60000610351562,77233600
2019-02-01,164.56051635742188,165.7100067138672,169.10000610351562,165.66000366210938,165.83999633789062,30806500
2019-02-04,168.07594299316406,169.25,169.3000030517578,163.6199951171875,165.6999969482422,20036000
2019-02-05,169.97268676757812,171.16000366210938,171.97999572753906,168.69000244140625,169.14999389648438,22557000
2019-02-06,169.30735778808594,170.49000549316406,172.47000122070312,169.27000427246094,171.1999969482422,13281200
2019-02-07,165.22584533691406,166.3800048828125,169.24000549316406,165.25,168.1999969482422,17517600
2019-02-08,166.1692657470703,167.3300018310547,167.3699951171875,164.2100067138672,164.47000122070312,12561400
2019-02-11,164.63992309570312,165.7899932861328,168.3000030517578,165.0800018310547,167.89999389648438,12811200
2019-02-12,163.89512634277344,165.0399932861328,168.33999633789062,164.5,166.86000061035156,16292300
2019-02-13,162.93190002441406,164.07000732421875,166.22000122070312,163.72999572753906,165.3800048828125,14205100
2019-02-14,162.8126983642578,163.9499969482422,164.8699951171875,162.25,163.19000244140625,12755200
2019-02-15,161.3727569580078,162.5,164.6999969482422,160.86000061035156,164.50999450683594,15504400
2019-02-19,161.1641845703125,162.2899932861328,164.14999389648438,160.3300018310547,160.5,14345400
2019-02-20,161.43234252929688,162.55999755859375,163.72000122070312,161.25,162.25,11770700
2019-02-21,158.92979431152344,160.0399932861328,162.24000549316406,159.58999633789062,161.92999267578125,15607800
2019-02-22,160.76698303222656,161.88999938964844,162.41000366210938,160.30999755859375,160.5800018310547,15858500
2019-02-25,163.47804260253906,164.6199951171875,166.07000732421875,162.89999389648438,163.07000732421875,18737100
2019-02-26,162.99142456054688,164.1300048828125,166.24000549316406,163.8000030517578,164.33999633789062,13784100
2019-02-27,161.6806182861328,162.80999755859375,163.92999267578125,160.41000366210938,162.89999389648438,12697500
2019-02-28,160.33004760742188,161.4499969482422,163.5,160.86000061035156,162.3699951171875,11114200
2019-03-01,161.154296875,162.27999877929688,163.1300048828125,161.69000244140625,162.60000610351562,11097800
2019-03-04,166.208984375,167.3699951171875,167.5,163.8300018310547,163.89999389648438,18894700
2019-03-05,170.07199096679688,171.25999450683594,171.8800048828125,166.5500030517578,167.3699951171875,28187900
2019-03-06,171.3133087158203,172.50999450683594,173.57000732421875,171.27000427246094,172.89999389648438,21531700
2019-03-07,167.956787109375,169.1300048828125,171.74000549316406,167.61000061035156,171.5,18306500
2019-03-08,168.42349243164062,169.60000610351562,169.6199951171875,165.97000122070312,166.1999969482422,13184800
2019-03-11,170.8763885498047,172.07000732421875,174.3000030517578,171.5800018310547,171.60000610351562,18884000
2019-03-12,170.7274169921875,171.9199981689453,173.8000030517578,171.22000122070312,172.08999633789062,12155300
2019-03-13,172.16734313964844,173.3699951171875,174.02999877929688,172.1199951171875,172.32000732421875,11973300
2019-03-14,168.98956298828125,170.1699981689453,171.14999389648438,168.16000366210938,169.75999450683594,18037400
2019-03-15,164.82861328125,165.97999572753906,167.5800018310547,162.50999450683594,167.16000366210938,37135400
2019-03-18,159.35682678222656,160.47000122070312,163.89999389648438,159.27999877929688,163.57000732421875,37524200
2019-03-19,160.44920349121094,161.57000732421875,163.82000732421875,160.82000732421875,161.47999572753906,25611500
2019-03-20,164.29234313964844,165.44000244140625,166.1199951171875,161.24000549316406,161.5,20211500
2019-03-21,164.92794799804688,166.0800018310547,166.38999938964844,163.75,164.88999938964844,16223000
2019-03-22,163.1999969482422,164.33999633789062,167.4199981689453,164.08999633789062,165.64999389648438,16389200
2019-03-25,165.13644409179688,166.2899932861328,166.5399932861328,162.0,163.0,12631200
2019-03-26,166.51681518554688,167.67999267578125,169.4499969482422,166.35000610351562,167.35000610351562,15437900
2019-03-27,164.7194061279297,165.8699951171875,168.94000244140625,164.7899932861328,167.85000610351562,10620300
2019-03-28,164.40162658691406,165.5500030517578,166.72000122070312,163.3300018310547,164.57000732421875,10443000
2019-03-29,165.53370666503906,166.69000244140625,167.19000244140625,164.80999755859375,166.38999938964844,13455500
2019-04-01,167.52972412109375,168.6999969482422,168.89999389648438,167.27999877929688,167.8300018310547,10381500
2019-04-02,172.99159240722656,174.1999969482422,174.89999389648438,169.5500030517578,170.13999938964844,23946500
2019-04-03,172.33615112304688,173.5399932861328,177.9600067138672,172.9499969482422,174.5,27391100
2019-04-04,174.79896545410156,176.02000427246094,178.0,175.52999877929688,176.02000427246094,17847700
2019-04-05,174.5010528564453,175.72000122070312,177.0,175.10000610351562,176.8800048828125,9594100
2019-04-08,173.71652221679688,174.92999267578125,175.5,174.22999572753906,175.2100067138672,7297400
2019-04-09,176.34815979003906,177.5800018310547,179.19000244140625,175.5500030517578,175.6199951171875,19751000
2019-04-10,176.58648681640625,177.82000732421875,178.7899932861328,176.5399932861328,178.17999267578125,11701500
2019-04-11,176.27862548828125,177.50999450683594,178.39999389648438,177.0,178.24000549316406,8071000
2019-04-12,177.85760498046875,179.10000610351562,179.6300048828125,177.9499969482422,178.0,12329800
2019-04-15,178.40377807617188,179.64999389648438,180.5,176.8699951171875,178.5,10834800
2019-04-16,177.6291961669922,178.8699951171875,180.1699981689453,178.3000030517578,179.0,11215200
2019-04-17,177.53981018066406,178.77999877929688,180.7400054931641,178.36000061035156,179.60000610351562,9973700
2019-04-18,177.04330444335938,178.27999877929688,178.8800048828125,177.33999633789062,178.8000030517578,11655600
2019-04-22,180.181381225586,181.44000244140625,181.6699981689453,178.25,178.25,13389900
2019-04-23,182.5051422119141,183.77999877929688,184.22000122070312,181.47999572753903,182.7400054931641,19954800
2019-04-24,181.3134765625,182.5800018310547,185.13999938964844,181.6499938964844,184.4900054931641,37289900
2019-04-25,191.9193725585937,193.259994506836,198.47999572753903,192.1199951171875,196.97999572753903,54148800
2019-04-26,190.1616668701172,191.4900054931641,192.8999938964844,189.08999633789065,192.5,22075000
2019-04-29,193.42881774902344,194.77999877929688,195.4100036621093,190.6499938964844,190.9499969482422,19641300
2019-04-30,192.05841064453125,193.3999938964844,197.38999938964844,192.27999877929688,194.19000244140625,23494700
2019-05-01,191.69097900390625,193.02999877929688,196.17999267578125,193.009994506836,194.77999877929688,15996600
2019-05-02,191.1944580078125,192.52999877929688,194.0,189.75,193.0,13209500
2019-05-03,194.11404418945312,195.47000122070312,196.1600036621093,193.7100067138672,194.3800048828125,14575400
2019-05-06,192.53504943847656,193.8800048828125,194.27999877929688,190.5500030517578,191.2400054931641,13994900
2019-05-07,188.45358276367188,189.7700042724609,192.8999938964844,187.8500061035156,192.5399932861328,16253000
2019-05-08,188.2251739501953,189.5399932861328,190.72000122070312,188.5500030517578,189.38999938964844,12505700
2019-05-09,187.34136962890625,188.6499938964844,189.7700042724609,186.259994506836,187.1999969482422,12967000
2019-05-10,187.0334930419922,188.33999633789065,190.0,184.58999633789065,188.25,12578500
2019-05-13,180.2806701660156,181.5399932861328,185.42999267578125,180.83999633789065,183.5,16833300
2019-05-14,179.4762725830078,180.72999572753903,183.4900054931641,178.10000610351562,182.5200042724609,17628100
2019-05-15,184.9778594970703,186.2700042724609,187.27999877929688,180.02000427246094,180.4199981689453,16746900
2019-05-16,185.69287109375,186.9900054931641,188.5800018310547,185.0500030517578,185.0500030517578,12953100
2019-05-17,184.0146026611328,185.3000030517578,187.5800018310547,184.27999877929688,184.83999633789065,10485400
2019-05-20,181.4524688720703,182.72000122070312,184.22999572753903,181.3699951171875,181.8800048828125,10352000
2019-05-21,183.5379333496093,184.82000732421875,185.6999969482422,183.88999938964844,184.57000732421875,7502800
2019-05-22,184.0344390869141,185.32000732421875,186.7400054931641,183.6100006103516,184.72999572753903,9213800
2019-05-23,179.61532592773438,180.8699951171875,183.8999938964844,179.6699981689453,182.4199981689453,12768800
2019-05-24,179.8040008544922,181.0599975585937,183.6300048828125,180.8300018310547,182.3300018310547,8807700
2019-05-28,183.031494140625,184.3099975585937,184.7100067138672,181.4499969482422,181.5399932861328,14843300
2019-05-29,180.9261779785156,182.19000244140625,184.5599975585937,181.3500061035156,183.5,12797700
2019-05-30,181.740478515625,183.009994506836,183.47999572753903,180.88999938964844,183.0800018310547,8581500
2019-05-31,176.23890686035156,177.47000122070312,180.5399932861328,177.16000366210938,180.27999877929688,15226500
2019-06-03,163.0113067626953,164.14999389648438,175.0500030517578,161.00999450683594,175.0,56059600
2019-06-04,166.3380584716797,167.5,168.27999877929688,160.83999633789062,163.7100067138672,46044300
2019-06-05,167.00341796875,168.1699981689453,168.72000122070312,164.6300048828125,167.47999572753906,19758300
2019-06-06,167.16233825683594,168.3300018310547,169.6999969482422,167.22999572753906,168.3000030517578,12446400
2019-06-07,172.14749145507812,173.35000610351562,173.8699951171875,168.83999633789062,170.1699981689453,16917300
2019-06-10,173.60731506347656,174.82000732421875,177.86000061035156,173.8000030517578,174.75,14767900
2019-06-11,176.8645782470703,178.10000610351562,179.97999572753906,176.7899932861328,178.47999572753906,15266600
2019-06-12,173.8257598876953,175.0399932861328,179.27000427246094,172.8800048828125,178.3800048828125,17699800
2019-06-13,176.23890686035156,177.47000122070312,178.02999877929688,174.61000061035156,175.52999877929688,12253600
2019-06-14,180.0721435546875,181.3300018310547,181.83999633789065,180.0,180.509994506836,16773700
2019-06-17,187.69888305664065,189.009994506836,189.5,184.4100036621093,185.009994506836,29459900
2019-06-18,187.16261291503903,188.47000122070312,194.52999877929688,187.27999877929688,194.0,37571400
2019-06-19,186.17947387695312,187.47999572753903,188.1000061035156,184.5500030517578,187.0,21417100
2019-06-20,188.2152557373047,189.52999877929688,191.1600036621093,187.63999938964844,190.9499969482422,14635700
2019-06-21,189.8140869140625,191.13999938964844,192.0,188.75,188.75,22751200
2019-06-24,191.26397705078125,192.6000061035156,193.97999572753903,191.57000732421875,192.4199981689453,15509000
2019-06-25,187.53005981445312,188.83999633789065,193.13999938964844,188.1300048828125,192.8800048828125,16750300
2019-06-26,186.3582305908203,187.6600036621093,190.759994506836,187.3099975585937,189.5399932861328,12808600
2019-06-27,188.1854553222656,189.5,198.8800048828125,188.2700042724609,189.8800048828125,11159000
2019-06-28,191.6611785888672,193.0,193.1999969482422,189.94000244140625,190.5500030517578,16378900
2019-07-01,191.6611785888672,193.0,195.27999877929688,191.92999267578125,195.2100067138672,14181800
2019-07-02,193.64732360839844,195.0,195.0,192.7100067138672,193.0,9050000
2019-07-03,195.83203125,197.1999969482422,197.3999938964844,194.1600036621093,194.1600036621093,10246100
2019-07-05,195.03759765625,196.3999938964844,197.07000732421875,194.1699981689453,196.17999267578125,11164100
2019-07-08,194.4020233154297,195.759994506836,196.67999267578125,193.63999938964844,195.19000244140625,9723900
2019-07-09,197.8281097412109,199.2100067138672,199.4600067138672,194.88999938964844,194.97000122070312,14698600
2019-07-10,201.32369995117188,202.72999572753903,202.9600067138672,199.6699981689453,200.0,20571700
2019-07-11,199.83409118652344,201.22999572753903,203.8000030517578,200.2100067138672,203.259994506836,13678500
2019-07-12,203.4488677978516,204.8699951171875,205.3000030517578,199.1600036621093,199.67999267578125,15366300
2019-07-15,202.4954833984375,203.9100036621093,205.3300018310547,201.82000732421875,204.25,16030300
2019-07-16,202.42599487304688,203.83999633789065,205.47000122070312,203.1000061035156,203.88999938964844,12132700
2019-07-17,200.4001617431641,201.8000030517578,204.3600006103516,201.58999633789065,204.17999267578125,12083700
2019-07-18,199.38722229003903,200.77999877929688,202.47000122070312,199.3800048828125,200.1499938964844,11937900
2019-07-19,196.9840087890625,198.3600006103516,202.3300018310547,198.07000732421875,202.17999267578125,12098300
2019-07-22,200.91653442382807,202.32000732421875,202.57000732421875,198.8099975585937,199.9100036621093,13589000
2019-07-23,200.95626831054688,202.3600006103516,204.2400054931641,200.9600067138672,202.83999633789065,14583700
2019-07-24,203.2403106689453,204.6600036621093,204.8099975585937,197.22000122070312,197.6300048828125,32532500
2019-07-25,199.31768798828125,200.7100067138672,208.6600036621093,198.259994506836,206.6999969482422,39889900
2019-07-26,198.3643493652344,199.75,202.8800048828125,196.25,200.19000244140625,24434000
2019-07-29,194.580795288086,195.94000244140625,199.6300048828125,195.3000030517578,199.0,16530800
2019-07-30,195.6731414794922,197.0399932861328,198.7100067138672,193.5,195.38999938964844,11903600
2019-07-31,192.88267517089844,194.22999572753903,198.759994506836,192.67999267578125,196.9499969482422,14593500
2019-08-01,191.3930511474609,192.72999572753903,198.47000122070312,190.8800048828125,194.1699981689453,17777000
2019-08-02,187.7087860107422,189.0200042724609,192.6199951171875,188.07000732421875,191.1000061035156,15297000
2019-08-05,180.4693756103516,181.72999572753903,185.6699981689453,179.33999633789062,184.69000244140625,23086700
2019-08-06,183.23008728027344,184.509994506836,185.7899932861328,183.08999633789065,183.69000244140625,18035700
2019-08-07,183.86561584472656,185.1499938964844,186.3699951171875,181.22000122070312,183.6000061035156,15833200
2019-08-08,188.84088134765625,190.1600036621093,190.33999633789065,184.0500030517578,186.6199951171875,14828900
2019-08-09,186.5469207763672,187.8500061035156,190.97999572753903,187.1199951171875,190.0,11058800
2019-08-12,184.0841064453125,185.3699951171875,187.58999633789065,184.4600067138672,186.8500061035156,10930900
2019-08-13,187.1427154541016,188.4499969482422,191.3800048828125,185.3699951171875,185.5200042724609,13577000
2019-08-14,178.46339416503906,179.7100067138672,185.9900054931641,179.30999755859375,185.8000030517578,18903700
2019-08-15,181.32339477539065,182.58999633789065,183.1999969482422,180.02999877929688,180.9499969482422,12925900
2019-08-16,182.42567443847656,183.6999969482422,185.1000061035156,182.3600006103516,183.75,12654600
2019-08-19,184.8785552978516,186.1699981689453,187.5,184.8500061035156,186.009994506836,9691200
2019-08-20,182.5349273681641,183.8099975585937,186.0,182.38999938964844,185.4499969482422,10083400
2019-08-21,182.2767333984375,183.5500030517578,185.8999938964844,183.13999938964844,185.0,8398200
2019-08-22,180.7771911621093,182.0399932861328,184.1100006103516,179.91000366210938,183.42999267578125,10821400
2019-08-23,176.51695251464844,177.75,183.1300048828125,176.66000366210938,180.83999633789065,17323400
2019-08-26,179.10885620117188,180.3600006103516,180.5,178.24000549316406,179.39999389648438,8773600
2019-08-27,180.04232788085938,181.3000030517578,184.0399932861328,181.009994506836,181.92999267578125,14399600
2019-08-28,180.4991607666016,181.759994506836,181.9499969482422,178.9199981689453,180.52999877929688,9386100
2019-08-29,184.28273010253903,185.57000732421875,186.0800018310547,183.47000122070312,183.7700042724609,10128700
2019-08-30,184.38201904296875,185.6699981689453,186.8000030517578,183.4600067138672,186.77999877929688,10774500
2019-09-03,181.1248016357422,182.38999938964844,185.6699981689453,182.1100006103516,184.0,9779400
2019-09-04,185.84182739257807,187.13999938964844,187.75,183.88999938964844,184.6499938964844,11308000
2019-09-05,189.5757598876953,190.8999938964844,191.3600006103516,187.94000244140625,188.52999877929688,13876700
2019-09-06,186.1894073486328,187.4900054931641,190.2100067138672,186.3500061035156,190.2100067138672,15226800
2019-09-09,187.4506072998047,188.759994506836,188.97999572753903,185.8500061035156,187.72999572753903,14722400
2019-09-10,184.8785552978516,186.1699981689453,188.1000061035156,184.5500030517578,187.44000244140625,15455900
2019-09-11,187.1824645996093,188.4900054931641,189.44000244140625,186.0800018310547,186.4600067138672,11761700
2019-09-12,186.1695556640625,187.47000122070312,190.92999267578125,187.22999572753903,189.8600006103516,11419800
2019-09-13,185.89149475097656,187.19000244140625,187.97000122070312,186.5399932861328,187.3300018310547,11441100
2019-09-16,184.92822265625,186.22000122070312,187.7899932861328,185.7700042724609,186.92999267578125,8444800
2019-09-17,186.7753295898437,188.0800018310547,188.32000732421875,185.5399932861328,186.6600036621093,9671100
2019-09-18,186.8349151611328,188.13999938964844,189.0800018310547,186.009994506836,188.08999633789065,9681900
2019-09-19,188.82101440429688,190.13999938964844,191.1000061035156,188.1499938964844,188.6600036621093,10392700
2019-09-20,188.61245727539065,189.92999267578125,193.1000061035156,188.1199951171875,190.6600036621093,19934200
2019-09-23,185.5240631103516,186.82000732421875,190.1000061035156,185.2100067138672,189.33999633789065,13327600
2019-09-24,180.02249145507812,181.27999877929688,188.0399932861328,180.38999938964844,187.97999572753903,18546600
2019-09-25,181.53195190429688,182.8000030517578,183.4199981689453,177.8699951171875,181.4499969482422,18068300
2019-09-26,178.86058044433594,180.11000061035156,181.3999938964844,177.6699981689453,181.3300018310547,16083300
2019-09-27,175.8715057373047,177.10000610351562,180.759994506836,175.66000366210938,180.4900054931641,14656200
2019-09-30,176.84469604492188,178.0800018310547,178.6699981689453,176.85000610351562,177.8699951171875,10740000
2019-10-01,174.59043884277344,175.80999755859375,179.83999633789062,174.8800048828125,179.14999389648438,17073000
2019-10-02,173.38882446289062,174.60000610351562,176.52999877929688,173.08999633789062,174.83999633789062,16151700
2019-10-03,178.1356658935547,179.3800048828125,179.83999633789062,173.6300048828125,175.57000732421875,16086300
2019-10-04,179.19822692871094,180.4499969482422,180.97999572753903,178.10000610351562,179.5500030517578,10430200
2019-10-07,178.4335479736328,179.67999267578125,181.17999267578125,178.08999633789062,180.0,9178300
2019-10-08,176.51695251464844,177.75,180.3699951171875,177.72000122070312,178.25999450683594,9466900
2019-10-09,178.60240173339844,179.85000610351562,180.72000122070312,177.94000244140625,179.16000366210938,7556900
2019-10-10,178.78115844726562,180.02999877929688,181.6100006103516,179.1699981689453,180.32000732421875,8605000
2019-10-11,182.91232299804688,184.19000244140625,186.4900054931641,182.13999938964844,182.1499938964844,14930500
2019-10-14,182.0086212158203,183.27999877929688,184.6199951171875,182.57000732421875,184.1999969482422,7006000
2019-10-15,187.57969665527344,188.88999938964844,190.3800048828125,183.6600036621093,183.8000030517578,15039100
2019-10-16,188.2351226806641,189.5500030517578,189.6999969482422,186.8999938964844,188.32000732421875,10516900
2019-10-17,189.0692901611328,190.38999938964844,190.83999633789065,188.7700042724609,190.3000030517578,9603000
2019-10-18,184.560791015625,185.8500061035156,191.4900054931641,183.9199981689453,190.22999572753903,16874200
2019-10-21,188.44366455078125,189.759994506836,189.9100036621093,186.75,187.0399932861328,8122600
2019-10-22,181.0751190185547,182.33999633789065,190.6499938964844,181.5,190.0,19537600
2019-10-23,184.85870361328125,186.1499938964844,186.3800048828125,182.0,182.009994506836,12300400
2019-10-24,185.0871124267578,186.3800048828125,186.72999572753903,182.8000030517578,184.6199951171875,11413500
2019-10-25,186.5866241455078,187.88999938964844,189.0,185.08999633789065,185.8300018310547,8061200
2019-10-28,188.08615112304688,189.3999938964844,189.52999877929688,185.0800018310547,187.1999969482422,13657900
2019-10-29,187.9967803955078,189.3099975585937,192.52999877929688,188.47000122070312,191.69000244140625,13574900
2019-10-30,186.9441375732422,188.25,190.4499969482422,185.97999572753903,189.5599975585937,28734600
2019-10-31,190.320556640625,191.6499938964844,198.08999633789065,188.25,196.6999969482422,42286500
2019-11-01,192.27688598632807,193.6199951171875,194.1100006103516,189.9100036621093,192.8500061035156,21711800
2019-11-04,193.3692626953125,194.72000122070312,197.3699951171875,193.8099975585937,194.5500030517578,16371300
2019-11-05,192.97203063964844,194.32000732421875,195.75,193.6000061035156,195.3699951171875,9942000
2019-11-06,190.2212371826172,191.5500030517578,194.3699951171875,191.3500061035156,194.02999877929688,10973000
2019-11-07,189.09909057617188,190.4199981689453,193.44000244140625,189.47000122070312,191.9100036621093,13473000
2019-11-08,189.51617431640625,190.83999633789065,192.33999633789065,189.6999969482422,190.0,10760800
2019-11-11,188.29470825195312,189.6100006103516,190.0800018310547,188.5399932861328,189.92999267578125,8631200
2019-11-12,193.1210021972656,194.47000122070312,195.0599975585937,189.7400054931641,190.0,17615500
2019-11-13,191.8498687744141,193.19000244140625,195.6999969482422,192.7400054931641,194.6999969482422,10860700
2019-11-14,191.81016540527344,193.1499938964844,194.02999877929688,191.4499969482422,192.92999267578125,9040500
2019-11-15,193.7466278076172,195.1000061035156,195.3000030517578,193.3800048828125,194.259994506836,11524300
2019-11-18,196.03065490722656,197.3999938964844,198.6300048828125,193.0500030517578,194.5599975585937,16167200
2019-11-19,197.9373321533203,199.32000732421875,200.0,196.8600006103516,197.3999938964844,19056800
2019-11-20,196.13992309570312,197.509994506836,199.58999633789065,195.42999267578125,198.5800018310547,12355400
2019-11-21,196.5569763183593,197.92999267578125,199.08999633789065,196.8600006103516,197.4199981689453,12131000
2019-11-22,197.4408264160156,198.82000732421875,199.3000030517578,197.6199951171875,198.3800048828125,9959800
2019-11-25,198.4040679931641,199.7899932861328,200.97000122070312,199.25,199.5200042724609,15272300
2019-11-26,197.5897827148437,198.97000122070312,200.1499938964844,198.0399932861328,200.0,11735500
2019-11-27,200.5987548828125,202.0,203.13999938964844,199.4199981689453,199.8999938964844,12736600
2019-11-29,200.24127197265625,201.63999938964844,203.8000030517578,201.2100067138672,201.6000061035156,7985200
2019-12-02,198.314682006836,199.6999969482422,202.17999267578125,198.0500030517578,202.1300048828125,11503400
2019-12-03,197.4408264160156,198.82000732421875,198.92999267578125,195.0800018310547,197.6000061035156,11595300
2019-12-04,197.3315887451172,198.7100067138672,200.02999877929688,198.0500030517578,200.0,8456300
2019-12-05,197.97705078125,199.3600006103516,201.2899932861328,198.2100067138672,199.8600006103516,9740400
2019-12-06,199.65533447265625,201.0500030517578,201.57000732421875,200.0599975585937,200.5,12270600
2019-12-09,199.94332885742188,201.33999633789065,203.13999938964844,200.2100067138672,200.6499938964844,11954800
2019-12-10,199.47657775878903,200.8699951171875,202.0500030517578,200.1499938964844,201.6600036621093,9475700
2019-12-11,200.85694885253903,202.259994506836,202.6300048828125,200.27999877929688,200.27999877929688,8036800
2019-12-12,195.3851776123047,196.75,203.6600036621093,194.1000061035156,202.3500061035156,23734800
2019-12-13,192.7634735107422,194.1100006103516,196.8000030517578,193.1699981689453,196.3999938964844,18798000
2019-12-16,196.5470428466797,197.9199981689453,199.1199951171875,194.8099975585937,195.2700042724609,14911500
2019-12-17,197.0137939453125,198.38999938964844,199.0,196.1300048828125,198.83999633789065,10175700
2019-12-18,201.0952911376953,202.5,204.3000030517578,200.08999633789065,200.08999633789065,23274400
2019-12-19,204.630599975586,206.0599975585937,206.3000030517578,202.509994506836,202.77999877929688,16514600
2019-12-20,204.8689422607422,206.3000030517578,207.7100067138672,203.42999267578125,207.47999572753903,27306900
2019-12-23,204.749755859375,206.17999267578125,208.58999633789065,205.67999267578125,206.6999969482422,13348900
2019-12-24,203.6971130371093,205.1199951171875,206.7899932861328,205.0,206.3000030517578,6046300
2019-12-26,206.3485717773437,207.7899932861328,207.82000732421875,205.3099975585937,205.57000732421875,9350700
2019-12-27,206.6564483642578,208.1000061035156,208.92999267578125,206.58999633789065,208.6699981689453,10284200
2019-12-30,202.9920196533203,204.4100036621093,207.8999938964844,203.8999938964844,207.8600006103516,10524300
2019-12-31,203.8262176513672,205.25,205.5599975585937,203.6000061035156,204.0,8953500
2020-01-02,208.32476806640625,209.77999877929688,209.7899932861328,206.2700042724609,206.75,12077100
2020-01-03,207.2225036621093,208.6699981689453,210.3999938964844,206.9499969482422,207.2100067138672,11188400
2020-01-06,211.125244140625,212.6000061035156,212.77999877929688,206.5200042724609,206.6999969482422,17058900
2020-01-07,211.58204650878903,213.0599975585937,214.5800018310547,211.75,212.82000732421875,14912400
2020-01-08,213.72706604003903,215.22000122070312,216.2400054931641,212.6100006103516,213.0,13475000
2020-01-09,216.7856903076172,218.3000030517578,218.3800048828125,216.27999877929688,217.5399932861328,12642800
2020-01-10,216.54733276367188,218.0599975585937,219.8800048828125,217.4199981689453,219.1999969482422,12119400
2020-01-13,220.37063598632807,221.9100036621093,221.97000122070312,219.2100067138672,219.6000061035156,14463400
2020-01-14,217.54039001464844,219.0599975585937,222.3800048828125,218.6300048828125,221.6100006103516,13288900
2020-01-15,219.6159210205078,221.1499938964844,221.67999267578125,220.13999938964844,220.6100006103516,10036500
2020-01-16,220.2316131591797,221.7700042724609,222.6300048828125,220.38999938964844,222.57000732421875,10015300
2020-01-17,220.5990447998047,222.13999938964844,222.2899932861328,220.52999877929688,222.02999877929688,15905900
2020-01-21,219.9038848876953,221.44000244140625,222.3699951171875,219.1199951171875,222.1600036621093,14275800
2020-01-22,219.7847442626953,221.32000732421875,222.75,221.27999877929688,222.3099975585937,12212800
2020-01-23,218.2355499267578,219.759994506836,221.4900054931641,219.2700042724609,220.75,11195000
2020-01-24,216.42819213867188,217.94000244140625,221.77999877929688,216.1100006103516,220.8000030517578,11905800
2020-01-27,213.37945556640625,214.8699951171875,216.0599975585937,212.5,213.1000061035156,13810700
2020-01-28,216.2792205810547,217.7899932861328,218.7400054931641,213.5200042724609,216.13999938964844,13413800
2020-01-29,221.6814880371093,223.22999572753903,224.1999969482422,218.4499969482422,221.44000244140625,33181300
2020-01-30,208.0765380859375,209.52999877929688,211.42999267578125,204.75,206.52999877929688,48775500
2020-01-31,200.50938415527344,201.9100036621093,208.69000244140625,201.0599975585937,208.42999267578125,31359900
2020-02-03,202.7735748291016,204.19000244140625,205.13999938964844,202.5,203.44000244140625,15495600
2020-02-04,208.3744506835937,209.8300018310547,210.6000061035156,205.1999969482422,206.6199951171875,19628900
2020-02-05,208.6525115966797,210.1100006103516,212.72999572753903,208.7100067138672,212.509994506836,12538200
2020-02-06,209.38735961914065,210.8500061035156,211.19000244140625,209.33999633789065,210.47000122070312,10567500
2020-02-07,210.85708618164065,212.3300018310547,212.82000732421875,209.92999267578125,210.3000030517578,12242500
2020-02-10,211.58204650878903,213.0599975585937,213.8000030517578,210.6600036621093,211.5200042724609,11856400
2020-02-11,205.75274658203125,207.19000244140625,210.8600006103516,206.509994506836,210.19000244140625,25030800
2020-02-12,209.29795837402344,210.759994506836,211.22000122070312,207.3999938964844,207.8500061035156,13813700
2020-02-13,211.6614685058593,213.13999938964844,214.3300018310547,209.17999267578125,209.5200042724609,15396600
2020-02-14,212.6942443847656,214.17999267578125,214.92999267578125,212.6499938964844,214.0,10741700
2020-02-18,216.2891387939453,217.8000030517578,217.97999572753903,213.3999938964844,213.5500030517578,15609200
2020-02-19,215.98130798339844,217.4900054931641,218.32000732421875,216.1100006103516,217.9900054931641,12135100
2020-02-20,213.09149169921875,214.5800018310547,218.7700042724609,212.9499969482422,216.5200042724609,13109200
2020-02-21,208.7220001220703,210.17999267578125,214.2400054931641,208.8300018310547,213.47999572753903,14092300
2020-02-24,199.32765197753903,200.72000122070312,203.6499938964844,198.1699981689453,201.8000030517578,23080100
2020-02-25,195.4050445556641,196.7700042724609,203.5,195.9499969482422,202.25,21433500
2020-02-26,195.83203125,197.1999969482422,201.2100067138672,195.4900054931641,197.19000244140625,16524500
2020-02-27,188.43374633789065,189.75,195.8800048828125,189.5,191.82000732421875,21682600
2020-02-28,191.13487243652344,192.47000122070312,192.7400054931641,181.82000732421875,182.6999969482422,32568900
2020-03-02,195.0773162841797,196.44000244140625,196.57000732421875,188.8500061035156,194.02999877929688,24949000
2020-03-03,184.6004943847656,185.88999938964844,197.2400054931641,183.97000122070312,196.22000122070312,27984100
2020-03-04,190.4297637939453,191.759994506836,191.8300018310547,186.38999938964844,189.1699981689453,23062500
2020-03-05,183.885498046875,185.1699981689453,188.9900054931641,183.88999938964844,186.77999877929688,19333400
2020-03-06,179.8337860107422,181.08999633789065,183.77999877929688,176.25999450683594,178.3300018310547,24559600
2020-03-09,168.32418823242188,169.5,175.0,165.19000244140625,169.60000610351562,29949000
2020-03-10,176.9539337158203,178.19000244140625,178.2899932861328,169.5,174.6699981689453,24517800
2020-03-11,169.05906677246094,170.24000549316406,175.8800048828125,167.66000366210938,174.00999450683594,20373900
2020-03-12,153.39845275878906,154.47000122070312,166.60000610351562,154.33999633789062,159.5399932861328,43266300
2020-03-13,169.09878540039062,170.27999877929688,170.7899932861328,157.60000610351562,163.52999877929688,35028600
2020-03-16,144.9971466064453,146.00999450683594,159.1300048828125,143.10000610351562,152.32000732421875,39120400
2020-03-17,148.3834991455078,149.4199981689453,153.94000244140625,140.0,150.74000549316406,34255600
2020-03-18,145.9405517578125,146.9600067138672,148.17999267578125,137.10000610351562,139.75,37553100
2020-03-19,152.0677490234375,153.1300048828125,159.92999267578125,144.8000030517578,146.6199951171875,39862300
2020-03-20,148.6913299560547,149.72999572753906,159.27000427246094,148.0,156.02000427246094,32568400
2020-03-23,147.07264709472656,148.10000610351562,152.30999755859375,142.25,149.66000366210938,29830800
2020-03-24,159.86329650878906,160.97999572753906,161.30999755859375,152.57000732421875,155.2100067138672,30440400
2020-03-25,155.1264190673828,156.2100067138672,162.99000549316406,153.05999755859375,158.9199981689453,35184300
2020-03-26,162.20693969726562,163.33999633789062,164.0,157.02000427246094,158.25,26556800
2020-03-27,155.70236206054688,156.7899932861328,160.08999633789062,154.75,158.1999969482422,24879900
2020-03-30,164.798828125,165.9499969482422,166.75,158.05999755859375,159.17999267578125,22515200
2020-03-31,165.6429443359375,166.8000030517578,170.92999267578125,164.1999969482422,165.47999572753906,23676300
2020-04-01,158.49288940429688,159.60000610351562,164.14999389648438,158.0399932861328,161.6199951171875,19507600
2020-04-02,157.09268188476562,158.19000244140625,161.35000610351562,155.9199981689453,159.10000610351562,20886300
2020-04-03,153.11045837402344,154.17999267578125,157.91000366210938,150.8300018310547,157.14999389648438,25983300
2020-04-06,164.40162658691406,165.5500030517578,166.1999969482422,158.50999450683594,160.14999389648438,28453600
2020-04-07,167.6588592529297,168.8300018310547,173.38999938964844,166.00999450683594,171.7899932861328,31411900
2020-04-08,173.07102966308594,174.27999877929688,175.0,167.74000549316406,171.25,21664200
2020-04-09,173.97471618652344,175.19000244140625,177.0800018310547,171.57000732421875,175.89999389648438,23534300
2020-04-13,173.57748413085938,174.7899932861328,175.0,169.4499969482422,173.6699981689453,19355400
2020-04-14,176.93406677246094,178.1699981689453,181.22999572753903,176.6199951171875,178.97999572753906,21011800
2020-04-15,175.74237060546875,176.97000122070312,178.19000244140625,172.82000732421875,175.19000244140625,17423000
2020-04-16,175.0273895263672,176.25,178.0500030517578,172.50999450683594,177.9499969482422,23593200
2020-04-17,177.9966583251953,179.24000549316406,180.27999877929688,176.66000366210938,179.1999969482422,20974800
2020-04-20,177.00360107421875,178.24000549316406,180.5,176.77000427246094,177.41000366210938,16110700
2020-04-21,169.6151885986328,170.8000030517578,175.3800048828125,168.33999633789062,175.25,24850500
2020-04-22,181.0155639648437,182.27999877929688,184.77999877929688,178.13999938964844,178.4499969482422,33242000
2020-04-23,183.84576416015625,185.1300048828125,187.0500030517578,183.1499938964844,184.0800018310547,21426600
2020-04-24,188.75152587890625,190.07000732421875,190.4100036621093,180.8300018310547,183.22999572753903,28792000
2020-04-27,186.1993560791016,187.5,193.75,187.4100036621093,192.6600036621093,29197800
2020-04-28,181.64117431640625,182.9100036621093,189.1999969482422,182.5599975585937,188.6600036621093,21731000
2020-04-29,192.8429412841797,194.19000244140625,196.9100036621093,190.0,190.92999267578125,45954500
2020-04-30,203.2899627685547,204.7100067138672,209.69000244140625,201.57000732421875,206.9199981689453,46230100
2020-05-01,200.8668670654297,202.2700042724609,207.27999877929688,199.0500030517578,201.6000061035156,30415600
2020-05-04,203.8361053466797,205.259994506836,205.9100036621093,198.759994506836,200.1999969482422,19250700
2020-05-05,205.63360595703125,207.07000732421875,210.3800048828125,206.5,207.0200042724609,21071200
2020-05-06,207.0238800048828,208.47000122070312,211.6000061035156,206.6600036621093,208.1199951171875,21857000
2020-05-07,209.7945251464844,211.259994506836,211.6000061035156,209.0399932861328,211.1600036621093,15152000
2020-05-08,210.87696838378903,212.3500061035156,213.2100067138672,210.8500061035156,212.2400054931641,12506000
2020-05-11,211.701171875,213.17999267578125,215.0,210.3699951171875,210.88999938964844,12911900
2020-05-12,208.6425628662109,210.1000061035156,215.27999877929688,210.0,213.2899932861328,14704600
2020-05-13,203.67726135253903,205.1000061035156,210.77999877929688,202.1100006103516,209.42999267578125,20684600
2020-05-14,205.3754119873047,206.8099975585937,206.92999267578125,200.69000244140625,202.5599975585937,17178900
2020-05-15,209.4171600341797,210.8800048828125,211.33999633789065,204.1199951171875,205.2700042724609,19383200
2020-05-18,211.71115112304688,213.19000244140625,214.63999938964844,210.94000244140625,212.1499938964844,20151900
2020-05-19,215.3755340576172,216.8800048828125,220.4900054931641,212.8300018310547,213.2700042724609,31843200
2020-05-20,228.374740600586,229.97000122070312,231.33999633789065,223.19000244140625,223.5,50162900
2020-05-21,229.78488159179688,231.38999938964844,237.1999969482422,231.1999969482422,234.72000122070312,47782600
2020-05-22,233.28045654296875,234.9100036621093,235.9900054931641,228.7400054931641,231.509994506836,33925600
2020-05-26,230.5892333984375,232.1999969482422,240.8999938964844,231.6699981689453,239.7700042724609,33178300
2020-05-27,227.5504913330078,229.13999938964844,230.5599975585937,221.1300048828125,229.07000732421875,34697600
2020-05-28,223.89602661132807,225.4600067138672,231.6300048828125,224.0,224.3000030517578,29377200
2020-05-29,223.528564453125,225.08999633789065,227.4900054931641,222.8800048828125,225.1999969482422,23241500
2020-06-01,230.30128479003903,231.9100036621093,232.44000244140625,223.5,224.58999633789065,18223800
2020-06-02,231.10565185546875,232.72000122070312,233.0,226.5599975585937,230.94000244140625,20919000
2020-06-03,228.5634307861328,230.1600036621093,232.6499938964844,228.52999877929688,232.1100006103516,15380300
2020-06-04,224.72024536132807,226.2899932861328,231.6300048828125,224.6100006103516,229.5599975585937,17041500
2020-06-05,229.169189453125,230.7700042724609,231.3500061035156,225.3099975585937,226.7100067138672,16750400
2020-06-08,229.7947998046875,231.3999938964844,231.5500030517578,227.4100036621093,229.02999877929688,15466500
2020-06-09,237.01437377929688,238.6699981689453,239.7700042724609,230.4100036621093,231.5200042724609,27462900
2020-06-10,235.0878295898437,236.72999572753903,241.2100067138672,235.27999877929688,240.9600067138672,20720700
2020-06-11,222.87315368652344,224.42999267578125,232.88999938964844,223.5500030517578,229.94000244140625,26708200
2020-06-12,226.994384765625,228.5800018310547,231.6600036621093,224.5,229.8999938964844,22091400
2020-06-15,230.8871612548828,232.5,233.7700042724609,224.8000030517578,225.08999633789065,15340300
2020-06-16,234.0153350830078,235.6499938964844,238.4600067138672,233.0,237.13999938964844,15236700
2020-06-17,233.89617919921875,235.52999877929688,237.58999633789065,231.72999572753903,235.0,19578100
2020-06-18,234.3032989501953,235.94000244140625,236.13999938964844,232.1499938964844,234.9900054931641,15782500
2020-06-19,237.133529663086,238.7899932861328,240.8300018310547,235.5500030517578,237.7899932861328,30081300
2020-06-22,237.56057739257807,239.22000122070312,240.6999969482422,236.9100036621093,238.5599975585937,18917800
2020-06-23,240.55963134765625,242.2400054931641,245.19000244140625,239.8600006103516,241.27999877929688,24017900
2020-06-24,232.3966522216797,234.0200042724609,243.22000122070312,232.67999267578125,241.1999969482422,20834900
2020-06-25,234.0450897216797,235.67999267578125,237.3000030517578,232.7400054931641,234.6199951171875,18704300
2020-06-26,214.5811004638672,216.0800018310547,233.08999633789065,215.3999938964844,232.63999938964844,76343900
2020-06-29,219.1094512939453,220.63999938964844,220.75,207.1100006103516,209.75,58514300
2020-06-30,225.494857788086,227.07000732421875,227.5,218.47000122070312,220.58999633789065,33927100
2020-07-01,235.9021759033203,237.5500030517578,239.0,227.5599975585937,228.5,43399700
2020-07-02,231.80079650878903,233.4199981689453,240.0,232.6100006103516,239.0,30633600
2020-07-06,238.6132049560547,240.27999877929688,240.3999938964844,232.2700042724609,233.759994506836,26206200
2020-07-07,239.189193725586,240.8600006103516,247.6499938964844,238.82000732421875,239.4100036621093,27887800
2020-07-08,241.8903350830078,243.5800018310547,246.9900054931641,236.58999633789065,238.1100006103516,29791300
2020-07-09,242.8039093017578,244.5,246.52999877929688,239.2400054931641,245.0,22174900
2020-07-10,243.36997985839844,245.07000732421875,245.4900054931641,239.32000732421875,243.69000244140625,22982700
2020-07-13,237.34210205078125,239.0,250.1499938964844,238.4199981689453,247.009994506836,24674900
2020-07-14,238.06700134277344,239.72999572753903,240.3300018310547,232.02999877929688,236.759994506836,23378100
2020-07-15,238.6132049560547,240.27999877929688,244.82000732421875,238.0500030517578,241.5500030517578,19133600
2020-07-16,239.25868225097656,240.92999267578125,241.759994506836,236.3300018310547,238.0,18880700
2020-07-17,240.3510589599609,242.02999877929688,244.1600036621093,237.8600006103516,241.0,18152400
2020-07-20,243.7175445556641,245.4199981689453,246.0500030517578,235.63999938964844,240.0599975585937,20872200
2020-07-21,240.0730133056641,241.75,246.9100036621093,240.0800018310547,246.22000122070312,19364200
2020-07-22,238.2060394287109,239.8699951171875,241.8999938964844,238.1199951171875,240.259994506836,15427900
2020-07-23,230.98648071289065,232.6000061035156,242.4199981689453,231.75,239.6300048828125,21771800
2020-07-24,229.109603881836,230.7100067138672,233.4900054931641,226.8999938964844,230.19000244140625,18325800
2020-07-27,231.8802490234375,233.5,234.9499969482422,230.8300018310547,231.4600067138672,13163100
2020-07-28,228.5236968994141,230.1199951171875,234.9600067138672,229.8300018310547,234.6300048828125,14170100
2020-07-29,231.6716766357422,233.2899932861328,233.6999969482422,230.3099975585937,231.13999938964844,13588300
2020-07-30,232.8733062744141,234.5,234.88999938964844,229.0,230.22000122070312,20615300
2020-07-31,251.91033935546875,253.6699981689453,255.8500061035156,249.0,255.82000732421875,53005100
2020-08-03,250.2122039794922,251.9600067138672,255.3999938964844,250.3300018310547,252.6499938964844,23124900
2020-08-04,248.09698486328125,249.8300018310547,252.8000030517578,247.42999267578125,251.5599975585937,17183500
2020-08-05,247.39187622070312,249.1199951171875,252.2700042724609,247.7700042724609,250.19000244140625,13050100
2020-08-06,263.4397888183594,265.2799987792969,266.6000061035156,248.6699981689453,249.0399932861328,45241600
2020-08-07,266.5778503417969,268.44000244140625,278.8900146484375,263.42999267578125,264.0799865722656,72766400
2020-08-10,261.17559814453125,263.0,273.8599853515625,259.69000244140625,268.0400085449219,30248800
2020-08-11,254.353271484375,256.1300048828125,265.9200134277344,255.1300048828125,260.19000244140625,28238300
2020-08-12,258.0871887207031,259.8900146484375,263.8999938964844,258.1099853515625,258.9700012207031,21415700
2020-08-13,259.48736572265625,261.29998779296875,265.1600036621094,259.57000732421875,261.54998779296875,17374000
2020-08-14,259.42779541015625,261.239990234375,262.6499938964844,258.67999267578125,262.3099975585937,14792700
2020-08-17,259.348388671875,261.1600036621094,264.1000061035156,259.3999938964844,262.5,13351100
2020-08-18,260.52020263671875,262.3399963378906,265.1499938964844,259.260009765625,260.95001220703125,18690400
2020-08-19,260.7684020996094,262.5899963378906,267.9100036621094,261.3500061035156,261.3900146484375,23291500
2020-08-20,267.1439514160156,269.010009765625,269.6300048828125,261.4599914550781,261.5,20299700
2020-08-21,265.1578369140625,267.010009765625,270.489990234375,266.4200134277344,268.69000244140625,15538600
2020-08-24,269.5074157714844,271.3900146484375,277.25,268.7699890136719,271.07000732421875,23685600
2020-08-25,278.8720092773437,280.82000732421875,283.0899963378906,270.260009765625,272.4100036621094,42127200
2020-08-26,301.8018493652344,303.9100036621094,304.6700134277344,284.0,284.0,69015200
2020-08-27,291.1859436035156,293.2200012207031,301.2300109863281,292.0199890136719,300.1600036621094,30301300
2020-08-28,291.6229248046875,293.6600036621094,297.2300109863281,290.9800109863281,295.0,17157400
2020-08-31,291.1661376953125,293.20001220703125,296.8800048828125,291.54998779296875,293.95001220703125,17345100
2020-09-01,293.3905334472656,295.44000244140625,301.489990234375,292.7099914550781,294.7099914550781,17295900
2020-09-02,300.4015808105469,302.5,303.6000061035156,293.04998779296875,298.8800048828125,24341400
2020-09-03,289.1005249023437,291.1199951171875,297.6000061035156,283.6300048828125,295.989990234375,32294100
2020-09-04,280.76873779296875,282.7300109863281,289.0,271.1400146484375,287.25,30333700
2020-09-08,269.2790222167969,271.1600036621094,279.29998779296875,269.4200134277344,271.2799987792969,24864000
2020-09-09,271.8212890625,273.7200012207031,278.4800109863281,271.3500061035156,275.7699890136719,22918800
2020-09-10,266.2303161621094,268.0899963378906,279.1600036621094,267.0299987792969,275.510009765625,24814700
2020-09-11,264.7605895996094,266.6099853515625,271.3900146484375,262.6400146484375,270.0599975585937,18913900
2020-09-14,264.3037109375,266.1499938964844,276.6400146484375,265.70001220703125,270.95001220703125,24093800
2020-09-15,270.5302429199219,272.4200134277344,274.5199890136719,269.29998779296875,270.6700134277344,18478500
2020-09-16,261.6919860839844,263.5199890136719,272.44000244140625,261.7900085449219,267.2900085449219,29183400
2020-09-17,253.05235290527344,254.82000732421875,261.5,250.19000244140625,258.2799987792969,31281400
2020-09-18,250.7782440185547,252.52999877929688,259.20001220703125,250.0500030517578,258.3999938964844,28130800
2020-09-21,246.4286193847656,248.1499938964844,249.9499969482422,244.1300048828125,247.5399932861328,24709400
2020-09-22,252.9828338623047,254.75,255.32000732421875,248.22000122070312,253.3099975585937,30293100
2020-09-23,247.29258728027344,249.0200042724609,257.989990234375,248.1499938964844,255.259994506836,19641300
2020-09-24,247.799057006836,249.52999877929688,252.2400054931641,245.6199951171875,246.5,20006800
2020-09-25,253.05235290527344,254.82000732421875,255.75,246.6100006103516,249.3999938964844,18351300
2020-09-28,255.0384979248047,256.82000732421875,259.6000061035156,254.82000732421875,259.3999938964844,18826300
2020-09-29,259.9739685058594,261.7900085449219,263.3299865722656,256.8999938964844,257.8099975585937,20200200
2020-09-30,260.0832214355469,261.8999938964844,266.0799865722656,260.1000061035156,261.9800109863281,20142500
2020-10-01,264.7804260253906,266.6300048828125,268.3299865722656,264.79998779296875,265.3500061035156,20009800
2020-10-02,258.1368408203125,259.94000244140625,265.1499938964844,259.17999267578125,261.2099914550781,16367600
2020-10-05,262.81414794921875,264.6499938964844,264.8699951171875,260.8399963378906,262.20001220703125,12822300
2020-10-06,256.86578369140625,258.6600036621094,265.69000244140625,258.239990234375,261.7799987792969,18696900
2020-10-07,256.32940673828125,258.1199951171875,260.17999267578125,254.82000732421875,259.2099914550781,23133400
2020-10-08,261.9302978515625,263.760009765625,264.6199951171875,259.1499938964844,259.75,16312800
2020-10-09,262.6155700683594,264.45001220703125,264.75,262.1700134277344,264.5199890136719,14107800
2020-10-12,273.8371887207031,275.75,280.17999267578125,267.8699951171875,270.20001220703125,31019300
2020-10-13,274.2244567871094,276.1400146484375,279.1000061035156,273.3900146484375,277.5799865722656,18063300
2020-10-14,269.9344482421875,271.82000732421875,278.75,271.5,277.6199951171875,15577800
2020-10-15,264.8697814941406,266.7200012207031,269.0400085449219,263.6700134277344,267.6000061035156,15416100
2020-10-16,264.08526611328125,265.92999267578125,271.3699951171875,265.29998779296875,267.3800048828125,16622700
2020-10-19,259.586669921875,261.3999938964844,268.54998779296875,259.8800048828125,265.5299987792969,13587000
2020-10-20,265.7040100097656,267.5599975585937,269.70001220703125,262.8800048828125,263.0599975585937,18763200
2020-10-21,276.7964782714844,278.7300109863281,283.04998779296875,276.3699951171875,279.5599975585937,28998600
2020-10-22,276.1907043457031,278.1199951171875,282.45001220703125,275.0400085449219,279.8699951171875,16720000
2020-10-23,282.814453125,284.7900085449219,285.239990234375,276.82000732421875,278.79998779296875,17535200
2020-10-26,275.18768310546875,277.1099853515625,285.2300109863281,274.260009765625,283.1600036621094,21322900
2020-10-27,281.3248596191406,283.2900085449219,284.510009765625,276.3099975585937,278.760009765625,16287200
2020-10-28,265.8132019042969,267.6700134277344,278.7900085449219,267.260009765625,278.7900085449219,23121800
2020-10-29,278.8819274902344,280.8299865722656,283.6000061035156,273.7799987792969,276.54998779296875,32368100
2020-10-30,261.2847900390625,263.1099853515625,276.70001220703125,259.1000061035156,274.5,47247800
2020-11-02,259.5469970703125,261.3599853515625,270.4700012207031,257.3399963378906,264.6000061035156,27165700
2020-11-03,263.4596252441406,265.29998779296875,270.04998779296875,260.8800048828125,263.1600036621094,17961900
2020-11-04,285.3865051269531,287.3800048828125,288.94000244140625,278.6199951171875,281.0,35364400
2020-11-05,292.6358337402344,294.67999267578125,297.3800048828125,288.95001220703125,291.8999938964844,23823600
2020-11-06,291.3746643066406,293.4100036621094,294.6000061035156,288.0599975585937,293.95001220703125,13891000
2020-11-09,276.836181640625,278.7699890136719,292.5799865722656,278.5299987792969,289.8699951171875,25117700
2020-11-10,270.5401916503906,272.42999267578125,274.0,264.0,273.1000061035156,29067700
2020-11-11,274.5621337890625,276.4800109863281,278.3999938964844,272.4800109863281,273.4700012207031,14957000
2020-11-12,273.1717834472656,275.0799865722656,279.75,274.42999267578125,277.17999267578125,12899500
2020-11-13,275.0288391113281,276.95001220703125,277.760009765625,273.1000061035156,277.7200012207031,10391200
2020-11-16,277.02490234375,278.9599914550781,279.4100036621094,274.6300048828125,275.04998779296875,12970400
2020-11-17,273.09234619140625,275.0,277.67999267578125,273.2900085449219,277.67999267578125,15040300
2020-11-18,270.0833435058594,271.9700012207031,277.3900146484375,271.8399963378906,274.5199890136719,12152900
2020-11-19,271.0466003417969,272.94000244140625,273.4700012207031,269.19000244140625,271.0199890136719,12963700
2020-11-20,267.82916259765625,269.70001220703125,273.0,269.4100036621094,272.5599975585937,18114700
2020-11-23,266.5679626464844,268.42999267578125,270.95001220703125,264.5299987792969,270.8900146484375,20990800
2020-11-24,274.9990234375,276.9200134277344,277.82000732421875,267.8699951171875,268.489990234375,16930400
2020-11-25,273.67828369140625,275.5899963378906,280.17999267578125,272.6499938964844,278.1400146484375,12467000
2020-11-27,275.88287353515625,277.8099975585937,279.1300048828125,274.82000732421875,277.3900146484375,7808400
2020-11-30,275.0486755371094,276.9700012207031,277.70001220703125,271.010009765625,276.0299987792969,16693300
2020-12-01,284.5622253417969,286.54998779296875,289.29998779296875,278.9599914550781,279.1600036621094,20738900
2020-12-02,285.5255126953125,287.5199890136719,291.7799987792969,280.8299865722656,285.3599853515625,17361600
2020-12-03,279.89483642578125,281.8500061035156,286.6499938964844,281.07000732421875,286.25,12921700
2020-12-04,277.759765625,279.70001220703125,283.4599914550781,279.29998779296875,280.29998779296875,10880300
2020-12-07,283.5989685058594,285.5799865722656,288.489990234375,278.20001220703125,279.19000244140625,13007700
2020-12-08,281.43408203125,283.3999938964844,286.42999267578125,281.54998779296875,286.010009765625,10747700
2020-12-09,275.9921264648437,277.9200134277344,287.6300048828125,271.75,283.6600036621094,25189700
2020-12-10,275.1976318359375,277.1199951171875,278.7300109863281,271.8599853515625,275.5400085449219,20065100
2020-12-11,271.6523742675781,273.54998779296875,276.4800109863281,270.25,274.5299987792969,14391400
2020-12-14,272.2879638671875,274.19000244140625,277.2200012207031,271.5599975585937,273.3699951171875,16376900
2020-12-15,273.6385803222656,275.54998779296875,276.0799865722656,267.4700012207031,274.8299865722656,23979500
2020-12-16,273.7577209472656,275.6700134277344,277.8599853515625,272.510009765625,274.760009765625,15885000
2020-12-17,272.57598876953125,274.4800109863281,280.44000244140625,273.6099853515625,277.07000732421875,16377800
2020-12-18,274.4826354980469,276.3999938964844,278.0,271.1400146484375,275.7699890136719,26693200
2020-12-21,270.8976745605469,272.7900085449219,274.6700134277344,267.7900085449219,272.9800109863281,16553700
2020-12-22,265.2372436523437,267.0899963378906,271.5,264.6300048828125,271.5,17312900
2020-12-23,266.2501525878906,268.1099853515625,272.1700134277344,266.2300109863281,266.8900146484375,14329000
2020-12-24,265.5450744628906,267.3999938964844,270.3999938964844,266.20001220703125,268.8800048828125,6702000
2020-12-28,275.0785217285156,277.0,277.29998779296875,265.6600036621094,268.739990234375,23299700
2020-12-29,274.8600158691406,276.7799987792969,280.510009765625,276.2799987792969,276.95001220703125,16383000
2020-12-30,269.9841003417969,271.8699951171875,278.0799865722656,271.7099914550781,277.95001220703125,11803800
2020-12-31,271.2651672363281,273.1600036621094,277.0899963378906,269.8099975585937,272.0,12900400
