,unnamed:0,unnamed:0,date,adjclose,close,high,low,open,volume
0,0,0,2020-01-02,152.5056915283203,160.6199951171875,160.72999572753906,158.3300018310547,158.77999877929688,22622100
1,1,1,2020-01-03,150.60671997070312,158.6199951171875,159.9499969482422,158.05999755859375,158.32000732421875,21116200
2,2,2,2020-01-06,150.99600219726562,159.02999877929688,159.10000610351562,156.50999450683594,157.0800018310547,20813700
3,3,3,2020-01-07,149.61924743652344,157.5800018310547,159.6699981689453,157.32000732421875,159.32000732421875,21634100
4,4,4,2020-01-08,152.00247192382812,160.08999633789062,160.8000030517578,157.9499969482422,158.92999267578125,27746500
5,5,5,2020-01-09,153.90142822265625,162.08999633789062,162.22000122070312,161.02999877929688,161.83999633789062,21385000
6,6,6,2020-01-10,153.1893310546875,161.33999633789062,163.22000122070312,161.17999267578125,162.82000732421875,20725900
7,7,7,2020-01-13,155.0313262939453,163.27999877929688,163.30999755859375,161.25999450683594,161.75999450683594,21626500
8,8,8,2020-01-14,153.9394073486328,162.1300048828125,163.60000610351562,161.72000122070312,163.38999938964844,23477400
9,9,9,2020-01-15,154.9363555908203,163.17999267578125,163.94000244140625,162.57000732421875,162.6199951171875,21417900
10,10,10,2020-01-16,157.7753448486328,166.1699981689453,166.24000549316406,164.02999877929688,164.35000610351562,23865400
11,11,11,2020-01-17,158.6583251953125,167.10000610351562,167.47000122070312,165.42999267578125,167.4199981689453,34371700
12,12,12,2020-01-21,158.0886688232422,166.5,168.19000244140625,166.42999267578125,166.67999267578125,29517200
13,13,13,2020-01-22,157.3291015625,165.6999969482422,167.49000549316406,165.67999267578125,167.39999389648438,24138800
14,14,14,2020-01-23,158.2975311279297,166.72000122070312,166.8000030517578,165.27000427246094,166.19000244140625,19680800
15,15,15,2020-01-24,156.70237731933594,165.0399932861328,167.52999877929688,164.4499969482422,167.50999450683594,24918100
16,16,16,2020-01-27,154.0818328857422,162.27999877929688,163.3800048828125,160.1999969482422,161.14999389648438,32078100
17,17,17,2020-01-28,157.1011962890625,165.4600067138672,165.75999450683594,163.07000732421875,163.77999877929688,24899900
18,18,18,2020-01-29,159.55081176757812,168.0399932861328,168.75,165.69000244140625,167.83999633789062,34754500
19,19,19,2020-01-30,164.05137634277344,172.77999877929688,174.0500030517578,170.7899932861328,174.0500030517578,51597500
20,20,20,2020-01-31,161.63021850585938,170.22999572753906,172.39999389648438,169.5800018310547,172.2100067138672,36142700
21,21,21,2020-02-03,165.57057189941406,174.3800048828125,174.5,170.39999389648438,170.42999267578125,30107000
22,22,22,2020-02-04,171.02061462402344,180.1199951171875,180.63999938964844,176.30999755859375,177.13999938964844,36433300
23,23,23,2020-02-05,170.8116455078125,179.89999389648438,184.1999969482422,178.41000366210938,184.02999877929688,39186300
24,24,24,2020-02-06,174.35324096679688,183.6300048828125,183.82000732421875,180.05999755859375,180.97000122070312,27751400
25,25,25,2020-02-07,174.60012817382812,183.88999938964844,185.6300048828125,182.47999572753903,182.8500061035156,33529100
26,26,26,2020-02-10,179.16712951660156,188.6999969482422,188.83999633789065,183.25,183.5800018310547,35844300
27,27,27,2020-02-11,175.12234497070312,184.44000244140625,190.6999969482422,183.5,190.6499938964844,53159900
28,28,28,2020-02-12,175.3787078857422,184.7100067138672,185.8500061035156,181.8500061035156,185.5800018310547,47062900
29,29,29,2020-02-13,174.42921447753906,183.7100067138672,186.22999572753903,182.8699951171875,183.0800018310547,35295800
30,30,30,2020-02-14,175.98635864257812,185.3500061035156,185.4100036621093,182.6499938964844,183.25,23149500
31,31,31,2020-02-18,177.77137756347656,187.22999572753903,187.6999969482422,185.5,185.6100006103516,27792200
32,32,32,2020-02-19,178.30455017089844,187.27999877929688,188.17999267578125,186.47000122070312,188.0599975585937,29997500
33,33,33,2020-02-20,175.5815887451172,184.4199981689453,187.25,181.1000061035156,186.9499969482422,36862400
34,34,34,2020-02-21,170.031005859375,178.58999633789062,183.5,177.25,183.1699981689453,48572600
35,35,35,2020-02-24,162.70005798339844,170.88999938964844,174.5500030517578,163.22999572753906,167.77000427246094,68311100
36,36,36,2020-02-25,160.0152130126953,168.07000732421875,174.83999633789062,167.64999389648438,174.1999969482422,68073300
37,37,37,2020-02-26,162.01455688476562,170.1699981689453,173.25999450683594,168.2100067138672,169.7100067138672,56206100
38,38,38,2020-02-27,150.59918212890625,158.17999267578125,167.02999877929688,157.97999572753906,163.32000732421875,93174900
39,39,39,2020-02-28,154.24560546875,162.00999450683594,163.7100067138672,152.0,152.41000366210938,97012700
40,40,40,2020-03-02,164.50900268554688,172.7899932861328,172.9199981689453,162.30999755859375,165.30999755859375,71030800
41,41,41,2020-03-03,156.6258087158203,164.50999450683594,175.0,162.25999450683594,173.8000030517578,71677000
42,42,42,2020-03-04,162.37635803222656,170.5500030517578,170.6999969482422,165.6199951171875,168.49000549316406,49814400
43,43,43,2020-03-05,158.30148315429688,166.27000427246094,170.8699951171875,165.69000244140625,166.0500030517578,47817300
44,44,44,2020-03-06,153.82672119140625,161.57000732421875,163.11000061035156,156.0,162.61000061035156,72821100
45,45,45,2020-03-09,143.40150451660156,150.6199951171875,157.75,150.0,151.0,70419300
46,46,46,2020-03-10,153.20785522460938,160.9199981689453,161.02999877929688,152.5800018310547,158.16000366210938,65354400
47,47,47,2020-03-11,146.2672576904297,153.6300048828125,157.6999969482422,151.14999389648438,157.1300048828125,56371600
48,48,48,2020-03-12,132.39553833007812,139.05999755859375,153.47000122070312,138.5800018310547,145.3000030517578,93226400
49,49,49,2020-03-13,151.21800231933594,158.8300018310547,161.91000366210938,140.72999572753906,147.5,92727400
50,50,50,2020-03-16,128.92991638183594,135.4199981689453,149.35000610351562,135.0,140.0,87905900
51,51,51,2020-03-17,139.54554748535156,146.57000732421875,147.5,135.0,140.0,81059800
52,52,52,2020-03-18,133.67127990722656,140.39999389648438,146.0,135.02000427246094,138.0,81593200
53,53,53,2020-03-19,135.87062072753906,142.7100067138672,150.14999389648438,139.0,142.77000427246094,85922700
54,54,54,2020-03-20,130.76747131347656,137.35000610351562,147.10000610351562,135.86000061035156,146.0,84866200
55,55,55,2020-03-23,129.46311950683594,135.97999572753906,140.57000732421875,132.52000427246094,137.00999450683594,78975200
56,56,56,2020-03-24,141.23072814941406,148.33999633789062,149.60000610351562,141.27000427246094,143.75,82516700
57,57,57,2020-03-25,139.8788299560547,146.9199981689453,154.3300018310547,144.44000244140625,148.91000366210938,75638200
58,58,58,2020-03-26,148.6283721923828,156.11000061035156,156.66000366210938,148.3699951171875,148.39999389648438,64568100
59,59,59,2020-03-27,142.52552795410156,149.6999969482422,154.88999938964844,149.1999969482422,151.75,57042300
60,60,60,2020-03-30,152.5509033203125,160.22999572753906,160.60000610351562,150.00999450683594,152.44000244140625,63420300
61,61,61,2020-03-31,150.1517333984375,157.7100067138672,164.77999877929688,156.55999755859375,159.39999389648438,77927200
62,62,62,2020-04-01,144.820068359375,152.11000061035156,157.75,150.82000732421875,153.0,57969900
63,63,63,2020-04-02,147.819091796875,155.25999450683594,155.47999572753906,150.36000061035156,151.86000061035156,49630700
64,64,64,2020-04-03,146.45765686035156,153.8300018310547,157.3800048828125,152.19000244140625,155.10000610351562,41243300
65,65,65,2020-04-06,157.34938049316406,165.27000427246094,166.5,157.5800018310547,160.32000732421875,67111700
66,66,66,2020-04-07,155.65467834472656,163.49000549316406,170.0,163.25999450683594,169.58999633789062,62769000
67,67,67,2020-04-08,157.21607971191406,165.1300048828125,166.6699981689453,163.5,165.6699981689453,48318200
68,68,68,2020-04-09,157.2255859375,165.13999938964844,167.3699951171875,163.3300018310547,166.36000061035156,51385100
69,69,69,2020-04-13,157.57786560058594,165.50999450683594,165.57000732421875,162.3000030517578,164.35000610351562,41905300
70,70,70,2020-04-14,165.3753662109375,173.6999969482422,173.75,168.0,169.0,52874300
71,71,71,2020-04-15,163.642578125,171.8800048828125,173.57000732421875,169.24000549316406,171.1999969482422,40940800
72,72,72,2020-04-16,168.55532836914062,177.0399932861328,177.27999877929688,172.89999389648438,174.3000030517578,50479600
73,73,73,2020-04-17,170.04054260253906,178.60000610351562,180.0,175.8699951171875,179.5,52765600
74,74,74,2020-04-20,166.6702117919922,175.05999755859375,178.75,174.99000549316406,176.6300048828125,36669600
75,75,75,2020-04-21,159.77716064453125,167.82000732421875,173.6699981689453,166.11000061035156,173.5,56203700
76,76,76,2020-04-22,165.2040252685547,173.52000427246094,174.0,170.82000732421875,171.38999938964844,34620200
77,77,77,2020-04-23,163.2046661376953,171.4199981689453,175.05999755859375,170.91000366210938,174.11000061035156,32790800
78,78,78,2020-04-24,166.1846160888672,174.5500030517578,174.55999755859375,170.7100067138672,172.05999755859375,34277600
79,79,79,2020-04-27,165.70863342285156,174.0500030517578,176.89999389648438,173.3000030517578,176.58999633789062,33194400
80,80,80,2020-04-28,161.67184448242188,169.80999755859375,175.6699981689453,169.38999938964844,175.58999633789062,34392700
81,81,81,2020-04-29,168.9265899658203,177.42999267578125,177.67999267578125,171.8800048828125,173.22000122070312,51286600
82,82,82,2020-04-30,170.62132263183594,179.2100067138672,180.3999938964844,176.22999572753906,180.0,53875900
83,83,83,2020-05-01,166.2036895751953,174.57000732421875,178.63999938964844,174.00999450683594,175.8000030517578,39370500
84,84,84,2020-05-04,170.26902770996094,178.83999633789062,179.0,173.8000030517578,174.49000549316406,30372900
85,85,85,2020-05-05,172.0970001220703,180.759994506836,183.6499938964844,179.89999389648438,180.6199951171875,36839200
86,86,86,2020-05-06,173.79171752929688,182.5399932861328,184.1999969482422,181.6300048828125,182.0800018310547,32139300
87,87,87,2020-05-07,174.8009033203125,183.6000061035156,184.5500030517578,182.5800018310547,184.1699981689453,28316000
88,88,88,2020-05-08,175.82911682128906,184.67999267578125,185.0,183.3600006103516,184.97999572753903,30877800
89,89,89,2020-05-11,177.7904052734375,186.7400054931641,187.509994506836,182.8500061035156,183.1499938964844,30892700
90,90,90,2020-05-12,173.76315307617188,182.509994506836,187.0399932861328,182.3000030517578,186.8000030517578,32038200
91,91,91,2020-05-13,171.13543701171875,179.75,184.0500030517578,176.5399932861328,182.5500030517578,44711500
92,92,92,2020-05-14,171.87802124023438,180.52999877929688,180.69000244140625,175.67999267578125,177.5399932861328,41873900
93,93,93,2020-05-15,174.38201904296875,183.1600036621093,187.0599975585937,177.0,179.05999755859375,46610400
94,94,94,2020-05-18,176.04812622070312,184.9100036621093,186.1999969482422,183.9600067138672,185.75,35264500
95,95,95,2020-05-19,174.82949829101562,183.6300048828125,186.6000061035156,183.4900054931641,185.02999877929688,26799100
96,96,96,2020-05-20,177.25448608398438,185.6600036621093,185.8500061035156,183.94000244140625,184.8099975585937,31261300
97,97,97,2020-05-21,175.1254425048828,183.42999267578125,186.6699981689453,183.2899932861328,185.3999938964844,29119500
98,98,98,2020-05-22,175.20176696777344,183.509994506836,184.4600067138672,182.5399932861328,183.19000244140625,20826900
99,99,99,2020-05-26,173.34967041015625,181.57000732421875,186.5,181.1000061035156,186.33999633789065,36073600
100,100,100,2020-05-27,173.5787811279297,181.8099975585937,181.9900054931641,176.60000610351562,180.1999969482422,39517100
101,101,101,2020-05-28,173.18736267089844,181.3999938964844,184.1499938964844,180.3800048828125,180.7400054931641,33810200
102,102,102,2020-05-29,174.95359802246094,183.25,184.2700042724609,180.4100036621093,182.72999572753903,42130400
103,103,103,2020-06-01,174.5526123046875,182.8300018310547,183.0,181.4600067138672,182.5399932861328,22622400
104,104,104,2020-06-02,176.53848266601562,184.9100036621093,185.0,181.3500061035156,184.25,30794600
105,105,105,2020-06-03,176.96807861328125,185.3600006103516,185.94000244140625,183.5800018310547,184.82000732421875,27311000
106,106,106,2020-06-04,174.63856506347656,182.9199981689453,185.83999633789065,182.3000030517578,184.3000030517578,28761800
107,107,107,2020-06-05,178.7247772216797,187.1999969482422,187.72999572753903,182.009994506836,182.6199951171875,39893600
108,108,108,2020-06-08,179.83226013183594,188.3600006103516,188.5500030517578,184.44000244140625,185.94000244140625,33211600
109,109,109,2020-06-09,181.20704650878903,189.8000030517578,190.6999969482422,187.259994506836,188.0,29783900
110,110,110,2020-06-10,187.9283447265625,196.83999633789065,198.5200042724609,191.009994506836,191.1300048828125,43872300
111,111,111,2020-06-11,177.8368682861328,186.2700042724609,195.759994506836,186.07000732421875,193.1300048828125,52854700
112,112,112,2020-06-12,179.24034118652344,187.7400054931641,191.72000122070312,185.17999267578125,190.5399932861328,43373600
113,113,113,2020-06-15,180.385986328125,188.94000244140625,190.82000732421875,184.009994506836,184.5800018310547,32770200
114,114,114,2020-06-16,184.806396484375,193.57000732421875,195.5800018310547,191.4600067138672,192.88999938964844,42556700
115,115,115,2020-06-17,185.446029663086,194.2400054931641,196.32000732421875,193.69000244140625,195.02999877929688,25687800
116,116,116,2020-06-18,187.431869506836,196.32000732421875,196.4900054931641,194.0,194.0,23061600
117,117,117,2020-06-19,186.31483459472656,195.1499938964844,199.2899932861328,194.3699951171875,198.58999633789065,44441100
118,118,118,2020-06-22,191.4894561767578,200.57000732421875,200.759994506836,195.22999572753903,195.7899932861328,32818900
119,119,119,2020-06-23,192.768798828125,201.9100036621093,203.9499969482422,201.42999267578125,202.08999633789065,30917400
120,120,120,2020-06-24,188.8830718994141,197.83999633789065,203.25,196.5599975585937,201.6000061035156,36740600
121,121,121,2020-06-25,191.26988220214844,200.33999633789065,200.6100006103516,195.47000122070312,197.8000030517578,27803900
122,122,122,2020-06-26,187.44143676757807,196.3300018310547,199.88999938964844,194.8800048828125,199.72999572753903,54675800
123,123,123,2020-06-29,189.4559020996093,198.44000244140625,198.52999877929688,193.5500030517578,195.77999877929688,26701600
124,124,124,2020-06-30,194.2963256835937,203.509994506836,204.3999938964844,197.7400054931641,197.8800048828125,34310300
125,125,125,2020-07-01,195.4324645996093,204.6999969482422,206.3500061035156,201.7700042724609,203.13999938964844,32061200
126,126,126,2020-07-02,196.9218292236328,206.259994506836,208.0200042724609,205.0,205.67999267578125,29315800
127,127,127,2020-07-06,201.160873413086,210.6999969482422,211.1300048828125,208.08999633789065,208.8300018310547,31897600
128,128,128,2020-07-07,198.8217163085937,208.25,214.6699981689453,207.9900054931641,210.4499969482422,33600700
129,129,129,2020-07-08,203.1943817138672,212.8300018310547,213.259994506836,208.69000244140625,210.07000732421875,33600000
130,130,130,2020-07-09,204.616928100586,214.32000732421875,216.3800048828125,211.47000122070312,216.3300018310547,33121700
131,131,131,2020-07-10,203.9963836669922,213.6699981689453,214.0800018310547,211.0800018310547,213.6199951171875,26177600
132,132,132,2020-07-13,197.6951904296875,207.07000732421875,215.8000030517578,206.5,214.47999572753903,38135600
133,133,133,2020-07-14,198.91720581054688,208.3500061035156,208.8500061035156,202.02999877929688,206.1300048828125,37591800
134,134,134,2020-07-15,198.6212310791016,208.0399932861328,211.3300018310547,205.02999877929688,209.5599975585937,32179400
135,135,135,2020-07-16,194.68777465820312,203.9199981689453,205.6999969482422,202.3099975585937,205.3999938964844,29940700
136,136,136,2020-07-17,193.69488525390625,202.8800048828125,205.0399932861328,201.38999938964844,204.47000122070312,31635300
137,137,137,2020-07-20,202.02012634277344,211.6000061035156,212.3000030517578,203.009994506836,205.0,36884800
138,138,138,2020-07-21,199.2991180419922,208.75,213.94000244140625,208.02999877929688,213.6600036621093,37990400
139,139,139,2020-07-22,202.16329956054688,211.75,212.3000030517578,208.38999938964844,209.1999969482422,49605700
140,140,140,2020-07-23,193.3702850341797,202.5399932861328,210.9199981689453,202.1499938964844,207.19000244140625,67457000
141,141,141,2020-07-24,192.1864013671875,201.3000030517578,202.8600006103516,197.509994506836,200.4199981689453,39827000
142,142,142,2020-07-27,194.6209411621093,203.8500061035156,203.97000122070312,200.8600006103516,201.47000122070312,30160900
143,143,143,2020-07-28,192.87384033203125,202.0200042724609,204.6999969482422,201.7400054931641,203.6100006103516,23251400
144,144,144,2020-07-29,194.82147216796875,204.0599975585937,204.6499938964844,202.009994506836,202.5,19632600
145,145,145,2020-07-30,194.66867065429688,203.8999938964844,204.4600067138672,199.57000732421875,201.0,25079600
146,146,146,2020-07-31,195.72840881347656,205.009994506836,205.1000061035156,199.009994506836,204.3999938964844,51044000
147,147,147,2020-08-03,206.7364044189453,216.5399932861328,217.63999938964844,210.44000244140625,211.5200042724609,78983000
148,148,148,2020-08-04,203.6335601806641,213.2899932861328,214.7700042724609,210.3099975585937,214.1699981689453,49280100
149,149,149,2020-08-05,203.2994079589844,212.94000244140625,215.0,211.57000732421875,214.8999938964844,28806400
150,150,150,2020-08-06,206.5550231933593,216.3500061035156,216.3699951171875,211.5500030517578,212.33999633789065,32656800
151,151,151,2020-08-07,202.8602752685547,212.47999572753903,215.6999969482422,210.92999267578125,214.8500061035156,27820400
152,152,152,2020-08-10,198.8217163085937,208.25,211.8800048828125,206.3500061035156,211.6699981689453,36716500
153,153,153,2020-08-11,194.1722412109375,203.3800048828125,207.6499938964844,203.13999938964844,207.1600036621093,36446500
154,154,154,2020-08-12,199.7191619873047,209.19000244140625,210.27999877929688,204.75,205.2899932861328,28013100
155,155,155,2020-08-13,199.2513732910156,208.6999969482422,211.3500061035156,208.1499938964844,209.44000244140625,22588900
156,156,156,2020-08-14,199.4422912597656,208.8999938964844,209.58999633789065,207.509994506836,208.759994506836,17958900
157,157,157,2020-08-17,200.7598419189453,210.27999877929688,211.19000244140625,208.9199981689453,209.6000061035156,20184800
158,158,158,2020-08-18,201.91506958007807,211.4900054931641,212.3600006103516,209.2100067138672,210.52999877929688,21336200
159,159,159,2020-08-19,200.6900634765625,209.6999969482422,212.1000061035156,209.25,211.4900054931641,27627600
160,160,160,2020-08-20,205.36041259765625,214.5800018310547,215.0,208.9100036621093,209.5399932861328,26981500
161,161,161,2020-08-21,203.867416381836,213.0200042724609,216.25,212.8500061035156,213.8600006103516,36249300
162,162,162,2020-08-24,204.50865173339844,213.69000244140625,215.5200042724609,212.42999267578125,214.7899932861328,25460100
163,163,163,2020-08-25,207.1692047119141,216.47000122070312,216.6100006103516,213.1000061035156,213.1000061035156,23043700
164,164,164,2020-08-26,211.6481475830078,221.1499938964844,222.08999633789065,217.3600006103516,217.8800048828125,39600800
165,165,165,2020-08-27,216.84478759765625,226.5800018310547,231.1499938964844,219.3999938964844,222.88999938964844,57602200
166,166,166,2020-08-28,219.0746917724609,228.9100036621093,230.63999938964844,226.5800018310547,228.17999267578125,26292900
167,167,167,2020-08-31,215.8399353027344,225.52999877929688,228.6999969482422,224.3099975585937,227.0,28774200
168,168,168,2020-09-01,217.50518798828125,227.2700042724609,227.4499969482422,224.42999267578125,225.509994506836,25725500
169,169,169,2020-09-02,221.6969757080078,231.6499938964844,232.8600006103516,227.3500061035156,227.97000122070312,34080800
170,170,170,2020-09-03,207.96353149414065,217.3000030517578,229.3099975585937,214.9600067138672,229.2700042724609,58400300
171,171,171,2020-09-04,205.04458618164065,214.25,218.3600006103516,205.19000244140625,215.1000061035156,59664100
172,172,172,2020-09-08,193.9525756835937,202.6600036621093,210.02999877929688,202.1999969482422,206.5,52924300
173,173,173,2020-09-09,202.2117462158203,211.2899932861328,214.83999633789065,206.6999969482422,207.6000061035156,45679000
174,174,174,2020-09-10,196.546127319336,205.3699951171875,214.7400054931641,204.1100006103516,213.3999938964844,35461500
175,175,175,2020-09-11,195.26364135742188,204.02999877929688,208.6300048828125,201.2400054931641,207.1999969482422,33620100
176,176,176,2020-09-14,196.5843963623047,205.4100036621093,209.1999969482422,204.02999877929688,204.2400054931641,30375800
177,177,177,2020-09-15,199.80960083007807,208.77999877929688,209.77999877929688,206.92999267578125,208.4199981689453,21823900
178,178,178,2020-09-16,196.23989868164065,205.0500030517578,210.6499938964844,204.63999938964844,210.6199951171875,26328100
179,179,179,2020-09-17,194.1917724609375,202.9100036621093,204.3300018310547,199.9600067138672,200.0500030517578,34011300
180,180,180,2020-09-18,191.7800750732422,200.38999938964844,203.6499938964844,196.25,202.8000030517578,55225300
181,181,181,2020-09-21,193.83770751953125,202.5399932861328,202.7100067138672,196.3800048828125,197.19000244140625,39839700
182,182,182,2020-09-22,198.50802612304688,207.4199981689453,208.1000061035156,202.0800018310547,205.0599975585937,33517100
183,183,183,2020-09-23,191.97146606445312,200.58999633789065,208.1000061035156,200.02999877929688,207.8999938964844,30803800
184,184,184,2020-09-24,194.45977783203125,203.19000244140625,205.57000732421875,199.1999969482422,199.8500061035156,31202500
185,185,185,2020-09-25,198.890853881836,207.82000732421875,209.0399932861328,202.5399932861328,203.5500030517578,29437300
186,186,186,2020-09-28,200.4412078857422,209.44000244140625,212.57000732421875,208.0599975585937,210.8800048828125,32004900
187,187,187,2020-09-29,198.3549194335937,207.259994506836,210.07000732421875,206.8099975585937,209.3500061035156,24221900
188,188,188,2020-09-30,201.29298400878903,210.3300018310547,211.97999572753903,206.5399932861328,207.72999572753903,33829100
189,189,189,2020-10-01,203.3314819335937,212.4600067138672,213.9900054931641,211.32000732421875,213.4900054931641,27158400
190,190,190,2020-10-02,197.3308563232422,206.19000244140625,210.9900054931641,205.5399932861328,208.0,33154800
191,191,191,2020-10-05,201.3408660888672,210.3800048828125,210.4100036621093,206.97999572753903,207.22000122070312,21331600
192,192,192,2020-10-06,197.0628967285156,205.9100036621093,210.17999267578125,204.82000732421875,208.82000732421875,28554300
193,193,193,2020-10-07,200.8144989013672,209.8300018310547,210.1100006103516,206.72000122070312,207.0599975585937,25681100
194,194,194,2020-10-08,201.5322723388672,210.5800018310547,211.19000244140625,208.32000732421875,210.509994506836,19925800
195,195,195,2020-10-09,206.5375823974609,215.8099975585937,215.8600006103516,211.22999572753903,211.22999572753903,26458000
196,196,196,2020-10-12,211.88735961914065,221.3999938964844,223.8600006103516,216.8099975585937,218.7899932861328,40461400
197,197,197,2020-10-13,213.2846069335937,222.8600006103516,225.2100067138672,220.42999267578125,222.72000122070312,28950800
198,198,198,2020-10-14,211.37057495117188,220.8600006103516,224.22000122070312,219.1300048828125,223.0,23421700
199,199,199,2020-10-15,210.22216796875,219.6600036621093,220.3600006103516,216.009994506836,217.1000061035156,22733100
200,200,200,2020-10-16,210.22216796875,219.6600036621093,222.2899932861328,219.32000732421875,220.1499938964844,26057900
201,201,201,2020-10-19,205.015869140625,214.22000122070312,222.3000030517578,213.72000122070312,220.4199981689453,27625800
202,202,202,2020-10-20,205.42739868164065,214.6499938964844,217.3699951171875,213.08999633789065,215.8000030517578,22753500
203,203,203,2020-10-21,205.5708923339844,214.8000030517578,216.9199981689453,213.1199951171875,213.1199951171875,22724900
204,204,204,2020-10-22,205.6570739746093,214.88999938964844,216.0599975585937,211.6999969482422,213.92999267578125,22351500
205,205,205,2020-10-23,206.9394989013672,216.22999572753903,216.27999877929688,213.1600036621093,215.02999877929688,18879600
206,206,206,2020-10-26,201.05377197265625,210.0800018310547,216.33999633789065,208.1000061035156,213.8500061035156,37111600
207,207,207,2020-10-27,204.0875244140625,213.25,214.6699981689453,210.3300018310547,211.58999633789065,36700300
208,208,208,2020-10-28,193.9716644287109,202.67999267578125,208.83999633789065,202.1000061035156,207.6699981689453,51195600
209,209,209,2020-10-29,195.92404174804688,204.72000122070312,207.3600006103516,203.3699951171875,204.07000732421875,31432600
210,210,210,2020-10-30,193.77069091796875,202.47000122070312,204.2899932861328,199.6199951171875,203.5,36953700
211,211,211,2020-11-02,193.6367645263672,202.3300018310547,205.27999877929688,200.1199951171875,204.2899932861328,30842200
212,212,212,2020-11-03,197.56057739257807,206.42999267578125,208.1199951171875,203.1199951171875,203.88999938964844,27512000
213,213,213,2020-11-04,207.09263610839844,216.38999938964844,218.32000732421875,212.4199981689453,214.0200042724609,42311800
214,214,214,2020-11-05,213.69618225097656,223.2899932861328,224.1199951171875,221.1499938964844,222.0399932861328,36080100
215,215,215,2020-11-06,214.1076812744141,223.72000122070312,224.3600006103516,218.02999877929688,222.259994506836,25231900
216,216,216,2020-11-09,209.0066833496093,218.38999938964844,228.1199951171875,217.8800048828125,224.44000244140625,44395000
217,217,217,2020-11-10,201.9437866210937,211.009994506836,216.5,209.72000122070312,214.5,44045100
218,218,218,2020-11-11,207.24575805664065,216.5500030517578,218.0399932861328,212.1999969482422,212.38999938964844,29440800
219,219,219,2020-11-12,206.18345642089844,215.44000244140625,219.1100006103516,214.4600067138672,217.2100067138672,21593900
220,220,220,2020-11-13,207.2074737548828,216.509994506836,217.4199981689453,214.1600036621093,216.3600006103516,18621100
221,221,221,2020-11-16,207.8965606689453,217.22999572753903,217.7400054931641,214.5200042724609,214.8699951171875,24953300
222,222,222,2020-11-17,205.24557495117188,214.4600067138672,217.67999267578125,214.0800018310547,216.1000061035156,24154100
223,223,223,2020-11-18,202.5396423339844,211.0800018310547,215.1699981689453,210.92999267578125,213.6499938964844,28372800
224,224,224,2020-11-19,203.825424194336,212.4199981689453,213.02999877929688,209.92999267578125,211.3800048828125,24792700
225,225,225,2020-11-20,201.8775634765625,210.38999938964844,213.2899932861328,210.0,212.1999969482422,22843100
226,226,226,2020-11-23,201.60888671875,210.1100006103516,212.2899932861328,208.1600036621093,210.9499969482422,25683500
227,227,227,2020-11-24,205.20721435546875,213.8600006103516,214.25,208.8600006103516,209.58999633789065,33979700
228,228,228,2020-11-25,205.216796875,213.8699951171875,215.2899932861328,212.4600067138672,215.1100006103516,21012900
229,229,229,2020-11-27,206.52175903320312,215.22999572753903,216.2700042724609,214.0399932861328,214.8500061035156,14512200
230,230,230,2020-11-30,205.40870666503903,214.07000732421875,214.759994506836,210.83999633789065,214.1000061035156,33064800
231,231,231,2020-12-01,207.4621124267578,216.2100067138672,217.32000732421875,213.3500061035156,214.509994506836,30904500
232,232,232,2020-12-02,206.6560821533203,215.3699951171875,215.47000122070312,212.8000030517578,214.8800048828125,23724500
233,233,233,2020-12-03,205.57177734375,214.2400054931641,216.3800048828125,213.6499938964844,214.6100006103516,25120900
234,234,234,2020-12-04,205.6869506835937,214.3600006103516,215.3800048828125,213.17999267578125,214.22000122070312,24666000
235,235,235,2020-12-07,205.6197662353516,214.2899932861328,215.5399932861328,212.9900054931641,214.3699951171875,24620000
236,236,236,2020-12-08,207.27017211914065,216.009994506836,216.9499969482422,212.88999938964844,213.97000122070312,23284100
237,237,237,2020-12-09,203.23052978515625,211.8000030517578,215.22999572753903,211.2100067138672,215.1600036621093,32440600
238,238,238,2020-12-10,202.00230407714844,210.5200042724609,213.0800018310547,210.3600006103516,211.7700042724609,26733300
239,239,239,2020-12-11,204.63145446777344,213.259994506836,213.32000732421875,209.1100006103516,210.0500030517578,30979400
240,240,240,2020-12-14,205.53341674804688,214.1999969482422,216.2100067138672,212.8800048828125,213.1000061035156,28798400
241,241,241,2020-12-15,205.4662475585937,214.1300048828125,215.4199981689453,212.2400054931641,215.1699981689453,27000600
242,242,242,2020-12-16,210.4078826904297,219.27999877929688,220.1100006103516,214.72000122070312,214.75,35023300
243,243,243,2020-12-17,210.542221069336,219.4199981689453,220.88999938964844,217.9199981689453,219.8699951171875,32515800
244,244,244,2020-12-18,209.74578857421875,218.58999633789065,219.69000244140625,216.0200042724609,218.58999633789065,63354900
245,245,245,2020-12-21,213.5839691162109,222.58999633789065,224.0,217.27999877929688,217.5500030517578,37181900
246,246,246,2020-12-22,214.87936401367188,223.94000244140625,225.6300048828125,221.8500061035156,222.69000244140625,22612200
247,247,247,2020-12-23,212.0774841308593,221.0200042724609,223.5599975585937,220.8000030517578,223.1100006103516,18699600
248,248,248,2020-12-24,213.73751831054688,222.75,223.6100006103516,221.1999969482422,221.4199981689453,10550600
249,249,249,2020-12-28,215.8580780029297,224.9600067138672,226.02999877929688,223.0200042724609,224.4499969482422,17933500
250,250,250,2020-12-29,215.08084106445312,224.1499938964844,227.17999267578125,223.5800018310547,226.3099975585937,17403200
251,251,251,2020-12-30,212.7107391357422,221.67999267578125,225.6300048828125,221.47000122070312,225.22999572753903,20272300
252,252,252,2020-12-31,213.4208526611328,222.4199981689453,223.0,219.67999267578125,221.6999969482422,20942100
253,253,253,2021-01-04,208.88221740722656,217.69000244140625,223.0,214.8099975585937,222.52999877929688,37130100
254,254,254,2021-01-05,209.08370971679688,217.8999938964844,218.5200042724609,215.6999969482422,217.259994506836,23823000
255,255,255,2021-01-06,203.662338256836,212.25,216.4900054931641,211.94000244140625,212.1699981689453,35930700
256,256,256,2021-01-07,209.4579162597656,218.2899932861328,219.33999633789065,213.7100067138672,214.0399932861328,27694500
257,257,257,2021-01-08,210.7340850830078,219.6199951171875,220.5800018310547,217.02999877929688,218.67999267578125,22956200
258,258,258,2021-01-11,208.69032287597656,217.4900054931641,218.9100036621093,216.72999572753903,218.47000122070312,23031300
259,259,259,2021-01-12,206.2338409423828,214.92999267578125,217.1000061035156,213.32000732421875,216.5,23249300
260,260,260,2021-01-13,207.5868377685547,216.33999633789065,216.759994506836,213.92999267578125,214.0200042724609,20087100
261,261,261,2021-01-14,204.4011383056641,213.0200042724609,217.4600067138672,212.7400054931641,215.9100036621093,29480800
262,262,262,2021-01-15,204.04611206054688,212.6499938964844,214.509994506836,212.02999877929688,213.5200042724609,31746500
263,263,263,2021-01-19,207.6827850341797,216.44000244140625,216.97999572753903,212.6300048828125,213.75,30480900
264,264,264,2021-01-20,215.2631378173828,224.33999633789065,225.7899932861328,217.2899932861328,217.6999969482422,37777300
265,265,265,2021-01-21,215.86767578125,224.97000122070312,226.3000030517578,222.4199981689453,224.6999969482422,30709400
266,266,266,2021-01-22,216.8080139160156,225.9499969482422,230.07000732421875,225.8000030517578,227.0800018310547,30172700
267,267,267,2021-01-25,220.24319458007807,229.52999877929688,229.77999877929688,224.22000122070312,229.1199951171875,33152100
268,268,268,2021-01-26,222.92987060546875,232.3300018310547,234.17999267578125,230.0800018310547,231.8600006103516,49169600
269,269,269,2021-01-27,223.476806640625,232.8999938964844,240.44000244140625,230.13999938964844,238.0,69870600
270,270,270,2021-01-28,229.2628326416016,238.92999267578125,242.63999938964844,235.08999633789065,235.6100006103516,49111200
271,271,271,2021-01-29,222.5748443603516,231.9600067138672,238.0200042724609,231.3500061035156,235.9900054931641,42503100
272,272,272,2021-02-01,229.95372009277344,239.6499938964844,242.5,232.42999267578125,235.0599975585937,33314200
273,273,273,2021-02-02,229.81936645507807,239.509994506836,242.3099975585937,238.69000244140625,241.3000030517578,25916300
274,274,274,2021-02-03,233.16815185546875,243.0,245.08999633789065,239.259994506836,239.57000732421875,27158100
275,275,275,2021-02-04,232.21826171875,242.009994506836,243.2400054931641,240.3699951171875,242.6600036621093,25296100
276,276,276,2021-02-05,232.40054321289065,242.1999969482422,243.27999877929688,240.4199981689453,242.22999572753903,18054800
277,277,277,2021-02-08,232.65963745117188,242.47000122070312,243.67999267578125,240.8099975585937,243.1499938964844,22211900
278,278,278,2021-02-09,233.9069976806641,243.7700042724609,244.759994506836,241.3800048828125,241.8699951171875,23565000
279,279,279,2021-02-10,232.9954376220703,242.82000732421875,245.9199981689453,240.88999938964844,245.0,22186700
280,280,280,2021-02-11,234.59786987304688,244.4900054931641,245.1499938964844,242.1499938964844,244.77999877929688,15751100
281,281,281,2021-02-12,235.07765197753903,244.9900054931641,245.3000030517578,242.72999572753903,243.92999267578125,16561100
282,282,282,2021-02-16,233.8398284912109,243.6999969482422,246.1300048828125,242.9199981689453,245.02999877929688,26728500
283,283,283,2021-02-17,234.8592834472656,244.1999969482422,244.3099975585937,240.94000244140625,241.32000732421875,21653500
284,284,284,2021-02-18,234.4650115966797,243.7899932861328,243.92999267578125,240.8600006103516,241.8000030517578,16925600
285,285,285,2021-02-19,231.7528533935547,240.97000122070312,243.8600006103516,240.17999267578125,243.75,25262600
286,286,286,2021-02-22,225.5399475097656,234.509994506836,237.92999267578125,232.3999938964844,237.4199981689453,36446900
287,287,287,2021-02-23,224.3473358154297,233.2700042724609,234.8300018310547,228.72999572753903,230.3300018310547,30228700
288,288,288,2021-02-24,225.5784149169922,234.5500030517578,235.1999969482422,229.0,230.009994506836,26339700
289,289,289,2021-02-25,220.23106384277344,228.9900054931641,234.58999633789065,227.8800048828125,232.0800018310547,39542200
290,290,290,2021-02-26,223.4914093017578,232.3800048828125,235.3699951171875,229.5399932861328,231.52999877929688,37819200
291,291,291,2021-03-01,227.87698364257807,236.94000244140625,237.47000122070312,233.1499938964844,235.8999938964844,25324000
292,292,292,2021-03-02,224.9243927001953,233.8699951171875,237.3000030517578,233.4499969482422,237.009994506836,22812500
293,293,293,2021-03-03,218.8557891845703,227.5599975585937,233.5800018310547,227.259994506836,232.1600036621093,34029500
294,294,294,2021-03-04,218.05747985839844,226.72999572753903,232.4900054931641,224.259994506836,226.7400054931641,44727800
295,295,295,2021-03-05,222.74122619628903,231.6000061035156,233.2700042724609,226.4600067138672,229.5200042724609,41872800
296,296,296,2021-03-08,218.6923065185547,227.38999938964844,233.3699951171875,227.1300048828125,231.3699951171875,35267400
297,297,297,2021-03-09,224.8378753662109,233.77999877929688,235.3800048828125,231.6699981689453,232.8800048828125,33080500
298,298,298,2021-03-10,223.5299224853516,232.4199981689453,237.0,232.0399932861328,237.0,29746800
299,299,299,2021-03-11,228.05972290039065,237.1300048828125,239.1699981689453,234.3099975585937,234.9600067138672,29907600
300,300,300,2021-03-12,226.73252868652344,235.75,235.82000732421875,233.22999572753903,234.009994506836,22653700
301,301,301,2021-03-15,225.8284454345703,234.8099975585937,235.19000244140625,231.8099975585937,234.9600067138672,26034900
302,302,302,2021-03-16,228.6175079345703,237.7100067138672,240.0599975585937,235.94000244140625,236.27999877929688,28092200
303,303,303,2021-03-17,227.97314453125,237.0399932861328,238.5500030517578,233.22999572753903,236.1499938964844,29562100
304,304,304,2021-03-18,221.8948974609375,230.72000122070312,234.19000244140625,230.3300018310547,232.5599975585937,34833000
305,305,305,2021-03-19,221.5390472412109,230.3500061035156,232.47000122070312,229.3500061035156,231.0200042724609,46430700
306,306,306,2021-03-22,226.9633178710937,235.9900054931641,236.8999938964844,230.13999938964844,230.2700042724609,30127000
307,307,307,2021-03-23,228.4925231933593,237.5800018310547,241.0500030517578,237.07000732421875,237.4900054931641,31638400
308,308,308,2021-03-24,226.45361328125,235.4600067138672,238.0,235.32000732421875,237.8500061035156,25620100
309,309,309,2021-03-25,223.45291137695312,232.33999633789065,236.94000244140625,231.57000732421875,235.3000030517578,34061900
310,310,310,2021-03-26,227.43453979492188,236.47999572753903,236.7100067138672,231.5500030517578,231.5500030517578,25479900
311,311,311,2021-03-29,226.24200439453125,235.2400054931641,236.8000030517578,231.8800048828125,236.58999633789065,25227500
312,312,312,2021-03-30,222.981674194336,231.8500061035156,233.8500061035156,231.1000061035156,233.52999877929688,24792000
313,313,313,2021-03-31,226.75173950195312,235.7700042724609,239.1000061035156,232.38999938964844,232.9100036621093,43623500
314,314,314,2021-04-01,233.08009338378903,242.3500061035156,242.83999633789065,238.0500030517578,238.47000122070312,30338000
315,315,315,2021-04-05,239.54302978515625,249.07000732421875,249.9600067138672,242.6999969482422,242.759994506836,36910600
316,316,316,2021-04-06,238.3793029785156,247.8600006103516,249.3999938964844,246.8800048828125,247.6100006103516,22931900
317,317,317,2021-04-07,240.3412475585937,249.8999938964844,250.92999267578125,247.19000244140625,247.8099975585937,22719800
318,318,318,2021-04-08,243.56309509277344,253.25,254.13999938964844,252.0,252.7700042724609,23625200
319,319,319,2021-04-09,246.06365966796875,255.8500061035156,255.9900054931641,252.44000244140625,252.8699951171875,24326800
320,320,320,2021-04-12,246.1213836669922,255.9100036621093,257.6700134277344,254.6199951171875,254.7100067138672,27148700
321,321,321,2021-04-13,248.6026763916016,258.489990234375,259.19000244140625,256.8299865722656,257.260009765625,23837500
322,322,322,2021-04-14,245.81358337402344,255.58999633789065,258.8299865722656,255.1600036621093,257.4800109863281,23070900
323,323,323,2021-04-15,249.5740203857422,259.5,259.92999267578125,257.7300109863281,257.92999267578125,25627500
324,324,324,2021-04-16,250.76661682128903,260.739990234375,261.0,257.6000061035156,259.4700012207031,24878600
325,325,325,2021-04-19,248.8431701660156,258.739990234375,261.4800109863281,257.82000732421875,260.19000244140625,23209300
326,326,326,2021-04-20,248.3815155029297,258.260009765625,260.20001220703125,256.8399963378906,257.82000732421875,19722900
327,327,327,2021-04-21,250.6127014160156,260.5799865722656,260.67999267578125,257.25,258.94000244140625,24030400
328,328,328,2021-04-22,247.33322143554688,257.1700134277344,261.7799987792969,255.63999938964844,260.2099914550781,25606200
329,329,329,2021-04-23,251.1609039306641,261.1499938964844,261.510009765625,257.2699890136719,257.8800048828125,21462600
330,330,330,2021-04-26,251.545639038086,261.54998779296875,262.44000244140625,260.1700134277344,261.6600036621094,19763300
331,331,331,2021-04-27,251.94960021972656,261.9700012207031,263.19000244140625,260.1199951171875,261.5799865722656,31014200
332,332,332,2021-04-28,244.8230133056641,254.5599975585937,256.5400085449219,252.9499969482422,256.0799865722656,46903100
333,333,333,2021-04-29,242.85142517089844,252.509994506836,256.1000061035156,249.0,255.4600067138672,40589000
334,334,334,2021-04-30,242.53404235839844,252.17999267578125,253.0800018310547,249.6000061035156,249.7400054931641,30945100
335,335,335,2021-05-03,242.22628784179688,251.8600006103516,254.3500061035156,251.1199951171875,253.3999938964844,19626600
336,336,336,2021-05-04,238.31198120117188,247.7899932861328,251.2100067138672,245.759994506836,250.97000122070312,32756100
337,337,337,2021-05-05,237.04244995117188,246.47000122070312,249.5,245.82000732421875,249.0599975585937,21901300
338,338,338,2021-05-06,240.177734375,249.72999572753903,249.8600006103516,244.69000244140625,246.4499969482422,26491100
339,339,339,2021-05-07,242.8033447265625,252.4600067138672,254.3000030517578,251.1699981689453,252.1499938964844,27032900
340,340,340,2021-05-10,237.72531127929688,247.17999267578125,251.72999572753903,247.1199951171875,250.8699951171875,29299900
341,341,341,2021-05-11,236.8116149902344,246.22999572753903,246.6000061035156,242.57000732421875,244.5500030517578,33641600
342,342,342,2021-05-12,229.85818481445312,239.0,244.3800048828125,238.07000732421875,242.1699981689453,36684400
343,343,343,2021-05-13,233.7340545654297,243.02999877929688,245.6000061035156,241.4199981689453,241.8000030517578,29624300
344,344,344,2021-05-14,238.658203125,248.1499938964844,249.17999267578125,245.4900054931641,245.5800018310547,23901100
345,345,345,2021-05-17,235.80181884765625,245.17999267578125,246.58999633789065,243.5200042724609,246.5500030517578,24970200
346,346,346,2021-05-18,233.7821502685547,243.0800018310547,246.4100036621093,242.8999938964844,246.2700042724609,20168000
347,347,347,2021-05-19,234.3605194091797,243.1199951171875,243.22999572753903,238.6000061035156,239.3099975585937,25739800
348,348,348,2021-05-20,237.5994567871093,246.47999572753903,247.9499969482422,243.8600006103516,243.9600067138672,21800700
349,349,349,2021-05-21,236.3366241455078,245.1699981689453,248.3300018310547,244.7400054931641,247.57000732421875,21863100
350,350,350,2021-05-24,241.7445526123047,250.77999877929688,251.1600036621093,247.509994506836,247.7899932861328,21411500
351,351,351,2021-05-25,242.6506500244141,251.72000122070312,252.75,250.82000732421875,251.7700042724609,17704300
352,352,352,2021-05-26,242.4289703369141,251.4900054931641,252.94000244140625,250.75,251.42999267578125,17771600
353,353,353,2021-05-27,240.3275146484375,249.3099975585937,251.47999572753903,249.25,251.1699981689453,24426200
354,354,354,2021-05-28,240.68414306640625,249.67999267578125,252.0800018310547,249.5599975585937,251.0,18270200
355,355,355,2021-06-01,238.4862823486328,247.3999938964844,251.2899932861328,246.9600067138672,251.22999572753903,23213300
356,356,356,2021-06-02,238.3899078369141,247.3000030517578,249.2700042724609,245.83999633789065,248.1300048828125,19406700
357,357,357,2021-06-03,236.85720825195312,245.7100067138672,246.33999633789065,243.0,245.22000122070312,25307700
358,358,358,2021-06-04,241.754150390625,250.7899932861328,251.6499938964844,247.509994506836,247.759994506836,25281100
359,359,359,2021-06-07,244.6653594970703,253.8099975585937,254.08999633789065,249.8099975585937,249.97999572753903,23079200
360,360,360,2021-06-08,243.47007751464844,252.57000732421875,256.010009765625,252.509994506836,255.1600036621093,22455000
361,361,361,2021-06-09,244.45327758789065,253.58999633789065,255.52999877929688,253.2100067138672,253.8099975585937,17937600
362,362,362,2021-06-10,247.9717712402344,257.239990234375,257.4599914550781,253.6699981689453,254.2899932861328,24563600
363,363,363,2021-06-11,248.5983428955078,257.8900146484375,258.489990234375,256.6099853515625,257.989990234375,18999700
364,364,364,2021-06-14,250.5263061523437,259.8900146484375,259.95001220703125,256.79998779296875,257.8999938964844,19150500
365,365,365,2021-06-15,249.05142211914065,258.3599853515625,259.989990234375,257.67999267578125,259.7699890136719,18038900
366,366,366,2021-06-16,248.10671997070312,257.3800048828125,260.5799865722656,254.4199981689453,259.3999938964844,27220000
367,367,367,2021-06-17,251.4999237060547,260.8999938964844,261.75,256.010009765625,256.07000732421875,27565500
368,368,368,2021-06-18,250.0828399658203,259.42999267578125,262.29998779296875,258.75,259.6300048828125,37202200
369,369,369,2021-06-21,253.1676025390625,262.6300048828125,263.5199890136719,257.9200134277344,259.82000732421875,26696100
370,370,370,2021-06-22,255.9438018798828,265.510009765625,265.7900085449219,262.3999938964844,262.7200012207031,24694100
371,371,371,2021-06-23,255.7124938964844,265.2699890136719,266.8299865722656,264.42999267578125,265.989990234375,19518700
372,372,372,2021-06-24,257.0813293457031,266.69000244140625,267.8500061035156,265.4700012207031,266.1600036621094,21446900
373,373,373,2021-06-25,255.47149658203125,265.0199890136719,267.25,264.760009765625,266.2300109863281,25611100
374,374,374,2021-06-28,259.0381164550781,268.7200012207031,268.8999938964844,265.9100036621094,266.19000244140625,19590000
375,375,375,2021-06-29,261.6216125488281,271.3999938964844,271.6499938964844,267.9800109863281,268.8699951171875,19937800
376,376,376,2021-06-30,261.1396179199219,270.8999938964844,271.3599853515625,269.6000061035156,270.69000244140625,21656500
377,377,377,2021-07-01,261.8143920898437,271.6000061035156,271.8399963378906,269.6000061035156,269.6099853515625,16725300
378,378,378,2021-07-02,267.6464233398437,277.6499938964844,278.0,272.5,272.82000732421875,26458000
379,379,379,2021-07-06,267.6560363769531,277.6600036621094,279.3699951171875,274.29998779296875,278.0299987792969,31565600
380,380,380,2021-07-07,269.84423828125,279.92999267578125,280.69000244140625,277.1499938964844,279.3999938964844,23260000
381,381,381,2021-07-08,267.4246826171875,277.4200134277344,278.7300109863281,274.8699951171875,276.8999938964844,24618600
382,382,382,2021-07-09,267.92596435546875,277.94000244140625,278.04998779296875,275.32000732421875,275.7200012207031,23916700
383,383,383,2021-07-12,267.3282775878906,277.32000732421875,279.7699890136719,276.5799865722656,279.1600036621094,18931700
384,384,384,2021-07-13,270.8564453125,280.9800109863281,282.8500061035156,277.3900146484375,277.5199890136719,26120100
385,385,385,2021-07-14,272.3314208984375,282.510009765625,283.6600036621094,280.54998779296875,282.3500061035156,23113700
386,386,386,2021-07-15,270.90460205078125,281.0299987792969,282.510009765625,279.8299865722656,282.0,22604200
387,387,387,2021-07-16,270.6347351074219,280.75,284.1000061035156,279.4599914550781,282.07000732421875,26186800
388,388,388,2021-07-19,267.0295715332031,277.010009765625,280.3699951171875,274.45001220703125,278.92999267578125,32935600
389,389,389,2021-07-20,269.2562866210937,279.32000732421875,280.9700012207031,276.260009765625,278.0299987792969,26259700
390,390,390,2021-07-21,271.26123046875,281.3999938964844,281.5199890136719,277.2900085449219,278.8999938964844,24364300
391,391,391,2021-07-22,275.8305053710937,286.1400146484375,286.4200134277344,283.4200134277344,283.8399963378906,23384100
392,392,392,2021-07-23,279.2333068847656,289.6700134277344,289.989990234375,286.5,287.3699951171875,22768100
393,393,393,2021-07-26,278.6356811523437,289.04998779296875,289.69000244140625,286.6400146484375,289.0,23176100
394,394,394,2021-07-27,276.2161560058594,286.5400085449219,289.5799865722656,282.95001220703125,289.42999267578125,33604100
395,395,395,2021-07-28,275.9076843261719,286.2200012207031,290.1499938964844,283.8299865722656,288.989990234375,33566900
396,396,396,2021-07-29,276.17755126953125,286.5,288.6199951171875,286.0799865722656,286.239990234375,18168300
397,397,397,2021-07-30,274.6448669433594,284.9100036621094,286.6600036621094,283.9100036621094,285.1700134277344,20944800
398,398,398,2021-08-02,274.5581970214844,284.82000732421875,286.7699890136719,283.739990234375,286.3599853515625,16267400
399,399,399,2021-08-03,276.7751770019531,287.1199951171875,287.2300109863281,284.0,285.4200134277344,17879000
400,400,400,2021-08-04,276.1872253417969,286.510009765625,287.5899963378906,284.6499938964844,286.2200012207031,16191300
401,401,401,2021-08-05,279.0887145996094,289.5199890136719,289.6300048828125,286.1000061035156,286.8800048828125,13900200
402,402,402,2021-08-06,279.03082275390625,289.4599914550781,289.5,287.6199951171875,288.510009765625,16589300
403,403,403,2021-08-09,277.9416198730469,288.3299865722656,291.54998779296875,287.8099975585937,289.75,16117600
404,404,404,2021-08-10,276.1197814941406,286.44000244140625,289.25,285.20001220703125,288.79998779296875,18616600
405,405,405,2021-08-11,276.61138916015625,286.95001220703125,288.6600036621094,285.8599853515625,287.2099914550781,13955900
406,406,406,2021-08-12,279.3682861328125,289.8099975585937,289.9700012207031,286.3399963378906,286.6300048828125,14561300
407,407,407,2021-08-13,282.298828125,292.8500061035156,292.8999938964844,289.29998779296875,289.4800109863281,18249000
408,408,408,2021-08-16,283.9856872558594,294.6000061035156,294.82000732421875,290.0199890136719,293.19000244140625,22507600
409,409,409,2021-08-17,282.5204467773437,293.0799865722656,293.42999267578125,291.0799865722656,292.3900146484375,20075300
410,410,410,2021-08-18,280.7916259765625,290.7300109863281,294.82000732421875,290.2699890136719,292.0400085449219,21813000
411,411,411,2021-08-19,286.62518310546875,296.7699890136719,297.4700012207031,288.6400146484375,288.69000244140625,29850500
412,412,412,2021-08-20,293.95574951171875,304.3599853515625,305.8399963378906,298.0599975585937,299.7200012207031,40817600
413,413,413,2021-08-23,294.23583984375,304.6499938964844,305.3999938964844,301.8500061035156,303.25,22830200
414,414,414,2021-08-24,292.2752380371094,302.6199951171875,305.6499938964844,302.0,305.0199890136719,18175800
415,415,415,2021-08-25,291.68609619140625,302.010009765625,304.5899963378906,300.4200134277344,304.29998779296875,20006100
416,416,416,2021-08-26,288.86590576171875,299.0899963378906,302.42999267578125,298.95001220703125,300.989990234375,17666100
417,417,417,2021-08-27,289.4742736816406,299.7200012207031,300.8699951171875,296.8299865722656,298.989990234375,22605700
418,418,418,2021-08-30,293.21209716796875,303.5899963378906,304.2200012207031,301.0599975585937,301.1199951171875,16348100
419,419,419,2021-08-31,291.560546875,301.8800048828125,304.5,301.5,304.4200134277344,26285300
420,420,420,2021-09-01,291.51226806640625,301.8299865722656,305.19000244140625,301.489990234375,302.8699951171875,18983800
421,421,421,2021-09-02,290.85546875,301.1499938964844,303.3599853515625,300.17999267578125,302.20001220703125,16285600
422,422,422,2021-09-03,290.84588623046875,301.1400146484375,302.6000061035156,300.260009765625,300.989990234375,14747900
423,423,423,2021-09-07,289.91864013671875,300.17999267578125,301.0899963378906,298.20001220703125,301.010009765625,17180400
424,424,424,2021-09-08,289.9476013183594,300.2099914550781,300.6099853515625,297.4700012207031,299.7799987792969,15046800
425,425,425,2021-09-09,287.0887756347656,297.25,302.1400146484375,297.0,300.82000732421875,19927000
426,426,426,2021-09-10,285.6014099121094,295.7099914550781,299.9200134277344,295.3800048828125,298.4200134277344,19633400
427,427,427,2021-09-13,286.8376770019531,296.989990234375,298.5400085449219,294.0799865722656,297.54998779296875,23652900
428,428,428,2021-09-14,289.5419921875,299.7900085449219,301.3900146484375,298.1000061035156,299.5599975585937,21853400
429,429,429,2021-09-15,294.4000244140625,304.82000732421875,305.32000732421875,301.82000732421875,303.260009765625,28356300
430,430,430,2021-09-16,294.7864074707031,305.2200012207031,305.3099975585937,300.760009765625,303.760009765625,19550800
431,431,431,2021-09-17,289.6192932128906,299.8699951171875,304.5,299.5299987792969,304.1700134277344,41372500
432,432,432,2021-09-20,284.2396545410156,294.29998779296875,298.7200012207031,289.5199890136719,296.3299865722656,38278700
433,433,433,2021-09-21,284.7225341796875,294.79998779296875,297.5400085449219,294.07000732421875,295.69000244140625,22364100
434,434,434,2021-09-22,288.37335205078125,298.5799865722656,300.2200012207031,294.510009765625,296.7300109863281,26626300
435,435,435,2021-09-23,289.3197937011719,299.5599975585937,300.8999938964844,297.5299987792969,298.8500061035156,18604600
436,436,436,2021-09-24,289.1170654296875,299.3500061035156,299.79998779296875,296.92999267578125,298.2300109863281,14999000
437,437,437,2021-09-27,284.1140441894531,294.1700134277344,296.4700012207031,292.94000244140625,296.1400146484375,23571700
438,438,438,2021-09-28,273.8282470703125,283.5199890136719,290.7799987792969,282.75,289.79998779296875,43186200
439,439,439,2021-09-29,274.2917175292969,284.0,286.7699890136719,283.010009765625,285.1000061035156,26353700
440,440,440,2021-09-30,272.28289794921875,281.9200134277344,287.8299865722656,281.6199951171875,285.7099914550781,32343600
441,441,441,2021-10-01,279.2174377441406,289.1000061035156,289.9800109863281,281.2900085449219,282.1199951171875,30086300
442,442,442,2021-10-04,273.43212890625,283.1099853515625,287.75,280.25,287.3999938964844,31350700
443,443,443,2021-10-05,278.8890380859375,288.760009765625,290.3999938964844,284.04998779296875,284.04998779296875,24993000
444,444,444,2021-10-06,283.0902404785156,293.1099853515625,293.6300048828125,285.510009765625,285.7799987792969,28002600
445,445,445,2021-10-07,284.7708740234375,294.8500061035156,296.6400146484375,293.9200134277344,295.17999267578125,20430500
446,446,446,2021-10-08,284.7708740234375,294.8500061035156,296.6400146484375,293.760009765625,296.2200012207031,17685700
447,447,447,2021-10-11,284.17205810546875,294.2300109863281,297.9700012207031,292.75,292.9200134277344,19298600
448,448,448,2021-10-12,282.8681945800781,292.8800048828125,295.44000244140625,292.3500061035156,295.3399963378906,17974100
449,449,449,2021-10-13,286.1809387207031,296.3099975585937,297.2799987792969,293.489990234375,294.9100036621094,23416300
450,450,450,2021-10-14,292.40069580078125,302.75,303.2699890136719,297.8299865722656,299.2099914550781,27262900
451,451,451,2021-10-15,293.8108825683594,304.2099914550781,304.45001220703125,300.5199890136719,302.3399963378906,25384800
452,452,452,2021-10-18,296.7855834960937,307.2900085449219,308.2099914550781,302.69000244140625,303.57000732421875,22729300
453,453,453,2021-10-19,297.6934509277344,308.2300109863281,309.29998779296875,307.2200012207031,308.3500061035156,17682100
454,454,454,2021-10-20,296.9014587402344,307.4100036621094,309.70001220703125,306.1099853515625,309.2099914550781,16537100
455,455,455,2021-10-21,300.1369323730469,310.760009765625,311.0199890136719,306.3599853515625,307.1700134277344,16918100
456,456,456,2021-10-22,298.5916442871094,309.1600036621094,311.0899963378906,307.79998779296875,310.3999938964844,17449300
457,457,457,2021-10-25,297.59686279296875,308.1300048828125,309.3999938964844,306.4599914550781,309.3599853515625,17554500
458,458,458,2021-10-26,299.5092163085937,310.1099853515625,312.3999938964844,308.6000061035156,311.0,28107300
459,459,459,2021-10-27,312.12274169921875,323.1700134277344,326.1000061035156,316.0,316.0,52588700
460,460,460,2021-10-28,313.26239013671875,324.3500061035156,324.8699951171875,321.3599853515625,324.3299865722656,26297900
461,461,461,2021-10-29,320.28387451171875,331.6199951171875,332.0,323.8999938964844,324.1300048828125,34766000
462,462,462,2021-11-01,318.1108093261719,329.3699951171875,331.489990234375,326.3699951171875,331.3599853515625,27073200
463,463,463,2021-11-02,321.7422180175781,333.1300048828125,333.45001220703125,330.0,330.3099975585937,26487100
464,464,464,2021-11-03,322.5825500488281,334.0,334.8999938964844,330.6499938964844,333.8999938964844,21500100
465,465,465,2021-11-04,324.9391784667969,336.44000244140625,336.5400085449219,329.510009765625,332.8900146484375,23992200
466,466,466,2021-11-05,324.5721130371094,336.0599975585937,338.7900085449219,334.4200134277344,338.510009765625,22570100
467,467,467,2021-11-08,325.4702453613281,336.989990234375,337.6499938964844,334.44000244140625,337.29998779296875,20897000
468,468,468,2021-11-09,324.4659118652344,335.95001220703125,338.7200012207031,334.5299987792969,337.1099853515625,21307400
469,469,469,2021-11-10,319.4919128417969,330.79998779296875,334.6300048828125,329.9200134277344,334.57000732421875,25500900
470,470,470,2021-11-11,321.0661315917969,332.42999267578125,333.7699890136719,330.510009765625,331.25,16849800
471,471,471,2021-11-12,325.2095947265625,336.7200012207031,337.2300109863281,333.7900085449219,333.9200134277344,23831000
472,472,472,2021-11-15,324.5818176269531,336.07000732421875,337.8800048828125,334.0299987792969,337.5400085449219,16723000
473,473,473,2021-11-16,327.9041748046875,339.510009765625,340.6700134277344,335.510009765625,335.67999267578125,20886800
474,474,474,2021-11-17,328.1266784667969,339.1199951171875,342.19000244140625,338.0,338.94000244140625,19053400
475,475,475,2021-11-18,330.20703125,341.2699890136719,342.45001220703125,337.1199951171875,338.17999267578125,22463500
476,476,476,2021-11-19,331.9874572753906,343.1099853515625,345.1000061035156,342.20001220703125,342.6400146484375,21963400
477,477,477,2021-11-22,328.8136901855469,339.8299865722656,349.6700134277344,339.54998779296875,344.6199951171875,31031100
478,478,478,2021-11-23,326.73345947265625,337.67999267578125,339.45001220703125,333.5599975585937,337.04998779296875,30427600
479,479,479,2021-11-24,326.9559326171875,337.9100036621094,338.1600036621094,333.9100036621094,336.2799987792969,21661300
480,480,480,2021-11-26,318.9927978515625,329.67999267578125,337.92999267578125,328.1199951171875,334.3500061035156,24217200
481,481,481,2021-11-29,325.7174377441406,336.6300048828125,339.0299987792969,334.739990234375,334.94000244140625,28563500
482,482,482,2021-11-30,319.8731994628906,330.5899963378906,337.7799987792969,328.989990234375,335.32000732421875,42885600
483,483,483,2021-12-01,319.3797607421875,330.0799865722656,339.2799987792969,329.3900146484375,335.1300048828125,33337600
484,484,484,2021-12-02,318.80889892578125,329.489990234375,333.489990234375,327.79998779296875,330.29998779296875,30766000
485,485,485,2021-12-03,312.5389709472656,323.010009765625,332.70001220703125,318.0299987792969,331.989990234375,41779300
486,486,486,2021-12-06,315.6158752441406,326.19000244140625,327.45001220703125,319.2300109863281,323.95001220703125,30032600
487,487,487,2021-12-07,324.0629272460937,334.9200134277344,335.79998779296875,330.1000061035156,331.6400146484375,31021900
488,488,488,2021-12-08,324.1112670898437,334.9700012207031,335.5,330.79998779296875,335.3099975585937,24761000
489,489,489,2021-12-09,322.30181884765625,333.1000061035156,336.489990234375,332.1199951171875,334.4100036621094,22214200
490,490,490,2021-12-10,331.43585205078125,342.5400085449219,343.0,334.7900085449219,334.9800109863281,38095700
491,491,491,2021-12-13,328.39764404296875,339.3999938964844,343.7900085449219,339.0799865722656,340.67999267578125,28899400
492,492,492,2021-12-14,317.6961669921875,328.3399963378906,334.6400146484375,324.1099853515625,333.2200012207031,44438700
493,493,493,2021-12-15,323.8016662597656,334.6499938964844,335.19000244140625,324.5,328.6099853515625,35381100
494,494,494,2021-12-16,314.3677062988281,324.8999938964844,336.760009765625,323.0199890136719,335.7099914550781,35034800
495,495,495,2021-12-17,313.3033447265625,323.79998779296875,324.9200134277344,317.25,320.8800048828125,47750300
496,496,496,2021-12-20,309.5394592285156,319.9100036621094,322.79998779296875,317.57000732421875,320.04998779296875,28326500
497,497,497,2021-12-21,316.68023681640625,327.2900085449219,327.7300109863281,319.79998779296875,323.2900085449219,24740600
498,498,498,2021-12-22,322.398681640625,333.20001220703125,333.6099853515625,325.75,328.29998779296875,24831500
499,499,499,2021-12-23,323.8403015136719,334.69000244140625,336.3900146484375,332.7300109863281,332.75,19617800
500,500,500,2021-12-27,331.34869384765625,342.45001220703125,342.4800109863281,335.42999267578125,335.4599914550781,19947000
501,501,501,2021-12-28,330.18768310546875,341.25,343.8099975585937,340.32000732421875,343.1499938964844,15661500
502,502,502,2021-12-29,330.8650207519531,341.95001220703125,344.29998779296875,339.67999267578125,341.29998779296875,15042000
503,503,503,2021-12-30,328.3202514648437,339.32000732421875,343.1300048828125,338.82000732421875,341.9100036621094,15994500
504,504,504,2021-12-31,325.41748046875,336.32000732421875,339.3599853515625,335.8500061035156,338.510009765625,18000800
505,505,505,2022-01-03,323.8984069824219,334.75,338.0,329.7799987792969,335.3500061035156,28865100
506,506,506,2022-01-04,318.3444519042969,329.010009765625,335.20001220703125,326.1199951171875,334.8299865722656,32674300
507,507,507,2022-01-05,306.12384033203125,316.3800048828125,326.07000732421875,315.9800109863281,325.8599853515625,40054300
508,508,508,2022-01-06,303.7049560546875,313.8800048828125,318.70001220703125,311.489990234375,313.1499938964844,39646100
509,509,509,2022-01-07,303.8597412109375,314.0400085449219,316.5,310.0899963378906,314.1499938964844,32720000
510,510,510,2022-01-10,304.0821838378906,314.2699890136719,314.7200012207031,304.69000244140625,309.489990234375,44289500
511,511,511,2022-01-11,304.769287109375,314.9800109863281,316.6099853515625,309.8900146484375,313.3800048828125,29386800
512,512,512,2022-01-12,307.9526062011719,318.2699890136719,323.4100036621094,317.0799865722656,319.6700134277344,34372200
513,513,513,2022-01-13,294.9193115234375,304.79998779296875,320.8800048828125,304.0,320.4700012207031,45366000
514,514,514,2022-01-14,300.144287109375,310.20001220703125,310.82000732421875,303.75,304.25,39846400
515,515,515,2022-01-18,292.8389892578125,302.6499938964844,309.79998779296875,301.739990234375,304.07000732421875,42333200
516,516,516,2022-01-19,293.4969482421875,303.3299865722656,313.9100036621094,302.70001220703125,306.2900085449219,45933900
517,517,517,2022-01-20,291.8230285644531,301.6000061035156,311.6499938964844,301.1400146484375,309.07000732421875,35380700
518,518,518,2022-01-21,286.43359375,296.0299987792969,304.1099853515625,295.6099853515625,302.69000244140625,57984400
519,519,519,2022-01-24,286.7626037597656,296.3699951171875,297.1099853515625,276.04998779296875,292.20001220703125,85731500
520,520,520,2022-01-25,279.1379699707031,288.489990234375,294.989990234375,285.1700134277344,291.5199890136719,72848600
521,521,521,2022-01-26,287.0915832519531,296.7099914550781,308.5,293.0299987792969,307.989990234375,90428900
522,522,522,2022-01-27,290.1200561523437,299.8399963378906,307.29998779296875,297.92999267578125,302.6600036621094,53481300
523,523,523,2022-01-28,298.26715087890625,308.260009765625,308.4800109863281,294.45001220703125,300.2300109863281,49743700
524,524,524,2022-01-31,300.8989562988281,310.9800109863281,312.3800048828125,306.3699951171875,308.95001220703125,46444500
525,525,525,2022-02-01,298.7508850097656,308.760009765625,310.6300048828125,305.1300048828125,310.4100036621094,40950400
526,526,526,2022-02-02,303.29852294921875,313.4599914550781,315.1199951171875,308.8800048828125,309.6300048828125,36636000
527,527,527,2022-02-03,291.4844055175781,301.25,311.2300109863281,299.9599914550781,309.489990234375,43730000
528,528,528,2022-02-04,296.0223388671875,305.94000244140625,308.79998779296875,299.9700012207031,300.2099914550781,35096500
529,529,529,2022-02-07,291.1940612792969,300.95001220703125,307.8399963378906,299.8999938964844,306.1700134277344,28533300
530,530,530,2022-02-08,294.68701171875,304.5599975585937,305.5599975585937,299.95001220703125,301.25,32421200
531,531,531,2022-02-09,301.1214599609375,311.2099914550781,311.92999267578125,307.3900146484375,309.8699951171875,31284700
532,532,532,2022-02-10,292.5777587890625,302.3800048828125,309.1199951171875,300.70001220703125,304.0400085449219,45386200
533,533,533,2022-02-11,285.4757080078125,295.0400085449219,304.2900085449219,294.2200012207031,303.19000244140625,39175600
534,534,534,2022-02-14,285.43701171875,295.0,296.760009765625,291.3500061035156,293.7699890136719,36359500
535,535,535,2022-02-15,290.7296447753906,300.4700012207031,300.79998779296875,297.0199890136719,300.010009765625,27058300
536,536,536,2022-02-16,290.3902893066406,299.5,300.8699951171875,293.67999267578125,298.3699951171875,29982100
537,537,537,2022-02-17,281.88702392578125,290.7300109863281,296.79998779296875,290.0,296.3599853515625,32461600
538,538,538,2022-02-18,279.1722412109375,287.92999267578125,293.8599853515625,286.3099975585937,293.04998779296875,34264000
539,539,539,2022-02-22,278.96856689453125,287.7200012207031,291.5400085449219,284.5,285.0,41736100
540,540,540,2022-02-23,271.74517822265625,280.2699890136719,291.70001220703125,280.1000061035156,290.17999267578125,37811200
541,541,541,2022-02-24,285.6296081542969,294.5899963378906,295.1600036621094,271.5199890136719,272.510009765625,56989700
542,542,542,2022-02-25,288.2669372558594,297.3099975585937,297.6300048828125,291.6499938964844,295.1400146484375,32546700
543,543,543,2022-02-28,289.701904296875,298.7900085449219,299.1400146484375,293.0,294.3099975585937,34627500
544,544,544,2022-03-01,285.97869873046875,294.95001220703125,299.9700012207031,292.1499938964844,296.3999938964844,31217800
545,545,545,2022-03-02,291.0592956542969,300.19000244140625,301.4700012207031,293.70001220703125,295.3599853515625,31873000
546,546,546,2022-03-03,286.919189453125,295.9200134277344,303.1300048828125,294.04998779296875,302.8900146484375,27314500
547,547,547,2022-03-04,281.0434875488281,289.8599853515625,295.6600036621094,287.1700134277344,294.2900085449219,32356500
548,548,548,2022-03-07,270.426513671875,278.9100036621094,289.69000244140625,278.5299987792969,288.5299987792969,43157200
549,549,549,2022-03-08,267.4596252441406,275.8500061035156,283.9599914550781,270.0,277.79998779296875,48159500
550,550,550,2022-03-09,279.7249755859375,288.5,289.6000061035156,280.7799987792969,283.44000244140625,35204500
551,551,551,2022-03-10,276.9034118652344,285.5899963378906,286.6000061035156,280.5799865722656,283.0199890136719,30628000
552,552,552,2022-03-11,271.5512390136719,280.07000732421875,289.510009765625,279.42999267578125,287.9599914550781,27209300
553,553,553,2022-03-14,268.0317077636719,276.44000244140625,285.3999938964844,275.82000732421875,280.3399963378906,30660700
554,554,554,2022-03-15,278.4159240722656,287.1499938964844,287.82000732421875,278.7300109863281,280.3500061035156,34245100
555,555,555,2022-03-16,285.43572998046875,294.3900146484375,294.57000732421875,283.20001220703125,289.1099853515625,37826300
556,556,556,2022-03-17,286.240478515625,295.2200012207031,295.6099853515625,289.3699951171875,293.2900085449219,30816600
557,557,557,2022-03-18,291.2919616699219,300.42999267578125,301.0,292.7300109863281,295.3699951171875,43390600
558,558,558,2022-03-21,290.0606384277344,299.1600036621094,300.1400146484375,294.8999938964844,298.8900146484375,28351200
559,559,559,2022-03-22,294.81158447265625,304.0599975585937,305.0,298.7699890136719,299.79998779296875,27599700
560,560,560,2022-03-23,290.3806457519531,299.489990234375,303.2300109863281,297.7200012207031,300.510009765625,25715400
561,561,561,2022-03-24,294.85040283203125,304.1000061035156,304.20001220703125,298.32000732421875,299.1400146484375,24484500
562,562,562,2022-03-25,294.4431457519531,303.67999267578125,305.5,299.2900085449219,305.2300109863281,22566500
563,563,563,2022-03-28,301.2496643066406,310.70001220703125,310.79998779296875,304.3299865722656,304.3299865722656,29578200
564,564,564,2022-03-29,305.8163757324219,315.4100036621094,315.82000732421875,309.04998779296875,313.9100036621094,30393400
565,565,565,2022-03-30,304.3134765625,313.8599853515625,315.95001220703125,311.5799865722656,313.760009765625,28163600
566,566,566,2022-03-31,298.9322814941406,308.3099975585937,315.1400146484375,307.8900146484375,313.8999938964844,33422100
567,567,567,2022-04-01,300.0085754394531,309.4200134277344,310.1300048828125,305.5400085449219,309.3699951171875,27110500
568,568,568,2022-04-04,305.38970947265625,314.9700012207031,315.1099853515625,309.7099914550781,310.0899963378906,24289600
569,569,569,2022-04-05,301.42413330078125,310.8800048828125,314.8699951171875,309.8699951171875,313.2699890136719,23156700
570,570,570,2022-04-06,290.3902893066406,299.5,307.0,296.7099914550781,305.19000244140625,40110400
571,571,571,2022-04-07,292.2033386230469,301.3699951171875,303.6499938964844,296.3500061035156,296.6600036621094,31411200
572,572,572,2022-04-08,287.937255859375,296.9700012207031,301.1199951171875,296.2799987792969,300.44000244140625,24361900
573,573,573,2022-04-11,276.5834045410156,285.260009765625,292.6099853515625,285.0,291.7900085449219,34569300
574,574,574,2022-04-12,273.480712890625,282.0599975585937,290.739990234375,280.489990234375,289.239990234375,30966700
575,575,575,2022-04-13,278.8716125488281,287.6199951171875,288.5799865722656,281.29998779296875,282.7300109863281,21907200
576,576,576,2022-04-14,271.3185729980469,279.8299865722656,288.3099975585937,279.32000732421875,288.0899963378906,28221600
577,577,577,2022-04-18,271.98760986328125,280.5199890136719,282.4599914550781,278.3399963378906,278.9100036621094,20778000
578,578,578,2022-04-19,276.62213134765625,285.29998779296875,286.1700134277344,278.4100036621094,279.3800048828125,22297700
579,579,579,2022-04-20,277.64996337890625,286.3599853515625,289.70001220703125,285.3699951171875,289.3999938964844,22906700
580,580,580,2022-04-21,272.2687683105469,280.8099975585937,293.29998779296875,280.0599975585937,288.5799865722656,29454600
581,581,581,2022-04-22,265.695068359375,274.0299987792969,283.20001220703125,273.3800048828125,281.67999267578125,29405800
582,582,582,2022-04-25,272.1814880371094,280.7200012207031,281.1099853515625,270.7699890136719,273.2900085449219,35678900
583,583,583,2022-04-26,262.0009155273437,270.2200012207031,278.3599853515625,270.0,277.5,46518400
584,584,584,2022-04-27,274.60552978515625,283.2200012207031,290.9700012207031,279.1600036621094,282.1000061035156,63477700
585,585,585,2022-04-28,280.82049560546875,289.6300048828125,290.9800109863281,281.4599914550781,285.19000244140625,33646600
586,586,586,2022-04-29,269.078857421875,277.5199890136719,289.8800048828125,276.5,288.6099853515625,37073900
587,587,587,2022-05-02,275.81744384765625,284.4700012207031,284.94000244140625,276.2200012207031,277.7099914550781,35151100
588,588,588,2022-05-03,273.209228515625,281.7799987792969,284.1300048828125,280.1499938964844,283.9599914550781,25978600
589,589,589,2022-05-04,281.159912109375,289.9800109863281,290.8800048828125,276.7300109863281,282.5899963378906,33599300
590,590,590,2022-05-05,268.9140319824219,277.3500061035156,286.3500061035156,274.3399963378906,285.5400085449219,43260400
591,591,591,2022-05-06,266.37371826171875,274.7300109863281,279.25,271.2699890136719,274.8099975585937,37780300
592,592,592,2022-05-09,256.532470703125,264.5799865722656,272.3599853515625,263.32000732421875,270.0599975585937,47726000
593,593,593,2022-05-10,261.3028259277344,269.5,273.75,265.07000732421875,271.69000244140625,39336400
594,594,594,2022-05-11,252.6249847412109,260.54998779296875,271.3599853515625,259.29998779296875,265.67999267578125,48975900
595,595,595,2022-05-12,247.58319091796875,255.3500061035156,259.8800048828125,250.0200042724609,257.69000244140625,51033800
596,596,596,2022-05-13,253.1776733398437,261.1199951171875,263.0400085449219,255.3500061035156,257.3500061035156,34925100
597,597,597,2022-05-16,253.5461578369141,261.5,265.82000732421875,255.77999877929688,259.9599914550781,32550900
598,598,598,2022-05-17,258.704345703125,266.82000732421875,268.3299865722656,262.4599914550781,266.1099853515625,28828800
599,599,599,2022-05-18,246.92556762695312,254.0800018310547,263.6000061035156,252.7700042724609,263.0,31356000
600,600,600,2022-05-19,246.0120544433593,253.13999938964844,257.6700134277344,251.8800048828125,253.8999938964844,32692300
601,601,601,2022-05-20,245.4483642578125,252.5599975585937,258.5400085449219,246.44000244140625,257.239990234375,39199300
602,602,602,2022-05-23,253.3105926513672,260.6499938964844,261.5,253.42999267578125,255.4900054931641,33175400
603,603,603,2022-05-24,252.30958557128903,259.6199951171875,261.3299865722656,253.5,257.8900146484375,29043900
604,604,604,2022-05-25,255.12794494628903,262.5199890136719,264.5799865722656,257.1300048828125,258.1400146484375,28547900
605,605,605,2022-05-26,258.41278076171875,265.8999938964844,267.1099853515625,261.42999267578125,262.2699890136719,25002100
606,606,606,2022-05-27,265.54608154296875,273.239990234375,273.3399963378906,267.5599975585937,268.4800109863281,26910800
607,607,607,2022-05-31,264.2146911621094,271.8699951171875,274.7699890136719,268.92999267578125,272.5299987792969,37827700
608,608,608,2022-06-01,264.7491455078125,272.4200134277344,277.69000244140625,270.0400085449219,275.20001220703125,25292200
609,609,609,2022-06-02,266.8482666015625,274.5799865722656,274.6499938964844,261.6000061035156,264.45001220703125,44008200
610,610,610,2022-06-03,262.416748046875,270.0199890136719,273.45001220703125,268.4100036621094,270.3099975585937,28059000
611,611,611,2022-06-06,261.1824951171875,268.75,274.17999267578125,267.2200012207031,272.0599975585937,22400300
612,612,612,2022-06-07,264.8269348144531,272.5,273.1300048828125,265.94000244140625,266.6400146484375,22860700
613,613,613,2022-06-08,262.7957763671875,270.4100036621094,273.0,269.6099853515625,271.7099914550781,17372300
614,614,614,2022-06-09,257.333984375,264.7900085449219,272.7099914550781,264.6300048828125,267.7799987792969,26439700
615,615,615,2022-06-10,245.86627197265625,252.9900054931641,260.5799865722656,252.52999877929688,260.5799865722656,31422800
616,616,616,2022-06-13,235.4384155273437,242.259994506836,249.0200042724609,241.52999877929688,245.1100006103516,46135800
617,617,617,2022-06-14,237.60562133789065,244.4900054931641,245.7400054931641,241.509994506836,243.8600006103516,28651500
618,618,618,2022-06-15,244.67086791992188,251.759994506836,255.3000030517578,246.4199981689453,248.3099975585937,33111700
619,619,619,2022-06-16,238.0721130371093,244.97000122070312,247.4199981689453,243.0200042724609,245.97999572753903,33169200
620,620,620,2022-06-17,240.6766357421875,247.6499938964844,250.5,244.02999877929688,244.6999969482422,43084800
621,621,621,2022-06-21,246.59518432617188,253.7400054931641,254.75,249.509994506836,250.259994506836,29928300
622,622,622,2022-06-22,246.0023193359375,253.1300048828125,257.1700134277344,250.3699951171875,251.88999938964844,25939900
623,623,623,2022-06-23,251.57098388671875,258.8599853515625,259.3699951171875,253.6300048828125,255.57000732421875,25861400
624,624,624,2022-06-24,260.162109375,267.70001220703125,267.9800109863281,261.7200012207031,261.8099975585937,33923200
625,625,625,2022-06-27,257.43115234375,264.8900146484375,268.29998779296875,263.2799987792969,268.2099914550781,24615100
626,626,626,2022-06-28,249.2580108642578,256.4800109863281,266.9100036621094,256.32000732421875,263.9800109863281,27295500
627,627,627,2022-06-29,252.9315643310547,260.260009765625,261.9700012207031,255.759994506836,257.5899963378906,20069800
628,628,628,2022-06-30,249.59815979003903,256.8299865722656,259.5299987792969,252.8999938964844,257.04998779296875,31730900
629,629,629,2022-07-01,252.2706756591797,259.5799865722656,259.7699890136719,254.6100006103516,256.3900146484375,22837700
630,630,630,2022-07-05,255.4486389160156,262.8500061035156,262.9800109863281,254.7400054931641,256.1600036621094,22941000
631,631,631,2022-07-06,258.7140808105469,266.2099914550781,267.989990234375,262.3999938964844,263.75,23824400
632,632,632,2022-07-07,260.84234619140625,268.3999938964844,269.0599975585937,265.0199890136719,265.1199951171875,20859900
633,633,633,2022-07-08,260.1231689453125,267.6600036621094,268.1000061035156,263.2900085449219,264.7900085449219,19658800
634,634,634,2022-07-11,257.06182861328125,264.510009765625,266.5299987792969,262.17999267578125,265.6499938964844,19455200
635,635,635,2022-07-12,246.52713012695312,253.6699981689453,265.94000244140625,252.0399932861328,265.8800048828125,35868500
636,636,636,2022-07-13,245.60389709472656,252.72000122070312,253.5500030517578,248.1100006103516,250.19000244140625,29497400
637,637,637,2022-07-14,246.92556762695312,254.0800018310547,255.13999938964844,245.94000244140625,250.57000732421875,25102800
638,638,638,2022-07-15,249.49124145507807,256.7200012207031,260.3699951171875,254.7700042724609,255.72000122070312,29774100
639,639,639,2022-07-18,247.09078979492188,254.25,260.8399963378906,253.3000030517578,259.75,20975000
640,640,640,2022-07-19,252.2220916748047,259.5299987792969,259.7200012207031,253.67999267578125,257.5799865722656,25012600
641,641,641,2022-07-20,254.8849639892578,262.2699890136719,264.8699951171875,258.9100036621094,259.8999938964844,22788300
642,642,642,2022-07-21,257.382568359375,264.8399963378906,264.8900146484375,257.0299987792969,259.7900085449219,22404700
643,643,643,2022-07-22,253.0287170410156,260.3599853515625,265.3299865722656,259.07000732421875,265.239990234375,21881300
644,644,644,2022-07-25,251.5418243408203,258.8299865722656,261.5,256.8099975585937,261.0,21056000
645,645,645,2022-07-26,244.80694580078125,251.8999938964844,259.8800048828125,249.57000732421875,259.8599853515625,39348000
646,646,646,2022-07-27,261.1727600097656,268.739990234375,270.04998779296875,258.8500061035156,261.1600036621094,45994000
647,647,647,2022-07-28,268.6268310546875,276.4100036621094,277.8399963378906,267.8699951171875,269.75,33459300
648,648,648,2022-07-29,272.8349304199219,280.739990234375,282.0,276.6300048828125,277.70001220703125,32152800
649,649,649,2022-08-01,270.1817932128906,278.010009765625,281.2799987792969,275.8399963378906,277.82000732421875,21539600
650,650,650,2022-08-02,267.08160400390625,274.82000732421875,277.8900146484375,272.3800048828125,276.0,22754200
651,651,651,2022-08-03,274.5161437988281,282.4700012207031,283.5,276.6099853515625,276.760009765625,23518900
652,652,652,2022-08-04,275.6629333496094,283.6499938964844,283.79998779296875,280.1700134277344,281.79998779296875,18098700
653,653,653,2022-08-05,274.9437866210937,282.9100036621094,283.6499938964844,278.67999267578125,279.1499938964844,16774600
654,654,654,2022-08-08,272.4267578125,280.32000732421875,285.9200134277344,279.32000732421875,284.04998779296875,18739200
655,655,655,2022-08-09,274.3509521484375,282.29998779296875,283.0799865722656,277.6099853515625,279.6400146484375,23405200
656,656,656,2022-08-10,281.017822265625,289.1600036621094,289.8099975585937,286.94000244140625,288.1700134277344,24687800
657,657,657,2022-08-11,278.9380798339844,287.0199890136719,291.2099914550781,286.510009765625,290.8500061035156,20065900
658,658,658,2022-08-12,283.6903991699219,291.9100036621094,291.9100036621094,286.94000244140625,288.4800109863281,22619700
659,659,659,2022-08-15,285.2064208984375,293.4700012207031,294.17999267578125,290.1099853515625,291.0,18085700
660,660,660,2022-08-16,284.46783447265625,292.7099914550781,294.0400085449219,290.4200134277344,291.989990234375,18102900
661,661,661,2022-08-17,283.71795654296875,291.32000732421875,293.3500061035156,289.4700012207031,289.739990234375,18253400
662,662,662,2022-08-18,282.59796142578125,290.1700134277344,291.9100036621094,289.0799865722656,290.19000244140625,17186200
663,663,663,2022-08-19,278.68280029296875,286.1499938964844,289.25,285.5599975585937,288.8999938964844,20570000
664,664,664,2022-08-22,270.5020446777344,277.75,282.4599914550781,277.2200012207031,282.0799865722656,25061100
665,665,665,2022-08-23,269.2262268066406,276.44000244140625,278.8599853515625,275.3999938964844,276.44000244140625,17527400
666,666,666,2022-08-24,268.59326171875,275.7900085449219,277.2300109863281,275.1099853515625,275.4100036621094,18137000
667,667,667,2022-08-25,271.57330322265625,278.8500061035156,279.0199890136719,274.5199890136719,277.3299865722656,16583400
668,668,668,2022-08-26,261.0940856933594,268.0899963378906,280.3399963378906,267.9800109863281,279.0799865722656,27549300
669,669,669,2022-08-29,258.3087158203125,265.2300109863281,267.3999938964844,263.8500061035156,265.8500061035156,20338500
670,670,670,2022-08-30,256.1077575683594,262.9700012207031,267.04998779296875,260.6600036621094,266.6700134277344,22767100
671,671,671,2022-08-31,254.6468963623047,261.4700012207031,267.1099853515625,261.3299865722656,265.3900146484375,24791800
672,672,672,2022-09-01,253.6047515869141,260.3999938964844,260.8900146484375,255.4100036621093,258.8699951171875,23263400
673,673,673,2022-09-02,249.3780517578125,256.0599975585937,264.739990234375,254.47000122070312,261.70001220703125,22855400
674,674,674,2022-09-06,246.64138793945312,253.25,257.8299865722656,251.94000244140625,256.20001220703125,21328200
675,675,675,2022-09-07,251.3550567626953,258.0899963378906,258.8299865722656,253.22000122070312,254.6999969482422,24126700
676,676,676,2022-09-08,251.7738342285156,258.5199890136719,260.42999267578125,254.7899932861328,257.510009765625,20319900
677,677,677,2022-09-09,257.5588684082031,264.4599914550781,265.2300109863281,260.2900085449219,260.5,22084700
678,678,678,2022-09-12,259.691650390625,266.6499938964844,267.45001220703125,265.1600036621094,265.7799987792969,18747700
679,679,679,2022-09-13,245.4142608642578,251.9900054931641,260.3999938964844,251.58999633789065,258.8399963378906,33353300
680,680,680,2022-09-14,245.6382598876953,252.22000122070312,254.22999572753903,249.8600006103516,253.52999877929688,23913000
681,681,681,2022-09-15,238.9767303466797,245.3800048828125,251.3999938964844,244.0200042724609,249.7700042724609,31530900
682,682,682,2022-09-16,238.3534545898437,244.7400054931641,245.3000030517578,242.0599975585937,244.259994506836,39791800
683,683,683,2022-09-19,238.13917541503903,244.5200042724609,245.13999938964844,240.8500061035156,242.47000122070312,26826900
684,684,684,2022-09-20,236.1232147216797,242.4499969482422,243.509994506836,239.63999938964844,242.07000732421875,26660300
685,685,685,2022-09-21,232.7145233154297,238.9499969482422,247.6600036621093,238.8999938964844,244.2700042724609,28625600
686,686,686,2022-09-22,234.6915435791016,240.97999572753903,243.8600006103516,237.57000732421875,237.8699951171875,31061200
687,687,687,2022-09-23,231.7114105224609,237.9199981689453,241.1300048828125,235.1999969482422,239.5399932861328,34176000
688,688,688,2022-09-26,231.253662109375,237.4499969482422,241.4499969482422,236.8999938964844,237.0500030517578,27694200
689,689,689,2022-09-27,230.2407989501953,236.4100036621093,241.8000030517578,234.5,239.97999572753903,27018700
690,690,690,2022-09-28,234.77919006347656,241.07000732421875,242.3300018310547,234.72999572753903,236.8099975585937,29029700
691,691,691,2022-09-29,231.3023681640625,237.5,239.9499969482422,234.4100036621093,238.88999938964844,27484200
692,692,692,2022-09-30,226.8224029541016,232.8999938964844,240.5399932861328,232.72999572753903,238.2899932861328,35694800
693,693,693,2022-10-03,234.4578399658203,240.7400054931641,241.6100006103516,234.6600036621093,235.4100036621093,28880400
694,694,694,2022-10-04,242.38540649414065,248.8800048828125,250.3600006103516,244.97999572753903,245.08999633789065,34888400
695,695,695,2022-10-05,242.69705200195312,249.1999969482422,250.5800018310547,244.1000061035156,245.9900054931641,20347100
696,696,696,2022-10-06,240.3499450683593,246.7899932861328,250.33999633789065,246.0800018310547,247.92999267578125,20239900
697,697,697,2022-10-07,228.12741088867188,234.2400054931641,241.32000732421875,233.1699981689453,240.8999938964844,37769600
698,698,698,2022-10-10,223.26763916015625,229.25,234.5599975585937,226.72999572753903,233.0500030517578,29743600
699,699,699,2022-10-11,219.52786254882807,225.4100036621093,229.0599975585937,224.1100006103516,227.6199951171875,30474000
700,700,700,2022-10-12,219.8589630126953,225.75,227.8600006103516,223.9600067138672,225.3999938964844,21903900
701,701,701,2022-10-13,228.12741088867188,234.2400054931641,236.1000061035156,219.1300048828125,219.8500061035156,42551800
702,702,702,2022-10-14,222.5956420898437,228.5599975585937,237.2400054931641,228.33999633789065,235.5399932861328,30198600
703,703,703,2022-10-17,231.3315887451172,237.52999877929688,238.9600067138672,235.13999938964844,235.82000732421875,28142300
704,704,704,2022-10-18,232.2762451171875,238.5,243.92999267578125,235.3699951171875,243.2400054931641,26329600
705,705,705,2022-10-19,230.3089904785156,236.47999572753903,239.6100006103516,234.2899932861328,237.0399932861328,19985700
706,706,706,2022-10-20,229.98757934570312,236.1499938964844,241.3099975585937,234.8699951171875,235.7700042724609,21811000
707,707,707,2022-10-21,235.80181884765625,242.1199951171875,243.0,234.5,234.7400054931641,26299700
708,708,708,2022-10-24,240.79795837402344,247.25,247.83999633789065,241.3000030517578,243.759994506836,24911200
709,709,709,2022-10-25,244.1189422607422,250.6600036621093,251.0399932861328,245.8300018310547,247.259994506836,34775500
710,710,710,2022-10-26,225.2836303710937,231.32000732421875,238.3000030517578,230.0599975585937,231.1699981689453,82543200
711,711,711,2022-10-27,220.8328857421875,226.75,233.69000244140625,225.77999877929688,231.0399932861328,40424600
712,712,712,2022-10-28,229.71490478515625,235.8699951171875,236.6000061035156,226.0500030517578,226.2400054931641,40647700
713,713,713,2022-10-31,226.0725250244141,232.1300048828125,234.9199981689453,231.1499938964844,233.759994506836,28357300
714,714,714,2022-11-01,222.21583557128903,228.1699981689453,235.7400054931641,227.3300018310547,234.6000061035156,30592300
715,715,715,2022-11-02,214.35646057128903,220.1000061035156,231.3000030517578,220.0399932861328,229.4600067138672,38407000
716,716,716,2022-11-03,208.6590576171875,214.25,220.4100036621093,213.97999572753903,220.08999633789065,36633900
717,717,717,2022-11-04,215.6127471923828,221.38999938964844,221.58999633789065,213.42999267578125,217.5500030517578,36789100
718,718,718,2022-11-07,221.9236755371093,227.8699951171875,228.4100036621093,221.27999877929688,221.9900054931641,33498000
719,719,719,2022-11-08,222.89756774902344,228.8699951171875,231.6499938964844,225.83999633789065,228.6999969482422,28192500
720,720,720,2022-11-09,218.65133666992188,224.509994506836,228.6300048828125,224.3300018310547,227.3699951171875,27852900
721,721,721,2022-11-10,236.6393585205078,242.97999572753903,243.3300018310547,235.0,235.42999267578125,46268000
722,722,722,2022-11-11,240.6615753173828,247.1100006103516,247.9900054931641,241.92999267578125,242.9900054931641,34620200
723,723,723,2022-11-14,235.2466735839844,241.5500030517578,243.9100036621093,239.2100067138672,241.9900054931641,31123300
724,724,724,2022-11-15,235.6557159423828,241.97000122070312,247.0,240.02999877929688,245.6600036621093,31390100
725,725,725,2022-11-16,236.08546447753903,241.72999572753903,243.8000030517578,240.4199981689453,242.7899932861328,24093300
726,726,726,2022-11-17,236.0366058349609,241.67999267578125,243.25,237.6300048828125,237.77999877929688,23123500
727,727,727,2022-11-18,235.5873260498047,241.22000122070312,243.7400054931641,239.02999877929688,243.509994506836,27613500
728,728,728,2022-11-21,236.39796447753903,242.0500030517578,244.6699981689453,241.19000244140625,241.42999267578125,26394700
729,729,729,2022-11-22,239.30838012695312,245.02999877929688,245.3099975585937,240.7100067138672,243.58999633789065,19665700
730,730,730,2022-11-23,241.79885864257807,247.5800018310547,248.27999877929688,244.2700042724609,245.1100006103516,19508500
731,731,731,2022-11-25,241.7109375,247.4900054931641,248.6999969482422,246.72999572753903,247.3099975585937,9200800
732,732,732,2022-11-28,236.1147308349609,241.759994506836,246.6499938964844,240.8000030517578,246.0800018310547,24778200
733,733,733,2022-11-29,234.7181701660156,240.3300018310547,242.7899932861328,238.2100067138672,241.3999938964844,17956300
734,734,734,2022-11-30,249.1822967529297,255.13999938964844,255.3300018310547,239.8600006103516,240.57000732421875,47594200
735,735,735,2022-12-01,248.7428131103516,254.69000244140625,256.1199951171875,250.9199981689453,253.8699951171875,26041500
736,736,736,2022-12-02,249.06512451171875,255.0200042724609,256.0599975585937,249.69000244140625,249.82000732421875,21528500
737,737,737,2022-12-05,244.357650756836,250.1999969482422,253.82000732421875,248.0599975585937,252.009994506836,23435300
738,738,738,2022-12-06,239.39630126953125,245.1199951171875,251.8600006103516,243.77999877929688,250.82000732421875,22463700
739,739,739,2022-12-07,238.66378784179688,244.3699951171875,246.1600036621093,242.2100067138672,244.8300018310547,20481500
740,740,740,2022-12-08,241.62307739257807,247.3999938964844,248.7400054931641,243.0599975585937,244.83999633789065,22611800
741,741,741,2022-12-09,239.68927001953125,245.4199981689453,248.3099975585937,244.1600036621093,244.6999969482422,20609700
742,742,742,2022-12-12,246.6136932373047,252.509994506836,252.5399932861328,247.1699981689453,247.4499969482422,30665100
743,743,743,2022-12-13,250.9207305908203,256.9200134277344,263.9200134277344,253.07000732421875,261.69000244140625,42196900
744,744,744,2022-12-14,251.21376037597656,257.2200012207031,262.5899963378906,254.3099975585937,257.1300048828125,35410900
745,745,745,2022-12-15,243.1954498291016,249.009994506836,254.1999969482422,247.33999633789065,253.72000122070312,35560400
746,746,746,2022-12-16,238.9763336181641,244.69000244140625,249.83999633789065,243.509994506836,248.5500030517578,86102000
747,747,747,2022-12-19,234.8353271484375,240.4499969482422,245.2100067138672,238.7100067138672,244.8600006103516,29696400
748,748,748,2022-12-20,236.15377807617188,241.8000030517578,242.9100036621093,238.4199981689453,239.3999938964844,25150800
749,749,749,2022-12-21,238.7223663330078,244.42999267578125,245.6199951171875,240.1100006103516,241.69000244140625,23690600
750,750,750,2022-12-22,232.62808227539065,238.19000244140625,241.9900054931641,233.8699951171875,241.259994506836,28651700
751,751,751,2022-12-23,233.15548706054688,238.72999572753903,238.8699951171875,233.94000244140625,236.1100006103516,21207000
752,752,752,2022-12-27,231.4268341064453,236.9600067138672,238.92999267578125,235.8300018310547,238.6999969482422,16688600
753,753,753,2022-12-28,229.05357360839844,234.52999877929688,239.72000122070312,234.1699981689453,236.88999938964844,17457100
754,754,754,2022-12-29,235.3822631835937,241.009994506836,241.9199981689453,235.6499938964844,235.6499938964844,19770700
755,755,755,2022-12-30,234.22003173828125,239.82000732421875,239.9600067138672,236.6600036621093,238.2100067138672,21938500
756,756,756,2023-01-03,233.98562622070312,239.5800018310547,245.75,237.3999938964844,243.0800018310547,25740000
757,757,757,2023-01-04,223.75038146972656,229.1000061035156,232.8699951171875,225.9600067138672,232.27999877929688,50623400
758,758,758,2023-01-05,217.1189117431641,222.3099975585937,227.5500030517578,221.759994506836,227.1999969482422,39585600
759,759,759,2023-01-06,219.6776885986328,224.92999267578125,225.759994506836,219.3500061035156,223.0,43613600
760,760,760,2023-01-09,221.8165740966797,227.1199951171875,231.2400054931641,226.4100036621093,226.4499969482422,27369800
761,761,761,2023-01-10,223.5061950683593,228.8500061035156,231.3099975585937,227.3300018310547,227.759994506836,27033900
762,762,762,2023-01-11,230.2646331787109,235.7700042724609,235.9499969482422,231.1100006103516,231.2899932861328,28669300
763,763,763,2023-01-12,232.9406280517578,238.509994506836,239.8999938964844,233.5599975585937,235.259994506836,27269500
764,764,764,2023-01-13,233.643798828125,239.22999572753903,239.3699951171875,234.9199981689453,237.0,21333300
765,765,765,2023-01-17,234.7376708984375,240.3500061035156,240.9100036621093,237.08999633789065,237.97000122070312,29831300
766,766,766,2023-01-18,230.3036651611328,235.8099975585937,242.3800048828125,235.5200042724609,241.57000732421875,30028700
767,767,767,2023-01-19,226.5142822265625,231.92999267578125,235.5200042724609,230.67999267578125,233.77999877929688,28623000
768,768,768,2023-01-20,234.61070251464844,240.22000122070312,240.7400054931641,234.509994506836,234.8600006103516,35389800
769,769,769,2023-01-23,236.91555786132807,242.5800018310547,245.1699981689453,239.6499938964844,241.1000061035156,31934000
770,770,770,2023-01-24,236.38821411132807,242.0399932861328,243.9499969482422,240.44000244140625,242.5,40234400
771,771,771,2023-01-25,234.99159240722656,240.6100006103516,243.3000030517578,230.8999938964844,234.47999572753903,66526600
772,772,772,2023-01-26,242.20901489257807,248.0,248.3099975585937,242.0,243.6499938964844,33454500
773,773,773,2023-01-27,242.3653106689453,248.1600036621093,249.8300018310547,246.8300018310547,248.9900054931641,26498900
774,774,774,2023-01-30,237.04258728027344,242.7100067138672,245.6000061035156,242.1999969482422,244.509994506836,25867400
775,775,775,2023-01-31,242.02346801757807,247.8099975585937,247.9499969482422,242.9499969482422,243.4499969482422,26541100
776,776,776,2023-02-01,246.84811401367188,252.75,255.17999267578125,245.47000122070312,248.0,31259900
777,777,777,2023-02-02,258.4213562011719,264.6000061035156,264.69000244140625,257.25,258.82000732421875,39940400
778,778,778,2023-02-03,252.3173370361328,258.3500061035156,264.20001220703125,257.1000061035156,259.5400085449219,29077300
779,779,779,2023-02-06,250.7742156982422,256.7699890136719,258.29998779296875,254.77999877929688,257.44000244140625,22518000
780,780,780,2023-02-07,261.3122863769531,267.5599975585937,268.7699890136719,260.0799865722656,260.5299987792969,50841400
781,781,781,2023-02-08,260.501708984375,266.7300109863281,276.760009765625,266.2099914550781,273.20001220703125,54686000
782,782,782,2023-02-09,257.4642333984375,263.6199951171875,273.9800109863281,262.79998779296875,273.79998779296875,42375100
783,783,783,2023-02-10,256.9564514160156,263.1000061035156,264.0899963378906,260.6600036621094,261.5299987792969,25818500
784,784,784,2023-02-13,264.9844970703125,271.32000732421875,274.6000061035156,267.1499938964844,267.6400146484375,44630900
785,785,785,2023-02-14,265.8146057128906,272.1700134277344,274.9700012207031,269.2799987792969,272.6700134277344,37047900
786,786,786,2023-02-15,263.6900329589844,269.32000732421875,270.7300109863281,266.17999267578125,268.32000732421875,28922400
787,787,787,2023-02-16,256.6698913574219,262.1499938964844,266.739990234375,261.8999938964844,264.0199890136719,29603600
788,788,788,2023-02-17,252.66539001464844,258.0599975585937,260.0899963378906,256.0,259.3900146484375,30000100
789,789,789,2023-02-21,247.3880615234375,252.6699981689453,255.4900054931641,251.58999633789065,254.47999572753903,28397400
790,790,790,2023-02-22,246.25230407714844,251.509994506836,254.33999633789065,250.33999633789065,254.08999633789065,22491100
791,791,791,2023-02-23,249.44419860839844,254.7700042724609,256.8399963378906,250.47999572753903,255.5599975585937,29219100
792,792,792,2023-02-24,244.0102081298828,249.22000122070312,251.0,248.1000061035156,249.9600067138672,24990900
793,793,793,2023-02-27,244.93055725097656,250.1600036621093,252.82000732421875,249.38999938964844,252.4600067138672,21190000
794,794,794,2023-02-28,244.20602416992188,249.4199981689453,251.4900054931641,248.72999572753903,249.07000732421875,22491000
795,795,795,2023-03-01,241.121826171875,246.2700042724609,250.92999267578125,245.7899932861328,250.759994506836,27565300
796,796,796,2023-03-02,245.8606872558593,251.1100006103516,251.3999938964844,245.6100006103516,246.5500030517578,24808200
797,797,797,2023-03-03,249.95330810546875,255.2899932861328,255.6199951171875,251.38999938964844,252.19000244140625,30760100
798,798,798,2023-03-06,251.50027465820312,256.8699951171875,260.1199951171875,255.97999572753903,256.42999267578125,24109800
799,799,799,2023-03-07,248.83712768554688,254.1499938964844,257.69000244140625,253.38999938964844,256.29998779296875,21473200
800,800,800,2023-03-08,248.39654541015625,253.6999969482422,254.5399932861328,250.8099975585937,254.0399932861328,17340200
801,801,801,2023-03-09,247.04541015625,252.32000732421875,259.5599975585937,251.5800018310547,255.82000732421875,26653400
802,802,802,2023-03-10,243.3933563232422,248.58999633789065,252.7899932861328,247.6000061035156,251.0800018310547,28333900
803,803,803,2023-03-13,248.61192321777344,253.9199981689453,257.9100036621094,245.72999572753903,247.3999938964844,33339700
804,804,804,2023-03-14,255.33834838867188,260.7900085449219,261.07000732421875,255.8600006103516,256.75,33620300
805,805,805,2023-03-15,259.8911437988281,265.44000244140625,266.4800109863281,259.2099914550781,259.9800109863281,46028000
806,806,806,2023-03-16,270.4261779785156,276.20001220703125,276.5599975585937,263.2799987792969,265.2099914550781,54768800
807,807,807,2023-03-17,273.5886535644531,279.42999267578125,283.3299865722656,276.32000732421875,278.260009765625,69527400
808,808,808,2023-03-20,266.5392150878906,272.2300109863281,277.4800109863281,269.8500061035156,276.9800109863281,43466600
809,809,809,2023-03-21,268.0567321777344,273.7799987792969,275.0,269.5199890136719,274.8800048828125,34558700
810,810,810,2023-03-22,266.59796142578125,272.2900085449219,281.0400085449219,272.17999267578125,273.3999938964844,34873300
811,811,811,2023-03-23,271.855712890625,277.6600036621094,281.0599975585937,275.20001220703125,277.94000244140625,36610900
812,812,812,2023-03-24,274.704833984375,280.57000732421875,280.6300048828125,275.2799987792969,277.239990234375,28172000
813,813,813,2023-03-27,270.6024780273437,276.3800048828125,281.4599914550781,275.5199890136719,280.5,26840200
814,814,814,2023-03-28,269.4764709472656,275.2300109863281,276.1400146484375,272.04998779296875,275.7900085449219,21878600
815,815,815,2023-03-29,274.6461181640625,280.510009765625,281.1400146484375,278.4100036621094,278.9599914550781,25087000
816,816,816,2023-03-30,278.11212158203125,284.04998779296875,284.4599914550781,281.4800109863281,284.2300109863281,25053400
817,817,817,2023-03-31,282.27325439453125,288.29998779296875,289.2699890136719,283.0,283.7300109863281,32766000
818,818,818,2023-04-03,281.2256164550781,287.2300109863281,288.2699890136719,283.95001220703125,286.5199890136719,24883300
819,819,819,2023-04-04,281.1766357421875,287.17999267578125,290.45001220703125,285.6700134277344,287.2300109863281,25824300
820,820,820,2023-04-05,278.39599609375,284.3399963378906,287.1499938964844,282.9200134277344,285.8500061035156,22064800
821,821,821,2023-04-06,285.5042724609375,291.6000061035156,292.0799865722656,282.0299987792969,283.2099914550781,29770300
822,822,822,2023-04-10,283.3404846191406,289.3900146484375,289.6000061035156,284.7099914550781,289.2099914550781,23103000
823,823,823,2023-04-11,276.9175720214844,282.8299865722656,285.9800109863281,281.6400146484375,285.75,27276600
824,824,824,2023-04-12,277.56378173828125,283.489990234375,287.010009765625,281.9599914550781,284.7900085449219,27403400
825,825,825,2023-04-13,283.7810363769531,289.8399963378906,289.8999938964844,283.1700134277344,283.5899963378906,24222700
826,826,826,2023-04-14,280.1584167480469,286.1400146484375,288.4800109863281,283.69000244140625,287.0,20987900
827,827,827,2023-04-17,282.7627868652344,288.79998779296875,291.6000061035156,286.1600036621094,289.92999267578125,23836200
828,828,828,2023-04-18,282.3417663574219,288.3699951171875,291.760009765625,287.010009765625,291.57000732421875,20161800
829,829,829,2023-04-19,282.42010498046875,288.45001220703125,289.04998779296875,284.5400085449219,285.989990234375,17150300
830,830,830,2023-04-20,280.1289978027344,286.1099853515625,289.0299987792969,285.0799865722656,285.25,23244400
831,831,831,2023-04-21,279.7863464355469,285.760009765625,286.2699890136719,283.0599975585937,285.010009765625,21676400
832,832,832,2023-04-24,275.8797302246094,281.7699890136719,284.95001220703125,278.7200012207031,282.0899963378906,26611000
833,833,833,2023-04-25,269.6625061035156,275.4200134277344,281.6000061035156,275.3699951171875,279.510009765625,45772200
834,834,834,2023-04-26,289.1954650878906,295.3699951171875,299.57000732421875,292.7300109863281,296.70001220703125,64599200
835,835,835,2023-04-27,298.4576721191406,304.8299865722656,305.20001220703125,295.25,295.9700012207031,46462600
836,836,836,2023-04-28,300.8368835449219,307.260009765625,308.92999267578125,303.3099975585937,304.010009765625,36469600
837,837,837,2023-05-01,299.17242431640625,305.5599975585937,308.6000061035156,305.1499938964844,306.9700012207031,21294100
838,838,838,2023-05-02,299.0256042480469,305.4100036621094,309.17999267578125,303.9100036621094,307.760009765625,26404400
839,839,839,2023-05-03,298.0366516113281,304.3999938964844,308.6099853515625,304.0899963378906,306.6199951171875,22360800
840,840,840,2023-05-04,299.0256042480469,305.4100036621094,307.760009765625,303.3999938964844,306.239990234375,22519900
841,841,841,2023-05-05,304.156005859375,310.6499938964844,311.9700012207031,304.2699890136719,305.7200012207031,28197100
842,842,842,2023-05-08,302.1978454589844,308.6499938964844,310.20001220703125,306.0899963378906,310.1300048828125,21318600
843,843,843,2023-05-09,300.5823059082031,307.0,310.0400085449219,306.3099975585937,308.0,21340800
844,844,844,2023-05-10,305.78131103515625,312.3099975585937,313.0,307.6700134277344,308.6199951171875,30078000
845,845,845,2023-05-11,303.6272888183594,310.1099853515625,311.1199951171875,306.260009765625,310.1000061035156,31680200
846,846,846,2023-05-12,302.5111694335937,308.9700012207031,310.6499938964844,306.6000061035156,310.54998779296875,19774700
847,847,847,2023-05-15,302.99090576171875,309.4599914550781,309.8999938964844,307.5899963378906,309.1000061035156,16336500
848,848,848,2023-05-16,305.2232360839844,311.739990234375,313.7099914550781,309.8299865722656,309.8299865722656,26730300
849,849,849,2023-05-17,308.1080322265625,314.0,314.42999267578125,310.739990234375,312.2900085449219,24315000
850,850,850,2023-05-18,312.5432434082031,318.5199890136719,319.0400085449219,313.7200012207031,314.5299987792969,27276000
851,851,851,2023-05-19,312.3666076660156,318.3399963378906,318.75,316.3699951171875,316.739990234375,27546700
852,852,852,2023-05-22,315.1533508300781,321.17999267578125,322.5899963378906,318.010009765625,318.6000061035156,24115700
853,853,853,2023-05-23,309.3444519042969,315.260009765625,322.7200012207031,315.25,320.0299987792969,30797200
854,854,854,2023-05-24,307.9608764648437,313.8500061035156,316.5,312.6099853515625,314.7300109863281,23384900
855,855,855,2023-05-25,319.8043518066406,325.9200134277344,326.8999938964844,320.0,323.239990234375,43301700
856,856,856,2023-05-26,326.6435852050781,332.8900146484375,333.3999938964844,323.8800048828125,324.0199890136719,36630600
857,857,857,2023-05-30,324.9951477050781,331.2099914550781,335.739990234375,330.5199890136719,335.2300109863281,29503100
858,858,858,2023-05-31,322.2281188964844,328.3900146484375,335.94000244140625,327.3299865722656,332.2900085449219,45950600
859,859,859,2023-06-01,326.3393859863281,332.5799865722656,333.5299987792969,324.7200012207031,325.92999267578125,26773900
860,860,860,2023-06-02,329.1064758300781,335.3999938964844,337.5,332.54998779296875,334.25,25873800
861,861,861,2023-06-05,329.6364440917969,335.94000244140625,338.5599975585937,334.6600036621094,335.2200012207031,21307100
862,862,862,2023-06-06,327.4187927246094,333.67999267578125,335.3699951171875,332.1700134277344,335.3299865722656,20396200
863,863,863,2023-06-07,317.31207275390625,323.3800048828125,334.489990234375,322.5,331.6499938964844,40717100
864,864,864,2023-06-08,319.15679931640625,325.260009765625,326.6400146484375,323.3500061035156,323.94000244140625,23277700
865,865,865,2023-06-09,320.6580810546875,326.7900085449219,329.989990234375,324.4100036621094,324.989990234375,22529000
866,866,866,2023-06-12,325.6231384277344,331.8500061035156,332.1000061035156,325.1600036621094,328.5799865722656,24260300
867,867,867,2023-06-13,328.01739501953125,334.2900085449219,336.9800109863281,330.3900146484375,334.4700012207031,22951300
868,868,868,2023-06-14,331.0101318359375,337.3399963378906,339.0400085449219,332.8099975585937,334.3399963378906,26003800
869,869,869,2023-06-15,341.5682983398437,348.1000061035156,349.8399963378906,337.20001220703125,337.4800109863281,38899100
870,870,870,2023-06-16,335.9064636230469,342.3299865722656,351.4700012207031,341.95001220703125,351.32000732421875,46552000
871,871,871,2023-06-20,331.7067565917969,338.04998779296875,342.0799865722656,335.8599853515625,339.3099975585937,26375400
872,872,872,2023-06-21,327.3009948730469,333.5599975585937,337.7300109863281,332.07000732421875,336.3699951171875,25117800
873,873,873,2023-06-22,333.3356628417969,339.7099914550781,340.1199951171875,333.3399963378906,334.1199951171875,23556800
874,874,874,2023-06-23,328.733642578125,335.0199890136719,337.9599914550781,333.45001220703125,334.3599853515625,23146900
875,875,875,2023-06-26,322.4341125488281,328.6000061035156,336.1099853515625,328.489990234375,333.7200012207031,21520600
876,876,876,2023-06-27,328.2921142578125,334.57000732421875,336.1499938964844,329.29998779296875,331.8599853515625,24354100
877,877,877,2023-06-28,329.5481262207031,335.8500061035156,337.9800109863281,333.8099975585937,334.6600036621094,20259500
878,878,878,2023-06-29,328.7630615234375,335.04998779296875,336.1099853515625,332.6199951171875,334.7099914550781,16997000
879,879,879,2023-06-30,334.1500549316406,340.5400085449219,342.7300109863281,337.20001220703125,337.75,26832800
880,880,880,2023-07-03,331.64794921875,337.989990234375,340.8999938964844,336.57000732421875,339.19000244140625,12508700
881,881,881,2023-07-05,331.8049011230469,338.1499938964844,341.6499938964844,334.7300109863281,335.0899963378906,18172400
882,882,882,2023-07-06,334.8663635253906,341.2699890136719,342.989990234375,335.5,337.29998779296875,28161200
883,883,883,2023-07-07,330.8923645019531,337.2200012207031,341.7900085449219,337.0,339.32000732421875,21214800
884,884,884,2023-07-10,325.6035461425781,331.8299865722656,335.2300109863281,327.5899963378906,334.6000061035156,32791400
885,885,885,2023-07-11,326.2314758300781,332.4700012207031,332.8599853515625,327.0,331.0599975585937,26698200
886,886,886,2023-07-12,330.8727722167969,337.20001220703125,341.6499938964844,335.6700134277344,336.6000061035156,29995300
887,887,887,2023-07-13,336.2303161621094,342.6600036621094,343.739990234375,339.0199890136719,339.5599975585937,20567200
888,888,888,2023-07-14,338.7618713378906,345.239990234375,351.42999267578125,344.3099975585937,347.5899963378906,28352700
889,889,889,2023-07-17,339.24267578125,345.7300109863281,346.989990234375,342.20001220703125,345.67999267578125,20363900
890,890,890,2023-07-18,352.74444580078125,359.489990234375,366.7799987792969,342.1700134277344,345.8299865722656,64738600
891,891,891,2023-07-19,348.4172668457031,355.0799865722656,362.4599914550781,352.44000244140625,361.75,39732900
892,892,892,2023-07-20,340.361328125,346.8699951171875,357.9700012207031,345.3699951171875,353.57000732421875,33778400
893,893,893,2023-07-21,337.3194885253906,343.7699890136719,350.29998779296875,339.8299865722656,349.1499938964844,69405400
894,894,894,2023-07-24,338.63433837890625,345.1099853515625,346.9200134277344,342.3099975585937,345.8500061035156,26678100
895,895,895,2023-07-25,344.3941345214844,350.9800109863281,351.8900146484375,345.07000732421875,347.1099853515625,41637700
896,896,896,2023-07-26,331.4320373535156,337.7699890136719,344.6700134277344,333.1099853515625,341.44000244140625,58383700
897,897,897,2023-07-27,324.51434326171875,330.7200012207031,341.3299865722656,329.04998779296875,340.4800109863281,39635300
898,898,898,2023-07-28,332.02081298828125,338.3699951171875,340.010009765625,333.1700134277344,333.6700134277344,28484900
899,899,899,2023-07-31,329.61676025390625,335.9200134277344,337.70001220703125,333.3599853515625,336.9200134277344,25446000
900,900,900,2023-08-01,330.02880859375,336.3399963378906,338.5400085449219,333.70001220703125,335.19000244140625,18311900
901,901,901,2023-08-02,321.354736328125,327.5,333.6300048828125,326.3599853515625,333.6300048828125,27761300
902,902,902,2023-08-03,320.530517578125,326.6600036621094,329.8800048828125,325.95001220703125,326.0,18253700
903,903,903,2023-08-04,321.62945556640625,327.7799987792969,335.1400146484375,327.239990234375,331.8800048828125,23741500
904,904,904,2023-08-07,323.915771484375,330.1099853515625,331.1099853515625,327.5199890136719,328.3699951171875,17741500
905,905,905,2023-08-08,319.9320068359375,326.04998779296875,328.75,323.0,326.9599914550781,22327600
906,906,906,2023-08-09,316.1836853027344,322.2300109863281,327.1099853515625,321.04998779296875,326.4700012207031,22373300
907,907,907,2023-08-10,316.8705139160156,322.92999267578125,328.260009765625,321.17999267578125,326.0199890136719,20113700
908,908,908,2023-08-11,314.986572265625,321.010009765625,322.4100036621094,319.2099914550781,320.260009765625,24355500
909,909,909,2023-08-14,317.9596862792969,324.0400085449219,324.0599975585937,320.0799865722656,321.3900146484375,18836100
910,910,910,2023-08-15,315.82061767578125,321.8599853515625,325.0899963378906,320.8999938964844,323.0,16966300
911,911,911,2023-08-16,315.0535888671875,320.3999938964844,324.4200134277344,319.79998779296875,320.79998779296875,20698900
912,912,912,2023-08-17,311.5923767089844,316.8800048828125,321.8699951171875,316.2099914550781,320.5400085449219,21257200
913,913,913,2023-08-18,311.19903564453125,316.4800109863281,318.3800048828125,311.54998779296875,314.489990234375,24755000
914,914,914,2023-08-21,316.5089111328125,321.8800048828125,322.7699890136719,317.0400085449219,317.92999267578125,24040000
915,915,915,2023-08-22,317.0792541503906,322.4599914550781,326.0799865722656,321.4599914550781,325.5,16084600
916,916,916,2023-08-23,321.54351806640625,327.0,329.20001220703125,323.4599914550781,323.82000732421875,21166400
917,917,917,2023-08-24,314.6307678222656,319.9700012207031,332.9800109863281,319.9599914550781,332.8500061035156,23281400
918,918,918,2023-08-25,317.5905456542969,322.9800109863281,325.3599853515625,318.79998779296875,321.4700012207031,21684100
919,919,919,2023-08-28,318.298583984375,323.70001220703125,326.1499938964844,321.7200012207031,325.6600036621094,14808500
920,920,920,2023-08-29,322.92999267578125,328.4100036621094,328.9800109863281,321.8800048828125,321.8800048828125,19284600
921,921,921,2023-08-30,323.3036499023437,328.7900085449219,329.8099975585937,326.45001220703125,328.6700134277344,15222100
922,922,922,2023-08-31,322.290771484375,327.760009765625,330.9100036621094,326.7799987792969,329.20001220703125,26411000
923,923,923,2023-09-01,323.17578125,328.6600036621094,331.989990234375,326.7799987792969,331.3099975585937,14942000
924,924,924,2023-09-05,327.98419189453125,333.54998779296875,334.8500061035156,328.6600036621094,329.0,18553900
925,925,925,2023-09-06,327.3254089355469,332.8800048828125,334.4599914550781,330.17999267578125,333.3800048828125,17535800
926,926,926,2023-09-07,324.4049377441406,329.9100036621094,333.0799865722656,329.0299987792969,331.2900085449219,18381000
927,927,927,2023-09-08,328.6921691894531,334.2699890136719,336.1600036621094,329.4599914550781,330.0899963378906,19530100
928,928,928,2023-09-11,332.3009338378906,337.94000244140625,338.4200134277344,335.42999267578125,337.239990234375,16583300
929,929,929,2023-09-12,326.2338562011719,331.7699890136719,336.7900085449219,331.4800109863281,335.82000732421875,17565500
930,930,930,2023-09-13,330.45233154296875,336.0599975585937,336.8500061035156,331.1700134277344,331.3099975585937,16544400
931,931,931,2023-09-14,333.0482788085937,338.70001220703125,340.8599853515625,336.57000732421875,339.1499938964844,20267000
932,932,932,2023-09-15,324.709716796875,330.2200012207031,337.3999938964844,329.6499938964844,336.9200134277344,37679800
933,933,933,2023-09-18,323.569091796875,329.0599975585937,330.3999938964844,326.3599853515625,327.79998779296875,16834200
934,934,934,2023-09-19,323.1659240722656,328.6499938964844,329.3900146484375,324.510009765625,326.1700134277344,16505900
935,935,935,2023-09-20,315.41748046875,320.7699890136719,329.5899963378906,320.510009765625,329.510009765625,21436500
936,936,936,2023-09-21,314.1981506347656,319.5299987792969,325.3500061035156,315.0,319.260009765625,35560400
937,937,937,2023-09-22,311.7201843261719,317.010009765625,321.45001220703125,316.1499938964844,321.32000732421875,21447900
938,938,938,2023-09-25,312.2413635253906,317.5400085449219,317.6700134277344,315.0,316.5899963378906,17836000
939,939,939,2023-09-26,306.9314880371094,312.1400146484375,315.8800048828125,310.0199890136719,315.1300048828125,26297600
940,940,940,2023-09-27,307.5705871582031,312.7900085449219,314.29998779296875,309.69000244140625,312.29998779296875,19410100
941,941,941,2023-09-28,308.4064025878906,313.6400146484375,315.4800109863281,309.45001220703125,310.989990234375,19683600
942,942,942,2023-09-29,310.481201171875,315.75,319.4700012207031,314.9800109863281,317.75,24147300
943,943,943,2023-10-02,316.4302062988281,321.79998779296875,321.8900146484375,315.17999267578125,316.2799987792969,20570000
944,944,944,2023-10-03,308.1606140136719,313.3900146484375,321.3900146484375,311.2099914550781,320.8299865722656,21033500
945,945,945,2023-10-04,313.6376953125,318.9599914550781,320.0400085449219,314.0,314.0299987792969,20720100
946,946,946,2023-10-05,314.03094482421875,319.3599853515625,319.9800109863281,314.8999938964844,319.0899963378906,16965600
947,947,947,2023-10-06,321.79913330078125,327.260009765625,329.19000244140625,316.29998779296875,316.54998779296875,25673600
948,948,948,2023-10-09,324.31640625,329.82000732421875,330.29998779296875,323.17999267578125,324.75,19891200
949,949,949,2023-10-10,322.91033935546875,328.3900146484375,331.1000061035156,327.6700134277344,330.9599914550781,20557100
950,950,950,2023-10-11,326.873046875,332.4200134277344,332.82000732421875,329.1400146484375,331.2099914550781,20063200
951,951,951,2023-10-12,325.634033203125,331.1600036621094,333.6300048828125,328.7200012207031,330.57000732421875,19313100
952,952,952,2023-10-13,322.2613220214844,327.7300109863281,333.8299865722656,326.3599853515625,332.3800048828125,21072400
953,953,953,2023-10-16,327.0893249511719,332.6400146484375,336.1400146484375,330.6000061035156,331.04998779296875,22158000
954,954,954,2023-10-17,326.5190734863281,332.0599975585937,333.4599914550781,327.4100036621094,329.5899963378906,18338500
955,955,955,2023-10-18,324.6015625,330.1099853515625,335.5899963378906,328.29998779296875,332.489990234375,23153600
956,956,956,2023-10-19,325.7914123535156,331.32000732421875,336.8800048828125,330.9100036621094,332.1499938964844,25052100
957,957,957,2023-10-20,321.2189636230469,326.6700134277344,331.9200134277344,325.45001220703125,331.7200012207031,25027700
958,958,958,2023-10-23,323.82470703125,329.32000732421875,332.7300109863281,324.3900146484375,325.4700012207031,24374700
959,959,959,2023-10-24,325.0145568847656,330.5299987792969,331.8399963378906,327.6000061035156,331.29998779296875,31153600
960,960,960,2023-10-25,334.98541259765625,340.6700134277344,346.20001220703125,337.6199951171875,345.0199890136719,55053800
961,961,961,2023-10-26,322.4186706542969,327.8900146484375,341.6300048828125,326.94000244140625,340.5400085449219,37828500
962,962,962,2023-10-27,324.3065795898437,329.8099975585937,336.7200012207031,328.3999938964844,330.42999267578125,29856500
963,963,963,2023-10-30,331.6814270019531,337.3099975585937,339.45001220703125,331.8299865722656,333.4100036621094,22828100
964,964,964,2023-10-31,332.4680480957031,338.1099853515625,339.0,334.69000244140625,338.8500061035156,20265300
965,965,965,2023-11-01,340.29522705078125,346.07000732421875,347.4200134277344,339.6499938964844,339.7900085449219,28158800
966,966,966,2023-11-02,342.5077514648437,348.32000732421875,348.8299865722656,344.7699890136719,347.239990234375,24348100
967,967,967,2023-11-03,346.9129638671875,352.79998779296875,354.3900146484375,347.3299865722656,349.6300048828125,23637700
968,968,968,2023-11-06,350.58074951171875,356.5299987792969,357.5400085449219,353.3500061035156,353.45001220703125,23828300
969,969,969,2023-11-07,354.5140075683594,360.5299987792969,362.4599914550781,357.6300048828125,359.3999938964844,25833900
970,970,970,2023-11-08,357.1394348144531,363.2000122070313,363.8699951171875,360.5499877929688,361.6799926757813,26767800
971,971,971,2023-11-09,354.6712646484375,360.6900024414063,364.7900085449219,360.3599853515625,362.2999877929688,24847300
972,972,972,2023-11-10,363.5015258789063,369.6700134277344,370.1000061035156,361.0700073242188,361.489990234375,28042100
973,973,973,2023-11-13,360.5613708496094,366.6799926757813,368.4700012207031,365.8999938964844,368.2200012207031,19986500
974,974,974,2023-11-14,364.0914306640625,370.2699890136719,371.9500122070313,367.3500061035156,371.010009765625,27683900
975,975,975,2023-11-15,364.2392883300781,369.6700134277344,373.1300048828125,367.1099853515625,371.2799987792969,26860100
976,976,976,2023-11-16,370.6437377929688,376.1700134277344,376.3500061035156,370.1799926757813,370.9599914550781,27182300
977,977,977,2023-11-17,364.4165954589844,369.8500061035156,374.3699951171875,367.0,373.6099853515625,40157000
978,978,978,2023-11-20,371.8950805664063,377.4400024414063,378.8699951171875,371.0,371.2200012207031,52465100
979,979,979,2023-11-21,367.58929443359375,373.0700073242188,376.2200012207031,371.1199951171875,375.6700134277344,28423100
980,980,980,2023-11-22,372.299072265625,377.8500061035156,379.7900085449219,374.9700012207031,378.0,23345300
981,981,981,2023-11-24,371.8853149414063,377.4299926757813,377.9700012207031,375.1400146484375,377.3299865722656,10176600
982,982,982,2023-11-27,373.0478820800781,378.6099853515625,380.6400146484375,376.2000122070313,376.7799987792969,22179200
983,983,983,2023-11-28,377.0778198242188,382.7000122070313,383.0,378.1600036621094,378.3500061035156,20453100
984,984,984,2023-11-29,373.2843933105469,378.8500061035156,384.2999877929688,377.4400024414063,383.760009765625,28963400
985,985,985,2023-11-30,373.3435363769531,378.9100036621094,380.0899963378906,375.4700012207031,378.489990234375,30554400
986,986,986,2023-12-01,369.0081787109375,374.510009765625,378.1600036621094,371.30999755859375,376.760009765625,33040500
987,987,987,2023-12-04,363.7170104980469,369.1400146484375,369.5199890136719,362.8999938964844,369.1000061035156,32063300
988,988,988,2023-12-05,367.04736328125,372.5199890136719,373.0799865722656,365.6199951171875,366.4500122070313,23065000
989,989,989,2023-12-06,363.3819885253906,368.7999877929688,374.1799926757813,368.0299987792969,373.5400085449219,21182100
990,990,990,2023-12-07,365.50048828125,370.9500122070313,371.4500122070313,366.3200073242188,368.2300109863281,23118900
991,991,991,2023-12-08,368.7322387695313,374.2300109863281,374.4599914550781,368.2300109863281,369.2000122070313,20154400
992,992,992,2023-12-11,365.8452758789063,371.2999877929688,371.6000061035156,366.1000061035156,368.4800109863281,27708800
993,993,993,2023-12-12,368.8800354003906,374.3800048828125,374.4200134277344,370.4599914550781,370.8500061035156,24838300
994,994,994,2023-12-13,368.8702087402344,374.3699951171875,377.6400146484375,370.7699890136719,376.0199890136719,30955500
995,995,995,2023-12-14,360.55413818359375,365.9299926757813,373.760009765625,364.1300048828125,373.30999755859375,43277500
996,996,996,2023-12-15,365.28369140625,370.7300109863281,372.3999938964844,366.2799987792969,366.8500061035156,78502300
997,997,997,2023-12-18,367.1754455566406,372.6499938964844,373.0,368.6799926757813,369.4500122070313,21802900
998,998,998,2023-12-19,367.7765502929688,373.260009765625,373.260009765625,369.8399963378906,371.489990234375,20603700
999,999,999,2023-12-20,365.1752624511719,370.6199951171875,376.0299987792969,370.5299987792969,375.0,26316700
1000,1000,1000,2023-12-21,368.0523986816406,373.5400085449219,374.4100036621094,370.0400085449219,372.55999755859375,17708000
1001,1001,1001,2023-12-22,369.0771179199219,374.5799865722656,375.1799926757813,372.7099914550781,373.6799926757813,17107500
1002,1002,1002,2023-12-26,369.1559448242188,374.6600036621094,376.9400024414063,373.5,375.0,12673100
1003,1003,1003,2023-12-27,368.57464599609375,374.0700073242188,375.05999755859375,372.80999755859375,373.6900024414063,14905400
1004,1004,1004,2023-12-28,369.7668151855469,375.2799987792969,376.4599914550781,374.1600036621094,375.3699951171875,14327000
1005,1005,1005,2023-12-29,370.5157165527344,376.0400085449219,377.1600036621094,373.4800109863281,376.0,18730800
