date,adjclose,close,high,low,open,volume
2015-01-02,39.76769256591797,46.7599983215332,47.41999816894531,46.540000915527344,46.65999984741211,27913900
2015-01-05,39.4019889831543,46.33000183105469,46.72999954223633,46.25,46.369998931884766,39673900
2015-01-06,38.82366943359375,45.650001525878906,46.75,45.540000915527344,46.380001068115234,36447900
2015-01-07,39.31695175170898,46.22999954223633,46.459999084472656,45.4900016784668,45.97999954223633,29114100
2015-01-08,40.47356796264648,47.59000015258789,47.75,46.720001220703125,46.75,29645200
2015-01-09,40.13338088989258,47.18999862670898,47.81999969482422,46.900001525878906,47.61000061035156,23944200
2015-01-12,39.631622314453125,46.59999847412109,47.540000915527344,46.36000061035156,47.41999816894531,23651900
2015-01-13,39.427494049072266,46.36000061035156,47.90999984741211,46.060001373291016,46.970001220703125,35270600
2015-01-14,39.08732604980469,45.959999084472656,46.2400016784668,45.619998931884766,45.959999084472656,29719600
2015-01-15,38.67910385131836,45.47999954223633,46.380001068115234,45.40999984741211,46.220001220703125,32750800
2015-01-16,39.32546615600586,46.2400016784668,46.27999877929688,45.16999816894531,45.310001373291016,35695300
2015-01-20,39.45301818847656,46.38999938964844,46.650001525878906,45.56999969482422,46.29999923706055,36161900
2015-01-21,39.05329132080078,45.91999816894531,46.13999938964844,45.47999954223633,45.93999862670898,39081100
2015-01-22,40.08234405517578,47.130001068115234,47.13999938964844,46.08000183105469,46.380001068115234,35898000
2015-01-23,40.1248779296875,47.18000030517578,47.38999938964844,46.79999923706055,47.36000061035156,26211600
2015-01-26,39.98030090332031,47.0099983215332,47.130001068115234,46.2400016784668,47.0,42525500
2015-01-27,36.280792236328125,42.65999984741211,43.20000076293945,42.11000061035156,42.95000076293945,169164000
2015-01-28,35.03060531616211,41.18999862670898,42.790000915527344,41.15999984741211,42.7400016784668,84507100
2015-01-29,35.72798156738281,42.0099983215332,42.119998931884766,40.790000915527344,40.93000030517578,63585300
2015-01-30,34.358734130859375,40.400001525878906,41.58000183105469,40.34999847412109,41.54999923706055,78004900
2015-02-02,35.107139587402344,41.27999877929688,41.369998931884766,40.22999954223633,40.59000015258789,50352500
2015-02-03,35.379302978515625,41.59999847412109,41.93000030517578,41.04999923706055,41.630001068115234,52082400
2015-02-04,35.583404541015625,41.84000015258789,42.209999084472656,41.36000061035156,41.93999862670898,41614800
2015-02-05,36.10220336914063,42.45000076293945,42.63999938964844,41.86000061035156,42.220001220703125,36548200
2015-02-06,36.06815719604492,42.40999984741211,42.790000915527344,42.150001525878906,42.68000030517578,34616600
2015-02-09,36.02565002441406,42.36000061035156,42.7400016784668,42.209999084472656,42.2400016784668,31381100
2015-02-10,36.22975158691406,42.59999847412109,42.77000045776367,42.18000030517578,42.7400016784668,29670700
2015-02-11,36.04266357421875,42.380001068115234,42.650001525878906,42.209999084472656,42.650001525878906,38262500
2015-02-12,36.646480560302734,43.09000015258789,43.09000015258789,42.5099983215332,42.65999984741211,33268800
2015-02-13,37.30984878540039,43.869998931884766,43.869998931884766,43.150001525878906,43.380001068115234,40264900
2015-02-17,37.32699203491211,43.58000183105469,44.0,43.18999862670898,43.970001220703125,33695700
2015-02-18,37.284141540527344,43.52999877929688,43.70000076293945,43.38999938964844,43.630001068115234,27111700
2015-02-19,37.25844955444336,43.5,43.52999877929688,43.04999923706055,43.18000030517578,27603400
2015-02-20,37.56679153442383,43.86000061035156,43.880001068115234,43.290000915527344,43.5099983215332,29721100
2015-02-23,37.815189361572266,44.150001525878906,44.18999862670898,43.650001525878906,43.70000076293945,32518800
2015-02-24,37.76378631591797,44.09000015258789,44.29999923706055,43.91999816894531,44.150001525878906,25271700
2015-02-25,37.67815780639648,43.9900016784668,44.09000015258789,43.79999923706055,43.95000076293945,29759800
2015-02-26,37.73810577392578,44.060001373291016,44.22999954223633,43.88999938964844,43.9900016784668,28957300
2015-02-27,37.5582389831543,43.84999847412109,44.20000076293945,43.65999984741211,44.130001068115234,33807700
2015-03-02,37.58393478393555,43.880001068115234,44.18999862670898,43.54999923706055,43.66999816894531,31924000
2015-03-03,37.07003784179688,43.27999877929688,43.83000183105469,43.09000015258789,43.560001373291016,31748600
2015-03-04,36.88158416748047,43.060001373291016,43.209999084472656,42.880001068115234,43.0099983215332,25748700
2015-03-05,36.92441940307617,43.11000061035156,43.2400016784668,42.81999969482422,43.06999969482422,23193500
2015-03-06,36.28202819824219,42.36000061035156,43.11000061035156,42.150001525878906,43.0,36248800
2015-03-09,36.70172119140625,42.84999847412109,43.130001068115234,42.18999862670898,42.18999862670898,32108000
2015-03-10,35.99936294555664,42.02999877929688,42.709999084472656,42.02999877929688,42.34999847412109,39159700
2015-03-11,35.956546783447266,41.97999954223633,42.369998931884766,41.84000015258789,42.310001373291016,32215300
2015-03-12,35.134300231933594,41.02000045776367,41.650001525878906,40.86000061035156,41.33000183105469,59992500
2015-03-13,35.44264221191406,41.380001068115234,41.470001220703125,40.61000061035156,40.70000076293945,58007700
2015-03-16,35.59682083129883,41.560001373291016,41.63999938964844,41.27999877929688,41.470001220703125,35273500
2015-03-17,35.716732025146484,41.70000076293945,41.83000183105469,41.150001525878906,41.369998931884766,31673400
2015-03-18,36.40192413330078,42.5,42.83000183105469,41.33000183105469,41.43000030517578,44194800
2015-03-19,36.22208023071289,42.290000915527344,42.59000015258789,42.220001220703125,42.2599983215332,33879100
2015-03-20,36.7274055480957,42.880001068115234,42.97999954223633,42.4900016784668,42.560001373291016,71904500
2015-03-23,36.71029281616211,42.86000061035156,43.130001068115234,42.77999877929688,42.880001068115234,26246100
2015-03-24,36.74455642700195,42.900001525878906,43.16999816894531,42.75,42.77999877929688,25513300
2015-03-25,35.51116943359375,41.459999084472656,42.93000030517578,41.43999862670898,42.91999816894531,43469900
2015-03-26,35.297027587890625,41.209999084472656,41.61000061035156,40.91999816894531,41.220001220703125,37495600
2015-03-27,35.09147644042969,40.970001220703125,41.43000030517578,40.83000183105469,41.119998931884766,34401400
2015-03-30,35.08290481567383,40.959999084472656,41.540000915527344,40.90999984741211,41.09999847412109,35049700
2015-03-31,34.82594680786133,40.65999984741211,41.02999877929688,40.540000915527344,40.77999877929688,34887200
2015-04-01,34.87732696533203,40.720001220703125,40.7599983215332,40.310001373291016,40.59999847412109,36865300
2015-04-02,34.50904846191406,40.290000915527344,40.7400016784668,40.119998931884766,40.65999984741211,37487500
2015-04-06,35.58824920654297,41.54999923706055,41.77999877929688,40.18000030517578,40.34000015258789,39223700
2015-04-07,35.57111358642578,41.52999877929688,41.90999984741211,41.310001373291016,41.61000061035156,28809400
2015-04-08,35.47690200805664,41.41999816894531,41.68999862670898,41.040000915527344,41.459999084472656,24753400
2015-04-09,35.528282165527344,41.47999954223633,41.619998931884766,41.25,41.25,25723900
2015-04-10,35.73386001586914,41.720001220703125,41.95000076293945,41.40999984741211,41.630001068115234,28022000
2015-04-13,35.768104553222656,41.7599983215332,42.060001373291016,41.38999938964844,41.400001525878906,30276700
2015-04-14,35.67390060424805,41.650001525878906,42.02999877929688,41.38999938964844,41.79999923706055,24244400
2015-04-15,36.19637298583984,42.2599983215332,42.459999084472656,41.68000030517578,41.7599983215332,27343600
2015-04-16,36.1107292175293,42.15999984741211,42.34000015258789,41.81999969482422,41.95000076293945,22509700
2015-04-17,35.64820861816406,41.619998931884766,41.7400016784668,41.15999984741211,41.66999816894531,42387600
2015-04-20,36.75310516357422,42.90999984741211,43.16999816894531,41.68000030517578,41.72999954223633,46057700
2015-04-21,36.52184677124024,42.63999938964844,43.150001525878906,42.52999877929688,43.0,26013800
2015-04-22,36.82163619995117,42.9900016784668,43.130001068115234,42.54999923706055,42.66999816894531,25064300
2015-04-23,37.12141799926758,43.34000015258789,43.61000061035156,42.79999923706055,42.88999938964844,46309500
2015-04-24,41.00143051147461,47.869998931884766,48.13999938964844,45.650001525878906,45.65999984741211,130933700
2015-04-27,41.13848114013672,48.02999877929688,48.130001068115234,47.220001220703125,47.22999954223633,59248200
2015-04-28,42.1063346862793,49.15999984741211,49.209999084472656,47.70000076293945,47.77999877929688,60730800
2015-04-29,42.02067947387695,49.060001373291016,49.310001373291016,48.5,48.720001220703125,47804600
2015-04-30,41.660945892333984,48.63999938964844,49.540000915527344,48.59999847412109,48.70000076293945,64725500
2015-05-01,41.6780891418457,48.65999984741211,48.880001068115234,48.400001525878906,48.58000183105469,38937300
2015-05-04,41.3183479309082,48.2400016784668,48.869998931884766,48.18000030517578,48.369998931884766,34039500
2015-05-05,40.77017974853516,47.59999847412109,48.15999984741211,47.310001373291016,47.81999969482422,50369200
2015-05-06,39.63957214355469,46.27999877929688,47.77000045776367,46.02000045776367,47.56999969482422,52433000
2015-05-07,39.99931335449219,46.70000076293945,47.09000015258789,46.15999984741211,46.27000045776367,32971700
2015-05-08,40.89865112304688,47.75,47.97999954223633,47.52000045776367,47.54999923706055,35364900
2015-05-11,40.57317352294922,47.369998931884766,47.90999984741211,47.369998931884766,47.54999923706055,24609400
2015-05-12,40.556034088134766,47.34999847412109,47.68000030517578,46.41999816894531,46.84999847412109,29928300
2015-05-13,40.795875549316406,47.630001068115234,48.31999969482422,47.56999969482422,48.18999862670898,34184600
2015-05-14,41.729469299316406,48.720001220703125,48.81999969482422,48.02999877929688,48.02999877929688,32980900
2015-05-15,41.36974334716797,48.29999923706055,48.90999984741211,48.04999923706055,48.869998931884766,28642700
2015-05-18,41.12134552001953,48.0099983215332,48.220001220703125,47.61000061035156,47.97999954223633,24136500
2015-05-19,41.01789474487305,47.58000183105469,47.810001373291016,47.18000030517578,47.560001373291016,28574800
2015-05-20,41.01789474487305,47.58000183105469,47.93000030517578,47.27000045776367,47.38999938964844,25047900
2015-05-21,40.87996673583984,47.41999816894531,47.59999847412109,47.0099983215332,47.27999877929688,22410700
2015-05-22,40.431671142578125,46.900001525878906,47.34999847412109,46.81999969482422,47.29999923706055,25720600
2015-05-26,40.1644287109375,46.59000015258789,46.880001068115234,46.18999862670898,46.83000183105469,29581900
2015-05-27,41.04375076293945,47.61000061035156,47.77000045776367,46.619998931884766,46.81999969482422,27335600
2015-05-28,40.90581893920898,47.45000076293945,48.02000045776367,47.38999938964844,47.5,19283700
2015-05-29,40.3972053527832,46.86000061035156,47.56999969482422,46.59000015258789,47.43000030517578,36519600
2015-06-01,40.71617126464844,47.22999954223633,47.77000045776367,46.619998931884766,47.060001373291016,28837300
2015-06-02,40.44892120361328,46.91999816894531,47.34999847412109,46.619998931884766,46.93000030517578,21498300
2015-06-03,40.38856506347656,46.84999847412109,47.7400016784668,46.81999969482422,47.369998931884766,28002200
2015-06-04,39.96615219116211,46.36000061035156,47.15999984741211,46.20000076293945,46.790000915527344,27745500
2015-06-05,39.7764892578125,46.13999938964844,46.52000045776367,45.84000015258789,46.310001373291016,25438100
2015-06-08,39.423038482666016,45.72999954223633,46.43000030517578,45.66999816894531,46.29999923706055,22121600
2015-06-09,39.35406494140625,45.650001525878906,45.93999862670898,45.459999084472656,45.7599983215332,24406100
2015-06-10,40.18166732788086,46.61000061035156,46.83000183105469,45.68999862670898,45.790000915527344,28417400
2015-06-11,40.035118103027344,46.43999862670898,46.91999816894531,46.130001068115234,46.65999984741211,27347800
2015-06-12,39.62995529174805,45.970001220703125,46.470001220703125,45.900001525878906,46.220001220703125,23931000
2015-06-15,39.2075309753418,45.47999954223633,45.650001525878906,45.02000045776367,45.45000076293945,33254500
2015-06-16,39.50924682617188,45.83000183105469,46.2400016784668,45.29999923706055,45.34999847412109,27070300
2015-06-17,39.62995529174805,45.970001220703125,46.06999969482422,45.36000061035156,45.72999954223633,28704100
2015-06-18,40.27650451660156,46.720001220703125,46.79999923706055,46.16999816894531,46.220001220703125,32658300
2015-06-19,39.74202346801758,46.09999847412109,46.83000183105469,45.9900016784668,46.790000915527344,63837000
2015-06-22,39.85408782958984,46.22999954223633,46.720001220703125,46.15999984741211,46.33000183105469,20318100
2015-06-23,39.578216552734375,45.90999984741211,46.27999877929688,45.619998931884766,46.130001068115234,25896500
2015-06-24,39.3454475402832,45.63999938964844,46.25,45.54999923706055,45.66999816894531,34890900
2015-06-25,39.35406494140625,45.650001525878906,46.060001373291016,45.5,46.02999877929688,20616000
2015-06-26,39.01786422729492,45.2599983215332,46.27999877929688,45.02999877929688,45.650001525878906,49835300
2015-06-29,38.2506103515625,44.369998931884766,45.22999954223633,44.36000061035156,45.040000915527344,34081700
2015-06-30,38.06095504760742,44.150001525878906,44.720001220703125,43.93999862670898,44.709999084472656,35945400
2015-07-01,38.319580078125,44.45000076293945,45.22999954223633,44.09999847412109,44.459999084472656,28343900
2015-07-02,38.2764778137207,44.400001525878906,44.75,44.060001373291016,44.47999954223633,21752000
2015-07-06,38.26783752441406,44.38999938964844,44.47999954223633,43.95000076293945,43.959999084472656,23034000
2015-07-07,38.19026947021485,44.29999923706055,44.4900016784668,43.31999969482422,44.34000015258789,36435800
2015-07-08,38.13853454589844,44.2400016784668,44.900001525878906,44.02999877929688,44.43999862670898,39785900
2015-07-09,38.379920959472656,44.52000045776367,45.220001220703125,44.5,44.75,32424700
2015-07-10,38.45750427246094,44.61000061035156,45.13999938964844,44.56999969482422,45.0099983215332,25465800
2015-07-13,39.25924301147461,45.540000915527344,45.619998931884766,44.95000076293945,44.97999954223633,28178300
2015-07-14,39.32819747924805,45.619998931884766,45.959999084472656,45.310001373291016,45.45000076293945,22880300
2015-07-15,39.44889831542969,45.7599983215332,45.88999938964844,45.43000030517578,45.68000030517578,26629600
2015-07-16,40.22477722167969,46.65999984741211,46.68999862670898,45.970001220703125,46.0099983215332,26271700
2015-07-17,40.1902961730957,46.619998931884766,46.77999877929688,46.2599983215332,46.54999923706055,29467100
2015-07-20,40.44892120361328,46.91999816894531,47.130001068115234,46.43999862670898,46.650001525878906,30631900
2015-07-21,40.75926208496094,47.27999877929688,47.33000183105469,46.47999954223633,46.77999877929688,42781900
2015-07-22,39.25924301147461,45.540000915527344,46.93000030517578,45.20000076293945,45.43999862670898,59152400
2015-07-23,39.75063705444336,46.11000061035156,46.22999954223633,45.09999847412109,45.27000045776367,33934000
2015-07-24,39.60407638549805,45.93999862670898,46.31999969482422,45.79999923706055,45.90999984741211,32333200
2015-07-27,39.09543991088867,45.34999847412109,46.0099983215332,45.25,45.93999862670898,39701400
2015-07-28,39.08682632446289,45.34000015258789,45.63999938964844,44.790000915527344,45.58000183105469,34328900
2015-07-29,39.90581130981445,46.290000915527344,46.77999877929688,45.2599983215332,45.400001525878906,40945900
2015-07-30,40.414432525634766,46.880001068115234,47.400001525878906,45.93000030517578,46.2599983215332,39777900
2015-07-31,40.25925827026367,46.70000076293945,47.369998931884766,46.5,47.290000915527344,31201500
2015-08-03,40.35408782958984,46.810001373291016,47.0,46.45000076293945,46.97999954223633,24125900
2015-08-04,40.98340225219727,47.540000915527344,47.709999084472656,46.68000030517578,46.75,33403900
2015-08-05,41.01789474487305,47.58000183105469,48.40999984741211,47.540000915527344,47.97999954223633,26959700
2015-08-06,40.1902961730957,46.619998931884766,47.77000045776367,46.33000183105469,47.709999084472656,27368000
2015-08-07,40.29375076293945,46.7400016784668,46.77999877929688,46.2599983215332,46.38999938964844,19163000
2015-08-10,40.802364349365234,47.33000183105469,47.4900016784668,46.84000015258789,46.95000076293945,23079900
2015-08-11,40.00925827026367,46.40999984741211,46.93999862670898,45.900001525878906,46.81999969482422,29237400
2015-08-12,40.29375076293945,46.7400016784668,46.900001525878906,45.709999084472656,46.18999862670898,30181400
2015-08-13,40.28512191772461,46.72999954223633,47.09999847412109,46.4900016784668,47.060001373291016,22627200
2015-08-14,40.51789474487305,47.0,47.09999847412109,46.52000045776367,46.52999877929688,21473400
2015-08-17,40.79375457763672,47.31999969482422,47.45000076293945,46.56999969482422,46.810001373291016,21099700
2015-08-18,41.01936721801758,47.27000045776367,47.43000030517578,46.70000076293945,46.84000015258789,23574100
2015-08-19,40.4466438293457,46.61000061035156,47.08000183105469,46.29999923706055,46.77999877929688,31485500
2015-08-20,39.62226867675781,45.65999984741211,46.470001220703125,45.65999984741211,46.06999969482422,36238200
2015-08-21,37.37473678588867,43.06999969482422,45.47999954223633,43.06999969482422,45.29999923706055,70053100
2015-08-24,36.16854476928711,41.68000030517578,42.68999862670898,39.720001220703125,40.45000076293945,88753700
2015-08-25,35.11854934692383,40.470001220703125,43.2400016784668,40.38999938964844,42.56999969482422,70616600
2015-08-26,37.06235504150391,42.709999084472656,42.84000015258789,41.060001373291016,42.0099983215332,63408000
2015-08-27,38.09498977661133,43.900001525878906,43.95000076293945,42.93000030517578,43.22999954223633,50943200
2015-08-28,38.12102890014648,43.93000030517578,44.150001525878906,43.38999938964844,43.400001525878906,28246700
2015-08-31,37.76523971557617,43.52000045776367,43.93000030517578,43.09999847412109,43.560001373291016,34441700
2015-09-01,36.2900276184082,41.81999969482422,42.59000015258789,41.65999984741211,42.16999816894531,49688900
2015-09-02,37.62640380859375,43.36000061035156,43.380001068115234,41.880001068115234,42.36000061035156,37671500
2015-09-03,37.74788665771485,43.5,43.97999954223633,43.27999877929688,43.40999984741211,28285200
2015-09-04,36.975582122802734,42.61000061035156,43.040000915527344,42.20000076293945,42.810001373291016,37138800
2015-09-08,38.0863151550293,43.88999938964844,44.0,43.20000076293945,43.29999923706055,32469800
2015-09-09,37.37473678588867,43.06999969482422,44.400001525878906,42.90999984741211,44.209999084472656,33469500
2015-09-10,37.56565856933594,43.290000915527344,43.790000915527344,42.75,43.119998931884766,31366600
2015-09-11,37.73053741455078,43.47999954223633,43.59000015258789,42.93999862670898,43.13999938964844,27132500
2015-09-14,37.34871673583984,43.040000915527344,43.43999862670898,42.86000061035156,43.43000030517578,23656000
2015-09-15,38.1644172668457,43.97999954223633,44.290000915527344,43.08000183105469,43.18999862670898,28882200
2015-09-16,38.44210052490234,44.29999923706055,44.380001068115234,43.84000015258789,43.970001220703125,23372200
2015-09-17,38.39871597290039,44.25,45.0,44.08000183105469,44.290000915527344,32768200
2015-09-18,37.73053741455078,43.47999954223633,43.9900016784668,43.33000183105469,43.5,63143700
2015-09-21,38.2772216796875,44.11000061035156,44.470001220703125,43.59999847412109,43.619998931884766,26177200
2015-09-22,38.09498977661133,43.900001525878906,44.04999923706055,43.310001373291016,43.380001068115234,28085900
2015-09-23,38.0689582824707,43.869998931884766,44.16999816894531,43.5099983215332,43.93000030517578,17145200
2015-09-24,38.10367584228516,43.90999984741211,44.130001068115234,43.27000045776367,43.45000076293945,27905600
2015-09-25,38.12969970703125,43.93999862670898,44.72999954223633,43.7599983215332,44.47999954223633,29384600
2015-09-28,37.56565856933594,43.290000915527344,44.09000015258789,43.209999084472656,43.83000183105469,27613800
2015-09-29,37.69582748413086,43.43999862670898,43.56999969482422,43.04999923706055,43.369998931884766,32763600
2015-09-30,38.40740203857422,44.2599983215332,44.29999923706055,43.65999984741211,43.880001068115234,34958900
2015-10-01,38.71110534667969,44.61000061035156,44.75,43.75,44.75,28657900
2015-10-02,39.54415893554688,45.56999969482422,45.56999969482422,43.91999816894531,44.27000045776367,41839000
2015-10-05,40.4640007019043,46.630001068115234,46.88999938964844,45.70000076293945,45.75,34369300
2015-10-06,40.56813049316406,46.75,47.18000030517578,46.220001220703125,46.33000183105469,27017200
2015-10-07,40.611515045166016,46.79999923706055,47.34999847412109,45.95000076293945,47.09999847412109,27711500
2015-10-08,41.175575256347656,47.45000076293945,47.52000045776367,46.5,46.560001373291016,33772700
2015-10-09,40.88053131103516,47.11000061035156,47.540000915527344,46.91999816894531,47.45000076293945,28600600
2015-10-12,40.78507232666016,47.0,47.06999969482422,46.5,46.97999954223633,19769100
2015-10-13,40.68962097167969,46.88999938964844,47.130001068115234,46.560001373291016,46.560001373291016,19987800
2015-10-14,40.50737380981445,46.68000030517578,47.09999847412109,46.52999877929688,46.650001525878906,24697800
2015-10-15,40.79375457763672,47.0099983215332,47.02999877929688,46.52999877929688,47.0099983215332,27189400
2015-10-16,41.22765350341797,47.5099983215332,47.540000915527344,46.900001525878906,47.02000045776367,26450300
2015-10-19,41.32308578491211,47.619998931884766,47.880001068115234,47.02000045776367,47.41999816894531,29387600
2015-10-20,41.4532470703125,47.77000045776367,47.810001373291016,47.02000045776367,47.43999862670898,30802200
2015-10-21,40.95863342285156,47.20000076293945,47.9900016784668,47.11000061035156,47.91999816894531,25144300
2015-10-22,41.67887878417969,48.02999877929688,48.95000076293945,47.09000015258789,47.52999877929688,56637100
2015-10-23,45.87886428833008,52.869998931884766,54.06999969482422,52.25,52.29999923706055,135227100
2015-10-26,47.076393127441406,54.25,54.31999969482422,52.5,52.52999877929688,64633300
2015-10-27,46.590450286865234,53.68999862670898,54.369998931884766,53.58000183105469,53.9900016784668,50999900
2015-10-28,46.84208679199219,53.97999954223633,53.97999954223633,52.86000061035156,53.540000915527344,47000800
2015-10-29,46.3040771484375,53.36000061035156,53.83000183105469,53.220001220703125,53.540000915527344,30202100
2015-10-30,45.67928695678711,52.63999938964844,53.9900016784668,52.619998931884766,53.31999969482422,46619800
2015-11-02,46.19994735717773,53.2400016784668,53.36000061035156,52.619998931884766,52.84999847412109,30285000
2015-11-03,46.98962020874024,54.150001525878906,54.38999938964844,52.900001525878906,52.93000030517578,36596900
2015-11-04,47.20656204223633,54.400001525878906,54.880001068115234,54.060001373291016,54.18000030517578,37087800
2015-11-05,47.189208984375,54.380001068115234,54.70000076293945,54.0,54.4900016784668,31468500
2015-11-06,47.65779876708984,54.91999816894531,54.97999954223633,53.959999084472656,54.09000015258789,32851200
2015-11-09,46.99827575683594,54.15999984741211,54.869998931884766,53.560001373291016,54.54999923706055,32513100
2015-11-10,46.43423080444336,53.5099983215332,54.130001068115234,53.27000045776367,54.06999969482422,55283700
2015-11-11,46.55572128295898,53.650001525878906,54.20000076293945,53.459999084472656,53.70000076293945,36516300
2015-11-12,46.26935958862305,53.31999969482422,53.97999954223633,53.18999862670898,53.47999954223633,35361100
2015-11-13,45.85283660888672,52.84000015258789,53.290000915527344,52.52999877929688,53.06999969482422,36848200
2015-11-16,46.65985870361328,53.77000045776367,53.88999938964844,52.84999847412109,53.08000183105469,32165200
2015-11-17,46.27547454833984,52.970001220703125,53.52999877929688,52.84999847412109,53.16999816894531,31551300
2015-11-18,47.04425048828125,53.84999847412109,53.97999954223633,52.97999954223633,53.0,29710000
2015-11-19,47.12288284301758,53.93999862670898,54.65999984741211,53.77999877929688,53.9900016784668,28149200
2015-11-20,47.34128189086914,54.18999862670898,54.29999923706055,53.27000045776367,54.25,37147600
2015-11-23,47.34128189086914,54.18999862670898,54.459999084472656,53.75,54.25,28235900
2015-11-24,47.3936882019043,54.25,54.43999862670898,53.58000183105469,53.91999816894531,24600000
2015-11-25,46.90447998046875,53.68999862670898,54.22999954223633,53.68999862670898,54.09000015258789,21005100
2015-11-27,47.114139556884766,53.93000030517578,54.08000183105469,53.790000915527344,53.79999923706055,9009100
2015-11-30,47.48105239868164,54.34999847412109,54.959999084472656,54.0,54.540000915527344,56241400
2015-12-01,48.24111557006836,55.220001220703125,55.22999954223633,54.29999923706055,54.40999984741211,39952800
2015-12-02,48.232364654541016,55.209999084472656,55.959999084472656,55.060001373291016,55.31999969482422,47274900
2015-12-03,47.35003280639648,54.20000076293945,55.77000045776367,53.93000030517578,55.4900016784668,38627800
2015-12-04,48.84390258789063,55.90999984741211,56.22999954223633,54.09999847412109,54.119998931884766,43963700
2015-12-07,48.75653839111328,55.810001373291016,55.970001220703125,55.290000915527344,55.790000915527344,30709800
2015-12-08,48.739070892333984,55.790000915527344,56.09999847412109,54.9900016784668,55.470001220703125,32878000
2015-12-09,48.03144454956055,54.97999954223633,55.869998931884766,54.5099983215332,55.369998931884766,36373200
2015-12-10,48.284786224365234,55.27000045776367,55.65999984741211,55.0099983215332,55.38999938964844,31775800
2015-12-11,47.22770690917969,54.060001373291016,55.09999847412109,54.0099983215332,54.709999084472656,39549500
2015-12-14,48.17121887207031,55.13999938964844,55.209999084472656,53.68000030517578,54.33000183105469,46768900
2015-12-15,48.22363662719727,55.20000076293945,55.900001525878906,55.09000015258789,55.65999984741211,39843000
2015-12-16,49.03610610961914,56.130001068115234,56.25,54.7599983215332,55.540000915527344,37503300
2015-12-17,48.660438537597656,55.70000076293945,56.790000915527344,55.52999877929688,56.36000061035156,41280900
2015-12-18,47.288875579833984,54.130001068115234,56.0,54.02999877929688,55.77000045776367,84684200
2015-12-21,47.900390625,54.83000183105469,55.34999847412109,54.22999954223633,54.880001068115234,37246300
2015-12-22,48.354679107666016,55.34999847412109,55.47999954223633,54.5,54.9900016784668,28322200
2015-12-23,48.765281677246094,55.81999969482422,55.880001068115234,55.43999862670898,55.70000076293945,27279800
2015-12-24,48.63423538208008,55.66999816894531,55.959999084472656,55.43000030517578,55.86000061035156,9558500
2015-12-28,48.87884521484375,55.95000076293945,55.95000076293945,54.97999954223633,55.34999847412109,22458300
2015-12-29,49.40300369262695,56.54999923706055,56.84999847412109,56.060001373291016,56.290000915527344,27731400
2015-12-30,49.19334030151367,56.310001373291016,56.77999877929688,56.290000915527344,56.470001220703125,21704500
2015-12-31,48.46824264526367,55.47999954223633,56.18999862670898,55.41999816894531,56.040000915527344,27334100
2016-01-04,47.87417602539063,54.79999923706055,54.79999923706055,53.38999938964844,54.31999969482422,53778000
2016-01-05,48.09259033203125,55.04999923706055,55.38999938964844,54.540000915527344,54.93000030517578,34079700
2016-01-06,47.21897888183594,54.04999923706055,54.400001525878906,53.63999938964844,54.31999969482422,39518900
2016-01-07,45.576568603515625,52.16999816894531,53.4900016784668,52.06999969482422,52.70000076293945,56564900
2016-01-08,45.71635818481445,52.33000183105469,53.27999877929688,52.150001525878906,52.369998931884766,48754000
2016-01-11,45.69013595581055,52.29999923706055,52.84999847412109,51.459999084472656,52.5099983215332,36943800
2016-01-12,46.109493255615234,52.77999877929688,53.09999847412109,52.060001373291016,52.7599983215332,36095500
2016-01-13,45.11355972290039,51.63999938964844,54.06999969482422,51.29999923706055,53.79999923706055,66883600
2016-01-14,46.39777374267578,53.11000061035156,53.41999816894531,51.56999969482422,52.0,52381900
2016-01-15,44.54570770263672,50.9900016784668,51.970001220703125,50.34000015258789,51.310001373291016,71820700
2016-01-19,44.17005157470703,50.560001373291016,51.68000030517578,50.060001373291016,51.47999954223633,43564500
2016-01-20,44.37098693847656,50.790000915527344,51.380001068115234,49.09999847412109,49.97999954223633,63273000
2016-01-21,44.10015487670898,50.47999954223633,51.58000183105469,50.29999923706055,51.0,40191200
2016-01-22,45.6814079284668,52.290000915527344,52.33000183105469,51.2599983215332,51.40999984741211,37555800
2016-01-25,45.24460983276367,51.790000915527344,52.650001525878906,51.650001525878906,51.93999862670898,34707700
2016-01-26,45.576568603515625,52.16999816894531,52.43999862670898,51.54999923706055,51.790000915527344,28900800
2016-01-27,44.74664688110352,51.220001220703125,52.20000076293945,51.02000045776367,52.0099983215332,36775200
2016-01-28,45.48048400878906,52.060001373291016,52.209999084472656,51.25,51.86000061035156,62513800
2016-01-29,48.12754821777344,55.09000015258789,55.09000015258789,54.0,54.72999954223633,83611700
2016-02-01,47.795555114746094,54.709999084472656,55.09000015258789,54.5,54.880001068115234,44208500
2016-02-02,46.30168151855469,53.0,54.2599983215332,52.650001525878906,54.16999816894531,56313800
2016-02-03,45.567848205566406,52.15999984741211,53.38999938964844,51.2599983215332,53.25,57559800
2016-02-04,45.42806243896485,52.0,52.810001373291016,51.369998931884766,52.09999847412109,46987100
2016-02-05,43.82060623168945,50.15999984741211,52.0,49.560001373291016,51.93999862670898,62009000
2016-02-08,43.16539001464844,49.40999984741211,49.56999969482422,48.18999862670898,49.54999923706055,59290500
2016-02-09,43.05181503295898,49.27999877929688,50.2400016784668,48.66999816894531,49.02000045776367,46740500
2016-02-10,43.42748260498047,49.709999084472656,50.38999938964844,49.52000045776367,49.88999938964844,38237000
2016-02-11,43.40999603271485,49.68999862670898,50.11000061035156,48.5099983215332,48.68000030517578,48878600
2016-02-12,44.11764144897461,50.5,50.68000030517578,49.75,50.25,34243300
2016-02-16,44.95354080200195,51.09000015258789,51.09000015258789,50.130001068115234,50.900001525878906,37291200
2016-02-17,46.1237907409668,52.41999816894531,52.77000045776367,51.45000076293945,51.4900016784668,40789000
2016-02-18,45.92140579223633,52.18999862670898,52.95000076293945,52.09999847412109,52.33000183105469,27176000
2016-02-19,45.59585189819336,51.81999969482422,52.27999877929688,51.52999877929688,51.970001220703125,33559100
2016-02-22,46.32616424560547,52.650001525878906,53.0,52.27999877929688,52.27999877929688,25008300
2016-02-23,45.03272247314453,51.18000030517578,52.369998931884766,50.97999954223633,52.34000015258789,28895300
2016-02-24,45.19110107421875,51.36000061035156,51.5,50.20000076293945,50.68999862670898,33014500
2016-02-25,45.84221267700195,52.09999847412109,52.09999847412109,50.61000061035156,51.72999954223633,26939500
2016-02-26,45.13831329345703,51.29999923706055,52.68000030517578,51.09999847412109,52.59999847412109,35975900
2016-02-29,44.76875305175781,50.880001068115234,51.650001525878906,50.65999984741211,51.34999847412109,31654000
2016-03-01,46.26457595825195,52.58000183105469,52.59000015258789,50.91999816894531,50.970001220703125,33024500
2016-03-02,46.59013748168945,52.95000076293945,52.959999084472656,52.15999984741211,52.40999984741211,29289900
2016-03-03,46.06218338012695,52.34999847412109,52.970001220703125,51.77999877929688,52.970001220703125,24427800
2016-03-04,45.78061676025391,52.02999877929688,52.45000076293945,51.709999084472656,52.400001525878906,33034200
2016-03-07,44.90074157714844,51.02999877929688,51.79999923706055,50.58000183105469,51.560001373291016,38407800
2016-03-08,45.44627380371094,51.650001525878906,52.130001068115234,50.59999847412109,50.79999923706055,33835100
2016-03-09,46.49333572387695,52.84000015258789,52.84999847412109,51.86000061035156,51.88999938964844,28251600
2016-03-10,45.79823303222656,52.04999923706055,52.93999862670898,51.15999984741211,52.93000030517578,38387800
2016-03-11,46.69570541381836,53.06999969482422,53.06999969482422,52.380001068115234,53.0,32275700
2016-03-14,46.7837028503418,53.16999816894531,53.59000015258789,52.630001068115234,52.709999084472656,24083600
2016-03-15,47.15325164794922,53.59000015258789,53.59000015258789,52.7400016784668,52.75,21104800
2016-03-16,47.82195663452149,54.34999847412109,54.59999847412109,53.400001525878906,53.45000076293945,31691700
2016-03-17,48.0947380065918,54.65999984741211,55.0,54.0,54.209999084472656,28223900
2016-03-18,47.06528091430664,53.4900016784668,54.970001220703125,53.45000076293945,54.91999816894531,67625500
2016-03-21,47.39082336425781,53.86000061035156,53.93000030517578,52.93000030517578,53.25,23925700
2016-03-22,47.57559967041016,54.06999969482422,54.25,53.459999084472656,53.61000061035156,23124100
2016-03-23,47.48761367797852,53.970001220703125,54.2400016784668,53.7400016784668,54.11000061035156,20129000
2016-03-24,47.69879913330078,54.209999084472656,54.33000183105469,53.72999954223633,53.84000015258789,19950000
2016-03-28,47.1092643737793,53.540000915527344,54.290000915527344,53.33000183105469,54.209999084472656,17025100
2016-03-29,48.13872528076172,54.709999084472656,54.86000061035156,53.45000076293945,53.65999984741211,23924300
2016-03-30,48.43788909912109,55.04999923706055,55.63999938964844,54.900001525878906,54.93000030517578,23008300
2016-03-31,48.59627151489258,55.22999954223633,55.59000015258789,54.86000061035156,54.95000076293945,26360500
2016-04-01,48.89543533325195,55.56999969482422,55.61000061035156,54.56999969482422,55.04999923706055,24399200
2016-04-04,48.77224349975586,55.43000030517578,55.65999984741211,55.0,55.43000030517578,18928800
2016-04-05,48.00675964355469,54.560001373291016,55.29999923706055,54.459999084472656,55.18999862670898,19272300
2016-04-06,48.49948501586914,55.119998931884766,55.20000076293945,54.209999084472656,54.36000061035156,21188700
2016-04-07,47.91876220703125,54.459999084472656,54.90999984741211,54.22999954223633,54.869998931884766,19225100
2016-04-08,47.8835563659668,54.41999816894531,55.27999877929688,54.31999969482422,54.66999816894531,22167200
2016-04-11,47.78678131103516,54.310001373291016,55.150001525878906,54.29999923706055,54.4900016784668,21414200
2016-04-12,48.08594512939453,54.650001525878906,54.77999877929688,53.7599983215332,54.369998931884766,24944300
2016-04-13,48.70186233520508,55.34999847412109,55.43999862670898,54.88999938964844,55.119998931884766,20818000
2016-04-14,48.71065902709961,55.36000061035156,55.58000183105469,55.06999969482422,55.220001220703125,20877100
2016-04-15,48.96582412719727,55.650001525878906,55.91999816894531,55.11000061035156,55.29999923706055,28793800
2016-04-18,49.67853164672852,56.459999084472656,56.59000015258789,55.209999084472656,55.4900016784668,23786000
2016-04-19,49.616943359375,56.38999938964844,56.77000045776367,55.68000030517578,56.630001068115234,29596800
2016-04-20,48.91302490234375,55.59000015258789,56.5,55.4900016784668,56.290000915527344,36195700
2016-04-21,49.08021926879883,55.77999877929688,56.22999954223633,55.41999816894531,55.79999923706055,38909100
2016-04-22,45.5606689453125,51.77999877929688,52.43000030517578,50.77000045776367,51.90999984741211,126834100
2016-04-25,45.85102081298828,52.11000061035156,52.130001068115234,51.630001068115234,51.77999877929688,33226900
2016-04-26,45.26150131225586,51.43999862670898,52.34999847412109,51.09000015258789,52.2599983215332,33532600
2016-04-27,44.82154846191406,50.93999862670898,51.5,50.54999923706055,51.47999954223633,43369300
2016-04-28,43.90644836425781,49.900001525878906,50.77000045776367,49.560001373291016,50.619998931884766,43134800
2016-04-29,43.880069732666016,49.869998931884766,50.25,49.34999847412109,49.34999847412109,48411700
2016-05-02,44.53118896484375,50.61000061035156,50.75,49.77999877929688,50.0,33114500
2016-05-03,43.80088806152344,49.77999877929688,50.40999984741211,49.59999847412109,50.34000015258789,26460200
2016-05-04,43.880069732666016,49.869998931884766,50.060001373291016,49.459999084472656,49.84000015258789,24257600
2016-05-05,43.94165802001953,49.93999862670898,50.29999923706055,49.72999954223633,49.869998931884766,25390700
2016-05-06,44.33760833740234,50.38999938964844,50.38999938964844,49.65999984741211,49.91999816894531,24787300
2016-05-09,44.05605697631836,50.06999969482422,50.59000015258789,50.0,50.4900016784668,17951600
2016-05-10,44.89194107055664,51.02000045776367,51.09999847412109,50.18999862670898,50.33000183105469,22891000
2016-05-11,44.9183349609375,51.04999923706055,51.77999877929688,51.0,51.130001068115234,24039100
2016-05-12,45.32308578491211,51.5099983215332,51.810001373291016,50.91999816894531,51.20000076293945,24102800
2016-05-13,44.94472885131836,51.08000183105469,51.900001525878906,51.040000915527344,51.43999862670898,22592300
2016-05-16,45.60465621948242,51.83000183105469,51.959999084472656,50.75,50.79999923706055,20032000
2016-05-17,44.754051208496094,50.5099983215332,51.72999954223633,50.36000061035156,51.720001220703125,27803500
2016-05-18,45.019866943359375,50.810001373291016,51.13999938964844,50.29999923706055,50.47999954223633,24907500
2016-05-19,44.58570098876953,50.31999969482422,50.619998931884766,49.81999969482422,50.470001220703125,23842400
2016-05-20,44.85150146484375,50.619998931884766,51.220001220703125,50.400001525878906,50.47999954223633,23905800
2016-05-23,44.32875061035156,50.02999877929688,50.68000030517578,49.97999954223633,50.59999847412109,26118700
2016-05-24,45.71097183227539,51.59000015258789,51.709999084472656,50.400001525878906,50.70000076293945,34757900
2016-05-25,46.18057632446289,52.119998931884766,52.4900016784668,51.790000915527344,51.91999816894531,24040200
2016-05-26,45.976783752441406,51.88999938964844,51.97999954223633,51.36000061035156,51.93000030517578,24335200
2016-05-27,46.35778427124024,52.31999969482422,52.31999969482422,51.77000045776367,51.91999816894531,17721400
2016-05-31,46.96030426025391,53.0,53.0,52.08000183105469,52.2599983215332,37653100
2016-06-01,46.827392578125,52.84999847412109,52.95000076293945,52.43999862670898,52.43999862670898,25324800
2016-06-02,46.49955749511719,52.47999954223633,52.7400016784668,51.84000015258789,52.63999938964844,22840800
2016-06-03,45.88819885253906,51.790000915527344,52.41999816894531,51.59999847412109,52.380001068115234,23368300
2016-06-06,46.18944549560547,52.130001068115234,52.34999847412109,51.88999938964844,51.9900016784668,18243300
2016-06-07,46.16284942626953,52.09999847412109,52.72999954223633,52.09999847412109,52.2400016784668,20866800
2016-06-08,46.10970306396485,52.040000915527344,52.43999862670898,51.869998931884766,52.02000045776367,21149400
2016-06-09,45.73755645751953,51.619998931884766,52.0,51.4900016784668,52.0,20305700
2016-06-10,45.613502502441406,51.47999954223633,52.04999923706055,51.040000915527344,51.04999923706055,25833200
2016-06-13,44.42619705200195,50.13999938964844,50.720001220703125,49.060001373291016,49.58000183105469,83217800
2016-06-14,44.15152740478516,49.83000183105469,50.09999847412109,49.56999969482422,49.900001525878906,42577100
2016-06-15,44.027488708496094,49.68999862670898,50.119998931884766,49.68999862670898,49.77999877929688,33757600
2016-06-16,44.64772415161133,50.38999938964844,50.470001220703125,49.5099983215332,49.52000045776367,31188600
2016-06-17,44.4173469543457,50.130001068115234,50.43000030517578,49.81999969482422,50.40999984741211,45710500
2016-06-20,44.36417388916016,50.06999969482422,50.83000183105469,50.02999877929688,50.63999938964844,35607900
2016-06-21,45.35655212402344,51.18999862670898,51.43000030517578,50.15999984741211,50.20000076293945,34097800
2016-06-22,45.17935562133789,50.9900016784668,51.459999084472656,50.95000076293945,51.08000183105469,28816800
2016-06-23,45.9945068359375,51.90999984741211,52.060001373291016,51.150001525878906,51.27999877929688,29028800
2016-06-24,44.15152740478516,49.83000183105469,50.93999862670898,49.52000045776367,49.810001373291016,133503000
2016-06-27,42.91108322143555,48.43000030517578,49.150001525878906,48.040000915527344,49.09999847412109,50216300
2016-06-28,43.80597686767578,49.43999862670898,49.470001220703125,48.66999816894531,48.91999816894531,38140700
2016-06-29,44.78063201904297,50.540000915527344,50.720001220703125,49.79999923706055,49.90999984741211,31304000
2016-06-30,45.338829040527344,51.16999816894531,51.29999923706055,50.5,50.720001220703125,28527800
2016-07-01,45.329986572265625,51.15999984741211,51.720001220703125,51.06999969482422,51.130001068115234,21400400
2016-07-05,45.338829040527344,51.16999816894531,51.27999877929688,50.7400016784668,50.83000183105469,24806400
2016-07-06,45.52490615844727,51.380001068115234,51.540000915527344,50.38999938964844,50.77999877929688,28167500
2016-07-07,45.52490615844727,51.380001068115234,51.61000061035156,51.06999969482422,51.41999816894531,19585200
2016-07-08,46.34006881713867,52.29999923706055,52.36000061035156,51.54999923706055,51.72999954223633,28391000
2016-07-11,46.59701919555664,52.59000015258789,52.83000183105469,52.470001220703125,52.5,22269200
2016-07-12,47.1463508605957,53.209999084472656,53.400001525878906,52.790000915527344,52.93999862670898,27317600
2016-07-13,47.41218185424805,53.5099983215332,53.86000061035156,53.18000030517578,53.560001373291016,25356800
2016-07-14,47.615966796875,53.7400016784668,53.9900016784668,53.58000183105469,53.84000015258789,24545500
2016-07-15,47.58052444458008,53.70000076293945,54.0,53.209999084472656,53.95000076293945,32024400
2016-07-18,47.81089782714844,53.959999084472656,54.34000015258789,53.54999923706055,53.70000076293945,31433900
2016-07-19,47.04004287719727,53.09000015258789,53.900001525878906,52.93000030517578,53.709999084472656,53336500
2016-07-20,49.53868865966797,55.90999984741211,56.84000015258789,55.52999877929688,56.150001525878906,89893300
2016-07-21,49.44121170043945,55.79999923706055,56.22999954223633,55.7599983215332,55.97999954223633,32776700
2016-07-22,50.12347030639648,56.56999969482422,56.630001068115234,55.77999877929688,56.08000183105469,32157200
2016-07-25,50.26523971557617,56.72999954223633,56.7400016784668,56.2599983215332,56.470001220703125,25610600
2016-07-26,50.29180908203125,56.7599983215332,57.290000915527344,56.5099983215332,56.52000045776367,28079000
2016-07-27,49.78678131103516,56.18999862670898,56.79999923706055,56.11000061035156,56.61000061035156,32327500
2016-07-28,49.80449676513672,56.209999084472656,56.369998931884766,55.720001220703125,56.0,37550400
2016-07-29,50.22092819213867,56.68000030517578,56.7599983215332,56.04999923706055,56.2599983215332,30558700
2016-08-01,50.1323356628418,56.58000183105469,56.75,56.13999938964844,56.59999847412109,26003400
2016-08-02,50.1323356628418,56.58000183105469,56.900001525878906,56.310001373291016,56.84999847412109,35122000
2016-08-03,50.47789764404297,56.970001220703125,57.11000061035156,56.4900016784668,56.68000030517578,22075600
2016-08-04,50.85003662109375,57.38999938964844,57.52000045776367,56.66999816894531,56.79999923706055,26587700
2016-08-05,51.35507583618164,57.959999084472656,58.209999084472656,57.45000076293945,57.650001525878906,29335200
2016-08-08,51.44367599487305,58.060001373291016,58.09000015258789,57.77999877929688,58.060001373291016,19473500
2016-08-09,51.567718505859375,58.20000076293945,58.5,58.02000045776367,58.16999816894531,16920700
2016-08-10,51.40823745727539,58.02000045776367,58.31999969482422,57.81999969482422,58.15999984741211,15756900
2016-08-11,51.65632629394531,58.29999923706055,58.45000076293945,58.02999877929688,58.02999877929688,18162300
2016-08-12,51.33735656738281,57.93999862670898,58.18999862670898,57.619998931884766,58.02999877929688,21655200
2016-08-15,51.4968376159668,58.119998931884766,58.5,57.959999084472656,58.0099983215332,19283900
2016-08-16,51.2115364074707,57.43999862670898,57.619998931884766,57.27000045776367,57.61000061035156,20523500
2016-08-17,51.31852340698242,57.560001373291016,57.68000030517578,57.22999954223633,57.540000915527344,18856400
2016-08-18,51.35419845581055,57.59999847412109,57.70000076293945,57.27000045776367,57.41999816894531,14214300
2016-08-19,51.372013092041016,57.619998931884766,57.72999954223633,57.20000076293945,57.43000030517578,17271000
2016-08-22,51.416603088378906,57.66999816894531,57.75,57.2599983215332,57.59999847412109,15221900
2016-08-23,51.61274719238281,57.88999938964844,58.18000030517578,57.84999847412109,57.900001525878906,18732400
2016-08-24,51.66624069213867,57.95000076293945,58.040000915527344,57.720001220703125,57.79999923706055,18151500
2016-08-25,51.86236953735352,58.16999816894531,58.290000915527344,57.77999877929688,57.880001068115234,18552600
2016-08-26,51.73756790161133,58.02999877929688,58.70000076293945,57.68999862670898,58.27999877929688,20971200
2016-08-29,51.79996490478516,58.09999847412109,58.59999847412109,58.09999847412109,58.18000030517578,16417200
2016-08-30,51.61274719238281,57.88999938964844,58.18999862670898,57.61000061035156,57.97999954223633,16930200
2016-08-31,51.2293701171875,57.459999084472656,57.79999923706055,57.29999923706055,57.650001525878906,20860300
2016-09-01,51.34526062011719,57.59000015258789,57.81999969482422,57.0099983215332,57.0099983215332,26075400
2016-09-02,51.416603088378906,57.66999816894531,58.18999862670898,57.41999816894531,57.66999816894531,18900500
2016-09-06,51.36309814453125,57.61000061035156,57.79999923706055,57.209999084472656,57.77999877929688,16278400
2016-09-07,51.40768814086914,57.65999984741211,57.84000015258789,57.40999984741211,57.470001220703125,17493400
2016-09-08,51.20262908935547,57.43000030517578,57.790000915527344,57.18000030517578,57.630001068115234,20146100
2016-09-09,50.11490631103516,56.209999084472656,57.52000045776367,56.209999084472656,56.790000915527344,35113900
2016-09-12,50.86383438110352,57.04999923706055,57.209999084472656,55.61000061035156,56.0,29303000
2016-09-13,50.40021514892578,56.52999877929688,56.650001525878906,56.04999923706055,56.5,30130200
2016-09-14,50.15948486328125,56.2599983215332,56.630001068115234,56.02999877929688,56.38999938964844,24062500
2016-09-15,50.9886360168457,57.18999862670898,57.34999847412109,55.97999954223633,56.150001525878906,26847000
2016-09-16,51.04214096069336,57.25,57.630001068115234,56.75,57.630001068115234,44607000
2016-09-19,50.75684356689453,56.93000030517578,57.75,56.84999847412109,57.27000045776367,20937100
2016-09-20,50.64985656738281,56.810001373291016,57.34999847412109,56.75,57.34999847412109,17384000
2016-09-21,51.496826171875,57.7599983215332,57.84999847412109,57.08000183105469,57.5099983215332,33707300
2016-09-22,51.55033493041992,57.81999969482422,58.0,57.630001068115234,57.91999816894531,19822200
2016-09-23,51.20262908935547,57.43000030517578,57.90999984741211,57.380001068115234,57.869998931884766,19955300
2016-09-26,50.73009490966797,56.900001525878906,57.13999938964844,56.83000183105469,57.08000183105469,21688700
2016-09-27,51.66624069213867,57.95000076293945,58.060001373291016,56.68000030517578,56.93000030517578,28065100
2016-09-28,51.73756790161133,58.02999877929688,58.060001373291016,57.66999816894531,57.880001068115234,20536400
2016-09-29,51.175880432128906,57.400001525878906,58.16999816894531,57.209999084472656,57.810001373291016,25463500
2016-09-30,51.35419845581055,57.59999847412109,57.77000045776367,57.34000015258789,57.56999969482422,29910800
2016-10-03,51.193695068359375,57.41999816894531,57.54999923706055,57.060001373291016,57.40999984741211,19189500
2016-10-04,51.0332260131836,57.2400016784668,57.59999847412109,56.970001220703125,57.27000045776367,20085900
2016-10-05,51.38985061645508,57.63999938964844,57.959999084472656,57.2599983215332,57.290000915527344,16726400
2016-10-06,51.47901153564453,57.7400016784668,57.86000061035156,57.27999877929688,57.7400016784668,16212600
2016-10-07,51.53248977661133,57.79999923706055,57.97999954223633,57.41999816894531,57.84999847412109,20089000
2016-10-10,51.74646759033203,58.040000915527344,58.38999938964844,57.869998931884766,57.90999984741211,18196500
2016-10-11,50.9886360168457,57.18999862670898,58.02000045776367,56.88999938964844,57.88999938964844,26497400
2016-10-12,50.91732406616211,57.11000061035156,57.27000045776367,56.400001525878906,57.11000061035156,22177500
2016-10-13,50.7479248046875,56.91999816894531,57.29999923706055,56.31999969482422,56.70000076293945,25313700
2016-10-14,51.193695068359375,57.41999816894531,57.7400016784668,57.119998931884766,57.119998931884766,27402500
2016-10-17,51.01539611816406,57.220001220703125,57.459999084472656,56.869998931884766,57.36000061035156,23830000
2016-10-18,51.40768814086914,57.65999984741211,57.95000076293945,57.40999984741211,57.52999877929688,19149500
2016-10-19,51.29177474975586,57.52999877929688,57.84000015258789,57.400001525878906,57.470001220703125,22878400
2016-10-20,51.04214096069336,57.25,57.52000045776367,56.65999984741211,57.5,49455600
2016-10-21,53.19081497192383,59.65999984741211,60.45000076293945,59.4900016784668,60.27999877929688,80032200
2016-10-24,54.38551712036133,61.0,61.0,59.93000030517578,59.93999862670898,54067000
2016-10-25,54.376590728759766,60.9900016784668,61.369998931884766,60.79999923706055,60.84999847412109,35137200
2016-10-26,54.05562210083008,60.630001068115234,61.20000076293945,60.470001220703125,60.810001373291016,29911600
2016-10-27,53.583099365234375,60.09999847412109,60.83000183105469,60.09000015258789,60.61000061035156,28479900
2016-10-28,53.37803649902344,59.869998931884766,60.52000045776367,59.58000183105469,60.0099983215332,33574700
2016-10-31,53.4226188659668,59.91999816894531,60.41999816894531,59.91999816894531,60.15999984741211,26434700
2016-11-01,53.31562805175781,59.79999923706055,60.02000045776367,59.25,59.970001220703125,24533000
2016-11-02,52.98575592041016,59.43000030517578,59.93000030517578,59.29999923706055,59.81999969482422,22147000
2016-11-03,52.78961181640625,59.209999084472656,59.63999938964844,59.11000061035156,59.52999877929688,21600400
2016-11-04,52.34382629394531,58.709999084472656,59.27999877929688,58.52000045776367,58.650001525878906,28697000
2016-11-07,53.86839294433594,60.41999816894531,60.52000045776367,59.77999877929688,59.77999877929688,31664800
2016-11-08,53.91298294067383,60.470001220703125,60.77999877929688,60.150001525878906,60.54999923706055,22935400
2016-11-09,53.64550018310547,60.16999816894531,60.59000015258789,59.20000076293945,60.0,49632500
2016-11-10,52.33491897583008,58.70000076293945,60.4900016784668,57.630001068115234,60.47999954223633,57822400
2016-11-11,52.62021255493164,59.02000045776367,59.119998931884766,58.0099983215332,58.22999954223633,38767800
2016-11-14,51.81779098510742,58.119998931884766,59.08000183105469,57.27999877929688,59.02000045776367,41328400
2016-11-15,52.841041564941406,58.869998931884766,59.4900016784668,58.31999969482422,58.33000183105469,35904100
2016-11-16,53.54116821289063,59.650001525878906,59.65999984741211,58.810001373291016,58.93999862670898,27332500
2016-11-17,54.42977142333984,60.63999938964844,60.95000076293945,59.970001220703125,60.40999984741211,32132700
2016-11-18,54.16947937011719,60.34999847412109,61.13999938964844,60.29999923706055,60.77999877929688,27686300
2016-11-21,54.62724304199219,60.86000061035156,60.970001220703125,60.41999816894531,60.5,19652600
2016-11-22,54.86063003540039,61.119998931884766,61.2599983215332,60.810001373291016,60.97999954223633,23206700
2016-11-23,54.21435928344727,60.400001525878906,61.09999847412109,60.25,61.0099983215332,21848900
2016-11-25,54.33103942871094,60.52999877929688,60.52999877929688,60.130001068115234,60.29999923706055,8409600
2016-11-28,54.40284729003906,60.61000061035156,61.02000045776367,60.209999084472656,60.34000015258789,20732600
2016-11-29,54.83369827270508,61.09000015258789,61.40999984741211,60.52000045776367,60.650001525878906,22366700
2016-11-30,54.08869934082031,60.2599983215332,61.18000030517578,60.220001220703125,60.86000061035156,34655400
2016-12-01,53.13725662231445,59.20000076293945,60.150001525878906,58.93999862670898,60.11000061035156,34542100
2016-12-02,53.18213272094727,59.25,59.470001220703125,58.79999923706055,59.08000183105469,25515700
2016-12-05,54.05279159545898,60.220001220703125,60.59000015258789,59.560001373291016,59.70000076293945,23552700
2016-12-06,53.8104362487793,59.95000076293945,60.459999084472656,59.79999923706055,60.43000030517578,19907000
2016-12-07,55.08502578735352,61.369998931884766,61.380001068115234,59.79999923706055,60.0099983215332,30809000
2016-12-08,54.76188659667969,61.0099983215332,61.58000183105469,60.84000015258789,61.29999923706055,21220800
2016-12-09,55.62358093261719,61.970001220703125,61.9900016784668,61.130001068115234,61.18000030517578,27349400
2016-12-12,55.80308151245117,62.16999816894531,62.29999923706055,61.720001220703125,61.81999969482422,20198100
2016-12-13,56.53013610839844,62.97999954223633,63.41999816894531,62.2400016784668,62.5,35718900
2016-12-14,56.260860443115234,62.68000030517578,63.45000076293945,62.52999877929688,63.0,30352700
2016-12-15,56.17110061645508,62.58000183105469,63.150001525878906,62.29999923706055,62.70000076293945,27669900
2016-12-16,55.91978073120117,62.29999923706055,62.95000076293945,62.119998931884766,62.95000076293945,42453100
2016-12-19,57.10459518432617,63.619998931884766,63.77000045776367,62.41999816894531,62.560001373291016,34338200
2016-12-20,57.03279113769531,63.540000915527344,63.79999923706055,63.02999877929688,63.68999862670898,26028400
2016-12-21,57.03279113769531,63.540000915527344,63.70000076293945,63.119998931884766,63.43000030517578,17096300
2016-12-22,57.04176712036133,63.54999923706055,64.0999984741211,63.40999984741211,63.84000015258789,22176600
2016-12-23,56.76351165771485,63.2400016784668,63.540000915527344,62.79999923706055,63.45000076293945,12403800
2016-12-27,56.79942321777344,63.27999877929688,64.06999969482422,63.209999084472656,63.209999084472656,11763200
2016-12-28,56.53910827636719,62.9900016784668,63.400001525878906,62.83000183105469,63.400001525878906,14653300
2016-12-29,56.45833969116211,62.900001525878906,63.20000076293945,62.72999954223633,62.86000061035156,10250600
2016-12-30,55.77615737915039,62.13999938964844,62.9900016784668,62.02999877929688,62.959999084472656,25579900
2017-01-03,56.17110061645508,62.58000183105469,62.84000015258789,62.130001068115234,62.790000915527344,20694100
2017-01-04,55.91978073120117,62.29999923706055,62.75,62.119998931884766,62.47999954223633,21340000
2017-01-05,55.91978073120117,62.29999923706055,62.65999984741211,62.02999877929688,62.18999862670898,24876000
2017-01-06,56.40447616577149,62.84000015258789,63.150001525878906,62.040000915527344,62.29999923706055,19922900
2017-01-09,56.22495651245117,62.63999938964844,63.08000183105469,62.540000915527344,62.7599983215332,20382700
2017-01-10,56.20701217651367,62.619998931884766,63.06999969482422,62.27999877929688,62.72999954223633,18593000
2017-01-11,56.71862411499024,63.18999862670898,63.22999954223633,62.43000030517578,62.61000061035156,21517300
2017-01-12,56.19802474975586,62.61000061035156,63.400001525878906,61.95000076293945,63.060001373291016,20968200
2017-01-13,56.27881622314453,62.70000076293945,62.869998931884766,62.34999847412109,62.619998931884766,19422300
2017-01-17,56.12621688842773,62.52999877929688,62.70000076293945,62.02999877929688,62.68000030517578,20664000
2017-01-18,56.09930038452149,62.5,62.70000076293945,62.119998931884766,62.66999816894531,19670100
2017-01-19,55.91978073120117,62.29999923706055,62.97999954223633,62.20000076293945,62.2400016784668,18451700
2017-01-20,56.31471633911133,62.7400016784668,62.81999969482422,62.369998931884766,62.66999816894531,30213500
2017-01-23,56.5121955871582,62.959999084472656,63.119998931884766,62.56999969482422,62.70000076293945,23097600
2017-01-24,57.014835357666016,63.52000045776367,63.7400016784668,62.93999862670898,63.20000076293945,24672900
2017-01-25,57.1584587097168,63.68000030517578,64.0999984741211,63.45000076293945,63.95000076293945,23672700
2017-01-26,57.68803405761719,64.2699966430664,64.54000091552734,63.54999923706055,64.12000274658203,43554600
2017-01-27,59.04339599609375,65.77999877929688,65.91000366210938,64.88999938964844,65.38999938964844,44818000
2017-01-30,58.459957122802734,65.12999725341797,65.79000091552734,64.80000305175781,65.69000244140625,31651400
2017-01-31,58.02911758422852,64.6500015258789,65.1500015258789,64.26000213623047,64.86000061035156,25270500
2017-02-01,57.06870269775391,63.58000183105469,64.62000274658203,63.470001220703125,64.36000061035156,39671500
2017-02-02,56.700679779052734,63.16999816894531,63.40999984741211,62.75,63.25,45827000
2017-02-03,57.1584587097168,63.68000030517578,63.70000076293945,63.06999969482422,63.5,30301800
2017-02-06,57.12254333496094,63.63999938964844,63.650001525878906,63.13999938964844,63.5,19796400
2017-02-07,56.93404769897461,63.43000030517578,63.77999877929688,63.22999954223633,63.7400016784668,20277200
2017-02-08,56.853271484375,63.34000015258789,63.810001373291016,63.220001220703125,63.56999969482422,18096400
2017-02-09,57.49953079223633,64.05999755859375,64.44000244140625,63.31999969482422,63.52000045776367,22644400
2017-02-10,57.44569396972656,64.0,64.30000305175781,63.97999954223633,64.25,18170700
2017-02-13,58.0919303894043,64.72000122070312,64.86000061035156,64.12999725341797,64.23999786376953,22920100
2017-02-14,58.30867767333984,64.56999969482422,64.72000122070312,64.0199966430664,64.41000366210938,23108400
2017-02-15,58.272560119628906,64.52999877929688,64.56999969482422,64.16000366210938,64.5,17005200
2017-02-16,58.26351165771485,64.5199966430664,65.23999786376953,64.44000244140625,64.73999786376953,20546300
2017-02-17,58.35382843017578,64.62000274658203,64.69000244140625,64.30000305175781,64.47000122070312,21248800
2017-02-21,58.23643112182617,64.48999786376953,64.94999694824219,64.44999694824219,64.61000061035156,20655900
2017-02-22,58.11903762817383,64.36000061035156,64.38999938964844,64.05000305175781,64.33000183105469,19292700
2017-02-23,58.35382843017578,64.62000274658203,64.7300033569336,64.19000244140625,64.41999816894531,20273100
2017-02-24,58.35382843017578,64.62000274658203,64.80000305175781,64.13999938964844,64.52999877929688,21796800
2017-02-27,58.00164413452149,64.2300033569336,64.54000091552734,64.05000305175781,64.54000091552734,15871500
2017-02-28,57.77588653564453,63.97999954223633,64.19999694824219,63.7599983215332,64.08000183105469,23239800
2017-03-01,58.6428108215332,64.94000244140625,64.98999786376953,64.0199966430664,64.12999725341797,26937500
2017-03-02,57.8029670715332,64.01000213623047,64.75,63.880001068115234,64.69000244140625,24539600
2017-03-03,58.01970672607422,64.25,64.27999877929688,63.619998931884766,63.9900016784668,18135900
2017-03-06,58.03776168823242,64.2699966430664,64.55999755859375,63.810001373291016,63.970001220703125,18750300
2017-03-07,58.1551628112793,64.4000015258789,64.77999877929688,64.19000244140625,64.19000244140625,18521000
2017-03-08,58.68794631958008,64.98999786376953,65.08000183105469,64.25,64.26000213623047,21510900
2017-03-09,58.45315170288086,64.7300033569336,65.19999694824219,64.4800033569336,65.19000244140625,19846800
2017-03-10,58.63376235961914,64.93000030517578,65.26000213623047,64.75,65.11000061035156,19538200
2017-03-13,58.435096740722656,64.70999908447266,65.19000244140625,64.56999969482422,65.01000213623047,20100000
2017-03-14,58.1641845703125,64.41000366210938,64.55000305175781,64.1500015258789,64.52999877929688,14280200
2017-03-15,58.47123336791992,64.75,64.91999816894531,64.25,64.55000305175781,24833800
2017-03-16,58.371883392333984,64.63999938964844,64.76000213623047,64.30000305175781,64.75,20674300
2017-03-17,58.57958221435547,64.87000274658203,65.23999786376953,64.68000030517578,64.91000366210938,49219700
2017-03-20,58.63376235961914,64.93000030517578,65.18000030517578,64.72000122070312,64.91000366210938,14598100
2017-03-21,57.98357391357422,64.20999908447266,65.5,64.12999725341797,65.19000244140625,26640500
2017-03-22,58.72405242919922,65.02999877929688,65.13999938964844,64.12000274658203,64.12000274658203,20680000
2017-03-23,58.57958221435547,64.87000274658203,65.23999786376953,64.7699966430664,64.94000244140625,19269200
2017-03-24,58.67892837524414,64.9800033569336,65.44999694824219,64.76000213623047,65.36000061035156,22617100
2017-03-27,58.78726196289063,65.0999984741211,65.22000122070312,64.3499984741211,64.62999725341797,18614700
2017-03-28,58.95885467529297,65.29000091552734,65.47000122070312,64.6500015258789,64.95999908447266,20080400
2017-03-29,59.12139129638672,65.47000122070312,65.5,64.94999694824219,65.12000274658203,13618400
2017-03-30,59.338138580322266,65.70999908447266,65.9800033569336,65.36000061035156,65.41999816894531,15122800
2017-03-31,59.47356796264648,65.86000061035156,66.19000244140625,65.44999694824219,65.6500015258789,21040300
2017-04-03,59.193641662597656,65.55000305175781,65.94000244140625,65.19000244140625,65.80999755859375,20400900
2017-04-04,59.35618591308594,65.7300033569336,65.80999755859375,65.27999877929688,65.38999938964844,12997400
2017-04-05,59.202674865722656,65.55999755859375,66.3499984741211,65.44000244140625,66.30000305175781,21448600
2017-04-06,59.35618591308594,65.7300033569336,66.05999755859375,65.4800033569336,65.5999984741211,18103500
2017-04-07,59.31104278564453,65.68000030517578,65.95999908447266,65.44000244140625,65.8499984741211,14108500
2017-04-10,59.17558670043945,65.52999877929688,65.81999969482422,65.36000061035156,65.61000061035156,17952700
2017-04-11,59.13043594360352,65.4800033569336,65.61000061035156,64.8499984741211,65.5999984741211,18791500
2017-04-12,58.90467071533203,65.2300033569336,65.51000213623047,65.11000061035156,65.41999816894531,17108500
2017-04-13,58.65182876586914,64.94999694824219,65.86000061035156,64.94999694824219,65.29000091552734,17896500
2017-04-17,59.13043594360352,65.4800033569336,65.48999786376953,65.01000213623047,65.04000091552734,16689300
2017-04-18,59.04917526245117,65.38999938964844,65.70999908447266,65.16000366210938,65.33000183105469,15155600
2017-04-19,58.73310852050781,65.04000091552734,65.75,64.88999938964844,65.6500015258789,26992800
2017-04-20,59.14849472045898,65.5,65.75,65.13999938964844,65.45999908447266,22299500
2017-04-21,59.961212158203125,66.4000015258789,66.69999694824219,65.44999694824219,65.66999816894531,32522600
2017-04-24,60.98164367675781,67.52999877929688,67.66000366210938,67.0999984741211,67.4800033569336,29770000
2017-04-25,61.333831787109375,67.91999816894531,68.04000091552734,67.5999984741211,67.9000015258789,30242700
2017-04-26,61.25254821777344,67.83000183105469,68.30999755859375,67.62000274658203,68.08000183105469,26190800
2017-04-27,61.64985275268555,68.2699966430664,68.37999725341797,67.58000183105469,68.1500015258789,34971000
2017-04-28,61.821475982666016,68.45999908447266,69.13999938964844,67.69000244140625,68.91000366210938,39548800
2017-05-01,62.67932891845703,69.41000366210938,69.55000305175781,68.5,68.68000030517578,31954400
2017-05-02,62.58000946044922,69.30000305175781,69.70999908447266,69.12999725341797,69.70999908447266,23906100
2017-05-03,62.381343841552734,69.08000183105469,69.37999725341797,68.70999908447266,69.37999725341797,28928000
2017-05-04,62.137508392333984,68.80999755859375,69.08000183105469,68.63999938964844,69.02999877929688,21749400
2017-05-05,62.30911636352539,69.0,69.02999877929688,68.48999786376953,68.9000015258789,19128800
2017-05-08,62.254920959472656,68.94000244140625,69.05000305175781,68.41999816894531,68.97000122070312,18566100
2017-05-09,62.3452033996582,69.04000091552734,69.27999877929688,68.68000030517578,68.86000061035156,22858400
2017-05-10,62.58902740478516,69.30999755859375,69.55999755859375,68.91999816894531,68.98999786376953,17977800
2017-05-11,61.821475982666016,68.45999908447266,68.7300033569336,68.12000274658203,68.36000061035156,28789400
2017-05-12,61.749210357666016,68.37999725341797,68.61000061035156,68.04000091552734,68.61000061035156,18714100
2017-05-15,61.79438781738281,68.43000030517578,68.4800033569336,67.56999969482422,68.13999938964844,31530300
2017-05-16,63.038612365722656,69.41000366210938,69.44000244140625,68.16000366210938,68.2300033569336,34956000
2017-05-17,61.28579330444336,67.4800033569336,69.0999984741211,67.43000030517578,68.88999938964844,30548800
2017-05-18,61.49467468261719,67.70999908447266,68.12999725341797,67.13999938964844,67.4000015258789,25201300
2017-05-19,61.47648239135742,67.69000244140625,68.0999984741211,67.43000030517578,67.5,26961100
2017-05-22,62.1667366027832,68.44999694824219,68.5,67.5,67.88999938964844,16237600
2017-05-23,62.3756103515625,68.68000030517578,68.75,68.37999725341797,68.72000122070312,15425800
2017-05-24,62.45735549926758,68.7699966430664,68.87999725341797,68.44999694824219,68.87000274658203,14593900
2017-05-25,63.22934722900391,69.62000274658203,69.87999725341797,68.91000366210938,68.97000122070312,21854100
2017-05-26,63.53812789916992,69.95999908447266,70.22000122070312,69.5199966430664,69.80000305175781,19827900
2017-05-30,63.94683456420898,70.41000366210938,70.41000366210938,69.7699966430664,69.79000091552734,17072800
2017-05-31,63.42913436889648,69.83999633789062,70.73999786376953,69.80999755859375,70.52999877929688,30436400
2017-06-01,63.66527557373047,70.0999984741211,70.61000061035156,69.44999694824219,70.23999786376953,21603600
2017-06-02,65.17288970947266,71.76000213623047,71.86000061035156,70.23999786376953,70.44000244140625,34770300
2017-06-05,65.64517974853516,72.27999877929688,72.88999938964844,71.80999755859375,71.97000122070312,33316800
2017-06-06,65.86312866210938,72.5199966430664,72.62000274658203,72.2699966430664,72.30000305175781,31511100
2017-06-07,65.7450942993164,72.38999938964844,72.7699966430664,71.94999694824219,72.63999938964844,22301800
2017-06-08,65.345458984375,71.94999694824219,72.5199966430664,71.5,72.51000213623047,24588300
2017-06-09,63.865081787109375,70.31999969482422,72.08000183105469,68.58999633789062,72.04000091552734,49187400
2017-06-12,63.374656677246094,69.77999877929688,69.94000244140625,68.12999725341797,69.25,47761700
2017-06-13,64.1647720336914,70.6500015258789,70.81999969482422,69.95999908447266,70.0199966430664,25258600
2017-06-14,63.81966400146485,70.2699966430664,71.0999984741211,69.43000030517578,70.91000366210938,25510700
2017-06-15,63.4836311340332,69.9000015258789,70.20999908447266,68.80000305175781,69.2699966430664,26068700
2017-06-16,63.57445526123047,70.0,70.02999877929688,69.22000122070312,69.7300033569336,48345100
2017-06-19,64.36460876464844,70.87000274658203,70.94000244140625,70.3499984741211,70.5,23798300
2017-06-20,63.49272918701172,69.91000366210938,70.87000274658203,69.87000274658203,70.81999969482422,21512200
2017-06-21,63.81966400146485,70.2699966430664,70.62000274658203,69.94000244140625,70.20999908447266,19891100
2017-06-22,63.81059265136719,70.26000213623047,70.58999633789062,69.70999908447266,70.54000091552734,22965700
2017-06-23,64.67340087890625,71.20999908447266,71.25,69.91999816894531,70.08999633789062,27617300
2017-06-26,64.0558090209961,70.52999877929688,71.70999908447266,70.44000244140625,71.4000015258789,19607000
2017-06-27,62.85694885253906,69.20999908447266,70.18000030517578,69.18000030517578,70.11000061035156,25215100
2017-06-28,63.392822265625,69.80000305175781,69.83999633789062,68.79000091552734,69.20999908447266,25806200
2017-06-29,62.20308303833008,68.48999786376953,69.48999786376953,68.08999633789062,69.37999725341797,28918700
2017-06-30,62.60267639160156,68.93000030517578,69.37999725341797,68.73999786376953,68.77999877929688,24161100
2017-07-03,61.91243362426758,68.16999816894531,69.5999984741211,68.0199966430664,69.33000183105469,16165500
2017-07-05,62.73890686035156,69.08000183105469,69.44000244140625,68.22000122070312,68.26000213623047,21176300
2017-07-06,62.275726318359375,68.56999969482422,68.77999877929688,68.12000274658203,68.2699966430664,21117600
2017-07-07,63.084014892578125,69.45999908447266,69.83999633789062,68.69999694824219,68.69999694824219,16878300
2017-07-10,63.55632019042969,69.9800033569336,70.25,69.19999694824219,69.45999908447266,15014500
2017-07-11,63.565391540527344,69.98999786376953,70.68000030517578,69.75,70.0,17460000
2017-07-12,64.61888122558594,71.1500015258789,71.27999877929688,70.55000305175781,70.69000244140625,17750900
2017-07-13,65.18199157714844,71.7699966430664,72.04000091552734,71.30999755859375,71.5,20269800
2017-07-14,66.09925079345703,72.77999877929688,73.2699966430664,71.95999908447266,72.23999786376953,25868100
2017-07-17,66.61695098876953,73.3499984741211,73.44999694824219,72.72000122070312,72.80000305175781,21803900
2017-07-18,66.5715560913086,73.30000305175781,73.38999938964844,72.66000366210938,73.08999633789062,26435300
2017-07-19,67.08013153076172,73.86000061035156,74.04000091552734,73.44999694824219,73.5,22416200
2017-07-20,67.40705871582031,74.22000122070312,74.30000305175781,73.27999877929688,74.18000030517578,42361000
2017-07-21,67.01655578613281,73.79000091552734,74.29000091552734,73.16999816894531,73.44999694824219,46717100
2017-07-24,66.843994140625,73.5999984741211,73.75,73.12999725341797,73.52999877929688,21394800
2017-07-25,67.37983703613281,74.19000244140625,74.30999755859375,73.5,73.80000305175781,22018700
2017-07-26,67.25267028808594,74.05000305175781,74.37999725341797,73.80999755859375,74.33999633789062,16252200
2017-07-27,66.44438934326172,73.16000366210938,74.41999816894531,72.31999969482422,73.76000213623047,36844200
2017-07-28,66.33539581298828,73.04000091552734,73.30999755859375,72.54000091552734,72.66999816894531,18306700
2017-07-31,66.026611328125,72.69999694824219,73.44000244140625,72.41000366210938,73.30000305175781,23600100
2017-08-01,65.91764068603516,72.58000183105469,73.41999816894531,72.48999786376953,73.0999984741211,22132300
2017-08-02,65.62701416015625,72.26000213623047,72.55999755859375,71.44000244140625,72.55000305175781,26499200
2017-08-03,65.52710723876953,72.1500015258789,72.44000244140625,71.8499984741211,72.19000244140625,18214400
2017-08-04,66.0084457397461,72.68000030517578,73.04000091552734,72.23999786376953,72.4000015258789,22579000
2017-08-07,65.75415802001953,72.4000015258789,72.9000015258789,72.26000213623047,72.80000305175781,18705700
2017-08-08,66.10836029052734,72.79000091552734,73.12999725341797,71.75,72.08999633789062,22044600
2017-08-09,65.81773376464844,72.47000122070312,72.51000213623047,72.05000305175781,72.25,22213400
2017-08-10,64.85501861572266,71.41000366210938,72.19000244140625,71.3499984741211,71.9000015258789,24734500
2017-08-11,65.84497833251953,72.5,72.69999694824219,71.27999877929688,71.61000061035156,21443700
2017-08-14,66.83493041992188,73.58999633789062,73.72000122070312,72.94999694824219,73.05999755859375,20096600
2017-08-15,66.85318756103516,73.22000122070312,73.58999633789062,73.04000091552734,73.58999633789062,19181400
2017-08-16,67.24578094482422,73.6500015258789,74.0999984741211,73.16999816894531,73.33999633789062,18150400
2017-08-17,66.10449981689453,72.4000015258789,73.87000274658203,72.4000015258789,73.58000183105469,22977500
2017-08-18,66.1866455078125,72.48999786376953,72.83999633789062,71.93000030517578,72.2699966430664,18761500
2017-08-21,65.876220703125,72.1500015258789,72.4800033569336,71.69999694824219,72.47000122070312,17734800
2017-08-22,66.79839324951172,73.16000366210938,73.23999786376953,72.3499984741211,72.3499984741211,14343700
2017-08-23,66.39665985107422,72.72000122070312,73.1500015258789,72.52999877929688,72.95999908447266,13766500
2017-08-24,66.3692855834961,72.69000244140625,72.86000061035156,72.06999969482422,72.73999786376953,17098300
2017-08-25,66.48796844482422,72.81999969482422,73.3499984741211,72.4800033569336,72.86000061035156,12794300
2017-08-28,66.4970932006836,72.83000183105469,73.08999633789062,72.55000305175781,73.05999755859375,14569700
2017-08-29,66.69795989990234,73.05000305175781,73.16000366210938,72.05000305175781,72.25,11478400
2017-08-30,67.57450103759766,74.01000213623047,74.20999908447266,72.83000183105469,73.01000213623047,16897800
2017-08-31,68.26840209960938,74.7699966430664,74.95999908447266,73.80000305175781,74.02999877929688,27652800
2017-09-01,67.51057434082031,73.94000244140625,74.73999786376953,73.63999938964844,74.70999908447266,21736200
2017-09-05,67.20926666259766,73.61000061035156,73.88999938964844,72.9800033569336,73.33999633789062,21556000
2017-09-06,67.01751708984375,73.4000015258789,74.04000091552734,73.3499984741211,73.73999786376953,16535800
2017-09-07,67.87579345703125,74.33999633789062,74.5999984741211,73.5999984741211,73.68000030517578,17471200
2017-09-08,67.54707336425781,73.9800033569336,74.44000244140625,73.83999633789062,74.33000183105469,14703800
2017-09-11,68.25927734375,74.76000213623047,74.94000244140625,74.30999755859375,74.30999755859375,17910400
2017-09-12,68.18621063232422,74.68000030517578,75.23999786376953,74.37000274658203,74.76000213623047,14394900
2017-09-13,68.67015075683594,75.20999908447266,75.2300033569336,74.55000305175781,74.93000030517578,13380800
2017-09-14,68.26840209960938,74.7699966430664,75.48999786376953,74.5199966430664,75.0,15733900
2017-09-15,68.76142120361328,75.30999755859375,75.38999938964844,74.06999969482422,74.83000183105469,38578400
2017-09-18,68.6244888305664,75.16000366210938,75.97000122070312,75.04000091552734,75.2300033569336,23307000
2017-09-19,68.88013458251953,75.44000244140625,75.70999908447266,75.01000213623047,75.20999908447266,16093300
2017-09-20,68.4236068725586,74.94000244140625,75.55000305175781,74.30999755859375,75.3499984741211,21587900
2017-09-21,67.75708770751953,74.20999908447266,75.23999786376953,74.11000061035156,75.11000061035156,19186100
2017-09-22,67.93971252441406,74.41000366210938,74.51000213623047,73.8499984741211,73.98999786376953,14111400
2017-09-25,66.88968658447266,73.26000213623047,74.25,72.91999816894531,74.08999633789062,24149200
2017-09-26,66.88968658447266,73.26000213623047,73.80999755859375,72.98999786376953,73.66999816894531,18019600
2017-09-27,67.42838287353516,73.8499984741211,74.16999816894531,73.16999816894531,73.55000305175781,19565100
2017-09-28,67.44664764404297,73.87000274658203,73.97000122070312,73.30999755859375,73.54000091552734,10883800
2017-09-29,68.01273345947266,74.48999786376953,74.54000091552734,73.87999725341797,73.94000244140625,17079100
2017-10-02,68.12232208251953,74.61000061035156,75.01000213623047,74.30000305175781,74.70999908447266,15304800
2017-10-03,67.80274963378906,74.26000213623047,74.87999725341797,74.19000244140625,74.66999816894531,12190400
2017-10-04,68.19535827636719,74.69000244140625,74.72000122070312,73.70999908447266,74.08999633789062,13317700
2017-10-05,69.36405181884766,75.97000122070312,76.12000274658203,74.95999908447266,75.22000122070312,21195300
2017-10-06,69.39146423339844,76.0,76.02999877929688,75.54000091552734,75.66999816894531,13959800
2017-10-09,69.65623474121094,76.29000091552734,76.55000305175781,75.86000061035156,75.97000122070312,11386500
2017-10-10,69.65623474121094,76.29000091552734,76.62999725341797,76.13999938964844,76.33000183105469,13944500
2017-10-11,69.77493286132812,76.41999816894531,76.45999908447266,75.94999694824219,76.36000061035156,15388900
2017-10-12,70.41407012939453,77.12000274658203,77.29000091552734,76.37000274658203,76.48999786376953,16876500
2017-10-13,70.75188446044922,77.48999786376953,77.87000274658203,77.29000091552734,77.58999633789062,15335700
2017-10-16,70.8979721069336,77.6500015258789,77.80999755859375,77.3499984741211,77.41999816894531,12380100
2017-10-17,70.84318542480469,77.58999633789062,77.62000274658203,77.25,77.47000122070312,16824000
2017-10-18,70.86144256591797,77.61000061035156,77.8499984741211,77.37000274658203,77.66999816894531,13300700
2017-10-19,71.13536071777344,77.91000366210938,77.93000030517578,77.3499984741211,77.56999969482422,15092800
2017-10-20,71.95709228515625,78.80999755859375,78.97000122070312,78.22000122070312,78.31999969482422,22866400
2017-10-23,71.975341796875,78.83000183105469,79.33999633789062,78.76000213623047,78.98999786376953,20627200
2017-10-24,72.00276947021484,78.86000061035156,79.19999694824219,78.45999908447266,78.9000015258789,17517200
2017-10-25,71.792724609375,78.62999725341797,79.0999984741211,78.01000213623047,78.58000183105469,20410800
2017-10-26,71.91144561767578,78.76000213623047,79.41999816894531,78.75,79.19999694824219,32120700
2017-10-27,76.52230834960938,83.80999755859375,86.19999694824219,83.61000061035156,84.37000274658203,71066700
2017-10-30,76.59537506103516,83.88999938964844,84.33000183105469,83.11000061035156,83.69999694824219,31756700
2017-10-31,75.94710540771484,83.18000030517578,84.36000061035156,83.11000061035156,84.36000061035156,27086600
2017-11-01,75.94710540771484,83.18000030517578,83.76000213623047,82.87999725341797,83.68000030517578,22307400
2017-11-02,76.7414779663086,84.05000305175781,84.45999908447266,83.12000274658203,83.3499984741211,23992900
2017-11-03,76.82364654541016,84.13999938964844,84.54000091552734,83.4000015258789,84.08000183105469,17633500
2017-11-06,77.12493133544922,84.47000122070312,84.69999694824219,84.08000183105469,84.19999694824219,19860900
2017-11-07,76.94232177734375,84.2699966430664,84.9000015258789,83.93000030517578,84.7699966430664,17939700
2017-11-08,77.20709991455078,84.55999755859375,84.61000061035156,83.83000183105469,84.13999938964844,18034200
2017-11-09,76.7779541015625,84.08999633789062,84.2699966430664,82.9000015258789,84.11000061035156,21178400
2017-11-10,76.5771255493164,83.87000274658203,84.0999984741211,83.2300033569336,83.79000091552734,19397800
2017-11-13,76.63188171386719,83.93000030517578,83.94000244140625,83.45999908447266,83.66000366210938,14196900
2017-11-14,76.7414779663086,84.05000305175781,84.0999984741211,82.9800033569336,83.5,18801300
2017-11-15,76.14501190185547,82.9800033569336,83.69000244140625,82.69000244140625,83.47000122070312,19383100
2017-11-16,76.34686279296875,83.19999694824219,83.41999816894531,82.94000244140625,83.0999984741211,20962800
2017-11-17,75.61276245117188,82.4000015258789,83.12000274658203,82.23999786376953,83.12000274658203,22079000
2017-11-20,75.7320556640625,82.52999877929688,82.58999633789062,82.25,82.4000015258789,16315000
2017-11-21,76.82402801513672,83.72000122070312,83.83999633789062,82.73999786376953,82.73999786376953,21237500
2017-11-22,76.26427459716797,83.11000061035156,83.9000015258789,83.04000091552734,83.83000183105469,20553100
2017-11-24,76.40193176269531,83.26000213623047,83.43000030517578,82.77999877929688,83.01000213623047,7425600
2017-11-27,76.96170043945312,83.87000274658203,83.9800033569336,83.30000305175781,83.30999755859375,18265200
2017-11-28,77.88849639892578,84.87999725341797,85.05999755859375,84.0199966430664,84.06999969482422,21926000
2017-11-29,76.475341796875,83.33999633789062,84.91999816894531,83.18000030517578,84.70999908447266,27381100
2017-11-30,77.23698425292969,84.16999816894531,84.5199966430664,83.33999633789062,83.51000213623047,33054600
2017-12-01,77.31956481933594,84.26000213623047,84.80999755859375,83.22000122070312,83.5999984741211,29532100
2017-12-04,74.40150451660156,81.08000183105469,84.43000030517578,80.69999694824219,84.41999816894531,39094900
2017-12-05,74.86947631835938,81.58999633789062,82.68000030517578,80.9800033569336,81.33999633789062,26152300
2017-12-06,75.96147155761719,82.77999877929688,83.13999938964844,81.43000030517578,81.55000305175781,26162100
2017-12-07,75.69537353515625,82.48999786376953,82.80000305175781,82.0,82.54000091552734,23184500
2017-12-08,77.22782135009766,84.16000366210938,84.58000183105469,83.33000183105469,83.62999725341797,24489100
2017-12-11,78.20968627929688,85.2300033569336,85.37000274658203,84.12000274658203,84.29000091552734,22857900
2017-12-12,78.53085327148438,85.58000183105469,86.05000305175781,85.08000183105469,85.30999755859375,23924100
2017-12-13,78.31978607177734,85.3499984741211,86.0,85.16999816894531,85.73999786376953,22062700
2017-12-14,77.71414947509766,84.69000244140625,85.87000274658203,84.52999877929688,85.43000030517578,19306000
2017-12-15,79.69624328613281,86.8499984741211,87.08999633789062,84.87999725341797,85.26000213623047,53936700
2017-12-18,79.26493835449219,86.37999725341797,87.5,86.2300033569336,87.12000274658203,22283800
2017-12-19,78.76026916503906,85.83000183105469,86.3499984741211,85.2699966430664,86.3499984741211,23524800
2017-12-20,78.47579193115234,85.5199966430664,86.30000305175781,84.70999908447266,86.19999694824219,23674900
2017-12-21,78.45742797851562,85.5,86.0999984741211,85.4000015258789,86.05000305175781,17990700
2017-12-22,78.46659851074219,85.51000213623047,85.62999725341797,84.91999816894531,85.4000015258789,14145800
2017-12-26,78.36566925048828,85.4000015258789,85.52999877929688,85.02999877929688,85.30999755859375,9891200
2017-12-27,78.65013885498047,85.70999908447266,85.9800033569336,85.22000122070312,85.6500015258789,14678000
2017-12-28,78.6593246459961,85.72000122070312,85.93000030517578,85.55000305175781,85.9000015258789,10594300
2017-12-29,78.49412536621094,85.54000091552734,86.05000305175781,85.5,85.62999725341797,18717400
2018-01-02,78.87035369873047,85.94999694824219,86.30999755859375,85.5,86.12999725341797,22483800
2018-01-03,79.23739624023438,86.3499984741211,86.51000213623047,85.97000122070312,86.05999755859375,26061400
2018-01-04,79.9348373413086,87.11000061035156,87.66000366210938,86.56999969482422,86.58999633789062,21912000
2018-01-05,80.92586517333984,88.19000244140625,88.41000366210938,87.43000030517578,87.66000366210938,23407100
2018-01-08,81.0084457397461,88.27999877929688,88.58000183105469,87.5999984741211,88.19999694824219,22113000
2018-01-09,80.95337677001953,88.22000122070312,88.7300033569336,87.86000061035156,88.6500015258789,19484300
2018-01-10,80.5863265991211,87.81999969482422,88.19000244140625,87.41000366210938,87.86000061035156,18652200
2018-01-11,80.82492065429688,88.08000183105469,88.12999725341797,87.23999786376953,88.12999725341797,17808900
2018-01-12,82.21969604492188,89.5999984741211,89.77999877929688,88.44999694824219,88.66999816894531,24271500
2018-01-16,81.07266998291016,88.3499984741211,90.79000091552734,88.01000213623047,90.0999984741211,36599700
2018-01-17,82.7152328491211,90.13999938964844,90.27999877929688,88.75,89.08000183105469,25621200
2018-01-18,82.67855834960938,90.0999984741211,90.66999816894533,89.66000366210938,89.80000305175781,24159700
2018-01-19,82.5867691040039,90.0,90.61000061035156,89.66000366210938,90.13999938964844,36875000
2018-01-22,84.06414794921875,91.61000061035156,91.62000274658205,89.73999786376953,90.0,23601600
2018-01-23,84.33026123046875,91.9000015258789,92.3000030517578,91.54000091552734,91.9000015258789,23412800
2018-01-24,84.25685119628906,91.81999969482422,93.43000030517578,91.58000183105467,92.5500030517578,33277500
2018-01-25,84.72486114501953,92.33000183105467,93.23999786376952,91.93000030517578,92.47000122070312,26383200
2018-01-26,86.31232452392578,94.05999755859376,94.05999755859376,92.58000183105467,93.12000274658205,29172200
2018-01-29,86.18386840820312,93.91999816894533,95.4499969482422,93.72000122070312,95.13999938964844,31569900
2018-01-30,85.10108184814453,92.73999786376952,93.66000366210938,92.0999984741211,93.3000030517578,38635100
2018-01-31,87.18412780761719,95.01000213623048,95.4000015258789,93.51000213623048,93.75,48756300
2018-02-01,86.49588775634766,94.26000213623048,96.06999969482422,93.58000183105467,94.79000091552734,47227900
2018-02-02,84.22016143798828,91.77999877929688,93.97000122070312,91.5,93.63999938964844,47867800
2018-02-05,80.75149536132812,88.0,93.23999786376952,88.0,90.55999755859376,51031500
2018-02-06,83.80722045898438,91.33000183105467,91.4800033569336,85.25,86.88999938964844,67998600
2018-02-07,82.22891235351562,89.61000061035156,91.7699966430664,89.19999694824219,90.48999786376952,41107600
2018-02-08,78.00778198242188,85.01000213623047,89.87999725341797,84.76000213623047,89.70999908447266,55628700
2018-02-09,80.91667938232422,88.18000030517578,88.93000030517578,83.83000183105469,86.30000305175781,63499100
2018-02-12,81.78841400146484,89.12999725341797,89.77999877929688,87.93000030517578,88.73999786376953,35720300
2018-02-13,82.43077850341797,89.83000183105469,90.0,87.80000305175781,88.93000030517578,26407700
2018-02-14,83.72148895263672,90.80999755859376,90.98999786376952,88.41000366210938,88.51000213623047,34960900
2018-02-15,85.42705535888672,92.66000366210938,92.72000122070312,90.62000274658205,91.20999908447266,27823900
2018-02-16,84.81859588623047,92.0,93.5,91.8000030517578,92.4499969482422,30596900
2018-02-20,85.4823989868164,92.72000122070312,93.05999755859376,91.01000213623048,91.4800033569336,30911700
2018-02-21,84.3484115600586,91.48999786376952,93.36000061035156,91.48999786376952,92.9800033569336,26922500
2018-02-22,84.56968688964844,91.7300033569336,92.7300033569336,91.36000061035156,92.0500030517578,24392800
2018-02-23,86.71776580810547,94.05999755859376,94.06999969482422,92.36000061035156,93.5999984741211,26329200
2018-02-26,87.97162628173828,95.41999816894533,95.4499969482422,94.25,94.4000015258789,30199800
2018-02-27,86.84685516357422,94.1999969482422,95.83999633789062,94.1999969482422,95.73999786376952,25869100
2018-02-28,86.45044708251953,93.7699966430664,95.70999908447266,93.62999725341795,94.83999633789062,31167300
2018-03-01,85.60224914550781,92.8499984741211,94.56999969482422,91.83999633789062,93.98999786376952,37135600
2018-03-02,85.78665161132812,93.0500030517578,93.1500015258789,90.86000061035156,91.58000183105467,32830400
2018-03-05,86.33057403564453,93.63999938964844,94.2699966430664,92.26000213623048,92.33999633789062,23901600
2018-03-06,86.03556823730469,93.31999969482422,94.48999786376952,92.94000244140624,94.33999633789062,22175800
2018-03-07,86.53341674804688,93.86000061035156,93.94000244140624,92.43000030517578,93.16000366210938,26716100
2018-03-08,87.05890655517578,94.43000030517578,95.0999984741211,93.7699966430664,94.2699966430664,25887800
2018-03-09,89.00421905517578,96.54000091552734,96.54000091552734,95.0,95.29000091552734,36937300
2018-03-12,89.21624755859375,96.7699966430664,97.20999908447266,96.04000091552734,96.5,26073700
2018-03-13,87.04048156738281,94.41000366210938,97.23999786376952,93.97000122070312,97.0,35387800
2018-03-14,86.52417755126953,93.8499984741211,95.41000366210938,93.5,95.12000274658205,32132000
2018-03-15,86.82843017578125,94.18000030517578,94.58000183105467,92.83000183105467,93.52999877929688,27611000
2018-03-16,87.21564483642578,94.5999984741211,95.37999725341795,93.91999816894533,94.68000030517578,49081300
2018-03-19,85.63912200927734,92.88999938964844,93.9000015258789,92.11000061035156,93.73999786376952,33344100
2018-03-20,85.86036682128906,93.12999725341795,93.7699966430664,93.0,93.0500030517578,23075200
2018-03-21,85.2611312866211,92.4800033569336,94.0500030517578,92.20999908447266,92.93000030517578,24457100
2018-03-22,82.7811279296875,89.79000091552734,91.75,89.66000366210938,91.2699966430664,38604700
2018-03-23,80.37483978271484,87.18000030517578,90.45999908447266,87.08000183105469,89.5,44068900
2018-03-26,86.45964813232422,93.77999877929688,94.0,90.4000015258789,90.61000061035156,56396800
2018-03-27,82.48609161376953,89.47000122070312,95.13999938964844,88.51000213623047,94.94000244140624,56569000
2018-03-28,82.41234588623047,89.38999938964844,91.2300033569336,88.87000274658203,89.81999969482422,52501100
2018-03-29,84.14557647705078,91.2699966430664,92.29000091552734,88.4000015258789,90.18000030517578,45867500
2018-04-02,81.6102523803711,88.5199966430664,90.87999725341795,87.51000213623047,90.47000122070312,48515400
2018-04-03,82.70735931396484,89.70999908447266,90.05000305175781,87.88999938964844,89.58000183105469,37213800
2018-04-04,85.12284851074219,92.33000183105467,92.76000213623048,87.7300033569336,87.8499984741211,35560000
2018-04-05,85.16891479492188,92.37999725341795,93.06999969482422,91.4000015258789,92.44000244140624,29771900
2018-04-06,83.18677520751953,90.2300033569336,92.45999908447266,89.4800033569336,91.48999786376952,38026000
2018-04-09,83.68460845947266,90.7699966430664,93.16999816894533,90.62000274658205,91.04000091552734,31533900
2018-04-10,85.62991333007812,92.87999725341795,93.27999877929688,91.63999938964844,92.38999938964844,26812000
2018-04-11,84.68952178955078,91.86000061035156,93.29000091552734,91.4800033569336,92.01000213623048,24872100
2018-04-12,86.27527618408203,93.58000183105467,94.16000366210938,92.43000030517578,92.43000030517578,26758900
2018-04-13,85.81428527832031,93.08000183105467,94.18000030517578,92.44000244140624,94.0500030517578,23346100
2018-04-16,86.8192138671875,94.16999816894533,94.66000366210938,93.41999816894533,94.06999969482422,20288100
2018-04-17,88.57088470458984,96.06999969482422,96.54000091552734,94.87999725341795,95.0,26771000
2018-04-18,88.9120101928711,96.44000244140624,96.72000122070312,95.5199966430664,96.22000122070312,21043300
2018-04-19,88.60778045654297,96.11000061035156,97.06999969482422,95.33999633789062,96.44000244140624,23552500
2018-04-20,87.5844497680664,95.0,96.11000061035156,94.0500030517578,95.91000366210938,31154400
2018-04-23,87.90708923339844,95.3499984741211,96.29000091552734,94.62999725341795,95.73999786376952,22331800
2018-04-24,85.85115814208984,93.12000274658205,96.47000122070312,92.41000366210938,96.23999786376952,34524800
2018-04-25,85.10440826416016,92.30999755859376,93.3000030517578,90.27999877929688,93.3000030517578,33729300
2018-04-26,86.90220642089844,94.26000213623048,95.1500015258789,93.0999984741211,93.5500030517578,42529000
2018-04-27,88.34042358398438,95.81999969482422,97.9000015258789,93.91000366210938,97.5999984741211,48272800
2018-04-30,86.21994018554688,93.5199966430664,96.4000015258789,93.1500015258789,96.33000183105467,41523600
2018-05-01,87.5844497680664,95.0,95.29000091552734,92.79000091552734,93.20999908447266,31408900
2018-05-02,86.21073150634766,93.51000213623048,95.16999816894533,93.19000244140624,94.98999786376952,27471000
2018-05-03,86.7270278930664,94.06999969482422,94.93000030517578,92.4499969482422,92.95999908447266,31142500
2018-05-04,87.7319107055664,95.16000366210938,95.37000274658205,92.91999816894533,93.31999969482422,22531300
2018-05-07,88.70918273925781,96.22000122070312,96.70999908447266,95.0999984741211,95.16999816894533,24242000
2018-05-08,88.3311996459961,95.80999755859376,96.16000366210938,95.05999755859376,95.8499984741211,23484600
2018-05-09,89.37300109863281,96.94000244140624,96.97000122070312,95.0500030517578,96.01000213623048,27327400
2018-05-10,90.26726531982422,97.91000366210938,97.9499969482422,97.0500030517578,97.45999908447266,22388100
2018-05-11,90.07366180419922,97.6999969482422,97.87000274658205,97.04000091552734,97.8000030517578,16778300
2018-05-14,90.37789916992188,98.02999877929688,98.69000244140624,97.30999755859376,97.91999816894533,19454100
2018-05-15,89.72334289550781,97.31999969482422,97.8499984741211,96.33999633789062,97.23999786376952,24594000
2018-05-16,89.95481872558594,97.1500015258789,97.4000015258789,96.62000274658205,97.36000061035156,17384700
2018-05-17,89.0566635131836,96.18000030517578,97.54000091552734,95.83000183105467,96.76000213623048,17246700
2018-05-18,89.22332763671875,96.36000061035156,96.93000030517578,96.01000213623048,96.01000213623048,17865800
2018-05-21,90.3714828491211,97.5999984741211,98.01000213623048,96.8000030517578,97.0,19422500
2018-05-22,90.27889251708984,97.5,98.16999816894533,97.1999969482422,97.68000030517578,15441200
2018-05-23,91.35297393798828,98.66000366210938,98.7300033569336,96.31999969482422,96.70999908447266,21251200
2018-05-24,91.0289077758789,98.30999755859376,98.94000244140624,96.80999755859376,98.7300033569336,26649300
2018-05-25,91.07518005371094,98.36000061035156,98.9800033569336,97.86000061035156,98.3000030517578,18363900
2018-05-29,90.7511215209961,98.01000213623048,98.87999725341795,97.2300033569336,97.83999633789062,28671000
2018-05-30,91.62146759033205,98.9499969482422,99.25,97.91000366210938,98.30999755859376,22158500
2018-05-31,91.51964569091795,98.83999633789062,99.98999786376952,98.61000061035156,99.29000091552734,34140900
2018-06-01,93.32523345947266,100.79000091552734,100.86000061035156,99.16999816894533,99.27999877929688,28655600
2018-06-04,94.14005279541016,101.66999816894533,101.86000061035156,100.8499984741211,101.26000213623048,27281600
2018-06-05,94.62154388427734,102.19000244140624,102.33000183105467,101.52999877929688,102.0,23514400
2018-06-06,94.89932250976562,102.48999786376952,102.5999984741211,101.9000015258789,102.4800033569336,21122900
2018-06-07,93.4085464477539,100.87999725341795,102.69000244140624,100.37999725341795,102.6500015258789,28232200
2018-06-08,94.10301208496094,101.62999725341795,101.9499969482422,100.54000091552734,101.08999633789062,22165100
2018-06-11,93.56595611572266,101.0500030517578,101.58999633789062,100.66999816894533,101.01000213623048,23490900
2018-06-12,93.80667114257812,101.30999755859376,101.4499969482422,100.75,101.0999984741211,18325200
2018-06-13,93.38078308105467,100.8499984741211,102.01000213623048,100.55999755859376,101.72000122070312,29492900
2018-06-14,93.90856170654295,101.41999816894533,102.02999877929688,101.0,101.6500015258789,25691800
2018-06-15,92.71410369873048,100.12999725341795,101.52999877929688,100.06999969482422,101.51000213623048,65738600
2018-06-18,93.3900375366211,100.86000061035156,101.11000061035156,99.41999816894533,100.01000213623048,23586000
2018-06-19,93.3900375366211,100.86000061035156,101.0,99.5,99.6500015258789,28653100
2018-06-20,94.32523345947266,101.87000274658205,102.5199966430664,101.12000274658205,101.37000274658205,26180800
2018-06-21,93.6492919921875,101.13999938964844,102.45999908447266,100.87999725341795,102.08000183105467,23198200
2018-06-22,92.97337341308594,100.41000366210938,100.7699966430664,99.62999725341795,100.41000366210938,38923100
2018-06-25,91.10296630859376,98.38999938964844,100.11000061035156,97.3000030517578,100.0,35433300
2018-06-26,91.74185943603516,99.08000183105467,100.08000183105467,98.75,98.81999969482422,26897200
2018-06-27,90.31591796875,97.54000091552734,100.0199966430664,97.4000015258789,99.58000183105467,31298400
2018-06-28,91.32518768310548,98.62999725341795,99.11000061035156,97.26000213623048,97.37999725341795,26650700
2018-06-29,91.30667877197266,98.61000061035156,99.91000366210938,98.33000183105467,98.93000030517578,28053200
2018-07-02,92.6030044555664,100.01000213623048,100.05999755859376,98.0,98.0999984741211,19564500
2018-07-03,91.7140884399414,99.0500030517578,100.62999725341795,98.94000244140624,100.4800033569336,14670300
2018-07-05,92.37150573730467,99.76000213623048,99.91999816894533,99.02999877929688,99.5,18977400
2018-07-06,93.66783142089844,101.16000366210938,101.43000030517578,99.66999816894533,99.88999938964844,19234600
2018-07-09,94.30671691894533,101.8499984741211,102.25,101.25,101.6500015258789,18212000
2018-07-10,94.55672454833984,102.12000274658205,102.51000213623048,101.86000061035156,102.0,19293100
2018-07-11,94.42709350585938,101.9800033569336,102.33999633789062,101.0999984741211,101.1500015258789,19644600
2018-07-12,96.47339630126952,104.19000244140624,104.41000366210938,102.7300033569336,102.7699966430664,24335900
2018-07-13,97.62156677246094,105.43000030517578,105.5999984741211,104.08999633789062,104.37000274658205,24635200
2018-07-16,97.14010620117188,104.91000366210938,105.81999969482422,104.5199966430664,105.4000015258789,21786900
2018-07-17,98.10305786132812,105.9499969482422,106.5,104.31999969482422,104.61000061035156,25901700
2018-07-18,97.33453369140624,105.12000274658205,106.0500030517578,104.72000122070312,105.94000244140624,29493900
2018-07-19,96.6678466796875,104.4000015258789,105.30999755859376,103.88999938964844,104.93000030517578,40171600
2018-07-20,98.3993682861328,106.2699966430664,108.1999969482422,106.08000183105467,108.08000183105467,56004000
2018-07-23,99.97344970703124,107.97000122070312,108.13999938964844,106.12999725341795,106.3000030517578,29707000
2018-07-24,99.68640899658205,107.66000366210938,108.81999969482422,107.26000213623048,108.56999969482422,26316600
2018-07-25,102.62163543701172,110.83000183105467,111.1500015258789,107.5999984741211,107.95999908447266,30702100
2018-07-26,101.5012435913086,109.62000274658205,111.0,109.5,110.73999786376952,31372100
2018-07-27,99.7049331665039,107.68000030517578,110.18000030517578,106.13999938964844,110.18000030517578,37005300
2018-07-30,97.56602478027344,105.37000274658205,107.52999877929688,104.76000213623048,107.19000244140624,34668300
2018-07-31,98.2234344482422,106.08000183105467,106.72000122070312,105.37999725341795,106.48999786376952,27655200
2018-08-01,98.40860748291016,106.27999877929688,106.4499969482422,105.41999816894533,106.02999877929688,23628700
2018-08-02,99.60308074951172,107.56999969482422,108.08999633789062,104.83999633789062,105.4000015258789,26104300
2018-08-03,100.03826904296876,108.04000091552734,108.0500030517578,106.81999969482422,107.8000030517578,18659600
2018-08-06,100.1216049194336,108.12999725341795,108.41999816894533,107.55999755859376,108.12000274658205,20265900
2018-08-07,100.81605529785156,108.87999725341795,109.0999984741211,108.16999816894533,108.55999755859376,16080200
2018-08-08,101.38087463378906,109.48999786376952,109.75,108.76000213623048,109.33000183105467,15487500
2018-08-09,101.5475616455078,109.66999816894533,110.16000366210938,109.5999984741211,109.70999908447266,13677200
2018-08-10,100.92716217041016,109.0,109.69000244140624,108.37999725341795,109.41999816894533,18183700
2018-08-13,100.19568634033205,108.20999908447266,109.58000183105467,108.0999984741211,109.23999786376952,18472500
2018-08-14,101.44566345214844,109.55999755859376,109.75,108.04000091552734,108.55999755859376,16788300
2018-08-15,100.07003021240234,107.66000366210938,108.98999786376952,106.81999969482422,108.48999786376952,29982800
2018-08-16,100.05142974853516,107.63999938964844,108.86000061035156,107.3000030517578,108.3000030517578,21384300
2018-08-17,99.99568176269533,107.58000183105467,107.9000015258789,106.69000244140624,107.36000061035156,18061500
2018-08-20,99.3357391357422,106.87000274658205,107.9000015258789,106.4800033569336,107.51000213623048,17914200
2018-08-21,98.50848388671876,105.9800033569336,107.3499984741211,105.8499984741211,106.91999816894533,22881900
2018-08-22,99.51233673095705,107.05999755859376,107.33999633789062,105.77999877929688,105.8499984741211,18000600
2018-08-23,99.97708892822266,107.55999755859376,108.18000030517578,106.87000274658205,107.1500015258789,18167700
2018-08-24,100.75787353515624,108.4000015258789,108.55999755859376,107.55999755859376,107.66999816894533,17234000
2018-08-27,101.87326049804688,109.5999984741211,109.63999938964844,108.51000213623048,109.2699966430664,19662300
2018-08-28,102.48673248291016,110.26000213623048,110.5,109.79000091552734,109.94000244140624,19151500
2018-08-29,104.12264251708984,112.0199966430664,112.02999877929688,110.2699966430664,110.4499969482422,20818000
2018-08-30,104.0575714111328,111.9499969482422,112.61000061035156,111.44000244140624,111.66999816894533,22798700
2018-08-31,104.41080474853516,112.33000183105467,112.77999877929688,111.5199966430664,111.69000244140624,23222700
2018-09-04,103.83450317382812,111.70999908447266,111.95999908447266,110.22000122070312,110.8499984741211,22634600
2018-09-05,100.84151458740234,108.48999786376952,111.41999816894533,108.0999984741211,111.01000213623048,32872400
2018-09-06,101.07389068603516,108.73999786376952,108.98999786376952,107.51000213623048,108.25,23477600
2018-09-07,100.58126831054688,108.20999908447266,108.72000122070312,107.2300033569336,108.2300033569336,22498600
2018-09-10,101.66875457763672,109.37999725341795,109.63999938964844,108.36000061035156,108.83999633789062,20727900
2018-09-11,103.39764404296876,111.23999786376952,111.58999633789062,108.88999938964844,108.9000015258789,24301800
2018-09-12,103.83450317382812,111.70999908447266,111.8499984741211,110.51000213623048,111.43000030517578,18891100
2018-09-13,104.94993591308594,112.91000366210938,113.7300033569336,112.12000274658205,112.12000274658205,26055600
2018-09-14,105.3774871826172,113.37000274658205,113.7300033569336,112.44000244140624,113.36000061035156,19122300
2018-09-17,104.23419189453124,112.13999938964844,113.6999969482422,111.86000061035156,113.69000244140624,20736500
2018-09-18,105.228759765625,113.20999908447266,113.6999969482422,111.72000122070312,112.19000244140624,22170900
2018-09-19,103.82521057128906,111.6999969482422,113.31999969482422,111.04000091552734,113.0500030517578,21728400
2018-09-20,105.5633773803711,113.56999969482422,113.8000030517578,111.93000030517578,112.27999877929688,23714500
2018-09-21,106.20474243164062,114.26000213623048,115.29000091552734,113.51000213623048,114.0,71229700
2018-09-24,106.5858383178711,114.66999816894533,114.9000015258789,112.22000122070312,113.02999877929688,27334500
2018-09-25,106.38133239746094,114.4499969482422,115.0999984741211,113.75,114.8000030517578,22668000
2018-09-26,105.94446563720705,113.9800033569336,115.05999755859376,113.73999786376952,114.47000122070312,19352000
2018-09-27,106.34416961669922,114.41000366210938,114.91000366210938,114.1999969482422,114.77999877929688,19091300
2018-09-28,106.30699157714844,114.37000274658205,114.56999969482422,113.68000030517578,114.19000244140624,21647800
2018-10-01,107.4595718383789,115.61000061035156,115.68000030517578,114.7300033569336,114.75,18883100
2018-10-02,107.03201293945312,115.1500015258789,115.83999633789062,114.44000244140624,115.3000030517578,20787200
2018-10-03,107.05059814453124,115.16999816894533,116.18000030517578,114.93000030517578,115.41999816894533,16648000
2018-10-04,104.83839416503906,112.79000091552734,114.76000213623048,111.62999725341795,114.61000061035156,34821700
2018-10-05,104.22491455078124,112.12999725341795,113.16999816894533,110.63999938964844,112.62999725341795,29068900
2018-10-08,103.03514099121094,110.8499984741211,112.02999877929688,109.33999633789062,111.66000366210938,29640600
2018-10-09,104.34574127197266,112.26000213623048,113.08000183105467,110.8000030517578,111.13999938964844,26198600
2018-10-10,98.67577362060548,106.16000366210938,111.5,105.79000091552734,111.23999786376952,61376300
2018-10-11,98.44338989257812,105.91000366210938,108.93000030517578,104.1999969482422,105.3499984741211,63904300
2018-10-12,101.8453598022461,109.56999969482422,111.23999786376952,107.12000274658205,109.01000213623048,47742100
2018-10-15,100.01426696777344,107.5999984741211,109.4800033569336,106.9499969482422,108.91000366210938,32068100
2018-10-16,103.1745834350586,111.0,111.41000366210938,108.9499969482422,109.54000091552734,31610200
2018-10-17,102.90502166748048,110.70999908447266,111.80999755859376,109.5500030517578,111.68000030517578,26548200
2018-10-18,100.850830078125,108.5,110.52999877929688,107.83000183105467,110.0999984741211,32506200
2018-10-19,100.99951934814452,108.66000366210938,110.86000061035156,108.20999908447266,108.93000030517578,32785500
2018-10-22,101.90116119384766,109.62999725341795,110.54000091552734,108.23999786376952,109.31999969482422,26545600
2018-10-23,100.4790267944336,108.0999984741211,108.97000122070312,105.11000061035156,107.7699966430664,43770400
2018-10-24,95.1064682006836,102.31999969482422,108.48999786376952,101.58999633789062,108.41000366210938,63897800
2018-10-25,100.6649169921875,108.3000030517578,109.2699966430664,106.1500015258789,106.5500030517578,61646800
2018-10-26,99.4193878173828,106.95999908447266,108.75,104.76000213623048,105.69000244140624,55523100
2018-10-29,96.52864837646484,103.8499984741211,108.6999969482422,101.62999725341795,108.11000061035156,55162000
2018-10-30,96.41712188720705,103.7300033569336,104.37999725341795,100.11000061035156,103.66000366210938,65350900
2018-10-31,99.27996063232422,106.80999755859376,108.13999938964844,105.38999938964844,105.44000244140624,51062400
2018-11-01,98.45270538330078,105.91999816894533,107.31999969482422,105.52999877929688,107.0500030517578,33384200
2018-11-02,98.67577362060548,106.16000366210938,107.31999969482422,104.9800033569336,106.4800033569336,37680200
2018-11-05,99.93061065673828,107.51000213623048,107.73999786376952,105.9000015258789,106.37000274658205,27922100
2018-11-06,100.12579345703124,107.72000122070312,108.83999633789062,106.27999877929688,107.37999725341795,24340200
2018-11-07,104.06689453125,111.95999908447266,112.23999786376952,109.4000015258789,109.44000244140624,37901700
2018-11-08,103.8717041015625,111.75,112.20999908447266,110.91000366210938,111.8000030517578,25644100
2018-11-09,101.8453598022461,109.56999969482422,111.4499969482422,108.76000213623048,110.8499984741211,32039200
2018-11-12,99.3357391357422,106.87000274658205,109.95999908447266,106.0999984741211,109.41999816894533,33621800
2018-11-13,99.40080261230467,106.94000244140624,108.73999786376952,106.63999938964844,107.5500030517578,35374600
2018-11-14,97.9911880493164,104.97000122070312,108.26000213623048,104.47000122070312,108.0999984741211,39495100
2018-11-15,100.14761352539062,107.27999877929688,107.8000030517578,103.91000366210938,104.98999786376952,38505200
2018-11-16,101.09046173095705,108.29000091552734,108.87999725341795,106.8000030517578,107.08000183105467,33502100
2018-11-19,97.66444396972656,104.62000274658205,108.55999755859376,103.5500030517578,108.2699966430664,44773900
2018-11-20,94.94793701171876,101.70999908447266,102.97000122070312,99.3499984741211,101.8000030517578,64052500
2018-11-21,96.2548370361328,103.11000061035156,104.43000030517578,102.23999786376952,103.5999984741211,28130600
2018-11-23,96.21749877929688,103.06999969482422,103.80999755859376,102.0,102.16999816894533,13823100
2018-11-26,99.39144134521484,106.47000122070312,106.62999725341795,104.58000183105467,104.79000091552734,32336200
2018-11-27,100.01691436767578,107.13999938964844,107.33000183105467,105.36000061035156,106.2699966430664,29124500
2018-11-28,103.7323226928711,111.12000274658205,111.33000183105467,107.86000061035156,107.88999938964844,46788500
2018-11-29,102.86412048339844,110.19000244140624,111.12000274658205,109.02999877929688,110.33000183105467,28123200
2018-11-30,103.51760864257812,110.88999938964844,110.97000122070312,109.36000061035156,110.6999969482422,33665600
2018-12-03,104.6378173828125,112.08999633789062,113.41999816894533,110.7300033569336,113.0,34732800
2018-12-04,101.30516815185548,108.5199966430664,112.63999938964844,108.20999908447266,111.94000244140624,45197000
2018-12-06,101.9306182861328,109.19000244140624,109.23999786376952,105.0,105.81999969482422,49107400
2018-12-07,97.85115814208984,104.81999969482422,109.4499969482422,104.3000030517578,108.37999725341795,45044900
2018-12-10,100.43700408935548,107.58999633789062,107.9800033569336,103.88999938964844,104.8000030517578,40801500
2018-12-11,101.3705062866211,108.58999633789062,110.9499969482422,107.44000244140624,109.8000030517578,42381900
2018-12-12,101.8279266357422,109.08000183105467,111.2699966430664,109.04000091552734,110.88999938964844,36183000
2018-12-13,102.17334747314452,109.4499969482422,110.87000274658205,108.62999725341795,109.58000183105467,31333400
2018-12-14,98.98069763183594,106.02999877929688,109.26000213623048,105.5,108.25,47043100
2018-12-17,96.04946899414062,102.88999938964844,105.8000030517578,101.70999908447266,105.41000366210938,56957300
2018-12-18,97.05767822265624,103.97000122070312,104.51000213623048,102.5199966430664,103.75,49319200
2018-12-19,96.79629516601562,103.69000244140624,106.87999725341795,101.3499984741211,103.6500015258789,68198200
2018-12-20,94.76123809814452,101.51000213623048,104.30999755859376,98.77999877929688,103.0500030517578,70334200
2018-12-21,91.69928741455078,98.2300033569336,103.0,97.45999908447266,101.62999725341795,111242100
2018-12-24,87.87187194824219,94.12999725341795,97.97000122070312,93.9800033569336,97.68000030517578,43935200
2018-12-26,93.87437438964844,100.55999755859376,100.69000244140624,93.95999908447266,95.13999938964844,51634800
2018-12-27,94.45315551757812,101.18000030517578,101.19000244140624,96.4000015258789,99.3000030517578,49498500
2018-12-28,93.71569061279295,100.38999938964844,102.41000366210938,99.5199966430664,102.08999633789062,38196300
2018-12-31,94.81722259521484,101.56999969482422,102.4000015258789,100.44000244140624,101.29000091552734,33173800
2019-01-02,94.39715576171876,101.12000274658205,101.75,98.94000244140624,99.5500030517578,35329300
2019-01-03,90.92446899414062,97.4000015258789,100.19000244140624,97.1999969482422,100.0999984741211,42579100
2019-01-04,95.15330505371094,101.93000030517578,102.51000213623048,98.93000030517578,99.72000122070312,44060600
2019-01-07,95.27466583251952,102.05999755859376,103.2699966430664,100.9800033569336,101.63999938964844,35656100
2019-01-08,95.96546173095705,102.8000030517578,103.97000122070312,101.70999908447266,103.04000091552734,31514400
2019-01-09,97.33771514892578,104.2699966430664,104.87999725341795,103.23999786376952,103.86000061035156,32280800
2019-01-10,96.7122802734375,103.5999984741211,103.75,102.37999725341795,103.22000122070312,30067600
2019-01-11,95.96546173095705,102.8000030517578,103.44000244140624,101.63999938964844,103.19000244140624,28314200
2019-01-14,95.26531219482422,102.0500030517578,102.87000274658205,101.26000213623048,101.9000015258789,28437100
2019-01-15,98.02852630615234,105.01000213623048,105.0500030517578,101.87999725341795,102.51000213623048,31587600
2019-01-16,98.37393188476562,105.37999725341795,106.26000213623048,104.95999908447266,105.26000213623048,29853900
2019-01-17,99.06475067138672,106.12000274658205,106.62999725341795,104.76000213623048,105.0,28393000
2019-01-18,100.54904174804688,107.70999908447266,107.9000015258789,105.91000366210938,107.45999908447266,37427600
2019-01-22,98.65398406982422,105.68000030517578,107.0999984741211,104.86000061035156,106.75,32371300
2019-01-23,99.6155014038086,106.70999908447266,107.04000091552734,105.33999633789062,106.12000274658205,25874300
2019-01-24,99.13938903808594,106.1999969482422,107.0,105.33999633789062,106.86000061035156,23164800
2019-01-25,100.04491424560548,107.16999816894533,107.87999725341795,106.1999969482422,107.23999786376952,31225600
2019-01-28,98.0938720703125,105.08000183105467,106.4800033569336,104.66000366210938,106.26000213623048,29476700
2019-01-29,96.0961456298828,102.94000244140624,104.97000122070312,102.16999816894533,104.87999725341795,31490500
2019-01-30,99.30743408203124,106.37999725341795,106.37999725341795,104.33000183105467,104.62000274658205,49471900
2019-01-31,97.48707580566406,104.43000030517578,105.22000122070312,103.18000030517578,103.8000030517578,55636400
2019-02-01,95.94678497314452,102.77999877929688,104.0999984741211,102.3499984741211,103.77999877929688,35535700
2019-02-04,98.70999908447266,105.73999786376952,105.8000030517578,102.7699966430664,102.87000274658205,31315100
2019-02-05,100.09158325195312,107.22000122070312,107.2699966430664,105.95999908447266,106.05999755859376,27325400
2019-02-06,98.98069763183594,106.02999877929688,107.0,105.52999877929688,107.0,20609800
2019-02-07,98.27123260498048,105.2699966430664,105.58999633789062,104.29000091552734,105.19000244140624,29760700
2019-02-08,98.64463806152344,105.66999816894533,105.77999877929688,104.26000213623048,104.38999938964844,21461100
2019-02-11,98.25257110595705,105.25,106.58000183105467,104.97000122070312,106.1999969482422,18914100
2019-02-12,99.78353881835938,106.88999938964844,107.13999938964844,105.4800033569336,106.13999938964844,25056600
2019-02-13,99.70884704589844,106.80999755859376,107.77999877929688,106.70999908447266,107.5,18394900
2019-02-14,99.7928695678711,106.9000015258789,107.29000091552734,105.66000366210938,106.30999755859376,21784700
2019-02-15,101.02513122558594,108.22000122070312,108.3000030517578,107.36000061035156,107.91000366210938,26606900
2019-02-19,100.97840881347656,108.16999816894533,108.66000366210938,107.77999877929688,107.79000091552734,18038500
2019-02-20,100.45344543457033,107.1500015258789,107.94000244140624,106.29000091552734,107.86000061035156,21607700
2019-02-21,102.57218170166016,109.41000366210938,109.4800033569336,106.87000274658205,106.9000015258789,29063200
2019-02-22,104.03468322753906,110.97000122070312,111.1999969482422,109.81999969482422,110.0500030517578,27763200
2019-02-25,104.61593627929688,111.58999633789062,112.18000030517578,111.26000213623048,111.76000213623048,23750600
2019-02-26,105.33782958984376,112.36000061035156,113.23999786376952,111.16999816894533,111.26000213623048,21536700
2019-02-27,105.15969848632812,112.16999816894533,112.36000061035156,110.87999725341795,111.69000244140624,21487100
2019-02-28,105.02845764160156,112.02999877929688,112.87999725341795,111.7300033569336,112.04000091552734,29083900
2019-03-01,105.49722290039062,112.52999877929688,113.0199966430664,111.66999816894533,112.88999938964844,23501200
2019-03-04,105.24407196044922,112.26000213623048,113.25,110.8000030517578,113.0199966430664,26608000
2019-03-05,104.71907806396484,111.6999969482422,112.38999938964844,111.2300033569336,112.25,19538300
2019-03-06,104.76594543457033,111.75,112.66000366210938,111.43000030517578,111.87000274658205,17687000
2019-03-07,103.49095916748048,110.38999938964844,111.5500030517578,109.87000274658205,111.4000015258789,25339000
2019-03-08,103.60343933105467,110.51000213623048,110.70999908447266,108.8000030517578,109.16000366210938,22818400
2019-03-11,105.7784652709961,112.83000183105467,112.9499969482422,110.9800033569336,110.98999786376952,26491600
2019-03-12,106.51908111572266,113.62000274658205,113.98999786376952,112.6500015258789,112.81999969482422,26132700
2019-03-13,107.34408569335938,114.5,115.0,113.77999877929688,114.12999725341795,35513800
2019-03-14,107.42845153808594,114.58999633789062,115.1999969482422,114.33000183105467,114.54000091552734,30763400
2019-03-15,108.6659698486328,115.91000366210938,117.25,114.58999633789062,115.33999633789062,54681100
2019-03-18,110.22220611572266,117.56999969482422,117.61000061035156,116.0500030517578,116.16999816894533,31207600
2019-03-19,110.29722595214844,117.6500015258789,118.44000244140624,116.98999786376952,118.08999633789062,37588700
2019-03-20,110.1753387451172,117.5199966430664,118.75,116.70999908447266,117.38999938964844,28113300
2019-03-21,112.7065887451172,120.22000122070312,120.81999969482422,117.08999633789062,117.13999938964844,29854400
2019-03-22,109.73470306396484,117.0500030517578,119.58999633789062,117.04000091552734,119.5,33624500
2019-03-25,110.30657958984376,117.66000366210938,118.01000213623048,116.31999969482422,116.55999755859376,27067100
2019-03-26,110.54098510742188,117.91000366210938,118.70999908447266,116.8499984741211,118.62000274658205,26097700
2019-03-27,109.47220611572266,116.7699966430664,118.20999908447266,115.5199966430664,117.87999725341795,22733400
2019-03-28,109.62218475341795,116.93000030517578,117.58000183105467,116.12999725341795,117.44000244140624,18334800
2019-03-29,110.56908416748048,117.94000244140624,118.31999969482422,116.95999908447266,118.06999969482422,25399800
2019-04-01,111.58160400390624,119.0199966430664,119.11000061035156,118.0999984741211,118.9499969482422,22789100
2019-04-02,111.740966796875,119.19000244140624,119.4800033569336,118.5199966430664,119.05999755859376,18142300
2019-04-03,112.47222900390624,119.97000122070312,120.43000030517578,119.1500015258789,119.86000061035156,22860700
2019-04-04,111.9003448486328,119.36000061035156,120.2300033569336,118.37999725341795,120.0999984741211,20112800
2019-04-05,112.39720153808594,119.88999938964844,120.2300033569336,119.37000274658205,119.38999938964844,15826200
2019-04-08,112.4347152709961,119.93000030517578,120.0199966430664,118.63999938964844,119.80999755859376,15116200
2019-04-09,111.82534790039062,119.27999877929688,119.54000091552734,118.58000183105467,118.62999725341795,17612000
2019-04-10,112.67847442626952,120.19000244140624,120.3499984741211,119.54000091552734,119.76000213623048,16477200
2019-04-11,112.80972290039062,120.33000183105467,120.8499984741211,119.91999816894533,120.54000091552734,14209100
2019-04-12,113.39098358154295,120.9499969482422,120.9800033569336,120.37000274658205,120.63999938964844,19745100
2019-04-15,113.4847183227539,121.0500030517578,121.58000183105467,120.56999969482422,120.94000244140624,15792600
2019-04-16,113.22222137451172,120.7699966430664,121.6500015258789,120.0999984741211,121.63999938964844,14071800
2019-04-17,114.15970611572266,121.7699966430664,121.8499984741211,120.54000091552734,121.23999786376952,19300900
2019-04-18,115.65974426269533,123.37000274658205,123.5199966430664,121.3000030517578,122.19000244140624,27991000
2019-04-22,116.02537536621094,123.76000213623048,124.0,122.56999969482422,122.62000274658205,15648700
2019-04-23,117.60035705566406,125.44000244140624,125.58000183105467,123.83000183105467,124.0999984741211,24025500
2019-04-24,117.1972427368164,125.01000213623048,125.8499984741211,124.5199966430664,125.79000091552734,31257000
2019-04-25,121.0784912109375,129.14999389648438,131.3699951171875,128.8300018310547,130.05999755859375,38033900
2019-04-26,121.77224731445312,129.88999938964844,130.52000427246094,129.02000427246094,129.6999969482422,23654900
2019-04-29,121.65974426269533,129.77000427246094,130.17999267578125,129.35000610351562,129.89999389648438,16324200
2019-04-30,122.43787384033205,130.60000610351562,130.6999969482422,129.38999938964844,129.80999755859375,24166500
2019-05-01,119.88787078857422,127.87999725341795,130.64999389648438,127.6999969482422,130.52999877929688,26821700
2019-05-02,118.32222747802734,126.20999908447266,128.0,125.5199966430664,127.9800033569336,27350200
2019-05-03,120.8441162109375,128.89999389648438,129.42999267578125,127.25,127.36000061035156,24911100
2019-05-06,120.14100646972656,128.14999389648438,128.55999755859375,126.11000061035156,126.38999938964844,24239800
2019-05-07,117.67536163330078,125.5199966430664,127.18000030517578,124.22000122070312,126.45999908447266,36017700
2019-05-08,117.6659698486328,125.51000213623048,126.37000274658205,124.75,125.44000244140624,28419000
2019-05-09,117.65662384033205,125.5,125.79000091552734,123.56999969482422,124.29000091552734,27235800
2019-05-10,119.18474578857422,127.12999725341795,127.93000030517578,123.81999969482422,124.91000366210938,30915100
2019-05-13,115.6409912109375,123.3499984741211,125.5500030517578,123.04000091552734,124.11000061035156,33944900
2019-05-14,116.93473815917967,124.7300033569336,125.87999725341795,123.6999969482422,123.87000274658205,25266300
2019-05-15,118.5814437866211,126.0199966430664,126.70999908447266,123.6999969482422,124.26000213623048,24722700
2019-05-16,121.31964111328124,128.92999267578125,129.3800048828125,126.45999908447266,126.75,30112200
2019-05-17,120.51043701171876,128.07000732421875,130.4600067138672,127.91999816894533,128.30999755859375,25770500
2019-05-20,118.76963806152344,126.22000122070312,127.58999633789062,125.76000213623048,126.5199966430664,23706900
2019-05-21,119.40948486328124,126.9000015258789,127.52999877929688,126.58000183105467,127.43000030517578,15293300
2019-05-22,120.13404846191406,127.66999816894533,128.24000549316406,126.5199966430664,126.62000274658205,15396500
2019-05-23,118.73199462890624,126.18000030517578,126.29000091552734,124.73999786376952,126.1999969482422,23603800
2019-05-24,118.78846740722656,126.23999786376952,127.41999816894533,125.97000122070312,126.91000366210938,14123400
2019-05-28,118.7131805419922,126.16000366210938,128.0,126.0500030517578,126.9800033569336,23128400
2019-05-29,117.56517791748048,124.94000244140624,125.38999938964844,124.04000091552734,125.37999725341795,22763100
2019-05-30,118.30856323242188,125.7300033569336,125.76000213623048,124.77999877929688,125.26000213623048,16829600
2019-05-31,116.37956237792967,123.68000030517578,124.62000274658205,123.31999969482422,124.2300033569336,26646800
2019-06-03,112.76622009277344,119.83999633789062,124.37000274658205,119.01000213623048,123.8499984741211,37983600
2019-06-04,115.89025115966795,123.16000366210938,123.27999877929688,120.6500015258789,121.27999877929688,29382600
2019-06-05,118.40265655517578,125.83000183105467,125.87000274658205,124.20999908447266,124.9499969482422,24926100
2019-06-06,120.2751922607422,127.81999969482422,127.97000122070312,125.5999984741211,126.44000244140624,21459000
2019-06-07,123.64387512207033,131.39999389648438,132.25,128.25999450683594,129.19000244140625,33885600
2019-06-10,124.77305603027344,132.60000610351562,134.0800018310547,132.0,132.39999389648438,26477100
2019-06-11,124.30255126953124,132.10000610351562,134.24000549316406,131.27999877929688,133.8800048828125,23913700
2019-06-12,123.72857666015624,131.49000549316406,131.97000122070312,130.7100067138672,131.39999389648438,17092500
2019-06-13,124.50955963134766,132.32000732421875,133.0,131.55999755859375,131.97999572753906,17200800
2019-06-14,124.6319351196289,132.4499969482422,133.7899932861328,131.63999938964844,132.25999450683594,17821700
2019-06-17,125.0082778930664,132.85000610351562,133.72999572753906,132.52999877929688,132.6300048828125,14517800
2019-06-18,127.18194580078124,135.16000366210938,135.24000549316406,133.57000732421875,134.19000244140625,25934500
2019-06-19,127.68067932128906,135.69000244140625,135.92999267578125,133.80999755859375,135.0,23744400
2019-06-20,128.86630249023438,136.9499969482422,137.66000366210938,135.72000122070312,137.4499969482422,33042600
2019-06-21,128.8850860595703,136.97000122070312,137.72999572753906,136.4600067138672,136.5800018310547,36727900
2019-06-24,129.6472930908203,137.77999877929688,138.39999389648438,137.0,137.0,20628800
2019-06-25,125.55403137207033,133.42999267578125,137.58999633789062,132.72999572753906,137.25,33327400
2019-06-26,126.02454376220705,133.92999267578125,135.74000549316406,133.60000610351562,134.35000610351562,23657700
2019-06-27,126.23155212402344,134.14999389648438,134.7100067138672,133.50999450683594,134.13999938964844,16557500
2019-06-28,126.05277252197266,133.9600067138672,134.60000610351562,133.16000366210938,134.57000732421875,30043000
2019-07-01,127.6712646484375,135.67999267578125,136.6999969482422,134.97000122070312,136.6300048828125,22613500
2019-07-02,128.5181121826172,136.5800018310547,136.58999633789062,135.33999633789062,136.1199951171875,15237800
2019-07-03,129.34620666503906,137.4600067138672,137.74000549316406,136.2899932861328,136.8000030517578,13629300
2019-07-05,128.96975708007812,137.05999755859375,137.3300018310547,135.72000122070312,135.94000244140625,18141100
2019-07-08,128.87570190429688,136.9600067138672,137.10000610351562,135.3699951171875,136.39999389648438,16779700
2019-07-09,128.40516662597656,136.4600067138672,136.97000122070312,135.8000030517578,136.0,19953100
2019-07-10,129.71315002441406,137.85000610351562,138.5800018310547,137.02000427246094,137.1300048828125,24204400
2019-07-11,130.23068237304688,138.39999389648438,139.22000122070312,137.8699951171875,138.1999969482422,22327900
2019-07-12,130.701171875,138.89999389648438,139.1300048828125,138.00999450683594,138.85000610351562,18936800
2019-07-15,130.701171875,138.89999389648438,139.5399932861328,138.4600067138672,139.44000244140625,16651500
2019-07-16,128.98863220214844,137.0800018310547,139.0500030517578,136.52000427246094,138.9600067138672,22726100
2019-07-17,128.22642517089844,136.27000427246094,137.92999267578125,136.22000122070312,137.6999969482422,20211000
2019-07-18,128.36756896972656,136.4199981689453,136.6199951171875,134.6699981689453,135.5500030517578,30381800
2019-07-19,128.5557861328125,136.6199951171875,140.6699981689453,136.4499969482422,140.22000122070312,48992400
2019-07-22,130.25888061523438,138.42999267578125,139.19000244140625,137.3300018310547,137.41000366210938,25074900
2019-07-23,131.06814575195312,139.2899932861328,139.99000549316406,138.02999877929688,139.75999450683594,18034600
2019-07-24,132.41371154785156,140.72000122070312,140.74000549316406,138.85000610351562,138.89999389648438,20738300
2019-07-25,131.91505432128906,140.19000244140625,140.61000061035156,139.32000732421875,140.42999267578125,18356900
2019-07-26,132.9971466064453,141.33999633789062,141.67999267578125,140.3000030517578,140.3699951171875,19037600
2019-07-29,132.70547485351562,141.02999877929688,141.50999450683594,139.3699951171875,141.5,16605900
2019-07-30,132.06558227539062,140.35000610351562,141.22000122070312,139.8000030517578,140.13999938964844,16846500
2019-07-31,128.22642517089844,136.27000427246094,140.49000549316406,135.0800018310547,140.3300018310547,38598800
2019-08-01,129.91073608398438,138.05999755859375,140.94000244140625,136.92999267578125,137.0,40557500
2019-08-02,128.81922912597656,136.89999389648438,138.32000732421875,135.25999450683594,138.08999633789062,30791600
2019-08-05,124.40612030029295,132.2100067138672,133.92999267578125,130.77999877929688,133.3000030517578,42749600
2019-08-06,126.73966979980467,134.69000244140625,135.67999267578125,133.2100067138672,133.8000030517578,32696700
2019-08-07,127.29485321044922,135.27999877929688,135.64999389648438,131.8300018310547,133.7899932861328,33414500
2019-08-08,130.69178771972656,138.88999938964844,138.99000549316406,135.92999267578125,136.60000610351562,27496500
2019-08-09,129.58143615722656,137.7100067138672,139.3800048828125,136.4600067138672,138.61000061035156,23466700
2019-08-12,127.77473449707033,135.7899932861328,137.86000061035156,135.24000549316406,137.07000732421875,20484300
2019-08-13,130.4188995361328,138.60000610351562,138.8000030517578,135.0,136.0500030517578,25154600
2019-08-14,126.49140167236328,133.97999572753906,136.9199981689453,133.6699981689453,136.36000061035156,32527300
2019-08-15,126.2081527709961,133.67999267578125,134.5800018310547,132.25,134.38999938964844,28074400
2019-08-16,128.52127075195312,136.1300048828125,136.4600067138672,134.72000122070312,134.8800048828125,24449100
2019-08-19,130.67381286621094,138.41000366210938,138.5500030517578,136.88999938964844,137.85000610351562,24355700
2019-08-20,129.58807373046875,137.25999450683594,138.7100067138672,137.24000549316406,138.2100067138672,21170800
2019-08-21,131.03253173828125,138.7899932861328,139.49000549316406,138.0,138.5500030517578,14970300
2019-08-22,130.07901000976562,137.77999877929688,139.1999969482422,136.2899932861328,138.66000366210938,18697000
2019-08-23,125.93435668945312,133.38999938964844,138.35000610351562,132.8000030517578,137.19000244140625,38508600
2019-08-26,127.87920379638672,135.4499969482422,135.55999755859375,133.89999389648438,134.99000549316406,20312600
2019-08-27,128.1529998779297,135.74000549316406,136.72000122070312,134.66000366210938,136.38999938964844,23102100
2019-08-28,127.98307037353516,135.55999755859375,135.75999450683594,133.5500030517578,134.8800048828125,17393300
2019-08-29,130.3999786376953,138.1199951171875,138.44000244140625,136.91000366210938,137.25,20168700
2019-08-30,130.1544952392578,137.86000061035156,139.17999267578125,136.27000427246094,139.14999389648438,23940100
2019-09-03,128.43624877929688,136.0399932861328,137.1999969482422,135.6999969482422,136.61000061035156,18869300
2019-09-04,129.93740844726562,137.6300048828125,137.69000244140625,136.47999572753906,137.3000030517578,17995900
2019-09-05,132.22213745117188,140.0500030517578,140.3800048828125,138.75999450683594,139.11000061035156,26101800
2019-09-06,131.32522583007812,139.10000610351562,140.17999267578125,138.1999969482422,140.02999877929688,20824500
2019-09-09,129.83355712890625,137.52000427246094,139.75,136.4600067138672,139.58999633789062,25773900
2019-09-10,128.47402954101562,136.0800018310547,136.88999938964844,134.50999450683594,136.8000030517578,28903400
2019-09-11,128.5117950439453,136.1199951171875,136.27000427246094,135.08999633789062,135.91000366210938,24726100
2019-09-12,129.83355712890625,137.52000427246094,138.4199981689453,136.8699951171875,137.85000610351562,27010000
2019-09-13,129.64476013183594,137.32000732421875,138.05999755859375,136.57000732421875,137.77999877929688,23363100
2019-09-16,128.71005249023438,136.3300018310547,136.6999969482422,135.66000366210938,135.8300018310547,16731400
2019-09-17,129.71080017089844,137.38999938964844,137.52000427246094,136.42999267578125,136.9600067138672,17814200
2019-09-18,130.7776641845703,138.52000427246094,138.6699981689453,136.52999877929688,137.36000061035156,23982100
2019-09-19,133.1851348876953,141.07000732421875,142.3699951171875,140.07000732421875,140.3000030517578,35772100
2019-09-20,131.64622497558594,139.44000244140625,141.64999389648438,138.25,141.00999450683594,39167300
2019-09-23,131.36297607421875,139.13999938964844,139.6300048828125,138.44000244140625,139.22999572753906,17139300
2019-09-24,129.70135498046875,137.3800048828125,140.69000244140625,136.8800048828125,140.36000061035156,29773200
2019-09-25,131.57070922851562,139.36000061035156,139.9600067138672,136.02999877929688,137.5,21382000
2019-09-26,131.7406005859375,139.5399932861328,140.17999267578125,138.44000244140625,139.44000244140625,17456600
2019-09-27,130.03176879882812,137.72999572753906,140.36000061035156,136.64999389648438,140.14999389648438,22477700
2019-09-30,131.2591552734375,139.02999877929688,139.22000122070312,137.77999877929688,138.0500030517578,17280900
2019-10-01,129.40869140625,137.07000732421875,140.25,137.0,139.66000366210938,21466600
2019-10-02,127.12393951416016,134.64999389648438,136.3699951171875,133.5800018310547,136.25,30521700
2019-10-03,128.66282653808594,136.27999877929688,136.75,133.22000122070312,134.9499969482422,24132900
2019-10-04,130.3999786376953,138.1199951171875,138.25,136.4199981689453,136.75,22897700
2019-10-07,129.45590209960938,137.1199951171875,138.17999267578125,137.02000427246094,137.13999938964844,15303700
2019-10-08,128.08694458007812,135.6699981689453,137.75999450683594,135.6199951171875,137.0800018310547,25550500
2019-10-09,130.5132598876953,138.24000549316406,138.6999969482422,136.97000122070312,137.4600067138672,19749900
2019-10-10,131.32522583007812,139.10000610351562,139.6699981689453,138.25,138.49000549316406,17654600
2019-10-11,131.87281799316406,139.67999267578125,141.02999877929688,139.5,140.1199951171875,25446000
2019-10-14,131.75009155273438,139.5500030517578,140.2899932861328,139.52000427246094,139.69000244140625,13304300
2019-10-15,133.6571502685547,141.57000732421875,141.7899932861328,139.80999755859375,140.05999755859375,19695700
2019-10-16,132.56201171875,140.41000366210938,140.99000549316406,139.52999877929688,140.7899932861328,20751600
2019-10-17,131.88221740722656,139.69000244140625,141.4199981689453,139.02000427246094,140.9499969482422,21460600
2019-10-18,129.7296905517578,137.41000366210938,140.0,136.55999755859375,139.75999450683594,32273500
2019-10-21,130.69265747070312,138.42999267578125,138.5,137.00999450683594,138.4499969482422,20078200
2019-10-22,128.74783325195312,136.3699951171875,140.00999450683594,136.25999450683594,138.97000122070312,27431000
2019-10-23,129.56918334960938,137.24000549316406,137.4499969482422,135.61000061035156,136.8800048828125,29844600
2019-10-24,132.1182861328125,139.94000244140625,140.4199981689453,138.6699981689453,139.38999938964844,37029300
2019-10-25,132.8641357421875,140.72999572753906,141.13999938964844,139.1999969482422,139.33999633789062,25959700
2019-10-28,136.13075256347656,144.19000244140625,145.6699981689453,143.50999450683594,144.39999389648438,35280100
2019-10-29,134.84671020507812,142.8300018310547,144.5,142.64999389648438,144.0800018310547,20589500
2019-10-30,136.52728271484375,144.61000061035156,145.0,142.7899932861328,143.52000427246094,18496600
2019-10-31,135.35655212402344,143.3699951171875,144.92999267578125,142.99000549316406,144.89999389648438,24605100
2019-11-01,135.68699645996094,143.72000122070312,144.4199981689453,142.97000122070312,144.25999450683594,33128400
2019-11-04,136.47061157226562,144.5500030517578,145.0,144.16000366210938,144.8300018310547,16912000
2019-11-05,136.38563537597656,144.4600067138672,145.02000427246094,143.91000366210938,144.97000122070312,18250200
2019-11-06,136.0079803466797,144.05999755859375,144.52000427246094,143.1999969482422,144.3699951171875,16575800
2019-11-07,136.1968231201172,144.25999450683594,144.8800048828125,143.77000427246094,143.83999633789062,17786700
2019-11-08,137.8018035888672,145.9600067138672,145.99000549316406,143.75999450683594,143.97999572753906,16732700
2019-11-11,137.9434051513672,146.11000061035156,146.4199981689453,144.72999572753906,145.33999633789062,14362600
2019-11-12,138.8497314453125,147.07000732421875,147.57000732421875,146.05999755859375,146.27999877929688,18641600
2019-11-13,139.07635498046875,147.30999755859375,147.4600067138672,146.27999877929688,146.74000549316406,16919200
2019-11-14,139.78440856933594,148.05999755859375,148.41000366210938,147.0,147.02000427246094,19729800
2019-11-15,141.58767700195312,149.97000122070312,149.99000549316406,148.27000427246094,148.92999267578125,23485700
2019-11-18,141.93699645996094,150.33999633789062,150.5500030517578,148.97999572753906,150.07000732421875,21534000
2019-11-19,141.9842071533203,150.38999938964844,151.3300018310547,150.1999969482422,150.8800048828125,23935700
2019-11-20,141.73788452148438,149.6199951171875,150.83999633789062,148.4600067138672,150.30999755859375,25696800
2019-11-21,141.6052703857422,149.47999572753906,149.8000030517578,148.5,149.39999389648438,18576100
2019-11-22,141.70947265625,149.58999633789062,150.3000030517578,148.82000732421875,150.07000732421875,15901800
2019-11-25,143.2631072998047,151.22999572753906,151.35000610351562,149.9199981689453,150.0,22420900
2019-11-26,144.0209197998047,152.02999877929688,152.4199981689453,151.32000732421875,151.36000061035156,24620100
2019-11-27,144.29563903808594,152.32000732421875,152.5,151.52000427246094,152.3300018310547,15184400
2019-11-29,143.40518188476562,151.3800048828125,152.3000030517578,151.27999877929688,152.10000610351562,11977300
2019-12-02,141.6715850830078,149.5500030517578,151.8300018310547,148.32000732421875,151.80999755859375,27418400
2019-12-03,141.44422912597656,149.30999755859375,149.42999267578125,146.64999389648438,147.49000549316406,24066000
2019-12-04,141.95579528808594,149.85000610351562,150.17999267578125,149.1999969482422,150.13999938964844,17574700
2019-12-05,142.03152465820312,149.92999267578125,150.32000732421875,149.47999572753906,150.0500030517578,17869100
2019-12-06,143.75567626953125,151.75,151.8699951171875,150.27000427246094,150.99000549316406,16403500
2019-12-09,143.38623046875,151.36000061035156,152.2100067138672,150.91000366210938,151.07000732421875,16687400
2019-12-10,143.16831970214844,151.1300048828125,151.88999938964844,150.75999450683594,151.2899932861328,16476100
2019-12-11,143.70831298828125,151.6999969482422,151.8699951171875,150.3300018310547,151.5399932861328,18856600
2019-12-12,145.16717529296875,153.24000549316406,153.44000244140625,151.02000427246094,151.64999389648438,24612100
2019-12-13,146.3892364501953,154.52999877929688,154.88999938964844,152.8300018310547,153.0,23845400
2019-12-16,147.33651733398438,155.52999877929688,155.89999389648438,154.82000732421875,155.11000061035156,24144200
2019-12-17,146.5408172607422,154.69000244140625,155.7100067138672,154.4499969482422,155.4499969482422,25425600
2019-12-18,146.23764038085938,154.3699951171875,155.47999572753906,154.17999267578125,154.3000030517578,24129200
2019-12-19,147.5070343017578,155.7100067138672,155.77000427246094,153.75,154.0,24958900
2019-12-20,149.1175079345703,157.41000366210938,158.49000549316406,156.2899932861328,157.35000610351562,53477500
2019-12-23,149.1175079345703,157.41000366210938,158.1199951171875,157.27000427246094,158.1199951171875,17718200
2019-12-24,149.0890655517578,157.3800048828125,157.7100067138672,157.1199951171875,157.47999572753906,8989200
2019-12-26,150.3111114501953,158.6699981689453,158.72999572753906,157.39999389648438,157.55999755859375,14520600
2019-12-27,150.5858917236328,158.9600067138672,159.5500030517578,158.22000122070312,159.4499969482422,18412800
2019-12-30,149.28805541992188,157.58999633789062,159.02000427246094,156.72999572753906,158.99000549316406,16348400
2019-12-31,149.3922119140625,157.6999969482422,157.77000427246094,156.4499969482422,156.77000427246094,18369400
2020-01-02,152.1584014892578,160.6199951171875,160.72999572753906,158.3300018310547,158.77999877929688,22622100
2020-01-03,150.26377868652344,158.6199951171875,159.9499969482422,158.05999755859375,158.32000732421875,21116200
2020-01-06,150.6521453857422,159.02999877929688,159.10000610351562,156.50999450683594,157.0800018310547,20813700
2020-01-07,149.27857971191406,157.5800018310547,159.6699981689453,157.32000732421875,159.32000732421875,21634100
2020-01-08,151.65631103515625,160.08999633789062,160.8000030517578,157.9499969482422,158.92999267578125,27746500
2020-01-09,153.55091857910156,162.08999633789062,162.22000122070312,161.02999877929688,161.83999633789062,21385000
2020-01-10,152.84046936035156,161.33999633789062,163.22000122070312,161.17999267578125,162.82000732421875,20725900
2020-01-13,154.67823791503906,163.27999877929688,163.30999755859375,161.25999450683594,161.75999450683594,21626500
2020-01-14,153.5888671875,162.1300048828125,163.60000610351562,161.72000122070312,163.38999938964844,23477400
2020-01-15,154.58352661132812,163.17999267578125,163.94000244140625,162.57000732421875,162.6199951171875,21417900
2020-01-16,157.41603088378906,166.1699981689453,166.24000549316406,164.02999877929688,164.35000610351562,23865400
2020-01-17,158.2970428466797,167.10000610351562,167.47000122070312,165.42999267578125,167.4199981689453,34371700
2020-01-21,157.72862243652344,166.5,168.19000244140625,166.42999267578125,166.67999267578125,29517200
2020-01-22,156.9707794189453,165.6999969482422,167.49000549316406,165.67999267578125,167.39999389648438,24138800
2020-01-23,157.93704223632812,166.72000122070312,166.8000030517578,165.27000427246094,166.19000244140625,19680800
2020-01-24,156.34555053710938,165.0399932861328,167.52999877929688,164.4499969482422,167.50999450683594,24918100
2020-01-27,153.7310028076172,162.27999877929688,163.3800048828125,160.1999969482422,161.14999389648438,32078100
2020-01-28,156.74342346191406,165.4600067138672,165.75999450683594,163.07000732421875,163.77999877929688,24899900
2020-01-29,159.18748474121094,168.0399932861328,168.75,165.69000244140625,167.83999633789062,34754500
2020-01-30,163.6777801513672,172.77999877929688,174.0500030517578,170.7899932861328,174.0500030517578,51597500
2020-01-31,161.26211547851562,170.22999572753906,172.39999389648438,169.5800018310547,172.2100067138672,36142700
2020-02-03,165.19354248046875,174.3800048828125,174.5,170.39999389648438,170.42999267578125,30107000
2020-02-04,170.63111877441406,180.1199951171875,180.63999938964844,176.30999755859375,177.13999938964844,36433300
2020-02-05,170.4227294921875,179.89999389648438,184.1999969482422,178.41000366210938,184.02999877929688,39186300
2020-02-06,173.95620727539062,183.6300048828125,183.82000732421875,180.05999755859375,180.97000122070312,27751400
2020-02-07,174.20249938964844,183.88999938964844,185.6300048828125,182.47999572753903,182.8500061035156,33529100
2020-02-10,178.7591094970703,188.6999969482422,188.83999633789065,183.25,183.5800018310547,35844300
2020-02-11,174.7235565185547,184.44000244140625,190.6999969482422,183.5,190.6499938964844,53159900
2020-02-12,174.97933959960938,184.7100067138672,185.8500061035156,181.8500061035156,185.5800018310547,47062900
2020-02-13,174.0320281982422,183.7100067138672,186.22999572753903,182.8699951171875,183.0800018310547,35295800
2020-02-14,175.58560180664062,185.3500061035156,185.4100036621093,182.6499938964844,183.25,23149500
2020-02-18,177.36656188964844,187.22999572753903,187.6999969482422,185.5,185.6100006103516,27792200
2020-02-19,177.8984832763672,187.27999877929688,188.17999267578125,186.47000122070312,188.0599975585937,29997500
2020-02-20,175.1818084716797,184.4199981689453,187.25,181.1000061035156,186.9499969482422,36862400
2020-02-21,169.64381408691406,178.58999633789062,183.5,177.25,183.1699981689453,48572600
2020-02-24,162.32960510253906,170.88999938964844,174.5500030517578,163.22999572753906,167.77000427246094,68311100
2020-02-25,159.6508331298828,168.07000732421875,174.83999633789062,167.64999389648438,174.1999969482422,68073300
2020-02-26,161.64561462402344,170.1699981689453,173.25999450683594,168.2100067138672,169.7100067138672,56206100
2020-02-27,150.2562255859375,158.17999267578125,167.02999877929688,157.97999572753906,163.32000732421875,93174900
2020-02-28,153.8943634033203,162.00999450683594,163.7100067138672,152.0,152.41000366210938,97012700
2020-03-02,164.1343536376953,172.7899932861328,172.9199981689453,162.30999755859375,165.30999755859375,71030800
2020-03-03,156.26910400390625,164.50999450683594,175.0,162.25999450683594,173.8000030517578,71677000
2020-03-04,162.00657653808594,170.5500030517578,170.6999969482422,165.6199951171875,168.49000549316406,49814400
2020-03-05,157.9409637451172,166.27000427246094,170.8699951171875,165.69000244140625,166.0500030517578,47817300
2020-03-06,153.47645568847656,161.57000732421875,163.11000061035156,156.0,162.61000061035156,72821100
2020-03-09,143.07496643066406,150.6199951171875,157.75,150.0,151.0,70419300
2020-03-10,152.85894775390625,160.9199981689453,161.02999877929688,152.5800018310547,158.16000366210938,65354400
2020-03-11,145.93414306640625,153.6300048828125,157.6999969482422,151.14999389648438,157.1300048828125,56371600
2020-03-12,132.093994140625,139.05999755859375,153.47000122070312,138.5800018310547,145.3000030517578,93226400
2020-03-13,150.8737030029297,158.8300018310547,161.91000366210938,140.72999572753906,147.5,92727400
2020-03-16,128.6363525390625,135.4199981689453,149.35000610351562,135.0,140.0,87905900
2020-03-17,139.22784423828125,146.57000732421875,147.5,135.0,140.0,81059800
2020-03-18,133.36688232421875,140.39999389648438,146.0,135.02000427246094,138.0,81593200
2020-03-19,135.5611572265625,142.7100067138672,150.14999389648438,139.0,142.77000427246094,85922700
2020-03-20,130.46969604492188,137.35000610351562,147.10000610351562,135.86000061035156,146.0,84866200
2020-03-23,129.16835021972656,135.97999572753906,140.57000732421875,132.52000427246094,137.00999450683594,78975200
2020-03-24,140.90911865234375,148.33999633789062,149.60000610351562,141.27000427246094,143.75,82516700
2020-03-25,139.560302734375,146.9199981689453,154.3300018310547,144.44000244140625,148.91000366210938,75638200
2020-03-26,148.28993225097656,156.11000061035156,156.66000366210938,148.3699951171875,148.39999389648438,64568100
2020-03-27,142.2010040283203,149.6999969482422,154.88999938964844,149.1999969482422,151.75,57042300
2020-03-30,152.20352172851562,160.22999572753906,160.60000610351562,150.00999450683594,152.44000244140625,63420300
2020-03-31,149.809814453125,157.7100067138672,164.77999877929688,156.55999755859375,159.39999389648438,77927200
2020-04-01,144.4903106689453,152.11000061035156,157.75,150.82000732421875,153.0,57969900
2020-04-02,147.48248291015625,155.25999450683594,155.47999572753906,150.36000061035156,151.86000061035156,49630700
2020-04-03,146.12413024902344,153.8300018310547,157.3800048828125,152.19000244140625,155.10000610351562,41243300
2020-04-06,156.99107360839844,165.27000427246094,166.5,157.5800018310547,160.32000732421875,67111700
2020-04-07,155.3002471923828,163.49000549316406,170.0,163.25999450683594,169.58999633789062,62769000
2020-04-08,156.8580780029297,165.1300048828125,166.6699981689453,163.5,165.6699981689453,48318200
2020-04-09,156.86758422851562,165.13999938964844,167.3699951171875,163.3300018310547,166.36000061035156,51385100
2020-04-13,157.21905517578125,165.50999450683594,165.57000732421875,162.3000030517578,164.35000610351562,41905300
2020-04-14,164.99874877929688,173.6999969482422,173.75,168.0,169.0,52874300
2020-04-15,163.2699432373047,171.8800048828125,173.57000732421875,169.24000549316406,171.1999969482422,40940800
2020-04-16,168.1714630126953,177.0399932861328,177.27999877929688,172.89999389648438,174.3000030517578,50479600
2020-04-17,169.65330505371094,178.60000610351562,180.0,175.8699951171875,179.5,52765600
2020-04-20,166.29066467285156,175.05999755859375,178.75,174.99000549316406,176.6300048828125,36669600
2020-04-21,159.41329956054688,167.82000732421875,173.6699981689453,166.11000061035156,173.5,56203700
2020-04-22,164.8278350830078,173.52000427246094,174.0,170.82000732421875,171.38999938964844,34620200
2020-04-23,162.8330078125,171.4199981689453,175.05999755859375,170.91000366210938,174.11000061035156,32790800
2020-04-24,165.8061981201172,174.5500030517578,174.55999755859375,170.7100067138672,172.05999755859375,34277600
2020-04-27,165.33126831054688,174.0500030517578,176.89999389648438,173.3000030517578,176.58999633789062,33194400
2020-04-28,161.30361938476562,169.80999755859375,175.6699981689453,169.38999938964844,175.58999633789062,34392700
2020-04-29,168.54193115234375,177.42999267578125,177.67999267578125,171.8800048828125,173.22000122070312,51286600
2020-04-30,170.23277282714844,179.2100067138672,180.3999938964844,176.22999572753906,180.0,53875900
2020-05-01,165.8251953125,174.57000732421875,178.63999938964844,174.00999450683594,175.8000030517578,39370500
2020-05-04,169.88128662109375,178.83999633789062,179.0,173.8000030517578,174.49000549316406,30372900
2020-05-05,171.70509338378906,180.759994506836,183.6499938964844,179.89999389648438,180.6199951171875,36839200
2020-05-06,173.39593505859375,182.5399932861328,184.1999969482422,181.6300048828125,182.0800018310547,32139300
2020-05-07,174.4028778076172,183.6000061035156,184.5500030517578,182.5800018310547,184.1699981689453,28316000
2020-05-08,175.42869567871094,184.67999267578125,185.0,183.3600006103516,184.97999572753903,30877800
2020-05-11,177.38555908203125,186.7400054931641,187.509994506836,182.8500061035156,183.1499938964844,30892700
2020-05-12,173.367431640625,182.509994506836,187.0399932861328,182.3000030517578,186.8000030517578,32038200
2020-05-13,170.7457275390625,179.75,184.0500030517578,176.5399932861328,182.5500030517578,44711500
2020-05-14,171.48666381835938,180.52999877929688,180.69000244140625,175.67999267578125,177.5399932861328,41873900
2020-05-15,173.98486328125,183.1600036621093,187.0599975585937,177.0,179.05999755859375,46610400
2020-05-18,175.64727783203125,184.9100036621093,186.1999969482422,183.9600067138672,185.75,35264500
2020-05-19,174.43136596679688,183.6300048828125,186.6000061035156,183.4900054931641,185.02999877929688,26799100
2020-05-20,176.850830078125,185.6600036621093,185.8500061035156,183.94000244140625,184.8099975585937,31261300
2020-05-21,174.72666931152344,183.42999267578125,186.6699981689453,183.2899932861328,185.3999938964844,29119500
2020-05-22,174.80284118652344,183.509994506836,184.4600067138672,182.5399932861328,183.19000244140625,20826900
2020-05-26,172.95489501953125,181.57000732421875,186.5,181.1000061035156,186.33999633789065,36073600
2020-05-27,173.18350219726562,181.8099975585937,181.9900054931641,176.60000610351562,180.1999969482422,39517100
2020-05-28,172.79296875,181.3999938964844,184.1499938964844,180.3800048828125,180.7400054931641,33810200
2020-05-29,174.55520629882812,183.25,184.2700042724609,180.4100036621093,182.72999572753903,42130400
2020-06-01,174.15512084960938,182.8300018310547,183.0,181.4600067138672,182.5399932861328,22622400
2020-06-02,176.13645935058594,184.9100036621093,185.0,181.3500061035156,184.25,30794600
2020-06-03,176.56503295898438,185.3600006103516,185.94000244140625,183.5800018310547,184.82000732421875,27311000
2020-06-04,174.24081420898438,182.9199981689453,185.83999633789065,182.3000030517578,184.3000030517578,28761800
2020-06-05,178.31773376464844,187.1999969482422,187.72999572753903,182.009994506836,182.6199951171875,39893600
2020-06-08,179.4227294921875,188.3600006103516,188.5500030517578,184.44000244140625,185.94000244140625,33211600
2020-06-09,180.7944183349609,189.8000030517578,190.6999969482422,187.259994506836,188.0,29783900
2020-06-10,187.5003967285156,196.83999633789065,198.5200042724609,191.009994506836,191.1300048828125,43872300
2020-06-11,177.43191528320312,186.2700042724609,195.759994506836,186.07000732421875,193.1300048828125,52854700
2020-06-12,178.8321075439453,187.7400054931641,191.72000122070312,185.17999267578125,190.5399932861328,43373600
2020-06-15,179.9751739501953,188.94000244140625,190.82000732421875,184.009994506836,184.5800018310547,32770200
2020-06-16,184.385498046875,193.57000732421875,195.5800018310547,191.4600067138672,192.88999938964844,42556700
2020-06-17,185.0237579345703,194.2400054931641,196.32000732421875,193.69000244140625,195.02999877929688,25687800
2020-06-18,187.0050506591797,196.32000732421875,196.4900054931641,194.0,194.0,23061600
2020-06-19,185.8905639648437,195.1499938964844,199.2899932861328,194.3699951171875,198.58999633789065,44441100
2020-06-22,191.05340576171875,200.57000732421875,200.759994506836,195.22999572753903,195.7899932861328,32818900
2020-06-23,192.329818725586,201.9100036621093,203.9499969482422,201.42999267578125,202.08999633789065,30917400
2020-06-24,188.45294189453125,197.83999633789065,203.25,196.5599975585937,201.6000061035156,36740600
2020-06-25,190.83425903320312,200.33999633789065,200.6100006103516,195.47000122070312,197.8000030517578,27803900
2020-06-26,187.0145568847656,196.3300018310547,199.88999938964844,194.8800048828125,199.72999572753903,54675800
2020-06-29,189.0244598388672,198.44000244140625,198.52999877929688,193.5500030517578,195.77999877929688,26701600
2020-06-30,193.85389709472656,203.509994506836,204.3999938964844,197.7400054931641,197.8800048828125,34310300
2020-07-01,194.98741149902344,204.6999969482422,206.3500061035156,201.7700042724609,203.13999938964844,32061200
2020-07-02,196.47341918945312,206.259994506836,208.0200042724609,205.0,205.67999267578125,29315800
2020-07-06,200.7027130126953,210.6999969482422,211.1300048828125,208.08999633789065,208.8300018310547,31897600
2020-07-07,198.36900329589844,208.25,214.6699981689453,207.9900054931641,210.4499969482422,33600700
2020-07-08,202.7316436767578,212.8300018310547,213.259994506836,208.69000244140625,210.07000732421875,33600000
2020-07-09,204.1510009765625,214.32000732421875,216.3800048828125,211.47000122070312,216.3300018310547,33121700
2020-07-10,203.5318298339844,213.6699981689453,214.0800018310547,211.0800018310547,213.6199951171875,26177600
2020-07-13,197.24497985839844,207.07000732421875,215.8000030517578,206.5,214.47999572753903,38135600
2020-07-14,198.46424865722656,208.3500061035156,208.8500061035156,202.02999877929688,206.1300048828125,37591800
2020-07-15,198.16891479492188,208.0399932861328,211.3300018310547,205.02999877929688,209.5599975585937,32179400
2020-07-16,194.2444305419922,203.9199981689453,205.6999969482422,202.3099975585937,205.3999938964844,29940700
2020-07-17,193.2538146972656,202.8800048828125,205.0399932861328,201.38999938964844,204.47000122070312,31635300
2020-07-20,201.56005859375,211.6000061035156,212.3000030517578,203.009994506836,205.0,36884800
2020-07-21,198.8452606201172,208.75,213.94000244140625,208.02999877929688,213.6600036621093,37990400
2020-07-22,201.7029571533203,211.75,212.3000030517578,208.38999938964844,209.1999969482422,49605700
2020-07-23,192.92987060546875,202.5399932861328,210.9199981689453,202.1499938964844,207.19000244140625,67457000
2020-07-24,191.74874877929688,201.3000030517578,202.8600006103516,197.509994506836,200.4199981689453,39827000
2020-07-27,194.1777801513672,203.8500061035156,203.97000122070312,200.8600006103516,201.47000122070312,30160900
2020-07-28,192.43460083007807,202.0200042724609,204.6999969482422,201.7400054931641,203.6100006103516,23251400
2020-07-29,194.37779235839844,204.0599975585937,204.6499938964844,202.009994506836,202.5,19632600
2020-07-30,194.22537231445312,203.8999938964844,204.4600067138672,199.57000732421875,201.0,25079600
2020-07-31,195.28273010253903,205.009994506836,205.1000061035156,199.009994506836,204.3999938964844,51044000
2020-08-03,206.26564025878903,216.5399932861328,217.63999938964844,210.44000244140625,211.5200042724609,78983000
2020-08-04,203.1698608398437,213.2899932861328,214.7700042724609,210.3099975585937,214.1699981689453,49280100
2020-08-05,202.8364715576172,212.94000244140625,215.0,211.57000732421875,214.8999938964844,28806400
2020-08-06,206.084701538086,216.3500061035156,216.3699951171875,211.5500030517578,212.33999633789065,32656800
2020-08-07,202.39825439453125,212.47999572753903,215.6999969482422,210.92999267578125,214.8500061035156,27820400
2020-08-10,198.36900329589844,208.25,211.8800048828125,206.3500061035156,211.6699981689453,36716500
2020-08-11,193.7300567626953,203.3800048828125,207.6499938964844,203.13999938964844,207.1600036621093,36446500
2020-08-12,199.26437377929688,209.19000244140625,210.27999877929688,204.75,205.2899932861328,28013100
2020-08-13,198.7976531982422,208.6999969482422,211.3500061035156,208.1499938964844,209.44000244140625,22588900
2020-08-14,198.9881591796875,208.8999938964844,209.58999633789065,207.509994506836,208.759994506836,17958900
2020-08-17,200.30262756347656,210.27999877929688,211.19000244140625,208.9199981689453,209.6000061035156,20184800
2020-08-18,201.4552459716797,211.4900054931641,212.3600006103516,209.2100067138672,210.52999877929688,21336200
2020-08-19,200.23306274414065,209.6999969482422,212.1000061035156,209.25,211.4900054931641,27627600
2020-08-20,204.89273071289065,214.5800018310547,215.0,208.9100036621093,209.5399932861328,26981500
2020-08-21,203.40318298339844,213.0200042724609,216.25,212.8500061035156,213.8600006103516,36249300
2020-08-24,204.04296875,213.69000244140625,215.5200042724609,212.42999267578125,214.7899932861328,25460100
2020-08-25,206.6974029541016,216.47000122070312,216.6100006103516,213.1000061035156,213.1000061035156,23043700
2020-08-26,211.1661376953125,221.1499938964844,222.08999633789065,217.3600006103516,217.8800048828125,39600800
2020-08-27,216.3509979248047,226.5800018310547,231.1499938964844,219.3999938964844,222.88999938964844,57602200
2020-08-28,218.5758056640625,228.9100036621093,230.63999938964844,226.5800018310547,228.17999267578125,26292900
2020-08-31,215.3484039306641,225.52999877929688,228.6999969482422,224.3099975585937,227.0,28774200
2020-09-01,217.0098571777344,227.2700042724609,227.4499969482422,224.42999267578125,225.509994506836,25725500
2020-09-02,221.19210815429688,231.6499938964844,232.8600006103516,227.3500061035156,227.97000122070312,34080800
2020-09-03,207.48992919921875,217.3000030517578,229.3099975585937,214.9600067138672,229.2700042724609,58400300
2020-09-04,204.5776214599609,214.25,218.3600006103516,205.19000244140625,215.1000061035156,59664100
2020-09-08,193.5108642578125,202.6600036621093,210.02999877929688,202.1999969482422,206.5,52924300
2020-09-09,201.7512664794922,211.2899932861328,214.83999633789065,206.6999969482422,207.6000061035156,45679000
2020-09-10,196.0985565185547,205.3699951171875,214.7400054931641,204.1100006103516,213.3999938964844,35461500
2020-09-11,194.8190460205078,204.02999877929688,208.6300048828125,201.2400054931641,207.1999969482422,33620100
2020-09-14,196.13671875,205.4100036621093,209.1999969482422,204.02999877929688,204.2400054931641,30375800
2020-09-15,199.3545837402344,208.77999877929688,209.77999877929688,206.92999267578125,208.4199981689453,21823900
2020-09-16,195.7929534912109,205.0500030517578,210.6499938964844,204.63999938964844,210.6199951171875,26328100
2020-09-17,193.7496032714844,202.9100036621093,204.3300018310547,199.9600067138672,200.0500030517578,34011300
2020-09-18,191.34341430664065,200.38999938964844,203.6499938964844,196.25,202.8000030517578,55225300
2020-09-21,193.39627075195312,202.5399932861328,202.7100067138672,196.3800048828125,197.19000244140625,39839700
2020-09-22,198.0559844970703,207.4199981689453,208.1000061035156,202.0800018310547,205.0599975585937,33517100
2020-09-23,191.53433227539065,200.58999633789065,208.1000061035156,200.02999877929688,207.8999938964844,30803800
2020-09-24,194.0169372558593,203.19000244140625,205.57000732421875,199.1999969482422,199.8500061035156,31202500
2020-09-25,198.4379119873047,207.82000732421875,209.0399932861328,202.5399932861328,203.5500030517578,29437300
2020-09-28,199.9848175048828,209.44000244140625,212.57000732421875,208.0599975585937,210.8800048828125,32004900
2020-09-29,197.90321350097656,207.259994506836,210.07000732421875,206.8099975585937,209.3500061035156,24221900
2020-09-30,200.83462524414065,210.3300018310547,211.97999572753903,206.5399932861328,207.72999572753903,33829100
2020-10-01,202.86846923828125,212.4600067138672,213.9900054931641,211.32000732421875,213.4900054931641,27158400
2020-10-02,196.88153076171875,206.19000244140625,210.9900054931641,205.5399932861328,208.0,33154800
2020-10-05,200.88235473632807,210.3800048828125,210.4100036621093,206.97999572753903,207.22000122070312,21331600
2020-10-06,196.61415100097656,205.9100036621093,210.17999267578125,204.82000732421875,208.82000732421875,28554300
2020-10-07,200.3571929931641,209.8300018310547,210.1100006103516,206.72000122070312,207.0599975585937,25681100
2020-10-08,201.0733184814453,210.5800018310547,211.19000244140625,208.32000732421875,210.509994506836,19925800
2020-10-09,206.06719970703125,215.8099975585937,215.8600006103516,211.22999572753903,211.22999572753903,26458000
2020-10-12,211.4048614501953,221.3999938964844,223.8600006103516,216.8099975585937,218.7899932861328,40461400
2020-10-13,212.7989501953125,222.8600006103516,225.2100067138672,220.42999267578125,222.72000122070312,28950800
2020-10-14,210.8892364501953,220.8600006103516,224.22000122070312,219.1300048828125,223.0,23421700
2020-10-15,209.743392944336,219.6600036621093,220.3600006103516,216.009994506836,217.1000061035156,22733100
2020-10-16,209.743392944336,219.6600036621093,222.2899932861328,219.32000732421875,220.1499938964844,26057900
2020-10-19,204.54901123046875,214.22000122070312,222.3000030517578,213.72000122070312,220.4199981689453,27625800
2020-10-20,204.9595642089844,214.6499938964844,217.3699951171875,213.08999633789065,215.8000030517578,22753500
2020-10-21,205.1027984619141,214.8000030517578,216.9199981689453,213.1199951171875,213.1199951171875,22724900
2020-10-22,205.18875122070312,214.88999938964844,216.0599975585937,211.6999969482422,213.92999267578125,22351500
2020-10-23,206.4682159423828,216.22999572753903,216.27999877929688,213.1600036621093,215.02999877929688,18879600
2020-10-26,200.595932006836,210.0800018310547,216.33999633789065,208.1000061035156,213.8500061035156,37111600
2020-10-27,203.6227569580078,213.25,214.6699981689453,210.3300018310547,211.58999633789065,36700300
2020-10-28,193.5299530029297,202.67999267578125,208.83999633789065,202.1000061035156,207.6699981689453,51195600
2020-10-29,195.4778747558593,204.72000122070312,207.3600006103516,203.3699951171875,204.07000732421875,31432600
2020-10-30,193.32945251464844,202.47000122070312,204.2899932861328,199.6199951171875,203.5,36953700
2020-11-02,193.1957855224609,202.3300018310547,205.27999877929688,200.1199951171875,204.2899932861328,30842200
2020-11-03,197.1106719970703,206.42999267578125,208.1199951171875,203.1199951171875,203.88999938964844,27512000
2020-11-04,206.6210784912109,216.38999938964844,218.32000732421875,212.4199981689453,214.0200042724609,42311800
2020-11-05,213.2095184326172,223.2899932861328,224.1199951171875,221.1499938964844,222.0399932861328,36080100
2020-11-06,213.6201019287109,223.72000122070312,224.3600006103516,218.02999877929688,222.259994506836,25231900
2020-11-09,208.5307464599609,218.38999938964844,228.1199951171875,217.8800048828125,224.44000244140625,44395000
2020-11-10,201.48390197753903,211.009994506836,216.5,209.72000122070312,214.5,44045100
2020-11-11,206.7738342285156,216.5500030517578,218.0399932861328,212.1999969482422,212.38999938964844,29440800
2020-11-12,205.71392822265625,215.44000244140625,219.1100006103516,214.4600067138672,217.2100067138672,21593900
2020-11-13,206.735595703125,216.509994506836,217.4199981689453,214.1600036621093,216.3600006103516,18621100
2020-11-16,207.4231109619141,217.22999572753903,217.7400054931641,214.5200042724609,214.8699951171875,24953300
2020-11-17,204.7781677246093,214.4600067138672,217.67999267578125,214.0800018310547,216.1000061035156,24154100
2020-11-18,202.07843017578125,211.0800018310547,215.1699981689453,210.92999267578125,213.6499938964844,28372800
2020-11-19,203.3612823486328,212.4199981689453,213.02999877929688,209.92999267578125,211.3800048828125,24792700
2020-11-20,201.41783142089844,210.38999938964844,213.2899932861328,210.0,212.1999969482422,22843100
2020-11-23,201.1497497558593,210.1100006103516,212.2899932861328,208.1600036621093,210.9499969482422,25683500
2020-11-24,204.7398834228516,213.8600006103516,214.25,208.8600006103516,209.58999633789065,33979700
2020-11-25,204.7494354248047,213.8699951171875,215.2899932861328,212.4600067138672,215.1100006103516,21012900
2020-11-27,206.0514373779297,215.22999572753903,216.2700042724609,214.0399932861328,214.8500061035156,14512200
2020-11-30,204.9409027099609,214.07000732421875,214.759994506836,210.83999633789065,214.1000061035156,33064800
2020-12-01,206.9896545410156,216.2100067138672,217.32000732421875,213.3500061035156,214.509994506836,30904500
2020-12-02,206.1854553222656,215.3699951171875,215.47000122070312,212.8000030517578,214.8800048828125,23724500
2020-12-03,205.1036376953125,214.2400054931641,216.3800048828125,213.6499938964844,214.6100006103516,25120900
2020-12-04,205.21853637695312,214.3600006103516,215.3800048828125,213.17999267578125,214.22000122070312,24666000
2020-12-07,205.1515350341797,214.2899932861328,215.5399932861328,212.9900054931641,214.3699951171875,24620000
2020-12-08,206.7981872558593,216.009994506836,216.9499969482422,212.88999938964844,213.97000122070312,23284100
2020-12-09,202.7677001953125,211.8000030517578,215.22999572753903,211.2100067138672,215.1600036621093,32440600
2020-12-10,201.54229736328125,210.5200042724609,213.0800018310547,210.3600006103516,211.7700042724609,26733300
2020-12-11,204.1654663085937,213.259994506836,213.32000732421875,209.1100006103516,210.0500030517578,30979400
2020-12-14,205.0653839111328,214.1999969482422,216.2100067138672,212.8800048828125,213.1000061035156,28798400
2020-12-15,204.99835205078125,214.1300048828125,215.4199981689453,212.2400054931641,215.1699981689453,27000600
2020-12-16,209.92872619628903,219.27999877929688,220.1100006103516,214.72000122070312,214.75,35023300
2020-12-17,210.06277465820312,219.4199981689453,220.88999938964844,217.9199981689453,219.8699951171875,32515800
2020-12-18,209.26812744140625,218.58999633789065,219.69000244140625,216.0200042724609,218.58999633789065,63354900
2020-12-21,213.0975799560547,222.58999633789065,224.0,217.27999877929688,217.5500030517578,37181900
2020-12-22,214.38999938964844,223.94000244140625,225.6300048828125,221.8500061035156,222.69000244140625,22612200
2020-12-23,211.5945281982422,221.0200042724609,223.5599975585937,220.8000030517578,223.1100006103516,18699600
2020-12-24,213.2507476806641,222.75,223.6100006103516,221.1999969482422,221.4199981689453,10550600
2020-12-28,215.3664703369141,224.9600067138672,226.02999877929688,223.0200042724609,224.4499969482422,17933500
2020-12-29,214.591064453125,224.1499938964844,227.17999267578125,223.5800018310547,226.3099975585937,17403200
2020-12-30,212.2263641357422,221.67999267578125,225.6300048828125,221.47000122070312,225.22999572753903,20272300
2020-12-31,212.93484497070312,222.4199981689453,223.0,219.67999267578125,221.6999969482422,20942100
