date,adjclose,close,high,low,open,volume
2015-01-02,32.45008850097656,40.720001220703125,41.4900016784668,40.44499969482422,41.06499862670898,6886000
2015-01-05,31.828500747680664,39.93999862670898,40.334999084472656,39.744998931884766,40.06999969482422,11623800
2015-01-06,31.56950187683105,39.6150016784668,40.19499969482422,39.27999877929688,40.16999816894531,7664400
2015-01-07,32.34648895263672,40.59000015258789,40.6150016784668,39.70000076293945,39.875,9732600
2015-01-08,32.86845779418945,41.244998931884766,41.650001525878906,41.0099983215332,41.165000915527344,13170600
2015-01-09,31.792633056640625,39.89500045776367,40.755001068115234,39.560001373291016,40.494998931884766,27556800
2015-01-12,31.96794319152832,40.1150016784668,40.415000915527344,39.90999984741211,40.14500045776367,10021400
2015-01-13,32.22295379638672,40.435001373291016,41.06999969482422,40.06499862670898,40.7400016784668,11040800
2015-01-14,32.043670654296875,40.209999084472656,40.38999938964844,39.80500030517578,40.025001525878906,9295000
2015-01-15,31.708959579467773,39.790000915527344,40.45000076293945,39.595001220703125,40.29999923706055,8126600
2015-01-16,32.11936950683594,40.30500030517578,40.38999938964844,39.5,39.630001068115234,9015600
2015-01-20,32.3624267578125,40.61000061035156,40.73500061035156,40.165000915527344,40.400001525878906,10738400
2015-01-21,32.39030456542969,40.64500045776367,40.81499862670898,40.26499938964844,40.525001525878906,10844200
2015-01-22,32.96806716918945,41.369998931884766,41.41999816894531,40.44499969482422,40.68000030517578,23913000
2015-01-23,35.15160369873047,44.11000061035156,44.34999847412109,43.220001220703125,43.25,38107200
2015-01-26,35.11176300048828,44.060001373291016,44.25,43.70500183105469,44.04499816894531,14098600
2015-01-27,35.19940948486328,44.16999816894531,44.60499954223633,43.72499847412109,43.88999938964844,10994200
2015-01-28,34.89260482788086,43.78499984741211,44.79499816894531,43.744998931884766,44.34999847412109,11963200
2015-01-29,35.48231887817383,44.525001525878906,44.650001525878906,43.78499984741211,44.005001068115234,12475800
2015-01-30,34.87666320800781,43.76499938964844,44.470001220703125,43.69499969482422,44.290000915527344,10070400
2015-02-02,35.0599479675293,43.994998931884766,44.04499816894531,42.93000030517578,43.84000015258789,13638800
2015-02-03,35.38788986206055,44.244998931884766,44.244998931884766,43.46500015258789,43.9900016784668,9252400
2015-02-04,35.47185516357422,44.34999847412109,44.71500015258789,43.994998931884766,44.0,11496600
2015-02-05,35.847774505615234,44.81999969482422,44.8849983215332,44.35499954223633,44.35499954223633,7598600
2015-02-06,35.591835021972656,44.5,44.84000015258789,44.34000015258789,44.75,7835400
2015-02-09,35.51984786987305,44.40999984741211,44.60499954223633,44.06999969482422,44.255001068115234,6911600
2015-02-10,36.463623046875,45.59000015258789,45.68999862670898,44.665000915527344,44.685001373291016,12469600
2015-02-11,36.30766677856445,45.39500045776367,45.89500045776367,45.35499954223633,45.58000183105469,6467000
2015-02-12,36.72358322143555,45.915000915527344,45.970001220703125,45.04499816894531,45.54499816894531,7197600
2015-02-13,36.62358093261719,45.790000915527344,45.994998931884766,45.45500183105469,45.994998931884766,6109600
2015-02-17,36.80355453491211,46.01499938964844,46.119998931884766,45.630001068115234,45.8849983215332,6387000
2015-02-18,37.19146347045898,46.5,46.665000915527344,46.0,46.19499969482422,6542000
2015-02-19,37.25943756103516,46.584999084472656,46.88999938964844,46.505001068115234,46.57500076293945,6109200
2015-02-20,37.39541244506836,46.755001068115234,46.834999084472656,46.48500061035156,46.72999954223633,6461400
2015-02-23,37.42341613769531,46.790000915527344,46.96500015258789,46.540000915527344,46.92499923706055,5854600
2015-02-24,37.37141418457031,46.72499847412109,46.994998931884766,46.58000183105469,46.630001068115234,6337800
2015-02-25,37.69535827636719,47.130001068115234,47.415000915527344,46.625,46.650001525878906,8119600
2015-02-26,37.81132888793945,47.275001525878906,47.40999984741211,47.040000915527344,47.150001525878906,6816400
2015-02-27,37.38740921020508,46.744998931884766,47.400001525878906,46.6349983215332,47.39500045776367,8658400
2015-03-02,37.683349609375,47.1150016784668,47.275001525878906,46.665000915527344,46.665000915527344,7947000
2015-03-03,37.59136581420898,47.0,47.10499954223633,46.59999847412109,47.04999923706055,7578400
2015-03-04,37.21546173095703,46.52999877929688,47.095001220703125,46.005001068115234,46.90499877929688,7774600
2015-03-05,37.44340133666992,46.81499862670898,46.97999954223633,46.52999877929688,46.63999938964844,5848400
2015-03-06,36.8795280456543,46.11000061035156,46.84999847412109,45.93999862670898,46.650001525878906,6814400
2015-03-09,37.20745849609375,46.52000045776367,46.56499862670898,46.04499816894531,46.19499969482422,5984800
2015-03-10,36.86354446411133,46.09000015258789,46.45500183105469,45.8849983215332,46.08000183105469,6077000
2015-03-11,36.55960464477539,45.709999084472656,46.4900016784668,45.61000061035156,46.060001373291016,8185800
2015-03-12,37.34342956542969,46.68999862670898,46.76499938964844,45.91999816894531,45.98500061035156,7295400
2015-03-13,37.30744934082031,46.64500045776367,47.185001373291016,46.34000015258789,46.34000015258789,5835200
2015-03-16,37.61136245727539,47.025001525878906,47.310001373291016,46.869998931884766,47.0,6772600
2015-03-17,37.74732971191406,47.19499969482422,47.2400016784668,46.79999923706055,46.880001068115234,5508800
2015-03-18,38.32719039916992,47.91999816894531,48.28499984741211,46.67499923706055,47.0,15430000
2015-03-19,39.09501647949219,48.880001068115234,49.59999847412109,48.18999862670898,48.380001068115234,22020600
2015-03-20,38.97505187988281,48.72999954223633,49.45000076293945,48.505001068115234,49.244998931884766,17360600
2015-03-23,38.939056396484375,48.685001373291016,48.95000076293945,48.35499954223633,48.93999862670898,7986000
2015-03-24,39.15900802612305,48.959999084472656,49.165000915527344,48.380001068115234,48.55500030517578,7718400
2015-03-25,38.2992057800293,47.8849983215332,49.2400016784668,47.8849983215332,49.06999969482422,9907200
2015-03-26,38.02326965332031,47.540000915527344,47.875,46.83000183105469,47.67499923706055,10344400
2015-03-27,38.0192756652832,47.53499984741211,47.97499847412109,47.375,47.5,7993400
2015-03-30,38.3831787109375,47.9900016784668,48.25,47.75,48.02000045776367,6830200
2015-03-31,37.87131881713867,47.34999847412109,48.09999847412109,47.345001220703125,47.834999084472656,8717800
2015-04-01,37.1994514465332,46.5099983215332,47.25,46.27999877929688,47.13999938964844,14125400
2015-04-02,37.74732971191406,47.19499969482422,47.31999969482422,46.61000061035156,46.709999084472656,8863000
2015-04-06,37.79932022094727,47.2599983215332,47.400001525878906,46.72499847412109,46.92499923706055,6058800
2015-04-07,37.61935806274414,47.03499984741211,47.47999954223633,46.97999954223633,47.20500183105469,5354600
2015-04-08,38.0832633972168,47.6150016784668,47.63999938964844,46.91999816894531,46.91999816894531,6827800
2015-04-09,38.35918426513672,47.959999084472656,47.9900016784668,47.25,47.650001525878906,7109600
2015-04-10,38.527156829833984,48.16999816894531,48.59999847412109,47.880001068115234,48.59999847412109,6643100
2015-04-13,38.79110336303711,48.5,48.88999938964844,48.380001068115234,48.560001373291016,8171000
2015-04-14,38.63111877441406,48.29999923706055,48.709999084472656,47.970001220703125,48.52000045776367,5952400
2015-04-15,38.5031623840332,48.13999938964844,48.810001373291016,48.130001068115234,48.810001373291016,5162200
2015-04-16,38.59114456176758,48.25,48.47999954223633,48.15999984741211,48.22999954223633,5312500
2015-04-17,38.08726119995117,47.619998931884766,48.0,47.38999938964844,47.900001525878906,7539900
2015-04-20,38.36720275878906,47.970001220703125,48.119998931884766,47.70000076293945,47.900001525878906,4868400
2015-04-21,38.6871223449707,48.369998931884766,48.47999954223633,48.02000045776367,48.34999847412109,6213400
2015-04-22,38.66312789916992,48.34000015258789,48.59999847412109,47.97999954223633,48.5,7248100
2015-04-23,39.5349235534668,49.43000030517578,49.70000076293945,48.27999877929688,48.54999923706055,15866100
2015-04-24,41.46248245239258,51.84000015258789,52.09000015258789,50.619998931884766,51.31999969482422,22284900
2015-04-27,40.6866569519043,50.869998931884766,51.93999862670898,50.7599983215332,51.810001373291016,11222600
2015-04-28,40.47870635986328,50.61000061035156,50.79999923706055,49.97999954223633,50.59999847412109,8882900
2015-04-29,40.51071166992188,50.650001525878906,50.95000076293945,50.20000076293945,50.41999816894531,7162000
2015-04-30,39.65489196777344,49.58000183105469,50.68000030517578,49.43000030517578,50.630001068115234,8492000
2015-05-01,40.222774505615234,50.290000915527344,50.41999816894531,49.68000030517578,49.95000076293945,5916500
2015-05-04,40.35073852539063,50.45000076293945,50.93000030517578,50.27000045776367,50.29999923706055,7493400
2015-05-05,39.6446647644043,49.40999984741211,50.04999923706055,49.36000061035156,49.93999862670898,10691200
2015-05-06,39.25952911376953,48.93000030517578,49.70000076293945,48.56999969482422,49.68000030517578,8033500
2015-05-07,39.59651184082031,49.34999847412109,49.54999923706055,48.720001220703125,48.7400016784668,5681400
2015-05-08,39.9415283203125,49.77999877929688,50.43000030517578,49.459999084472656,49.9900016784668,6039800
2015-05-11,39.71686553955078,49.5,50.220001220703125,49.380001068115234,49.709999084472656,5047200
2015-05-12,39.88536834716797,49.709999084472656,49.9900016784668,49.0,49.150001525878906,5868600
2015-05-13,39.78907775878906,49.59000015258789,50.150001525878906,49.43000030517578,49.84999847412109,4927100
2015-05-14,40.5673713684082,50.560001373291016,50.59000015258789,49.66999816894531,49.97999954223633,7339700
2015-05-15,40.759952545166016,50.79999923706055,50.84999847412109,50.38999938964844,50.790000915527344,6016700
2015-05-18,41.06483840942383,51.18000030517578,51.290000915527344,50.560001373291016,50.650001525878906,8999800
2015-05-19,41.25740814208984,51.41999816894531,51.720001220703125,50.959999084472656,51.47999954223633,6976100
2015-05-20,40.944480895996094,51.02999877929688,51.43999862670898,50.43000030517578,51.310001373291016,5644700
2015-05-21,41.1851921081543,51.33000183105469,51.45000076293945,50.77999877929688,50.93999862670898,5084000
2015-05-22,41.3055534362793,51.47999954223633,51.650001525878906,51.209999084472656,51.33000183105469,5857700
2015-05-26,40.79203796386719,50.84000015258789,51.77999877929688,50.65999984741211,51.380001068115234,7369900
2015-05-27,41.3938102722168,51.59000015258789,51.70000076293945,50.90999984741211,51.040000915527344,6213600
2015-05-28,41.57032775878906,51.810001373291016,51.93999862670898,51.45000076293945,51.84000015258789,5874400
2015-05-29,41.690673828125,51.959999084472656,52.22999954223633,51.45000076293945,51.95000076293945,9399100
2015-06-01,41.8992919921875,52.220001220703125,52.459999084472656,51.66999816894531,51.959999084472656,7075100
2015-06-02,41.506134033203125,51.72999954223633,52.29999923706055,51.65999984741211,51.97999954223633,7877800
2015-06-03,41.81905746459961,52.119998931884766,52.27000045776367,51.66999816894531,52.0,5522700
2015-06-04,41.49811553955078,51.720001220703125,52.18000030517578,51.56999969482422,51.869998931884766,6230800
2015-06-05,41.87521743774414,52.18999862670898,52.43999862670898,51.27000045776367,51.56999969482422,7123200
2015-06-08,41.34567642211914,51.52999877929688,52.22999954223633,51.4900016784668,52.0,6320200
2015-06-09,41.35368347167969,51.540000915527344,51.70000076293945,51.09999847412109,51.34999847412109,5034000
2015-06-10,42.276405334472656,52.68999862670898,52.86000061035156,51.65999984741211,51.79999923706055,8003600
2015-06-11,42.11593627929688,52.4900016784668,53.0,52.43999862670898,52.810001373291016,6030200
2015-06-12,42.22825241088867,52.630001068115234,52.7400016784668,52.15999984741211,52.40999984741211,5236700
2015-06-15,41.93941116333008,52.27000045776367,52.459999084472656,52.0099983215332,52.22999954223633,5555000
2015-06-16,42.501075744628906,52.970001220703125,53.13999938964844,52.20000076293945,52.27000045776367,6106500
2015-06-17,42.71770095825195,53.2400016784668,53.470001220703125,52.720001220703125,53.09000015258789,6735300
2015-06-18,43.41576766967773,54.11000061035156,54.27999877929688,53.400001525878906,53.5,10711000
2015-06-19,43.271331787109375,53.93000030517578,54.43999862670898,53.84000015258789,54.08000183105469,10609700
2015-06-22,43.24726867675781,53.900001525878906,54.43000030517578,53.880001068115234,54.33000183105469,7100700
2015-06-23,43.42378616333008,54.119998931884766,54.18000030517578,53.720001220703125,54.040000915527344,5679000
2015-06-24,43.09480285644531,53.709999084472656,53.970001220703125,53.52000045776367,53.75,5525000
2015-06-25,43.38367462158203,54.06999969482422,54.45000076293945,54.0,54.09000015258789,5389900
2015-06-26,43.8249626159668,54.619998931884766,54.75,54.29999923706055,54.459999084472656,6637200
2015-06-29,42.966434478759766,53.54999923706055,54.38999938964844,53.5099983215332,53.869998931884766,6534100
2015-06-30,43.0225830078125,53.619998931884766,54.29999923706055,53.13999938964844,54.150001525878906,9794000
2015-07-01,43.23924255371094,53.88999938964844,54.209999084472656,53.59999847412109,53.86000061035156,6107700
2015-07-02,43.52006912231445,54.2400016784668,54.70000076293945,53.95000076293945,54.02999877929688,5684700
2015-07-06,43.57623672485352,54.310001373291016,54.40999984741211,53.630001068115234,53.63999938964844,5396400
2015-07-07,43.63239669799805,54.380001068115234,54.540000915527344,53.36000061035156,54.290000915527344,9462300
2015-07-08,42.83805465698242,53.38999938964844,54.02000045776367,53.310001373291016,53.86000061035156,8139300
2015-07-09,43.36761093139648,54.04999923706055,54.5,53.880001068115234,54.06999969482422,7681000
2015-07-10,43.78484725952149,54.56999969482422,54.72999954223633,54.18000030517578,54.540000915527344,8087800
2015-07-13,44.691524505615234,55.70000076293945,55.88999938964844,54.900001525878906,55.0,7477200
2015-07-14,44.731632232666016,55.75,56.060001373291016,55.52000045776367,55.959999084472656,7028000
2015-07-15,44.40265655517578,55.34000015258789,55.95000076293945,55.290000915527344,55.91999816894531,8212600
2015-07-16,44.72360610961914,55.7400016784668,56.15999984741211,55.65999984741211,56.060001373291016,7305500
2015-07-17,44.68346786499024,55.68999862670898,55.900001525878906,55.369998931884766,55.900001525878906,8715400
2015-07-20,45.1007194519043,56.209999084472656,56.7400016784668,55.70000076293945,55.72999954223633,8029600
2015-07-21,45.09269714355469,56.20000076293945,56.470001220703125,55.77999877929688,56.380001068115234,6717500
2015-07-22,45.485836029052734,56.68999862670898,56.869998931884766,56.25,56.43000030517578,6876100
2015-07-23,45.38155364990234,56.560001373291016,57.0,56.15999984741211,56.97999954223633,12439200
2015-07-24,45.96726989746094,57.290000915527344,59.310001373291016,57.150001525878906,59.119998931884766,14559700
2015-07-27,45.71852493286133,56.97999954223633,57.470001220703125,56.84999847412109,57.209999084472656,8993500
2015-07-28,45.84690475463867,57.13999938964844,57.400001525878906,56.560001373291016,57.38999938964844,8689200
2015-07-29,46.14379119873047,57.5099983215332,57.79999923706055,57.13999938964844,57.380001068115234,8470500
2015-07-30,46.585079193115234,58.060001373291016,58.150001525878906,57.0099983215332,57.29999923706055,7337900
2015-07-31,46.48077392578125,57.93000030517578,58.43999862670898,57.72999954223633,58.43999862670898,6519500
2015-08-03,46.68938827514648,58.18999862670898,58.959999084472656,58.040000915527344,58.619998931884766,7664000
2015-08-04,47.22844314575195,58.70000076293945,58.720001220703125,58.02999877929688,58.25,9113100
2015-08-05,47.47785568237305,59.0099983215332,59.31999969482422,58.83000183105469,59.150001525878906,7349100
2015-08-06,46.04571533203125,57.22999954223633,59.20000076293945,57.09000015258789,59.130001068115234,11064500
2015-08-07,46.02159118652344,57.20000076293945,57.36000061035156,56.5099983215332,57.33000183105469,7782000
2015-08-10,45.27334213256836,56.27000045776367,57.630001068115234,55.75,57.290000915527344,12029200
2015-08-11,45.337703704833984,56.34999847412109,56.43999862670898,55.2400016784668,55.790000915527344,8062600
2015-08-12,45.36184310913086,56.380001068115234,56.400001525878906,54.95000076293945,55.68999862670898,10064400
2015-08-13,45.739990234375,56.84999847412109,57.25,56.5099983215332,56.52000045776367,6731500
2015-08-14,45.94113159179688,57.09999847412109,57.119998931884766,56.65999984741211,56.95000076293945,4803900
2015-08-17,46.4560775756836,57.7400016784668,57.7599983215332,56.72999954223633,57.0,5768400
2015-08-18,46.52848052978516,57.83000183105469,58.060001373291016,57.65999984741211,57.959999084472656,5575400
2015-08-19,46.33538436889648,57.59000015258789,58.08000183105469,57.119998931884766,57.58000183105469,6044200
2015-08-20,44.90325164794922,55.810001373291016,57.150001525878906,55.77000045776367,57.0,7470900
2015-08-21,42.513648986816406,52.84000015258789,54.86000061035156,52.59999847412109,54.720001220703125,20211500
2015-08-24,40.50222396850586,50.34000015258789,52.66999816894531,42.04999923706055,48.04999923706055,27158800
2015-08-25,41.10565185546875,51.09000015258789,53.61000061035156,51.04999923706055,52.959999084472656,19659000
2015-08-26,43.414772033691406,53.959999084472656,54.150001525878906,51.27000045776367,52.9900016784668,15517600
2015-08-27,45.01587677001953,55.95000076293945,56.209999084472656,54.40999984741211,54.7599983215332,15987900
2015-08-28,44.75841522216797,55.630001068115234,56.310001373291016,55.20000076293945,55.70000076293945,7584800
2015-08-31,44.018211364746094,54.709999084472656,55.470001220703125,54.5,55.18999862670898,7971200
2015-09-01,43.044677734375,53.5,54.36000061035156,52.7400016784668,53.0,13424900
2015-09-02,44.4607048034668,55.2599983215332,55.290000915527344,53.75,54.5,9891100
2015-09-03,44.00212097167969,54.68999862670898,55.7599983215332,54.47999954223633,55.720001220703125,7968900
2015-09-04,43.672245025634766,54.27999877929688,54.56999969482422,53.84000015258789,53.869998931884766,6994300
2015-09-08,44.42048263549805,55.209999084472656,55.45000076293945,54.52999877929688,55.310001373291016,8051700
2015-09-09,44.00212097167969,54.68999862670898,56.0,54.56999969482422,55.900001525878906,8406700
2015-09-10,44.54922103881836,55.369998931884766,55.68999862670898,54.33000183105469,54.34000015258789,8924800
2015-09-11,45.48252487182617,56.52999877929688,56.540000915527344,55.02999877929688,55.18999862670898,8363100
2015-09-14,45.2894287109375,56.290000915527344,56.90999984741211,56.04999923706055,56.540000915527344,5463900
2015-09-15,45.78826141357422,56.90999984741211,57.209999084472656,56.119998931884766,56.43000030517578,6741300
2015-09-16,46.06987380981445,57.2599983215332,57.34999847412109,56.209999084472656,56.83000183105469,6593400
2015-09-17,46.08596420288086,57.27999877929688,58.09999847412109,57.040000915527344,57.31999969482422,7525300
2015-09-18,45.73194122314453,56.84000015258789,57.630001068115234,56.27999877929688,56.4900016784668,16268000
2015-09-21,46.29514694213867,57.540000915527344,57.84000015258789,56.959999084472656,57.20000076293945,6220100
2015-09-22,45.95722198486328,57.119998931884766,57.25,56.70000076293945,56.84999847412109,8585100
2015-09-23,46.49629592895508,57.790000915527344,57.93000030517578,57.04999923706055,57.15999984741211,6829200
2015-09-24,46.96294784545898,58.369998931884766,58.540000915527344,57.16999816894531,57.380001068115234,10027300
2015-09-25,46.65719223022461,57.9900016784668,58.959999084472656,57.7400016784668,58.91999816894531,10627000
2015-09-28,44.87106323242188,55.77000045776367,58.43000030517578,55.619998931884766,58.0099983215332,11548100
2015-09-29,44.83082962036133,55.720001220703125,56.29999923706055,54.810001373291016,55.84999847412109,9392100
2015-09-30,45.73194122314453,56.84000015258789,56.900001525878906,55.61000061035156,56.400001525878906,9799600
2015-10-01,46.24687576293945,57.47999954223633,57.5,55.88999938964844,56.9900016784668,8497100
2015-10-02,46.729618072509766,58.08000183105469,58.09000015258789,56.540000915527344,56.9900016784668,9036800
2015-10-05,47.50201416015625,59.040000915527344,59.18000030517578,58.06999969482422,58.4900016784668,8199000
2015-10-06,47.22040557861328,58.68999862670898,59.13999938964844,58.220001220703125,58.81999969482422,5538000
2015-10-07,47.292816162109375,58.77999877929688,58.83000183105469,57.900001525878906,58.619998931884766,8138300
2015-10-08,47.83992385864258,59.459999084472656,59.709999084472656,58.38999938964844,58.77999877929688,6834800
2015-10-09,48.33072662353516,60.06999969482422,60.11000061035156,59.29999923706055,59.470001220703125,7969900
2015-10-12,48.7088623046875,60.540000915527344,60.88999938964844,60.040000915527344,60.34999847412109,6430300
2015-10-13,48.40313720703125,60.15999984741211,60.75,60.02000045776367,60.34000015258789,6262800
2015-10-14,47.32501602172852,58.81999969482422,60.16999816894531,58.43000030517578,60.0,8365600
2015-10-15,48.024993896484375,59.68999862670898,59.83000183105469,58.08000183105469,58.95000076293945,9745900
2015-10-16,48.21809387207031,59.93000030517578,60.290000915527344,59.459999084472656,59.959999084472656,12860800
2015-10-19,49.05483627319336,60.970001220703125,61.290000915527344,59.869998931884766,60.130001068115234,8117200
2015-10-20,48.98242950439453,60.880001068115234,61.36000061035156,60.560001373291016,61.220001220703125,6089100
2015-10-21,48.700828552246094,60.52999877929688,61.119998931884766,60.15999984741211,61.06999969482422,6055300
2015-10-22,49.47321701049805,61.4900016784668,61.709999084472656,60.16999816894531,60.959999084472656,9182000
2015-10-23,50.37433624267578,62.61000061035156,62.79999923706055,61.619998931884766,62.11000061035156,8206000
2015-10-26,51.03409957885742,63.43000030517578,63.84000015258789,62.970001220703125,62.97999954223633,9751700
2015-10-27,50.454811096191406,62.709999084472656,63.40999984741211,62.18999862670898,63.369998931884766,8973200
2015-10-28,51.09845733642578,63.5099983215332,63.52000045776367,62.41999816894531,63.11000061035156,9627300
2015-10-29,50.28582763671875,62.5,63.5,61.709999084472656,63.41999816894531,14839100
2015-10-30,50.3421516418457,62.56999969482422,64.0,62.2599983215332,63.68999862670898,16822300
2015-11-02,50.0766487121582,62.2400016784668,63.09999847412109,62.119998931884766,63.0099983215332,8547200
2015-11-03,50.5272102355957,62.79999923706055,62.97999954223633,61.650001525878906,62.0,8847700
2015-11-04,49.85136032104492,61.959999084472656,63.040000915527344,61.34000015258789,63.040000915527344,9085100
2015-11-05,50.108829498291016,62.27999877929688,62.459999084472656,62.0099983215332,62.16999816894531,6145000
2015-11-06,49.8593978881836,61.970001220703125,62.2400016784668,61.61000061035156,62.04999923706055,6616300
2015-11-09,49.51233673095703,61.34000015258789,61.970001220703125,60.86000061035156,61.75,6838300
2015-11-10,50.19034957885742,62.18000030517578,62.31999969482422,61.209999084472656,61.540000915527344,6689000
2015-11-11,49.940128326416016,61.869998931884766,62.56999969482422,61.810001373291016,62.54999923706055,4437300
2015-11-12,49.29438018798828,61.06999969482422,61.650001525878906,60.75,61.34000015258789,6793800
2015-11-13,48.2208366394043,59.7400016784668,61.34999847412109,59.61000061035156,60.88999938964844,8821600
2015-11-16,48.97958755493164,60.68000030517578,60.68999862670898,59.5,59.5,8096600
2015-11-17,48.874656677246094,60.54999923706055,61.560001373291016,60.43999862670898,60.95000076293945,6695300
2015-11-18,49.88362884521485,61.79999923706055,61.869998931884766,60.33000183105469,60.65999984741211,7215300
2015-11-19,49.60917663574219,61.459999084472656,61.93000030517578,61.38999938964844,61.79999923706055,5154400
2015-11-20,50.0369873046875,61.9900016784668,62.150001525878906,61.58000183105469,61.959999084472656,8302500
2015-11-23,50.5616569519043,62.63999938964844,63.18999862670898,62.09999847412109,62.13999938964844,8493500
2015-11-24,50.01277160644531,61.959999084472656,62.369998931884766,61.220001220703125,62.060001373291016,7908200
2015-11-25,50.19843292236328,62.18999862670898,62.5,62.0,62.04999923706055,4549900
2015-11-27,50.19034957885742,62.18000030517578,62.380001068115234,61.93000030517578,62.18999862670898,2447900
2015-11-30,49.55268859863281,61.38999938964844,62.290000915527344,61.20000076293945,62.09999847412109,9863800
2015-12-01,49.53653717041016,61.369998931884766,61.68000030517578,60.5099983215332,61.08000183105469,10910800
2015-12-02,49.41545104980469,61.220001220703125,61.709999084472656,61.119998931884766,61.630001068115234,6587500
2015-12-03,48.06746292114258,59.54999923706055,61.45000076293945,59.150001525878906,61.369998931884766,12056100
2015-12-04,49.84326553344727,61.75,61.869998931884766,59.59999847412109,59.86000061035156,9100600
2015-12-07,49.95626068115234,61.88999938964844,61.95000076293945,61.43999862670898,61.75,5967800
2015-12-08,50.17420196533203,62.15999984741211,62.43000030517578,61.52000045776367,61.68999862670898,6664900
2015-12-09,49.38317108154297,61.18000030517578,62.540000915527344,60.81999969482422,61.709999084472656,8541600
2015-12-10,49.940128326416016,61.869998931884766,62.13999938964844,61.0099983215332,61.130001068115234,6623900
2015-12-11,48.285404205322266,59.81999969482422,61.18999862670898,59.59999847412109,60.86000061035156,11489300
2015-12-14,48.36612319946289,59.91999816894531,60.13999938964844,58.61000061035156,60.040000915527344,13406100
2015-12-15,48.41455078125,59.97999954223633,60.68000030517578,59.970001220703125,60.54999923706055,7842100
2015-12-16,48.71321105957031,60.34999847412109,60.5,59.5099983215332,60.31999969482422,9281800
2015-12-17,48.04325485229492,59.52000045776367,60.83000183105469,59.470001220703125,60.65999984741211,9079400
2015-12-18,47.31679916381836,58.619998931884766,59.5,58.27000045776367,59.20000076293945,18099500
2015-12-21,48.05941009521485,59.540000915527344,59.619998931884766,58.65999984741211,58.88999938964844,7187500
2015-12-22,48.422630310058594,59.9900016784668,60.06999969482422,59.27999877929688,59.93999862670898,6501400
2015-12-23,48.70515823364258,60.34000015258789,60.369998931884766,59.959999084472656,60.2599983215332,4510200
2015-12-24,48.688995361328125,60.31999969482422,60.5099983215332,60.16999816894531,60.369998931884766,2204300
2015-12-28,48.58406448364258,60.18999862670898,60.33000183105469,59.58000183105469,60.02000045776367,4437200
2015-12-29,49.342811584472656,61.130001068115234,61.31999969482422,60.34999847412109,60.459999084472656,5477300
2015-12-30,49.09258270263672,60.81999969482422,61.400001525878906,60.75,61.220001220703125,3973900
2015-12-31,48.45491790771485,60.02999877929688,60.810001373291016,60.02000045776367,60.650001525878906,4960900
2016-01-04,47.02620697021485,58.2599983215332,58.83000183105469,57.59999847412109,58.77000045776367,13521500
2016-01-05,47.34101867675781,58.650001525878906,58.790000915527344,57.97999954223633,58.790000915527344,9617800
2016-01-06,46.9212760925293,58.130001068115234,58.52999877929688,57.63999938964844,57.70000076293945,8266300
2016-01-07,45.75893020629883,56.68999862670898,57.90999984741211,56.15999984741211,56.880001068115234,11140900
2016-01-08,45.71051788330078,56.630001068115234,57.72999954223633,56.52999877929688,57.40999984741211,10427000
2016-01-11,46.67105865478516,57.81999969482422,58.119998931884766,56.77999877929688,57.0,10757300
2016-01-12,47.99482727050781,59.459999084472656,59.52999877929688,58.18000030517578,58.38999938964844,12375800
2016-01-13,46.71141052246094,57.869998931884766,60.0,57.79999923706055,59.79999923706055,11303600
2016-01-14,47.60737609863281,58.97999954223633,59.43000030517578,56.91999816894531,57.5099983215332,11444100
2016-01-15,46.81635665893555,58.0,58.38999938964844,56.75,57.06999969482422,15246100
2016-01-19,47.260292053222656,58.54999923706055,59.38999938964844,58.119998931884766,58.66999816894531,12289000
2016-01-20,45.944583892822266,56.91999816894531,57.959999084472656,54.93999862670898,57.56999969482422,22786400
2016-01-21,47.64774703979492,59.02999877929688,59.380001068115234,57.66999816894531,57.84000015258789,20888500
2016-01-22,47.7607421875,59.16999816894531,59.400001525878906,57.40999984741211,57.54999923706055,32820200
2016-01-25,46.5822639465332,57.709999084472656,59.380001068115234,57.61000061035156,59.36000061035156,13554300
2016-01-26,47.30873107910156,58.61000061035156,58.869998931884766,57.79999923706055,57.91999816894531,8898100
2016-01-27,46.517696380615234,57.630001068115234,58.959999084472656,57.2599983215332,58.869998931884766,12491300
2016-01-28,47.857608795166016,59.290000915527344,59.41999816894531,58.0,58.290000915527344,11832400
2016-01-29,49.0522346496582,60.77000045776367,60.880001068115234,59.63999938964844,59.77999877929688,13224400
2016-02-01,49.56075668334961,61.400001525878906,61.790000915527344,60.27000045776367,60.65999984741211,9529100
2016-02-02,49.15584564208984,60.70000076293945,60.900001525878906,60.18000030517578,60.65999984741211,9407400
2016-02-03,48.20835494995117,59.52999877929688,61.130001068115234,58.5,60.880001068115234,12254500
2016-02-04,47.204193115234375,58.290000915527344,59.45000076293945,57.9900016784668,59.40999984741211,13944900
2016-02-05,44.12688064575195,54.4900016784668,58.20000076293945,54.25,58.09999847412109,24529000
2016-02-08,43.84344482421875,54.13999938964844,54.470001220703125,52.630001068115234,53.09000015258789,21457500
2016-02-09,44.07018661499024,54.41999816894531,55.290000915527344,53.16999816894531,53.18999862670898,11605100
2016-02-10,44.65325164794922,55.13999938964844,56.34999847412109,55.0099983215332,55.27999877929688,11663900
2016-02-11,44.47509765625,54.91999816894531,55.38999938964844,53.54999923706055,53.88999938964844,12106100
2016-02-12,45.23633193969727,55.86000061035156,56.040000915527344,55.040000915527344,55.560001373291016,8680200
2016-02-16,45.68172454833984,56.40999984741211,56.84999847412109,55.97999954223633,56.790000915527344,11594800
2016-02-17,46.66971206665039,57.630001068115234,57.65999984741211,56.15999984741211,56.70000076293945,11955200
2016-02-18,46.12713623046875,56.959999084472656,57.56999969482422,56.66999816894531,57.56999969482422,8494000
2016-02-19,46.702110290527344,57.66999816894531,57.86000061035156,56.52000045776367,56.91999816894531,9033600
2016-02-22,47.67388534545898,58.869998931884766,58.95000076293945,58.16999816894531,58.630001068115234,8390700
2016-02-23,47.34186172485352,58.459999084472656,58.900001525878906,58.0,58.45000076293945,7064100
2016-02-24,47.05842208862305,58.11000061035156,58.34999847412109,56.27999877929688,57.209999084472656,10780900
2016-02-25,47.576698303222656,58.75,58.75,58.0,58.459999084472656,6262100
2016-02-26,47.24468612670898,58.34000015258789,59.209999084472656,57.91999816894531,59.0,7473400
2016-02-29,47.139404296875,58.209999084472656,59.150001525878906,58.09999847412109,58.25,7645100
2016-03-01,48.621368408203125,60.040000915527344,60.20000076293945,58.5,58.77000045776367,9183600
2016-03-02,48.23265075683594,59.560001373291016,60.0,58.83000183105469,59.83000183105469,8856400
2016-03-03,47.81155776977539,59.040000915527344,59.20000076293945,58.20000076293945,59.119998931884766,8261900
2016-03-04,47.53620529174805,58.70000076293945,59.18999862670898,58.22999954223633,59.13999938964844,8344800
2016-03-07,46.969356536865234,58.0,58.66999816894531,57.310001373291016,58.43999862670898,9199100
2016-03-08,46.64542007446289,57.59999847412109,58.22999954223633,57.2599983215332,57.58000183105469,8127400
2016-03-09,46.21620559692383,57.06999969482422,57.970001220703125,56.790000915527344,57.77999877929688,9734600
2016-03-10,46.58061981201172,57.52000045776367,57.86000061035156,56.91999816894531,57.5099983215332,7014500
2016-03-11,46.63732147216797,57.59000015258789,58.09999847412109,56.56999969482422,58.09999847412109,15497600
2016-03-14,47.4957275390625,58.650001525878906,58.77999877929688,57.5,57.58000183105469,9053300
2016-03-15,47.84393310546875,59.08000183105469,59.15999984741211,58.16999816894531,58.31999969482422,7428500
2016-03-16,48.32173156738281,59.66999816894531,59.81999969482422,58.650001525878906,58.650001525878906,8069400
2016-03-17,48.22454833984375,59.54999923706055,59.97999954223633,59.369998931884766,59.470001220703125,7734700
2016-03-18,48.346038818359375,59.70000076293945,60.45000076293945,59.43000030517578,59.90999984741211,14313600
2016-03-21,47.86013412475586,59.09999847412109,59.86000061035156,59.02000045776367,59.560001373291016,6487200
2016-03-22,48.08688354492188,59.380001068115234,59.54999923706055,58.56999969482422,59.0,8246800
2016-03-23,47.6414909362793,58.83000183105469,59.400001525878906,58.68999862670898,59.13999938964844,5794500
2016-03-24,47.26087951660156,58.36000061035156,58.790000915527344,58.27999877929688,58.70000076293945,5948300
2016-03-28,47.74676513671875,58.959999084472656,59.470001220703125,58.400001525878906,58.560001373291016,5791600
2016-03-29,48.22454833984375,59.54999923706055,59.7400016784668,58.81999969482422,58.81999969482422,6031400
2016-03-30,48.597076416015625,60.0099983215332,60.2599983215332,59.5099983215332,60.0,5723500
2016-03-31,48.346038818359375,59.70000076293945,60.209999084472656,59.68000030517578,59.77000045776367,5622800
2016-04-01,49.414981842041016,61.02000045776367,61.16999816894531,59.40999984741211,59.61000061035156,9401100
2016-04-04,48.79142761230469,60.25,61.18000030517578,60.08000183105469,61.09999847412109,5799900
2016-04-05,48.621368408203125,60.040000915527344,60.22999954223633,59.43999862670898,59.880001068115234,4994800
2016-04-06,49.26112365722656,60.83000183105469,60.90999984741211,59.90999984741211,60.02000045776367,5667300
2016-04-07,49.53646087646485,61.16999816894531,61.540000915527344,60.540000915527344,60.59000015258789,8239200
2016-04-08,49.431182861328125,61.040000915527344,61.63999938964844,60.70000076293945,61.5,5064900
2016-04-11,49.317813873291016,60.900001525878906,61.5,60.77999877929688,61.220001220703125,6103400
2016-04-12,48.18406295776367,59.5,59.68000030517578,58.369998931884766,58.95000076293945,17565800
2016-04-13,48.75902557373047,60.209999084472656,61.08000183105469,59.75,60.31999969482422,9898500
2016-04-14,48.69425582885742,60.130001068115234,60.400001525878906,59.90999984741211,60.2599983215332,5157400
2016-04-15,49.001991271972656,60.5099983215332,60.619998931884766,60.0099983215332,60.2400016784668,5965300
2016-04-18,49.30971908569336,60.88999938964844,61.06999969482422,60.36000061035156,60.68999862670898,7228600
2016-04-19,49.317813873291016,60.900001525878906,61.25,60.47999954223633,61.15999984741211,7283600
2016-04-20,49.317813873291016,60.900001525878906,61.43000030517578,60.84999847412109,61.040000915527344,5558800
2016-04-21,49.10725784301758,60.63999938964844,61.09999847412109,60.47999954223633,60.900001525878906,12799100
2016-04-22,46.71018981933594,57.68000030517578,59.09999847412109,57.02999877929688,59.0099983215332,29836700
2016-04-25,46.7830810546875,57.77000045776367,57.959999084472656,57.58000183105469,57.619998931884766,8428000
2016-04-26,46.74260330200195,57.720001220703125,58.66999816894531,57.560001373291016,58.04999923706055,8839100
2016-04-27,46.07853317260742,56.900001525878906,57.650001525878906,56.619998931884766,57.5099983215332,12390800
2016-04-28,45.68982696533203,56.41999816894531,57.36000061035156,56.31999969482422,56.59000015258789,9196600
2016-04-29,45.53596496582031,56.22999954223633,56.43000030517578,55.290000915527344,56.02000045776367,12133400
2016-05-02,46.45106506347656,57.36000061035156,57.369998931884766,56.11000061035156,56.290000915527344,8616200
2016-05-03,45.711544036865234,56.25,57.060001373291016,56.13999938964844,56.70000076293945,7854300
2016-05-04,45.8253059387207,56.38999938964844,56.650001525878906,55.79999923706055,55.97999954223633,6508500
2016-05-05,45.711544036865234,56.25,56.77000045776367,56.0099983215332,56.369998931884766,6215400
2016-05-06,45.76030349731445,56.310001373291016,56.31999969482422,55.380001068115234,55.959999084472656,6378700
2016-05-09,46.02848052978516,56.63999938964844,56.93000030517578,56.22999954223633,56.31999969482422,5976200
2016-05-10,46.7192268371582,57.4900016784668,57.59999847412109,56.709999084472656,56.84999847412109,7931200
2016-05-11,45.69529342651367,56.22999954223633,57.38999938964844,56.09000015258789,57.130001068115234,8118900
2016-05-12,45.75217056274414,56.29999923706055,56.790000915527344,55.81999969482422,56.56999969482422,6870300
2016-05-13,45.36211395263672,55.81999969482422,56.59999847412109,55.72999954223633,56.43000030517578,5466000
2016-05-16,45.12643051147461,55.52999877929688,55.77000045776367,55.20000076293945,55.70000076293945,9536200
2016-05-17,44.59822082519531,54.880001068115234,55.63999938964844,54.5099983215332,55.380001068115234,10530000
2016-05-18,44.53320693969727,54.79999923706055,55.16999816894531,54.380001068115234,54.7599983215332,7455200
2016-05-19,44.33004379272461,54.54999923706055,54.619998931884766,54.18999862670898,54.43000030517578,7582800
2016-05-20,44.38692474365234,54.619998931884766,55.369998931884766,54.58000183105469,54.880001068115234,8430800
2016-05-23,44.37065887451172,54.59999847412109,54.81999969482422,54.290000915527344,54.619998931884766,7352100
2016-05-24,45.05330657958984,55.43999862670898,55.619998931884766,54.68000030517578,54.7400016784668,7748700
2016-05-25,44.81763458251953,55.150001525878906,55.459999084472656,54.95000076293945,55.20000076293945,8115500
2016-05-26,44.931400299072266,55.290000915527344,55.869998931884766,54.95000076293945,55.54999923706055,9451700
2016-05-27,44.81763458251953,55.150001525878906,55.54999923706055,55.09999847412109,55.36000061035156,6631100
2016-05-31,44.6063346862793,54.88999938964844,55.5,54.70000076293945,55.5,12044000
2016-06-01,44.549461364746094,54.81999969482422,55.4900016784668,54.720001220703125,54.7599983215332,8761600
2016-06-02,44.38692474365234,54.619998931884766,55.0,54.459999084472656,54.900001525878906,8307500
2016-06-03,44.37880325317383,54.61000061035156,55.08000183105469,54.400001525878906,54.709999084472656,6649200
2016-06-06,45.17520904541016,55.59000015258789,55.869998931884766,54.68999862670898,54.720001220703125,9900900
2016-06-07,44.93952178955078,55.29999923706055,56.09999847412109,55.27999877929688,55.650001525878906,7173100
2016-06-08,44.87451934814453,55.220001220703125,55.5,54.900001525878906,55.5,7623900
2016-06-09,45.16707992553711,55.58000183105469,55.61000061035156,55.060001373291016,55.150001525878906,5927900
2016-06-10,44.590091705322266,54.869998931884766,55.20000076293945,54.5,54.91999816894531,8118700
2016-06-13,44.728248596191406,55.040000915527344,55.59999847412109,54.7599983215332,54.790000915527344,7908400
2016-06-14,45.158935546875,55.56999969482422,55.58000183105469,55.0099983215332,55.04999923706055,8036500
2016-06-15,44.98015594482422,55.34999847412109,56.09000015258789,55.27000045776367,55.63999938964844,7447300
2016-06-16,45.12643051147461,55.52999877929688,55.59000015258789,54.40999984741211,54.900001525878906,7968000
2016-06-17,44.947662353515625,55.310001373291016,55.619998931884766,55.040000915527344,55.61000061035156,9503000
2016-06-20,45.00455474853516,55.380001068115234,56.27999877929688,55.380001068115234,55.77000045776367,7286700
2016-06-21,45.35398864746094,55.810001373291016,56.02999877929688,55.45000076293945,55.52000045776367,7445100
2016-06-22,45.19144821166992,55.61000061035156,55.97999954223633,55.4900016784668,55.880001068115234,7215400
2016-06-23,45.61404037475586,56.130001068115234,56.20000076293945,55.900001525878906,55.97999954223633,5569400
2016-06-24,44.435691833496094,54.68000030517578,55.56999969482422,54.0099983215332,54.04999923706055,14654700
2016-06-27,43.63116836547852,53.68999862670898,54.47999954223633,53.40999984741211,54.20000076293945,11631900
2016-06-28,44.57383346557617,54.84999847412109,54.900001525878906,53.95000076293945,54.09999847412109,8417000
2016-06-29,46.10974884033203,56.7400016784668,56.95000076293945,55.36000061035156,55.41999816894531,11103800
2016-06-30,46.41855239868164,57.119998931884766,57.18999862670898,56.52000045776367,56.810001373291016,10215200
2016-07-01,46.31291198730469,56.9900016784668,57.36000061035156,56.84999847412109,57.040000915527344,8330300
2016-07-05,46.13412857055664,56.77000045776367,56.959999084472656,56.54999923706055,56.810001373291016,7274200
2016-07-06,46.11787414550781,56.75,57.11000061035156,56.31999969482422,56.52000045776367,8474200
2016-07-07,46.24789047241211,56.90999984741211,57.0,56.470001220703125,56.65999984741211,6813300
2016-07-08,45.9228401184082,56.5099983215332,57.0,56.36000061035156,56.91999816894531,12655500
2016-07-11,45.76842880249024,56.31999969482422,56.91999816894531,56.060001373291016,56.79999923706055,10394400
2016-07-12,46.71110916137695,57.47999954223633,57.59999847412109,56.5099983215332,56.650001525878906,10998500
2016-07-13,45.8984489440918,56.47999954223633,57.2599983215332,56.34999847412109,56.79999923706055,12183600
2016-07-14,46.80050659179688,57.59000015258789,57.68000030517578,56.970001220703125,57.0,11353600
2016-07-15,46.65420913696289,57.40999984741211,57.7400016784668,57.130001068115234,57.68999862670898,8494000
2016-07-18,46.25601196289063,56.91999816894531,57.59000015258789,56.84999847412109,57.59000015258789,7614600
2016-07-19,46.12599563598633,56.7599983215332,57.13999938964844,56.54999923706055,56.84999847412109,8719800
2016-07-20,46.759864807128906,57.540000915527344,57.65999984741211,56.709999084472656,57.0,9446400
2016-07-21,46.80862808227539,57.59999847412109,57.66999816894531,57.040000915527344,57.619998931884766,16151700
2016-07-22,47.05242538452149,57.900001525878906,58.2400016784668,57.20000076293945,57.59999847412109,23899300
2016-07-25,47.09305191040039,57.95000076293945,58.09000015258789,57.5,57.720001220703125,10486000
2016-07-26,47.38560104370117,58.310001373291016,58.84000015258789,58.20000076293945,58.58000183105469,10106700
2016-07-27,47.01178741455078,57.84999847412109,58.400001525878906,57.66999816894531,58.380001068115234,6551800
2016-07-28,47.304344177246094,58.209999084472656,58.310001373291016,57.7400016784668,57.880001068115234,6830100
2016-07-29,47.17432022094727,58.04999923706055,58.43000030517578,57.91999816894531,58.18000030517578,6914900
2016-08-01,46.83301544189453,57.630001068115234,58.04999923706055,57.43000030517578,58.0,7997600
2016-08-02,46.26215744018555,56.72999954223633,57.34000015258789,56.540000915527344,57.25,7574600
2016-08-03,45.61792755126953,55.93999862670898,56.59000015258789,55.720001220703125,56.459999084472656,11484800
2016-08-04,45.19388961791992,55.41999816894531,56.290000915527344,55.380001068115234,56.04999923706055,11193700
2016-08-05,45.58531951904297,55.900001525878906,56.119998931884766,55.52000045776367,55.79999923706055,9206200
2016-08-08,45.14495468139648,55.36000061035156,55.9900016784668,55.16999816894531,55.970001220703125,9129300
2016-08-09,45.01448440551758,55.20000076293945,55.709999084472656,55.18000030517578,55.38999938964844,7136700
2016-08-10,45.35699462890625,55.619998931884766,55.709999084472656,55.11000061035156,55.369998931884766,6991100
2016-08-11,45.234657287597656,55.470001220703125,55.959999084472656,55.459999084472656,55.75,6191400
2016-08-12,45.234657287597656,55.470001220703125,55.75,55.22999954223633,55.27000045776367,5039800
2016-08-15,45.05524826049805,55.25,55.70000076293945,55.18000030517578,55.650001525878906,5968700
2016-08-16,45.153106689453125,55.369998931884766,55.56999969482422,54.91999816894531,55.25,5750900
2016-08-17,45.50378036499024,55.79999923706055,55.91999816894531,55.43000030517578,55.77000045776367,7410600
2016-08-18,45.2835807800293,55.52999877929688,55.900001525878906,55.4900016784668,55.77999877929688,5390800
2016-08-19,44.80245971679688,54.93999862670898,55.560001373291016,54.84999847412109,55.459999084472656,8981200
2016-08-22,45.54454803466797,55.84999847412109,55.91999816894531,54.95000076293945,54.97999954223633,8837800
2016-08-23,45.99306106567383,56.400001525878906,56.540000915527344,56.0,56.16999816894531,7827900
2016-08-24,46.55574035644531,57.09000015258789,57.97999954223633,56.95000076293945,57.0,13200500
2016-08-25,46.71883773803711,57.290000915527344,57.45000076293945,56.900001525878906,57.040000915527344,6686600
2016-08-26,46.71883773803711,57.290000915527344,57.83000183105469,57.0,57.47999954223633,6940500
2016-08-29,46.31925201416016,56.79999923706055,57.47999954223633,56.61000061035156,57.220001220703125,7026700
2016-08-30,45.99306106567383,56.400001525878906,56.75,56.0099983215332,56.65999984741211,6377700
2016-08-31,45.85442352294922,56.22999954223633,56.41999816894531,55.90999984741211,56.310001373291016,6996900
2016-09-01,45.919654846191406,56.310001373291016,56.560001373291016,55.83000183105469,56.29999923706055,6230100
2016-09-02,45.81367492675781,56.18000030517578,56.650001525878906,55.9900016784668,56.52000045776367,7441500
2016-09-06,45.68317794799805,56.02000045776367,56.41999816894531,55.68999862670898,56.18000030517578,6472900
2016-09-07,45.92781448364258,56.31999969482422,56.59999847412109,56.119998931884766,56.18999862670898,11428600
2016-09-08,45.09603500366211,55.29999923706055,56.150001525878906,55.20000076293945,56.09999847412109,12673600
2016-09-09,44.321327209472656,54.34999847412109,55.20000076293945,54.29999923706055,55.13999938964844,10658100
2016-09-12,44.61488723754883,54.709999084472656,54.790000915527344,53.91999816894531,53.91999816894531,11002500
2016-09-13,44.01959609985352,53.97999954223633,54.54999923706055,53.75,54.38999938964844,10050200
2016-09-14,43.9543571472168,53.900001525878906,54.34999847412109,53.79999923706055,54.2599983215332,6688400
2016-09-15,44.1256103515625,54.11000061035156,54.130001068115234,53.540000915527344,53.959999084472656,8076800
2016-09-16,43.82388305664063,53.7400016784668,54.09000015258789,53.40999984741211,53.93999862670898,10207800
2016-09-19,43.22858810424805,53.0099983215332,53.970001220703125,52.900001525878906,53.959999084472656,9231600
2016-09-20,43.4650764465332,53.29999923706055,53.43999862670898,53.04999923706055,53.400001525878906,8731500
2016-09-21,44.01959609985352,53.97999954223633,54.02999877929688,53.27999877929688,53.43000030517578,9213600
2016-09-22,44.35394287109375,54.38999938964844,54.59999847412109,53.970001220703125,54.20000076293945,9096700
2016-09-23,44.386566162109375,54.43000030517578,54.560001373291016,54.0,54.0,6945100
2016-09-26,44.06853485107422,54.040000915527344,54.34000015258789,53.86000061035156,54.27999877929688,7755600
2016-09-27,44.19084167480469,54.18999862670898,54.209999084472656,53.81999969482422,54.0,6463700
2016-09-28,44.01959609985352,53.97999954223633,54.08000183105469,53.52999877929688,53.880001068115234,8593500
2016-09-29,43.58738708496094,53.45000076293945,54.0,52.90999984741211,53.880001068115234,11993500
2016-09-30,44.15007781982422,54.13999938964844,54.38999938964844,53.560001373291016,53.650001525878906,13767800
2016-10-03,43.90543365478516,53.84000015258789,54.150001525878906,53.66999816894531,54.09999847412109,5478600
2016-10-04,43.65262985229492,53.52999877929688,54.130001068115234,53.40999984741211,54.130001068115234,6176400
2016-10-05,43.50584030151367,53.34999847412109,53.7599983215332,53.27999877929688,53.5,7451400
2016-10-06,43.334590911865234,53.13999938964844,53.47999954223633,53.02999877929688,53.29999923706055,6130300
2016-10-07,43.59555816650391,53.459999084472656,53.61000061035156,53.0,53.369998931884766,7279700
2016-10-10,43.4650764465332,53.29999923706055,53.59999847412109,53.27000045776367,53.52999877929688,7224300
2016-10-11,43.155181884765625,52.91999816894531,53.400001525878906,52.7400016784668,53.130001068115234,9720400
2016-10-12,43.35089111328125,53.15999984741211,53.470001220703125,52.77999877929688,53.0099983215332,6320500
2016-10-13,43.17965316772461,52.95000076293945,53.130001068115234,52.66999816894531,52.880001068115234,6958100
2016-10-14,43.28566360473633,53.08000183105469,53.369998931884766,52.959999084472656,53.119998931884766,6430100
2016-10-17,43.02470016479492,52.7599983215332,53.150001525878906,52.68999862670898,52.93999862670898,5223500
2016-10-18,42.902381896972656,52.61000061035156,53.31999969482422,52.59000015258789,53.2400016784668,6550400
2016-10-19,43.34276580810547,53.150001525878906,53.7400016784668,52.900001525878906,52.90999984741211,9095300
2016-10-20,43.70156097412109,53.59000015258789,53.7400016784668,52.90999984741211,53.36000061035156,9286800
2016-10-21,43.734188079833984,53.630001068115234,53.70000076293945,53.25,53.41999816894531,6767200
2016-10-24,44.18270111083984,54.18000030517578,54.459999084472656,53.88999938964844,53.900001525878906,6919700
2016-10-25,43.76680755615234,53.66999816894531,54.16999816894531,53.5,54.09999847412109,6052800
2016-10-26,43.734188079833984,53.630001068115234,53.84000015258789,53.36000061035156,53.59999847412109,5817800
2016-10-27,43.70156097412109,53.59000015258789,53.83000183105469,53.130001068115234,53.59999847412109,7900000
2016-10-28,43.65262985229492,53.52999877929688,53.84000015258789,53.11000061035156,53.650001525878906,6620300
2016-10-31,43.27751159667969,53.06999969482422,53.70000076293945,53.060001373291016,53.70000076293945,9142500
2016-11-01,42.812686920166016,52.5,53.209999084472656,52.09000015258789,53.13999938964844,15425800
2016-11-02,43.2041130065918,52.97999954223633,53.459999084472656,52.310001373291016,52.34000015258789,10851700
2016-11-03,42.217384338378906,51.77000045776367,53.0,51.34000015258789,52.9900016784668,21847300
2016-11-04,43.01655960083008,52.75,53.7400016784668,50.84000015258789,51.43000030517578,21956800
2016-11-07,44.43549728393555,54.4900016784668,54.68000030517578,53.18999862670898,53.5,14916800
2016-11-08,44.54150390625,54.619998931884766,54.790000915527344,54.119998931884766,54.400001525878906,9352000
2016-11-09,44.508888244628906,54.58000183105469,54.81999969482422,52.79999923706055,53.20000076293945,13727800
2016-11-10,43.68524932861328,53.56999969482422,54.81999969482422,53.5099983215332,54.63999938964844,13621700
2016-11-11,43.97882080078125,53.93000030517578,53.9900016784668,53.25,53.43000030517578,8436400
2016-11-14,44.21531677246094,54.220001220703125,54.470001220703125,53.5,53.93000030517578,10489800
2016-11-15,44.72325897216797,54.59000015258789,54.68999862670898,53.900001525878906,54.09000015258789,9588000
2016-11-16,45.419620513916016,55.43999862670898,55.52000045776367,54.2599983215332,54.33000183105469,10779200
2016-11-17,45.75551986694336,55.84999847412109,55.900001525878906,55.060001373291016,55.220001220703125,8744500
2016-11-18,45.68998336791992,55.77000045776367,56.119998931884766,55.41999816894531,55.720001220703125,8741000
2016-11-21,45.96032333374024,56.09999847412109,56.15999984741211,55.5099983215332,55.5099983215332,8004000
2016-11-22,46.79597854614258,57.119998931884766,57.150001525878906,55.880001068115234,56.31999969482422,10268700
2016-11-23,47.1810302734375,57.59000015258789,57.63999938964844,56.900001525878906,56.90999984741211,8183600
2016-11-25,47.04995346069336,57.43000030517578,57.70000076293945,57.2599983215332,57.70000076293945,3228800
2016-11-28,47.1810302734375,57.59000015258789,57.86000061035156,56.7599983215332,57.0,8750900
2016-11-29,47.656192779541016,58.16999816894531,58.209999084472656,57.5,57.63999938964844,10582900
2016-11-30,47.49234771728516,57.970001220703125,58.25,57.86000061035156,58.18999862670898,9528000
2016-12-01,47.93474960327149,58.5099983215332,58.52000045776367,57.20000076293945,57.34000015258789,12381600
2016-12-02,46.86970138549805,57.209999084472656,57.75,56.56999969482422,56.650001525878906,16870000
2016-12-05,47.1072883605957,57.5,57.84000015258789,56.959999084472656,56.959999084472656,7701200
2016-12-06,47.058135986328125,57.43999862670898,57.70000076293945,57.13999938964844,57.65999984741211,7035700
2016-12-07,48.13956451416016,58.7599983215332,58.84999847412109,57.45000076293945,57.540000915527344,9094800
2016-12-08,48.049434661865234,58.650001525878906,59.25,58.40999984741211,59.0,7972500
2016-12-09,48.13135528564453,58.75,58.95000076293945,58.43000030517578,58.91999816894531,7091300
2016-12-12,48.14775466918945,58.77000045776367,58.790000915527344,58.34000015258789,58.540000915527344,7736200
2016-12-13,48.59014892578125,59.310001373291016,59.540000915527344,58.65999984741211,58.9900016784668,8878100
2016-12-14,48.13135528564453,58.75,59.25,58.59999847412109,59.02999877929688,9022900
2016-12-15,47.279335021972656,57.709999084472656,58.209999084472656,57.52000045776367,57.970001220703125,11837800
2016-12-16,47.23836517333984,57.65999984741211,58.06999969482422,57.560001373291016,58.0099983215332,10611500
2016-12-19,47.23017883300781,57.650001525878906,57.97999954223633,57.43999862670898,57.43999862670898,6433800
2016-12-20,47.27114486694336,57.70000076293945,58.060001373291016,57.31999969482422,57.810001373291016,4888300
2016-12-21,47.058135986328125,57.43999862670898,57.869998931884766,57.40999984741211,57.5,5380500
2016-12-22,46.78777694702149,57.11000061035156,57.400001525878906,56.720001220703125,57.310001373291016,6777700
2016-12-23,46.70585632324219,57.0099983215332,57.36000061035156,56.88999938964844,57.290000915527344,4298500
2016-12-27,46.58296585083008,56.86000061035156,57.38999938964844,56.810001373291016,56.9900016784668,4186200
2016-12-28,46.16514205932617,56.34999847412109,56.900001525878906,56.25,56.79999923706055,5548700
2016-12-29,46.14056015014648,56.31999969482422,56.470001220703125,56.13999938964844,56.34999847412109,3780900
2016-12-30,45.48514938354492,55.52000045776367,56.45000076293945,55.400001525878906,56.27999877929688,8344500
2017-01-03,45.34588241577149,55.34999847412109,55.95000076293945,55.040000915527344,55.90999984741211,7809300
2017-01-04,45.87020492553711,55.9900016784668,56.20000076293945,55.380001068115234,55.560001373291016,7796300
2017-01-05,46.255252838134766,56.459999084472656,56.52999877929688,55.810001373291016,56.08000183105469,7602300
2017-01-06,46.80416870117188,57.130001068115234,57.27000045776367,56.08000183105469,56.630001068115234,8587800
2017-01-09,47.6807746887207,58.20000076293945,58.34000015258789,57.25,57.2599983215332,12640500
2017-01-10,47.418601989746094,57.880001068115234,58.2599983215332,57.83000183105469,58.220001220703125,6671800
2017-01-11,47.59885025024414,58.09999847412109,58.119998931884766,57.59000015258789,57.79999923706055,6028000
2017-01-12,47.54150772094727,58.02999877929688,58.130001068115234,57.63999938964844,58.0,4733000
2017-01-13,47.39404296875,57.84999847412109,58.09999847412109,57.650001525878906,58.02999877929688,4745600
2017-01-17,47.51692199707031,58.0,58.25,57.40999984741211,57.619998931884766,5734700
2017-01-18,47.88559341430664,58.45000076293945,58.58000183105469,58.02999877929688,58.31999969482422,7375700
2017-01-19,47.426795959472656,57.88999938964844,58.45000076293945,57.720001220703125,58.310001373291016,7850500
2017-01-20,47.23836517333984,57.65999984741211,58.20000076293945,57.40999984741211,58.13999938964844,7651600
2017-01-23,47.320289611816406,57.7599983215332,57.900001525878906,57.150001525878906,57.41999816894531,6814400
2017-01-24,47.87738800048828,58.43999862670898,58.5,57.7599983215332,57.93000030517578,10704100
2017-01-25,48.09040069580078,58.70000076293945,58.93000030517578,58.45000076293945,58.66999816894531,7117600
2017-01-26,47.89378356933594,58.459999084472656,59.0,58.2599983215332,58.70000076293945,12382400
2017-01-27,45.97671127319336,56.119998931884766,56.59000015258789,55.650001525878906,55.75,28884900
2017-01-30,45.79648208618164,55.900001525878906,56.2400016784668,55.58000183105469,56.0,13322000
2017-01-31,45.23938751220703,55.220001220703125,55.869998931884766,54.880001068115234,55.79999923706055,14308000
2017-02-01,44.157962799072266,53.900001525878906,55.5,53.810001373291016,55.4900016784668,18796900
2017-02-02,44.133392333984375,53.869998931884766,54.38999938964844,53.84999847412109,54.040000915527344,15289700
2017-02-03,45.10831069946289,55.060001373291016,55.09999847412109,54.0099983215332,54.209999084472656,14161700
2017-02-06,45.657203674316406,55.72999954223633,55.75,54.900001525878906,55.0099983215332,13029800
2017-02-07,45.45969009399414,55.2400016784668,55.84000015258789,55.18000030517578,55.790000915527344,9910500
2017-02-08,45.44324493408203,55.220001220703125,55.5,55.09999847412109,55.18999862670898,11681900
2017-02-09,45.92878341674805,55.810001373291016,56.119998931884766,55.209999084472656,55.22999954223633,11106800
2017-02-10,46.26618957519531,56.220001220703125,56.400001525878906,55.560001373291016,55.72999954223633,11179000
2017-02-13,46.17566680908203,56.11000061035156,56.65999984741211,56.02999877929688,56.5,8027900
2017-02-14,46.56244659423828,56.58000183105469,56.61000061035156,56.02000045776367,56.02000045776367,8865900
2017-02-15,46.79287338256836,56.86000061035156,56.880001068115234,56.310001373291016,56.560001373291016,6967200
2017-02-16,46.68588638305664,56.72999954223633,56.9900016784668,56.52999877929688,56.959999084472656,8524500
2017-02-17,47.19611358642578,57.34999847412109,57.56999969482422,56.709999084472656,56.79999923706055,11008400
2017-02-21,47.35247802734375,57.540000915527344,57.810001373291016,57.400001525878906,57.40999984741211,8289200
2017-02-22,47.37717819213867,57.56999969482422,57.84999847412109,57.34999847412109,57.52000045776367,7876600
2017-02-23,47.43477249145508,57.63999938964844,57.790000915527344,57.38999938964844,57.59999847412109,7178600
2017-02-24,47.30310821533203,57.47999954223633,57.709999084472656,57.150001525878906,57.61000061035156,7806200
2017-02-27,46.7270393371582,56.77999877929688,57.29999923706055,56.65999984741211,57.2400016784668,7702400
2017-02-28,46.80109786987305,56.869998931884766,57.060001373291016,56.54999923706055,56.709999084472656,8750700
2017-03-01,47.02330780029297,57.13999938964844,57.400001525878906,56.93999862670898,57.27000045776367,7198000
2017-03-02,47.00685119628906,57.119998931884766,57.18999862670898,56.84999847412109,57.06999969482422,6595400
2017-03-03,46.990379333496094,57.09999847412109,57.2599983215332,56.70000076293945,56.70000076293945,7735900
2017-03-06,46.64474105834961,56.68000030517578,56.810001373291016,56.33000183105469,56.77999877929688,9160000
2017-03-07,46.24972152709961,56.20000076293945,56.75,56.02000045776367,56.58000183105469,10890300
2017-03-08,45.87117004394531,55.7400016784668,56.34999847412109,55.540000915527344,56.150001525878906,13061600
2017-03-09,45.41855239868164,55.18999862670898,55.79999923706055,54.810001373291016,55.75,17844200
2017-03-10,44.87540435791016,54.52999877929688,55.400001525878906,54.41999816894531,55.38999938964844,13886400
2017-03-13,44.95769882202149,54.630001068115234,54.880001068115234,54.400001525878906,54.56999969482422,9090200
2017-03-14,44.661434173583984,54.27000045776367,54.7400016784668,54.18999862670898,54.619998931884766,7892900
2017-03-15,44.883636474609375,54.540000915527344,54.650001525878906,54.09000015258789,54.38999938964844,8712000
2017-03-16,45.09761047363281,54.79999923706055,54.9900016784668,54.65999984741211,54.84999847412109,8074300
2017-03-17,45.90409469604492,55.77999877929688,56.130001068115234,54.95000076293945,55.040000915527344,15822100
2017-03-20,45.92878341674805,55.810001373291016,56.04999923706055,55.5099983215332,55.869998931884766,7948400
2017-03-21,45.70657730102539,55.540000915527344,56.45000076293945,55.4900016784668,56.04999923706055,8030600
2017-03-22,45.99460983276367,55.88999938964844,56.040000915527344,55.5099983215332,55.68000030517578,8452100
2017-03-23,45.961700439453125,55.84999847412109,56.43000030517578,55.77999877929688,56.150001525878906,7357200
2017-03-24,46.751739501953125,56.810001373291016,57.380001068115234,55.900001525878906,56.11000061035156,15763000
2017-03-27,47.09736251831055,57.22999954223633,57.45000076293945,56.459999084472656,56.65999984741211,8861800
2017-03-28,47.19611358642578,57.34999847412109,57.52000045776367,57.02999877929688,57.09999847412109,8331600
2017-03-29,47.35247802734375,57.540000915527344,57.84999847412109,57.130001068115234,57.16999816894531,7001600
2017-03-30,47.86271667480469,58.15999984741211,58.29999923706055,57.41999816894531,57.45000076293945,8677900
2017-03-31,48.0519905090332,58.38999938964844,58.65999984741211,58.060001373291016,58.11000061035156,9156700
2017-04-03,48.0931282043457,58.43999862670898,58.470001220703125,57.88999938964844,58.27999877929688,8989000
2017-04-04,47.99438095092773,58.31999969482422,58.40999984741211,58.0099983215332,58.369998931884766,6474800
2017-04-05,47.91209411621094,58.220001220703125,59.27000045776367,57.810001373291016,57.959999084472656,13656200
2017-04-06,47.66520309448242,57.91999816894531,58.36000061035156,57.72999954223633,58.130001068115234,9112500
2017-04-07,47.74748611450195,58.02000045776367,58.25,57.54999923706055,57.79999923706055,6773800
2017-04-10,47.68989181518555,57.95000076293945,58.209999084472656,57.72999954223633,58.0,5266300
2017-04-11,47.63227462768555,57.880001068115234,58.15999984741211,57.380001068115234,57.7400016784668,5855100
2017-04-12,47.385398864746094,57.58000183105469,57.900001525878906,57.47999954223633,57.880001068115234,5450300
2017-04-13,47.32779693603516,57.5099983215332,57.790000915527344,57.45000076293945,57.61000061035156,4871700
2017-04-17,47.79687881469727,58.08000183105469,58.25,57.68000030517578,57.68000030517578,5626000
2017-04-18,48.01905822753906,58.34999847412109,58.47999954223633,57.59000015258789,57.59000015258789,5449300
2017-04-19,48.5869140625,59.040000915527344,59.4900016784668,58.5,58.59999847412109,12000600
2017-04-20,49.44277191162109,60.08000183105469,60.34000015258789,59.560001373291016,59.709999084472656,12445900
2017-04-21,49.8789291381836,60.61000061035156,60.68999862670898,60.150001525878906,60.20000076293945,8800000
2017-04-24,50.2904052734375,61.11000061035156,61.380001068115234,60.88999938964844,61.0,10721300
2017-04-25,50.16696166992188,60.959999084472656,61.209999084472656,59.91999816894531,60.650001525878906,11031500
2017-04-26,50.66072845458984,61.560001373291016,61.75,60.97999954223633,61.22999954223633,8525400
2017-04-27,50.44676208496094,61.29999923706055,61.93999862670898,61.18999862670898,61.630001068115234,15285300
2017-04-28,49.42631149291992,60.060001373291016,60.18000030517578,58.9900016784668,59.40999984741211,25046100
2017-05-01,49.52507781982422,60.18000030517578,60.59999847412109,59.7599983215332,60.0,10910300
2017-05-02,49.78841018676758,60.5,60.52000045776367,60.040000915527344,60.150001525878906,9152100
2017-05-03,49.86248397827149,60.59000015258789,60.66999816894531,60.2599983215332,60.52000045776367,7706400
2017-05-04,50.05997848510742,60.83000183105469,60.84999847412109,60.38999938964844,60.650001525878906,6874300
2017-05-05,50.15874481201172,60.95000076293945,60.9900016784668,60.58000183105469,60.95000076293945,6443300
2017-05-08,50.1505126953125,60.93999862670898,61.06999969482422,60.70000076293945,61.06999969482422,5588400
2017-05-09,50.39015197753906,60.97999954223633,61.08000183105469,60.56999969482422,60.58000183105469,5806600
2017-05-10,50.125709533691406,60.65999984741211,60.97999954223633,60.209999084472656,60.880001068115234,7198400
2017-05-11,49.80344772338867,60.27000045776367,60.5099983215332,60.02999877929688,60.45000076293945,5516900
2017-05-12,49.522499084472656,59.93000030517578,60.34000015258789,59.83000183105469,60.27999877929688,5647500
2017-05-15,49.95219039916992,60.45000076293945,60.4900016784668,60.130001068115234,60.41999816894531,5904100
2017-05-16,49.56380081176758,59.97999954223633,60.70000076293945,59.880001068115234,60.68000030517578,6303500
2017-05-17,49.35723114013672,59.72999954223633,60.31999969482422,59.54999923706055,59.970001220703125,7581200
2017-05-18,49.43159103393555,59.81999969482422,59.93999862670898,58.869998931884766,59.72999954223633,8602400
2017-05-19,50.70415878295898,61.36000061035156,61.91999816894531,59.93999862670898,59.93999862670898,12531000
2017-05-22,50.59673309326172,61.22999954223633,61.720001220703125,61.02999877929688,61.02999877929688,6391600
2017-05-23,50.53062438964844,61.150001525878906,61.5,60.86000061035156,61.400001525878906,5622500
2017-05-24,51.1421127319336,61.88999938964844,62.0,60.93999862670898,61.400001525878906,7249300
2017-05-25,51.97672271728516,62.900001525878906,63.11000061035156,61.900001525878906,62.0099983215332,8931800
2017-05-26,52.30725860595703,63.29999923706055,63.41999816894531,62.970001220703125,63.0099983215332,6098000
2017-05-30,52.274200439453125,63.2599983215332,63.40999984741211,63.0099983215332,63.06999969482422,7094600
2017-05-31,52.56341552734375,63.61000061035156,63.61000061035156,63.08000183105469,63.27000045776367,7314600
2017-06-01,52.67911148071289,63.75,63.81999969482422,63.34999847412109,63.5099983215332,6058300
2017-06-02,53.3567008972168,64.56999969482422,64.68000030517578,63.70000076293945,63.880001068115234,7840400
2017-06-05,53.10879898071289,64.2699966430664,64.87000274658203,64.18000030517578,64.8499984741211,6808900
2017-06-06,53.017913818359375,64.16000366210938,64.3499984741211,64.05000305175781,64.22000122070312,5448400
2017-06-07,52.47251892089844,63.5,64.30000305175781,63.34000015258789,64.12999725341797,8365000
2017-06-08,51.431339263916016,62.2400016784668,63.58000183105469,62.02000045776367,63.43999862670898,11289300
2017-06-09,51.39000701904297,62.18999862670898,62.47999954223633,61.869998931884766,62.369998931884766,11240500
2017-06-12,50.64630889892578,61.290000915527344,61.9900016784668,60.630001068115234,61.79999923706055,11071600
2017-06-13,50.34056091308594,60.91999816894531,61.2599983215332,60.59000015258789,61.119998931884766,9384900
2017-06-14,49.80344772338867,60.27000045776367,60.81999969482422,59.86000061035156,60.66999816894531,9703300
2017-06-15,49.65470886230469,60.09000015258789,60.27999877929688,59.5099983215332,59.91999816894531,7516000
2017-06-16,49.69601440429688,60.13999938964844,60.15999984741211,59.470001220703125,59.88999938964844,11522400
2017-06-19,50.32404708862305,60.900001525878906,61.0,60.11000061035156,60.34999847412109,6778000
2017-06-20,49.46465301513672,59.86000061035156,61.0,59.70000076293945,60.97999954223633,6985700
2017-06-21,49.54727554321289,59.959999084472656,60.310001373291016,59.709999084472656,60.0,6027600
2017-06-22,49.17542266845703,59.5099983215332,60.09999847412109,59.400001525878906,60.09000015258789,5602000
2017-06-23,49.42333984375,59.810001373291016,60.16999816894531,59.58000183105469,59.7599983215332,6469500
2017-06-26,49.28285598754883,59.63999938964844,60.150001525878906,59.33000183105469,60.02000045776367,5674600
2017-06-27,48.720947265625,58.959999084472656,59.68999862670898,58.810001373291016,59.540000915527344,5652400
2017-06-28,48.90273666381836,59.18000030517578,59.25,58.79999923706055,59.060001373291016,5419200
2017-06-29,48.22513961791992,58.36000061035156,59.18000030517578,57.959999084472656,59.16999816894531,7421200
2017-06-30,48.18381881713867,58.310001373291016,58.95000076293945,58.290000915527344,58.68000030517578,8117100
2017-07-03,48.13425064086914,58.25,58.9900016784668,58.25,58.900001525878906,4575300
2017-07-05,47.87807083129883,57.93999862670898,58.5,57.79999923706055,58.43000030517578,7773600
2017-07-06,47.597129821777344,57.59999847412109,57.91999816894531,57.400001525878906,57.79999923706055,8886600
2017-07-07,47.96070861816406,58.040000915527344,58.36000061035156,57.540000915527344,57.790000915527344,7278300
2017-07-10,47.77066040039063,57.810001373291016,58.34999847412109,57.75,58.18000030517578,4832100
2017-07-11,47.84502410888672,57.900001525878906,58.08000183105469,57.52999877929688,57.90999984741211,5422300
2017-07-12,48.37387466430664,58.540000915527344,58.709999084472656,58.02000045776367,58.209999084472656,7141900
2017-07-13,48.24166488647461,58.380001068115234,58.869998931884766,58.119998931884766,58.79999923706055,8460200
2017-07-14,48.5556755065918,58.7599983215332,58.91999816894531,58.27999877929688,58.400001525878906,5441400
2017-07-17,48.20035171508789,58.33000183105469,58.869998931884766,58.27999877929688,58.72999954223633,6774500
2017-07-18,48.101200103759766,58.209999084472656,58.58000183105469,57.68999862670898,58.119998931884766,7857500
2017-07-19,48.0185546875,58.11000061035156,58.40999984741211,57.900001525878906,58.150001525878906,8203600
2017-07-20,47.952449798583984,58.02999877929688,58.84000015258789,58.0,58.40999984741211,10546700
2017-07-21,47.9111328125,57.97999954223633,58.2599983215332,57.83000183105469,57.91999816894531,6717200
2017-07-24,47.94417953491211,58.02000045776367,58.25,57.93000030517578,58.0,7442600
2017-07-25,48.38214874267578,58.54999923706055,58.84000015258789,57.97999954223633,58.220001220703125,7933100
2017-07-26,47.87807083129883,57.93999862670898,58.84000015258789,57.77999877929688,58.79999923706055,8775900
2017-07-27,49.16717529296875,59.5,59.65999984741211,57.93000030517578,58.25,23286700
2017-07-28,44.6223030090332,54.0,55.959999084472656,53.40999984741211,55.22999954223633,53454800
2017-07-31,44.60576629638672,53.97999954223633,54.68000030517578,53.95000076293945,54.47999954223633,20299400
2017-08-01,45.22552490234375,54.72999954223633,54.790000915527344,53.970001220703125,54.56999969482422,18120900
2017-08-02,45.80397415161133,55.43000030517578,55.45000076293945,54.66999816894531,54.75,14764900
2017-08-03,46.01054382324219,55.68000030517578,56.119998931884766,55.5,55.63999938964844,13331500
2017-08-04,45.81222152709961,55.43999862670898,56.04999923706055,55.09000015258789,55.970001220703125,9179800
2017-08-07,45.969234466552734,55.630001068115234,55.93000030517578,55.41999816894531,55.59999847412109,7253900
2017-08-08,45.25537109375,54.52000045776367,55.58000183105469,54.36000061035156,55.54999923706055,11095300
2017-08-09,44.60791778564453,53.7400016784668,54.43000030517578,53.29999923706055,54.43000030517578,16717700
2017-08-10,44.05177307128906,53.06999969482422,53.75,52.9900016784668,53.52000045776367,13235300
2017-08-11,44.14308166503906,53.18000030517578,53.400001525878906,53.04999923706055,53.04999923706055,9235000
2017-08-14,44.17628860473633,53.220001220703125,53.59999847412109,53.18000030517578,53.59999847412109,7426500
2017-08-15,44.11818313598633,53.150001525878906,53.41999816894531,52.88999938964844,53.40999984741211,6674600
2017-08-16,44.40870666503906,53.5,53.91999816894531,53.25,53.2599983215332,7667100
2017-08-17,44.0268669128418,53.040000915527344,53.77999877929688,52.9900016784668,53.31999969482422,7451700
2017-08-18,43.74464797973633,52.70000076293945,53.09000015258789,52.58000183105469,52.91999816894531,10370500
2017-08-21,44.11818313598633,53.150001525878906,53.52000045776367,52.79999923706055,53.13999938964844,12753200
2017-08-22,45.19726943969727,54.45000076293945,54.7400016784668,53.38999938964844,53.4900016784668,14547600
2017-08-23,44.89015197753906,54.08000183105469,54.09999847412109,53.650001525878906,53.959999084472656,11838500
2017-08-24,44.7739372253418,53.93999862670898,54.45000076293945,53.77000045776367,54.2599983215332,8716700
2017-08-25,45.12256240844727,54.36000061035156,54.68999862670898,54.18999862670898,54.619998931884766,8601100
2017-08-28,45.15576553344727,54.400001525878906,54.58000183105469,54.02000045776367,54.540000915527344,6643700
2017-08-29,44.90674209594727,54.09999847412109,54.290000915527344,54.0,54.040000915527344,6212400
2017-08-30,45.25537109375,54.52000045776367,54.619998931884766,54.040000915527344,54.040000915527344,5596600
2017-08-31,45.5375862121582,54.86000061035156,54.9900016784668,54.56999969482422,54.68000030517578,8245300
2017-09-01,45.595703125,54.93000030517578,55.15999984741211,54.880001068115234,54.900001525878906,7696300
2017-09-05,45.76170349121094,55.130001068115234,55.20000076293945,54.59999847412109,54.95000076293945,9160500
2017-09-06,45.08105850219727,54.310001373291016,55.27999877929688,54.130001068115234,55.119998931884766,11372300
2017-09-07,44.3838005065918,53.470001220703125,54.68000030517578,53.25,54.41999816894531,13801900
2017-09-08,44.40039825439453,53.4900016784668,53.77999877929688,53.04999923706055,53.38999938964844,11774500
2017-09-11,44.84033584594727,54.02000045776367,54.130001068115234,53.61000061035156,53.790000915527344,9314100
2017-09-12,44.44190979003906,53.540000915527344,54.04999923706055,53.33000183105469,53.97999954223633,10339400
2017-09-13,45.06445693969727,54.290000915527344,54.720001220703125,53.4900016784668,53.54999923706055,12787900
2017-09-14,45.263668060302734,54.52999877929688,54.709999084472656,54.09999847412109,54.380001068115234,8260800
2017-09-15,45.379878997802734,54.66999816894531,54.790000915527344,54.15999984741211,54.43999862670898,10744800
2017-09-18,45.396480560302734,54.68999862670898,54.970001220703125,54.56999969482422,54.79999923706055,6348400
2017-09-19,45.33838272094727,54.619998931884766,54.880001068115234,54.560001373291016,54.84000015258789,5187100
2017-09-20,45.778316497802734,55.150001525878906,55.18000030517578,54.58000183105469,54.58000183105469,7080000
2017-09-21,45.662109375,55.0099983215332,55.16999816894531,54.86000061035156,55.04999923706055,7178500
2017-09-22,45.72851943969727,55.09000015258789,55.20000076293945,54.86000061035156,55.04999923706055,6950000
2017-09-25,45.6123046875,54.95000076293945,55.220001220703125,54.70000076293945,54.97999954223633,10242700
2017-09-26,45.76170349121094,55.130001068115234,55.220001220703125,54.79999923706055,55.060001373291016,8021900
2017-09-27,45.6454963684082,54.9900016784668,55.59999847412109,54.959999084472656,55.25,8671300
2017-09-28,45.23876953125,54.5,55.08000183105469,54.45000076293945,54.810001373291016,7607500
2017-09-29,44.58301544189453,53.709999084472656,54.470001220703125,53.36000061035156,54.310001373291016,11944400
2017-10-02,44.66603469848633,53.810001373291016,54.040000915527344,53.75,53.86000061035156,5956000
2017-10-03,44.8154296875,53.9900016784668,54.34000015258789,53.900001525878906,54.0,6137100
2017-10-04,44.765621185302734,53.93000030517578,54.20000076293945,53.68999862670898,54.119998931884766,5569100
2017-10-05,45.3217658996582,54.59999847412109,54.970001220703125,53.91999816894531,54.060001373291016,7994300
2017-10-06,45.794921875,55.16999816894531,55.45000076293945,54.25,54.5099983215332,10576300
2017-10-09,45.670406341552734,55.02000045776367,55.4900016784668,54.959999084472656,55.369998931884766,5822900
2017-10-10,46.002437591552734,55.41999816894531,55.84999847412109,55.08000183105469,55.09999847412109,6573900
2017-10-11,46.18504333496094,55.63999938964844,55.79999923706055,55.2599983215332,55.459999084472656,8881900
2017-10-12,46.45896911621094,55.970001220703125,56.27000045776367,55.310001373291016,55.66999816894531,7234300
2017-10-13,46.25144958496094,55.720001220703125,56.43000030517578,55.61000061035156,56.0,6231100
2017-10-16,45.57909393310547,54.90999984741211,55.79999923706055,54.88999938964844,55.66999816894531,7256900
2017-10-17,45.24707412719727,54.5099983215332,55.22999954223633,54.290000915527344,54.86000061035156,11227300
2017-10-18,45.82811737060547,55.209999084472656,55.43000030517578,54.220001220703125,54.459999084472656,8299500
2017-10-19,45.98582458496094,55.400001525878906,55.540000915527344,54.900001525878906,55.08000183105469,5720200
2017-10-20,45.296875,54.56999969482422,55.400001525878906,54.18000030517578,55.310001373291016,11741100
2017-10-23,45.0478515625,54.27000045776367,54.93999862670898,54.18000030517578,54.77000045776367,10111100
2017-10-24,45.05615234375,54.27999877929688,54.560001373291016,54.02000045776367,54.369998931884766,7818500
2017-10-25,44.95655059814453,54.15999984741211,54.38999938964844,53.65999984741211,54.2400016784668,8281200
2017-10-26,45.57909393310547,54.90999984741211,55.75,54.5,54.5,12211400
2017-10-27,45.55420303344727,54.880001068115234,55.119998931884766,54.68000030517578,54.83000183105469,9922600
2017-10-30,45.794921875,55.16999816894531,55.22999954223633,54.400001525878906,54.790000915527344,6430900
2017-10-31,45.52099990844727,54.84000015258789,55.310001373291016,54.70000076293945,55.15999984741211,8857800
2017-11-01,45.76170349121094,55.130001068115234,55.59000015258789,54.93999862670898,55.09999847412109,7189800
2017-11-02,45.54588317871094,54.869998931884766,55.38999938964844,54.77000045776367,55.150001525878906,16879000
2017-11-03,46.508785247802734,56.02999877929688,56.93999862670898,54.04999923706055,54.15999984741211,28773800
2017-11-06,46.95701217651367,56.56999969482422,56.68999862670898,55.630001068115234,55.9900016784668,10835700
2017-11-07,47.49656677246094,57.220001220703125,57.290000915527344,56.33000183105469,56.33000183105469,11167400
2017-11-08,48.069297790527344,57.90999984741211,58.0099983215332,57.0,57.02999877929688,13533700
2017-11-09,47.61276245117188,57.36000061035156,57.65999984741211,56.790000915527344,57.20000076293945,14778900
2017-11-10,47.34714889526367,57.040000915527344,57.38999938964844,56.540000915527344,57.36000061035156,7930300
2017-11-13,47.015113830566406,56.63999938964844,57.13999938964844,56.54999923706055,56.810001373291016,7648200
2017-11-14,47.25582885742188,56.93000030517578,57.0,56.40999984741211,56.470001220703125,7758200
2017-11-15,47.31425476074219,56.70000076293945,57.060001373291016,56.5099983215332,56.81999969482422,8880500
2017-11-16,47.76486206054688,57.2400016784668,57.41999816894531,56.75,56.91999816894531,8310200
2017-11-17,47.50617980957031,56.93000030517578,57.43000030517578,56.84000015258789,57.2400016784668,6310800
2017-11-20,47.40605163574219,56.810001373291016,57.04999923706055,56.58000183105469,56.66999816894531,6360100
2017-11-21,47.78156280517578,57.2599983215332,57.560001373291016,56.880001068115234,56.959999084472656,6284300
2017-11-22,47.681427001953125,57.13999938964844,57.18000030517578,56.79999923706055,57.06999969482422,7308500
2017-11-24,47.39769744873047,56.79999923706055,57.18999862670898,56.709999084472656,57.18999862670898,3479000
2017-11-27,46.655006408691406,55.90999984741211,56.91999816894531,55.75,56.83000183105469,10580300
2017-11-28,47.2808723449707,56.65999984741211,56.720001220703125,55.90999984741211,56.02999877929688,9734400
2017-11-29,47.99015808105469,57.5099983215332,57.68000030517578,56.70000076293945,56.709999084472656,10017900
2017-11-30,48.24885940551758,57.81999969482422,58.13999938964844,57.470001220703125,57.63999938964844,11509200
2017-12-01,47.83162689208984,57.31999969482422,57.709999084472656,56.459999084472656,57.5,12756400
2017-12-04,49.03325271606445,58.7599983215332,59.18999862670898,57.5,57.540000915527344,13302100
2017-12-05,49.51725006103516,59.34000015258789,59.68000030517578,58.90999984741211,59.25,11295600
2017-12-06,49.467166900634766,59.27999877929688,59.83000183105469,59.22999954223633,59.380001068115234,8458200
2017-12-07,49.35035705566406,59.13999938964844,59.27999877929688,58.7599983215332,59.119998931884766,6033800
2017-12-08,48.90809631347656,58.61000061035156,58.84999847412109,58.09999847412109,58.52000045776367,9950500
2017-12-11,49.29193115234375,59.06999969482422,59.34999847412109,58.290000915527344,58.38999938964844,10286600
2017-12-12,49.45883941650391,59.27000045776367,59.36000061035156,58.869998931884766,58.9900016784668,6042900
2017-12-13,49.64241790771485,59.4900016784668,59.88999938964844,59.29999923706055,59.43999862670898,7726300
2017-12-14,49.81766128540039,59.70000076293945,60.04999923706055,59.43999862670898,59.72999954223633,8945900
2017-12-15,48.641056060791016,58.290000915527344,59.369998931884766,58.15999984741211,59.25,22595000
2017-12-18,48.42409133911133,58.02999877929688,58.790000915527344,57.88999938964844,58.43999862670898,8751600
2017-12-19,48.40740203857422,58.0099983215332,58.58000183105469,57.93000030517578,58.130001068115234,7945700
2017-12-20,48.17376327514648,57.72999954223633,58.290000915527344,57.68999862670898,58.220001220703125,7188700
2017-12-21,48.048587799072266,57.58000183105469,58.150001525878906,57.4900016784668,57.93999862670898,5974500
2017-12-22,47.81493377685547,57.29999923706055,57.90999984741211,57.119998931884766,57.56999969482422,7148700
2017-12-26,47.681427001953125,57.13999938964844,57.58000183105469,57.04999923706055,57.27000045776367,5546200
2017-12-27,47.78989791870117,57.27000045776367,57.650001525878906,57.18000030517578,57.18999862670898,4812200
2017-12-28,48.24051284790039,57.810001373291016,58.0,57.29999923706055,57.470001220703125,5044500
2017-12-29,47.92341232299805,57.43000030517578,57.970001220703125,57.41999816894531,57.7400016784668,5365600
2018-01-02,48.09031677246094,57.630001068115234,58.209999084472656,57.47999954223633,57.95000076293945,7216000
2018-01-03,48.99152755737305,58.709999084472656,58.959999084472656,57.79999923706055,57.93000030517578,7478400
2018-01-04,49.17511367797852,58.93000030517578,59.40999984741211,58.72999954223633,58.9900016784668,5775900
2018-01-05,49.74254608154297,59.61000061035156,59.68999862670898,59.06999969482422,59.25,6047700
2018-01-08,49.49220275878906,59.310001373291016,59.66999816894531,58.560001373291016,59.47999954223633,6335800
2018-01-09,49.38372802734375,59.18000030517578,59.470001220703125,58.86000061035156,59.20000076293945,5233400
2018-01-10,49.917781829833984,59.81999969482422,60.130001068115234,58.86000061035156,60.0,8656500
2018-01-11,50.067989349365234,60.0,60.02000045776367,59.45000076293945,59.52000045776367,5806300
2018-01-12,50.40178680419922,60.400001525878906,60.5099983215332,59.650001525878906,60.400001525878906,6989100
2018-01-16,50.53529357910156,60.560001373291016,61.09999847412109,60.29999923706055,60.33000183105469,8040700
2018-01-17,50.618743896484375,60.65999984741211,61.33000183105469,60.52000045776367,61.0,8433800
2018-01-18,50.97756576538086,61.09000015258789,61.43999862670898,60.7400016784668,61.43000030517578,9170900
2018-01-19,51.11941909790039,61.2599983215332,61.459999084472656,60.95000076293945,61.209999084472656,8361900
2018-01-22,51.24459838867188,61.40999984741211,61.470001220703125,60.77000045776367,61.040000915527344,11945800
2018-01-23,51.47823715209961,61.68999862670898,61.90999984741211,61.13999938964844,61.31999969482422,10806800
2018-01-24,50.76060485839844,60.83000183105469,61.93999862670898,60.22999954223633,61.5099983215332,11911900
2018-01-25,50.52695846557617,60.54999923706055,61.20000076293945,60.400001525878906,61.02999877929688,16225600
2018-01-26,48.39070892333984,57.9900016784668,58.16999816894531,56.54999923706055,57.93999862670898,51851700
2018-01-29,47.58128356933594,57.02000045776367,58.34999847412109,56.90999984741211,57.54999923706055,18899900
2018-01-30,47.72314834594727,57.18999862670898,57.540000915527344,56.7400016784668,56.959999084472656,14341200
2018-01-31,47.40605163574219,56.810001373291016,57.45000076293945,56.70000076293945,57.22999954223633,13118400
2018-02-01,46.73012161254883,56.0,56.41999816894531,55.88999938964844,56.27999877929688,14690100
2018-02-02,46.5381965637207,55.77000045776367,56.31999969482422,55.70000076293945,55.900001525878906,15358900
2018-02-05,45.63697052001953,54.68999862670898,56.2599983215332,54.56999969482422,55.52999877929688,16060000
2018-02-06,46.40468215942383,55.61000061035156,56.060001373291016,53.560001373291016,53.68999862670898,17415100
2018-02-07,45.6915397644043,54.459999084472656,55.43000030517578,54.43999862670898,55.08000183105469,13927000
2018-02-08,45.112640380859375,53.77000045776367,54.790000915527344,53.75,54.5,17736700
2018-02-09,45.79221725463867,54.58000183105469,55.060001373291016,53.650001525878906,54.20000076293945,19382000
2018-02-12,46.463417053222656,55.380001068115234,55.72999954223633,54.54999923706055,54.86000061035156,10969000
2018-02-13,46.70670700073242,55.66999816894531,55.720001220703125,55.02000045776367,55.25,10416400
2018-02-14,46.975196838378906,55.9900016784668,56.70000076293945,55.290000915527344,55.470001220703125,14190300
2018-02-15,47.47020721435547,56.58000183105469,56.83000183105469,55.900001525878906,56.36000061035156,10294900
2018-02-16,47.38630294799805,56.47999954223633,57.04999923706055,56.34000015258789,56.650001525878906,10151300
2018-02-20,46.95841217041016,55.970001220703125,56.540000915527344,55.83000183105469,56.290000915527344,9450900
2018-02-21,47.06748580932617,56.09999847412109,56.7400016784668,55.86000061035156,55.93000030517578,7851000
2018-02-22,46.48019027709961,55.400001525878906,56.13999938964844,55.2599983215332,55.95000076293945,10172400
2018-02-23,47.10104370117188,56.13999938964844,56.150001525878906,54.79999923706055,55.650001525878906,11394400
2018-02-26,47.96520614624024,57.16999816894531,57.34999847412109,56.31999969482422,56.41999816894531,8713800
2018-02-27,47.46181106567383,56.56999969482422,57.63999938964844,56.560001373291016,57.290000915527344,8821400
2018-02-28,47.90647888183594,57.09999847412109,57.91999816894531,56.83000183105469,56.84000015258789,11541100
2018-03-01,47.12621307373047,56.16999816894531,57.560001373291016,55.83000183105469,57.0,11127600
2018-03-02,47.76384735107422,56.93000030517578,57.20000076293945,55.68000030517578,55.720001220703125,11555100
2018-03-05,47.81419372558594,56.9900016784668,57.41999816894531,56.68000030517578,56.83000183105469,7835400
2018-03-06,47.847755432128906,57.02999877929688,57.25,56.540000915527344,57.25,8046800
2018-03-07,47.847755432128906,57.02999877929688,57.16999816894531,56.619998931884766,56.619998931884766,7044100
2018-03-08,48.21691131591797,57.470001220703125,57.79999923706055,57.130001068115234,57.290000915527344,7434700
2018-03-09,49.04751968383789,58.459999084472656,58.630001068115234,57.66999816894531,57.66999816894531,9539600
2018-03-12,49.83616638183594,59.400001525878906,59.68000030517578,58.47999954223633,58.66999816894531,10550300
2018-03-13,49.54251480102539,59.04999923706055,60.70000076293945,58.88999938964844,59.70000076293945,10411400
2018-03-14,49.357940673828125,58.83000183105469,59.720001220703125,58.709999084472656,59.27999877929688,6488500
2018-03-15,49.81099319458008,59.369998931884766,60.06999969482422,58.81999969482422,58.93000030517578,7377000
2018-03-16,49.50055313110352,59.0,59.650001525878906,58.93999862670898,59.380001068115234,13030900
2018-03-19,48.91326141357422,58.29999923706055,58.84999847412109,57.79999923706055,58.70000076293945,9350600
2018-03-20,49.21531295776367,58.65999984741211,58.97999954223633,58.45000076293945,58.45000076293945,5888400
2018-03-21,49.055908203125,58.470001220703125,59.54999923706055,58.38999938964844,58.75,6569100
2018-03-22,48.46860885620117,57.77000045776367,58.720001220703125,57.75,58.02999877929688,6846500
2018-03-23,47.24366760253906,56.310001373291016,57.93000030517578,56.310001373291016,57.77999877929688,9476800
2018-03-26,48.49378204345703,57.79999923706055,58.0,56.54999923706055,56.959999084472656,8444900
2018-03-27,48.20851516723633,57.459999084472656,58.5,57.13999938964844,58.09999847412109,7562900
2018-03-28,48.57767868041992,57.900001525878906,58.09999847412109,57.220001220703125,57.5,9301900
2018-03-29,48.56928253173828,57.88999938964844,58.13999938964844,56.83000183105469,57.2599983215332,12015200
2018-04-02,47.184940338134766,56.2400016784668,57.72999954223633,55.380001068115234,57.52000045776367,16778300
2018-04-03,48.66157531738281,58.0,58.04999923706055,56.45000076293945,56.54999923706055,10908200
2018-04-04,49.357940673828125,58.83000183105469,58.970001220703125,57.209999084472656,57.25,7893100
2018-04-05,49.6180305480957,59.13999938964844,59.27000045776367,58.86000061035156,59.0,6305100
2018-04-06,48.94684219360352,58.34000015258789,59.13999938964844,58.09000015258789,58.77999877929688,8264500
2018-04-09,49.248870849609375,58.70000076293945,59.369998931884766,58.41999816894531,58.540000915527344,8023800
2018-04-10,49.84455490112305,59.40999984741211,59.4900016784668,58.869998931884766,59.11000061035156,6545000
2018-04-11,49.85294342041016,59.41999816894531,59.709999084472656,59.0,59.18999862670898,5508000
2018-04-12,49.86133575439453,59.43000030517578,60.119998931884766,59.41999816894531,59.65999984741211,6088200
2018-04-13,49.701927185058594,59.2400016784668,59.54999923706055,58.959999084472656,59.0,6689800
2018-04-16,49.86133575439453,59.43000030517578,59.68999862670898,58.84000015258789,59.130001068115234,6119200
2018-04-17,50.19693374633789,59.83000183105469,60.0,59.400001525878906,59.75,6139600
2018-04-18,49.920066833496094,59.5,59.83000183105469,59.43999862670898,59.72999954223633,5914200
2018-04-19,49.68514633178711,59.220001220703125,59.4900016784668,58.72999954223633,59.41999816894531,6280100
2018-04-20,48.66157531738281,58.0,59.18000030517578,57.79999923706055,59.02999877929688,12037600
2018-04-23,48.79581832885742,58.15999984741211,58.72999954223633,57.68999862670898,58.0099983215332,8444400
2018-04-24,48.50216293334961,57.810001373291016,58.65999984741211,57.650001525878906,58.47999954223633,7793600
2018-04-25,48.418270111083984,57.709999084472656,58.27000045776367,57.290000915527344,58.27000045776367,8367400
2018-04-26,49.81938934326172,59.380001068115234,60.18000030517578,57.84999847412109,58.11000061035156,14516600
2018-04-27,48.9636116027832,58.36000061035156,58.97999954223633,57.5,58.06999969482422,11975200
2018-04-30,48.30081558227539,57.56999969482422,58.5099983215332,57.459999084472656,58.38999938964844,7854600
2018-05-01,48.77064514160156,58.130001068115234,58.25,57.43999862670898,57.66999816894531,7257500
2018-05-02,47.57088470458984,56.70000076293945,58.09000015258789,56.52999877929688,58.060001373291016,7299100
2018-05-03,47.09265899658203,56.130001068115234,56.56999969482422,55.540000915527344,56.52000045776367,7152400
2018-05-04,48.39309310913086,57.68000030517578,57.93000030517578,56.4900016784668,56.540000915527344,9279200
2018-05-07,48.20012664794922,57.45000076293945,59.040000915527344,57.27000045776367,58.9900016784668,10630600
2018-05-08,48.38471221923828,57.66999816894531,57.709999084472656,57.0,57.45000076293945,7234000
2018-05-09,48.10639190673828,57.040000915527344,57.619998931884766,56.790000915527344,57.43000030517578,7015300
2018-05-10,48.620849609375,57.650001525878906,57.70000076293945,57.02000045776367,57.18000030517578,6565800
2018-05-11,48.30036544799805,57.27000045776367,57.86000061035156,57.06999969482422,57.720001220703125,5843400
2018-05-14,48.18229675292969,57.130001068115234,57.5099983215332,56.9900016784668,57.36000061035156,5871800
2018-05-15,47.769039154052734,56.63999938964844,57.09999847412109,56.34999847412109,57.0,7415800
2018-05-16,48.19915771484375,57.150001525878906,57.33000183105469,56.790000915527344,56.83000183105469,4843900
2018-05-17,48.241329193115234,57.20000076293945,57.34999847412109,56.97999954223633,57.20000076293945,6110100
2018-05-18,48.20759963989258,57.15999984741211,57.38999938964844,56.86000061035156,57.27000045776367,7786000
2018-05-21,48.359405517578125,57.34000015258789,57.81999969482422,57.2599983215332,57.400001525878906,5379300
2018-05-22,48.03892135620117,56.959999084472656,57.619998931884766,56.90999984741211,57.5,5355600
2018-05-23,48.48591232299805,57.4900016784668,57.56999969482422,56.7599983215332,56.79999923706055,5339900
2018-05-24,48.64614868164063,57.68000030517578,57.7400016784668,57.119998931884766,57.43999862670898,5681600
2018-05-25,48.84856033325195,57.91999816894531,58.380001068115234,57.58000183105469,57.68000030517578,6783800
2018-05-29,48.266632080078125,57.22999954223633,57.880001068115234,57.0099983215332,57.70000076293945,6475900
2018-05-30,48.477481842041016,57.47999954223633,57.65999984741211,57.150001525878906,57.43000030517578,5762400
2018-05-31,47.794342041015625,56.66999816894531,57.470001220703125,56.54999923706055,57.18000030517578,9433000
2018-06-01,47.99675369262695,56.90999984741211,57.02999877929688,56.61000061035156,56.84000015258789,4967700
2018-06-04,48.13169479370117,57.06999969482422,57.20000076293945,56.79999923706055,57.09999847412109,7484100
2018-06-05,46.95938873291016,55.68000030517578,56.70000076293945,55.27999877929688,56.68999862670898,18278800
2018-06-06,48.21602630615234,57.16999816894531,57.18000030517578,55.619998931884766,55.84000015258789,13709800
2018-06-07,48.190731048583984,57.13999938964844,57.93999862670898,57.09000015258789,57.290000915527344,7919800
2018-06-08,47.73529052734375,56.59999847412109,57.060001373291016,56.52000045776367,56.91999816894531,8433500
2018-06-11,47.63409423828125,56.47999954223633,56.7400016784668,56.27000045776367,56.61000061035156,7181700
2018-06-12,47.63409423828125,56.47999954223633,56.900001525878906,56.29999923706055,56.59999847412109,8249700
2018-06-13,47.40637969970703,56.209999084472656,56.70000076293945,56.18000030517578,56.5099983215332,8283200
2018-06-14,48.08952713012695,57.02000045776367,57.06999969482422,56.310001373291016,56.459999084472656,11049700
2018-06-15,48.16542816162109,57.11000061035156,57.209999084472656,56.459999084472656,57.040000915527344,12408300
2018-06-18,48.25821304321289,57.220001220703125,57.31999969482422,56.11000061035156,56.77000045776367,9676900
2018-06-19,48.43529891967773,57.43000030517578,57.5,56.34000015258789,56.650001525878906,9965500
2018-06-20,44.04130172729492,52.220001220703125,55.0099983215332,51.58000183105469,54.83000183105469,62091100
2018-06-21,42.69188690185547,50.619998931884766,52.630001068115234,50.36000061035156,52.290000915527344,30723000
2018-06-22,43.214786529541016,51.2400016784668,51.720001220703125,50.81999969482422,51.0,24429600
2018-06-25,42.72563552856445,50.65999984741211,51.43999862670898,50.209999084472656,51.15999984741211,15578600
2018-06-26,42.48947525024414,50.380001068115234,50.630001068115234,50.11000061035156,50.5099983215332,12930600
2018-06-27,42.03406524658203,49.84000015258789,50.52999877929688,49.84000015258789,50.52000045776367,14576900
2018-06-28,40.93766784667969,48.540000915527344,49.47999954223633,47.369998931884766,49.45000076293945,33210100
2018-06-29,41.19910430908203,48.84999847412109,49.2599983215332,48.08000183105469,48.08000183105469,17413000
2018-07-02,41.376220703125,49.060001373291016,49.09999847412109,48.54999923706055,48.63999938964844,9870900
2018-07-03,41.131649017333984,48.77000045776367,49.29999923706055,48.7599983215332,49.150001525878906,7517500
2018-07-05,40.996700286865234,48.61000061035156,49.02999877929688,48.400001525878906,48.91999816894531,9630500
2018-07-06,41.30874633789063,48.97999954223633,49.18999862670898,48.58000183105469,48.900001525878906,10712000
2018-07-09,42.08466339111328,49.900001525878906,50.04999923706055,49.209999084472656,49.209999084472656,12811700
2018-07-10,42.52322006225586,50.41999816894531,50.5099983215332,49.959999084472656,50.08000183105469,9038000
2018-07-11,42.28708267211914,50.13999938964844,50.47999954223633,50.02000045776367,50.220001220703125,9542400
2018-07-12,42.37983703613281,50.25,50.65999984741211,50.20000076293945,50.36000061035156,9339200
2018-07-13,43.535274505615234,51.619998931884766,51.650001525878906,50.2599983215332,50.2599983215332,21718400
2018-07-16,42.96176910400391,50.93999862670898,51.54999923706055,50.68999862670898,51.54999923706055,16974900
2018-07-17,43.2485237121582,51.27999877929688,51.29999923706055,50.59999847412109,50.65999984741211,11421300
2018-07-18,43.13888549804688,51.150001525878906,51.619998931884766,51.0,51.34000015258789,13549500
2018-07-19,43.299129486083984,51.34000015258789,51.4900016784668,51.0,51.11000061035156,11415600
2018-07-20,42.93647766113281,50.90999984741211,51.2400016784668,50.75,51.060001373291016,11024100
2018-07-23,43.172607421875,51.18999862670898,51.27000045776367,50.7599983215332,50.7599983215332,8406800
2018-07-24,43.15575408935547,51.16999816894531,51.720001220703125,51.060001373291016,51.29999923706055,9921500
2018-07-25,43.535274505615234,51.619998931884766,51.720001220703125,51.0099983215332,51.0099983215332,11368000
2018-07-26,43.39189910888672,51.45000076293945,51.84000015258789,51.34000015258789,51.68000030517578,11114800
2018-07-27,43.98226165771485,52.150001525878906,52.59999847412109,50.209999084472656,51.5,15770300
2018-07-30,43.77141952514648,51.900001525878906,52.84999847412109,51.7599983215332,52.20000076293945,14448400
2018-07-31,44.18466567993164,52.38999938964844,52.68999862670898,51.84999847412109,52.02999877929688,9228200
2018-08-01,43.79671096801758,51.93000030517578,52.2400016784668,51.25,52.2400016784668,11952400
2018-08-02,43.58587646484375,51.68000030517578,52.34999847412109,51.43000030517578,52.09999847412109,13636400
2018-08-03,44.04972839355469,52.22999954223633,52.45000076293945,51.58000183105469,51.70000076293945,8246100
2018-08-06,43.914794921875,52.06999969482422,52.27000045776367,51.79999923706055,52.09999847412109,6505800
2018-08-07,43.914794921875,52.06999969482422,52.209999084472656,51.79999923706055,52.08000183105469,5869400
2018-08-08,43.77891540527344,51.54999923706055,51.93000030517578,51.36000061035156,51.83000183105469,7257200
2018-08-09,44.0931396484375,51.91999816894531,52.02000045776367,51.31999969482422,51.52999877929688,7175400
2018-08-10,43.74494552612305,51.5099983215332,51.630001068115234,51.20000076293945,51.59000015258789,10539300
2018-08-13,43.99971389770508,51.810001373291016,51.959999084472656,51.470001220703125,51.619998931884766,7911300
2018-08-14,44.66212844848633,52.59000015258789,52.7400016784668,51.790000915527344,51.84999847412109,9385400
2018-08-15,44.79801177978516,52.75,52.93999862670898,52.29999923706055,52.310001373291016,9566000
2018-08-16,45.04428863525391,53.040000915527344,53.36000061035156,52.91999816894531,52.97999954223633,8721200
2018-08-17,45.48591232299805,53.560001373291016,53.61000061035156,52.95000076293945,52.95000076293945,8166900
2018-08-20,45.7916374206543,53.91999816894531,54.15999984741211,53.70000076293945,53.709999084472656,9791200
2018-08-21,45.85957336425781,54.0,54.43999862670898,53.95000076293945,54.16999816894531,7990000
2018-08-22,44.85746383666992,52.81999969482422,53.63999938964844,52.65999984741211,53.54999923706055,10369600
2018-08-23,44.72158432006836,52.65999984741211,53.18999862670898,52.560001373291016,52.7599983215332,8567600
2018-08-24,44.79801177978516,52.75,52.91999816894531,52.41999816894531,52.81999969482422,9849800
2018-08-27,44.9848518371582,52.970001220703125,53.18000030517578,52.810001373291016,52.9900016784668,6443200
2018-08-28,45.05278015136719,53.04999923706055,53.470001220703125,52.97999954223633,53.02000045776367,7171900
2018-08-29,45.22264862060547,53.25,53.43999862670898,52.720001220703125,53.06999969482422,6604900
2018-08-30,45.09526062011719,53.09999847412109,53.40999984741211,52.970001220703125,53.119998931884766,5576400
2018-08-31,45.39249038696289,53.45000076293945,53.709999084472656,52.45000076293945,52.459999084472656,10892800
2018-09-04,45.46043014526367,53.52999877929688,53.68999862670898,53.209999084472656,53.43999862670898,8235200
2018-09-05,45.681243896484375,53.790000915527344,53.97999954223633,53.290000915527344,53.470001220703125,7966300
2018-09-06,46.03791809082031,54.209999084472656,54.34999847412109,53.650001525878906,53.65999984741211,7803400
2018-09-07,46.58993148803711,54.86000061035156,54.959999084472656,54.15999984741211,54.20000076293945,10231700
2018-09-10,46.683353424072266,54.970001220703125,55.11000061035156,54.56999969482422,54.93999862670898,8621000
2018-09-11,46.81074523925781,55.119998931884766,55.400001525878906,54.77000045776367,54.83000183105469,7873900
2018-09-12,46.683353424072266,54.970001220703125,55.20000076293945,54.33000183105469,55.20000076293945,7297300
2018-09-13,46.61539840698242,54.88999938964844,55.56999969482422,54.7400016784668,55.119998931884766,8566600
2018-09-14,46.49651718139648,54.75,55.0,54.61000061035156,55.0,6827700
2018-09-17,46.34365463256836,54.56999969482422,54.86000061035156,54.27999877929688,54.70000076293945,9277200
2018-09-18,46.76827239990234,55.06999969482422,55.27999877929688,54.09999847412109,54.47999954223633,7569600
2018-09-19,47.074012756347656,55.43000030517578,55.790000915527344,54.900001525878906,55.220001220703125,7451600
2018-09-20,47.92325210571289,56.43000030517578,56.72999954223633,55.59999847412109,55.59999847412109,10582600
2018-09-21,48.78949737548828,57.45000076293945,57.56999969482422,56.52000045776367,56.54999923706055,25800500
2018-09-24,48.14406204223633,56.68999862670898,57.36000061035156,56.58000183105469,56.93999862670898,10616000
2018-09-25,48.32241439819336,56.900001525878906,57.290000915527344,56.83000183105469,56.97999954223633,9445500
2018-09-26,48.63663482666016,57.27000045776367,57.84000015258789,56.75,56.77000045776367,7757300
2018-09-27,48.696075439453125,57.34000015258789,57.790000915527344,57.09999847412109,57.09999847412109,6606200
2018-09-28,48.271446228027344,56.84000015258789,57.38999938964844,56.77999877929688,57.38999938964844,8975900
2018-10-01,47.20139694213867,55.58000183105469,56.95000076293945,55.52999877929688,56.90999984741211,12726900
2018-10-02,47.20988464355469,55.59000015258789,56.0099983215332,55.290000915527344,55.54999923706055,12680800
2018-10-03,47.10799026489258,55.470001220703125,56.11000061035156,55.459999084472656,55.79999923706055,7383500
2018-10-04,47.46466064453125,55.88999938964844,56.08000183105469,55.5,55.77999877929688,9722000
2018-10-05,47.35425567626953,55.7599983215332,55.95000076293945,55.310001373291016,55.95000076293945,9734000
2018-10-08,48.01668167114258,56.540000915527344,56.75,55.45000076293945,55.81999969482422,9623900
2018-10-09,49.01030731201172,57.709999084472656,59.70000076293945,56.810001373291016,56.83000183105469,24855700
2018-10-10,47.56657409667969,56.0099983215332,57.869998931884766,55.93999862670898,57.66999816894531,14190500
2018-10-11,46.58993148803711,54.86000061035156,56.27000045776367,54.709999084472656,55.70000076293945,15316900
2018-10-12,47.94025039672852,56.45000076293945,56.77999877929688,55.27999877929688,55.709999084472656,13980500
2018-10-15,48.19501876831055,56.75,57.18999862670898,56.310001373291016,56.369998931884766,10175100
2018-10-16,49.09523391723633,57.810001373291016,58.0099983215332,56.77000045776367,56.93999862670898,11731400
2018-10-17,50.19075775146485,59.09999847412109,59.400001525878906,57.77999877929688,57.900001525878906,14631000
2018-10-18,49.80010986328125,58.63999938964844,59.52999877929688,58.150001525878906,59.0,12184700
2018-10-19,49.81708908081055,58.65999984741211,59.06999969482422,58.38999938964844,58.38999938964844,10180500
2018-10-22,50.02090072631836,58.900001525878906,59.36000061035156,58.58000183105469,58.93000030517578,8680200
2018-10-23,49.944480895996094,58.810001373291016,59.29999923706055,58.209999084472656,58.36000061035156,12834200
2018-10-24,49.30754089355469,58.060001373291016,59.27999877929688,57.95000076293945,58.56999969482422,12189700
2018-10-25,50.071868896484375,58.959999084472656,59.470001220703125,57.70000076293945,58.290000915527344,9569600
2018-10-26,49.3160400390625,58.06999969482422,58.36000061035156,57.38999938964844,58.040000915527344,13367600
2018-10-29,49.57081604003906,58.369998931884766,59.68000030517578,57.70000076293945,58.68000030517578,14412800
2018-10-30,49.75764465332031,58.59000015258789,58.869998931884766,57.68999862670898,58.43000030517578,14230100
2018-10-31,49.48588562011719,58.27000045776367,59.119998931884766,58.209999084472656,58.97999954223633,11560400
2018-11-01,49.79161834716797,58.630001068115234,59.06999969482422,58.06999969482422,58.29999923706055,18772400
2018-11-02,54.62384796142578,64.31999969482422,65.68000030517578,61.900001525878906,61.9900016784668,45573000
2018-11-05,54.75973510742188,64.4800033569336,65.12999725341797,63.81999969482422,63.93000030517578,23242600
2018-11-06,56.059078216552734,66.01000213623047,66.08000183105469,64.25,64.30000305175781,16065400
2018-11-07,57.88497924804688,68.16000366210938,68.20999908447266,66.04000091552734,66.29000091552734,16465000
2018-11-08,58.36054992675781,68.72000122070312,68.9800033569336,67.62999725341797,67.77999877929688,14081700
2018-11-09,58.25864791870117,68.5999984741211,68.95999908447266,68.08000183105469,68.48999786376953,8637200
2018-11-12,57.67266082763672,67.91000366210938,68.94000244140625,67.80000305175781,68.44000244140625,12789600
2018-11-13,57.2480354309082,67.41000366210938,68.27999877929688,67.0999984741211,67.94000244140625,16637000
2018-11-14,57.2395133972168,67.04000091552734,67.94999694824219,66.7300033569336,67.30000305175781,13350500
2018-11-15,57.734710693359375,67.62000274658203,67.76000213623047,66.36000061035156,66.70999908447266,15246500
2018-11-16,58.19576644897461,68.16000366210938,68.52999877929688,67.08999633789062,67.30000305175781,9287900
2018-11-19,57.9823112487793,67.91000366210938,68.47000122070312,67.2300033569336,68.0999984741211,10855400
2018-11-20,57.3590202331543,67.18000030517578,67.87999725341797,66.76000213623047,67.38999938964844,11208900
2018-11-21,57.00896835327149,66.7699966430664,67.9800033569336,66.75,67.47000122070312,10978100
2018-11-23,56.09539413452149,65.69999694824219,66.23999786376953,65.26000213623047,66.23999786376953,7779800
2018-11-26,56.08686065673828,65.69000244140625,66.12000274658203,65.20999908447266,65.9800033569336,13066800
2018-11-27,56.41985702514648,66.08000183105469,66.55000305175781,65.30999755859375,65.45999908447266,13169100
2018-11-28,57.05166244506836,66.81999969482422,66.98999786376953,65.4800033569336,66.18000030517578,12867600
2018-11-29,57.10288619995117,66.87999725341797,67.27999877929688,66.12000274658203,66.68000030517578,9605500
2018-11-30,56.96628952026367,66.72000122070312,67.37999725341797,66.6500015258789,66.86000061035156,27308900
2018-12-03,57.63225173950195,67.5,68.05999755859375,66.66000366210938,67.37000274658203,13834300
2018-12-04,56.90652084350586,66.6500015258789,68.1500015258789,66.44999694824219,67.47000122070312,13555100
2018-12-06,56.82113265991211,66.55000305175781,66.66999816894531,65.58999633789062,66.12999725341797,17222200
2018-12-07,55.89902114868164,65.47000122070312,66.63999938964844,65.19999694824219,66.16999816894531,11057500
2018-12-10,55.91609954833984,65.48999786376953,65.80000305175781,64.44999694824219,65.47000122070312,12148300
2018-12-11,56.283233642578125,65.91999816894531,66.91999816894531,65.5199966430664,66.22000122070312,10903100
2018-12-12,56.46253204345703,66.12999725341797,66.93000030517578,66.0,66.0,11115800
2018-12-13,57.12850570678711,66.91000366210938,67.22000122070312,66.12999725341797,66.29000091552734,10016200
2018-12-14,55.78802108764648,65.33999633789062,65.83999633789062,63.58000183105469,64.44000244140625,16834000
2018-12-17,55.04520797729492,64.47000122070312,65.62999725341797,64.08000183105469,65.0,15143100
2018-12-18,55.42941665649414,64.91999816894531,65.4000015258789,64.55000305175781,64.7699966430664,10523500
2018-12-19,54.69513702392578,64.05999755859375,65.9000015258789,63.68000030517578,65.16000366210938,14390100
2018-12-20,53.06436920166016,62.150001525878906,63.79999923706055,61.45000076293945,63.61000061035156,20264600
2018-12-21,52.41548538208008,61.38999938964844,63.209999084472656,61.380001068115234,62.310001373291016,23524900
2018-12-24,51.7067985534668,60.560001373291016,61.81999969482422,60.41999816894531,61.47999954223633,6323300
2018-12-26,53.8584098815918,63.08000183105469,63.22999954223633,60.66999816894531,60.95000076293945,16646200
2018-12-27,53.96086502075195,63.20000076293945,63.2400016784668,61.619998931884766,62.619998931884766,11308100
2018-12-28,54.12310028076172,63.38999938964844,64.12000274658203,63.16999816894531,63.310001373291016,7711900
2018-12-31,54.985443115234375,64.4000015258789,64.61000061035156,63.65999984741211,63.77000045776367,7689800
2019-01-02,54.91714096069336,64.31999969482422,64.37000274658203,63.209999084472656,63.68000030517578,10094000
2019-01-03,52.53499603271485,61.52999877929688,63.720001220703125,61.400001525878906,63.459999084472656,14390100
2019-01-04,54.27677917480469,63.56999969482422,64.25,62.08000183105469,62.400001525878906,12694400
2019-01-07,54.27677917480469,63.56999969482422,64.23999786376953,62.7400016784668,63.34999847412109,10337600
2019-01-08,54.319454193115234,63.619998931884766,64.29000091552734,63.04999923706055,63.93999862670898,10809700
2019-01-09,54.54146194458008,63.880001068115234,64.04000091552734,62.95000076293945,63.650001525878906,13080300
2019-01-10,54.80613708496094,64.19000244140625,64.38999938964844,63.2400016784668,63.61000061035156,10397600
2019-01-11,54.41339111328125,63.72999954223633,63.84000015258789,61.66999816894531,62.290000915527344,13805700
2019-01-14,54.10601806640625,63.369998931884766,64.05999755859375,62.97999954223633,63.34999847412109,9929600
2019-01-15,54.71222305297852,64.08000183105469,64.62999725341797,63.45000076293945,63.58000183105469,7930400
2019-01-16,54.44753646850586,63.77000045776367,64.81999969482422,63.75,64.19999694824219,8091300
2019-01-17,54.88299179077149,64.27999877929688,64.38999938964844,63.59999847412109,63.68000030517578,6767100
2019-01-18,55.2415771484375,64.69999694824219,64.80999755859375,63.86000061035156,64.80999755859375,9835200
2019-01-22,55.83071517944336,65.38999938964844,66.20999908447266,64.75,64.9000015258789,16414300
2019-01-23,56.71870040893555,66.43000030517578,66.69999694824219,65.80999755859375,65.87999725341797,12372400
2019-01-24,55.27573394775391,64.73999786376953,66.76000213623047,62.93000030517578,66.61000061035156,29719800
2019-01-25,57.28218460083008,67.08999633789062,67.69000244140625,66.0999984741211,67.02999877929688,21885800
2019-01-28,57.11997604370117,66.9000015258789,66.95999908447266,65.91000366210938,66.19000244140625,11537700
2019-01-29,57.2395133972168,67.04000091552734,67.5,66.19999694824219,67.0,10703400
2019-01-30,58.18724060058594,68.1500015258789,68.20999908447266,67.05000305175781,67.11000061035156,11702500
2019-01-31,58.17869567871094,68.13999938964844,69.48999786376953,67.08000183105469,68.18000030517578,24233300
2019-02-01,58.15307235717773,68.11000061035156,69.31999969482422,68.0,68.58999633789062,10309200
2019-02-04,57.7005615234375,67.58000183105469,68.11000061035156,67.08000183105469,68.02999877929688,13562400
2019-02-05,59.20326614379883,69.33999633789062,69.41000366210938,67.63999938964844,67.76000213623047,12781600
2019-02-06,59.091705322265625,68.8499984741211,69.38999938964844,68.5,69.2300033569336,10283400
2019-02-07,59.34059143066406,69.13999938964844,69.20999908447266,68.4800033569336,68.5999984741211,10109200
2019-02-08,59.8641471862793,69.75,69.81999969482422,68.5999984741211,68.7699966430664,8862000
2019-02-11,60.070106506347656,69.98999786376953,70.47000122070312,69.8499984741211,70.0,9229700
2019-02-12,59.8641471862793,69.75,70.45999908447266,69.70999908447266,70.23999786376953,8848900
2019-02-13,60.51641845703125,70.51000213623047,70.5999984741211,69.80000305175781,69.80999755859375,10264000
2019-02-14,60.79963684082031,70.83999633789062,71.54000091552734,69.97000122070312,70.12999725341797,9441100
2019-02-15,60.68806838989258,70.70999908447266,71.37000274658203,70.19000244140625,71.1500015258789,13924600
2019-02-19,60.25035858154297,70.19999694824219,70.5999984741211,69.77999877929688,70.45999908447266,9208400
2019-02-20,60.41342544555664,70.38999938964844,70.5999984741211,70.05000305175781,70.2300033569336,9671800
2019-02-21,60.67948913574219,70.69999694824219,70.93000030517578,70.13999938964844,70.13999938964844,10933500
2019-02-22,61.194454193115234,71.30000305175781,71.38999938964844,70.75,70.76000213623047,11311600
2019-02-25,60.97989273071289,71.05000305175781,72.06999969482422,70.9800033569336,71.9000015258789,12071200
2019-02-26,61.057125091552734,71.13999938964844,71.44999694824219,70.91999816894531,71.0,12302300
2019-02-27,60.20744323730469,70.1500015258789,71.12999725341797,69.91999816894531,70.83000183105469,13274800
2019-02-28,60.30184555053711,70.26000213623047,70.48999786376953,69.77999877929688,70.13999938964844,18956700
2019-03-01,60.80823516845703,70.8499984741211,71.11000061035156,70.44999694824219,70.62999725341797,8067700
2019-03-04,60.89405822753906,70.94999694824219,71.3499984741211,70.37000274658203,70.98999786376953,9219700
2019-03-05,61.43476486206055,71.58000183105469,71.88999938964844,71.05999755859375,71.19000244140625,10496100
2019-03-06,61.16870880126953,71.2699966430664,72.18000030517578,71.16000366210938,71.80999755859375,7666100
2019-03-07,60.60223388671875,70.61000061035156,71.36000061035156,70.45999908447266,71.19999694824219,7814700
2019-03-08,59.52940368652344,69.36000061035156,70.2699966430664,69.02999877929688,70.1500015258789,12363900
2019-03-11,59.80404281616211,69.68000030517578,70.01000213623047,69.13999938964844,69.37999725341797,11518300
2019-03-12,60.121620178222656,70.05000305175781,70.58000183105469,69.69000244140625,69.73999786376953,12751700
2019-03-13,60.164512634277344,70.0999984741211,70.9000015258789,69.9800033569336,70.08999633789062,13798600
2019-03-14,60.71381759643555,70.73999786376953,70.88999938964844,70.19000244140625,70.19000244140625,9249200
2019-03-15,60.65373229980469,70.66999816894531,71.20999908447266,70.54000091552734,70.80000305175781,13096900
2019-03-18,60.79963684082031,70.83999633789062,71.12000274658203,70.44000244140625,70.77999877929688,5682400
2019-03-19,61.263092041015625,71.37999725341797,71.69999694824219,70.87000274658203,70.94999694824219,7810700
2019-03-20,61.477684020996094,71.62999725341797,72.4000015258789,71.33999633789062,71.80000305175781,9512400
2019-03-21,62.01839828491211,72.26000213623047,72.44000244140625,71.31999969482422,71.31999969482422,8044400
2019-03-22,61.76090621948242,71.95999908447266,72.41000366210938,71.69000244140625,72.05000305175781,8022800
2019-03-25,62.052711486816406,72.30000305175781,72.4800033569336,71.7300033569336,72.0,6453800
2019-03-26,62.61918640136719,72.95999908447266,73.19000244140625,72.33000183105469,72.72000122070312,7624000
2019-03-27,62.430362701416016,72.73999786376953,73.26000213623047,72.62000274658203,72.94000244140625,7662700
2019-03-28,63.47745132446289,73.95999908447266,73.9800033569336,72.88999938964844,72.97000122070312,6709600
2019-03-29,63.80356216430664,74.33999633789062,74.4800033569336,73.52999877929688,74.01000213623047,9099500
2019-04-01,63.47745132446289,73.95999908447266,74.93000030517578,73.7300033569336,74.76000213623047,8108400
2019-04-02,63.743499755859375,74.2699966430664,74.44999694824219,73.83999633789062,74.01000213623047,5520900
2019-04-03,63.79499435424805,74.33000183105469,74.77999877929688,73.87000274658203,74.55999755859375,6755600
2019-04-04,63.81216430664063,74.3499984741211,74.66999816894531,73.9800033569336,74.5,5449800
2019-04-05,64.39578247070312,75.02999877929688,75.08000183105469,74.3499984741211,74.3499984741211,5346200
2019-04-08,64.54167938232422,75.19999694824219,75.30000305175781,74.47000122070312,74.47000122070312,5140400
2019-04-09,64.4730453491211,75.12000274658203,75.2300033569336,74.80000305175781,74.87000274658203,4905800
2019-04-10,64.781982421875,75.4800033569336,75.81999969482422,75.20999908447266,75.20999908447266,6066300
2019-04-11,65.11672973632812,75.87000274658203,76.06999969482422,75.6500015258789,75.75,6042600
2019-04-12,65.78618621826172,76.6500015258789,76.94999694824219,76.06999969482422,76.0999984741211,5194800
2019-04-15,65.36563873291016,76.16000366210938,76.69999694824219,76.08000183105469,76.66999816894531,7632200
2019-04-16,64.9708023071289,75.69999694824219,76.55999755859375,75.36000061035156,76.4800033569336,8336600
2019-04-17,64.4730453491211,75.12000274658203,75.95999908447266,74.80000305175781,75.61000061035156,9439000
2019-04-18,65.27980041503906,76.05999755859375,76.26000213623047,75.20999908447266,75.4800033569336,6607800
2019-04-22,64.7133560180664,75.4000015258789,76.05999755859375,75.20999908447266,75.70999908447266,4883100
2019-04-23,65.2197265625,75.98999786376953,76.05999755859375,75.41000366210938,75.4800033569336,5273900
2019-04-24,65.56302642822266,76.38999938964844,76.87999725341797,75.91000366210938,76.05000305175781,9347300
2019-04-25,66.18096923828125,77.11000061035156,77.2300033569336,75.94999694824219,76.11000061035156,11084500
2019-04-26,66.47276306152344,77.44999694824219,77.5199966430664,75.05999755859375,76.94999694824219,12550500
2019-04-29,66.00932312011719,76.91000366210938,77.66999816894531,76.58999633789062,77.30000305175781,5426800
2019-04-30,66.6701889038086,77.68000030517578,77.79000091552734,76.69000244140625,77.0,7384400
2019-05-01,66.53286743164062,77.5199966430664,78.1500015258789,77.37000274658203,77.66999816894531,6678000
2019-05-02,66.48995208740234,77.47000122070312,77.76000213623047,76.75,77.66000366210938,6247500
2019-05-03,66.98774719238281,78.05000305175781,78.4000015258789,77.33999633789062,77.58999633789062,4967900
2019-05-06,66.99634552001953,78.05999755859375,78.08000183105469,77.0199966430664,77.19999694824219,5607500
2019-05-07,66.9104995727539,77.95999908447266,78.73999786376953,77.41999816894531,77.56999969482422,8115800
2019-05-08,67.29850769042969,78.05000305175781,78.63999938964844,77.12000274658203,77.58000183105469,7799900
2019-05-09,67.169189453125,77.9000015258789,78.2300033569336,77.3499984741211,77.58000183105469,7326600
2019-05-10,67.6175537109375,78.41999816894531,78.80000305175781,77.16000366210938,77.62999725341797,6448600
2019-05-13,66.11722564697266,76.68000030517578,77.77999877929688,76.08000183105469,77.25,9778500
2019-05-14,66.44488525390625,77.05999755859375,77.73999786376953,76.68000030517578,76.75,6870900
2019-05-15,67.04846954345703,77.76000213623047,77.94000244140625,76.52999877929688,76.69000244140625,5415500
2019-05-16,68.03142547607422,78.9000015258789,79.23999786376953,77.56999969482422,77.66000366210938,6941800
2019-05-17,68.04005432128906,78.91000366210938,79.6500015258789,78.37000274658203,78.5199966430664,7379900
2019-05-20,66.0999984741211,76.66000366210938,78.41999816894531,76.56999969482422,78.30000305175781,11475000
2019-05-21,66.85013580322266,77.52999877929688,77.8499984741211,76.75,77.05000305175781,5808500
2019-05-22,66.6087417602539,77.25,77.72000122070312,76.91000366210938,77.19999694824219,5602300
2019-05-23,65.88443756103516,76.41000366210938,76.94000244140625,75.69000244140625,76.87999725341797,9213200
2019-05-24,65.66024780273438,76.1500015258789,77.05999755859375,75.97000122070312,76.83000183105469,5627600
2019-05-28,65.27223205566406,75.69999694824219,76.68000030517578,75.31999969482422,76.36000061035156,16205200
2019-05-29,64.91008758544922,75.27999877929688,75.48999786376953,74.33000183105469,75.33000183105469,10511600
2019-05-30,65.67748260498047,76.16999816894531,76.43000030517578,75.62999725341797,75.6500015258789,7178400
2019-05-31,65.58263397216797,76.05999755859375,76.31999969482422,75.37999725341797,75.5999984741211,7625700
2019-06-03,65.72061157226562,76.22000122070312,76.52999877929688,75.6500015258789,76.12000274658203,8122200
2019-06-04,67.70376586914062,78.5199966430664,78.76000213623047,76.66000366210938,76.7699966430664,11685000
2019-06-05,68.94540405273438,79.95999908447266,79.97000122070312,78.66000366210938,78.79000091552734,7437100
2019-06-06,70.1870346069336,81.4000015258789,81.62999725341797,79.9000015258789,80.02999877929688,10457200
2019-06-07,71.11827850341797,82.4800033569336,83.33000183105469,81.51000213623047,81.5999984741211,11278800
2019-06-10,70.64405822753906,81.93000030517578,82.86000061035156,81.37999725341797,82.8499984741211,8102800
2019-06-11,71.02342987060547,82.37000274658203,82.86000061035156,81.8499984741211,82.30000305175781,6226400
2019-06-12,71.50627136230469,82.93000030517578,83.66999816894531,82.31999969482422,82.58999633789062,6088800
2019-06-13,71.86842346191406,83.3499984741211,84.05000305175781,83.0199966430664,83.33000183105469,7156800
2019-06-14,72.63585662841797,84.23999786376953,84.61000061035156,83.38999938964844,83.54000091552734,9226500
2019-06-17,71.5838851928711,83.0199966430664,84.69000244140625,82.88999938964844,84.6500015258789,9313700
2019-06-18,71.49766540527344,82.91999816894531,84.11000061035156,82.88999938964844,83.55000305175781,10582600
2019-06-19,72.26504516601562,83.80999755859375,83.91999816894531,82.08000183105469,83.08000183105469,5401400
2019-06-20,73.02384185791016,84.69000244140625,84.83000183105469,83.83000183105469,84.41000366210938,5215800
2019-06-21,72.27369689941406,83.81999969482422,84.7699966430664,83.80999755859375,84.43000030517578,12610000
2019-06-24,72.12712097167969,83.6500015258789,84.55999755859375,83.61000061035156,84.08000183105469,6692500
2019-06-25,72.64445495605469,84.25,85.19999694824219,83.95999908447266,84.19999694824219,7312300
2019-06-26,71.89429473876953,83.37999725341797,84.30000305175781,83.18000030517578,84.30000305175781,7576400
2019-06-27,72.04950714111328,83.55999755859375,83.88999938964844,83.20999908447266,83.55000305175781,6084200
2019-06-28,72.28229522705078,83.83000183105469,83.95999908447266,83.31999969482422,83.55999755859375,6735300
2019-07-01,72.90314483642578,84.55000305175781,84.95999908447266,84.02999877929688,84.62000274658203,7935100
2019-07-02,73.73087310791016,85.51000213623047,85.58999633789062,84.5199966430664,84.73999786376953,6205800
2019-07-03,75.69683837890625,87.79000091552734,87.81999969482422,85.9800033569336,86.04000091552734,7818600
2019-07-05,75.69683837890625,87.79000091552734,87.88999938964844,86.87999725341797,87.5,5733100
2019-07-08,75.39503479003906,87.44000244140625,87.94999694824219,87.18000030517578,87.5999984741211,6359500
2019-07-09,75.21395111083984,87.2300033569336,87.6500015258789,86.88999938964844,87.29000091552734,5355400
2019-07-10,76.20553588867188,88.37999725341797,88.54000091552734,87.41999816894531,87.41999816894531,5293000
2019-07-11,76.80049896240234,89.06999969482422,89.29000091552734,88.2699966430664,88.66000366210938,6191400
2019-07-12,77.40406799316406,89.7699966430664,89.81999969482422,88.8499984741211,89.27999877929688,5628000
2019-07-15,77.7403564453125,90.16000366210938,90.33999633789062,89.66000366210938,89.87000274658203,6061300
2019-07-16,77.6713638305664,90.08000183105467,90.4800033569336,89.58999633789062,90.22000122070312,5591900
2019-07-17,77.81795501708984,90.25,90.37999725341795,89.7300033569336,90.08000183105467,4635900
2019-07-18,78.89575958251953,91.5,91.54000091552734,89.94999694824219,90.33000183105467,6470200
2019-07-19,77.86106872558594,90.3000030517578,91.61000061035156,90.2300033569336,91.41000366210938,10804800
2019-07-22,78.39566040039062,90.91999816894533,91.18000030517578,90.05000305175781,90.5199966430664,5636600
2019-07-23,77.69723510742188,90.11000061035156,91.36000061035156,89.16999816894531,91.25,7609200
2019-07-24,78.16285705566406,90.6500015258789,90.75,89.68000030517578,89.9000015258789,5388100
2019-07-25,78.44740295410156,90.9800033569336,91.5500030517578,90.47000122070312,91.48999786376952,8106300
2019-07-26,85.45748138427734,99.11000061035156,99.72000122070312,95.20999908447266,96.4000015258789,20846500
2019-07-29,84.51762390136719,98.0199966430664,98.94000244140624,97.20999908447266,98.0500030517578,11184500
2019-07-30,83.33636474609375,96.6500015258789,98.27999877929688,96.5199966430664,97.5,7248300
2019-07-31,81.64631652832031,94.69000244140624,96.6500015258789,93.5,96.6500015258789,9912100
2019-08-01,82.24128723144531,95.37999725341795,97.58000183105467,94.58000183105467,95.0,8342300
2019-08-02,82.35338592529297,95.51000213623048,96.04000091552734,94.8000030517578,95.0,6381700
2019-08-05,80.79269409179688,93.6999969482422,95.5199966430664,93.02999877929688,94.51000213623048,8917400
2019-08-06,82.20680236816406,95.33999633789062,95.70999908447266,93.8000030517578,94.30999755859376,7438000
2019-08-07,82.41451263427734,95.22000122070312,95.6999969482422,94.16999816894533,94.5999984741211,6414000
2019-08-08,83.32329559326172,96.2699966430664,96.41000366210938,94.44000244140624,95.2300033569336,7423600
2019-08-09,83.34928894042969,96.3000030517578,96.83999633789062,95.41999816894533,96.1500015258789,5209200
2019-08-12,82.14623260498047,94.91000366210938,96.0199966430664,94.3000030517578,95.77999877929688,5513800
2019-08-13,83.63489532470703,96.62999725341795,96.66999816894533,94.20999908447266,94.5199966430664,8915600
2019-08-14,82.15487670898438,94.91999816894533,97.0199966430664,94.87000274658205,95.91000366210938,9989500
2019-08-15,82.6828384399414,95.52999877929688,96.2699966430664,94.61000061035156,95.5,5559400
2019-08-16,83.5396957397461,96.5199966430664,96.83000183105467,95.8499984741211,96.29000091552734,4852200
2019-08-19,83.66088104248047,96.66000366210938,97.41000366210938,96.22000122070312,97.2300033569336,5324900
2019-08-20,82.76937866210938,95.62999725341795,97.12000274658205,95.58999633789062,96.3499984741211,6809100
2019-08-21,83.3665771484375,96.31999969482422,96.6500015258789,95.7300033569336,96.2699966430664,4740500
2019-08-22,83.51374053955078,96.48999786376952,96.8499984741211,95.6999969482422,96.58999633789062,5146200
2019-08-23,81.9644546508789,94.6999969482422,97.0999984741211,94.38999938964844,96.41000366210938,8076600
2019-08-26,83.52239227294922,96.5,96.5,95.0,95.37999725341795,5802600
2019-08-27,83.16751861572266,96.08999633789062,97.0999984741211,96.02999877929688,96.6999969482422,6539800
2019-08-28,84.01573181152344,97.06999969482422,97.20999908447266,96.0,96.2300033569336,4948800
2019-08-29,84.56100463867188,97.6999969482422,98.06999969482422,97.05999755859376,97.8499984741211,4514300
2019-08-30,83.5743179321289,96.55999755859376,98.13999938964844,96.11000061035156,98.13999938964844,5209500
2019-09-03,83.75608825683594,96.7699966430664,97.20999908447266,96.0500030517578,96.41999816894533,5150700
2019-09-04,83.18482971191406,96.11000061035156,96.33000183105467,93.02999877929688,94.4800033569336,12937000
2019-09-05,82.70878601074219,95.55999755859376,96.95999908447266,95.16999816894533,96.54000091552734,5514400
2019-09-06,82.86459350585938,95.73999786376952,96.33999633789062,95.51000213623048,95.75,3991800
2019-09-09,81.4970932006836,94.16000366210938,95.93000030517578,93.73999786376952,95.8000030517578,6523300
2019-09-10,78.19944763183594,90.3499984741211,93.87999725341795,89.30000305175781,93.80999755859376,12490900
2019-09-11,78.7447280883789,90.9800033569336,91.4499969482422,89.61000061035156,90.18000030517578,8406600
2019-09-12,79.67949676513672,92.05999755859376,93.31999969482422,91.7699966430664,92.16000366210938,6862200
2019-09-13,78.31196594238281,90.4800033569336,92.1500015258789,90.31999969482422,92.1500015258789,6972300
2019-09-16,77.39453125,89.41999816894531,90.4499969482422,89.37999725341797,90.0199966430664,6339200
2019-09-17,78.545654296875,90.75,91.45999908447266,89.6500015258789,89.66999816894531,6493200
2019-09-18,78.72743225097656,90.95999908447266,91.36000061035156,90.05999755859375,90.9800033569336,4510700
2019-09-19,79.2467269897461,91.55999755859376,92.0999984741211,90.3000030517578,90.98999786376952,4843600
2019-09-20,77.9571304321289,90.06999969482422,92.08000183105467,90.05999755859375,91.61000061035156,10913800
2019-09-23,78.59758758544922,90.80999755859376,91.16000366210938,89.93000030517578,90.31999969482422,4532400
2019-09-24,77.82728576660156,89.91999816894531,91.7699966430664,89.51000213623047,91.5999984741211,5662600
2019-09-25,78.19944763183594,90.3499984741211,90.61000061035156,89.0199966430664,89.94000244140625,4764000
2019-09-26,77.7234115600586,89.80000305175781,91.1500015258789,89.5,90.83999633789062,5026400
2019-09-27,76.48573303222656,88.37000274658203,90.3000030517578,87.79000091552734,90.3000030517578,5987700
2019-09-30,76.52901458740234,88.41999816894531,88.55999755859375,87.61000061035156,88.41000366210938,6588300
2019-10-01,74.8758773803711,86.51000213623047,88.88999938964844,86.44999694824219,88.62999725341797,6719400
2019-10-02,72.98037719726562,84.31999969482422,86.01000213623047,84.16000366210938,85.94999694824219,9858200
2019-10-03,73.28329467773438,84.66999816894531,84.91000366210938,83.61000061035156,84.30000305175781,5989000
2019-10-04,74.3652114868164,85.91999816894531,85.97000122070312,84.75,84.9000015258789,5869000
2019-10-07,74.30463409423828,85.8499984741211,86.16000366210938,85.48999786376953,85.70999908447266,4382900
2019-10-08,73.49102783203125,84.91000366210938,86.33000183105469,84.69000244140625,85.48999786376953,6100400
2019-10-09,74.30463409423828,85.8499984741211,86.16999816894531,85.27999877929688,85.37000274658203,4427200
2019-10-10,74.39983367919922,85.95999908447266,86.06999969482422,85.37999725341797,85.91000366210938,3986000
2019-10-11,74.74603271484375,86.36000061035156,87.25,86.26000213623047,87.0199966430664,5611000
2019-10-14,74.9710693359375,86.62000274658203,87.68000030517578,86.4000015258789,86.5,4881000
2019-10-15,74.82393646240234,86.44999694824219,87.25,85.76000213623047,87.0,4695100
2019-10-16,75.04896545410156,86.70999908447266,86.83000183105469,86.05000305175781,86.52999877929688,3698700
2019-10-17,74.68546295166016,86.29000091552734,87.0199966430664,86.16000366210938,86.87999725341797,4359400
2019-10-18,74.46041870117188,86.02999877929688,86.75,85.5199966430664,86.3499984741211,4631200
2019-10-21,73.87185668945312,85.3499984741211,86.23999786376953,85.08000183105469,86.0,4861200
2019-10-22,72.23604583740234,83.45999908447266,85.3499984741211,83.38999938964844,85.2300033569336,5767500
2019-10-23,71.61286163330078,82.73999786376953,84.41000366210938,82.12999725341797,84.30999755859375,7136200
2019-10-24,71.99369049072266,83.18000030517578,83.52999877929688,82.66000366210938,82.80000305175781,4591100
2019-10-25,72.16680908203125,83.37999725341797,83.56999969482422,82.62999725341797,83.20999908447266,5235300
2019-10-28,72.35720825195312,83.5999984741211,84.9800033569336,83.36000061035156,84.47000122070312,6653400
2019-10-29,72.81594848632812,84.12999725341797,84.62999725341797,83.63999938964844,83.80999755859375,5699100
2019-10-30,72.86786651611328,84.19000244140625,84.69999694824219,83.31999969482422,84.61000061035156,8731300
2019-10-31,73.1881103515625,84.55999755859375,87.22000122070312,83.27999877929688,86.70999908447266,14008800
2019-11-01,72.01966857910156,83.20999908447266,85.30999755859375,82.61000061035156,84.79000091552734,10658500
2019-11-04,71.29263305664062,82.37000274658203,83.44000244140625,81.9000015258789,83.30000305175781,8271200
2019-11-05,70.87718200683594,81.88999938964844,82.33999633789062,81.02999877929688,82.33999633789062,7054400
2019-11-06,71.82923889160156,82.98999786376953,83.37000274658203,82.0,82.08000183105469,6365300
2019-11-07,70.9291000366211,81.94999694824219,83.29000091552734,81.83999633789062,83.05999755859375,7221400
2019-11-08,70.77333068847656,81.7699966430664,82.63999938964844,81.44999694824219,82.19000244140625,7054800
2019-11-11,71.34456634521484,82.43000030517578,82.52999877929688,81.37000274658203,81.75,5828200
2019-11-12,72.47535705566406,83.31999969482422,83.9800033569336,82.61000061035156,82.69000244140625,8551400
2019-11-13,73.0146484375,83.94000244140625,84.29000091552734,83.19999694824219,83.29000091552734,7407900
2019-11-14,73.39739227294922,84.37999725341797,84.5199966430664,83.80000305175781,84.0999984741211,5285100
2019-11-15,73.24951934814453,84.20999908447266,84.94000244140625,83.56999969482422,84.68000030517578,7533000
2019-11-18,73.0842514038086,84.0199966430664,84.11000061035156,83.25,83.91999816894531,6432200
2019-11-19,72.77110290527344,83.66000366210938,84.27999877929688,83.56999969482422,84.05999755859375,6008400
2019-11-20,72.71891021728516,83.5999984741211,84.48999786376953,82.9800033569336,83.54000091552734,6248700
2019-11-21,71.5881118774414,82.30000305175781,84.04000091552734,81.76000213623047,83.75,8300500
2019-11-22,72.21439361572266,83.0199966430664,83.38999938964844,82.66000366210938,82.69000244140625,6080400
2019-11-25,72.84939575195312,83.75,84.0,82.93000030517578,83.16000366210938,5450400
2019-11-26,73.553955078125,84.55999755859375,84.6500015258789,84.0,84.12999725341797,7651500
2019-11-27,74.60646057128906,85.7699966430664,85.80999755859375,84.41999816894531,84.8499984741211,7502400
2019-11-29,74.31072235107422,85.43000030517578,86.7300033569336,85.25,85.91000366210938,3857000
2019-12-02,73.56265258789062,84.56999969482422,85.7699966430664,83.81999969482422,85.37999725341797,6425800
2019-12-03,73.7801284790039,84.81999969482422,85.0,83.81999969482422,84.02999877929688,6049800
2019-12-04,74.28463745117188,85.4000015258789,85.54000091552734,84.69999694824219,85.12999725341797,5940300
2019-12-05,73.45828247070312,84.44999694824219,85.4800033569336,84.31999969482422,85.44000244140625,5170800
2019-12-06,75.08487701416016,86.31999969482422,86.52999877929688,85.02999877929688,85.02999877929688,8499800
2019-12-09,75.05009460449219,86.27999877929688,86.62999725341797,85.95999908447266,86.30999755859375,7164700
2019-12-10,74.84131622314453,86.04000091552734,87.47000122070312,85.91000366210938,86.5,7944800
2019-12-11,75.31973266601562,86.58999633789062,86.87000274658203,85.8499984741211,86.26000213623047,4921900
2019-12-12,76.72887420654297,88.20999908447266,88.88999938964844,87.54000091552734,88.0,10282100
2019-12-13,77.1290283203125,88.66999816894531,88.79000091552734,87.58000183105469,88.0199966430664,6714100
2019-12-16,77.22470092773438,88.77999877929688,89.30000305175781,88.43000030517578,89.13999938964844,6705600
2019-12-17,76.65929412841797,88.12999725341797,88.97000122070312,87.47000122070312,88.87000274658203,7296900
2019-12-18,76.53753662109375,87.98999786376953,88.8499984741211,87.81999969482422,88.38999938964844,5859200
2019-12-19,76.99855041503906,88.5199966430664,88.58999633789062,87.58000183105469,87.83000183105469,6022100
2019-12-20,76.94635009765625,88.45999908447266,89.0,87.88999938964844,88.79000091552734,14271500
2019-12-23,76.74627685546875,88.2300033569336,88.8499984741211,88.18000030517578,88.62000274658203,4349700
2019-12-24,76.99855041503906,88.5199966430664,88.5999984741211,88.0,88.19999694824219,1847800
2019-12-26,76.61580657958984,88.08000183105469,88.76000213623047,87.79000091552734,88.7300033569336,4177700
2019-12-27,76.65929412841797,88.12999725341797,88.45999908447266,87.69000244140625,88.11000061035156,4129300
2019-12-30,76.05912017822266,87.44000244140625,88.19999694824219,87.05999755859375,88.01000213623047,4655600
2019-12-31,76.47663879394531,87.91999816894531,87.98999786376953,87.30999755859375,87.44000244140625,4115600
2020-01-02,77.72052001953125,89.3499984741211,89.3499984741211,88.05000305175781,88.12000274658203,6473800
2020-01-03,77.26817321777344,88.83000183105469,89.0999984741211,88.0999984741211,88.66000366210938,4874100
2020-01-06,76.65929412841797,88.12999725341797,88.41000366210938,87.47000122070312,88.11000061035156,5409800
2020-01-07,76.42444610595703,87.86000061035156,88.02999877929688,87.12999725341797,87.95999908447266,6514700
2020-01-08,77.31169891357422,88.87999725341797,89.3499984741211,87.77999877929688,87.94000244140625,7296300
2020-01-09,78.74691772460938,90.52999877929688,91.16000366210938,90.06999969482422,90.25,9443500
2020-01-10,78.42507934570312,90.16000366210938,90.88999938964844,89.62999725341797,90.8000030517578,7097900
2020-01-13,79.22533416748047,91.08000183105467,91.72000122070312,90.20999908447266,90.62000274658205,7382500
2020-01-14,79.14705657958984,90.98999786376952,91.44000244140624,90.86000061035156,91.19000244140624,5855200
2020-01-15,79.62548065185547,91.54000091552734,92.05999755859376,91.0,91.0,6145300
2020-01-16,80.53010559082031,92.58000183105467,92.61000061035156,91.62999725341795,91.98999786376952,5180300
2020-01-17,81.43474578857422,93.62000274658205,93.75,92.80999755859376,92.93000030517578,6962800
2020-01-21,80.48660278320312,92.52999877929688,93.5999984741211,92.19000244140624,92.83000183105467,7094600
2020-01-22,80.48660278320312,92.52999877929688,93.75,92.47000122070312,93.13999938964844,6157400
2020-01-23,81.54782104492188,93.75,93.8499984741211,90.73999786376952,91.91999816894533,6100600
2020-01-24,80.05167388916016,92.02999877929688,94.12999725341795,91.33999633789062,94.0,7815500
2020-01-27,77.18122100830078,88.7300033569336,89.44999694824219,87.55000305175781,88.62999725341797,11066500
2020-01-28,77.06813049316406,88.5999984741211,89.19000244140625,87.72000122070312,89.05000305175781,11922400
2020-01-29,75.43281555175781,86.72000122070312,88.44000244140625,85.5999984741211,88.1500015258789,17678700
2020-01-30,74.66736602783203,85.83999633789062,86.58999633789062,84.69000244140625,85.44999694824219,12224900
2020-01-31,73.788818359375,84.83000183105469,85.98999786376953,84.5199966430664,85.79000091552734,11693900
2020-02-03,74.81523132324219,86.01000213623047,86.79000091552734,85.06999969482422,85.06999969482422,9090600
2020-02-04,76.87674713134766,88.37999725341797,89.0,86.62000274658203,87.13999938964844,9997100
2020-02-05,76.51847076416016,87.55999755859375,89.19999694824219,86.62999725341797,88.87999725341797,9982700
2020-02-06,75.28627014160156,86.1500015258789,87.69999694824219,86.1500015258789,87.6500015258789,8901400
2020-02-07,75.52222442626953,86.41999816894531,86.62000274658203,85.31999969482422,85.76000213623047,8073900
2020-02-10,76.49224853515625,87.52999877929688,87.62000274658203,86.16999816894531,86.43000030517578,7289300
2020-02-11,76.4747543334961,87.51000213623047,88.2300033569336,87.3499984741211,87.86000061035156,5098500
2020-02-12,77.40110778808594,88.56999969482422,89.0999984741211,87.38999938964844,87.70999908447266,7747800
2020-02-13,78.58959197998047,89.93000030517578,90.51000213623048,88.26000213623047,88.5,8576600
2020-02-14,78.02156829833984,89.27999877929688,90.41000366210938,88.98999786376953,90.18000030517578,5686900
2020-02-18,77.97787475585938,89.2300033569336,89.47000122070312,88.29000091552734,89.37000274658203,5288800
2020-02-19,78.77310943603516,90.13999938964844,90.44000244140624,89.30000305175781,89.48999786376953,5210800
2020-02-20,77.42733001708984,88.5999984741211,90.25,87.7300033569336,89.7300033569336,5969200
2020-02-21,76.34369659423828,87.36000061035156,88.38999938964844,87.0,88.0,5800500
2020-02-24,73.86181640625,84.5199966430664,86.05000305175781,84.26000213623047,84.52999877929688,8313600
2020-02-25,71.82561492919922,82.19000244140625,85.3499984741211,81.66999816894531,85.0199966430664,9404000
2020-02-26,70.49729919433594,80.66999816894531,83.23999786376953,80.63999938964844,82.5999984741211,10541500
2020-02-27,68.41744995117188,78.29000091552734,80.87000274658203,77.36000061035156,78.83000183105469,17120800
2020-02-28,68.5397720336914,78.43000030517578,78.80999755859375,75.72000122070312,76.16999816894531,19108600
2020-03-02,71.99166870117188,82.37999725341797,82.41000366210938,77.66000366210938,77.91999816894531,14258700
2020-03-03,68.68833923339844,78.5999984741211,82.62000274658203,78.11000061035156,82.30000305175781,12395900
2020-03-04,69.6234130859375,79.66999816894531,80.19999694824219,77.87999725341797,79.29000091552734,10999600
2020-03-05,66.5822525024414,76.19000244140625,77.9000015258789,75.27999877929688,77.9000015258789,12545300
2020-03-06,65.83944702148438,75.33999633789062,75.70999908447266,72.05000305175781,73.45999908447266,18080100
2020-03-09,61.89816284179688,70.83000183105469,74.02999877929688,70.08000183105469,70.58000183105469,15930300
2020-03-10,65.4287109375,74.87000274658203,74.94999694824219,70.02999877929688,72.55999755859375,18414000
2020-03-11,59.68720626831055,68.30000305175781,74.2699966430664,67.4000015258789,72.83000183105469,17138000
2020-03-12,54.26903533935547,62.09999847412109,66.79000091552734,61.459999084472656,62.95000076293945,25170600
2020-03-13,61.10289764404297,69.91999816894531,70.18000030517578,63.5099983215332,65.6500015258789,19247200
2020-03-16,51.20166015625,58.59000015258789,63.95000076293945,58.11000061035156,60.630001068115234,23354300
2020-03-17,51.5424690246582,58.97999954223633,59.619998931884766,53.61000061035156,59.54999923706055,25045200
2020-03-18,49.22665023803711,56.33000183105469,57.650001525878906,50.02000045776367,55.54999923706055,28770600
2020-03-19,53.666046142578125,61.40999984741211,63.36000061035156,53.54999923706055,56.22999954223633,25167400
2020-03-20,50.71226501464844,58.02999877929688,65.68000030517578,57.90999984741211,62.29999923706055,28420600
2020-03-23,49.41889953613281,56.54999923706055,57.43999862670898,54.0,57.22999954223633,24905800
2020-03-24,56.698463439941406,64.87999725341797,65.16000366210938,61.0,62.61000061035156,28286200
2020-03-25,57.51118850708008,65.80999755859375,69.63999938964844,63.4900016784668,66.83000183105469,22977200
2020-03-26,61.0854377746582,69.9000015258789,71.58000183105469,66.25,66.70999908447266,20997500
2020-03-27,57.97434997558594,66.33999633789062,68.25,64.81999969482422,66.68000030517578,18950500
2020-03-30,59.30268478393555,67.86000061035156,68.22000122070312,64.58000183105469,66.55999755859375,14199700
2020-03-31,57.45001983642578,65.73999786376953,68.31999969482422,65.30999755859375,67.18000030517578,20109800
2020-04-01,54.72345352172852,62.619998931884766,64.76000213623047,61.58000183105469,63.0,12880400
2020-04-02,56.8033332824707,65.0,68.69999694824219,62.90999984741211,65.75,18175000
2020-04-03,55.099246978759766,63.04999923706055,64.75,60.900001525878906,64.47000122070312,14676500
2020-04-06,59.24151611328125,67.79000091552734,68.33999633789062,64.41000366210938,66.2699966430664,18010800
2020-04-07,60.04548645019531,68.70999908447266,72.4800033569336,68.33000183105469,71.56999969482422,13799400
2020-04-08,62.54484176635742,71.56999969482422,71.91999816894531,68.54000091552734,69.58000183105469,10417600
2020-04-09,64.56353759765625,73.87999725341797,74.26000213623047,70.13999938964844,71.19999694824219,19748100
2020-04-13,62.71088409423828,71.76000213623047,73.5999984741211,70.3499984741211,73.5199966430664,11191800
2020-04-14,64.3800277709961,73.66999816894531,74.33000183105469,72.66000366210938,73.69000244140625,10912000
2020-04-15,63.40127182006836,72.55000305175781,73.18000030517578,70.70999908447266,72.01000213623047,10642500
2020-04-16,64.24020385742188,73.51000213623047,73.76000213623047,71.3499984741211,73.11000061035156,11946800
2020-04-17,67.37749481201172,77.0999984741211,77.38999938964844,74.97000122070312,76.62000274658203,14268400
2020-04-20,65.82196807861328,75.31999969482422,76.9800033569336,75.08000183105469,76.0199966430664,9684700
2020-04-21,63.54983139038086,72.72000122070312,73.95999908447266,71.73999786376953,73.4000015258789,10345800
2020-04-22,67.68336486816406,77.44999694824219,78.05999755859375,74.43000030517578,74.55000305175781,11347000
2020-04-23,65.67338562011719,75.1500015258789,77.66999816894531,74.26000213623047,77.33000183105469,15513400
2020-04-24,66.04917907714844,75.58000183105469,76.02999877929688,74.20999908447266,75.75,8456000
2020-04-27,67.93678283691406,77.73999786376953,78.04000091552734,76.54000091552734,76.68000030517578,8258500
2020-04-28,68.76699829101562,78.69000244140625,79.61000061035156,76.95999908447266,78.66999816894531,12801400
2020-04-29,67.16776275634766,76.86000061035156,78.75,76.72000122070312,78.18000030517578,24575500
2020-04-30,67.0541763305664,76.7300033569336,77.63999938964844,75.19000244140625,76.83000183105469,15186000
2020-05-01,64.4848861694336,73.79000091552734,75.87999725341797,73.20999908447266,74.9000015258789,11216700
2020-05-04,62.824493408203125,71.88999938964844,72.62000274658203,71.26000213623047,72.58000183105469,12921800
2020-05-05,63.707130432128906,72.9000015258789,75.08000183105469,72.88999938964844,74.95999908447266,12976000
2020-05-06,63.75955581665039,72.95999908447266,74.8499984741211,72.86000061035156,73.7699966430664,12740900
2020-05-07,66.79156494140625,76.0,76.02999877929688,73.37000274658203,73.80999755859375,13360500
2020-05-08,68.43497467041016,77.87000274658203,77.93000030517578,75.76000213623047,77.25,11917200
2020-05-11,66.67728424072266,75.87000274658203,77.18000030517578,75.80000305175781,76.62000274658203,9004500
2020-05-12,65.34146118164062,74.3499984741211,76.7300033569336,74.33999633789062,76.0,8549900
2020-05-13,64.69991302490234,73.62000274658203,75.75,72.91999816894531,74.45999908447266,11532700
2020-05-14,65.20083618164062,74.19000244140625,74.29000091552734,70.6500015258789,72.31999969482422,11932300
2020-05-15,65.17449188232422,74.16000366210938,74.63999938964844,72.66999816894531,72.80999755859375,9489100
2020-05-18,66.99368286132812,76.2300033569336,77.5,76.19999694824219,76.86000061035156,8903200
2020-05-19,66.66851043701172,75.86000061035156,77.22000122070312,75.76000213623047,76.4000015258789,6484900
2020-05-20,68.33829498291016,77.76000213623047,77.83999633789062,76.5199966430664,77.2300033569336,7790500
2020-05-21,68.59315490722656,78.05000305175781,79.37999725341797,77.88999938964844,78.5999984741211,10312600
2020-05-22,68.21524810791016,77.62000274658203,78.05000305175781,76.5199966430664,77.9000015258789,7653300
2020-05-26,68.33829498291016,77.76000213623047,79.91999816894531,77.58000183105469,79.5999984741211,8422200
2020-05-27,69.0765151977539,78.5999984741211,78.9800033569336,77.38999938964844,78.9800033569336,8245300
2020-05-28,69.02378845214844,78.54000091552734,80.05999755859375,77.93000030517578,78.63999938964844,8331400
2020-05-29,68.54043579101562,77.98999786376953,78.63999938964844,77.26000213623047,78.62000274658203,10043600
2020-06-01,68.83043670654297,78.31999969482422,78.6500015258789,76.7699966430664,77.66000366210938,7922000
2020-06-02,68.35587310791016,77.77999877929688,78.26000213623047,76.79000091552734,77.97000122070312,9521000
2020-06-03,69.93778991699219,79.58000183105469,79.94999694824219,78.30000305175781,78.44999694824219,9956700
2020-06-04,69.19955444335938,78.73999786376953,80.16999816894531,78.47000122070312,79.30999755859375,7667600
2020-06-05,72.18760681152344,82.13999938964844,82.33000183105469,79.97000122070312,80.33000183105469,12030800
2020-06-08,73.43556213378906,83.55999755859375,83.62000274658203,82.18000030517578,83.08000183105469,10229600
2020-06-09,72.38973236083984,82.37000274658203,83.22000122070312,81.76000213623047,82.62000274658203,7999800
2020-06-10,69.43685150146484,79.01000213623047,80.02999877929688,78.19999694824219,79.87999725341797,19683800
2020-06-11,63.777130126953125,72.56999969482422,76.79000091552734,72.1500015258789,75.75,26422200
2020-06-12,67.12548828125,76.37999725341797,76.72000122070312,73.80999755859375,75.0,18529800
2020-06-15,67.63522338867188,76.95999908447266,77.91000366210938,74.08000183105469,74.30000305175781,14644700
2020-06-16,68.40861511230469,77.83999633789062,78.94000244140625,76.38999938964844,78.79000091552734,10890100
2020-06-17,67.75827026367188,77.0999984741211,78.29000091552734,76.68000030517578,78.06999969482422,6906700
2020-06-18,67.06399536132812,76.30999755859375,76.79000091552734,75.80000305175781,76.72000122070312,8486000
2020-06-19,66.26424407958984,75.4000015258789,77.37999725341797,74.87999725341797,77.02999877929688,12538600
2020-06-22,66.26424407958984,75.4000015258789,75.6500015258789,73.91999816894531,74.9000015258789,8238600
2020-06-23,66.34334564208984,75.48999786376953,76.37000274658203,75.06999969482422,76.33000183105469,8076600
2020-06-24,64.71749877929688,73.63999938964844,74.91999816894531,72.0,74.9000015258789,12306400
2020-06-25,64.90203094482422,73.8499984741211,74.11000061035156,72.16999816894531,73.22000122070312,8624800
2020-06-26,62.89830017089844,71.56999969482422,73.7699966430664,71.25,73.62999725341797,17627800
2020-06-29,64.57687377929688,73.4800033569336,73.5,71.05999755859375,71.41000366210938,8653000
2020-06-30,64.67353057861328,73.58999633789062,73.87999725341797,72.80999755859375,73.58000183105469,11324000
2020-07-01,65.06024932861328,74.02999877929688,74.69000244140625,73.37999725341797,74.0,6750000
2020-07-02,64.84053802490234,73.77999877929688,75.08999633789062,73.63999938964844,75.04000091552734,6544400
2020-07-06,66.29940795898438,75.44000244140625,75.4800033569336,74.16000366210938,74.93000030517578,7235300
2020-07-07,65.25359344482422,74.25,75.2300033569336,74.0,75.12999725341797,7515100
2020-07-08,65.15690612792969,74.13999938964844,74.5,73.33000183105469,74.06999969482422,7346200
2020-07-09,64.65597534179688,73.56999969482422,74.22000122070312,71.93000030517578,73.7300033569336,9618200
2020-07-10,65.28873443603516,74.29000091552734,74.55999755859375,72.73999786376953,73.0,7524200
2020-07-13,63.84743881225586,72.6500015258789,74.83999633789062,72.48999786376953,74.55999755859375,9464500
2020-07-14,63.917762756347656,72.7300033569336,72.97000122070312,71.81999969482422,72.0,8780900
2020-07-15,66.44879913330078,75.61000061035156,75.80999755859375,73.95999908447266,74.45999908447266,10300700
2020-07-16,65.37661743164062,74.38999938964844,75.13999938964844,73.68000030517578,74.9000015258789,6649300
2020-07-17,65.17449188232422,74.16000366210938,74.55000305175781,73.20999908447266,74.43000030517578,6087500
2020-07-20,65.87754821777344,74.95999908447266,75.22000122070312,73.62999725341797,74.16000366210938,8832700
2020-07-21,66.29940795898438,75.44000244140625,76.80000305175781,75.2699966430664,75.77999877929688,10637500
2020-07-22,67.88130950927734,77.23999786376953,77.33000183105469,75.12000274658203,75.5199966430664,9213100
2020-07-23,66.22908020019531,75.36000061035156,77.06999969482422,74.9000015258789,76.87999725341797,7795100
2020-07-24,66.59818267822266,75.77999877929688,76.0,75.11000061035156,75.27999877929688,5673400
2020-07-27,67.19581604003906,76.45999908447266,76.70999908447266,75.54000091552734,75.88999938964844,6771100
2020-07-28,65.59632873535156,74.63999938964844,76.38999938964844,74.55999755859375,76.30000305175781,12273400
2020-07-29,68.03949737548828,77.41999816894531,78.48999786376953,76.9000015258789,77.55999755859375,15261100
2020-07-30,67.35400390625,76.63999938964844,76.9800033569336,75.4000015258789,76.62999725341797,7889800
2020-07-31,67.25731658935547,76.52999877929688,76.54000091552734,75.4800033569336,76.23999786376953,7423800
2020-08-03,66.35211944580078,75.5,76.5999984741211,75.44000244140625,76.4800033569336,7138300
2020-08-04,66.0269775390625,75.12999725341797,75.48999786376953,74.76000213623047,75.37000274658203,12792400
2020-08-05,66.59818267822266,75.77999877929688,75.98999786376953,75.33000183105469,75.3499984741211,7780800
2020-08-06,66.8544692993164,75.66000366210938,75.91999816894531,74.94000244140625,75.19999694824219,6764800
2020-08-07,66.96931457519531,75.79000091552734,75.93000030517578,75.20999908447266,75.4800033569336,6569300
2020-08-10,68.45378875732422,77.47000122070312,77.66999816894531,75.80999755859375,75.81999969482422,6604300
2020-08-11,69.69085693359375,78.87000274658203,79.9800033569336,78.0,78.2699966430664,10238500
2020-08-12,70.06196594238281,79.29000091552734,79.69000244140625,78.66999816894531,79.58999633789062,5378000
2020-08-13,69.8233871459961,79.0199966430664,79.63999938964844,78.83999633789062,78.91999816894531,4383400
2020-08-14,69.24905395507812,78.37000274658203,78.93000030517578,78.0199966430664,78.54000091552734,3771300
2020-08-17,69.76154327392578,78.94999694824219,78.95999908447266,78.12000274658203,78.5999984741211,5360400
2020-08-18,69.79689025878906,78.98999786376953,79.36000061035156,78.3499984741211,79.1500015258789,5272700
2020-08-19,68.59516143798828,77.62999725341797,79.38999938964844,77.43000030517578,79.18000030517578,6840600
2020-08-20,68.23287963867188,77.22000122070312,77.6500015258789,76.45999908447266,77.02999877929688,5099500
2020-08-21,68.100341796875,77.06999969482422,77.2699966430664,76.69000244140625,76.94000244140625,5594100
2020-08-24,69.52296447753906,78.68000030517578,79.13999938964844,77.25,77.70999908447266,5867400
2020-08-25,73.0927963256836,82.72000122070312,83.06999969482422,79.79000091552734,80.05999755859375,17659500
2020-08-26,72.8188705444336,82.41000366210938,82.75,81.87999725341797,82.41999816894531,7934300
2020-08-27,73.70248413085938,83.41000366210938,83.63999938964844,82.5,82.75,9099200
2020-08-28,75.1074447631836,85.0,85.29000091552734,83.43000030517578,83.79000091552734,9303900
2020-08-31,74.63910675048828,84.47000122070312,85.36000061035156,84.02999877929688,84.62999725341797,6401600
2020-09-01,76.03523254394531,86.05000305175781,86.08999633789062,84.2300033569336,84.69999694824219,8166100
2020-09-02,78.06753540039062,88.3499984741211,88.75,86.29000091552734,86.51000213623047,11378900
2020-09-03,76.4151840209961,86.4800033569336,88.9800033569336,85.69000244140625,88.5999984741211,11036600
2020-09-04,76.22962188720703,86.2699966430664,87.77999877929688,85.30999755859375,87.08999633789062,10349400
2020-09-08,75.46971893310547,85.41000366210938,87.58000183105469,84.7699966430664,85.2699966430664,11083100
2020-09-09,75.8673324584961,85.86000061035156,86.83000183105469,84.45999908447266,85.93000030517578,6928700
2020-09-10,75.00138854980469,84.87999725341797,87.06999969482422,84.52999877929688,85.80000305175781,7552000
2020-09-11,75.34600067138672,85.2699966430664,85.8499984741211,84.1500015258789,84.94999694824219,7103300
2020-09-14,76.5477294921875,86.62999725341797,87.05999755859375,85.63999938964844,85.75,5535800
2020-09-15,77.50202178955078,87.70999908447266,88.25,87.16999816894531,87.18000030517578,8361900
2020-09-16,78.09406280517578,88.37999725341797,89.43000030517578,87.75,88.0,7146400
2020-09-17,76.65377044677734,86.75,87.31999969482422,85.36000061035156,87.05000305175781,7386600
2020-09-18,75.06326293945312,84.94999694824219,87.23999786376953,84.5999984741211,86.80999755859375,10113400
2020-09-21,74.12663269042969,83.88999938964844,83.94999694824219,81.75,82.86000061035156,7188800
2020-09-22,74.17962646484375,83.94999694824219,84.38999938964844,83.18000030517578,84.05000305175781,4465000
2020-09-23,73.33136749267578,82.98999786376953,84.9000015258789,82.81999969482422,84.37999725341797,6414700
2020-09-24,73.37554168701172,83.04000091552734,84.13999938964844,81.91999816894531,82.62999725341797,4881500
2020-09-25,74.4888916015625,84.30000305175781,84.69000244140625,82.22000122070312,82.52999877929688,5981500
2020-09-28,76.05289459228516,86.06999969482422,86.23999786376953,84.98999786376953,85.5199966430664,5976200
2020-09-29,74.93072509765625,84.80000305175781,86.25,84.62999725341797,86.25,4064000
2020-09-30,75.92035675048828,85.91999816894531,87.16000366210938,85.47000122070312,86.62999725341797,10134400
2020-10-01,76.64491271972656,86.73999786376953,87.44999694824219,86.19999694824219,87.04000091552734,7241200
2020-10-02,76.49469757080078,86.56999969482422,87.12999725341797,85.08999633789062,85.1500015258789,5602300
2020-10-05,78.1736068725586,88.47000122070312,88.68000030517578,87.19999694824219,87.2699966430664,7004800
2020-10-06,76.88350677490234,87.01000213623047,89.27999877929688,86.80000305175781,88.6500015258789,7951100
2020-10-07,78.1559066772461,88.44999694824219,88.9800033569336,87.44000244140625,87.81999969482422,5179300
2020-10-08,79.11019897460938,89.52999877929688,89.61000061035156,88.41000366210938,88.45999908447266,4958800
2020-10-09,79.53435516357422,90.01000213623047,90.33000183105467,89.58000183105469,89.80000305175781,6197700
2020-10-12,80.21473693847656,90.77999877929688,91.0999984741211,89.93000030517578,90.45999908447266,5909100
2020-10-13,79.66690826416016,90.16000366210938,90.8499984741211,89.7699966430664,90.58000183105467,5732000
2020-10-14,78.91580963134766,89.30999755859375,90.5999984741211,88.55999755859375,90.16999816894533,4760700
2020-10-15,78.49169158935547,88.83000183105469,88.87000274658203,87.66999816894531,88.16000366210938,5002200
2020-10-16,78.21775817871094,88.5199966430664,89.62999725341797,88.44000244140625,89.38999938964844,4721300
2020-10-19,77.40483093261719,87.5999984741211,89.56999969482422,87.36000061035156,88.69999694824219,5426600
2020-10-20,78.20893096923828,88.51000213623047,89.72000122070312,88.04000091552734,88.68000030517578,4939700
2020-10-21,77.99685668945312,88.2699966430664,89.16000366210938,88.19000244140625,88.37999725341797,4119200
2020-10-22,78.9599838256836,89.36000061035156,89.37999725341797,87.69999694824219,88.0199966430664,4257800
2020-10-23,80.23241424560547,90.8000030517578,90.95999908447266,89.44000244140625,89.80000305175781,7811500
2020-10-26,79.2250747680664,89.66000366210938,91.12999725341795,88.6500015258789,90.02999877929688,7756400
2020-10-27,79.56969451904297,90.05000305175781,90.3499984741211,89.16999816894531,89.4800033569336,8027500
2020-10-28,77.02488708496094,87.16999816894531,88.94999694824219,86.61000061035156,88.6500015258789,12738800
2020-10-29,78.02336883544922,88.30000305175781,89.11000061035156,86.61000061035156,87.16999816894531,8440000
2020-10-30,76.83931732177734,86.95999908447266,88.38999938964844,85.62999725341797,87.75,11400700
2020-11-02,75.96453094482422,85.97000122070312,87.7699966430664,85.44999694824219,87.54000091552734,8904900
2020-11-03,78.10289764404297,88.38999938964844,89.05999755859375,86.18000030517578,86.77999877929688,6910400
2020-11-04,79.33995819091797,89.79000091552734,91.29000091552734,88.73999786376953,88.9000015258789,10509400
2020-11-05,80.0733642578125,90.62000274658205,91.16000366210938,89.9000015258789,90.69000244140624,6169700
2020-11-06,80.0998764038086,90.6500015258789,91.1999969482422,89.77999877929688,90.1500015258789,6626100
2020-11-09,84.72116088867188,95.87999725341795,97.6500015258789,95.63999938964844,97.31999969482422,16225800
2020-11-10,83.380615234375,93.91999816894533,95.2699966430664,93.13999938964844,93.73999786376952,10474700
2020-11-11,84.37495422363281,95.04000091552734,95.83000183105467,94.0199966430664,94.11000061035156,8296500
2020-11-12,83.03439331054688,93.52999877929688,94.76000213623048,92.66000366210938,94.66000366210938,7058400
2020-11-13,84.83657836914062,95.55999755859376,95.58999633789062,93.6999969482422,94.37999725341795,5516100
2020-11-16,86.8074722290039,97.77999877929688,97.80999755859376,96.0199966430664,96.79000091552734,9371300
2020-11-17,87.53545379638672,98.5999984741211,98.77999877929688,96.80999755859376,97.20999908447266,8722300
2020-11-18,86.92288970947266,97.91000366210938,99.33000183105467,97.91000366210938,98.62999725341795,6039500
2020-11-19,86.78971862792969,97.76000213623048,97.91999816894533,96.86000061035156,97.23999786376952,4252300
2020-11-20,86.1238784790039,97.01000213623048,97.54000091552734,96.9499969482422,97.41999816894533,4609700
2020-11-23,86.00845336914062,96.87999725341795,97.86000061035156,96.41999816894533,97.62000274658205,4803200
2020-11-24,87.26911926269531,98.3000030517578,98.72000122070312,97.4000015258789,97.51000213623048,6319900
2020-11-25,87.18034362792969,98.1999969482422,98.54000091552734,97.94000244140624,98.5,4027100
2020-11-27,87.58872985839844,98.66000366210938,98.9800033569336,98.27999877929688,98.4800033569336,2169700
2020-11-30,87.02054595947266,98.0199966430664,98.29000091552734,96.95999908447266,98.1999969482422,5197300
2020-12-01,87.73078155517578,98.81999969482422,99.26000213623048,98.25,99.0,4970000
2020-12-02,87.81067657470703,98.91000366210938,99.04000091552734,98.20999908447266,98.51000213623048,3377900
2020-12-03,88.87599182128906,100.11000061035156,101.0,98.97000122070312,99.0199966430664,6264100
2020-12-04,90.8025131225586,102.27999877929688,102.94000244140624,101.06999969482422,101.3499984741211,6952700
2020-12-07,90.03013610839844,101.41000366210938,102.22000122070312,100.69000244140624,102.01000213623048,4514800
2020-12-08,89.85257720947266,101.20999908447266,101.56999969482422,100.01000213623048,100.37000274658205,3911300
2020-12-09,89.13348388671875,100.4000015258789,102.20999908447266,100.0999984741211,101.94000244140624,6629900
2020-12-10,93.5634994506836,105.38999938964844,106.08999633789062,102.75,103.51000213623048,12939200
2020-12-11,91.44171142578124,103.0,104.77999877929688,102.33000183105467,104.41000366210938,6262600
2020-12-14,91.72579193115234,103.31999969482422,104.70999908447266,103.25,103.83000183105467,5156200
2020-12-15,92.48927307128906,104.18000030517578,104.86000061035156,103.77999877929688,104.23999786376952,5195200
2020-12-16,91.68140411376952,103.2699966430664,104.8000030517578,102.72000122070312,104.0999984741211,6409300
2020-12-17,91.62814331054688,103.20999908447266,104.04000091552734,102.61000061035156,103.5500030517578,4535700
2020-12-18,91.69027709960938,103.27999877929688,104.11000061035156,102.9499969482422,103.33000183105467,10215000
2020-12-21,91.38844299316406,102.94000244140624,103.1500015258789,100.0199966430664,101.22000122070312,7175900
2020-12-22,90.91790771484376,102.41000366210938,103.16999816894533,101.88999938964844,102.12000274658205,4302700
2020-12-23,90.60719299316406,102.05999755859376,102.69000244140624,101.97000122070312,102.29000091552734,3817300
2020-12-24,90.56279754638672,102.01000213623048,102.36000061035156,101.68000030517578,102.3000030517578,1949200
2020-12-28,92.63133239746094,104.33999633789062,104.37999725341795,102.30999755859376,102.91999816894533,5055200
2020-12-29,93.77657318115234,105.62999725341795,105.77999877929688,104.47000122070312,104.88999938964844,4780900
2020-12-30,94.07842254638672,105.97000122070312,106.62000274658205,105.77999877929688,105.98999786376952,3654100
2020-12-31,94.97509002685548,106.9800033569336,107.13999938964844,105.62000274658205,106.0,3566300
