,unnamed:0,unnamed:0,date,adjclose,close,high,low,open,volume
0,0,0,2020-01-02,297.6990051269531,324.8699951171875,324.8900146484375,322.5299987792969,323.5400085449219,59151200
1,1,1,2020-01-03,295.4446716308594,322.4100036621094,323.6400146484375,321.1000061035156,321.1600036621094,77709700
2,2,2,2020-01-06,296.57183837890625,323.6400146484375,323.7300109863281,320.3599853515625,320.489990234375,55653900
3,3,3,2020-01-07,295.7379455566406,322.7300109863281,323.5400085449219,322.239990234375,323.0199890136719,40496400
4,4,4,2020-01-08,297.3141174316406,324.45001220703125,325.7799987792969,322.6700134277344,322.94000244140625,68296000
5,5,5,2020-01-09,299.330078125,326.6499938964844,326.7300109863281,325.5199890136719,326.1600036621094,48473300
6,6,6,2020-01-10,298.4687805175781,325.7099914550781,327.4599914550781,325.20001220703125,327.2900085449219,53029300
7,7,7,2020-01-13,300.5213623046875,327.95001220703125,327.9599914550781,325.9200134277344,326.3900146484375,47086800
8,8,8,2020-01-14,300.0632019042969,327.45001220703125,328.6199951171875,326.8399963378906,327.4700012207031,62832800
9,9,9,2020-01-15,300.7413024902344,328.19000244140625,329.0199890136719,327.260009765625,327.3500061035156,72056600
10,10,10,2020-01-16,303.24298095703125,330.9200134277344,330.9200134277344,329.45001220703125,329.70001220703125,54050300
11,11,11,2020-01-17,304.1868591308594,331.95001220703125,332.17999267578125,330.8500061035156,331.70001220703125,95846000
12,12,12,2020-01-21,303.5911865234375,331.29998779296875,332.17999267578125,330.82000732421875,330.8999938964844,77742400
13,13,13,2020-01-22,303.6278686523437,331.3399963378906,332.95001220703125,331.1700134277344,332.239990234375,48914900
14,14,14,2020-01-23,303.97607421875,331.7200012207031,332.1700134277344,329.4100036621094,330.6300048828125,51963000
15,15,15,2020-01-24,301.2728881835937,328.7699890136719,332.5299987792969,327.3599853515625,332.44000244140625,87578400
16,16,16,2020-01-27,296.4435729980469,323.5,325.1199951171875,322.6600036621094,323.0299987792969,84062500
17,17,17,2020-01-28,299.5500183105469,326.8900146484375,327.8500061035156,323.6000061035156,325.0599975585937,63834000
18,18,18,2020-01-29,299.3026733398437,326.6199951171875,328.6300048828125,326.3999938964844,328.3800048828125,53888900
19,19,19,2020-01-30,300.2740173339844,327.67999267578125,327.9100036621094,323.5400085449219,324.3599853515625,75491800
20,20,20,2020-01-31,294.8216247558594,321.7300109863281,327.1700134277344,320.7300109863281,327.0,113845600
21,21,21,2020-02-03,297.0117492675781,324.1199951171875,326.1600036621094,323.2200012207031,323.3500061035156,69083000
22,22,22,2020-02-04,301.5386047363281,329.0599975585937,330.010009765625,327.7200012207031,328.07000732421875,62573200
23,23,23,2020-02-05,305.02069091796875,332.8599853515625,333.0899963378906,330.6700134277344,332.2699890136719,65951100
24,24,24,2020-02-06,306.047119140625,333.9800109863281,334.19000244140625,332.79998779296875,333.9100036621094,50359700
25,25,25,2020-02-07,304.4159545898437,332.20001220703125,333.989990234375,331.6000061035156,332.82000732421875,64139400
26,26,26,2020-02-10,306.6884460449219,334.67999267578125,334.75,331.19000244140625,331.2300109863281,42070000
27,27,27,2020-02-11,307.2200927734375,335.260009765625,337.0199890136719,334.67999267578125,336.1600036621094,54864500
28,28,28,2020-02-12,309.1993103027344,337.4200134277344,337.6499938964844,336.42999267578125,336.8299865722656,43992700
29,29,29,2020-02-13,308.869384765625,337.0599975585937,338.1199951171875,335.5599975585937,335.8599853515625,54501900
30,30,30,2020-02-14,309.3642883300781,337.6000061035156,337.7300109863281,336.20001220703125,337.510009765625,64582200
31,31,31,2020-02-18,308.56707763671875,336.7300109863281,337.6700134277344,335.2099914550781,336.510009765625,57226200
32,32,32,2020-02-19,310.0424194335937,338.3399963378906,339.0799865722656,337.4800109863281,337.7900085449219,48814700
33,33,33,2020-02-20,308.7687072753906,336.95001220703125,338.6400146484375,333.67999267578125,337.739990234375,74163400
34,34,34,2020-02-21,305.5888671875,333.4800109863281,335.8099975585937,332.5799865722656,335.4700012207031,113788200
35,35,35,2020-02-24,295.4538879394531,322.4200134277344,333.5599975585937,321.239990234375,323.1400146484375,161088400
36,36,36,2020-02-25,286.5009765625,312.6499938964844,324.6099853515625,311.69000244140625,323.94000244140625,218913200
37,37,37,2020-02-26,285.4471435546875,311.5,318.1099853515625,310.70001220703125,314.17999267578125,194773800
38,38,38,2020-02-27,272.6272888183594,297.510009765625,311.5599975585937,297.510009765625,305.4599914550781,284353500
39,39,39,2020-02-28,271.4818725585937,296.260009765625,297.8900146484375,285.5400085449219,288.70001220703125,384975800
40,40,40,2020-03-02,283.23876953125,309.0899963378906,309.1600036621094,294.4599914550781,298.2099914550781,238703600
41,41,41,2020-03-03,275.1289367675781,300.239990234375,313.8399963378906,297.57000732421875,309.5,300139100
42,42,42,2020-03-04,286.6934509277344,312.8599853515625,313.1000061035156,303.3299865722656,306.1199951171875,176613400
43,43,43,2020-03-05,277.1632995605469,302.4599914550781,308.4700012207031,300.010009765625,304.9800109863281,186366800
44,44,44,2020-03-06,272.5815124511719,297.4599914550781,298.7799987792969,290.2300109863281,293.1499938964844,228667200
45,45,45,2020-03-09,251.2944183349609,274.2300109863281,284.19000244140625,273.45001220703125,275.29998779296875,309417300
46,46,46,2020-03-10,264.2976379394531,288.4200134277344,288.5199890136719,273.5,284.6400146484375,276444100
47,47,47,2020-03-11,251.4134521484375,274.3599853515625,281.94000244140625,270.8800048828125,280.70001220703125,255316300
48,48,48,2020-03-12,227.35891723632807,248.1100006103516,266.6600036621094,247.67999267578125,256.0,392220700
49,49,49,2020-03-13,246.79502868652344,269.32000732421875,271.4800109863281,248.5200042724609,263.0899963378906,329566100
50,50,50,2020-03-16,219.789779663086,239.8500061035156,256.8999938964844,237.3600006103516,241.17999267578125,297240000
51,51,51,2020-03-17,231.6566467285156,252.8000030517578,256.1700134277344,237.07000732421875,245.0399932861328,262070500
52,52,52,2020-03-18,219.9272308349609,240.0,248.3699951171875,228.0200042724609,236.25,327597100
53,53,53,2020-03-19,220.39456176757807,240.509994506836,247.3800048828125,232.22000122070312,239.25,289322000
54,54,54,2020-03-20,210.89683532714844,228.8000030517578,244.47000122070312,228.5,242.52999877929688,347158800
55,55,55,2020-03-23,205.5045928955078,222.9499969482422,229.67999267578125,218.259994506836,228.19000244140625,326025200
56,56,56,2020-03-24,224.1239471435547,243.1499938964844,244.1000061035156,233.8000030517578,234.4199981689453,235494500
57,57,57,2020-03-25,227.4791412353516,246.7899932861328,256.3500061035156,239.75,244.8699951171875,299430300
58,58,58,2020-03-26,240.7615661621093,261.20001220703125,262.79998779296875,249.0500030517578,249.5200042724609,257632800
59,59,59,2020-03-27,233.59033203125,253.4199981689453,260.8099975585937,251.0500030517578,253.2700042724609,224341200
60,60,60,2020-03-30,241.1763458251953,261.6499938964844,262.42999267578125,253.52999877929688,255.6999969482422,171369500
61,61,61,2020-03-31,237.58160400390625,257.75,263.3299865722656,256.2200012207031,260.5599975585937,194881100
62,62,62,2020-04-01,226.88922119140625,246.1499938964844,257.6600036621094,243.8999938964844,247.97999572753903,189554600
63,63,63,2020-04-02,232.12478637695312,251.8300018310547,252.67999267578125,244.58999633789065,245.19000244140625,177660400
64,64,64,2020-04-03,228.7696228027344,248.19000244140625,253.32000732421875,245.22000122070312,250.759994506836,135561200
65,65,65,2020-04-06,244.1351318359375,264.8599853515625,267.0,248.1699981689453,257.8399963378906,188061200
66,66,66,2020-04-07,244.3841094970703,265.1300048828125,275.0299987792969,264.8900146484375,274.2099914550781,201427200
67,67,67,2020-04-08,252.5877227783203,274.0299987792969,276.0,265.25,267.9599914550781,153774500
68,68,68,2020-04-09,256.4313049316406,278.20001220703125,281.20001220703125,275.4700012207031,277.5799865722656,189999200
69,69,69,2020-04-13,254.0901794433593,275.6600036621094,277.510009765625,271.4100036621094,277.1400146484375,114839100
70,70,70,2020-04-14,261.5840148925781,283.7900085449219,284.8999938964844,275.510009765625,280.9800109863281,134143400
71,71,71,2020-04-15,256.02587890625,277.760009765625,283.94000244140625,275.4599914550781,277.57000732421875,121775000
72,72,72,2020-04-16,257.2608642578125,279.1000061035156,280.0299987792969,275.760009765625,279.1499938964844,131798300
73,73,73,2020-04-17,264.2109069824219,286.6400146484375,287.29998779296875,282.3999938964844,285.3800048828125,146684800
74,74,74,2020-04-20,259.5560913085937,281.5899963378906,286.7900085449219,281.3500061035156,282.6099853515625,100109300
75,75,75,2020-04-21,251.6751403808593,273.0400085449219,278.0400085449219,272.0199890136719,276.7300109863281,126385700
76,76,76,2020-04-22,257.2608642578125,279.1000061035156,281.0,276.9100036621094,278.3500061035156,92951600
77,77,77,2020-04-23,257.24249267578125,279.0799865722656,283.94000244140625,278.75,280.489990234375,104709700
78,78,78,2020-04-24,260.82818603515625,282.9700012207031,283.70001220703125,278.5,280.7300109863281,85063200
79,79,79,2020-04-27,264.5889587402344,287.04998779296875,288.2699890136719,284.6199951171875,285.1199951171875,77896600
80,80,80,2020-04-28,263.3721618652344,285.7300109863281,291.3999938964844,285.3999938964844,291.0199890136719,105270000
81,81,81,2020-04-29,270.2669372558594,293.2099914550781,294.8800048828125,290.4100036621094,291.5299987792969,118745600
82,82,82,2020-04-30,267.7505187988281,290.4800109863281,293.32000732421875,288.5899963378906,291.7099914550781,122901700
83,83,83,2020-05-01,260.6622009277344,282.7900085449219,290.6600036621094,281.5199890136719,285.3099975585937,125180000
84,84,84,2020-05-04,261.3812255859375,283.57000732421875,283.8999938964844,279.1300048828125,280.739990234375,80873200
85,85,85,2020-05-05,263.79620361328125,286.19000244140625,289.25,283.7099914550781,286.6400146484375,79569900
86,86,86,2020-05-06,262.008056640625,284.25,288.4599914550781,283.7799987792969,288.0400085449219,73632600
87,87,87,2020-05-07,265.16949462890625,287.67999267578125,289.7799987792969,287.1300048828125,287.75,75250400
88,88,88,2020-05-08,269.5571594238281,292.44000244140625,292.95001220703125,289.8599853515625,291.0899963378906,76452400
89,89,89,2020-05-11,269.61248779296875,292.5,294.0,289.8800048828125,290.3399963378906,79514200
90,90,90,2020-05-12,264.2386474609375,286.6700134277344,294.239990234375,286.5199890136719,293.7900085449219,95870800
91,91,91,2020-05-13,259.5652770996094,281.6000061035156,287.19000244140625,278.9599914550781,286.0599975585937,144721100
92,92,92,2020-05-14,262.6716003417969,284.9700012207031,285.1099853515625,272.989990234375,278.95001220703125,121977900
93,93,93,2020-05-15,263.8791198730469,286.2799987792969,286.3299865722656,281.3399963378906,282.3699951171875,111146300
94,94,94,2020-05-18,271.9168395996094,295.0,296.75,292.70001220703125,293.04998779296875,119703800
95,95,95,2020-05-19,269.1239624023437,291.9700012207031,296.2099914550781,291.95001220703125,294.3500061035156,95189300
96,96,96,2020-05-20,273.6957702636719,296.92999267578125,297.8699951171875,295.57000732421875,295.82000732421875,85861700
97,97,97,2020-05-21,271.80615234375,294.8800048828125,297.6700134277344,293.69000244140625,296.7900085449219,78293900
98,98,98,2020-05-22,272.3223571777344,295.44000244140625,295.6300048828125,293.2200012207031,294.57000732421875,63958200
99,99,99,2020-05-26,275.6776123046875,299.0799865722656,302.19000244140625,295.4599914550781,301.92999267578125,88951400
100,100,100,2020-05-27,279.7793884277344,303.5299987792969,303.57000732421875,296.8699951171875,302.1199951171875,104817400
101,101,101,2020-05-28,279.2632141113281,302.9700012207031,306.8399963378906,302.239990234375,304.6499938964844,90405200
102,102,102,2020-05-29,280.507568359375,304.32000732421875,304.9599914550781,299.4700012207031,302.4599914550781,119090800
103,103,103,2020-06-01,281.6412658691406,305.54998779296875,306.2099914550781,303.0599975585937,303.6199951171875,55758300
104,104,104,2020-06-02,283.9732971191406,308.0799865722656,308.1300048828125,305.1000061035156,306.54998779296875,74267200
105,105,105,2020-06-03,287.75250244140625,312.17999267578125,313.2200012207031,309.94000244140625,310.239990234375,92567600
106,106,106,2020-06-04,286.99664306640625,311.3599853515625,313.0,309.0799865722656,311.1099853515625,75794400
107,107,107,2020-06-05,294.352294921875,319.3399963378906,321.2699890136719,317.1600036621094,317.2300109863281,150524700
108,108,108,2020-06-08,297.9101867675781,323.20001220703125,323.4100036621094,319.6300048828125,320.2200012207031,73641200
109,109,109,2020-06-09,295.6888732910156,320.7900085449219,323.2799987792969,319.3599853515625,320.29998779296875,77479200
110,110,110,2020-06-10,294.0388488769531,319.0,322.3900146484375,318.2200012207031,321.4200134277344,95000800
111,111,111,2020-06-11,277.0877685546875,300.6099853515625,312.1499938964844,300.010009765625,311.4599914550781,209243600
112,112,112,2020-06-12,280.4061279296875,304.2099914550781,309.0799865722656,298.6000061035156,308.239990234375,194678900
113,113,113,2020-06-15,283.02392578125,307.04998779296875,308.2799987792969,296.739990234375,298.0199890136719,135782700
114,114,114,2020-06-16,288.4715270996094,312.9599914550781,315.6400146484375,307.6700134277344,315.4800109863281,137627500
115,115,115,2020-06-17,287.2732238769531,311.6600036621094,314.3900146484375,310.8599853515625,314.07000732421875,83398900
116,116,116,2020-06-18,287.3837585449219,311.7799987792969,312.29998779296875,309.510009765625,310.010009765625,80828700
117,117,117,2020-06-19,285.74151611328125,308.6400146484375,314.3800048828125,306.5299987792969,314.1700134277344,135549600
118,118,118,2020-06-22,287.574462890625,310.6199951171875,311.04998779296875,306.75,307.989990234375,74649400
119,119,119,2020-06-23,288.8983459472656,312.04998779296875,314.5,311.6099853515625,313.489990234375,68471200
120,120,120,2020-06-24,281.52899169921875,304.0899963378906,310.510009765625,302.1000061035156,309.8399963378906,132813500
121,121,121,2020-06-25,284.54718017578125,307.3500061035156,307.6400146484375,301.2799987792969,303.4700012207031,89468000
122,122,122,2020-06-26,277.78875732421875,300.04998779296875,306.3900146484375,299.4200134277344,306.1600036621094,127961000
123,123,123,2020-06-29,281.8715515136719,304.4599914550781,304.6099853515625,298.92999267578125,301.4100036621094,79773300
124,124,124,2020-06-30,285.4822692871094,308.3599853515625,310.20001220703125,303.82000732421875,303.989990234375,113394800
125,125,125,2020-07-01,287.4819641113281,310.5199890136719,311.8900146484375,309.07000732421875,309.57000732421875,72396500
126,126,126,2020-07-02,289.0650634765625,312.2300109863281,315.70001220703125,311.510009765625,314.239990234375,69344200
127,127,127,2020-07-06,293.5274658203125,317.04998779296875,317.67999267578125,315.5599975585937,316.3699951171875,61713800
128,128,128,2020-07-07,290.50006103515625,313.7799987792969,317.5199890136719,313.3699951171875,315.3800048828125,82910000
129,129,129,2020-07-08,292.7220153808594,316.17999267578125,316.29998779296875,312.70001220703125,314.6099853515625,54638600
130,130,130,2020-07-09,291.0555419921875,314.3800048828125,317.1000061035156,310.67999267578125,316.8399963378906,83354200
131,131,131,2020-07-10,294.0274658203125,317.5899963378906,317.8800048828125,312.760009765625,314.3099975585937,57550400
132,132,132,2020-07-13,291.4814758300781,314.8399963378906,322.7099914550781,314.1300048828125,320.1300048828125,102997500
133,133,133,2020-07-14,295.2587585449219,318.9200134277344,319.760009765625,312.0,313.29998779296875,93657000
134,134,134,2020-07-15,297.9713134765625,321.8500061035156,323.0400085449219,319.2699890136719,322.4100036621094,87196500
135,135,135,2020-07-16,296.9900817871094,320.7900085449219,321.2799987792969,319.0899963378906,319.7900085449219,54622500
136,136,136,2020-07-17,297.8509521484375,321.7200012207031,322.57000732421875,319.739990234375,321.8800048828125,62774900
137,137,137,2020-07-20,300.25811767578125,324.32000732421875,325.1300048828125,320.6199951171875,321.42999267578125,56308800
138,138,138,2020-07-21,300.8968811035156,325.010009765625,326.92999267578125,323.94000244140625,326.45001220703125,57292200
139,139,139,2020-07-22,302.6095886230469,326.8599853515625,327.20001220703125,324.5,324.6199951171875,57792900
140,140,140,2020-07-23,298.9989929199219,322.9599914550781,327.2300109863281,321.4800109863281,326.4700012207031,75738000
141,141,141,2020-07-24,297.07342529296875,320.8800048828125,321.989990234375,319.25,320.95001220703125,73766600
142,142,142,2020-07-27,299.23974609375,323.2200012207031,323.4100036621094,320.7699890136719,321.6300048828125,48293000
143,143,143,2020-07-28,297.3418273925781,321.1700134277344,323.6400146484375,320.8500061035156,322.42999267578125,57495000
144,144,144,2020-07-29,300.99871826171875,325.1199951171875,325.7300109863281,322.0799865722656,322.1199951171875,48454200
145,145,145,2020-07-30,299.9248046875,323.9599914550781,324.4100036621094,319.6400146484375,321.8999938964844,61861700
146,146,146,2020-07-31,302.2948303222656,326.5199890136719,326.6300048828125,321.3299865722656,325.8999938964844,84986800
147,147,147,2020-08-03,304.39654541015625,328.7900085449219,329.6199951171875,327.7300109863281,328.32000732421875,53077900
148,148,148,2020-08-04,305.5722045898437,330.0599975585937,330.0599975585937,327.8599853515625,327.8599853515625,41917900
149,149,149,2020-08-05,307.4701232910156,332.1099853515625,332.3900146484375,331.17999267578125,331.4700012207031,42697700
150,150,150,2020-08-06,309.5254211425781,334.3299865722656,334.4599914550781,331.1300048828125,331.4800109863281,43679400
151,151,151,2020-08-07,309.74761962890625,334.57000732421875,334.8800048828125,332.29998779296875,333.2799987792969,57308300
152,152,152,2020-08-10,310.6735534667969,335.57000732421875,335.7699890136719,332.9599914550781,335.0599975585937,44282100
153,153,153,2020-08-11,308.10894775390625,332.79998779296875,337.5400085449219,332.010009765625,336.8500061035156,69601100
154,154,154,2020-08-12,312.4047241210937,337.44000244140625,338.2799987792969,335.4100036621094,335.44000244140625,53774400
155,155,155,2020-08-13,311.8399353027344,336.8299865722656,338.25,335.8299865722656,336.6099853515625,41816100
156,156,156,2020-08-14,311.84918212890625,336.8399963378906,337.4200134277344,335.6199951171875,336.4100036621094,47260400
157,157,157,2020-08-17,312.8398132324219,337.9100036621094,338.3399963378906,336.8500061035156,337.94000244140625,35481000
158,158,158,2020-08-18,313.5157165527344,338.6400146484375,339.1000061035156,336.6099853515625,338.3399963378906,38733900
159,159,159,2020-08-19,312.21026611328125,337.2300109863281,339.6099853515625,336.6199951171875,339.04998779296875,68054200
160,160,160,2020-08-20,313.182373046875,338.2799987792969,338.79998779296875,335.2200012207031,335.3599853515625,42207800
161,161,161,2020-08-21,314.2933349609375,339.4800109863281,339.7200012207031,337.54998779296875,337.9200134277344,55106600
162,162,162,2020-08-24,317.4781188964844,342.9200134277344,343.0,339.45001220703125,342.1199951171875,48588700
163,163,163,2020-08-25,318.589111328125,344.1199951171875,344.2099914550781,342.2699890136719,343.5299987792969,38463400
164,164,164,2020-08-26,321.7831726074219,347.57000732421875,347.8599853515625,344.1700134277344,344.760009765625,50790200
165,165,165,2020-08-27,322.4867553710937,348.3299865722656,349.8999938964844,346.5299987792969,348.510009765625,58034100
166,166,166,2020-08-28,324.56982421875,350.5799865722656,350.7200012207031,348.1499938964844,349.44000244140625,48588900
167,167,167,2020-08-31,323.39404296875,349.3099975585937,351.29998779296875,349.0599975585937,350.3500061035156,66099200
168,168,168,2020-09-01,326.4399719238281,352.6000061035156,352.7099914550781,349.239990234375,350.2099914550781,54908700
169,169,169,2020-09-02,331.1615295410156,357.70001220703125,358.75,353.42999267578125,354.6700134277344,69540000
170,170,170,2020-09-03,319.76483154296875,345.3900146484375,356.3800048828125,342.5899963378906,355.8699951171875,148011100
171,171,171,2020-09-04,317.1541442871094,342.57000732421875,347.8299865722656,334.8699951171875,346.1300048828125,139156300
172,172,172,2020-09-08,308.48858642578125,333.2099914550781,342.6400146484375,332.8800048828125,336.7099914550781,114465300
173,173,173,2020-09-09,314.5803527832031,339.7900085449219,342.4599914550781,336.6099853515625,337.54998779296875,91462300
174,174,174,2020-09-10,309.1181335449219,333.8900146484375,342.5299987792969,332.8500061035156,341.82000732421875,90569500
175,175,175,2020-09-11,309.2755126953125,334.0599975585937,336.9700012207031,331.0,335.82000732421875,84680200
176,176,176,2020-09-14,313.3490600585937,338.4599914550781,340.3800048828125,334.2200012207031,337.489990234375,65605700
177,177,177,2020-09-15,314.9321594238281,340.1700134277344,342.0199890136719,338.4700012207031,341.1199951171875,52920900
178,178,178,2020-09-16,313.6824035644531,338.82000732421875,343.0599975585937,338.5199890136719,341.510009765625,82096000
179,179,179,2020-09-17,310.9234313964844,335.8399963378906,337.70001220703125,332.989990234375,333.5599975585937,91523300
180,180,180,2020-09-18,307.34381103515625,330.6499938964844,335.489990234375,327.9700012207031,335.3699951171875,105877900
181,181,181,2020-09-21,303.9231872558594,326.9700012207031,327.1300048828125,321.7300109863281,325.70001220703125,99450800
182,182,182,2020-09-22,307.0185241699219,330.29998779296875,330.8999938964844,325.8599853515625,328.57000732421875,63612100
183,183,183,2020-09-23,299.8984069824219,322.6400146484375,331.20001220703125,322.1000061035156,330.8999938964844,93112200
184,184,184,2020-09-24,300.6977844238281,323.5,326.79998779296875,319.79998779296875,321.2200012207031,76681300
185,185,185,2020-09-25,305.5592041015625,328.7300109863281,329.5799865722656,321.6400146484375,322.5799865722656,71069400
186,186,186,2020-09-28,310.63433837890625,334.19000244140625,334.9599914550781,332.1499938964844,333.2200012207031,64584600
187,187,187,2020-09-29,308.9425964355469,332.3699951171875,334.7699890136719,331.6199951171875,333.9700012207031,51304000
188,188,188,2020-09-30,311.28497314453125,334.8900146484375,338.2900085449219,332.8800048828125,333.0899963378906,104081100
189,189,189,2020-10-01,313.283447265625,337.0400085449219,338.739990234375,335.010009765625,337.69000244140625,88698700
190,190,190,2020-10-02,310.3089904785156,333.8399963378906,337.010009765625,331.19000244140625,331.70001220703125,89431100
191,191,191,2020-10-05,315.8116760253906,339.760009765625,339.9599914550781,336.010009765625,336.0599975585937,45713100
192,192,192,2020-10-06,311.3222045898437,334.92999267578125,342.1700134277344,334.3800048828125,339.9100036621094,90128900
193,193,193,2020-10-07,316.7413330078125,340.760009765625,341.6300048828125,338.0899963378906,338.1199951171875,56999600
194,194,194,2020-10-08,319.54840087890625,343.7799987792969,343.8500061035156,341.8599853515625,342.8500061035156,45242500
195,195,195,2020-10-09,322.4019775390625,346.8500061035156,347.3500061035156,344.8900146484375,345.5599975585937,59528600
196,196,196,2020-10-12,327.5886535644531,352.42999267578125,354.0199890136719,349.0599975585937,349.5899963378906,80388500
197,197,197,2020-10-13,325.4508361816406,350.1300048828125,352.4700012207031,349.0899963378906,352.2799987792969,73255500
198,198,198,2020-10-14,323.4057922363281,347.92999267578125,351.92999267578125,347.1400146484375,350.75,57727900
199,199,199,2020-10-15,323.0061340332031,347.5,348.0199890136719,343.1300048828125,343.7099914550781,60357700
200,200,200,2020-10-16,322.8110046386719,347.2900085449219,350.75,347.1000061035156,348.9599914550781,89501900
201,201,201,2020-10-19,317.90313720703125,342.010009765625,349.3299865722656,341.0400085449219,348.6499938964844,68425600
202,202,202,2020-10-20,319.1766052246094,343.3800048828125,346.8800048828125,342.6400146484375,343.4599914550781,60051900
203,203,203,2020-10-21,318.5723876953125,342.7300109863281,345.6700134277344,342.3999938964844,343.3299865722656,63575000
204,204,204,2020-10-22,320.3198547363281,344.6099853515625,345.239990234375,340.6499938964844,342.9599914550781,55399300
205,205,205,2020-10-23,321.40740966796875,345.7799987792969,345.989990234375,343.1300048828125,345.92999267578125,49143900
206,206,206,2020-10-26,315.4678039550781,339.3900146484375,342.9800109863281,335.6199951171875,342.1300048828125,91473000
207,207,207,2020-10-27,314.3802490234375,338.2200012207031,340.1199951171875,337.989990234375,339.760009765625,65994100
208,208,208,2020-10-28,303.6351013183594,326.6600036621094,338.25,326.1300048828125,332.1000061035156,127094300
209,209,209,2020-10-29,306.7210998535156,329.9800109863281,333.3999938964844,325.0899963378906,326.9100036621094,90597700
210,210,210,2020-10-30,303.52349853515625,326.5400085449219,329.69000244140625,322.6000061035156,328.2799987792969,120287300
211,211,211,2020-11-02,306.9255676269531,330.20001220703125,332.3599853515625,327.239990234375,330.20001220703125,86068300
212,212,212,2020-11-03,312.3446350097656,336.0299987792969,338.25,330.2900085449219,333.69000244140625,93294200
213,213,213,2020-11-04,319.32525634765625,343.5400085449219,347.94000244140625,339.5899963378906,340.8599853515625,126959700
214,214,214,2020-11-05,325.5530090332031,350.239990234375,352.19000244140625,348.8599853515625,349.239990234375,82039700
215,215,215,2020-11-06,325.47869873046875,350.1600036621094,351.510009765625,347.6499938964844,349.92999267578125,74973000
216,216,216,2020-11-09,329.5685119628906,354.5599975585937,364.3800048828125,354.0599975585937,363.9700012207031,172304200
217,217,217,2020-11-10,329.08526611328125,354.0400085449219,355.17999267578125,350.510009765625,353.489990234375,85552000
218,218,218,2020-11-11,331.5298156738281,356.6700134277344,357.5599975585937,355.0599975585937,356.3999938964844,58649000
219,219,219,2020-11-12,328.313720703125,353.2099914550781,356.7200012207031,351.260009765625,355.5799865722656,67546200
220,220,220,2020-11-13,332.8590087890625,358.1000061035156,358.8999938964844,354.7099914550781,355.2699890136719,62892200
221,221,221,2020-11-16,337.0139465332031,362.5700073242188,362.7799987792969,359.5899963378906,360.9800109863281,74541100
222,222,222,2020-11-17,335.2013244628906,360.6199951171875,361.9200134277344,358.3399963378906,359.9700012207031,66111000
223,223,223,2020-11-18,331.16729736328125,356.2799987792969,361.5,356.239990234375,360.9100036621094,70591300
224,224,224,2020-11-19,332.5615539550781,357.7799987792969,358.17999267578125,354.1499938964844,355.6000061035156,59940900
225,225,225,2020-11-20,330.2843017578125,355.3299865722656,357.7200012207031,355.25,357.5,70417300
226,226,226,2020-11-23,332.26416015625,357.4599914550781,358.82000732421875,354.8699951171875,357.2799987792969,63230600
227,227,227,2020-11-24,337.6181335449219,363.2200012207031,363.80999755859375,359.2900085449219,360.2099914550781,62415900
228,228,228,2020-11-25,337.0976257324219,362.6600036621094,363.1600036621094,361.4800109863281,363.1300048828125,45330900
229,229,229,2020-11-27,338.03643798828125,363.6700134277344,364.1799926757813,362.5799865722656,363.8399963378906,28514100
230,230,230,2020-11-30,336.5398864746094,362.05999755859375,363.1199951171875,359.1700134277344,362.8299865722656,83872700
231,231,231,2020-12-01,340.2207946777344,366.0199890136719,367.6799926757813,364.9299926757813,365.5700073242188,74231400
232,232,232,2020-12-02,340.9364624023437,366.7900085449219,366.9599914550781,364.2000122070313,364.8200073242188,45927000
233,233,233,2020-12-03,340.8435363769531,366.6900024414063,368.1900024414063,365.5,366.6799926757813,62882000
234,234,234,2020-12-04,343.78076171875,369.8500061035156,369.8500061035156,367.2200012207031,367.3200073242188,50749900
235,235,235,2020-12-07,343.0744323730469,369.0899963378906,369.6199951171875,367.7200012207031,369.0199890136719,48944300
236,236,236,2020-12-08,344.0782165527344,370.1700134277344,370.7799987792969,367.6700134277344,367.7200012207031,42458900
237,237,237,2020-12-09,340.9922790527344,366.8500061035156,371.0499877929688,365.9500122070313,370.8800048828125,74098300
238,238,238,2020-12-10,340.8807067871094,366.7300109863281,367.8599853515625,364.4299926757813,365.3699951171875,57735400
239,239,239,2020-12-11,340.48101806640625,366.2999877929688,366.739990234375,363.260009765625,364.8999938964844,57698600
240,240,240,2020-12-14,338.9566345214844,364.6600036621094,369.7999877929688,364.4700012207031,368.6400146484375,69216200
241,241,241,2020-12-15,343.5391540527344,369.5899963378906,369.5899963378906,365.9200134277344,367.3999938964844,63865300
242,242,242,2020-12-16,344.0782165527344,370.1700134277344,371.1600036621094,368.8699951171875,369.8200073242188,58420500
243,243,243,2020-12-17,346.0023498535156,372.239990234375,372.4599914550781,371.0499877929688,371.9400024414063,64119500
244,244,244,2020-12-18,344.6207580566406,369.1799926757813,371.1499938964844,367.0199890136719,370.9700012207031,136542300
245,245,245,2020-12-21,343.3885803222656,367.8599853515625,378.4599914550781,362.0299987792969,364.9700012207031,96386700
246,246,246,2020-12-22,342.8097839355469,367.239990234375,368.3299865722656,366.0299987792969,368.2099914550781,47949000
247,247,247,2020-12-23,343.1178894042969,367.5700073242188,369.6199951171875,367.2200012207031,368.2799987792969,46201400
248,248,248,2020-12-24,344.4527893066406,369.0,369.0299987792969,367.4500122070313,368.0799865722656,26457900
249,249,249,2020-12-28,347.41180419921875,372.1700134277344,372.5899963378906,371.0700073242188,371.739990234375,39000400
250,250,250,2020-12-29,346.7491455078125,371.4599914550781,374.0,370.8299865722656,373.80999755859375,53680500
251,251,251,2020-12-30,347.243896484375,371.989990234375,373.1000061035156,371.5700073242188,372.3399963378906,49455300
252,252,252,2020-12-31,349.00811767578125,373.8800048828125,374.6600036621094,371.2300109863281,371.7799987792969,78520700
253,253,253,2021-01-04,344.2567443847656,368.7900085449219,375.4500122070313,364.8200073242188,375.30999755859375,110210800
254,254,254,2021-01-05,346.6277770996094,371.3299865722656,372.5,368.0499877929688,368.1000061035156,66426200
255,255,255,2021-01-06,348.7000732421875,373.5499877929688,376.9800109863281,369.1199951171875,369.7099914550781,107997700
256,256,256,2021-01-07,353.880859375,379.1000061035156,379.8999938964844,375.9100036621094,376.1000061035156,68766800
257,257,257,2021-01-08,355.897216796875,381.260009765625,381.489990234375,377.1000061035156,380.5899963378906,71677200
258,258,258,2021-01-11,353.49810791015625,378.6900024414063,380.5799865722656,377.7200012207031,377.8500061035156,51034700
259,259,259,2021-01-12,353.5727844238281,378.7699890136719,379.8599853515625,376.3599853515625,378.8900146484375,52547700
260,260,260,2021-01-13,354.5250244140625,379.7900085449219,380.8599853515625,377.8500061035156,378.6900024414063,45303600
261,261,261,2021-01-14,353.283447265625,378.4599914550781,381.1300048828125,378.1000061035156,380.5899963378906,49989100
262,262,262,2021-01-15,350.70709228515625,375.7000122070313,377.5799865722656,373.7000122070313,376.7200012207031,107160000
263,263,263,2021-01-19,353.4608764648437,378.6499938964844,379.2300109863281,376.75,378.3399963378906,51233300
264,264,264,2021-01-20,358.3522644042969,383.8900146484375,384.7900085449219,380.6900024414063,381.1099853515625,61836100
265,265,265,2021-01-21,358.67901611328125,384.239990234375,384.9500122070313,383.25,384.489990234375,47840100
266,266,266,2021-01-22,357.409423828125,382.8800048828125,384.1300048828125,381.8399963378906,382.25,52860500
267,267,267,2021-01-25,358.8189392089844,384.3900146484375,384.7699890136719,378.4599914550781,383.6700134277344,70402000
268,268,268,2021-01-26,358.2589416503906,383.7900085449219,385.8500061035156,383.5400085449219,385.4100036621094,42665300
269,269,269,2021-01-27,349.5028686523437,374.4100036621094,380.3200073242188,372.010009765625,380.2200012207031,123351100
270,270,270,2021-01-28,352.5086975097656,377.6300048828125,381.9299926757813,375.8900146484375,376.3599853515625,94198100
271,271,271,2021-01-29,345.4515686035156,370.0700073242188,376.6700134277344,368.2699890136719,375.6300048828125,126765100
272,272,272,2021-02-01,351.2018127441406,376.2300109863281,377.3399963378906,370.3800048828125,373.7200012207031,75817600
273,273,273,2021-02-02,356.1679077148437,381.5499877929688,383.2200012207031,376.3200073242188,379.6499938964844,64450700
274,274,274,2021-02-03,356.44793701171875,381.8500061035156,383.7000122070313,380.4800109863281,382.4400024414063,52427100
275,275,275,2021-02-04,360.4992980957031,386.1900024414063,386.239990234375,381.9700012207031,382.9599914550781,47142600
276,276,276,2021-02-05,361.9180908203125,387.7099914550781,388.4700012207031,386.1400146484375,388.2000122070313,48669800
277,277,277,2021-02-08,364.5318603515625,390.510009765625,390.55999755859375,388.3500061035156,389.2699890136719,38365200
278,278,278,2021-02-09,364.2891540527344,390.25,390.8900146484375,389.1700134277344,389.6099853515625,35551100
279,279,279,2021-02-10,364.1304626464844,390.0799865722656,392.2799987792969,387.5,392.1199951171875,59154400
280,280,280,2021-02-11,364.7185363769531,390.7099914550781,391.6900024414063,388.1000061035156,391.239990234375,42913300
281,281,281,2021-02-12,366.5201721191406,392.6400146484375,392.8999938964844,389.7699890136719,389.8500061035156,50593300
282,282,282,2021-02-16,366.2027587890625,392.2999877929688,394.1700134277344,391.5299987792969,393.9599914550781,50972400
283,283,283,2021-02-17,366.286865234375,392.3900146484375,392.6600036621094,389.3299865722656,390.4200134277344,52290600
284,284,284,2021-02-18,364.7279052734375,390.7200012207031,391.5199890136719,387.739990234375,389.5899963378906,59712800
285,285,285,2021-02-19,364.0838012695313,390.0299987792969,392.3800048828125,389.5499877929688,392.0700073242188,83241000
286,286,286,2021-02-22,361.2834167480469,387.0299987792969,389.6199951171875,386.739990234375,387.05999755859375,67414200
287,287,287,2021-02-23,361.7220458984375,387.5,388.9500122070313,380.2000122070313,384.6600036621094,107284100
288,288,288,2021-02-24,365.7079772949219,391.7699890136719,392.2300109863281,385.2699890136719,386.3299865722656,72433900
289,289,289,2021-02-25,356.89599609375,382.3299865722656,391.8800048828125,380.7799987792969,390.4100036621094,146670500
290,290,290,2021-02-26,355.0570983886719,380.3599853515625,385.5799865722656,378.2300109863281,384.3500061035156,152701600
291,291,291,2021-03-01,363.6637268066406,389.5799865722656,390.9200134277344,380.5700073242188,385.5899963378906,105348800
292,292,292,2021-03-02,360.825927734375,386.5400085449219,390.0700073242188,386.0,389.8200073242188,79595300
293,293,293,2021-03-03,356.0465087890625,381.4200134277344,386.8299865722656,381.30999755859375,385.7900085449219,119940200
294,294,294,2021-03-04,351.6405639648437,376.7000122070313,384.0,371.8800048828125,381.2200012207031,183433000
295,295,295,2021-03-05,358.1095275878906,383.6300048828125,384.760009765625,372.6400146484375,380.4599914550781,152039600
296,296,296,2021-03-08,356.3265686035156,381.7200012207031,387.6799926757813,381.4200134277344,384.6600036621094,123149200
297,297,297,2021-03-09,361.4140625,387.1700134277344,389.9100036621094,385.30999755859375,385.8500061035156,113633600
298,298,298,2021-03-10,363.6637268066406,389.5799865722656,391.3999938964844,388.1700134277344,389.6900024414063,109899400
299,299,299,2021-03-11,367.3509521484375,393.5299987792969,395.6499938964844,391.739990234375,392.2300109863281,86245000
300,300,300,2021-03-12,367.8456726074219,394.05999755859375,394.2099914550781,391.2000122070313,392.0700073242188,64653600
301,301,301,2021-03-15,370.039306640625,396.4100036621094,396.6900024414063,392.0299987792969,394.3299865722656,73427200
302,302,302,2021-03-16,369.5725402832031,395.9100036621094,397.8299865722656,395.0799865722656,397.0700073242188,73722500
303,303,303,2021-03-17,370.8328247070313,397.260009765625,398.1199951171875,393.2999877929688,394.5299987792969,97959300
304,304,304,2021-03-18,365.4373474121094,391.4800109863281,396.7200012207031,390.75,394.4800109863281,115349100
305,305,305,2021-03-19,364.7611389160156,389.4800109863281,391.5700073242188,387.1499938964844,389.8800048828125,113624500
306,306,306,2021-03-22,367.673828125,392.5899963378906,394.0700073242188,389.9700012207031,390.0299987792969,73778600
307,307,307,2021-03-23,364.7798767089844,389.5,393.4599914550781,388.6600036621094,391.9100036621094,90686600
308,308,308,2021-03-24,362.9255065917969,387.5199890136719,392.75,387.4700012207031,391.0,97588600
309,309,309,2021-03-25,364.9672546386719,389.7000122070313,390.5499877929688,383.8999938964844,385.9800109863281,116128600
310,310,310,2021-03-26,370.8486328125,395.9800109863281,396.4100036621094,390.2900085449219,390.9299926757813,114409100
311,311,311,2021-03-29,370.6612854003906,395.7799987792969,396.75,392.80999755859375,394.3999938964844,108107600
312,312,312,2021-03-30,369.677978515625,394.7300109863281,395.4500122070313,393.0199890136719,394.4200134277344,76262200
313,313,313,2021-03-31,371.1763916015625,396.3299865722656,398.0,395.30999755859375,395.3399963378906,112734200
314,314,314,2021-04-01,375.1847534179688,400.6099853515625,400.6700134277344,398.1799926757813,398.3999938964844,99682900
315,315,315,2021-04-05,380.5697937011719,406.3599853515625,406.9400024414063,403.3800048828125,403.4599914550781,91684800
316,316,316,2021-04-06,380.3450927734375,406.1199951171875,407.239990234375,405.3999938964844,405.760009765625,62021000
317,317,317,2021-04-07,380.78521728515625,406.5899963378906,406.9599914550781,405.4500122070313,405.9400024414063,55836300
318,318,318,2021-04-08,382.59271240234375,408.5199890136719,408.5799865722656,406.9299926757813,407.9299926757813,57863100
319,319,319,2021-04-09,385.3742980957031,411.489990234375,411.6700134277344,408.260009765625,408.3900146484375,61104600
320,320,320,2021-04-12,385.5146484375,411.6400146484375,411.9299926757813,410.2000122070313,410.8500061035156,56704900
321,321,321,2021-04-13,386.65728759765625,412.8599853515625,413.5299987792969,411.1199951171875,411.5299987792969,56551000
322,322,322,2021-04-14,385.3367919921875,411.4500122070313,413.9599914550781,410.8699951171875,412.8299865722656,61659900
323,323,323,2021-04-15,389.4762878417969,415.8699951171875,416.1600036621094,413.6900024414063,413.739990234375,60229800
324,324,324,2021-04-16,390.778076171875,417.260009765625,417.9100036621094,415.7300109863281,417.25,82037300
325,325,325,2021-04-19,388.858154296875,415.2099914550781,416.739990234375,413.7900085449219,416.260009765625,78498500
326,326,326,2021-04-20,386.0111083984375,412.1700134277344,415.0899963378906,410.5899963378906,413.9100036621094,81851800
327,327,327,2021-04-21,389.6635437011719,416.0700073242188,416.2900085449219,411.3599853515625,411.510009765625,66793000
328,328,328,2021-04-22,386.1047973632813,412.2699890136719,416.7799987792969,411.1300048828125,415.8900146484375,97582800
329,329,329,2021-04-23,390.2909851074219,416.739990234375,418.25,412.7900085449219,412.8699951171875,73209200
330,330,330,2021-04-26,391.1058349609375,417.6099853515625,418.2200012207031,416.80999755859375,417.4400024414063,52182400
331,331,331,2021-04-27,391.0215148925781,417.5199890136719,418.1400146484375,416.2999877929688,417.9299926757813,51303100
332,332,332,2021-04-28,390.9091491699219,417.3999938964844,419.010009765625,416.8999938964844,417.80999755859375,51238900
333,333,333,2021-04-29,393.4003601074219,420.05999755859375,420.7200012207031,416.4400024414063,420.3200073242188,78544300
334,334,334,2021-04-30,390.8155212402344,417.2999877929688,418.5400085449219,416.3399963378906,417.6300048828125,85527000
335,335,335,2021-05-03,391.6584167480469,418.2000122070313,419.8399963378906,417.6700134277344,419.4299926757813,68128300
336,336,336,2021-05-04,389.2421569824219,415.6199951171875,416.6000061035156,411.6700134277344,416.0700073242188,101591200
337,337,337,2021-05-05,389.3639221191406,415.75,417.6300048828125,415.1499938964844,417.3800048828125,60162200
338,338,338,2021-05-06,392.4732055664063,419.0700073242188,419.2099914550781,413.6799926757813,415.8299865722656,74321400
339,339,339,2021-05-07,395.3296203613281,422.1199951171875,422.8200073242188,419.1600036621094,419.8900146484375,67733800
340,340,340,2021-05-10,391.4149475097656,417.9400024414063,422.739990234375,417.80999755859375,422.5,81852400
341,341,341,2021-05-11,387.9216918945313,414.2099914550781,415.2699890136719,410.05999755859375,413.1000061035156,116888000
342,342,342,2021-05-12,379.6801452636719,405.4100036621094,412.5899963378906,404.0,411.2300109863281,134811000
343,343,343,2021-05-13,384.2410278320313,410.2799987792969,412.3500061035156,407.0199890136719,407.0700073242188,106394000
344,344,344,2021-05-14,390.1411743164063,416.5799865722656,417.489990234375,413.1799926757813,413.2099914550781,82201600
345,345,345,2021-05-17,389.1484375,415.5199890136719,416.3900146484375,413.3599853515625,415.3900146484375,65129200
346,346,346,2021-05-18,385.795654296875,411.9400024414063,416.05999755859375,411.7699890136719,415.7999877929688,59810200
347,347,347,2021-05-19,384.7842712402344,410.8599853515625,411.0499877929688,405.3299865722656,406.9200134277344,106467100
348,348,348,2021-05-20,388.9237365722656,415.2799987792969,416.6300048828125,411.6700134277344,411.7999877929688,78022200
349,349,349,2021-05-21,388.6052856445313,414.9400024414063,418.2000122070313,414.4500122070313,416.8699951171875,76578700
350,350,350,2021-05-24,392.5668640136719,419.1700134277344,420.3200073242188,417.0799865722656,417.3399963378906,51376700
351,351,351,2021-05-25,391.6958312988281,418.239990234375,420.7099914550781,417.6199951171875,420.3299865722656,57451400
352,352,352,2021-05-26,392.4732055664063,419.0700073242188,419.6099853515625,417.760009765625,418.8699951171875,43088600
353,353,353,2021-05-27,392.6792297363281,419.2900085449219,420.7200012207031,418.989990234375,420.1700134277344,56707700
354,354,354,2021-05-28,393.3816223144531,420.0400085449219,421.25,419.7900085449219,420.9700012207031,58520200
355,355,355,2021-06-01,393.0351867675781,419.6700134277344,422.7200012207031,419.2000122070313,422.5700073242188,54216600
356,356,356,2021-06-02,393.6531677246094,420.3299865722656,421.2300109863281,419.2900085449219,420.3699951171875,49097100
357,357,357,2021-06-03,392.1921691894531,418.7699890136719,419.989990234375,416.2799987792969,417.8500061035156,58138800
358,358,358,2021-06-04,395.7791748046875,422.6000061035156,422.9200134277344,418.8399963378906,420.75,55938800
359,359,359,2021-06-07,395.3951416015625,422.1900024414063,422.7799987792969,421.1900024414063,422.5899963378906,51555000
360,360,360,2021-06-08,395.47943115234375,422.2799987792969,423.2099914550781,420.3200073242188,423.1099853515625,47134300
361,361,361,2021-06-09,394.889404296875,421.6499938964844,423.260009765625,421.4100036621094,423.1799926757813,48436300
362,362,362,2021-06-10,396.7250061035156,423.6099853515625,424.6300048828125,421.5499877929688,422.9599914550781,51020100
363,363,363,2021-06-11,397.3805847167969,424.30999755859375,424.4299926757813,422.8200073242188,424.2000122070313,45570800
364,364,364,2021-06-14,398.2702941894531,425.260009765625,425.3699951171875,423.1000061035156,424.4299926757813,42358500
365,365,365,2021-06-15,397.5398559570313,424.4800109863281,425.4599914550781,423.5400085449219,425.4200134277344,51508500
366,366,366,2021-06-16,395.3202209472656,422.1099853515625,424.8699951171875,419.9200134277344,424.6300048828125,80386100
367,367,367,2021-06-17,395.1890869140625,421.9700012207031,423.0199890136719,419.3200073242188,421.6700134277344,90949700
368,368,368,2021-06-18,389.85791015625,414.9200134277344,417.8299865722656,414.7000122070313,417.0899963378906,118676300
369,369,369,2021-06-21,395.4391174316406,420.8599853515625,421.05999755859375,415.9299926757813,416.7999877929688,72822000
370,370,370,2021-06-22,397.5531005859375,423.1099853515625,424.0,420.0799865722656,420.8500061035156,57700300
371,371,371,2021-06-23,397.0740051269531,422.6000061035156,424.0499877929688,422.510009765625,423.1900024414063,49445400
372,372,372,2021-06-24,399.4229431152344,425.1000061035156,425.5499877929688,424.6199951171875,424.8900146484375,45110300
373,373,373,2021-06-25,400.8417053222656,426.6099853515625,427.0899963378906,425.5499877929688,425.8999938964844,58129500
374,374,374,2021-06-28,401.64984130859375,427.4700012207031,427.6499938964844,425.8900146484375,427.1700134277344,53159600
375,375,375,2021-06-29,401.8658752441406,427.7000122070313,428.55999755859375,427.1300048828125,427.8800048828125,35970500
376,376,376,2021-06-30,402.2041015625,428.05999755859375,428.7799987792969,427.1799926757813,427.2099914550781,64827900
377,377,377,2021-07-01,404.4309997558594,430.4299926757813,430.6000061035156,428.7999877929688,428.8699951171875,53441000
378,378,378,2021-07-02,407.5222473144531,433.7200012207031,434.1000061035156,430.5199890136719,431.6700134277344,57697700
379,379,379,2021-07-06,406.7799682617188,432.9299926757813,434.010009765625,430.010009765625,433.7799987792969,68710400
380,380,380,2021-07-07,408.2175903320313,434.4599914550781,434.760009765625,431.510009765625,433.6600036621094,63549500
381,381,381,2021-07-08,404.8913879394531,430.9200134277344,431.7300109863281,427.5199890136719,428.7799987792969,97595200
382,382,382,2021-07-09,409.2135620117188,435.5199890136719,435.8399963378906,430.7099914550781,432.5299987792969,76238600
383,383,383,2021-07-12,410.6793212890625,437.0799865722656,437.3500061035156,434.9700012207031,435.4299926757813,52889600
384,384,384,2021-07-13,409.2793273925781,435.5899963378906,437.8399963378906,435.30999755859375,436.239990234375,52911300
385,385,385,2021-07-14,409.89007568359375,436.239990234375,437.9200134277344,434.9100036621094,437.3999938964844,64130400
386,386,386,2021-07-15,408.4900817871094,434.75,435.5299987792969,432.7200012207031,434.80999755859375,55126400
387,387,387,2021-07-16,405.2860107421875,431.3399963378906,436.05999755859375,430.9200134277344,436.010009765625,75874700
388,388,388,2021-07-19,399.30078125,424.9700012207031,431.4100036621094,421.9700012207031,426.1900024414063,147987000
389,389,389,2021-07-20,405.02294921875,431.05999755859375,432.4200134277344,424.8299865722656,425.6799926757813,99608200
390,390,390,2021-07-21,408.3020935058594,434.5499877929688,434.7000122070313,431.010009765625,432.3399963378906,64724400
391,391,391,2021-07-22,409.1571960449219,435.4599914550781,435.7200012207031,433.6900024414063,434.739990234375,47878500
392,392,392,2021-07-23,413.36663818359375,439.9400024414063,440.2999877929688,436.7900085449219,437.5199890136719,63766600
393,393,393,2021-07-26,414.38128662109375,441.0199890136719,441.0299987792969,439.260009765625,439.30999755859375,43719200
394,394,394,2021-07-27,412.4927673339844,439.010009765625,439.9400024414063,435.989990234375,439.9100036621094,67397100
395,395,395,2021-07-28,412.3236083984375,438.8299865722656,440.2999877929688,437.30999755859375,439.6799926757813,52472400
396,396,396,2021-07-29,414.0337219238281,440.6499938964844,441.7999877929688,439.80999755859375,439.8200073242188,47435300
397,397,397,2021-07-30,412.02294921875,438.510009765625,440.05999755859375,437.7699890136719,437.9100036621094,68951200
398,398,398,2021-08-02,411.1585388183594,437.5899963378906,440.9299926757813,437.2099914550781,440.3399963378906,58783300
399,399,399,2021-08-03,414.5035400390625,441.1499938964844,441.2799987792969,436.1000061035156,438.4400024414063,58053900
400,400,400,2021-08-04,412.4645385742188,438.9800109863281,441.1199951171875,438.7300109863281,439.7799987792969,46732200
401,401,401,2021-08-05,415.0766296386719,441.760009765625,441.8500061035156,439.8800048828125,440.2200012207031,38969700
402,402,402,2021-08-06,415.7625732421875,442.489990234375,442.9400024414063,441.7999877929688,442.1000061035156,46930000
403,403,403,2021-08-09,415.4242858886719,442.1300048828125,442.7999877929688,441.30999755859375,442.4599914550781,41222600
404,404,404,2021-08-10,415.9410095214844,442.6799926757813,443.4400024414063,441.8800048828125,442.6099853515625,43339300
405,405,405,2021-08-11,416.97467041015625,443.7799987792969,443.8800048828125,442.6199951171875,443.8200073242188,44034300
406,406,406,2021-08-12,418.2243041992188,445.1099853515625,445.260009765625,442.6600036621094,443.6199951171875,38909400
407,407,407,2021-08-13,418.9853515625,445.9200134277344,445.9400024414063,445.0700073242188,445.5899963378906,39470300
408,408,408,2021-08-16,419.9718933105469,446.9700012207031,447.1099853515625,442.8699951171875,444.5299987792969,73740000
409,409,409,2021-08-17,417.2189025878906,444.0400085449219,444.9599914550781,440.8500061035156,444.239990234375,92673900
410,410,410,2021-08-18,412.6524963378906,439.1799926757813,444.6300048828125,438.9200134277344,442.9599914550781,89351900
411,411,411,2021-08-19,413.29144287109375,439.8599853515625,441.1400146484375,436.1199951171875,436.2699890136719,92812200
412,412,412,2021-08-20,416.5799865722656,443.3599853515625,443.7099914550781,439.7099914550781,440.2300109863281,72008700
413,413,413,2021-08-23,420.2444458007813,447.260009765625,448.2300109863281,443.4400024414063,445.1600036621094,54973000
414,414,414,2021-08-24,420.9115295410156,447.9700012207031,448.5400085449219,447.4200134277344,447.9700012207031,38744700
415,415,415,2021-08-25,421.7947692871094,448.9100036621094,449.4599914550781,447.7699890136719,448.1700134277344,40529700
416,416,416,2021-08-26,419.3048400878906,446.260009765625,448.8599853515625,446.1600036621094,448.6099853515625,57829600
417,417,417,2021-08-27,423.0538635253906,450.25,450.6499938964844,447.05999755859375,447.1199951171875,77235100
418,418,418,2021-08-30,424.9142150878906,452.2300109863281,453.0700073242188,450.7099914550781,450.9700012207031,48357400
419,419,419,2021-08-31,424.28466796875,451.55999755859375,452.489990234375,450.9200134277344,452.1300048828125,59300200
420,420,420,2021-09-01,424.5101318359375,451.7999877929688,453.1099853515625,451.5499877929688,452.55999755859375,48721400
421,421,421,2021-09-02,425.8162536621094,453.1900024414063,454.0499877929688,451.9100036621094,453.3200073242188,42501000
422,422,422,2021-09-03,425.7129211425781,453.0799865722656,453.6300048828125,451.5499877929688,451.9800109863281,47170500
423,423,423,2021-09-07,424.1907958984375,451.4599914550781,452.80999755859375,450.739990234375,452.7099914550781,51671500
424,424,424,2021-09-08,423.6739807128906,450.9100036621094,451.6700134277344,448.8599853515625,450.8900146484375,56181900
425,425,425,2021-09-09,421.8605346679688,448.9800109863281,452.5700073242188,448.7200012207031,450.7000122070313,57970400
426,426,426,2021-09-10,418.5344543457031,445.4400024414063,451.489990234375,445.30999755859375,451.0400085449219,89948200
427,427,427,2021-09-13,419.60546875,446.5799865722656,448.9200134277344,444.1099853515625,448.6400146484375,83738600
428,428,428,2021-09-14,417.341064453125,444.1700134277344,448.3399963378906,443.2200012207031,448.1199951171875,78197100
429,429,429,2021-09-15,420.8269348144531,447.8800048828125,448.4100036621094,443.4400024414063,444.6199951171875,78792200
430,430,430,2021-09-16,420.1598815917969,447.1700134277344,448.3599853515625,444.0199890136719,447.3200073242188,77786700
431,431,431,2021-09-17,416.0670471191406,441.3999938964844,445.3699951171875,441.0199890136719,444.9200134277344,118425000
432,432,432,2021-09-20,409.1295166015625,434.0400085449219,436.55999755859375,428.8599853515625,434.8800048828125,166445500
433,433,433,2021-09-21,408.7430114746094,433.6300048828125,437.9100036621094,433.0700073242188,436.5299987792969,92526100
434,434,434,2021-09-22,412.730224609375,437.8599853515625,440.0299987792969,433.75,436.0499877929688,102350100
435,435,435,2021-09-23,417.744873046875,443.1799926757813,444.8900146484375,439.6000061035156,439.8500061035156,76396000
436,436,436,2021-09-24,418.4330139160156,443.9100036621094,444.6700134277344,441.2099914550781,441.4400024414063,62094800
437,437,437,2021-09-27,417.2359313964844,442.6400146484375,444.0499877929688,441.8999938964844,442.80999755859375,61371100
438,438,438,2021-09-28,408.8278198242188,433.7200012207031,440.0400085449219,432.9400024414063,439.6900024414063,130436300
439,439,439,2021-09-29,409.5160217285156,434.4500122070313,437.0400085449219,433.8500061035156,435.1900024414063,82329200
440,440,440,2021-09-30,404.5107421875,429.1400146484375,436.7699890136719,428.7799987792969,436.0199890136719,140506000
441,441,441,2021-10-01,409.3180236816406,434.239990234375,436.0299987792969,427.2300109863281,430.9800109863281,129240100
442,442,442,2021-10-04,404.0394287109375,428.6400146484375,433.9599914550781,426.3599853515625,433.0,128570000
443,443,443,2021-10-05,408.2434387207031,433.1000061035156,435.489990234375,429.3900146484375,430.239990234375,90682500
444,444,444,2021-10-06,409.9401550292969,434.8999938964844,435.1199951171875,427.5400085449219,429.2699890136719,113032200
445,445,445,2021-10-07,413.4842529296875,438.6600036621094,441.6799926757813,438.2000122070313,438.3900146484375,72437500
446,446,446,2021-10-08,412.730224609375,437.8599853515625,439.8900146484375,437.1900024414063,439.4800109863281,74557400
447,447,447,2021-10-11,409.7422180175781,434.6900024414063,440.260009765625,434.6199951171875,437.1600036621094,65233300
448,448,448,2021-10-12,408.7335205078125,433.6199951171875,436.1000061035156,432.7799987792969,435.6700134277344,71181200
449,449,449,2021-10-13,410.20404052734375,435.1799926757813,436.0499877929688,431.5400085449219,434.7099914550781,72974000
450,450,450,2021-10-14,417.1039733886719,442.5,442.6600036621094,438.5799865722656,439.0799865722656,70236800
451,451,451,2021-10-15,420.2805480957031,445.8699951171875,446.260009765625,444.0899963378906,444.75,66260200
452,452,452,2021-10-18,421.5247802734375,447.1900024414063,447.5499877929688,443.2699890136719,443.9700012207031,62213200
453,453,453,2021-10-19,424.7768249511719,450.6400146484375,450.7099914550781,448.2699890136719,448.9200134277344,46996800
454,454,454,2021-10-20,426.44525146484375,452.4100036621094,452.7300109863281,451.010009765625,451.1300048828125,49571600
455,455,455,2021-10-21,427.5574951171875,453.5899963378906,453.8299865722656,451.30999755859375,451.7699890136719,41305400
456,456,456,2021-10-22,427.1144409179688,453.1199951171875,454.6700134277344,451.0499877929688,453.1300048828125,58845100
457,457,457,2021-10-25,429.4049682617188,455.5499877929688,455.8999938964844,452.3900146484375,454.2799987792969,45214500
458,458,458,2021-10-26,429.7914123535156,455.9599914550781,458.489990234375,455.55999755859375,457.2000122070313,56075100
459,459,459,2021-10-27,427.8873901367188,453.9400024414063,457.1600036621094,453.8599853515625,456.4500122070313,72438000
460,460,460,2021-10-28,432.0160217285156,458.3200073242188,458.3999938964844,455.4500122070313,455.4599914550781,51437900
461,461,461,2021-10-29,432.8927307128906,459.25,459.55999755859375,455.55999755859375,455.8699951171875,70162400
462,462,462,2021-11-01,433.6373291015625,460.0400085449219,460.7000122070313,458.2000122070313,460.2999877929688,48433600
463,463,463,2021-11-02,435.39056396484375,461.8999938964844,462.2300109863281,460.0799865722656,460.2200012207031,48908400
464,464,464,2021-11-03,438.0486755371094,464.7200012207031,465.1499938964844,460.8299865722656,461.2999877929688,52509800
465,465,465,2021-11-04,440.1130065917969,466.9100036621094,467.0,464.989990234375,465.3599853515625,52847100
466,466,466,2021-11-05,441.64013671875,468.5299987792969,470.6499938964844,466.9200134277344,469.2799987792969,66390600
467,467,467,2021-11-08,442.0170593261719,468.9299926757813,470.2300109863281,468.2000122070313,469.7000122070313,50405200
468,468,468,2021-11-09,440.5560607910156,467.3800048828125,469.5700073242188,465.8800048828125,469.3200073242188,51149100
469,469,469,2021-11-10,437.0118713378906,463.6199951171875,467.3800048828125,462.0400085449219,465.5799865722656,69429700
470,470,470,2021-11-11,437.1531372070313,463.7699890136719,465.2900085449219,463.75,465.2099914550781,34848500
471,471,471,2021-11-12,440.4523010253906,467.2699890136719,467.8599853515625,464.1099853515625,465.1199951171875,53466700
472,472,472,2021-11-15,440.6031799316406,467.4299926757813,468.80999755859375,466.2300109863281,468.6400146484375,46980500
473,473,473,2021-11-16,442.3469543457031,469.2799987792969,470.489990234375,467.0700073242188,467.1499938964844,48857500
474,474,474,2021-11-17,441.27239990234375,468.1400146484375,469.1900024414063,467.4800109863281,469.0,47858300
475,475,475,2021-11-18,442.7712097167969,469.7300109863281,470.010009765625,466.3399963378906,469.239990234375,50625600
476,476,476,2021-11-19,441.9794006347656,468.8900146484375,470.9400024414063,468.5,469.6099853515625,57315600
477,477,477,2021-11-22,440.735107421875,467.5700073242188,473.5400085449219,467.3500061035156,470.8900146484375,72762000
478,478,478,2021-11-23,441.319580078125,468.1900024414063,469.1000061035156,464.4500122070313,467.2200012207031,73206500
479,479,479,2021-11-24,442.497802734375,469.4400024414063,469.5700073242188,465.1900024414063,466.05999755859375,61858800
480,480,480,2021-11-26,432.6286926269531,458.9700012207031,463.8999938964844,457.7699890136719,462.3399963378906,112669600
481,481,481,2021-11-29,437.93560791015625,464.6000061035156,466.55999755859375,461.7300109863281,464.0700073242188,86268800
482,482,482,2021-11-30,429.4143981933594,455.55999755859375,464.0299987792969,455.2999877929688,462.0,148559600
483,483,483,2021-12-01,424.6448669433594,450.5,464.6700134277344,450.2900085449219,461.6400146484375,131939200
484,484,484,2021-12-02,431.1487731933594,457.3999938964844,459.0700073242188,450.30999755859375,450.7300109863281,127637800
485,485,485,2021-12-03,427.3972778320313,453.4200134277344,460.2999877929688,448.9200134277344,459.1700134277344,137331600
486,486,486,2021-12-06,432.4590148925781,458.7900085449219,460.7900085449219,453.55999755859375,456.1300048828125,98977500
487,487,487,2021-12-07,441.4043884277344,468.2799987792969,468.8800048828125,458.6499938964844,464.4100036621094,95484700
488,488,488,2021-12-08,442.5732421875,469.5199890136719,470.0,466.8299865722656,468.7000122070313,72238800
489,489,489,2021-12-09,439.5851745605469,466.3500061035156,469.6300048828125,466.1400146484375,468.1499938964844,61272600
490,490,490,2021-12-10,443.7231750488281,470.739990234375,470.8999938964844,466.510009765625,469.2300109863281,77159800
491,491,491,2021-12-13,439.7925415039063,466.5700073242188,470.55999755859375,466.2699890136719,470.1900024414063,87724700
492,492,492,2021-12-14,436.7667846679688,463.3599853515625,465.739990234375,460.25,463.0899963378906,97264100
493,493,493,2021-12-15,443.5911865234375,470.6000061035156,470.8599853515625,460.739990234375,463.4200134277344,116899300
494,494,494,2021-12-16,439.6794738769531,466.4500122070313,472.8699951171875,464.7999877929688,472.5700073242188,116568600
495,495,495,2021-12-17,434.9999694824219,459.8699951171875,464.739990234375,458.05999755859375,461.5499877929688,135511600
496,496,496,2021-12-20,430.37445068359375,454.9800109863281,455.3999938964844,451.1400146484375,454.4800109863281,107134800
497,497,497,2021-12-21,438.0174560546875,463.05999755859375,463.2099914550781,456.30999755859375,458.6099853515625,69806300
498,498,498,2021-12-22,442.3970336914063,467.6900024414063,467.80999755859375,462.5799865722656,462.7900085449219,58890200
499,499,499,2021-12-23,445.1497192382813,470.6000061035156,472.1900024414063,468.6400146484375,468.75,56439700
500,500,500,2021-12-27,451.4495239257813,477.260009765625,477.30999755859375,472.010009765625,472.05999755859375,56808600
501,501,501,2021-12-28,451.08056640625,476.8699951171875,478.80999755859375,476.05999755859375,477.7200012207031,47274600
502,502,502,2021-12-29,451.6576232910156,477.4800109863281,478.55999755859375,475.9200134277344,476.9800109863281,54503000
503,503,503,2021-12-30,450.4089965820313,476.1600036621094,479.0,475.6700134277344,477.9299926757813,55329000
504,504,504,2021-12-31,449.2738952636719,474.9599914550781,476.8599853515625,474.6700134277344,475.6400146484375,65237400
505,505,505,2022-01-03,451.8751220703125,477.7099914550781,477.8500061035156,473.8500061035156,476.2999877929688,72668200
506,506,506,2022-01-04,451.7237854003906,477.5499877929688,479.9800109863281,475.5799865722656,479.2200012207031,71178700
507,507,507,2022-01-05,443.0497131347656,468.3800048828125,477.9800109863281,468.2799987792969,477.1600036621094,104538900
508,508,508,2022-01-06,442.6335754394531,467.9400024414063,470.8200073242188,465.4299926757813,467.8900146484375,86858900
509,509,509,2022-01-07,440.8834838867188,466.0899963378906,469.2000122070313,464.6499938964844,467.9500122070313,85111600
510,510,510,2022-01-10,440.3349609375,465.510009765625,465.739990234375,456.6000061035156,462.7000122070313,119362000
511,511,511,2022-01-11,444.34564208984375,469.75,469.8500061035156,462.0499877929688,465.2300109863281,74303100
512,512,512,2022-01-12,445.54693603515625,471.0199890136719,473.2000122070313,468.9400024414063,471.5899963378906,67605400
513,513,513,2022-01-13,439.407958984375,464.5299987792969,472.8800048828125,463.4400024414063,472.1900024414063,91173100
514,514,514,2022-01-14,439.5876770019531,464.7200012207031,465.0899963378906,459.8999938964844,461.1900024414063,95890900
515,515,515,2022-01-18,431.8027648925781,456.489990234375,459.9599914550781,455.30999755859375,459.739990234375,109709100
516,516,516,2022-01-19,427.3191223144531,451.75,459.6099853515625,451.4599914550781,458.1300048828125,109357600
517,517,517,2022-01-20,422.5894470214844,446.75,458.739990234375,444.5,453.75,122379700
518,518,518,2022-01-21,414.2937622070313,437.9800109863281,448.05999755859375,437.9500122070313,445.55999755859375,202271200
519,519,519,2022-01-24,416.0531921386719,439.8399963378906,440.3800048828125,420.760009765625,432.0299987792969,251783900
520,520,520,2022-01-25,410.9736022949219,434.4700012207031,439.7200012207031,427.1499938964844,433.05999755859375,167997300
521,521,521,2022-01-26,409.9425964355469,433.3800048828125,444.0400085449219,428.8599853515625,440.7200012207031,186391100
522,522,522,2022-01-27,407.9182739257813,431.239990234375,441.5899963378906,429.4500122070313,438.260009765625,149878300
523,523,523,2022-01-28,418.049072265625,441.9500122070313,442.0,427.8200073242188,432.6799926757813,164457400
524,524,524,2022-01-31,425.5786437988281,449.9100036621094,450.2799987792969,439.80999755859375,441.239990234375,152251400
525,525,525,2022-02-01,428.4542541503906,452.9500122070313,453.6300048828125,446.9400024414063,450.6799926757813,123155400
526,526,526,2022-02-02,432.61627197265625,457.3500061035156,458.1199951171875,453.0499877929688,455.5,117361000
527,527,527,2022-02-03,422.4476013183594,446.6000061035156,452.9700012207031,445.7099914550781,450.9500122070313,118024400
528,528,528,2022-02-04,424.4340515136719,448.7000122070313,452.7799987792969,443.8299865722656,446.3500061035156,118454400
529,529,529,2022-02-07,423.0719604492188,447.260009765625,450.989990234375,445.8500061035156,449.510009765625,84472900
530,530,530,2022-02-08,426.5529174804688,450.9400024414063,451.9200134277344,445.2200012207031,446.7300109863281,81012000
531,531,531,2022-02-09,432.7959899902344,457.5400085449219,457.8800048828125,455.010009765625,455.2200012207031,92589900
532,532,532,2022-02-10,425.0205078125,449.3200073242188,457.7099914550781,447.2000122070313,451.3399963378906,140103700
533,533,533,2022-02-11,416.6397399902344,440.4599914550781,451.6099853515625,438.9400024414063,449.4100036621094,153214600
534,534,534,2022-02-14,415.2775268554688,439.0199890136719,441.6000061035156,435.3399963378906,439.9200134277344,123006300
535,535,535,2022-02-15,421.97467041015625,446.1000061035156,446.2799987792969,443.1799926757813,443.7300109863281,88482700
536,536,536,2022-02-16,422.4476013183594,446.6000061035156,448.05999755859375,441.9400024414063,443.9299926757813,84863600
537,537,537,2022-02-17,413.4234924316406,437.05999755859375,446.5700073242188,436.4200134277344,443.2200012207031,102259100
538,538,538,2022-02-18,410.7465515136719,434.2300109863281,438.6600036621094,431.8200073242188,437.3299865722656,132642900
539,539,539,2022-02-22,406.338623046875,429.5700073242188,435.5,425.8599853515625,431.8900146484375,124391800
540,540,540,2022-02-23,399.1307373046875,421.9500122070313,433.260009765625,421.3500061035156,432.6600036621094,132578000
541,541,541,2022-02-24,405.1372375488281,428.2999877929688,428.760009765625,410.6400146484375,411.0199890136719,213942900
542,542,542,2022-02-25,414.0761413574219,437.75,437.8399963378906,427.8599853515625,429.6099853515625,121804500
543,543,543,2022-02-28,413.0168151855469,436.6300048828125,438.2000122070313,430.7000122070313,432.0299987792969,145615000
544,544,544,2022-03-01,406.7264099121094,429.9800109863281,437.1700134277344,427.1099853515625,435.0400085449219,137785900
545,545,545,2022-03-02,414.2086791992188,437.8900146484375,439.7200012207031,431.5700073242188,432.3699951171875,117726500
546,546,546,2022-03-03,412.146484375,435.7099914550781,441.1099853515625,433.7999877929688,440.4700012207031,105501700
547,547,547,2022-03-04,408.7980041503906,432.1700134277344,433.3699951171875,427.8800048828125,431.75,113978200
548,548,548,2022-03-07,396.7469787597656,419.4299926757813,432.2999877929688,419.3599853515625,431.5499877929688,137896600
549,549,549,2022-03-08,393.7389526367188,416.25,427.2099914550781,415.1199951171875,419.6199951171875,164772700
550,550,550,2022-03-09,404.29541015625,427.4100036621094,429.510009765625,422.8200073242188,425.1400146484375,116990800
551,551,551,2022-03-10,402.46978759765625,425.4800109863281,426.4299926757813,420.4400024414063,422.5199890136719,93972700
552,552,552,2022-03-11,397.3523864746094,420.0700073242188,428.7699890136719,419.5299987792969,428.1199951171875,95636300
553,553,553,2022-03-14,394.4483642578125,417.0,424.5499877929688,415.7900085449219,420.8900146484375,95729200
554,554,554,2022-03-15,403.12249755859375,426.1700134277344,426.8399963378906,418.4200134277344,419.7699890136719,106219100
555,555,555,2022-03-16,412.0614318847656,435.6199951171875,435.6799926757813,424.7999877929688,429.8900146484375,144954800
556,556,556,2022-03-17,417.2166748046875,441.0700073242188,441.0700073242188,433.1900024414063,433.5899963378906,102676900
557,557,557,2022-03-18,421.7863159179688,444.5199890136719,444.8599853515625,437.2200012207031,438.0,106345500
558,558,558,2022-03-21,421.6629638671875,444.3900146484375,446.4599914550781,440.6799926757813,444.3399963378906,88349800
559,559,559,2022-03-22,426.5969848632813,449.5899963378906,450.5799865722656,445.8599853515625,445.8599853515625,74650400
560,560,560,2022-03-23,421.1031799316406,443.7999877929688,448.489990234375,443.7099914550781,446.9100036621094,79426100
561,561,561,2022-03-24,427.4510192871094,450.489990234375,450.5,444.760009765625,445.9400024414063,64736900
562,562,562,2022-03-25,429.53851318359375,452.6900024414063,452.9800109863281,448.4299926757813,451.1600036621094,77101300
563,563,563,2022-03-28,432.5938415527344,455.9100036621094,455.9100036621094,450.05999755859375,452.05999755859375,68529800
564,564,564,2022-03-29,437.9453430175781,461.5499877929688,462.0700073242188,457.1799926757813,460.0199890136719,86581500
565,565,565,2022-03-30,435.2412109375,458.7000122070313,461.2000122070313,456.4700012207031,460.3399963378906,79666900
566,566,566,2022-03-31,428.5423278808594,451.6400146484375,458.760009765625,451.1600036621094,457.8900146484375,121699900
567,567,567,2022-04-01,429.7568359375,452.9200134277344,453.4599914550781,449.1400146484375,453.30999755859375,89048800
568,568,568,2022-04-04,433.4383544921875,456.7999877929688,456.9100036621094,452.260009765625,453.1300048828125,59601000
569,569,569,2022-04-05,427.96337890625,451.0299987792969,457.8299865722656,449.8200073242188,455.2200012207031,74214500
570,570,570,2022-04-06,423.6840515136719,446.5199890136719,448.9299926757813,443.4700012207031,446.8900146484375,106898000
571,571,571,2022-04-07,425.8189392089844,448.7699890136719,450.6900024414063,443.5299987792969,445.5899963378906,78097200
572,572,572,2022-04-08,424.6803588867188,447.5700073242188,450.6300048828125,445.9400024414063,447.9700012207031,79272700
573,573,573,2022-04-11,417.4216613769531,439.9200134277344,445.0,439.3900146484375,444.1099853515625,89770500
574,574,574,2022-04-12,415.875,438.2900085449219,445.75,436.6499938964844,443.0799865722656,84363600
575,575,575,2022-04-13,420.6382751464844,443.30999755859375,444.1099853515625,437.8399963378906,438.0299987792969,74070400
576,576,576,2022-04-14,415.4005737304688,437.7900085449219,444.7300109863281,437.6799926757813,443.5499877929688,97869500
577,577,577,2022-04-18,415.5713195800781,437.9700012207031,439.75,435.6099853515625,436.80999755859375,66002500
578,578,578,2022-04-19,422.2797546386719,445.0400085449219,445.7999877929688,437.6799926757813,437.8599853515625,77821000
579,579,579,2022-04-20,421.9666442871094,444.7099914550781,447.5700073242188,443.4800109863281,446.9200134277344,65224400
580,580,580,2022-04-21,415.6567077636719,438.05999755859375,450.010009765625,437.1000061035156,448.5400085449219,85417300
581,581,581,2022-04-22,404.25146484375,426.0400085449219,438.0799865722656,425.4400024414063,436.9100036621094,132471800
582,582,582,2022-04-25,406.5951232910156,428.510009765625,428.6900024414063,418.8399963378906,423.6700134277344,119647700
583,583,583,2022-04-26,394.81982421875,416.1000061035156,426.0400085449219,416.0700073242188,425.8299865722656,103996300
584,584,584,2022-04-27,395.9299621582031,417.2699890136719,422.9200134277344,415.010009765625,417.239990234375,122030000
585,585,585,2022-04-28,405.930908203125,427.80999755859375,429.6400146484375,417.6000061035156,422.2900085449219,105449100
586,586,586,2022-04-29,390.9294738769531,412.0,425.8699951171875,411.2099914550781,423.5899963378906,145491100
587,587,587,2022-05-02,393.2826843261719,414.4800109863281,415.9200134277344,405.0199890136719,412.0700073242188,158312500
588,588,588,2022-05-03,395.0855102539063,416.3800048828125,418.9299926757813,413.3599853515625,415.010009765625,100028200
589,589,589,2022-05-04,407.116943359375,429.05999755859375,429.6600036621094,413.7099914550781,417.0799865722656,144247900
590,590,590,2022-05-05,392.64691162109375,413.80999755859375,425.0,409.4400024414063,424.5499877929688,172929100
591,591,591,2022-05-06,390.30322265625,411.3399963378906,414.7999877929688,405.7300109863281,411.1000061035156,151770800
592,592,592,2022-05-09,377.80670166015625,398.1700134277344,406.4100036621094,396.5,405.1000061035156,155586100
593,593,593,2022-05-10,378.6797790527344,399.0899963378906,406.0799865722656,394.8200073242188,404.489990234375,132497200
594,594,594,2022-05-11,372.66400146484375,392.75,404.0400085449219,391.9599914550781,398.0700073242188,142361000
595,595,595,2022-05-12,372.2749633789063,392.3399963378906,395.7999877929688,385.1499938964844,389.3699951171875,125090800
596,596,596,2022-05-13,381.1752624511719,401.7200012207031,403.1799926757813,395.6099853515625,396.7099914550781,104174400
597,597,597,2022-05-16,379.6286010742188,400.0899963378906,403.9700012207031,397.6000061035156,399.9800109863281,78622400
598,598,598,2022-05-17,387.4376525878906,408.3200073242188,408.5700073242188,402.5799865722656,406.5299987792969,83029700
599,599,599,2022-05-18,371.8194274902344,391.8599853515625,403.7999877929688,390.5499877929688,403.5,117674500
600,600,600,2022-05-19,369.542236328125,389.4599914550781,394.1400146484375,387.1099853515625,388.6199951171875,98510700
601,601,601,2022-05-20,369.7035827636719,389.6300048828125,397.0299987792969,380.5400085449219,393.25,131432200
602,602,602,2022-05-23,376.6207275390625,396.9200134277344,397.7300109863281,390.3800048828125,392.8299865722656,76414900
603,603,603,2022-05-24,373.7456665039063,393.8900146484375,395.1499938964844,386.9599914550781,392.55999755859375,91448800
604,604,604,2022-05-25,377.0477294921875,397.3699951171875,399.4500122070313,391.8900146484375,392.30999755859375,91472900
605,605,605,2022-05-26,384.5816040039063,405.30999755859375,407.0400085449219,398.4500122070313,398.6700134277344,82168300
606,606,606,2022-05-27,394.0227661132813,415.260009765625,415.3800048828125,407.7000122070313,407.9100036621094,84768700
607,607,607,2022-05-31,391.81195068359375,412.9299926757813,416.4599914550781,410.0299987792969,413.5499877929688,95937000
608,608,608,2022-06-01,388.6427307128906,409.5899963378906,416.239990234375,406.9299926757813,415.1700134277344,86585800
609,609,609,2022-06-02,396.0438232421875,417.3900146484375,417.4400024414063,407.0400085449219,409.4200134277344,79609600
610,610,610,2022-06-03,389.5441589355469,410.5400085449219,414.0400085449219,409.510009765625,412.3999938964844,71874300
611,611,611,2022-06-06,390.7302551269531,411.7900085449219,416.6099853515625,410.5499877929688,414.7799987792969,57508900
612,612,612,2022-06-07,394.4782104492188,415.739990234375,416.2200012207031,407.6099853515625,408.1000061035156,59272400
613,613,613,2022-06-08,390.1894226074219,411.2200012207031,415.8200073242188,410.3800048828125,413.9299926757813,64350000
614,614,614,2022-06-09,380.9095764160156,401.4400024414063,411.739990234375,401.4400024414063,409.3399963378906,86289800
615,615,615,2022-06-10,369.8648376464844,389.7999877929688,395.7799987792969,389.75,394.8800048828125,132893900
616,616,616,2022-06-13,355.82177734375,375.0,381.80999755859375,373.2999877929688,379.8500061035156,170004900
617,617,617,2022-06-14,354.74957275390625,373.8699951171875,377.9400024414063,370.5899963378906,376.8500061035156,104011800
618,618,618,2022-06-15,359.8070068359375,379.2000122070313,383.8999938964844,372.1199951171875,377.3599853515625,125666800
619,619,619,2022-06-16,347.8987731933594,366.6499938964844,370.9400024414063,364.0799865722656,370.510009765625,134473300
620,620,620,2022-06-17,348.6488342285156,365.8599853515625,369.3800048828125,362.1700134277344,365.510009765625,111113900
621,621,621,2022-06-21,357.4255065917969,375.0700073242188,376.5299987792969,371.80999755859375,371.8900146484375,76811900
622,622,622,2022-06-22,356.7774963378906,374.3900146484375,378.7200012207031,370.1799926757813,370.6199951171875,90059400
623,623,623,2022-06-23,360.2748718261719,378.05999755859375,378.8299865722656,372.8900146484375,376.6400146484375,79292100
624,624,624,2022-06-24,371.7293701171875,390.0799865722656,390.0899963378906,381.3699951171875,381.3999938964844,98050300
625,625,625,2022-06-27,370.3094482421875,388.5899963378906,391.3599853515625,387.4400024414063,391.0499877929688,66009600
626,626,626,2022-06-28,362.7429809570313,380.6499938964844,393.1600036621094,380.5299987792969,390.2300109863281,86548900
627,627,627,2022-06-29,362.4476013183594,380.3399963378906,382.2699890136719,378.4200134277344,381.2300109863281,65676000
628,628,628,2022-06-30,359.5029296875,377.25,380.6600036621094,372.55999755859375,376.239990234375,112508300
629,629,629,2022-07-01,363.3052368164063,381.239990234375,381.7000122070313,373.7999877929688,376.55999755859375,74839700
630,630,630,2022-07-05,363.9913940429688,381.9599914550781,381.9800109863281,372.8999938964844,375.8800048828125,81438000
631,631,631,2022-07-06,365.220703125,383.25,385.8699951171875,379.6000061035156,382.1099853515625,70426200
632,632,632,2022-07-07,370.6906433105469,388.989990234375,389.8299865722656,383.2699890136719,385.1199951171875,64525900
633,633,633,2022-07-08,370.3857116699219,388.6700134277344,390.6400146484375,385.6600036621094,387.2699890136719,72397800
634,634,634,2022-07-11,366.1545715332031,384.2300109863281,386.8699951171875,383.5,385.8500061035156,58366900
635,635,635,2022-07-12,362.9145202636719,380.8299865722656,386.1600036621094,378.989990234375,383.6499938964844,62219200
636,636,636,2022-07-13,361.0086364746094,378.8299865722656,381.9200134277344,374.6600036621094,375.1000061035156,84224600
637,637,637,2022-07-14,360.1319885253906,377.9100036621094,379.0499877929688,371.0400085449219,373.6099853515625,89704800
638,638,638,2022-07-15,367.0122375488281,385.1300048828125,385.25,380.5400085449219,382.5499877929688,79060400
639,639,639,2022-07-18,363.9819030761719,381.9500122070313,389.0899963378906,380.6600036621094,388.3800048828125,63203600
640,640,640,2022-07-19,373.8163146972656,392.2699890136719,392.8699951171875,385.3900146484375,386.0799865722656,78506000
641,641,641,2022-07-20,376.1987915039063,394.7699890136719,396.260009765625,391.0299987792969,392.4700012207031,71843800
642,642,642,2022-07-21,380.0296325683594,398.7900085449219,398.8399963378906,391.6300048828125,394.1600036621094,64903900
643,643,643,2022-07-22,376.5037231445313,395.0899963378906,400.1799926757813,392.75,398.9200134277344,72197300
644,644,644,2022-07-25,376.9610900878906,395.5700073242188,396.4700012207031,393.2099914550781,395.75,53631500
645,645,645,2022-07-26,372.5013122558594,390.8900146484375,394.05999755859375,389.9500122070313,393.8399963378906,52946400
646,646,646,2022-07-27,382.1737976074219,401.0400085449219,402.8800048828125,394.0499877929688,394.3599853515625,82342100
647,647,647,2022-07-28,386.9671936035156,406.0700073242188,406.7999877929688,398.1499938964844,401.8900146484375,73966600
648,648,648,2022-07-29,392.6087036132813,411.989990234375,413.0299987792969,406.7699890136719,407.5799865722656,87003700
649,649,649,2022-08-01,391.4460144042969,410.7699890136719,413.4100036621094,408.3999938964844,409.1499938964844,69997500
650,650,650,2022-08-02,388.8634948730469,408.05999755859375,413.0,406.8200073242188,409.1199951171875,63435400
651,651,651,2022-08-03,394.9529418945313,414.4500122070313,415.6799926757813,410.0,410.2999877929688,67820600
652,652,652,2022-08-04,394.6861572265625,414.1700134277344,415.0899963378906,412.4400024414063,414.3699951171875,45656600
653,653,653,2022-08-05,394.01904296875,413.4700012207031,414.1499938964844,409.6000061035156,409.6600036621094,56814900
654,654,654,2022-08-08,393.5616149902344,412.989990234375,417.6199951171875,411.8299865722656,415.25,53886100
655,655,655,2022-08-09,391.9988403320313,411.3500061035156,412.75,410.2200012207031,412.2200012207031,44931800
656,656,656,2022-08-10,400.2323303222656,419.989990234375,420.1400146484375,416.7200012207031,418.7799987792969,68665700
657,657,657,2022-08-11,400.2323303222656,419.989990234375,424.9500122070313,419.2099914550781,422.989990234375,59489700
658,658,658,2022-08-12,407.0078430175781,427.1000061035156,427.2099914550781,421.0299987792969,422.0299987792969,61694500
659,659,659,2022-08-15,408.68499755859375,428.8599853515625,429.4100036621094,424.7099914550781,424.7699890136719,54048300
660,660,660,2022-08-16,409.4855041503906,429.7000122070313,431.7300109863281,426.8800048828125,427.7300109863281,59289000
661,661,661,2022-08-17,406.5790100097656,426.6499938964844,429.5,424.5400085449219,425.9100036621094,63563400
662,662,662,2022-08-18,407.7607116699219,427.8900146484375,428.6099853515625,425.5,426.8599853515625,49023200
663,663,663,2022-08-19,402.28118896484375,422.1400146484375,425.260009765625,421.2200012207031,424.9800109863281,68016900
664,664,664,2022-08-22,393.9046325683594,413.3500061035156,417.2300109863281,412.3999938964844,417.0499877929688,77695600
665,665,665,2022-08-23,392.9516906738281,412.3500061035156,415.4200134277344,411.7699890136719,412.8999938964844,49105200
666,666,666,2022-08-24,394.209716796875,413.6700134277344,415.1099853515625,411.3900146484375,412.1099853515625,49177800
667,667,667,2022-08-25,399.7749328613281,419.510009765625,419.55999755859375,414.0899963378906,415.239990234375,50942300
668,668,668,2022-08-26,386.2428894042969,405.30999755859375,419.9599914550781,405.25,419.3900146484375,103087000
669,669,669,2022-08-29,383.6890258789063,402.6300048828125,405.8399963378906,401.2000122070313,402.2000122070313,65370800
670,670,670,2022-08-30,379.4768981933594,398.2099914550781,404.1000061035156,396.0,403.8500061035156,85652400
671,671,671,2022-08-31,376.5894470214844,395.1799926757813,401.239990234375,395.0400085449219,399.9299926757813,76029700
672,672,672,2022-09-01,377.7711181640625,396.4200134277344,396.7799987792969,390.0400085449219,392.8900146484375,78740100
673,673,673,2022-09-02,373.7877807617188,392.239990234375,401.55999755859375,390.3299865722656,400.2799987792969,99632100
674,674,674,2022-09-06,372.37744140625,390.760009765625,394.1199951171875,388.4200134277344,393.1300048828125,76637400
675,675,675,2022-09-07,379.0671691894531,397.7799987792969,398.5899963378906,390.2000122070313,390.4299926757813,70964200
676,676,676,2022-09-08,381.5448303222656,400.3800048828125,400.8599853515625,394.1199951171875,395.3900146484375,80821700
677,677,677,2022-09-09,387.4722290039063,406.6000061035156,407.510009765625,402.4599914550781,402.739990234375,76706900
678,678,678,2022-09-12,391.6365966796875,410.9700012207031,411.7300109863281,408.4599914550781,408.7799987792969,69256300
679,679,679,2022-09-13,374.6073303222656,393.1000061035156,403.1000061035156,391.9200134277344,401.8299865722656,122947100
680,680,680,2022-09-14,376.0367736816406,394.6000061035156,396.2000122070313,391.1199951171875,394.4700012207031,85023700
681,681,681,2022-09-15,371.76751708984375,390.1199951171875,395.9599914550781,388.7799987792969,392.9599914550781,87633800
682,682,682,2022-09-16,368.9313659667969,385.55999755859375,386.25,382.1099853515625,384.1400146484375,103084800
683,683,683,2022-09-19,371.7923889160156,388.5499877929688,388.5499877929688,382.1799926757813,382.260009765625,73278500
684,684,684,2022-09-20,367.5247802734375,384.0899963378906,386.1199951171875,381.2000122070313,385.05999755859375,77274900
685,685,685,2022-09-21,361.11370849609375,377.3900146484375,389.30999755859375,377.3800048828125,386.1099853515625,106746600
686,686,686,2022-09-22,358.0804443359375,374.2200012207031,378.2999877929688,373.4400024414063,376.5799865722656,89472600
687,687,687,2022-09-23,352.0808410644531,367.9500122070313,370.6199951171875,363.2900085449219,370.5799865722656,122346900
688,688,688,2022-09-26,348.5977783203125,364.30999755859375,370.2099914550781,363.0299987792969,366.4100036621094,92581200
689,689,689,2022-09-27,347.7079467773437,363.3800048828125,370.3999938964844,360.8699951171875,368.0199890136719,108294100
690,690,690,2022-09-28,354.54962158203125,370.5299987792969,372.2999877929688,362.6000061035156,364.3800048828125,110802200
691,691,691,2022-09-29,347.14337158203125,362.7900085449219,367.1099853515625,359.70001220703125,366.80999755859375,112952300
692,692,692,2022-09-30,341.7753295898437,357.17999267578125,365.9100036621094,357.0400085449219,361.7999877929688,153711200
693,693,693,2022-10-03,350.7986145019531,366.6099853515625,368.5499877929688,359.2099914550781,361.0799865722656,89756500
694,694,694,2022-10-04,361.6686706542969,377.9700012207031,378.0,366.5700073242188,372.3999938964844,103602800
695,695,695,2022-10-05,360.82659912109375,377.0899963378906,379.4599914550781,370.9500122070313,373.3900146484375,88065700
696,696,696,2022-10-06,357.1044311523437,373.2000122070313,378.7200012207031,372.6799926757813,375.6199951171875,82333500
697,697,697,2022-10-07,347.14337158203125,362.7900085449219,373.2900085449219,360.9400024414063,368.9700012207031,107789500
698,698,698,2022-10-10,344.4927978515625,360.0199890136719,364.2099914550781,357.6700134277344,363.9599914550781,76042800
699,699,699,2022-10-11,342.3111572265625,357.739990234375,363.0299987792969,355.7099914550781,358.239990234375,92482800
700,700,700,2022-10-12,341.1820678710937,356.5599975585937,359.82000732421875,356.29998779296875,358.1700134277344,76991800
701,701,701,2022-10-13,350.1861877441406,365.9700012207031,367.510009765625,348.1099853515625,349.2099914550781,147254500
702,702,702,2022-10-14,342.20587158203125,357.6300048828125,370.260009765625,356.9599914550781,368.5499877929688,123737000
703,703,703,2022-10-17,350.9996032714844,366.8200073242188,367.9800109863281,357.2799987792969,364.010009765625,93168200
704,704,704,2022-10-18,355.1236572265625,371.1300048828125,375.4500122070313,367.5199890136719,375.1300048828125,97162900
705,705,705,2022-10-19,352.60711669921875,368.5,371.8500061035156,365.5499877929688,368.989990234375,79746900
706,706,706,2022-10-20,349.6503601074219,365.4100036621094,372.6700134277344,364.6099853515625,368.0299987792969,88283100
707,707,707,2022-10-21,358.1473999023437,374.2900085449219,374.7999877929688,363.5400085449219,365.1199951171875,131038400
708,708,708,2022-10-24,362.5298767089844,378.8699951171875,380.05999755859375,373.1099853515625,375.8900146484375,85436900
709,709,709,2022-10-25,368.3189086914063,384.9200134277344,385.25,378.6700134277344,378.7900085449219,78846300
710,710,710,2022-10-26,365.54400634765625,382.0199890136719,387.5799865722656,381.3500061035156,381.6199951171875,104087300
711,711,711,2022-10-27,363.5919799804688,379.9800109863281,385.0,379.3299865722656,383.0700073242188,81971800
712,712,712,2022-10-28,372.2420654296875,389.0199890136719,389.5199890136719,379.6799926757813,379.8699951171875,100302000
713,713,713,2022-10-31,369.5533142089844,386.2099914550781,388.3999938964844,385.260009765625,386.4400024414063,96631300
714,714,714,2022-11-01,367.9361877441406,384.5199890136719,390.3900146484375,383.2900085449219,390.1400146484375,85407600
715,715,715,2022-11-02,358.702392578125,374.8699951171875,388.6300048828125,374.760009765625,383.8999938964844,126990400
716,716,716,2022-11-03,355.0089111328125,371.010009765625,374.2000122070313,368.7900085449219,371.4700012207031,87100100
717,717,717,2022-11-04,360.1185302734375,376.3500061035156,378.8699951171875,370.0,377.0,103505200
718,718,718,2022-11-07,363.5633239746094,379.9500122070313,380.5700073242188,375.5299987792969,377.7099914550781,68286900
719,719,719,2022-11-08,365.5248718261719,382.0,385.1199951171875,377.7200012207031,381.1099853515625,84641100
720,720,720,2022-11-09,357.99432373046875,374.1300048828125,381.1400146484375,373.6099853515625,379.9299926757813,78495500
721,721,721,2022-11-10,377.6675720214844,394.6900024414063,395.0400085449219,385.6400146484375,388.0499877929688,141455800
722,722,722,2022-11-11,381.3228454589844,398.510009765625,399.3500061035156,393.6099853515625,395.5899963378906,93839900
723,723,723,2022-11-14,378.0790100097656,395.1199951171875,400.1799926757813,394.8299865722656,396.6600036621094,71903500
724,724,724,2022-11-15,381.3037414550781,398.489990234375,402.30999755859375,394.489990234375,401.1499938964844,93194500
725,725,725,2022-11-16,378.3948364257813,395.4500122070313,397.7799987792969,394.7900085449219,396.7799987792969,68508500
726,726,726,2022-11-17,377.2369384765625,394.239990234375,394.9500122070313,390.1400146484375,390.4599914550781,74496300
727,727,727,2022-11-18,378.9497375488281,396.0299987792969,397.80999755859375,393.0400085449219,397.739990234375,92922500
728,728,728,2022-11-21,377.5718688964844,394.5899963378906,395.8200073242188,392.6600036621094,394.6400146484375,51243200
729,729,729,2022-11-22,382.6529235839844,399.8999938964844,400.0700073242188,395.1499938964844,396.6300048828125,60429000
730,730,730,2022-11-23,385.0641479492188,402.4200134277344,402.9299926757813,399.30999755859375,399.5499877929688,68261600
731,731,731,2022-11-25,384.9780883789063,402.3299865722656,402.9100036621094,401.5400085449219,401.8299865722656,30545400
732,732,732,2022-11-28,378.8348693847656,395.9100036621094,400.80999755859375,395.1099853515625,399.0899963378906,67881600
733,733,733,2022-11-29,378.1842956542969,395.2300109863281,397.2999877929688,393.2999877929688,396.0499877929688,52310000
734,734,734,2022-11-30,390.0973205566406,407.6799926757813,407.6799926757813,393.4800109863281,395.489990234375,144566700
735,735,735,2022-12-01,389.8102722167969,407.3800048828125,410.0,404.75,408.7699890136719,76398200
736,736,736,2022-12-02,389.3605346679688,406.9100036621094,407.8599853515625,402.1400146484375,402.25,85342700
737,737,737,2022-12-05,382.3562316894531,399.5899963378906,404.9299926757813,398.1700134277344,403.9500122070313,77289800
738,738,738,2022-12-06,376.8446350097656,393.8299865722656,399.989990234375,391.6400146484375,399.4200134277344,77972200
739,739,739,2022-12-07,376.2035217285156,393.1600036621094,395.6400146484375,391.9700012207031,392.9400024414063,65927900
740,740,740,2022-12-08,379.1507263183594,396.239990234375,397.3599853515625,393.2699890136719,395.1400146484375,60737900
741,741,741,2022-12-09,376.318359375,393.2799987792969,397.6199951171875,393.1499938964844,394.9400024414063,81447700
742,742,742,2022-12-12,381.7438354492188,398.9500122070313,398.9500122070313,393.4100036621094,394.1099853515625,75405800
743,743,743,2022-12-13,384.6336059570313,401.9700012207031,410.489990234375,399.0700073242188,410.2200012207031,123782500
744,744,744,2022-12-14,382.1744384765625,399.3999938964844,405.5,396.30999755859375,401.6099853515625,108111300
745,745,745,2022-12-15,372.8258666992188,389.6300048828125,395.25,387.8900146484375,394.2999877929688,117705900
746,746,746,2022-12-16,368.4241638183594,383.2699890136719,386.5799865722656,381.0400085449219,385.1799926757813,119858000
747,747,747,2022-12-19,365.3000793457031,380.0199890136719,383.8200073242188,378.2799987792969,383.4700012207031,79878100
748,748,748,2022-12-20,365.7999572753906,380.5400085449219,382.2300109863281,377.8500061035156,379.2300109863281,74427200
749,749,749,2022-12-21,371.2695007324219,386.2300109863281,387.4100036621094,382.6900024414063,383.25,78167400
750,750,750,2022-12-22,365.9729309082031,380.7200012207031,386.2099914550781,374.7699890136719,383.0499877929688,100120900
751,751,751,2022-12-23,368.0780944824219,382.9100036621094,383.05999755859375,378.0299987792969,379.6499938964844,59857300
752,752,752,2022-12-27,366.6265563964844,381.3999938964844,383.1499938964844,379.6499938964844,382.7900085449219,51638200
753,753,753,2022-12-28,362.0702209472656,376.6600036621094,383.3900146484375,376.4200134277344,381.3299865722656,70911500
754,754,754,2022-12-29,368.5875549316406,383.4400024414063,384.3500061035156,379.0799865722656,379.6300048828125,66970900
755,755,755,2022-12-30,367.61669921875,382.4299926757813,382.5799865722656,378.4299926757813,380.6400146484375,84022200
756,756,756,2023-01-03,366.0690307617188,380.8200073242188,386.4299926757813,377.8299865722656,384.3699951171875,74850700
757,757,757,2023-01-04,368.8952026367188,383.760009765625,385.8800048828125,380.0,383.1799926757813,85934100
758,758,758,2023-01-05,364.6848449707031,379.3800048828125,381.8399963378906,378.760009765625,381.7200012207031,76970500
759,759,759,2023-01-06,373.0478210449219,388.0799865722656,389.25,379.4100036621094,382.6099853515625,104189600
760,760,760,2023-01-09,372.8363342285156,387.8599853515625,393.7000122070313,387.6700134277344,390.3699951171875,73978100
761,761,761,2023-01-10,375.4509887695313,390.5799865722656,390.6499938964844,386.2699890136719,387.25,65358100
762,762,762,2023-01-11,380.1996765136719,395.5199890136719,395.6000061035156,391.3800048828125,392.2300109863281,68881100
763,763,763,2023-01-12,381.58392333984375,396.9599914550781,398.489990234375,392.4200134277344,396.6700134277344,90157700
764,764,764,2023-01-13,383.0642395019531,398.5,399.1000061035156,393.3399963378906,393.6199951171875,63903900
765,765,765,2023-01-17,382.3625183105469,397.7699890136719,400.2300109863281,397.05999755859375,398.4800109863281,62677300
766,766,766,2023-01-18,376.3257141113281,391.489990234375,400.1199951171875,391.2799987792969,399.010009765625,99632300
767,767,767,2023-01-19,373.5861206054688,388.6400146484375,391.0799865722656,387.260009765625,389.3599853515625,86958900
768,768,768,2023-01-20,380.5457458496094,395.8800048828125,396.0400085449219,388.3800048828125,390.1000061035156,91806400
769,769,769,2023-01-23,385.1117248535156,400.6300048828125,402.6499938964844,395.7200012207031,396.7200012207031,84178800
770,770,770,2023-01-24,384.6983947753906,400.2000122070313,401.1499938964844,397.6400146484375,398.8800048828125,59524900
771,771,771,2023-01-25,384.8425598144531,400.3500061035156,400.7000122070313,393.55999755859375,395.9500122070313,84800300
772,772,772,2023-01-26,389.0721130371094,404.75,404.9200134277344,400.0299987792969,403.1300048828125,72287400
773,773,773,2023-01-27,389.9660949707031,405.6799926757813,408.1600036621094,403.4400024414063,403.6600036621094,68346200
774,774,774,2023-01-30,385.07330322265625,400.5899963378906,405.1300048828125,400.2799987792969,402.7999877929688,74202000
775,775,775,2023-01-31,390.7351684570313,406.4800109863281,406.5299987792969,400.7699890136719,401.1300048828125,86811800
776,776,776,2023-02-01,394.8878173828125,410.7999877929688,413.6700134277344,402.3500061035156,405.2099914550781,101459200
777,777,777,2023-02-02,400.63623046875,416.7799987792969,418.30999755859375,412.8800048828125,414.8599853515625,101654500
778,778,778,2023-02-03,396.3777465820313,412.3500061035156,416.9700012207031,411.0899963378906,411.5899963378906,94736800
779,779,779,2023-02-06,393.9553833007813,409.8299865722656,411.2900085449219,408.1000061035156,409.7900085449219,60295300
780,780,780,2023-02-07,399.1077880859375,415.1900024414063,416.489990234375,407.5700073242188,408.8699951171875,90990700
781,781,781,2023-02-08,394.7436218261719,410.6499938964844,414.5299987792969,409.9299926757813,413.1300048828125,76227500
782,782,782,2023-02-09,391.3214721679688,407.0899963378906,414.5700073242188,405.80999755859375,414.4100036621094,78694900
783,783,783,2023-02-10,392.2347412109375,408.0400085449219,408.4400024414063,405.010009765625,405.8599853515625,70769700
784,784,784,2023-02-13,396.839111328125,412.8299865722656,412.9700012207031,408.239990234375,408.7200012207031,64913500
785,785,785,2023-02-14,396.6565856933594,412.6400146484375,415.0499877929688,408.510009765625,411.239990234375,88389300
786,786,786,2023-02-15,397.9446411132813,413.9800109863281,414.05999755859375,409.4700012207031,410.3500061035156,61555700
787,787,787,2023-02-16,392.4653930664063,408.2799987792969,412.9100036621094,408.1400146484375,408.7900085449219,76431500
788,788,788,2023-02-17,391.4849548339844,407.260009765625,407.510009765625,404.0499877929688,406.05999755859375,89257800
789,789,789,2023-02-21,383.6313781738281,399.0899963378906,404.1600036621094,398.8200073242188,403.05999755859375,82655900
790,790,790,2023-02-22,383.1027221679688,398.5400085449219,401.1300048828125,397.0199890136719,399.5199890136719,83742300
791,791,791,2023-02-23,385.140625,400.6600036621094,402.2000122070313,396.25,401.55999755859375,96242400
792,792,792,2023-02-24,381.0263671875,396.3800048828125,397.25,393.6400146484375,395.4200134277344,108194400
793,793,793,2023-02-27,382.3240966796875,397.7300109863281,401.2900085449219,396.75,399.8699951171875,80444700
794,794,794,2023-02-28,380.9110412597656,396.260009765625,399.2799987792969,396.1499938964844,397.2300109863281,96438600
795,795,795,2023-03-01,379.4498596191406,394.739990234375,396.6900024414063,393.3800048828125,395.4100036621094,99706800
796,796,796,2023-03-02,382.4010009765625,397.80999755859375,398.6900024414063,392.3299865722656,392.6799926757813,85127800
797,797,797,2023-03-03,388.5338439941406,404.1900024414063,404.4500122070313,399.0299987792969,399.7099914550781,90120000
798,798,798,2023-03-06,388.802978515625,404.4700012207031,407.4500122070313,404.010009765625,405.0499877929688,72795900
799,799,799,2023-03-07,382.8431701660156,398.2699890136719,404.6700134277344,397.6300048828125,404.4200134277344,108310600
800,800,800,2023-03-08,383.468017578125,398.9200134277344,399.7099914550781,396.5899963378906,398.3900146484375,74746600
801,801,801,2023-03-09,376.39300537109375,391.55999755859375,401.4800109863281,390.5299987792969,399.739990234375,111945300
802,802,802,2023-03-10,370.9619140625,385.9100036621094,393.1600036621094,384.3200073242188,390.989990234375,189253000
803,803,803,2023-03-13,370.4331665039063,385.3599853515625,390.3900146484375,380.6499938964844,381.80999755859375,157790000
804,804,804,2023-03-14,376.5564575195313,391.7300109863281,393.4500122070313,387.0499877929688,390.5,149752400
805,805,805,2023-03-15,374.2013854980469,389.2799987792969,389.489990234375,383.7099914550781,385.8900146484375,172996900
806,806,806,2023-03-16,380.7668151855469,396.1099853515625,396.4700012207031,386.2900085449219,386.8200073242188,143254200
807,807,807,2023-03-17,376.3146362304688,389.989990234375,394.3999938964844,388.5499877929688,393.2200012207031,140553400
808,808,808,2023-03-20,379.9330749511719,393.739990234375,394.1700134277344,390.0700073242188,390.7999877929688,93055800
809,809,809,2023-03-21,384.9218444824219,398.9100036621094,399.4100036621094,395.5799865722656,397.239990234375,91524200
810,810,810,2023-03-22,378.3603210449219,392.1099853515625,402.489990234375,392.0700073242188,398.7300109863281,111746600
811,811,811,2023-03-23,379.3831481933594,393.1700134277344,399.2900085449219,390.3500061035156,395.0899963378906,119351300
812,812,812,2023-03-24,381.8726196289063,395.75,395.8399963378906,389.3999938964844,391.8399963378906,107682400
813,813,813,2023-03-27,382.5867309570313,396.489990234375,398.9200134277344,395.55999755859375,398.1199951171875,74010400
814,814,814,2023-03-28,381.7278442382813,395.6000061035156,396.489990234375,393.6900024414063,395.7699890136719,62871700
815,815,815,2023-03-29,387.2762756347656,401.3500061035156,401.6000061035156,398.6799926757813,399.9299926757813,77497900
816,816,816,2023-03-30,389.5438537597656,403.7000122070313,404.3500061035156,401.760009765625,404.0899963378906,69840000
817,817,817,2023-03-31,395.0343627929688,409.3900146484375,409.7000122070313,404.5499877929688,404.6600036621094,112062600
818,818,818,2023-04-03,396.5395812988281,410.9500122070313,411.3699951171875,408.4400024414063,408.8500061035156,67391100
819,819,819,2023-04-04,394.339599609375,408.6700134277344,411.9200134277344,407.239990234375,411.6199951171875,66601500
820,820,820,2023-04-05,393.3071594238281,407.6000061035156,408.7000122070313,405.8800048828125,407.9100036621094,65200200
821,821,821,2023-04-06,394.8413696289063,409.1900024414063,409.4800109863281,405.6799926757813,406.7699890136719,63743300
822,822,822,2023-04-10,395.2466735839844,409.6099853515625,409.6900024414063,405.9700012207031,406.6099853515625,63681000
823,823,823,2023-04-11,395.352783203125,409.7200012207031,411.1799926757813,408.9200134277344,410.260009765625,59297900
824,824,824,2023-04-12,393.7413330078125,408.0499877929688,412.1700134277344,407.4400024414063,411.8699951171875,86420400
825,825,825,2023-04-13,398.9712524414063,413.4700012207031,413.8399963378906,407.989990234375,409.1799926757813,85814800
826,826,826,2023-04-14,397.9967041015625,412.4599914550781,415.0899963378906,410.05999755859375,412.80999755859375,78161500
827,827,827,2023-04-17,399.4248046875,413.9400024414063,413.9599914550781,411.0899963378906,412.3699951171875,66436400
828,828,828,2023-04-18,399.685302734375,414.2099914550781,415.7200012207031,412.7799987792969,415.5799865722656,63560000
829,829,829,2023-04-19,399.6177978515625,414.1400146484375,415.0799865722656,412.1600036621094,412.2200012207031,55227300
830,830,830,2023-04-20,397.43701171875,411.8800048828125,413.7000122070313,410.2699890136719,411.2099914550781,75840400
831,831,831,2023-04-21,397.745849609375,412.2000122070313,412.6799926757813,410.1700134277344,412.1900024414063,73457400
832,832,832,2023-04-24,398.1607055664063,412.6300048828125,413.0700073242188,410.6000061035156,411.989990234375,64332100
833,833,833,2023-04-25,391.8403930664063,406.0799865722656,411.1600036621094,406.0199890136719,410.5799865722656,97766700
834,834,834,2023-04-26,390.1806640625,404.3599853515625,407.8399963378906,403.7799987792969,406.7200012207031,80447000
835,835,835,2023-04-27,397.948486328125,412.4100036621094,412.6900024414063,406.739990234375,407.0,92968400
836,836,836,2023-04-28,401.344970703125,415.9299926757813,415.9400024414063,411.4299926757813,411.489990234375,89433100
837,837,837,2023-05-01,400.9397277832031,415.510009765625,417.6199951171875,415.2699890136719,415.4700012207031,62122300
838,838,838,2023-05-02,396.4334411621094,410.8399963378906,414.8200073242188,407.8200073242188,414.7699890136719,103998500
839,839,839,2023-05-03,393.71240234375,408.0199890136719,413.8699951171875,407.7699890136719,411.3599853515625,91531800
840,840,840,2023-05-04,390.9237060546875,405.1300048828125,407.2699890136719,403.739990234375,406.9299926757813,94901900
841,841,841,2023-05-05,398.1607055664063,412.6300048828125,413.7200012207031,408.6400146484375,408.9100036621094,87891800
842,842,842,2023-05-08,398.2668762207031,412.739990234375,413.239990234375,411.2799987792969,412.9700012207031,50046800
843,843,843,2023-05-09,396.5202941894531,410.9299926757813,412.0899963378906,410.6900024414063,411.1300048828125,49220100
844,844,844,2023-05-10,398.37298583984375,412.8500061035156,414.5400085449219,408.8699951171875,413.8800048828125,96142900
845,845,845,2023-05-11,397.6782531738281,412.1300048828125,412.4299926757813,409.9700012207031,411.9500122070313,70157100
846,846,846,2023-05-12,397.1572265625,411.5899963378906,413.6400146484375,409.0700073242188,413.4200134277344,70481500
847,847,847,2023-05-15,398.52740478515625,413.010009765625,413.4299926757813,410.2300109863281,412.2200012207031,54289400
848,848,848,2023-05-16,395.8641662597656,410.25,412.8200073242188,410.239990234375,411.8599853515625,57705500
849,849,849,2023-05-17,400.6695556640625,415.2300109863281,415.8599853515625,410.6400146484375,412.3500061035156,87287000
850,850,850,2023-05-18,404.5293273925781,419.2300109863281,419.6700134277344,414.6700134277344,414.8999938964844,97177200
851,851,851,2023-05-19,403.9407043457031,418.6199951171875,420.7200012207031,417.3500061035156,420.1700134277344,103793300
852,852,852,2023-05-22,404.104736328125,418.7900085449219,420.3900146484375,417.3500061035156,418.6400146484375,60745400
853,853,853,2023-05-23,399.5695495605469,414.0899963378906,418.7200012207031,413.6799926757813,417.0799865722656,86383500
854,854,854,2023-05-24,396.6747741699219,411.0899963378906,412.8200073242188,409.8800048828125,412.4200134277344,89213700
855,855,855,2023-05-25,400.1098937988281,414.6499938964844,416.1600036621094,412.4100036621094,414.739990234375,90961600
856,856,856,2023-05-26,405.2915344238281,420.0199890136719,420.7699890136719,415.25,415.3299865722656,93830000
857,857,857,2023-05-30,405.4459533691406,420.1799926757813,422.5799865722656,418.739990234375,422.0299987792969,72216000
858,858,858,2023-05-31,403.1976623535156,417.8500061035156,419.2200012207031,416.2200012207031,418.2799987792969,110811800
859,859,859,2023-06-01,407.0284729003906,421.8200073242188,422.9200134277344,416.7900085449219,418.0899963378906,88865000
860,860,860,2023-06-02,412.9145812988281,427.9200134277344,428.739990234375,423.9500122070313,424.5,91426200
861,861,861,2023-06-05,412.1233520507813,427.1000061035156,429.6199951171875,426.3699951171875,428.2799987792969,65460200
862,862,862,2023-06-06,413.0206909179688,428.0299987792969,428.5799865722656,425.989990234375,426.6700134277344,64022200
863,863,863,2023-06-07,411.592529296875,426.5499877929688,429.6199951171875,426.1099853515625,428.4400024414063,85373300
864,864,864,2023-06-08,414.08209228515625,429.1300048828125,429.6000061035156,425.8200073242188,426.6199951171875,61952800
865,865,865,2023-06-09,414.8251647949219,429.8999938964844,431.989990234375,428.8699951171875,429.9599914550781,85742800
866,866,866,2023-06-12,418.5883483886719,433.7999877929688,433.8800048828125,430.1700134277344,430.9200134277344,76104300
867,867,867,2023-06-13,421.3480529785156,436.6600036621094,437.3299865722656,434.6300048828125,435.3200073242188,95899700
868,868,868,2023-06-14,421.8498229980469,437.1799926757813,439.05999755859375,433.5899963378906,437.010009765625,100612100
869,869,869,2023-06-15,427.0798034667969,442.6000061035156,443.8999938964844,436.2300109863281,436.3299865722656,110303100
870,870,870,2023-06-16,425.6251220703125,439.4599914550781,443.6099853515625,438.9700012207031,443.0199890136719,114165800
871,871,871,2023-06-20,423.4168395996094,437.1799926757813,438.3699951171875,435.0299987792969,437.4500122070313,76160400
872,872,872,2023-06-21,421.2473449707031,434.9400024414063,436.989990234375,434.3299865722656,436.1600036621094,76982300
873,873,873,2023-06-22,422.76800537109375,436.510009765625,436.6199951171875,433.6000061035156,433.9500122070313,70637200
874,874,874,2023-06-23,419.5718078613281,433.2099914550781,435.05999755859375,432.4700012207031,432.9299926757813,92074500
875,875,875,2023-06-26,417.8576049804688,431.4400024414063,434.6099853515625,431.1900024414063,432.6199951171875,72823600
876,876,876,2023-06-27,422.4386901855469,436.1700134277344,436.80999755859375,431.8800048828125,432.3500061035156,72813700
877,877,877,2023-06-28,422.6517333984375,436.3900146484375,437.4400024414063,434.4100036621094,435.0499877929688,75636000
878,878,878,2023-06-29,424.3175659179688,438.1099853515625,438.2799987792969,435.5400085449219,435.9599914550781,67882300
879,879,879,2023-06-30,429.3248291015625,443.2799987792969,444.2999877929688,441.1099853515625,441.4400024414063,104964000
880,880,880,2023-07-03,429.81878662109375,443.7900085449219,444.0799865722656,442.6300048828125,442.9200134277344,32793400
881,881,881,2023-07-05,429.1795959472656,443.1300048828125,443.8900146484375,441.8999938964844,441.9100036621094,58418400
882,882,882,2023-07-06,425.81878662109375,439.6600036621094,440.1000061035156,437.05999755859375,439.4200134277344,80658300
883,883,883,2023-07-07,424.7437133789063,438.5499877929688,442.6400146484375,438.2999877929688,438.6300048828125,86134200
884,884,884,2023-07-10,425.81878662109375,439.6600036621094,439.8399963378906,437.5899963378906,438.1799926757813,62443500
885,885,885,2023-07-11,428.5306091308594,442.4599914550781,442.9700012207031,439.4400024414063,440.4500122070313,64463800
886,886,886,2023-07-12,431.9785461425781,446.0199890136719,447.4800109863281,444.9100036621094,446.3900146484375,91924500
887,887,887,2023-07-13,435.40716552734375,449.55999755859375,450.3800048828125,447.4500122070313,447.8999938964844,72425200
888,888,888,2023-07-14,435.1358947753906,449.2799987792969,451.3599853515625,448.489990234375,450.4800109863281,69815800
889,889,889,2023-07-17,436.6467590332031,450.8399963378906,451.9299926757813,449.0799865722656,449.1300048828125,52680200
890,890,890,2023-07-18,439.8912963867188,454.1900024414063,454.8599853515625,450.0499877929688,450.5,80668200
891,891,891,2023-07-19,440.86956787109375,455.2000122070313,456.4299926757813,454.1099853515625,455.010009765625,65891700
892,892,892,2023-07-20,437.9446716308594,452.1799926757813,455.1000061035156,451.4400024414063,454.1700134277344,70591600
893,893,893,2023-07-21,437.9446716308594,452.1799926757813,454.1700134277344,452.1700134277344,453.9599914550781,71275600
894,894,894,2023-07-24,439.9010620117188,454.2000122070313,455.0400085449219,452.2999877929688,453.3699951171875,54023400
895,895,895,2023-07-25,441.1019287109375,455.4400024414063,456.739990234375,453.8699951171875,453.9200134277344,55191200
896,896,896,2023-07-26,441.1698303222656,455.510009765625,456.989990234375,453.3800048828125,454.4700012207031,71052900
897,897,897,2023-07-27,438.2449035644531,452.489990234375,459.4400024414063,451.5499877929688,459.0199890136719,92194400
898,898,898,2023-07-28,442.535400390625,456.9200134277344,457.7799987792969,452.489990234375,455.8800048828125,80011800
899,899,899,2023-07-31,443.37799072265625,457.7900085449219,458.1600036621094,456.0499877929688,457.4100036621094,62040400
900,900,900,2023-08-01,442.1092529296875,456.4800109863281,457.25,455.489990234375,456.2699890136719,55291500
901,901,901,2023-08-02,435.9591674804688,450.1300048828125,453.5199890136719,449.3500061035156,453.25,93933400
902,902,902,2023-08-03,434.7098388671875,448.8399963378906,450.7900085449219,447.3699951171875,448.0400085449219,64276100
903,903,903,2023-08-04,432.7437133789063,446.80999755859375,452.8999938964844,446.2699890136719,450.7200012207031,100128900
904,904,904,2023-08-07,436.5209045410156,450.7099914550781,450.8699951171875,447.989990234375,448.7099914550781,58357500
905,905,905,2023-08-08,434.6225891113281,448.75,450.7000122070313,445.2699890136719,448.0799865722656,71361300
906,906,906,2023-08-09,431.7170715332031,445.75,449.2000122070313,444.9599914550781,449.0299987792969,78789600
907,907,907,2023-08-10,431.87200927734375,445.9100036621094,451.7000122070313,444.7000122070313,448.1900024414063,93005500
908,908,908,2023-08-11,431.62017822265625,445.6499938964844,446.7000122070313,443.3500061035156,443.9700012207031,68690900
909,909,909,2023-08-14,434.0028076171875,448.1099853515625,448.1099853515625,444.3800048828125,444.7000122070313,47867400
910,910,910,2023-08-15,428.9471130371094,442.8900146484375,446.6400146484375,442.2999877929688,446.2699890136719,75707500
911,911,911,2023-08-16,425.7994384765625,439.6400146484375,444.1799926757813,439.5299987792969,442.4599914550781,80107200
912,912,912,2023-08-17,422.5548400878906,436.2900085449219,441.4299926757813,435.75,441.1600036621094,95711300
913,913,913,2023-08-18,422.7582702636719,436.5,437.5700073242188,433.010009765625,433.3699951171875,98852000
914,914,914,2023-08-21,425.5089416503906,439.3399963378906,440.1099853515625,435.3200073242188,437.5499877929688,68719000
915,915,915,2023-08-22,424.3563537597656,438.1499938964844,441.1799926757813,437.5700073242188,441.1799926757813,64994200
916,916,916,2023-08-23,429.0827331542969,443.0299987792969,443.6700134277344,439.1000061035156,439.25,68441000
917,917,917,2023-08-24,423.1360168457031,436.8900146484375,445.2200012207031,436.8599853515625,444.6900024414063,88517300
918,918,918,2023-08-25,426.1190490722656,439.9700012207031,441.2999877929688,435.0,438.6799926757813,102325100
919,919,919,2023-08-28,428.8211669921875,442.760009765625,443.3999938964844,439.9700012207031,442.239990234375,61595400
920,920,920,2023-08-29,435.0197143554688,449.1600036621094,449.4500122070313,442.4599914550781,442.6499938964844,83081900
921,921,921,2023-08-30,436.8115234375,451.010009765625,451.6700134277344,448.7799987792969,449.510009765625,69053900
922,922,922,2023-08-31,436.1722412109375,450.3500061035156,452.8299865722656,450.1600036621094,451.6499938964844,66084600
923,923,923,2023-09-01,436.9858093261719,451.1900024414063,453.6700134277344,449.6799926757813,453.1700134277344,58944100
924,924,924,2023-09-05,435.0971374511719,449.239990234375,451.05999755859375,449.1700134277344,450.7300109863281,55166200
925,925,925,2023-09-06,432.17230224609375,446.2200012207031,448.510009765625,443.80999755859375,448.3999938964844,70758500
926,926,926,2023-09-07,430.8453979492188,444.8500061035156,445.5499877929688,442.75,443.1099853515625,70355400
927,927,927,2023-09-08,431.4943237304688,445.5199890136719,447.1099853515625,444.5299987792969,444.8999938964844,61659700
928,928,928,2023-09-11,434.33209228515625,448.4500122070313,448.7699890136719,446.4700012207031,448.239990234375,60180100
929,929,929,2023-09-12,431.9495239257813,445.989990234375,448.5299987792969,445.3900146484375,446.9500122070313,67565400
930,930,930,2023-09-13,432.45318603515625,446.510009765625,447.7099914550781,445.0799865722656,446.2200012207031,60199300
931,931,931,2023-09-14,436.1819152832031,450.3599853515625,451.0799865722656,447.7200012207031,449.0700073242188,83430800
932,932,932,2023-09-15,430.9266662597656,443.3699951171875,447.4800109863281,442.9200134277344,447.1400146484375,111848900
933,933,933,2023-09-18,431.1794128417969,443.6300048828125,444.9700012207031,442.55999755859375,443.0499877929688,55752200
934,934,934,2023-09-19,430.28521728515625,442.7099914550781,443.2900085449219,439.9400024414063,442.6799926757813,66514600
935,935,935,2023-09-20,426.3294372558594,438.6400146484375,444.4400024414063,438.4299926757813,444.010009765625,82562600
936,936,936,2023-09-21,419.2828674316406,431.3900146484375,435.9700012207031,431.2300109863281,435.7000122070313,104095800
937,937,937,2023-09-22,418.340087890625,430.4200134277344,434.1000061035156,429.989990234375,432.4500122070313,100829700
938,938,938,2023-09-25,420.0993347167969,432.2300109863281,432.2699890136719,428.7200012207031,429.1700134277344,70874500
939,939,939,2023-09-26,413.927490234375,425.8800048828125,429.8200073242188,425.0199890136719,429.0899963378906,96168400
940,940,940,2023-09-27,414.0927734375,426.0499877929688,427.6700134277344,422.2900085449219,427.0899963378906,104705800
941,941,941,2023-09-28,416.4934387207031,428.5199890136719,430.25,424.8699951171875,425.4800109863281,92258300
942,942,942,2023-09-29,415.4826049804688,427.4800109863281,431.8500061035156,425.9100036621094,431.6700134277344,115111300
943,943,943,2023-10-02,415.3174133300781,427.30999755859375,428.6000061035156,424.4599914550781,426.6199951171875,83798600
944,944,944,2023-10-03,409.7579040527344,421.5899963378906,427.3699951171875,420.1799926757813,425.05999755859375,103760600
945,945,945,2023-10-04,412.7418212890625,424.6600036621094,425.4299926757813,420.55999755859375,422.0700073242188,87453000
946,946,946,2023-10-05,412.5862426757813,424.5,425.3699951171875,421.1700134277344,424.3599853515625,70142700
947,947,947,2023-10-06,417.48480224609375,429.5400085449219,431.1300048828125,420.6000061035156,421.9700012207031,113273300
948,948,948,2023-10-09,420.1576843261719,432.2900085449219,432.8800048828125,427.010009765625,427.5799865722656,80374400
949,949,949,2023-10-10,422.3445129394531,434.5400085449219,437.2200012207031,432.5299987792969,432.9400024414063,78607300
950,950,950,2023-10-11,424.0745544433594,436.3200073242188,436.5799865722656,433.1799926757813,435.6400146484375,62451700
951,951,951,2023-10-12,421.4891662597656,433.6600036621094,437.3399963378906,431.2300109863281,436.9500122070313,81154200
952,952,952,2023-10-13,419.3898315429688,431.5,436.4500122070313,429.8800048828125,435.2099914550781,95143100
953,953,953,2023-10-16,423.8023986816406,436.0400085449219,437.1400146484375,433.5700073242188,433.8200073242188,75433200
954,954,954,2023-10-17,423.7829284667969,436.0199890136719,438.1400146484375,432.4500122070313,432.80999755859375,75324700
955,955,955,2023-10-18,418.1360168457031,430.2099914550781,435.1799926757813,429.0899963378906,434.1900024414063,93559800
956,956,956,2023-10-19,414.4621276855469,426.4299926757813,432.8200073242188,425.7300109863281,430.9500122070313,121323000
957,957,957,2023-10-20,409.3691711425781,421.1900024414063,426.5400085449219,421.0799865722656,425.9800109863281,123919900
958,958,958,2023-10-23,408.65960693359375,420.4599914550781,424.4500122070313,417.7999877929688,419.6099853515625,92035100
959,959,959,2023-10-24,411.7406921386719,423.6300048828125,424.8200073242188,420.739990234375,422.6499938964844,78564200
960,960,960,2023-10-25,405.8312683105469,417.5499877929688,421.9200134277344,417.0199890136719,421.8900146484375,94223200
961,961,961,2023-10-26,400.9715881347656,412.5499877929688,417.3299865722656,411.6000061035156,416.4500122070313,115156800
962,962,962,2023-10-27,399.1541748046875,410.6799926757813,414.6000061035156,409.2099914550781,414.1900024414063,107367700
963,963,963,2023-10-30,403.9263610839844,415.5899963378906,416.6799926757813,412.2200012207031,413.55999755859375,86562700
964,964,964,2023-10-31,406.4630737304688,418.2000122070313,418.5299987792969,414.2099914550781,416.1799926757813,79665200
965,965,965,2023-11-01,410.7979431152344,422.6600036621094,423.5,418.6499938964844,419.2000122070313,98068100
966,966,966,2023-11-02,418.6705627441406,430.760009765625,430.9200134277344,426.55999755859375,426.5799865722656,94938900
967,967,967,2023-11-03,422.4903259277344,434.6900024414063,436.2900085449219,433.010009765625,433.1400146484375,100167800
968,968,968,2023-11-06,423.4621887207031,435.6900024414063,436.1499938964844,433.6799926757813,435.4700012207031,67831700
969,969,969,2023-11-07,424.6673889160156,436.9299926757813,437.5899963378906,434.510009765625,435.6900024414063,64256100
970,970,970,2023-11-08,424.9783935546875,437.25,438.0899963378906,434.8699951171875,437.5499877929688,61746000
971,971,971,2023-11-09,421.6641540527344,433.8399963378906,438.4700012207031,433.3999938964844,438.4299926757813,83174400
972,972,972,2023-11-10,428.2441101074219,440.6099853515625,440.9299926757813,433.8299865722656,435.9800109863281,89462200
973,973,973,2023-11-13,427.8359375,440.1900024414063,441.3299865722656,438.4200134277344,439.2300109863281,52236100
974,974,974,2023-11-14,436.1362609863281,448.7300109863281,450.05999755859375,446.0899963378906,446.3200073242188,97176900
975,975,975,2023-11-15,437.0595397949219,449.6799926757813,451.3800048828125,448.7999877929688,450.1099853515625,77327600
976,976,976,2023-11-16,437.5941467285156,450.2300109863281,450.55999755859375,448.1199951171875,449.2200012207031,66665800
977,977,977,2023-11-17,438.1383972167969,450.7900085449219,451.4200134277344,449.2900085449219,450.239990234375,83133200
978,978,978,2023-11-20,441.5110473632813,454.260009765625,455.1300048828125,450.5199890136719,450.5299987792969,69936200
979,979,979,2023-11-21,440.5487976074219,453.2699890136719,454.1300048828125,451.9599914550781,453.1799926757813,49244600
980,980,980,2023-11-22,442.2497253417969,455.0199890136719,456.3800048828125,453.8900146484375,454.9800109863281,59394900
981,981,981,2023-11-24,442.5218505859375,455.2999877929688,455.5,454.7300109863281,455.0700073242188,29737400
982,982,982,2023-11-27,441.7248840332031,454.4800109863281,455.489990234375,454.0799865722656,454.6499938964844,50506000
983,983,983,2023-11-28,442.1622314453125,454.9299926757813,456.2699890136719,453.5,454.0799865722656,62115000
984,984,984,2023-11-29,441.8511962890625,454.6099853515625,458.3200073242188,454.2000122070313,457.1499938964844,63146000
985,985,985,2023-11-30,443.5909729003906,456.3999938964844,456.760009765625,453.3399963378906,455.4800109863281,79752700
986,986,986,2023-12-01,446.2152404785156,459.1000061035156,459.6499938964844,455.1600036621094,455.7699890136719,89183400
987,987,987,2023-12-04,443.8728637695313,456.6900024414063,459.1199951171875,454.3399963378906,455.6000061035156,72430900
988,988,988,2023-12-05,443.7853393554688,456.6000061035156,457.5899963378906,454.8699951171875,455.260009765625,69793500
989,989,989,2023-12-06,441.99700927734375,454.760009765625,458.8399963378906,454.30999755859375,458.80999755859375,69124700
990,990,990,2023-12-07,445.3695983886719,458.2300109863281,458.8999938964844,456.2900085449219,456.9100036621094,66995400
991,991,991,2023-12-08,447.2843322753906,460.2000122070313,460.75,457.2099914550781,457.4599914550781,83194400
992,992,992,2023-12-11,449.0240478515625,461.989990234375,462.1700134277344,459.4700012207031,459.6900024414063,65002200
993,993,993,2023-12-12,451.0748291015625,464.1000061035156,464.2000122070313,460.6000061035156,461.6300048828125,68327600
994,994,994,2023-12-13,457.2952880859375,470.5,470.760009765625,464.1199951171875,464.489990234375,93278000
995,995,995,2023-12-14,458.7629089355469,472.010009765625,473.7300109863281,469.25,472.5,119026000
996,996,996,2023-12-15,458.0074768066406,469.3299865722656,470.7000122070313,467.4299926757813,469.489990234375,141553700
997,997,997,2023-12-18,460.5838623046875,471.9700012207031,472.9800109863281,469.8900146484375,470.9800109863281,70375300
998,998,998,2023-12-19,463.3845825195313,474.8399963378906,474.9200134277344,472.4500122070313,472.5299987792969,55761800
999,999,999,2023-12-20,456.96337890625,468.260009765625,475.8999938964844,467.8200073242188,473.9599914550781,102921000
1000,1000,1000,2023-12-21,461.2962646484375,472.7000122070313,472.9800109863281,468.8399963378906,471.3299865722656,86667500
1001,1001,1001,2023-12-22,462.2233581542969,473.6499938964844,475.3800048828125,471.7000122070313,473.8599853515625,67160400
1002,1002,1002,2023-12-26,464.175048828125,475.6499938964844,476.5799865722656,473.989990234375,474.0700073242188,55387000
1003,1003,1003,2023-12-27,465.0143127441406,476.510009765625,476.6600036621094,474.8900146484375,475.4400024414063,68000300
1004,1004,1004,2023-12-28,465.1900024414063,476.6900024414063,477.5499877929688,476.260009765625,476.8800048828125,77158100
1005,1005,1005,2023-12-29,463.84326171875,475.30999755859375,477.0299987792969,473.2999877929688,476.489990234375,122283100
