date,adjclose,close,high,low,open,volume
2015-01-02,39.96330261230469,54.70000076293945,55.18999862670898,54.18999862670898,55.11000061035156,11700900
2015-01-05,38.8674201965332,53.20000076293945,54.36000061035156,53.09999847412109,54.13999938964844,15000500
2015-01-06,38.05644607543945,52.09000015258789,53.470001220703125,51.84999847412109,53.34999847412109,20211200
2015-01-07,38.2829475402832,52.400001525878906,52.63999938964844,52.11000061035156,52.630001068115234,15714700
2015-01-08,39.13042831420898,53.560001373291016,53.59000015258789,52.959999084472656,53.0,16721600
2015-01-09,38.48750305175781,52.68000030517578,53.59000015258789,52.66999816894531,53.540000915527344,14550800
2015-01-12,38.02722930908203,52.04999923706055,52.68999862670898,51.709999084472656,52.58000183105469,16967500
2015-01-13,37.88111114501953,51.84999847412109,52.52999877929688,51.25,52.29999923706055,25080900
2015-01-14,37.4427604675293,51.25,51.72999954223633,50.41999816894531,51.0,37590100
2015-01-15,37.05556106567383,50.720001220703125,51.540000915527344,50.459999084472656,51.209999084472656,32144700
2015-01-16,37.727684020996094,51.63999938964844,51.70000076293945,50.5099983215332,50.52999877929688,23174900
2015-01-20,37.99070358276367,52.0,52.29999923706055,51.70000076293945,51.97999954223633,17691000
2015-01-21,38.06376647949219,52.09999847412109,52.70000076293945,51.709999084472656,51.9900016784668,17928300
2015-01-22,39.28384780883789,53.77000045776367,53.81999969482422,52.47999954223633,52.4900016784668,21488700
2015-01-23,38.911251068115234,53.2599983215332,53.97999954223633,53.2400016784668,53.72999954223633,17779700
2015-01-26,39.14504623413086,53.58000183105469,53.59999847412109,52.88999938964844,52.90999984741211,13429400
2015-01-27,38.69939041137695,52.970001220703125,53.34000015258789,52.56999969482422,52.93000030517578,14351600
2015-01-28,38.10759353637695,52.15999984741211,53.36000061035156,52.150001525878906,53.310001373291016,18775100
2015-01-29,38.54595184326172,52.7599983215332,52.900001525878906,51.900001525878906,52.2400016784668,16700000
2015-01-30,37.932254791259766,51.91999816894531,52.77000045776367,51.900001525878906,52.20000076293945,21754800
2015-02-02,38.58249282836914,52.810001373291016,52.90999984741211,51.9900016784668,52.18999862670898,17714500
2015-02-03,39.05006790161133,53.45000076293945,53.52999877929688,52.970001220703125,53.0099983215332,20258900
2015-02-04,38.99857711791992,53.02999877929688,53.5,52.900001525878906,53.02999877929688,14435600
2015-02-05,39.46925354003906,53.66999816894531,53.84000015258789,53.220001220703125,53.2400016784668,13281900
2015-02-06,40.04286956787109,54.45000076293945,55.08000183105469,53.83000183105469,54.119998931884766,19317000
2015-02-09,39.86635971069336,54.209999084472656,54.45000076293945,54.08000183105469,54.27000045776367,9739200
2015-02-10,40.131107330322266,54.56999969482422,54.709999084472656,54.220001220703125,54.619998931884766,12342500
2015-02-11,39.638404846191406,53.900001525878906,54.2599983215332,53.65999984741211,54.060001373291016,18296800
2015-02-12,40.3443717956543,54.86000061035156,54.900001525878906,53.970001220703125,54.18999862670898,20159500
2015-02-13,40.69002532958984,55.33000183105469,55.560001373291016,54.810001373291016,54.97999954223633,18809000
2015-02-17,40.71943283081055,55.369998931884766,55.459999084472656,54.95000076293945,55.310001373291016,11908600
2015-02-18,40.094337463378906,54.52000045776367,55.20000076293945,54.400001525878906,55.09000015258789,13231600
2015-02-19,40.12376022338867,54.560001373291016,54.81999969482422,54.130001068115234,54.40999984741211,10784600
2015-02-20,40.32230758666992,54.83000183105469,54.93999862670898,54.02999877929688,54.40999984741211,15049100
2015-02-23,40.5208854675293,55.09999847412109,55.11000061035156,54.27000045776367,54.68000030517578,13715000
2015-02-24,40.71943283081055,55.369998931884766,55.540000915527344,55.02000045776367,55.18999862670898,11957800
2015-02-25,40.69002532958984,55.33000183105469,55.58000183105469,55.2400016784668,55.38999938964844,10516900
2015-02-26,40.55765151977539,55.150001525878906,55.34999847412109,54.959999084472656,55.220001220703125,13579100
2015-02-27,40.29290390014648,54.790000915527344,55.27999877929688,54.790000915527344,54.81999969482422,12937000
2015-03-02,40.85179901123047,55.54999923706055,55.560001373291016,54.720001220703125,54.790000915527344,12988500
2015-03-03,40.778263092041016,55.45000076293945,55.58000183105469,55.13999938964844,55.45000076293945,11759600
2015-03-04,40.3149642944336,54.81999969482422,55.20000076293945,54.66999816894531,55.16999816894531,16653300
2015-03-05,40.32967376708984,54.84000015258789,55.0099983215332,54.650001525878906,54.93999862670898,9576100
2015-03-06,40.14581680297852,54.59000015258789,55.4900016784668,54.5099983215332,54.97999954223633,17298400
2015-03-09,40.20466232299805,54.66999816894531,55.0099983215332,54.630001068115234,54.77999877929688,11937900
2015-03-10,39.18979263305664,53.290000915527344,54.16999816894531,53.290000915527344,54.15999984741211,18723200
2015-03-11,39.49130630493164,53.70000076293945,53.9900016784668,53.59999847412109,53.869998931884766,16612900
2015-03-12,40.88122177124024,55.59000015258789,55.63999938964844,54.20000076293945,54.52000045776367,26266900
2015-03-13,40.6973762512207,55.34000015258789,55.650001525878906,55.02000045776367,55.4900016784668,17591400
2015-03-16,40.98418045043945,55.72999954223633,55.81999969482422,55.33000183105469,55.5,15505200
2015-03-17,41.11655807495117,55.90999984741211,55.97999954223633,55.2599983215332,55.5,13107700
2015-03-18,41.30775833129883,56.16999816894531,56.27999877929688,55.4900016784668,55.68000030517578,20000500
2015-03-19,40.82239532470703,55.5099983215332,55.97999954223633,55.2400016784668,55.95000076293945,14841100
2015-03-20,41.19009017944336,56.0099983215332,56.209999084472656,55.52000045776367,55.52999877929688,26487200
2015-03-23,41.02094268798828,55.77999877929688,56.290000915527344,55.72999954223633,56.02999877929688,16477400
2015-03-24,40.704715728759766,55.34999847412109,55.869998931884766,55.34999847412109,55.70000076293945,13927400
2015-03-25,40.10905838012695,54.540000915527344,55.36000061035156,54.540000915527344,55.2599983215332,15413700
2015-03-26,40.07962417602539,54.5,54.75,53.970001220703125,54.34999847412109,15038600
2015-03-27,39.80017852783203,54.119998931884766,54.59999847412109,53.959999084472656,54.540000915527344,13600300
2015-03-30,40.278202056884766,54.77000045776367,55.02000045776367,54.38999938964844,54.38999938964844,11706700
2015-03-31,40.0060920715332,54.400001525878906,54.68999862670898,54.18999862670898,54.470001220703125,13306200
2015-04-01,39.66780471801758,53.93999862670898,54.41999816894531,53.77999877929688,54.41999816894531,15436900
2015-04-02,39.98402404785156,54.369998931884766,54.47999954223633,53.81999969482422,53.95000076293945,13498900
2015-04-06,39.77076721191406,54.08000183105469,54.369998931884766,53.560001373291016,53.81999969482422,10786100
2015-04-07,39.72664642333984,54.02000045776367,54.38999938964844,53.97999954223633,54.27999877929688,10853700
2015-04-08,39.71192932128906,54.0,54.36000061035156,53.83000183105469,53.97999954223633,9828700
2015-04-09,39.851654052734375,54.18999862670898,54.290000915527344,53.72999954223633,54.060001373291016,10279400
2015-04-10,39.9472541809082,54.31999969482422,54.47999954223633,54.060001373291016,54.33000183105469,9531500
2015-04-13,40.14581680297852,54.59000015258789,54.72999954223633,54.27999877929688,54.33000183105469,14931600
2015-04-14,39.851654052734375,54.18999862670898,54.470001220703125,53.56999969482422,53.93000030517578,29289600
2015-04-15,40.3076057434082,54.810001373291016,54.90999984741211,54.18999862670898,54.369998931884766,16899900
2015-04-16,40.3076057434082,54.810001373291016,55.06999969482422,54.34000015258789,54.52999877929688,15643200
2015-04-17,39.74869155883789,54.04999923706055,54.560001373291016,53.97999954223633,54.40999984741211,17569700
2015-04-20,39.9766845703125,54.36000061035156,54.66999816894531,54.16999816894531,54.34000015258789,13327200
2015-04-21,39.9178352355957,54.27999877929688,54.84999847412109,54.18999862670898,54.54999923706055,10954200
2015-04-22,40.20466232299805,54.66999816894531,54.90999984741211,54.15999984741211,54.310001373291016,13563800
2015-04-23,40.3443717956543,54.86000061035156,55.119998931884766,54.40999984741211,54.40999984741211,14657800
2015-04-24,40.22670364379883,54.70000076293945,54.91999816894531,54.61000061035156,54.7599983215332,15268100
2015-04-27,40.42527389526367,54.970001220703125,55.5,54.709999084472656,54.790000915527344,19852400
2015-04-28,40.74885940551758,55.40999984741211,55.43000030517578,54.869998931884766,54.90999984741211,13028300
2015-04-29,40.78561401367188,55.459999084472656,55.7599983215332,55.08000183105469,55.16999816894531,18144500
2015-04-30,40.5208854675293,55.09999847412109,55.650001525878906,54.77999877929688,55.650001525878906,16577800
2015-05-01,40.587059020996094,55.18999862670898,55.58000183105469,54.959999084472656,55.2599983215332,12069400
2015-05-04,40.98418045043945,55.72999954223633,55.77000045776367,55.2599983215332,55.27000045776367,9981800
2015-05-05,40.97683334350586,55.720001220703125,56.20000076293945,55.59999847412109,55.72999954223633,17068100
2015-05-06,40.66215515136719,54.91999816894531,55.59999847412109,54.45000076293945,55.43000030517578,15670700
2015-05-07,40.58073043823242,54.810001373291016,55.18999862670898,54.61000061035156,54.959999084472656,14723100
2015-05-08,41.49879455566406,56.04999923706055,56.04999923706055,55.09000015258789,55.16999816894531,17477500
2015-05-11,41.09898376464844,55.5099983215332,55.959999084472656,55.43999862670898,55.91999816894531,12922100
2015-05-12,41.06938552856445,55.470001220703125,55.63999938964844,55.0,55.310001373291016,11705900
2015-05-13,41.16562271118164,55.59999847412109,55.83000183105469,55.369998931884766,55.470001220703125,11448100
2015-05-14,41.491397857666016,56.040000915527344,56.130001068115234,55.720001220703125,55.95000076293945,11025400
2015-05-15,41.10639190673828,55.52000045776367,56.040000915527344,55.29999923706055,56.040000915527344,13323200
2015-05-18,41.27669143676758,55.75,55.97999954223633,55.54999923706055,55.58000183105469,10637300
2015-05-19,41.757938385009766,56.400001525878906,56.70000076293945,55.88999938964844,55.900001525878906,17194100
2015-05-20,41.52100372314453,56.08000183105469,56.369998931884766,55.93000030517578,56.31999969482422,13292000
2015-05-21,41.469181060791016,56.0099983215332,56.18000030517578,55.83000183105469,55.90999984741211,13466700
2015-05-22,41.46178436279297,56.0,56.22999954223633,55.9900016784668,56.040000915527344,8568800
2015-05-26,41.21004867553711,55.65999984741211,56.0,55.459999084472656,55.970001220703125,15859100
2015-05-27,41.513614654541016,56.06999969482422,56.310001373291016,55.709999084472656,55.91999816894531,12526100
2015-05-28,41.61726379394531,56.209999084472656,56.29999923706055,55.88999938964844,56.11000061035156,10348700
2015-05-29,41.43216323852539,55.959999084472656,56.2599983215332,55.68000030517578,56.25,17291500
2015-06-01,41.491397857666016,56.040000915527344,56.4900016784668,55.79999923706055,56.2400016784668,15746200
2015-06-02,41.59505081176758,56.18000030517578,56.45000076293945,55.7400016784668,56.0099983215332,13148700
2015-06-03,42.135528564453125,56.90999984741211,57.20000076293945,56.34999847412109,56.34999847412109,16197700
2015-06-04,41.5654411315918,56.13999938964844,56.88999938964844,55.93000030517578,56.52999877929688,17627100
2015-06-05,41.91341781616211,56.61000061035156,57.220001220703125,56.400001525878906,57.040000915527344,16890300
2015-06-08,41.55062484741211,56.119998931884766,56.93999862670898,56.119998931884766,56.93999862670898,14248400
2015-06-09,41.98006057739258,56.70000076293945,56.93000030517578,56.0,56.22999954223633,14669900
2015-06-10,42.35765075683594,57.209999084472656,57.56999969482422,56.90999984741211,56.97999954223633,18622400
2015-06-11,42.39467239379883,57.2599983215332,57.56999969482422,57.06999969482422,57.2599983215332,13943300
2015-06-12,42.268798828125,57.09000015258789,57.290000915527344,56.7400016784668,57.130001068115234,13439000
2015-06-15,42.18735504150391,56.97999954223633,57.06999969482422,56.47999954223633,56.650001525878906,12920600
2015-06-16,42.36505889892578,57.220001220703125,57.2400016784668,56.72999954223633,56.84999847412109,10476100
2015-06-17,42.32803726196289,57.16999816894531,57.54999923706055,57.09999847412109,57.310001373291016,17497700
2015-06-18,42.72045135498047,57.70000076293945,57.84000015258789,57.18999862670898,57.290000915527344,18299900
2015-06-19,42.23917770385742,57.04999923706055,57.56999969482422,57.04999923706055,57.41999816894531,36241100
2015-06-22,42.87593460083008,57.90999984741211,58.040000915527344,57.52999877929688,57.58000183105469,15111200
2015-06-23,42.861114501953125,57.88999938964844,58.2599983215332,57.7599983215332,58.0,13354200
2015-06-24,42.60197830200195,57.540000915527344,58.150001525878906,57.540000915527344,57.66999816894531,16166600
2015-06-25,42.32803726196289,57.16999816894531,57.790000915527344,57.130001068115234,57.75,14053600
2015-06-26,42.52793884277344,57.43999862670898,57.58000183105469,57.290000915527344,57.34000015258789,16975900
2015-06-29,41.50620651245117,56.060001373291016,57.18999862670898,56.0099983215332,56.79999923706055,19289700
2015-06-30,41.63948822021485,56.2400016784668,56.880001068115234,55.9900016784668,56.540000915527344,17346700
2015-07-01,42.135528564453125,56.90999984741211,57.20000076293945,56.61000061035156,57.09000015258789,12165300
2015-07-02,42.00968551635742,56.7400016784668,57.13999938964844,56.52000045776367,56.84000015258789,10106800
2015-07-06,41.78755187988281,56.43999862670898,56.52999877929688,56.0099983215332,56.09999847412109,11682100
2015-07-07,41.64687728881836,56.25,56.470001220703125,55.08000183105469,56.31999969482422,15831800
2015-07-08,40.90649032592773,55.25,56.16999816894531,55.209999084472656,55.84000015258789,12906600
2015-07-09,41.091575622558594,55.5,56.150001525878906,55.43999862670898,56.060001373291016,13623200
2015-07-10,41.52100372314453,56.08000183105469,56.459999084472656,55.86000061035156,56.33000183105469,13269600
2015-07-13,42.00968551635742,56.7400016784668,56.7599983215332,56.41999816894531,56.560001373291016,15521800
2015-07-14,42.38726806640625,57.25,57.369998931884766,56.38999938964844,56.459999084472656,20066300
2015-07-15,42.7796745300293,57.77999877929688,58.15999984741211,57.2599983215332,57.40999984741211,17159400
2015-07-16,43.06842422485352,58.16999816894531,58.34999847412109,57.97999954223633,58.2400016784668,13194500
2015-07-17,42.898136138916016,57.93999862670898,58.04999923706055,57.4900016784668,57.970001220703125,12963900
2015-07-20,42.97957229614258,58.04999923706055,58.290000915527344,57.880001068115234,57.9900016784668,10084900
2015-07-21,42.905540466308594,57.95000076293945,58.369998931884766,57.75,58.02000045776367,12504300
2015-07-22,43.32755661010742,58.52000045776367,58.59000015258789,57.9900016784668,58.06999969482422,14871100
2015-07-23,43.0980339050293,58.209999084472656,58.77000045776367,58.06999969482422,58.72999954223633,13582200
2015-07-24,42.7796745300293,57.77999877929688,58.34000015258789,57.70000076293945,58.18000030517578,13157300
2015-07-27,42.63900375366211,57.59000015258789,57.84000015258789,57.34000015258789,57.47999954223633,15495300
2015-07-28,42.49832534790039,57.400001525878906,57.84000015258789,57.15999984741211,57.72999954223633,16730600
2015-07-29,42.91293716430664,57.959999084472656,58.130001068115234,57.41999816894531,57.59999847412109,13718400
2015-07-30,43.05362701416016,58.150001525878906,58.18999862670898,57.720001220703125,57.84999847412109,9864800
2015-07-31,42.84630584716797,57.869998931884766,58.25,57.790000915527344,58.22999954223633,12369800
2015-08-03,42.87593460083008,57.90999984741211,58.06999969482422,57.5,58.06999969482422,13085900
2015-08-04,42.80928802490234,57.81999969482422,58.15999984741211,57.709999084472656,57.77000045776367,12324700
2015-08-05,42.96206665039063,57.650001525878906,58.02000045776367,57.47999954223633,57.810001373291016,12032500
2015-08-06,42.87262725830078,57.52999877929688,57.95000076293945,57.40999984741211,57.650001525878906,12556600
2015-08-07,42.82792663574219,57.470001220703125,57.86000061035156,57.040000915527344,57.56999969482422,13596200
2015-08-10,43.17817306518555,57.93999862670898,57.97999954223633,57.68000030517578,57.79999923706055,12397500
2015-08-11,42.634159088134766,57.209999084472656,57.54999923706055,56.97999954223633,57.22999954223633,15425500
2015-08-12,42.269004821777344,56.720001220703125,56.95000076293945,56.20000076293945,56.900001525878906,21663200
2015-08-13,42.39567947387695,56.88999938964844,57.130001068115234,56.630001068115234,56.75,11868600
2015-08-14,42.72359085083008,57.33000183105469,57.369998931884766,56.81999969482422,56.88999938964844,9742500
2015-08-17,42.73849105834961,57.34999847412109,57.5,56.93000030517578,57.02000045776367,11462500
2015-08-18,42.88008117675781,57.540000915527344,57.720001220703125,57.27000045776367,57.40999984741211,10581500
2015-08-19,42.52237319946289,57.060001373291016,57.54999923706055,56.95000076293945,57.27999877929688,13744600
2015-08-20,41.82186508178711,56.119998931884766,56.58000183105469,56.11000061035156,56.459999084472656,20857700
2015-08-21,40.21964263916016,53.970001220703125,55.77999877929688,53.959999084472656,55.33000183105469,31954400
2015-08-24,38.19264221191406,51.25,53.2400016784668,47.75,49.20000076293945,40198100
2015-08-25,37.27601623535156,50.02000045776367,53.650001525878906,50.0,53.54999923706055,31041800
2015-08-26,38.9751205444336,52.29999923706055,52.40999984741211,50.58000183105469,51.560001373291016,30235800
2015-08-27,40.26435470581055,54.02999877929688,54.09999847412109,52.880001068115234,53.43999862670898,26452500
2015-08-28,39.899200439453125,53.540000915527344,53.93000030517578,53.040000915527344,53.75,18342200
2015-08-31,39.742706298828125,53.33000183105469,53.560001373291016,53.060001373291016,53.400001525878906,13842200
2015-09-01,37.9988899230957,50.9900016784668,52.31999969482422,50.52999877929688,52.11000061035156,28031700
2015-09-02,38.74409103393555,51.9900016784668,52.4900016784668,51.27000045776367,52.4900016784668,20919600
2015-09-03,39.07200241088867,52.43000030517578,53.0,52.220001220703125,52.38999938964844,15719000
2015-09-04,38.22244644165039,51.290000915527344,51.81999969482422,50.7599983215332,51.79999923706055,22303800
2015-09-08,39.44461441040039,52.93000030517578,52.97999954223633,51.97999954223633,52.650001525878906,19685400
2015-09-09,38.89313507080078,52.18999862670898,53.70000076293945,52.02000045776367,53.61000061035156,16221500
2015-09-10,39.16889572143555,52.560001373291016,52.86000061035156,51.79999923706055,52.06999969482422,17996200
2015-09-11,39.21359252929688,52.619998931884766,52.65999984741211,52.02999877929688,52.34000015258789,12549400
2015-09-14,39.32536697387695,52.77000045776367,52.880001068115234,52.40999984741211,52.630001068115234,16225600
2015-09-15,39.84702301025391,53.470001220703125,53.790000915527344,52.81999969482422,53.040000915527344,14305500
2015-09-16,40.03334045410156,53.720001220703125,53.88999938964844,52.900001525878906,53.52000045776367,15218500
2015-09-17,38.90803909301758,52.209999084472656,53.90999984741211,52.02999877929688,53.70000076293945,25025800
2015-09-18,38.03613662719727,51.040000915527344,51.47999954223633,50.70000076293945,51.27000045776367,39561600
2015-09-21,38.41619873046875,51.54999923706055,51.75,51.18000030517578,51.52000045776367,16673300
2015-09-22,37.77531433105469,50.68999862670898,51.150001525878906,50.33000183105469,50.869998931884766,21761300
2015-09-23,37.84238815307617,50.77999877929688,50.93999862670898,50.5,50.880001068115234,12521200
2015-09-24,37.67098236083984,50.54999923706055,50.68000030517578,49.79999923706055,50.09000015258789,17064300
2015-09-25,38.36404037475586,51.47999954223633,51.869998931884766,51.06999969482422,51.36000061035156,18394800
2015-09-28,37.536842346191406,50.369998931884766,51.29999923706055,50.20000076293945,51.06999969482422,17647900
2015-09-29,37.92436218261719,50.88999938964844,50.959999084472656,50.0,50.470001220703125,20816400
2015-09-30,38.26715087890625,51.34999847412109,51.720001220703125,50.70000076293945,51.630001068115234,20514800
2015-10-01,38.33423614501953,51.43999862670898,51.86000061035156,50.91999816894531,51.5099983215332,15556600
2015-10-02,38.20008850097656,51.2599983215332,51.290000915527344,49.5099983215332,50.27999877929688,21630300
2015-10-05,39.05709457397461,52.40999984741211,52.56999969482422,51.5,51.709999084472656,15240700
2015-10-06,38.77389907836914,52.02999877929688,52.540000915527344,51.91999816894531,52.18000030517578,14490700
2015-10-07,38.89313507080078,52.18999862670898,52.72999954223633,51.90999984741211,52.4900016784668,13863500
2015-10-08,39.15397262573242,52.540000915527344,52.59000015258789,51.77000045776367,52.22999954223633,15384100
2015-10-09,38.85587310791016,52.13999938964844,53.06999969482422,51.97999954223633,53.02000045776367,16983100
2015-10-12,38.88570785522461,52.18000030517578,52.43000030517578,51.75,52.119998931884766,10639000
2015-10-13,38.6472282409668,51.86000061035156,52.310001373291016,51.709999084472656,52.02000045776367,16002200
2015-10-14,38.378936767578125,51.5,51.900001525878906,50.7400016784668,51.70000076293945,26269100
2015-10-15,39.2657585144043,52.68999862670898,52.70000076293945,51.7599983215332,51.97999954223633,18262400
2015-10-16,39.407352447509766,52.880001068115234,53.18999862670898,52.5099983215332,53.150001525878906,15676300
2015-10-19,39.16889572143555,52.560001373291016,53.0099983215332,52.45000076293945,52.7599983215332,15515700
2015-10-20,39.55639266967773,53.08000183105469,53.290000915527344,52.58000183105469,52.619998931884766,13583300
2015-10-21,39.58620071411133,53.119998931884766,53.86000061035156,53.02999877929688,53.040000915527344,17666700
2015-10-22,40.28670883178711,54.060001373291016,54.45000076293945,53.400001525878906,53.400001525878906,18263200
2015-10-23,40.80092239379883,54.75,54.79999923706055,54.11000061035156,54.34000015258789,16924800
2015-10-26,40.45811462402344,54.290000915527344,54.810001373291016,54.15999984741211,54.7599983215332,12661400
2015-10-27,40.3314208984375,54.119998931884766,54.33000183105469,53.81999969482422,53.97999954223633,12443900
2015-10-28,41.32256317138672,55.45000076293945,55.5,54.16999816894531,54.2400016784668,16681600
2015-10-29,41.05428314208984,55.09000015258789,55.56999969482422,54.90999984741211,55.38999938964844,11334900
2015-10-30,40.3463249206543,54.13999938964844,55.06999969482422,54.02999877929688,55.06999969482422,18450500
2015-11-02,40.87543487548828,54.84999847412109,55.02000045776367,54.130001068115234,54.209999084472656,10992300
2015-11-03,40.935054779052734,54.93000030517578,55.150001525878906,54.45000076293945,54.68000030517578,10709100
2015-11-04,40.95381546020508,54.58000183105469,54.75,54.380001068115234,54.560001373291016,12823600
2015-11-05,41.16392135620117,54.86000061035156,55.08000183105469,54.34999847412109,54.34999847412109,12263900
2015-11-06,41.9067611694336,55.84999847412109,56.34000015258789,55.560001373291016,56.040000915527344,22376800
2015-11-09,41.62163162231445,55.470001220703125,56.220001220703125,55.13999938964844,56.08000183105469,17609700
2015-11-10,41.9517707824707,55.90999984741211,55.959999084472656,55.22999954223633,55.29999923706055,13475900
2015-11-11,41.86923599243164,55.79999923706055,56.16999816894531,55.5099983215332,56.130001068115234,10808500
2015-11-12,41.39651870727539,55.16999816894531,55.75,55.16999816894531,55.52000045776367,17552200
2015-11-13,40.9463119506836,54.56999969482422,55.36000061035156,54.33000183105469,55.02000045776367,16550200
2015-11-16,41.4715461730957,55.27000045776367,55.27000045776367,54.400001525878906,54.47999954223633,11955400
2015-11-17,41.23894500732422,54.959999084472656,55.4900016784668,54.84000015258789,55.33000183105469,11331900
2015-11-18,41.77168273925781,55.66999816894531,55.77000045776367,54.970001220703125,55.060001373291016,16612600
2015-11-19,41.99679565429688,55.970001220703125,56.06999969482422,55.459999084472656,55.77000045776367,12167600
2015-11-20,41.88424301147461,55.81999969482422,56.2599983215332,55.720001220703125,56.2599983215332,16264100
2015-11-23,41.71916198730469,55.59999847412109,56.040000915527344,55.560001373291016,55.900001525878906,9638100
2015-11-24,41.47904586791992,55.27999877929688,55.47999954223633,54.88999938964844,55.13999938964844,14156500
2015-11-25,41.43403244018555,55.220001220703125,55.52000045776367,55.09999847412109,55.459999084472656,10034400
2015-11-27,41.56160354614258,55.38999938964844,55.470001220703125,54.97999954223633,55.34000015258789,4914000
2015-11-30,41.3440055847168,55.09999847412109,55.68999862670898,55.09999847412109,55.459999084472656,15998900
2015-12-01,41.801700592041016,55.709999084472656,55.77000045776367,55.27000045776367,55.5099983215332,15543400
2015-12-02,41.32898712158203,55.08000183105469,55.79999923706055,55.0,55.79999923706055,12779900
2015-12-03,40.66868591308594,54.20000076293945,55.220001220703125,54.02999877929688,55.130001068115234,15410100
2015-12-04,41.77168273925781,55.66999816894531,55.880001068115234,54.310001373291016,54.47999954223633,19647700
2015-12-07,41.5841064453125,55.41999816894531,55.560001373291016,55.02000045776367,55.45000076293945,17991600
2015-12-08,40.81875228881836,54.400001525878906,55.209999084472656,54.27999877929688,54.97999954223633,19949500
2015-12-09,40.60865020751953,54.119998931884766,54.93999862670898,53.709999084472656,54.119998931884766,18499600
2015-12-10,40.77373504638672,54.34000015258789,54.9900016784668,53.880001068115234,54.25,14075300
2015-12-11,40.00087356567383,53.310001373291016,53.93999862670898,52.9900016784668,53.45000076293945,17815700
2015-12-14,39.91833114624024,53.20000076293945,53.56999969482422,52.75,53.31999969482422,22055100
2015-12-15,41.20143508911133,54.90999984741211,55.119998931884766,53.810001373291016,53.83000183105469,19056700
2015-12-16,41.9067611694336,55.84999847412109,56.040000915527344,54.81999969482422,55.209999084472656,21086800
2015-12-17,41.62163162231445,55.470001220703125,56.2400016784668,55.470001220703125,56.11000061035156,18800500
2015-12-18,40.36104583740234,53.790000915527344,55.150001525878906,53.790000915527344,55.0,31468600
2015-12-21,40.53363037109375,54.02000045776367,54.540000915527344,53.54999923706055,54.29999923706055,12993400
2015-12-22,40.77373504638672,54.34000015258789,54.5,53.70000076293945,54.36000061035156,10318100
2015-12-23,41.29897689819336,55.040000915527344,55.060001373291016,54.459999084472656,54.59999847412109,13033600
2015-12-24,41.133888244628906,54.81999969482422,55.09000015258789,54.709999084472656,54.970001220703125,4999400
2015-12-28,41.02885437011719,54.68000030517578,54.77999877929688,54.16999816894531,54.54999923706055,8288800
2015-12-29,41.48656845092773,55.290000915527344,55.34999847412109,54.9900016784668,55.11000061035156,7894900
2015-12-30,41.186431884765625,54.88999938964844,55.310001373291016,54.790000915527344,55.27000045776367,8016900
2015-12-31,40.78874969482422,54.36000061035156,54.95000076293945,54.220001220703125,54.5099983215332,10929800
2016-01-04,39.70073699951172,52.90999984741211,53.27000045776367,52.29999923706055,53.09000015258789,25985400
2016-01-05,39.68572616577149,52.88999938964844,53.27000045776367,52.54999923706055,52.93000030517578,14759600
2016-01-06,38.92788314819336,51.880001068115234,52.619998931884766,51.83000183105469,52.119998931884766,20026400
2016-01-07,37.817378997802734,50.400001525878906,51.18999862670898,50.150001525878906,51.0099983215332,30425600
2016-01-08,37.18708419799805,49.560001373291016,50.86000061035156,49.459999084472656,50.79999923706055,22981400
2016-01-11,37.58478164672852,50.09000015258789,50.33000183105469,49.63999938964844,50.18000030517578,19046400
2016-01-12,38.5377082824707,51.36000061035156,51.52000045776367,50.45000076293945,50.880001068115234,28961500
2016-01-13,37.314640045166016,49.72999954223633,51.79999923706055,49.5,51.72999954223633,22013500
2016-01-14,37.99745559692383,50.63999938964844,51.0,49.59999847412109,50.08000183105469,24569800
2016-01-15,36.63182067871094,48.81999969482422,49.63999938964844,48.130001068115234,48.59000015258789,41090400
2016-01-19,36.17411804199219,48.209999084472656,49.540000915527344,47.9900016784668,49.25,29918500
2016-01-20,35.91900634765625,47.869998931884766,48.25,46.880001068115234,47.27999877929688,40241100
2016-01-21,36.02405548095703,48.0099983215332,49.04999923706055,47.90999984741211,48.02999877929688,24272900
2016-01-22,36.78189849853516,49.02000045776367,49.27000045776367,48.560001373291016,49.02999877929688,18298700
2016-01-25,35.761436462402344,47.65999984741211,48.97999954223633,47.619998931884766,48.90999984741211,23440800
2016-01-26,36.21163177490234,48.2599983215332,48.560001373291016,47.65999984741211,47.75,18895100
2016-01-27,36.444244384765625,48.56999969482422,49.29999923706055,48.130001068115234,48.29999923706055,20441500
2016-01-28,36.70686340332031,48.91999816894531,49.400001525878906,48.59999847412109,49.09999847412109,21306600
2016-01-29,37.68981170654297,50.22999954223633,50.25,49.16999816894531,49.290000915527344,25358300
2016-02-01,37.47222900390625,49.93999862670898,50.18000030517578,49.560001373291016,50.119998931884766,17385400
2016-02-02,36.63933181762695,48.83000183105469,49.31999969482422,48.77999877929688,49.2599983215332,25593200
2016-02-03,35.992828369140625,47.59999847412109,48.5099983215332,46.5099983215332,48.45000076293945,47149700
2016-02-04,36.48431396484375,48.25,48.61000061035156,47.369998931884766,47.400001525878906,30851700
2016-02-05,36.18942260742188,47.86000061035156,48.65999984741211,47.59999847412109,48.34999847412109,23733700
2016-02-08,35.16105270385742,46.5,47.34000015258789,46.060001373291016,47.11000061035156,31172100
2016-02-09,35.123252868652344,46.45000076293945,46.7599983215332,45.36000061035156,45.61000061035156,29896200
2016-02-10,34.911521911621094,46.16999816894531,47.220001220703125,46.11000061035156,46.880001068115234,19885500
2016-02-11,34.14781188964844,45.15999984741211,45.52999877929688,44.5,44.93000030517578,32570900
2016-02-12,35.773536682128906,47.310001373291016,47.38999938964844,45.93000030517578,45.959999084472656,28533900
2016-02-16,36.47675704956055,48.2400016784668,48.40999984741211,47.56999969482422,48.04999923706055,20410600
2016-02-17,36.39358139038086,48.130001068115234,48.959999084472656,47.9900016784668,48.650001525878906,18060500
2016-02-18,36.09112930297852,47.72999954223633,48.13999938964844,47.47999954223633,48.09000015258789,17162800
2016-02-19,36.36333847045898,48.09000015258789,48.16999816894531,47.34000015258789,47.400001525878906,18234900
2016-02-22,37.19508361816406,49.18999862670898,49.34000015258789,48.09000015258789,48.09000015258789,17572800
2016-02-23,36.37090301513672,48.09999847412109,48.91999816894531,47.97999954223633,48.869998931884766,15224700
2016-02-24,36.000389099121094,47.61000061035156,47.68000030517578,46.560001373291016,47.34000015258789,18595700
2016-02-25,36.10624313354492,47.75,48.15999984741211,47.709999084472656,47.709999084472656,16646200
2016-02-26,36.34822463989258,48.06999969482422,48.540000915527344,47.83000183105469,48.130001068115234,20325600
2016-02-29,35.4786262512207,46.91999816894531,48.02999877929688,46.90999984741211,48.02999877929688,24018100
2016-03-01,36.8397216796875,48.720001220703125,48.720001220703125,47.13999938964844,47.13999938964844,24758500
2016-03-02,37.48244094848633,49.56999969482422,49.56999969482422,48.61000061035156,48.84000015258789,18667700
2016-03-03,37.63367462158203,49.77000045776367,49.790000915527344,49.06999969482422,49.630001068115234,14268100
2016-03-04,37.89076614379883,50.11000061035156,50.4900016784668,49.68000030517578,50.0099983215332,18685600
2016-03-07,37.86052703857422,50.06999969482422,50.15999984741211,49.43999862670898,49.77000045776367,14386100
2016-03-08,37.08924102783203,49.04999923706055,49.65999984741211,48.91999816894531,49.61000061035156,18098200
2016-03-09,36.89263153076172,48.790000915527344,49.5,48.5099983215332,49.380001068115234,17920100
2016-03-10,36.68092346191406,48.5099983215332,49.130001068115234,47.959999084472656,48.93999862670898,18542700
2016-03-11,37.86052703857422,50.06999969482422,50.130001068115234,48.880001068115234,49.119998931884766,18318400
2016-03-14,37.71685409545898,49.880001068115234,50.06999969482422,49.43999862670898,49.970001220703125,12803900
2016-03-15,37.79246139526367,49.97999954223633,49.9900016784668,49.20000076293945,49.29999923706055,12945600
2016-03-16,37.45975875854492,49.540000915527344,50.290000915527344,49.27999877929688,49.75,16629700
2016-03-17,37.603424072265625,49.72999954223633,49.93000030517578,48.84000015258789,49.43000030517578,16002800
2016-03-18,38.21591567993164,50.540000915527344,50.70000076293945,49.93000030517578,50.43999862670898,35812100
2016-03-21,38.314212799072266,50.66999816894531,50.75,50.16999816894531,50.5,13543200
2016-03-22,38.087364196777344,50.369998931884766,50.58000183105469,50.0,50.209999084472656,13907000
2016-03-23,37.626102447509766,49.7599983215332,50.33000183105469,49.70000076293945,50.18000030517578,13648100
2016-03-24,36.97582244873047,48.900001525878906,49.08000183105469,48.52000045776367,49.02000045776367,20871100
2016-03-28,36.8245964050293,48.70000076293945,49.040000915527344,48.54999923706055,49.040000915527344,18478100
2016-03-29,36.33308792114258,48.04999923706055,48.650001525878906,47.84000015258789,48.619998931884766,24459500
2016-03-30,36.78678131103516,48.650001525878906,49.15999984741211,48.150001525878906,48.400001525878906,16794200
2016-03-31,36.567508697509766,48.36000061035156,48.84000015258789,48.27000045776367,48.59999847412109,16397600
2016-04-01,36.635555267333984,48.45000076293945,48.58000183105469,47.77999877929688,48.22999954223633,14321400
2016-04-04,36.67335510253906,48.5,48.66999816894531,48.20000076293945,48.41999816894531,12110200
2016-04-05,35.924774169921875,47.5099983215332,48.09000015258789,47.459999084472656,48.08000183105469,18297700
2016-04-06,36.35578155517578,48.08000183105469,48.130001068115234,47.220001220703125,47.38999938964844,17214400
2016-04-07,35.4861946105957,46.93000030517578,47.77999877929688,46.619998931884766,47.709999084472656,17593100
2016-04-08,35.59206771850586,47.06999969482422,47.650001525878906,46.970001220703125,47.34999847412109,12236500
2016-04-11,35.561824798583984,47.02999877929688,47.709999084472656,47.0,47.11000061035156,15113500
2016-04-12,36.12137222290039,47.77000045776367,47.83000183105469,46.95000076293945,47.13999938964844,18772600
2016-04-13,37.07411575317383,49.02999877929688,49.25,48.27000045776367,48.290000915527344,26311900
2016-04-14,36.89263153076172,48.790000915527344,49.29999923706055,48.16999816894531,48.29999923706055,30067900
2016-04-15,36.48431396484375,48.25,48.93999862670898,48.060001373291016,48.619998931884766,24885200
2016-04-18,36.93046188354492,48.84000015258789,48.880001068115234,47.90999984741211,48.25,18225800
2016-04-19,37.71685409545898,49.880001068115234,49.91999816894531,48.97999954223633,49.0099983215332,18673400
2016-04-20,38.14786148071289,50.45000076293945,50.52000045776367,49.7599983215332,49.97999954223633,22647700
2016-04-21,37.84539031982422,50.04999923706055,50.77999877929688,49.93000030517578,50.54999923706055,20255400
2016-04-22,38.27640151977539,50.619998931884766,50.7400016784668,50.04999923706055,50.04999923706055,16365700
2016-04-25,38.19322967529297,50.5099983215332,50.59999847412109,50.119998931884766,50.310001373291016,11689100
2016-04-26,38.50324630737305,50.91999816894531,50.9900016784668,50.45000076293945,50.5099983215332,13333500
2016-04-27,38.51079940795898,50.93000030517578,51.40999984741211,50.720001220703125,50.869998931884766,15342700
2016-04-28,38.11760330200195,50.40999984741211,50.93000030517578,50.20000076293945,50.5099983215332,15506300
2016-04-29,37.79246139526367,49.97999954223633,50.459999084472656,49.68000030517578,50.459999084472656,17887000
2016-05-02,38.25371170043945,50.59000015258789,50.70000076293945,50.150001525878906,50.27999877929688,14780300
2016-05-03,37.80758285522461,50.0,50.130001068115234,49.540000915527344,49.86000061035156,16246400
2016-05-04,37.289459228515625,48.93999862670898,49.27000045776367,48.68000030517578,49.060001373291016,22402500
2016-05-05,37.30470657348633,48.959999084472656,49.18999862670898,48.77000045776367,48.970001220703125,15953600
2016-05-06,37.35042953491211,49.02000045776367,49.119998931884766,48.650001525878906,48.709999084472656,14189600
2016-05-09,37.243751525878906,48.880001068115234,49.220001220703125,48.810001373291016,49.02000045776367,13877000
2016-05-10,37.63995361328125,49.400001525878906,49.5099983215332,49.0,49.0,14234400
2016-05-11,37.396141052246094,49.08000183105469,49.720001220703125,49.08000183105469,49.36000061035156,17344300
2016-05-12,37.487571716308594,49.20000076293945,49.58000183105469,49.04999923706055,49.34000015258789,13589600
2016-05-13,36.756107330322266,48.2400016784668,49.43000030517578,48.209999084472656,49.09999847412109,25251700
2016-05-16,36.778953552246094,48.27000045776367,48.630001068115234,47.93999862670898,48.119998931884766,19655300
2016-05-17,36.2837028503418,47.619998931884766,48.16999816894531,47.54999923706055,48.13999938964844,21495600
2016-05-18,37.06851196289063,48.650001525878906,48.720001220703125,47.619998931884766,47.68000030517578,30028200
2016-05-19,36.8627815246582,48.380001068115234,48.959999084472656,48.15999984741211,48.43999862670898,13604100
2016-05-20,37.14468765258789,48.75,49.209999084472656,48.560001373291016,48.619998931884766,13222800
2016-05-23,37.10660552978516,48.70000076293945,48.880001068115234,48.34999847412109,48.7599983215332,10644000
2016-05-24,37.487571716308594,49.20000076293945,49.369998931884766,48.68999862670898,49.04999923706055,16597700
2016-05-25,38.47810363769531,50.5,50.83000183105469,49.5099983215332,49.58000183105469,22478600
2016-05-26,38.51618957519531,50.54999923706055,50.65999984741211,50.400001525878906,50.52000045776367,14983300
2016-05-27,38.744773864746094,50.84999847412109,50.86000061035156,50.4900016784668,50.59999847412109,13430500
2016-05-31,38.64572525024414,50.720001220703125,51.18999862670898,50.4900016784668,51.02000045776367,19725000
2016-06-01,38.85906982421875,51.0,51.040000915527344,50.16999816894531,50.2599983215332,16774300
2016-06-02,38.94289016723633,51.11000061035156,51.11000061035156,50.709999084472656,50.959999084472656,14206700
2016-06-03,38.24188995361328,50.18999862670898,50.310001373291016,49.61000061035156,50.16999816894531,25452600
2016-06-06,38.47047805786133,50.4900016784668,50.869998931884766,50.18999862670898,50.2400016784668,14528500
2016-06-07,38.30284881591797,50.27000045776367,50.72999954223633,50.27000045776367,50.72999954223633,15310100
2016-06-08,38.09712600708008,50.0,50.43999862670898,49.7400016784668,50.25,18168500
2016-06-09,37.44186019897461,49.13999938964844,49.68000030517578,48.84999847412109,49.650001525878906,19464400
2016-06-10,36.83229064941406,48.34000015258789,48.709999084472656,48.16999816894531,48.4900016784668,16815300
2016-06-13,36.550392150878906,47.970001220703125,48.5099983215332,47.959999084472656,48.130001068115234,16150100
2016-06-14,35.71986389160156,46.880001068115234,48.119998931884766,46.5099983215332,47.86000061035156,25311700
2016-06-15,35.64365768432617,46.77999877929688,47.560001373291016,46.7400016784668,47.27000045776367,20142000
2016-06-16,35.69701385498047,46.84999847412109,46.86000061035156,45.959999084472656,46.470001220703125,15619300
2016-06-17,35.506526947021484,46.59999847412109,47.0,46.52000045776367,46.84999847412109,25661300
2016-06-20,35.75795364379883,46.93000030517578,47.900001525878906,46.91999816894531,47.4900016784668,19490100
2016-06-21,35.98654556274414,47.22999954223633,47.34000015258789,46.77000045776367,47.290000915527344,11731600
2016-06-22,35.788429260253906,46.970001220703125,47.58000183105469,46.93000030517578,47.150001525878906,17072100
2016-06-23,36.504669189453125,47.90999984741211,47.90999984741211,47.38999938964844,47.63999938964844,16270000
2016-06-24,34.828392028808594,45.709999084472656,46.970001220703125,45.27999877929688,45.7599983215332,46744100
2016-06-27,34.29502487182617,45.0099983215332,45.33000183105469,44.5,45.20000076293945,35030100
2016-06-28,35.12554931640625,46.09999847412109,46.11000061035156,45.34000015258789,45.88999938964844,27525700
2016-06-29,35.788429260253906,46.970001220703125,46.9900016784668,46.150001525878906,46.630001068115234,20856400
2016-06-30,36.062744140625,47.33000183105469,47.36000061035156,46.52999877929688,47.2400016784668,22538800
2016-07-01,35.83415985107422,47.02999877929688,47.27999877929688,46.86000061035156,47.08000183105469,19013600
2016-07-05,35.2093620300293,46.209999084472656,46.7599983215332,45.810001373291016,46.70000076293945,22213000
2016-07-06,35.544620513916016,46.650001525878906,46.65999984741211,45.70000076293945,45.88999938964844,19024100
2016-07-07,35.65890884399414,46.79999923706055,47.220001220703125,46.43999862670898,46.58000183105469,17946200
2016-07-08,36.41324234008789,47.790000915527344,47.91999816894531,47.45000076293945,47.45000076293945,19775700
2016-07-11,36.63419723510742,48.08000183105469,48.45000076293945,47.93999862670898,48.09999847412109,16008700
2016-07-12,36.83992767333984,48.34999847412109,48.630001068115234,48.220001220703125,48.41999816894531,15067900
2016-07-13,36.778953552246094,48.27000045776367,48.470001220703125,47.97999954223633,48.310001373291016,14389600
2016-07-14,37.289459228515625,48.93999862670898,49.150001525878906,48.66999816894531,49.04999923706055,17578400
2016-07-15,36.35226440429688,47.709999084472656,48.880001068115234,47.40999984741211,48.84999847412109,35121000
2016-07-18,36.78659057617188,48.27999877929688,48.33000183105469,47.77999877929688,47.810001373291016,24139200
2016-07-19,36.85515975952149,48.369998931884766,48.54999923706055,48.04999923706055,48.08000183105469,15982900
2016-07-20,37.038028717041016,48.61000061035156,48.68999862670898,48.400001525878906,48.59000015258789,16569900
2016-07-21,36.80181121826172,48.29999923706055,48.810001373291016,48.290000915527344,48.650001525878906,15532000
2016-07-22,36.81706619262695,48.31999969482422,48.36000061035156,48.09999847412109,48.31999969482422,13588500
2016-07-25,36.6646728515625,48.119998931884766,48.2599983215332,47.84999847412109,48.2400016784668,12122200
2016-07-26,36.550392150878906,47.970001220703125,48.16999816894531,47.79999923706055,48.02999877929688,16130100
2016-07-27,36.573238372802734,48.0,48.220001220703125,47.77999877929688,47.95000076293945,17886800
2016-07-28,36.67230224609375,48.130001068115234,48.220001220703125,47.68000030517578,47.93999862670898,12562600
2016-07-29,36.550392150878906,47.970001220703125,48.16999816894531,47.95000076293945,47.95000076293945,13111700
2016-08-01,36.428470611572266,47.810001373291016,48.04999923706055,47.630001068115234,47.97999954223633,16026600
2016-08-02,36.34466171264648,47.70000076293945,47.83000183105469,47.38999938964844,47.65999984741211,17033100
2016-08-03,36.53666687011719,47.56999969482422,47.63999938964844,47.33000183105469,47.33000183105469,14913500
2016-08-04,36.744049072265625,47.84000015258789,48.0,47.56999969482422,47.59999847412109,14662600
2016-08-05,37.38922500610352,48.68000030517578,48.70000076293945,48.130001068115234,48.38999938964844,19064700
2016-08-08,37.56587600708008,48.90999984741211,49.04999923706055,48.7400016784668,48.77999877929688,14871600
2016-08-09,37.58122634887695,48.93000030517578,49.150001525878906,48.810001373291016,49.02000045776367,10449800
2016-08-10,37.00519561767578,48.18000030517578,48.93000030517578,48.08000183105469,48.81999969482422,16782700
2016-08-11,37.05127716064453,48.2400016784668,48.5,47.91999816894531,48.22999954223633,14614100
2016-08-12,36.79013442993164,47.900001525878906,48.08000183105469,47.83000183105469,48.04999923706055,13227500
2016-08-15,37.07430267333984,48.27000045776367,48.34000015258789,48.02999877929688,48.04999923706055,11758900
2016-08-16,37.20487594604492,48.43999862670898,48.59999847412109,48.060001373291016,48.15999984741211,13957600
2016-08-17,37.33546829223633,48.61000061035156,48.65999984741211,48.310001373291016,48.369998931884766,13062900
2016-08-18,37.27399444580078,48.52999877929688,48.65999984741211,48.33000183105469,48.5,12189200
2016-08-19,37.36618423461914,48.650001525878906,48.72999954223633,48.20000076293945,48.43999862670898,12557700
2016-08-22,37.3508186340332,48.630001068115234,48.7400016784668,48.5,48.63999938964844,9212600
2016-08-23,37.18184661865234,48.40999984741211,48.75,48.38999938964844,48.63999938964844,15430200
2016-08-24,37.3508186340332,48.630001068115234,48.77000045776367,48.34999847412109,48.5,16315800
2016-08-25,37.1588020324707,48.380001068115234,48.68999862670898,48.29999923706055,48.619998931884766,13643200
2016-08-26,37.25865936279297,48.5099983215332,48.84000015258789,48.27999877929688,48.58000183105469,15527300
2016-08-29,38.06510543823242,49.560001373291016,49.75,48.68999862670898,48.75,21201400
2016-08-30,38.87925720214844,50.619998931884766,50.63999938964844,49.68000030517578,49.72999954223633,25055800
2016-08-31,39.01750946044922,50.79999923706055,50.91999816894531,50.2400016784668,50.70000076293945,24533600
2016-09-01,38.73332595825195,50.43000030517578,51.0,50.11000061035156,50.91999816894531,17017100
2016-09-02,38.82548904418945,50.54999923706055,50.65999984741211,50.18000030517578,50.45000076293945,12684000
2016-09-06,38.3953742980957,49.9900016784668,50.56999969482422,49.630001068115234,50.560001373291016,21832200
2016-09-07,38.22641372680664,49.77000045776367,50.02999877929688,49.650001525878906,49.790000915527344,12437300
2016-09-08,38.32624816894531,49.900001525878906,49.9900016784668,49.560001373291016,49.810001373291016,14169200
2016-09-09,37.419952392578125,48.720001220703125,49.86000061035156,48.720001220703125,49.4900016784668,32147200
2016-09-12,37.28168487548828,48.540000915527344,48.63999938964844,47.97999954223633,48.369998931884766,35588400
2016-09-13,36.06815719604492,46.959999084472656,47.86000061035156,46.52000045776367,47.79999923706055,59000500
2016-09-14,35.73021697998047,46.52000045776367,47.58000183105469,46.5,47.08000183105469,44841700
2016-09-15,35.44602966308594,46.150001525878906,46.34999847412109,45.18999862670898,46.119998931884766,60827800
2016-09-16,34.89302062988281,45.43000030517578,45.869998931884766,45.25,45.70000076293945,51871400
2016-09-19,35.3385009765625,46.0099983215332,46.290000915527344,45.47999954223633,45.619998931884766,33562400
2016-09-20,35.76092529296875,46.560001373291016,47.20000076293945,46.119998931884766,47.150001525878906,51510400
2016-09-21,35.20024871826172,45.83000183105469,46.540000915527344,45.33000183105469,46.5099983215332,64530200
2016-09-22,35.115745544433594,45.720001220703125,46.119998931884766,45.369998931884766,45.83000183105469,36964400
2016-09-23,35.131107330322266,45.7400016784668,45.90999984741211,45.43000030517578,45.5,28710500
2016-09-26,34.47058868408203,44.880001068115234,45.5,44.650001525878906,45.369998931884766,30938000
2016-09-27,34.63188171386719,45.09000015258789,45.09999847412109,44.65999984741211,44.790000915527344,24359000
2016-09-28,34.80086898803711,45.310001373291016,45.47999954223633,44.959999084472656,45.36000061035156,28220300
2016-09-29,34.0788688659668,44.369998931884766,45.2599983215332,44.209999084472656,45.18999862670898,45266700
2016-09-30,34.00974655151367,44.27999877929688,44.72999954223633,44.09999847412109,44.33000183105469,54117700
2016-10-03,33.66412734985352,43.83000183105469,44.15999984741211,43.560001373291016,44.119998931884766,38197700
2016-10-04,33.6026725769043,43.75,44.09000015258789,43.54999923706055,43.619998931884766,44008300
2016-10-05,34.55507278442383,44.9900016784668,45.08000183105469,43.83000183105469,43.83000183105469,40459000
2016-10-06,34.70100402832031,45.18000030517578,45.38999938964844,44.83000183105469,45.18000030517578,29878200
2016-10-07,34.81621170043945,45.33000183105469,45.45000076293945,44.93000030517578,45.20000076293945,24893600
2016-10-10,35.06199645996094,45.650001525878906,45.91999816894531,45.43999862670898,45.70000076293945,21804900
2016-10-11,34.90837860107422,45.45000076293945,45.81999969482422,45.150001525878906,45.79999923706055,25442600
2016-10-12,34.80853271484375,45.31999969482422,45.83000183105469,45.31999969482422,45.5099983215332,21780500
2016-10-13,34.37074279785156,44.75,45.2400016784668,44.27999877929688,45.2400016784668,44174600
2016-10-14,34.34001541137695,44.709999084472656,45.52000045776367,44.31999969482422,45.16999816894531,45418600
2016-10-17,34.1787223815918,44.5,44.7599983215332,44.31999969482422,44.540000915527344,18861300
2016-10-18,34.524349212646484,44.95000076293945,45.0,44.40999984741211,44.75,23877600
2016-10-19,34.762451171875,45.2599983215332,45.52999877929688,44.86000061035156,44.86000061035156,26977000
2016-10-20,34.50898361206055,44.93000030517578,45.290000915527344,44.65999984741211,44.970001220703125,27210600
2016-10-21,34.63188171386719,45.09000015258789,45.29999923706055,44.65999984741211,44.7400016784668,21490800
2016-10-24,34.962135314941406,45.52000045776367,45.68000030517578,45.290000915527344,45.45000076293945,19303800
2016-10-25,35.115745544433594,45.720001220703125,45.79999923706055,45.40999984741211,45.470001220703125,20402000
2016-10-26,35.44602966308594,46.150001525878906,46.16999816894531,45.43999862670898,45.459999084472656,25181900
2016-10-27,35.645721435546875,46.40999984741211,46.810001373291016,46.2599983215332,46.41999816894531,25661000
2016-10-28,35.507469177246094,46.22999954223633,46.63999938964844,45.880001068115234,46.56999969482422,20882000
2016-10-31,35.3385009765625,46.0099983215332,46.560001373291016,46.0,46.400001525878906,20115900
2016-11-01,35.32313537597656,45.9900016784668,46.27999877929688,45.59999847412109,46.119998931884766,20020200
2016-11-02,35.036590576171875,45.2400016784668,45.5099983215332,45.06999969482422,45.380001068115234,19566600
2016-11-03,35.1140251159668,45.34000015258789,45.790000915527344,45.25,45.33000183105469,14982700
2016-11-04,34.54093170166016,44.59999847412109,45.41999816894531,44.4900016784668,45.36000061035156,27391600
2016-11-07,35.160499572753906,45.400001525878906,45.68999862670898,45.209999084472656,45.220001220703125,25769400
2016-11-08,35.268924713134766,45.540000915527344,45.81999969482422,44.869998931884766,45.18000030517578,19462600
2016-11-09,37.16635513305664,47.9900016784668,48.61000061035156,46.0,46.33000183105469,67615000
2016-11-10,39.985389709472656,51.630001068115234,51.93000030517578,48.790000915527344,48.93000030517578,100988800
2016-11-11,40.06282424926758,51.72999954223633,51.9900016784668,50.72999954223633,51.09000015258789,46594900
2016-11-14,41.2167854309082,53.220001220703125,54.060001373291016,51.90999984741211,51.90999984741211,59154400
2016-11-15,40.72886657714844,52.59000015258789,52.59000015258789,51.540000915527344,52.380001068115234,39437900
2016-11-16,40.02410125732422,51.68000030517578,52.16999816894531,51.36000061035156,51.790000915527344,26996200
2016-11-17,40.65141677856445,52.4900016784668,52.900001525878906,50.959999084472656,51.38999938964844,29205900
2016-11-18,40.9069938659668,52.81999969482422,52.97999954223633,51.9900016784668,52.45000076293945,29673400
2016-11-21,40.364871978759766,52.119998931884766,52.97999954223633,52.02000045776367,52.84999847412109,23587200
2016-11-22,40.44231796264648,52.220001220703125,52.58000183105469,51.810001373291016,52.43000030517578,22816900
2016-11-23,40.39585494995117,52.15999984741211,52.630001068115234,51.95000076293945,52.45000076293945,19986800
2016-11-25,40.752098083496094,52.619998931884766,52.619998931884766,52.040000915527344,52.400001525878906,9635500
2016-11-28,39.94667053222656,51.58000183105469,52.47999954223633,51.38999938964844,52.119998931884766,26518500
2016-11-29,40.163516998291016,51.86000061035156,52.130001068115234,51.560001373291016,51.560001373291016,16267300
2016-11-30,40.98444747924805,52.91999816894531,53.15999984741211,52.29999923706055,52.47999954223633,26567200
2016-12-01,42.08418655395508,54.34000015258789,54.470001220703125,53.060001373291016,53.130001068115234,35623100
2016-12-02,41.49559020996094,53.58000183105469,54.27000045776367,53.310001373291016,54.2400016784668,21894700
2016-12-05,42.0919189453125,54.34999847412109,54.52999877929688,53.869998931884766,53.900001525878906,24793900
2016-12-06,43.02125930786133,55.54999923706055,55.56999969482422,54.220001220703125,54.45000076293945,30706700
2016-12-07,44.36109924316406,57.27999877929688,57.290000915527344,55.22999954223633,55.54999923706055,46617000
2016-12-08,44.36882781982422,57.290000915527344,58.02000045776367,56.709999084472656,57.290000915527344,39828600
2016-12-09,44.252662658691406,57.13999938964844,57.2400016784668,56.4900016784668,56.90999984741211,20331200
2016-12-12,43.19940185546875,55.77999877929688,57.09999847412109,55.54999923706055,56.5,27886200
2016-12-13,43.24586486816406,55.84000015258789,56.209999084472656,55.290000915527344,55.84999847412109,24355600
2016-12-14,42.362979888916016,54.70000076293945,55.619998931884766,54.02999877929688,54.7400016784668,54590600
2016-12-15,42.742454528808594,55.18999862670898,56.25,54.900001525878906,55.16999816894531,31345900
2016-12-16,42.858642578125,55.34000015258789,55.650001525878906,54.91999816894531,55.4900016784668,33171800
2016-12-19,42.76569747924805,55.220001220703125,55.470001220703125,54.650001525878906,55.18000030517578,16801400
2016-12-20,43.44723510742188,56.09999847412109,56.31999969482422,55.150001525878906,55.470001220703125,19245300
2016-12-21,43.14518737792969,55.709999084472656,56.09000015258789,55.63999938964844,56.09000015258789,14058400
2016-12-22,43.17615509033203,55.75,56.02999877929688,55.5,55.7599983215332,14515500
2016-12-23,43.33879470825195,55.959999084472656,55.97999954223633,55.619998931884766,55.77999877929688,8313000
2016-12-27,43.33105850219727,55.95000076293945,56.09999847412109,55.84000015258789,55.900001525878906,8893900
2016-12-28,42.8431396484375,55.31999969482422,56.08000183105469,55.27000045776367,55.97999954223633,10609100
2016-12-29,42.47141647338867,54.84000015258789,55.459999084472656,54.47999954223633,55.18999862670898,15933500
2016-12-30,42.680511474609375,55.11000061035156,55.36000061035156,54.790000915527344,54.88999938964844,15095500
2017-01-03,43.369773864746094,56.0,56.34999847412109,55.459999084472656,55.66999816894531,22063800
2017-01-04,43.408504486083984,56.04999923706055,56.310001373291016,55.61000061035156,56.15999984741211,15036100
2017-01-05,42.7347297668457,55.18000030517578,55.81999969482422,54.47999954223633,55.4900016784668,18831600
2017-01-06,42.62630081176758,55.040000915527344,55.56999969482422,54.70000076293945,55.2599983215332,18715900
2017-01-09,42.0067253112793,54.2400016784668,54.810001373291016,54.18000030517578,54.68000030517578,21794100
2017-01-10,42.30102157592773,54.619998931884766,55.18000030517578,54.2599983215332,54.34999847412109,17978200
2017-01-11,42.4404296875,54.79999923706055,54.79999923706055,53.720001220703125,54.59999847412109,21100600
2017-01-12,42.20809173583984,54.5,54.77999877929688,53.900001525878906,54.650001525878906,20566600
2017-01-13,42.83540344238281,55.310001373291016,56.20000076293945,54.650001525878906,55.11000061035156,37231600
2017-01-17,41.65047073364258,53.77999877929688,54.959999084472656,53.58000183105469,54.79999923706055,26974400
2017-01-18,42.02996063232422,54.27000045776367,54.290000915527344,53.34000015258789,53.77999877929688,21186700
2017-01-19,42.270050048828125,54.58000183105469,54.77000045776367,53.86000061035156,54.2400016784668,20906900
2017-01-20,42.6495246887207,55.06999969482422,55.11000061035156,54.619998931884766,54.75,24160800
2017-01-23,42.01448059082031,54.25,55.0,54.150001525878906,54.709999084472656,17227400
2017-01-24,42.362979888916016,54.70000076293945,55.06999969482422,54.130001068115234,54.36000061035156,18523300
2017-01-25,43.84994125366211,56.619998931884766,56.83000183105469,55.27999877929688,55.380001068115234,32252100
2017-01-26,44.28364944458008,57.18000030517578,57.33000183105469,56.59000015258789,56.61000061035156,23769800
2017-01-27,43.82672119140625,56.59000015258789,57.11000061035156,56.40999984741211,57.02999877929688,17186200
2017-01-30,43.431739807128906,56.08000183105469,56.31999969482422,55.75,56.119998931884766,15961400
2017-01-31,43.62536239624024,56.33000183105469,56.380001068115234,55.79999923706055,55.97999954223633,22409100
2017-02-01,43.59416198730469,55.90999984741211,57.06999969482422,55.77000045776367,56.540000915527344,21157700
2017-02-02,43.46940612792969,55.75,55.959999084472656,55.400001525878906,55.56999969482422,13044400
2017-02-03,44.654598236083984,57.27000045776367,57.290000915527344,56.43000030517578,56.880001068115234,19879800
2017-02-06,44.09317398071289,56.54999923706055,57.40999984741211,56.4900016784668,57.08000183105469,13940200
2017-02-07,43.9294548034668,56.34000015258789,57.18999862670898,56.27000045776367,56.86000061035156,14937400
2017-02-08,43.37583923339844,55.630001068115234,56.209999084472656,55.16999816894531,56.209999084472656,18592200
2017-02-09,44.2335205078125,56.72999954223633,56.77000045776367,55.630001068115234,55.630001068115234,15907800
2017-02-10,44.33489608764648,56.86000061035156,57.040000915527344,56.65999984741211,57.02000045776367,12268100
2017-02-13,44.50643539428711,57.08000183105469,57.5099983215332,56.88999938964844,57.06999969482422,15325300
2017-02-14,45.20817565917969,57.97999954223633,58.0,56.9900016784668,57.130001068115234,16382900
2017-02-15,45.65262222290039,58.54999923706055,59.0099983215332,57.88999938964844,58.09999847412109,25350400
2017-02-16,45.31733703613281,58.119998931884766,58.36000061035156,57.5099983215332,58.36000061035156,14694500
2017-02-17,45.29395294189453,58.09000015258789,58.09999847412109,57.45000076293945,57.58000183105469,15783200
2017-02-21,45.4187126159668,58.25,58.630001068115234,57.900001525878906,58.25,16916800
2017-02-22,45.50448226928711,58.36000061035156,58.59000015258789,58.0,58.0,12344200
2017-02-23,45.60585021972656,58.4900016784668,58.59000015258789,58.060001373291016,58.43000030517578,13841400
2017-02-24,45.075626373291016,57.810001373291016,57.90999984741211,57.31999969482422,57.70000076293945,16379100
2017-02-27,45.27055740356445,58.060001373291016,58.25,57.709999084472656,57.810001373291016,10101000
2017-02-28,45.13020324707031,57.880001068115234,58.31999969482422,57.72999954223633,57.9900016784668,15558900
2017-03-01,46.57270431518555,59.72999954223633,59.9900016784668,59.09000015258789,59.11000061035156,25912700
2017-03-02,45.77738571166992,58.709999084472656,59.790000915527344,58.56999969482422,59.77999877929688,17578600
2017-03-03,45.917728424072266,58.88999938964844,59.2400016784668,58.66999816894531,58.84999847412109,14740000
2017-03-06,45.69940185546875,58.61000061035156,58.880001068115234,58.18000030517578,58.540000915527344,13225500
2017-03-07,45.45769882202149,58.29999923706055,58.52000045776367,58.02000045776367,58.43000030517578,13099900
2017-03-08,45.38751983642578,58.209999084472656,59.130001068115234,58.16999816894531,58.95000076293945,14711300
2017-03-09,45.76958465576172,58.70000076293945,58.869998931884766,58.20000076293945,58.45000076293945,15721500
2017-03-10,45.88654327392578,58.84999847412109,59.18000030517578,58.52000045776367,58.97999954223633,15120200
2017-03-13,45.76958465576172,58.70000076293945,59.02999877929688,58.52000045776367,58.83000183105469,14063500
2017-03-14,45.81636047363281,58.7599983215332,58.810001373291016,58.25,58.4900016784668,10885000
2017-03-15,45.77738571166992,58.709999084472656,59.310001373291016,58.36000061035156,58.900001525878906,17777300
2017-03-16,46.25300598144531,59.31999969482422,59.40999984741211,58.7599983215332,58.86000061035156,18468200
2017-03-17,45.746192932128906,58.66999816894531,59.40999984741211,58.52000045776367,59.369998931884766,20985700
2017-03-20,44.93528747558594,57.630001068115234,58.470001220703125,57.619998931884766,58.470001220703125,17663200
2017-03-21,43.5473747253418,55.84999847412109,57.959999084472656,55.630001068115234,57.93000030517578,31766400
2017-03-22,43.14193344116211,55.33000183105469,55.56999969482422,54.84999847412109,55.52999877929688,27740900
2017-03-23,43.07954406738281,55.25,55.9900016784668,54.97999954223633,55.22999954223633,19000000
2017-03-24,43.53179931640625,55.83000183105469,56.04999923706055,55.220001220703125,55.5,21127500
2017-03-27,43.1887092590332,55.38999938964844,55.58000183105469,54.2400016784668,54.630001068115234,16854800
2017-03-28,43.63314056396485,55.959999084472656,56.25,55.2400016784668,55.34999847412109,14878900
2017-03-29,43.407020568847656,55.66999816894531,56.09000015258789,55.54999923706055,55.93999862670898,10329100
2017-03-30,43.85147857666016,56.2400016784668,56.43000030517578,55.61000061035156,55.68000030517578,12106500
2017-03-31,43.39923477172852,55.65999984741211,56.18000030517578,55.619998931884766,56.02000045776367,11864600
2017-04-03,43.26668167114258,55.4900016784668,55.81999969482422,54.790000915527344,55.70000076293945,14550700
2017-04-04,43.04056930541992,55.20000076293945,55.33000183105469,54.97999954223633,55.29999923706055,11937400
2017-04-05,42.86901473999024,54.97999954223633,56.20000076293945,54.93000030517578,55.790000915527344,17411700
2017-04-06,43.17311096191406,55.369998931884766,55.650001525878906,54.709999084472656,54.95000076293945,10387500
2017-04-07,42.759857177734375,54.84000015258789,55.310001373291016,54.61000061035156,54.93999862670898,15848800
2017-04-10,42.52595138549805,54.540000915527344,55.25,54.31999969482422,54.9900016784668,14607700
2017-04-11,42.22965240478516,54.15999984741211,54.2599983215332,53.27000045776367,54.22999954223633,28086800
2017-04-12,41.41874694824219,53.119998931884766,54.02000045776367,53.04999923706055,53.95000076293945,25601300
2017-04-13,40.03864288330078,51.34999847412109,52.75,51.34999847412109,51.79999923706055,47982000
2017-04-17,41.10684967041016,52.720001220703125,52.7599983215332,51.2599983215332,51.63999938964844,31959100
2017-04-18,40.896331787109375,52.45000076293945,52.66999816894531,52.09000015258789,52.36000061035156,22257500
2017-04-19,40.66241836547852,52.150001525878906,53.13999938964844,52.04999923706055,52.880001068115234,17414600
2017-04-20,41.71501922607422,53.5,53.59000015258789,52.43000030517578,52.720001220703125,31552900
2017-04-21,41.32516860961914,53.0,53.84000015258789,52.95000076293945,53.38999938964844,26177300
2017-04-24,41.83200073242188,53.650001525878906,54.34000015258789,53.59000015258789,54.150001525878906,23856700
2017-04-25,42.541542053222656,54.560001373291016,55.09000015258789,54.290000915527344,54.33000183105469,27061300
2017-04-26,42.52595138549805,54.540000915527344,55.06999969482422,54.36000061035156,54.59999847412109,15915500
2017-04-27,42.44796371459961,54.43999862670898,54.650001525878906,53.90999984741211,54.540000915527344,13978000
2017-04-28,41.98015594482422,53.84000015258789,54.58000183105469,53.72999954223633,54.33000183105469,16501900
2017-05-01,42.463565826416016,54.459999084472656,54.75,53.970001220703125,54.09999847412109,13915800
2017-05-02,42.52595138549805,54.540000915527344,54.61000061035156,54.060001373291016,54.459999084472656,15634900
2017-05-03,43.0677375793457,54.84999847412109,54.88999938964844,53.95000076293945,54.0099983215332,15737100
2017-05-04,43.32685089111328,55.18000030517578,55.59999847412109,54.869998931884766,55.27000045776367,17054100
2017-05-05,43.27188491821289,55.11000061035156,55.38999938964844,54.880001068115234,55.25,13078800
2017-05-08,43.2169075012207,55.040000915527344,55.290000915527344,54.75,55.119998931884766,14242800
2017-05-09,42.93423843383789,54.68000030517578,55.369998931884766,54.45000076293945,55.13999938964844,14402900
2017-05-10,42.96565628051758,54.720001220703125,54.90999984741211,54.36000061035156,54.43000030517578,15897200
2017-05-11,42.19615936279297,53.7400016784668,54.41999816894531,53.060001373291016,54.27999877929688,32200100
2017-05-12,41.630836486816406,53.02000045776367,53.31999969482422,52.540000915527344,53.29999923706055,29642300
2017-05-15,41.86639022827149,53.31999969482422,53.41999816894531,53.02000045776367,53.060001373291016,15245000
2017-05-16,41.81925964355469,53.2599983215332,53.43999862670898,52.95000076293945,53.400001525878906,12650100
2017-05-17,41.01837921142578,52.2400016784668,53.2599983215332,51.650001525878906,53.2599983215332,33173100
2017-05-18,41.1283073425293,52.380001068115234,52.959999084472656,51.95000076293945,52.310001373291016,19790100
2017-05-19,41.66223907470703,53.060001373291016,53.34000015258789,52.38999938964844,52.56999969482422,16895000
2017-05-22,41.62297058105469,53.0099983215332,53.31999969482422,52.5,53.27000045776367,13947000
2017-05-23,41.921348571777344,53.38999938964844,53.560001373291016,52.84999847412109,53.0099983215332,11751700
2017-05-24,41.68579864501953,53.09000015258789,53.61000061035156,52.79999923706055,53.4900016784668,11304400
2017-05-25,41.442378997802734,52.77999877929688,53.25,52.56999969482422,53.25,16643800
2017-05-26,41.15185546875,52.40999984741211,52.810001373291016,52.369998931884766,52.630001068115234,14247700
2017-05-30,40.95555877685547,52.15999984741211,52.5,51.900001525878906,52.15999984741211,19379700
2017-05-31,40.15467071533203,51.13999938964844,52.25,50.83000183105469,52.22999954223633,30519700
2017-06-01,40.89274978637695,52.08000183105469,52.209999084472656,51.060001373291016,51.52999877929688,21001800
2017-06-02,40.68074798583984,51.810001373291016,52.2400016784668,51.52999877929688,51.66999816894531,19477300
2017-06-05,40.61007690429688,51.720001220703125,52.18000030517578,51.66999816894531,51.709999084472656,13663800
2017-06-06,40.68074798583984,51.810001373291016,52.02999877929688,51.2400016784668,51.31999969482422,14887500
2017-06-07,40.90058898925781,52.09000015258789,52.310001373291016,51.70000076293945,51.84000015258789,17022400
2017-06-08,41.2696533203125,52.560001373291016,53.02999877929688,51.880001068115234,52.09000015258789,22644200
2017-06-09,42.2432746887207,53.79999923706055,53.95000076293945,52.79999923706055,52.86000061035156,25750000
2017-06-12,42.47098922729492,54.09000015258789,54.59000015258789,53.93999862670898,53.97999954223633,22791400
2017-06-13,42.7536506652832,54.45000076293945,54.68999862670898,54.27999877929688,54.34999847412109,17966000
2017-06-14,42.81646728515625,54.52999877929688,54.63999938964844,53.56999969482422,54.09000015258789,16575000
2017-06-15,42.3218002319336,53.900001525878906,54.45000076293945,53.810001373291016,54.040000915527344,17232300
2017-06-16,42.3139533996582,53.88999938964844,54.2400016784668,53.650001525878906,53.93000030517578,23492700
2017-06-19,42.5887565612793,54.2400016784668,54.63999938964844,54.119998931884766,54.310001373291016,15367300
2017-06-20,41.9763069152832,53.459999084472656,54.09999847412109,53.43000030517578,54.060001373291016,13622200
2017-06-21,41.59941101074219,52.97999954223633,53.47999954223633,52.79999923706055,53.470001220703125,12653700
2017-06-22,41.214691162109375,52.4900016784668,52.88999938964844,52.220001220703125,52.79999923706055,15362200
2017-06-23,41.18326950073242,52.45000076293945,52.83000183105469,52.31999969482422,52.70000076293945,21868500
2017-06-26,41.53660583496094,52.900001525878906,53.43000030517578,52.59000015258789,52.72999954223633,12532800
2017-06-27,41.7407455444336,53.15999984741211,53.65999984741211,52.90999984741211,53.02000045776367,13496300
2017-06-28,42.659427642822266,54.33000183105469,54.41999816894531,53.52000045776367,53.61000061035156,20961700
2017-06-29,43.797950744628906,55.77999877929688,56.59999847412109,55.209999084472656,55.650001525878906,32552100
2017-06-30,43.50743865966797,55.40999984741211,56.04999923706055,55.15999984741211,56.02999877929688,16750700
2017-07-03,43.797950744628906,55.77999877929688,56.45000076293945,55.709999084472656,55.810001373291016,11825000
2017-07-05,43.797950744628906,55.77999877929688,56.02000045776367,55.34000015258789,55.970001220703125,14086900
2017-07-06,43.62521362304688,55.560001373291016,56.31999969482422,55.5,55.97999954223633,14481200
2017-07-07,43.766544342041016,55.7400016784668,55.83000183105469,55.25,55.77999877929688,11503500
2017-07-10,43.64876937866211,55.59000015258789,55.810001373291016,55.34000015258789,55.52999877929688,10979000
2017-07-11,43.2169075012207,55.040000915527344,55.709999084472656,54.81999969482422,55.65999984741211,14842700
2017-07-12,43.31898880004883,55.16999816894531,55.2400016784668,54.59999847412109,54.93000030517578,11951500
2017-07-13,43.65660858154297,55.59999847412109,55.66999816894531,55.060001373291016,55.2599983215332,14201800
2017-07-14,43.17766189575195,54.9900016784668,55.20000076293945,54.119998931884766,54.310001373291016,17949600
2017-07-17,42.957801818847656,54.709999084472656,54.97999954223633,54.43999862670898,54.900001525878906,14953600
2017-07-18,43.028465270996094,54.79999923706055,54.91999816894531,54.22999954223633,54.310001373291016,13603300
2017-07-19,43.13839340209961,54.93999862670898,55.209999084472656,54.68999862670898,54.79999923706055,12366200
2017-07-20,43.09127807617188,54.880001068115234,55.310001373291016,54.68000030517578,54.959999084472656,15123500
2017-07-21,42.53379440307617,54.16999816894531,54.619998931884766,54.09999847412109,54.43000030517578,17384500
2017-07-24,42.6123161315918,54.27000045776367,54.40999984741211,54.040000915527344,54.09999847412109,18489900
2017-07-25,43.23261642456055,55.060001373291016,55.40999984741211,54.90999984741211,55.0,20167800
2017-07-26,43.114845275878906,54.90999984741211,55.33000183105469,54.810001373291016,55.31999969482422,19686900
2017-07-27,42.957801818847656,54.709999084472656,54.959999084472656,54.38999938964844,54.86000061035156,17352600
2017-07-28,41.850677490234375,53.29999923706055,54.56999969482422,53.18000030517578,54.29999923706055,32590600
2017-07-31,42.35320663452149,53.93999862670898,54.220001220703125,53.400001525878906,53.41999816894531,20378100
2017-08-01,42.463134765625,54.08000183105469,54.38999938964844,53.84999847412109,54.22999954223633,19350300
2017-08-02,42.40776443481445,53.619998931884766,53.959999084472656,53.45000076293945,53.540000915527344,19422100
2017-08-03,42.23377990722656,53.400001525878906,53.65999984741211,53.34000015258789,53.5,19374700
2017-08-04,41.79086685180664,52.84000015258789,53.70000076293945,51.90999984741211,53.66999816894531,44664600
2017-08-07,41.55360412597656,52.540000915527344,52.95000076293945,52.43000030517578,52.72999954223633,22673700
2017-08-08,41.68804931640625,52.709999084472656,53.29999923706055,52.220001220703125,52.31999969482422,24877800
2017-08-09,41.75132369995117,52.790000915527344,52.810001373291016,52.13999938964844,52.27999877929688,14631600
2017-08-10,41.08696365356445,51.95000076293945,52.720001220703125,51.91999816894531,52.38999938964844,18373000
2017-08-11,41.07905578613281,51.93999862670898,52.209999084472656,51.7400016784668,51.83000183105469,14714500
2017-08-14,41.79086685180664,52.84000015258789,53.09000015258789,52.34000015258789,52.369998931884766,16313200
2017-08-15,41.79876708984375,52.84999847412109,53.36000061035156,52.83000183105469,53.20000076293945,11028100
2017-08-16,41.67223739624024,52.68999862670898,53.209999084472656,52.459999084472656,53.0099983215332,11224400
2017-08-17,40.96834945678711,51.79999923706055,52.630001068115234,51.790000915527344,52.470001220703125,16814300
2017-08-18,40.87343978881836,51.68000030517578,52.13999938964844,51.380001068115234,51.630001068115234,17130600
2017-08-21,40.98416519165039,51.81999969482422,51.90999984741211,51.400001525878906,51.7400016784668,13503100
2017-08-22,41.30050659179688,52.220001220703125,52.27000045776367,51.91999816894531,51.95000076293945,12984100
2017-08-23,41.15025329589844,52.02999877929688,52.47999954223633,51.79999923706055,51.83000183105469,10019500
2017-08-24,41.2530632019043,52.15999984741211,52.52999877929688,52.040000915527344,52.18999862670898,12345000
2017-08-25,40.944610595703125,51.77000045776367,52.56999969482422,51.7599983215332,52.27000045776367,15307800
2017-08-28,40.83388900756836,51.630001068115234,52.02000045776367,51.41999816894531,51.95000076293945,12425900
2017-08-29,40.66779708862305,51.41999816894531,51.5,51.130001068115234,51.209999084472656,10715500
2017-08-30,40.62035751342773,51.36000061035156,51.7400016784668,51.20000076293945,51.459999084472656,11427500
2017-08-31,40.390995025634766,51.06999969482422,51.2400016784668,50.869998931884766,51.0,25231100
2017-09-01,40.31189727783203,50.970001220703125,51.4900016784668,50.93000030517578,51.060001373291016,16217700
2017-09-05,39.62381362915039,50.09999847412109,50.66999816894531,49.7599983215332,50.630001068115234,31251300
2017-09-06,39.44982147216797,49.880001068115234,50.27000045776367,49.560001373291016,50.25,26854000
2017-09-07,39.29165267944336,49.68000030517578,49.93999862670898,49.27000045776367,49.93999862670898,23367300
2017-09-08,39.21257019042969,49.58000183105469,49.97999954223633,49.43000030517578,49.61000061035156,18975700
2017-09-11,40.06672286987305,50.65999984741211,50.79999923706055,49.93999862670898,50.0,17987100
2017-09-12,40.78644180297852,51.56999969482422,51.72999954223633,50.84000015258789,50.84999847412109,17129500
2017-09-13,40.69942855834961,51.459999084472656,51.5099983215332,51.18000030517578,51.38999938964844,12617300
2017-09-14,40.56499099731445,51.290000915527344,51.720001220703125,51.08000183105469,51.540000915527344,13739400
2017-09-15,40.85761260986328,51.65999984741211,51.68000030517578,51.25,51.27999877929688,28494300
2017-09-18,41.68804931640625,52.709999084472656,52.84000015258789,51.61000061035156,51.66999816894531,20943400
2017-09-19,42.2021369934082,53.36000061035156,53.59000015258789,52.52999877929688,52.720001220703125,17047000
2017-09-20,42.510589599609375,53.75,54.11000061035156,53.27999877929688,53.38999938964844,21560400
2017-09-21,42.75576019287109,54.060001373291016,54.2400016784668,53.52000045776367,53.54999923706055,16210900
2017-09-22,42.906028747558594,54.25,54.36000061035156,53.75,53.91999816894531,18047800
2017-09-25,42.7320442199707,54.02999877929688,54.33000183105469,53.54999923706055,54.06999969482422,11595900
2017-09-26,42.55012130737305,53.79999923706055,54.27999877929688,53.7599983215332,54.09999847412109,12052500
2017-09-27,42.874393463134766,54.209999084472656,54.52999877929688,54.060001373291016,54.470001220703125,15840800
2017-09-28,42.906028747558594,54.25,54.33000183105469,53.7400016784668,54.290000915527344,14531700
2017-09-29,43.61782836914063,55.150001525878906,55.22999954223633,54.09000015258789,54.25,20872300
2017-10-02,43.87092590332031,55.470001220703125,55.470001220703125,54.86000061035156,55.15999984741211,11764400
2017-10-03,43.957916259765625,55.58000183105469,55.619998931884766,54.84999847412109,55.33000183105469,17405100
2017-10-04,43.46756362915039,54.959999084472656,55.34999847412109,54.900001525878906,55.310001373291016,14697800
2017-10-05,43.80765914916992,55.38999938964844,55.77000045776367,54.77999877929688,55.0,14560700
2017-10-06,43.957916259765625,55.58000183105469,55.68000030517578,55.220001220703125,55.47999954223633,11151200
2017-10-09,43.60993957519531,55.13999938964844,55.70000076293945,54.91999816894531,55.619998931884766,11377000
2017-10-10,43.98165130615234,55.61000061035156,55.720001220703125,55.150001525878906,55.369998931884766,12800500
2017-10-11,44.02119827270508,55.65999984741211,55.709999084472656,55.2599983215332,55.43999862670898,12843100
2017-10-12,43.6652946472168,55.209999084472656,55.709999084472656,55.060001373291016,55.68999862670898,15067500
2017-10-13,42.46313095092773,53.68999862670898,53.709999084472656,52.84000015258789,53.4900016784668,35310000
2017-10-16,42.55012130737305,53.79999923706055,53.970001220703125,53.41999816894531,53.650001525878906,22802400
2017-10-17,42.06769561767578,53.18999862670898,54.0,53.119998931884766,53.97999954223633,18614700
2017-10-18,42.24167251586914,53.40999984741211,54.06999969482422,53.31999969482422,53.40999984741211,21604000
2017-10-19,42.510589599609375,53.75,53.93000030517578,53.0,53.11000061035156,12669700
2017-10-20,43.43593597412109,54.91999816894531,55.06999969482422,54.040000915527344,54.209999084472656,28407700
2017-10-23,43.42802429199219,54.90999984741211,55.040000915527344,54.70000076293945,54.75,18102100
2017-10-24,43.83138275146485,55.41999816894531,55.560001373291016,55.0,55.0,18779400
2017-10-25,43.696922302246094,55.25,55.58000183105469,54.869998931884766,55.4900016784668,17096900
2017-10-26,43.98955535888672,55.619998931884766,56.16999816894531,55.45000076293945,55.45000076293945,15979200
2017-10-27,44.18727493286133,55.869998931884766,56.040000915527344,55.130001068115234,55.22999954223633,17258600
2017-10-30,44.17146301269531,55.84999847412109,55.959999084472656,55.310001373291016,55.45000076293945,12249200
2017-10-31,44.400821685791016,56.13999938964844,56.52000045776367,55.900001525878906,55.95000076293945,14619200
2017-11-01,44.456180572509766,56.209999084472656,56.84000015258789,56.18999862670898,56.31999969482422,11678300
2017-11-02,44.98182678222656,56.47999954223633,56.52000045776367,55.34999847412109,55.79999923706055,15630000
2017-11-03,44.87828063964844,56.34999847412109,56.43999862670898,55.900001525878906,56.25,10049200
2017-11-06,44.742897033691406,56.18000030517578,56.43000030517578,56.0,56.09999847412109,10414900
2017-11-07,43.84294128417969,55.04999923706055,56.290000915527344,54.66999816894531,56.16999816894531,18679100
2017-11-08,43.213775634765625,54.2599983215332,54.9900016784668,54.04999923706055,54.79999923706055,24047100
2017-11-09,43.00669860839844,54.0,54.18999862670898,53.209999084472656,53.900001525878906,24438800
2017-11-10,42.85538101196289,53.810001373291016,54.130001068115234,53.790000915527344,54.02000045776367,13671700
2017-11-13,42.7837142944336,53.720001220703125,53.90999984741211,53.40999984741211,53.52000045776367,13447000
2017-11-14,43.0385627746582,54.040000915527344,54.09999847412109,53.31999969482422,53.52000045776367,20830100
2017-11-15,42.80759048461914,53.75,54.119998931884766,53.4900016784668,53.630001068115234,18238600
2017-11-16,43.48455429077149,54.59999847412109,54.86000061035156,53.86000061035156,53.95000076293945,26361800
2017-11-17,43.12615585327149,54.150001525878906,54.459999084472656,53.970001220703125,54.209999084472656,15814800
2017-11-20,43.04651641845703,54.04999923706055,54.209999084472656,53.84999847412109,54.119998931884766,16943100
2017-11-21,43.42084503173828,54.52000045776367,54.58000183105469,53.9900016784668,54.08000183105469,13757000
2017-11-22,43.05449295043945,54.060001373291016,54.619998931884766,54.02999877929688,54.459999084472656,11421700
2017-11-24,43.07837677001953,54.09000015258789,54.310001373291016,54.0,54.18999862670898,5386500
2017-11-27,42.96687316894531,53.95000076293945,54.459999084472656,53.86000061035156,54.02000045776367,11066800
2017-11-28,44.257083892822266,55.56999969482422,55.88999938964844,53.720001220703125,53.869998931884766,25685200
2017-11-29,45.14111328125,56.68000030517578,57.25,55.70000076293945,55.84000015258789,29631800
2017-11-30,44.97386932373047,56.470001220703125,57.33000183105469,56.380001068115234,57.02999877929688,30984400
2017-12-01,44.75883102416992,56.20000076293945,57.18000030517578,55.43999862670898,56.56999969482422,31242400
2017-12-04,45.70656204223633,57.38999938964844,57.9900016784668,57.20000076293945,57.27000045776367,28720400
2017-12-05,46.630409240722656,58.54999923706055,59.40999984741211,57.43999862670898,58.65999984741211,39754900
2017-12-06,46.6463508605957,58.56999969482422,59.09999847412109,58.119998931884766,58.68000030517578,26758300
2017-12-07,47.2755126953125,59.36000061035156,60.0,58.290000915527344,58.45000076293945,32990600
2017-12-08,47.23570251464844,59.310001373291016,59.91999816894531,59.150001525878906,59.310001373291016,22017100
2017-12-11,46.88526916503906,58.869998931884766,59.29999923706055,58.619998931884766,58.959999084472656,15876600
2017-12-12,48.04804611206055,60.33000183105469,60.560001373291016,58.709999084472656,58.709999084472656,25040400
2017-12-13,47.307373046875,59.400001525878906,60.5,59.380001068115234,60.310001373291016,18227000
2017-12-14,47.16402053833008,59.220001220703125,59.9900016784668,59.209999084472656,59.54999923706055,14731000
2017-12-15,47.68168640136719,59.869998931884766,60.650001525878906,59.34999847412109,59.45000076293945,36467500
2017-12-18,48.51794052124024,60.91999816894531,61.130001068115234,60.369998931884766,60.43999862670898,19970900
2017-12-19,48.07193374633789,60.36000061035156,61.27000045776367,60.27999877929688,61.20000076293945,17062700
2017-12-20,47.896728515625,60.13999938964844,61.06999969482422,60.060001373291016,60.880001068115234,16544500
2017-12-21,49.06745910644531,61.61000061035156,62.119998931884766,60.68000030517578,60.68000030517578,22130700
2017-12-22,49.01966857910156,61.54999923706055,62.2400016784668,61.18999862670898,62.0,11653200
2017-12-26,48.685176849365234,61.130001068115234,61.720001220703125,60.79999923706055,61.5,11662800
2017-12-27,48.54182052612305,60.95000076293945,61.2400016784668,60.65999984741211,61.09999847412109,10010800
2017-12-28,48.82056427001953,61.29999923706055,61.310001373291016,60.90999984741211,61.02999877929688,10550900
2017-12-29,48.31883239746094,60.66999816894531,61.58000183105469,60.66999816894531,61.459999084472656,10711400
2018-01-02,48.6533317565918,61.09000015258789,61.36000061035156,60.70000076293945,61.040000915527344,13819300
2018-01-03,49.02763366699219,61.560001373291016,61.77000045776367,61.09999847412109,61.220001220703125,14203700
2018-01-04,49.64088439941406,62.33000183105469,63.04999923706055,61.90999984741211,61.97999954223633,18740500
2018-01-05,49.975379943847656,62.75,62.810001373291016,62.09000015258789,62.7599983215332,14217900
2018-01-08,49.40991973876953,62.040000915527344,62.72999954223633,61.93999862670898,62.65999984741211,15569400
2018-01-09,49.58512878417969,62.2599983215332,62.77000045776367,62.06999969482422,62.29999923706055,15766500
2018-01-10,50.270057678222656,63.119998931884766,63.400001525878906,62.36000061035156,62.47999954223633,18107500
2018-01-11,50.18244552612305,63.0099983215332,63.66999816894531,62.68999862670898,63.650001525878906,22075000
2018-01-12,49.81609344482422,62.54999923706055,63.400001525878906,62.04999923706055,63.20000076293945,25886100
2018-01-16,49.77627944946289,62.5,63.150001525878906,62.18000030517578,62.790000915527344,17907800
2018-01-17,50.875335693359375,63.880001068115234,64.04000091552734,62.4900016784668,62.84999847412109,23892900
2018-01-18,50.93108749389648,63.95000076293945,64.30999755859375,63.86000061035156,63.869998931884766,16305900
2018-01-19,51.146114349365234,64.22000122070312,64.26000213623047,63.83000183105469,64.1500015258789,16524000
2018-01-22,51.55229568481445,64.7300033569336,64.75,63.970001220703125,64.0,12245200
2018-01-23,51.36114501953125,64.48999786376953,64.8499984741211,64.22000122070312,64.30999755859375,12937100
2018-01-24,52.14961242675781,65.4800033569336,65.62999725341797,64.80000305175781,64.94999694824219,20180300
2018-01-25,52.28500747680664,65.6500015258789,65.8499984741211,65.4000015258789,65.69999694824219,17568700
2018-01-26,52.507999420166016,65.93000030517578,66.04000091552734,65.25,65.88999938964844,16251900
2018-01-29,52.42039489746094,65.81999969482422,66.30999755859375,65.66000366210938,65.77999877929688,16105200
2018-01-30,51.99031829833984,65.27999877929688,65.93000030517578,65.27999877929688,65.43000030517578,16158900
2018-01-31,52.38853454589844,65.77999877929688,66.0999984741211,65.16000366210938,65.2699966430664,18147900
2018-02-01,52.48468399047852,65.51000213623047,66.08999633789062,65.05999755859375,65.37000274658203,15717600
2018-02-02,51.33098602294922,64.06999969482422,65.52999877929688,63.83000183105469,65.33000183105469,18905300
2018-02-05,46.5960693359375,58.15999984741211,59.88999938964844,57.5,58.70000076293945,103394400
2018-02-06,45.89104843139648,57.27999877929688,58.5,55.869998931884766,56.90999984741211,83076900
2018-02-07,46.099342346191406,57.540000915527344,58.119998931884766,56.75,56.93999862670898,45551000
2018-02-08,44.38483810424805,55.400001525878906,57.43999862670898,55.34999847412109,57.33000183105469,43569700
2018-02-09,44.96969604492188,56.130001068115234,56.540000915527344,54.720001220703125,56.13999938964844,48904600
2018-02-12,45.2661247253418,56.5,57.119998931884766,55.880001068115234,56.36000061035156,24401300
2018-02-13,46.46788024902344,58.0,58.09000015258789,55.95000076293945,56.060001373291016,24234200
2018-02-14,47.70969772338867,59.54999923706055,59.59999847412109,57.79999923706055,57.84999847412109,23681800
2018-02-15,48.08625030517578,60.02000045776367,60.09999847412109,59.150001525878906,59.81999969482422,22397300
2018-02-16,48.03016662597656,59.95000076293945,60.43000030517578,59.66999816894531,59.66999816894531,18661900
2018-02-20,48.03016662597656,59.95000076293945,61.27000045776367,59.77999877929688,59.86000061035156,18517600
2018-02-21,47.85390853881836,59.72999954223633,60.4900016784668,59.72999954223633,59.86000061035156,19987800
2018-02-22,47.11683654785156,58.810001373291016,60.16999816894531,58.68000030517578,59.880001068115234,17948600
2018-02-23,47.4052619934082,59.16999816894531,59.2400016784668,58.34999847412109,59.06999969482422,21099200
2018-02-26,48.046199798583984,59.970001220703125,60.0,58.95000076293945,59.75,16478300
2018-02-27,47.43729782104492,59.209999084472656,60.47999954223633,59.209999084472656,60.02999877929688,17024400
2018-02-28,46.796363830566406,58.40999984741211,59.81999969482422,58.31999969482422,59.470001220703125,17869100
2018-03-01,45.91506576538086,57.310001373291016,58.93999862670898,57.060001373291016,58.25,28491000
2018-03-02,45.99519729614258,57.40999984741211,57.619998931884766,56.41999816894531,56.91999816894531,22428500
2018-03-05,46.13939666748047,57.59000015258789,57.970001220703125,56.59000015258789,56.810001373291016,20560900
2018-03-06,45.72279357910156,57.06999969482422,57.869998931884766,56.63999938964844,57.709999084472656,23975900
2018-03-07,45.34624099731445,56.59999847412109,56.7400016784668,56.0099983215332,56.400001525878906,24788700
2018-03-08,45.44238662719727,56.720001220703125,57.02000045776367,56.22999954223633,56.75,16828400
2018-03-09,46.65214538574219,58.22999954223633,58.27000045776367,57.0,57.15999984741211,19051500
2018-03-12,46.4839096069336,58.02000045776367,58.560001373291016,57.959999084472656,58.27000045776367,12414800
2018-03-13,46.1153678894043,57.560001373291016,58.41999816894531,57.41999816894531,58.38999938964844,13810600
2018-03-14,45.37027740478516,56.630001068115234,57.900001525878906,56.45000076293945,57.86000061035156,12212900
2018-03-15,45.530517578125,56.83000183105469,57.119998931884766,56.2400016784668,56.77000045776367,13277700
2018-03-16,44.78542709350586,55.900001525878906,57.16999816894531,55.869998931884766,56.9900016784668,37095000
2018-03-19,44.44894790649414,55.47999954223633,55.9900016784668,54.970001220703125,55.880001068115234,17982200
2018-03-20,43.9842529296875,54.900001525878906,55.88999938964844,54.65999984741211,55.77000045776367,26874600
2018-03-21,43.8961296081543,54.790000915527344,55.58000183105469,54.540000915527344,55.02000045776367,18997300
2018-03-22,42.085487365722656,52.52999877929688,54.27999877929688,52.18000030517578,54.209999084472656,32656300
2018-03-23,40.84366607666016,50.97999954223633,52.75,50.93999862670898,52.720001220703125,30975800
2018-03-26,41.89320373535156,52.290000915527344,52.54999923706055,51.52000045776367,51.95000076293945,26718000
2018-03-27,40.9398078918457,51.09999847412109,52.79999923706055,50.68999862670898,52.400001525878906,23669300
2018-03-28,41.24425506591797,51.47999954223633,51.93000030517578,50.95000076293945,51.15999984741211,23342500
2018-03-29,41.98934173583984,52.40999984741211,52.75,51.720001220703125,52.060001373291016,17706800
2018-04-02,41.14010620117188,51.34999847412109,52.400001525878906,50.41999816894531,52.369998931884766,23359800
2018-04-03,41.7249641418457,52.08000183105469,52.18999862670898,51.060001373291016,51.720001220703125,16646400
2018-04-04,42.389923095703125,52.90999984741211,53.040000915527344,51.0099983215332,51.130001068115234,15952700
2018-04-05,42.67033767700195,53.2599983215332,53.959999084472656,53.04999923706055,53.34000015258789,16488800
2018-04-06,41.84513473510742,52.22999954223633,52.91999816894531,51.959999084472656,52.650001525878906,22943800
2018-04-09,41.86116409301758,52.25,53.33000183105469,52.15999984741211,52.5,17032000
2018-04-10,42.1575813293457,52.619998931884766,53.060001373291016,52.119998931884766,52.9900016784668,14594700
2018-04-11,41.60478210449219,51.93000030517578,52.470001220703125,51.720001220703125,52.31999969482422,14673200
2018-04-12,42.2216796875,52.70000076293945,53.27000045776367,52.02999877929688,52.15999984741211,19967800
2018-04-13,40.77156066894531,50.88999938964844,52.29999923706055,50.810001373291016,52.0099983215332,32054900
2018-04-16,40.6994514465332,50.79999923706055,51.34000015258789,50.310001373291016,50.59000015258789,31879100
2018-04-17,40.51519775390625,50.56999969482422,51.15999984741211,50.4900016784668,50.95000076293945,25507100
2018-04-18,40.370975494384766,50.38999938964844,50.970001220703125,50.2599983215332,50.77999877929688,21055700
2018-04-19,41.29232406616211,51.540000915527344,51.61000061035156,50.4900016784668,50.5099983215332,23678400
2018-04-20,42.10952758789063,52.560001373291016,52.81999969482422,51.81999969482422,51.93000030517578,31149300
2018-04-23,42.14957809448242,52.61000061035156,52.84000015258789,52.18000030517578,52.54999923706055,17723900
2018-04-24,42.0694465637207,52.5099983215332,53.75,52.18000030517578,52.95000076293945,23052100
2018-04-25,42.5501594543457,53.11000061035156,53.4900016784668,51.93000030517578,52.43999862670898,20978500
2018-04-26,42.01336669921875,52.43999862670898,53.11000061035156,52.2599983215332,52.9900016784668,17025800
2018-04-27,41.94928741455078,52.36000061035156,52.93999862670898,52.209999084472656,52.27999877929688,12304300
2018-04-30,41.628814697265625,51.959999084472656,53.04999923706055,51.959999084472656,52.560001373291016,17050500
2018-05-01,42.10952758789063,52.560001373291016,52.59999847412109,51.59999847412109,51.7599983215332,13903800
2018-05-02,41.813087463378906,52.18999862670898,52.869998931884766,52.060001373291016,52.380001068115234,16397200
2018-05-03,41.60321044921875,51.540000915527344,51.790000915527344,50.810001373291016,51.619998931884766,19216100
2018-05-04,42.305477142333984,52.40999984741211,52.900001525878906,51.06999969482422,51.16999816894531,16660500
2018-05-07,42.50727462768555,52.65999984741211,52.9900016784668,52.380001068115234,52.970001220703125,16259100
2018-05-08,42.935096740722656,53.18999862670898,53.709999084472656,52.630001068115234,52.720001220703125,20786200
2018-05-09,43.39519500732422,53.7599983215332,53.97999954223633,53.34999847412109,53.45000076293945,16286700
2018-05-10,44.11360931396485,54.650001525878906,54.72999954223633,53.630001068115234,54.130001068115234,20699000
2018-05-11,43.952178955078125,54.45000076293945,54.93000030517578,54.27000045776367,54.68999862670898,14424000
2018-05-14,43.97639083862305,54.47999954223633,54.81999969482422,54.33000183105469,54.77999877929688,12809100
2018-05-15,44.19433975219727,54.75,55.27999877929688,54.380001068115234,54.43000030517578,14991100
2018-05-16,44.42842483520508,55.040000915527344,55.31999969482422,54.560001373291016,54.70000076293945,16450200
2018-05-17,43.76651382446289,54.220001220703125,54.66999816894531,54.02999877929688,54.400001525878906,21622400
2018-05-18,43.346771240234375,53.70000076293945,54.41999816894531,53.68999862670898,54.150001525878906,21492700
2018-05-21,44.02482986450195,54.540000915527344,54.630001068115234,54.06999969482422,54.08000183105469,11491400
2018-05-22,44.60600662231445,55.2599983215332,55.650001525878906,54.43999862670898,54.630001068115234,17398200
2018-05-23,45.3486328125,56.18000030517578,56.18000030517578,54.630001068115234,55.02999877929688,23566100
2018-05-24,44.1297492980957,54.66999816894531,55.900001525878906,54.43999862670898,55.869998931884766,24673400
2018-05-25,44.31542205810547,54.900001525878906,54.9900016784668,54.52999877929688,54.59999847412109,17741900
2018-05-29,42.74137115478516,52.95000076293945,54.2599983215332,52.63999938964844,54.040000915527344,31604000
2018-05-30,43.77459716796875,54.22999954223633,54.43999862670898,53.380001068115234,53.65999984741211,16416200
2018-05-31,43.58085250854492,53.9900016784668,54.380001068115234,53.79999923706055,54.209999084472656,17515900
2018-06-01,44.14589309692383,54.68999862670898,55.02000045776367,54.27999877929688,54.560001373291016,14100200
2018-06-04,44.2589111328125,54.83000183105469,55.16999816894531,54.59999847412109,54.790000915527344,10593700
2018-06-05,43.99253082275391,54.5,54.93000030517578,54.290000915527344,54.61000061035156,11883900
2018-06-06,44.86430740356445,55.58000183105469,55.630001068115234,54.65999984741211,54.720001220703125,15848200
2018-06-07,44.90467834472656,55.630001068115234,55.9900016784668,55.25,55.77000045776367,17299600
2018-06-08,44.94503402709961,55.68000030517578,55.77000045776367,54.97999954223633,55.560001373291016,12965900
2018-06-11,44.80779647827149,55.5099983215332,56.11000061035156,55.5,55.790000915527344,13518400
2018-06-12,44.70287322998047,55.380001068115234,55.95000076293945,55.09000015258789,55.63999938964844,13608300
2018-06-13,44.52528762817383,55.15999984741211,55.93000030517578,55.13999938964844,55.38999938964844,14901100
2018-06-14,44.186256408691406,54.7400016784668,55.34999847412109,54.47999954223633,55.33000183105469,18189100
2018-06-15,44.37998962402344,54.97999954223633,55.369998931884766,54.380001068115234,54.54999923706055,35715800
2018-06-18,44.4607048034668,55.08000183105469,55.22999954223633,54.43000030517578,54.5099983215332,17856700
2018-06-19,44.4607048034668,55.08000183105469,55.22999954223633,54.59999847412109,54.68000030517578,16654800
2018-06-20,43.97639083862305,54.47999954223633,55.59000015258789,54.43999862670898,55.459999084472656,16545600
2018-06-21,43.88759231567383,54.369998931884766,54.7599983215332,53.880001068115234,54.25,21191600
2018-06-22,43.54050064086914,53.93999862670898,55.04999923706055,53.77999877929688,54.959999084472656,24015000
2018-06-25,43.556640625,53.959999084472656,54.13999938964844,53.09999847412109,53.77999877929688,21069600
2018-06-26,43.12883377075195,53.43000030517578,53.93999862670898,53.02000045776367,53.900001525878906,14409100
2018-06-27,43.00774002075195,53.27999877929688,53.93999862670898,53.060001373291016,53.2400016784668,19520900
2018-06-28,43.29026412963867,53.630001068115234,53.86000061035156,53.02000045776367,53.54999923706055,13837300
2018-06-29,44.75130081176758,55.43999862670898,57.119998931884766,55.40999984741211,55.619998931884766,43888500
2018-07-02,45.46164321899414,56.31999969482422,56.380001068115234,55.06999969482422,55.20000076293945,21204900
2018-07-03,44.84816360473633,55.560001373291016,56.630001068115234,55.43000030517578,56.43000030517578,12830400
2018-07-05,44.58986282348633,55.2400016784668,56.08000183105469,55.04999923706055,55.91999816894531,16788600
2018-07-06,45.11454391479492,55.88999938964844,56.130001068115234,55.02999877929688,55.29999923706055,12389100
2018-07-09,45.82487869262695,56.77000045776367,56.970001220703125,56.0099983215332,56.18999862670898,16684000
2018-07-10,45.703800201416016,56.619998931884766,57.08000183105469,56.34000015258789,57.060001373291016,15581400
2018-07-11,45.25983428955078,56.06999969482422,56.75,55.97999954223633,56.400001525878906,15641400
2018-07-12,45.22754287719727,56.02999877929688,56.47999954223633,55.59999847412109,56.459999084472656,18236100
2018-07-13,44.68671798706055,55.36000061035156,55.790000915527344,53.630001068115234,54.7400016784668,34323400
2018-07-16,46.00246810913086,56.9900016784668,57.22999954223633,55.630001068115234,55.7400016784668,25538700
2018-07-17,45.655364990234375,56.560001373291016,57.02999877929688,56.43000030517578,56.95000076293945,21649000
2018-07-18,45.66344451904297,56.56999969482422,56.81999969482422,56.13999938964844,56.2599983215332,19913900
2018-07-19,45.46971130371094,56.33000183105469,56.880001068115234,56.02000045776367,56.2599983215332,22219400
2018-07-20,45.53428649902344,56.40999984741211,56.65999984741211,55.84999847412109,56.06999969482422,17250400
2018-07-23,46.8177375793457,58.0,58.09000015258789,56.29999923706055,56.38999938964844,24584100
2018-07-24,47.10025787353516,58.34999847412109,58.68999862670898,57.84999847412109,58.0,27245000
2018-07-25,47.003395080566406,58.22999954223633,58.5,57.84999847412109,58.09999847412109,15531100
2018-07-26,47.0679817199707,58.310001373291016,58.72999954223633,58.20000076293945,58.470001220703125,14165300
2018-07-27,47.3262825012207,58.630001068115234,58.900001525878906,58.15999984741211,58.380001068115234,17662900
2018-07-30,47.21326446533203,58.4900016784668,59.27000045776367,58.29999923706055,58.83000183105469,22699900
2018-07-31,46.244625091552734,57.290000915527344,58.709999084472656,57.20000076293945,58.61000061035156,21633800
2018-08-01,46.53522109985352,57.650001525878906,58.27999877929688,57.209999084472656,57.959999084472656,19192700
2018-08-02,47.05181884765625,58.290000915527344,58.45000076293945,57.08000183105469,57.08000183105469,13489100
2018-08-03,47.48771286010742,58.83000183105469,58.93000030517578,58.02999877929688,58.060001373291016,13720400
2018-08-06,47.53614807128906,58.88999938964844,59.02999877929688,58.18999862670898,58.58000183105469,13360500
2018-08-07,47.47965240478516,58.81999969482422,59.15999984741211,58.70000076293945,58.93999862670898,13810900
2018-08-08,47.7783203125,59.18999862670898,59.5,58.7599983215332,58.7599983215332,13778600
2018-08-09,47.51811218261719,58.43999862670898,58.900001525878906,58.400001525878906,58.650001525878906,15859500
2018-08-10,47.20099639892578,58.04999923706055,58.41999816894531,57.380001068115234,57.380001068115234,16170100
2018-08-13,46.84323120117188,57.61000061035156,58.11000061035156,57.560001373291016,57.65999984741211,19541100
2018-08-14,47.217262268066406,58.06999969482422,58.2599983215332,57.66999816894531,57.66999816894531,14860400
2018-08-15,47.1522102355957,57.9900016784668,58.25,57.650001525878906,57.68000030517578,17378400
2018-08-16,47.69700622558594,58.65999984741211,58.810001373291016,58.04999923706055,58.13999938964844,19992500
2018-08-17,47.859619140625,58.86000061035156,59.040000915527344,58.5099983215332,58.5099983215332,13737600
2018-08-20,47.99784851074219,59.02999877929688,59.209999084472656,58.66999816894531,58.810001373291016,11403400
2018-08-21,47.94093322753906,58.959999084472656,59.52999877929688,58.93999862670898,59.0,17943500
2018-08-22,48.11167907714844,59.16999816894531,59.5,58.83000183105469,59.040000915527344,20829600
2018-08-23,47.66447830200195,58.619998931884766,59.04999923706055,58.56999969482422,59.0,19655600
2018-08-24,47.72138977050781,58.68999862670898,58.91999816894531,58.66999816894531,58.900001525878906,14366600
2018-08-27,48.05477523803711,59.09999847412109,59.47999954223633,58.7599983215332,58.869998931884766,19915200
2018-08-28,48.03037643432617,59.06999969482422,59.33000183105469,58.9900016784668,59.18999862670898,19330200
2018-08-29,47.94093322753906,58.959999084472656,59.18000030517578,58.81999969482422,59.04999923706055,14436600
2018-08-30,47.53438568115234,58.459999084472656,59.08000183105469,58.43000030517578,58.66999816894531,14800900
2018-08-31,47.55063629150391,58.47999954223633,58.540000915527344,58.06999969482422,58.27000045776367,16720200
2018-09-04,47.810829162597656,58.79999923706055,58.95000076293945,58.06999969482422,58.45000076293945,19003700
2018-09-05,47.93278884887695,58.95000076293945,59.20000076293945,58.810001373291016,58.880001068115234,22332300
2018-09-06,47.103424072265625,57.93000030517578,59.15999984741211,57.93000030517578,58.90999984741211,20756900
2018-09-07,46.672481536865234,57.400001525878906,58.06999969482422,57.34999847412109,57.91999816894531,21482400
2018-09-10,46.72126770019531,57.459999084472656,57.84000015258789,57.310001373291016,57.619998931884766,15623000
2018-09-11,46.65622329711914,57.380001068115234,57.560001373291016,57.31999969482422,57.400001525878906,22160300
2018-09-12,45.4853401184082,55.93999862670898,57.38999938964844,55.79999923706055,57.33000183105469,23868800
2018-09-13,44.72101593017578,55.0,56.25,54.9900016784668,56.0099983215332,26954800
2018-09-14,44.50148010253906,54.72999954223633,55.560001373291016,54.70000076293945,55.18999862670898,20997600
2018-09-17,44.15998077392578,54.310001373291016,54.7599983215332,53.93999862670898,54.75,21959500
2018-09-18,44.31446838378906,54.5,54.70000076293945,54.040000915527344,54.25,22055200
2018-09-19,44.89990234375,55.220001220703125,55.45000076293945,54.27999877929688,54.4900016784668,17046200
2018-09-20,45.16823196411133,55.54999923706055,55.810001373291016,54.9900016784668,55.630001068115234,20308000
2018-09-21,44.71288299560547,54.9900016784668,55.810001373291016,54.91999816894531,55.75,36158500
2018-09-24,44.11931610107422,54.2599983215332,55.15999984741211,54.2400016784668,54.79999923706055,19604700
2018-09-25,44.09492492675781,54.22999954223633,54.68999862670898,54.20000076293945,54.29999923706055,15207400
2018-09-26,43.224891662597656,53.15999984741211,54.45000076293945,53.02000045776367,54.380001068115234,22025100
2018-09-27,42.94844055175781,52.81999969482422,53.59999847412109,52.7599983215332,53.27999877929688,19991000
2018-09-28,42.73703384399414,52.560001373291016,52.97999954223633,52.40999984741211,52.68999862670898,18588600
2018-10-01,42.4849739074707,52.25,52.79999923706055,52.15999984741211,52.7400016784668,17209000
2018-10-02,42.387393951416016,52.130001068115234,52.34999847412109,51.880001068115234,52.2400016784668,17509600
2018-10-03,42.81021499633789,52.650001525878906,52.91999816894531,52.33000183105469,52.5,18444900
2018-10-04,43.50948715209961,53.5099983215332,53.86000061035156,52.72999954223633,52.72999954223633,21417500
2018-10-05,43.24928283691406,53.18999862670898,53.86000061035156,52.97999954223633,53.70000076293945,14793000
2018-10-08,43.63957595825195,53.66999816894531,53.959999084472656,52.97999954223633,52.97999954223633,12858200
2018-10-09,43.5257568359375,53.52999877929688,53.970001220703125,52.97999954223633,53.380001068115234,15918300
2018-10-10,42.63133239746094,52.43000030517578,54.06999969482422,52.40999984741211,53.70000076293945,21875900
2018-10-11,41.82635498046875,51.43999862670898,52.84000015258789,51.0099983215332,52.380001068115234,33147900
2018-10-12,42.371131896972656,52.11000061035156,53.33000183105469,50.869998931884766,52.09999847412109,32067300
2018-10-15,43.289947509765625,53.2400016784668,53.9900016784668,52.5099983215332,52.5099983215332,34118900
2018-10-16,43.68838119506836,53.72999954223633,53.790000915527344,52.52999877929688,53.310001373291016,28227200
2018-10-17,44.28194427490234,54.459999084472656,55.0099983215332,53.18999862670898,53.560001373291016,23524200
2018-10-18,43.17611312866211,53.09999847412109,54.400001525878906,52.7599983215332,54.16999816894531,22533300
2018-10-19,43.00535202026367,52.88999938964844,53.630001068115234,52.86000061035156,53.08000183105469,19521000
2018-10-22,41.997108459472656,51.650001525878906,53.16999816894531,51.560001373291016,53.06999969482422,17621500
2018-10-23,41.92391586303711,51.560001373291016,51.95000076293945,50.470001220703125,50.84000015258789,25529800
2018-10-24,40.80995941162109,50.18999862670898,51.4900016784668,50.02000045776367,51.310001373291016,31161500
2018-10-25,42.167850494384766,51.86000061035156,52.61000061035156,50.41999816894531,50.52999877929688,29366100
2018-10-26,41.67185974121094,51.25,51.93000030517578,50.790000915527344,51.31999969482422,30053800
2018-10-29,42.46870422363281,52.22999954223633,53.150001525878906,51.59000015258789,51.880001068115234,30541300
2018-10-30,42.84273910522461,52.68999862670898,52.90999984741211,51.869998931884766,52.45000076293945,24910900
2018-10-31,43.28181838989258,53.22999954223633,54.02999877929688,53.02999877929688,53.040000915527344,23667400
2018-11-01,43.55015182495117,53.560001373291016,53.959999084472656,53.150001525878906,53.43000030517578,17654800
2018-11-02,43.590797424316406,53.61000061035156,54.630001068115234,53.11000061035156,54.209999084472656,18285600
2018-11-05,43.631473541259766,53.65999984741211,54.29999923706055,51.15999984741211,53.72999954223633,18990000
2018-11-06,43.54200744628906,53.54999923706055,53.709999084472656,52.959999084472656,53.36000061035156,20696800
2018-11-07,43.566402435302734,53.58000183105469,54.18000030517578,52.790000915527344,53.81999969482422,20668500
2018-11-08,43.5745964050293,53.15999984741211,53.59999847412109,52.86000061035156,52.900001525878906,22429200
2018-11-09,43.47624206542969,53.040000915527344,53.38999938964844,52.72999954223633,53.09000015258789,18972200
2018-11-12,42.91065216064453,52.34999847412109,53.58000183105469,52.27999877929688,53.130001068115234,19003300
2018-11-13,43.23033905029297,52.7400016784668,53.33000183105469,52.619998931884766,52.619998931884766,28102000
2018-11-14,42.74671173095703,52.150001525878906,53.290000915527344,51.4900016784668,53.13999938964844,24788400
2018-11-15,43.2959098815918,52.81999969482422,52.90999984741211,51.27999877929688,51.540000915527344,23220100
2018-11-16,43.39427185058594,52.93999862670898,53.18000030517578,52.47999954223633,52.650001525878906,18872500
2018-11-19,43.70574951171875,53.31999969482422,53.47999954223633,52.59999847412109,52.970001220703125,20215500
2018-11-20,43.06639099121094,52.540000915527344,53.2400016784668,52.36000061035156,53.04999923706055,22999200
2018-11-21,42.97623062133789,52.43000030517578,53.20000076293945,52.27000045776367,52.619998931884766,16946300
2018-11-23,42.48441696166992,51.83000183105469,52.290000915527344,51.61000061035156,51.970001220703125,11139400
2018-11-26,43.34510040283203,52.880001068115234,53.18000030517578,52.33000183105469,52.33000183105469,20581700
2018-11-27,43.59918594360352,53.18999862670898,53.31999969482422,52.45000076293945,52.68999862670898,18044600
2018-11-28,44.55002975463867,54.34999847412109,54.36000061035156,52.58000183105469,53.150001525878906,23713300
2018-11-29,44.2959213256836,54.040000915527344,54.41999816894531,53.790000915527344,53.970001220703125,14978400
2018-11-30,44.49265670776367,54.27999877929688,54.54999923706055,53.869998931884766,54.08000183105469,18939000
2018-12-03,44.45987319946289,54.2400016784668,55.040000915527344,53.59999847412109,54.77999877929688,21261700
2018-12-04,42.44342803955078,51.77999877929688,53.9900016784668,51.5099983215332,53.95000076293945,33280500
2018-12-06,41.87785720825195,51.09000015258789,51.13999938964844,50.02000045776367,50.650001525878906,40310200
2018-12-07,41.19750595092773,50.2599983215332,51.45000076293945,50.04999923706055,50.88999938964844,28510500
2018-12-10,40.00075912475586,48.79999923706055,50.06999969482422,48.29999923706055,50.06999969482422,34524600
2018-12-11,39.148284912109375,47.7599983215332,49.59000015258789,47.54999923706055,49.40999984741211,32388600
2018-12-12,39.13189697265625,47.7400016784668,48.29999923706055,46.84999847412109,48.290000915527344,42820000
2018-12-13,38.5499153137207,47.02999877929688,48.119998931884766,46.93000030517578,47.970001220703125,35227100
2018-12-14,38.14827728271485,46.540000915527344,47.4900016784668,46.380001068115234,46.54999923706055,25913000
2018-12-17,38.20564651489258,46.61000061035156,47.310001373291016,46.119998931884766,46.220001220703125,29443300
2018-12-18,38.13188934326172,46.52000045776367,47.52000045776367,46.31999969482422,46.93999862670898,26740000
2018-12-19,37.43512725830078,45.66999816894531,47.43000030517578,45.29999923706055,46.38999938964844,34287600
2018-12-20,37.738426208496094,46.040000915527344,46.77000045776367,45.33000183105469,45.400001525878906,43969900
2018-12-21,36.98430252075195,45.119998931884766,46.52999877929688,44.93000030517578,45.59000015258789,55577900
2018-12-24,35.73838424682617,43.59999847412109,45.09999847412109,43.59999847412109,44.470001220703125,18049900
2018-12-26,37.36956405639648,45.59000015258789,45.59000015258789,43.02000045776367,43.84000015258789,27770000
2018-12-27,37.32039260864258,45.52999877929688,45.52999877929688,43.84999847412109,44.720001220703125,27005300
2018-12-28,37.52531433105469,45.77999877929688,46.43000030517578,45.52999877929688,45.68000030517578,23635000
2018-12-31,37.771217346191406,46.08000183105469,46.47999954223633,45.56999969482422,45.97999954223633,16544500
2019-01-02,38.47614288330078,46.93999862670898,46.95000076293945,45.40999984741211,45.52999877929688,20295200
2019-01-03,38.17286682128906,46.56999969482422,47.34999847412109,46.369998931884766,46.650001525878906,22262000
2019-01-04,39.30403137207031,47.95000076293945,48.11000061035156,47.20000076293945,47.41999816894531,23343600
2019-01-07,39.0499153137207,47.63999938964844,48.22999954223633,47.540000915527344,47.77999877929688,21858000
2019-01-08,38.96794891357422,47.540000915527344,48.15999984741211,46.91999816894531,47.900001525878906,19702900
2019-01-09,39.18107604980469,47.79999923706055,47.97999954223633,47.08000183105469,47.5099983215332,18837700
2019-01-10,39.140098571777344,47.75,48.04999923706055,47.310001373291016,47.5,16208400
2019-01-11,39.23846435546875,47.869998931884766,48.09000015258789,47.18000030517578,47.5,20006900
2019-01-14,39.68928527832031,48.41999816894531,48.4900016784668,47.400001525878906,47.5099983215332,23827600
2019-01-15,39.07450866699219,47.66999816894531,48.25,47.0099983215332,47.59999847412109,27447600
2019-01-16,40.115516662597656,48.93999862670898,49.34000015258789,47.9900016784668,48.150001525878906,32026400
2019-01-17,40.35322570800781,49.22999954223633,49.36000061035156,48.400001525878906,48.63999938964844,25738800
2019-01-18,40.99258041381836,50.0099983215332,50.15999984741211,48.86000061035156,49.09999847412109,36380300
2019-01-22,40.86963272094727,49.86000061035156,50.09999847412109,49.630001068115234,49.77000045776367,33975200
2019-01-23,41.082767486572266,50.119998931884766,50.31999969482422,49.5,50.0,16806700
2019-01-24,40.96798706054688,49.97999954223633,50.34000015258789,49.650001525878906,49.790000915527344,17862100
2019-01-25,41.0909423828125,50.130001068115234,50.540000915527344,49.959999084472656,50.400001525878906,20183400
2019-01-28,40.83684921264648,49.81999969482422,49.900001525878906,49.20000076293945,49.77000045776367,19913100
2019-01-29,40.86144256591797,49.84999847412109,50.11000061035156,49.720001220703125,49.77999877929688,11927600
2019-01-30,41.05817031860352,50.09000015258789,50.34999847412109,49.59000015258789,49.84000015258789,16885100
2019-01-31,40.45436477661133,48.90999984741211,49.41999816894531,48.65999984741211,49.27999877929688,24934700
2019-02-01,40.45436477661133,48.90999984741211,49.08000183105469,48.790000915527344,49.0,21123500
2019-02-04,40.57843017578125,49.060001373291016,49.150001525878906,48.709999084472656,48.84999847412109,17547800
2019-02-05,40.75213241577149,49.27000045776367,49.31999969482422,48.75,49.27000045776367,14784900
2019-02-06,40.71077346801758,49.220001220703125,49.52999877929688,49.06999969482422,49.09000015258789,12145700
2019-02-07,39.76786804199219,48.08000183105469,49.29999923706055,47.709999084472656,49.09000015258789,24189700
2019-02-08,39.41219711303711,47.650001525878906,48.040000915527344,47.060001373291016,47.93999862670898,20641200
2019-02-11,39.41219711303711,47.650001525878906,47.959999084472656,47.380001068115234,47.869998931884766,15995900
2019-02-12,40.570159912109375,49.04999923706055,49.459999084472656,48.0099983215332,48.0099983215332,22033000
2019-02-13,40.54534912109375,49.02000045776367,49.709999084472656,48.88999938964844,49.2400016784668,13770900
2019-02-14,40.131778717041016,48.52000045776367,48.90999984741211,48.02999877929688,48.630001068115234,16456500
2019-02-15,40.71077346801758,49.220001220703125,49.41999816894531,48.4900016784668,49.09000015258789,19346200
2019-02-19,40.84311294555664,49.380001068115234,49.619998931884766,48.81999969482422,49.02999877929688,15121700
2019-02-20,41.19877624511719,49.810001373291016,49.880001068115234,49.29999923706055,49.43000030517578,16742600
2019-02-21,40.99198913574219,49.560001373291016,49.88999938964844,49.369998931884766,49.7599983215332,16938800
2019-02-22,40.54534912109375,49.02000045776367,49.75,48.95000076293945,49.59999847412109,15848200
2019-02-25,41.07469940185547,49.65999984741211,50.22999954223633,49.25,49.2599983215332,16564100
2019-02-26,41.01680374145508,49.59000015258789,50.13999938964844,49.34000015258789,49.4900016784668,16997800
2019-02-27,41.273216247558594,49.900001525878906,50.02999877929688,49.36000061035156,49.59000015258789,17455000
2019-02-28,41.26494216918945,49.88999938964844,50.130001068115234,49.72999954223633,49.97999954223633,17786600
2019-03-01,41.38074493408203,50.02999877929688,50.84000015258789,49.869998931884766,50.22999954223633,19051400
2019-03-04,41.44690704345703,50.11000061035156,50.900001525878906,49.68999862670898,50.290000915527344,16697000
2019-03-05,41.26494216918945,49.88999938964844,50.04999923706055,49.33000183105469,50.02999877929688,14235400
2019-03-06,41.2070426940918,49.81999969482422,50.220001220703125,49.68000030517578,49.970001220703125,14211000
2019-03-07,41.09124374389648,49.68000030517578,49.84999847412109,49.290000915527344,49.709999084472656,19047300
2019-03-08,41.19050216674805,49.79999923706055,49.900001525878906,49.16999816894531,49.2599983215332,17400000
2019-03-11,41.157413482666016,49.7599983215332,50.09999847412109,49.630001068115234,50.0,19471500
2019-03-12,41.066436767578125,49.650001525878906,50.04999923706055,49.540000915527344,49.77999877929688,18299300
2019-03-13,41.28974914550781,49.91999816894531,50.08000183105469,49.61000061035156,49.869998931884766,21647300
2019-03-14,41.64542007446289,50.34999847412109,50.790000915527344,49.93000030517578,50.06999969482422,20160700
2019-03-15,41.90182495117188,50.65999984741211,50.79999923706055,50.0,50.220001220703125,46117300
2019-03-18,42.78683853149414,51.72999954223633,52.06999969482422,50.83000183105469,50.84000015258789,23843300
2019-03-19,42.522159576416016,51.40999984741211,52.41999816894531,51.34000015258789,52.41999816894531,19911900
2019-03-20,41.686771392822266,50.400001525878906,51.56999969482422,50.33000183105469,51.18999862670898,20632400
2019-03-21,41.2401237487793,49.86000061035156,50.13999938964844,49.16999816894531,49.97999954223633,24132800
2019-03-22,39.95809173583984,48.310001373291016,49.470001220703125,48.0,49.25,27975800
2019-03-25,39.76786804199219,48.08000183105469,48.88999938964844,47.84999847412109,48.41999816894531,17227600
2019-03-26,40.53707504272461,49.0099983215332,49.040000915527344,48.40999984741211,48.52000045776367,16989600
2019-03-27,40.33856964111328,48.77000045776367,49.18999862670898,48.45000076293945,48.93999862670898,16912000
2019-03-28,40.60324478149414,49.09000015258789,49.220001220703125,48.34999847412109,48.72999954223633,15881600
2019-03-29,39.96636199951172,48.31999969482422,49.79999923706055,47.79999923706055,49.79999923706055,53590800
2019-04-01,40.37166213989258,48.810001373291016,48.900001525878906,48.16999816894531,48.43000030517578,42015500
2019-04-02,39.87537384033203,48.209999084472656,48.880001068115234,47.959999084472656,48.56999969482422,35393600
2019-04-03,40.41300964355469,48.86000061035156,48.869998931884766,48.08000183105469,48.470001220703125,30366300
2019-04-04,40.669410705566406,49.16999816894531,49.68000030517578,48.880001068115234,48.95000076293945,19260100
2019-04-05,40.34683990478516,48.77999877929688,49.40999984741211,48.59999847412109,49.2599983215332,23734900
2019-04-08,40.42954635620117,48.880001068115234,49.09999847412109,48.58000183105469,48.63999938964844,18875200
2019-04-09,39.81747817993164,48.13999938964844,48.70000076293945,48.02000045776367,48.68000030517578,22903500
2019-04-10,39.52798461914063,47.790000915527344,48.18999862670898,47.400001525878906,48.08000183105469,30977800
2019-04-11,39.486629486083984,47.7400016784668,48.2599983215332,47.380001068115234,47.970001220703125,33662700
2019-04-12,38.45275115966797,46.4900016784668,48.81999969482422,46.060001373291016,47.75,70271400
2019-04-15,38.6843376159668,46.77000045776367,47.060001373291016,45.65999984741211,45.869998931884766,34954000
2019-04-16,39.41219711303711,47.650001525878906,47.869998931884766,46.869998931884766,46.880001068115234,25217100
2019-04-17,39.3294792175293,47.54999923706055,47.959999084472656,46.91999816894531,47.959999084472656,25144000
2019-04-18,39.35429763793945,47.58000183105469,47.869998931884766,47.119998931884766,47.43999862670898,22416800
2019-04-22,39.08961868286133,47.2599983215332,47.5,47.09999847412109,47.40999984741211,15972600
2019-04-23,39.164058685302734,47.34999847412109,47.43999862670898,46.95000076293945,47.20000076293945,16434300
2019-04-24,39.2715950012207,47.47999954223633,47.68999862670898,47.02999877929688,47.060001373291016,17831800
2019-04-25,39.29640579223633,47.5099983215332,47.959999084472656,46.90999984741211,47.16999816894531,23042800
2019-04-26,39.66859817504883,47.959999084472656,47.97999954223633,47.400001525878906,47.52000045776367,13035500
2019-04-29,39.92500686645508,48.27000045776367,48.790000915527344,47.959999084472656,47.970001220703125,16918700
2019-04-30,40.04081726074219,48.40999984741211,48.560001373291016,48.11000061035156,48.34999847412109,18525100
2019-05-01,39.89192581176758,48.22999954223633,48.84999847412109,47.9900016784668,48.31999969482422,17542100
2019-05-02,39.94982147216797,48.29999923706055,48.4900016784668,47.84999847412109,48.34999847412109,16883000
2019-05-03,40.23930358886719,48.650001525878906,48.77000045776367,48.34999847412109,48.52000045776367,16571300
2019-05-06,40.05734634399414,48.43000030517578,48.72999954223633,47.880001068115234,47.9900016784668,19279900
2019-05-07,39.01518249511719,47.16999816894531,48.15999984741211,46.90999984741211,48.04999923706055,23919100
2019-05-08,38.87456893920898,47.0,47.310001373291016,46.810001373291016,47.060001373291016,19814400
2019-05-09,39.03324508666992,46.7400016784668,46.83000183105469,45.77999877929688,46.0,23246900
2019-05-10,39.37564086914063,47.150001525878906,47.369998931884766,46.11000061035156,46.40999984741211,19983400
2019-05-13,38.69084167480469,46.33000183105469,46.9900016784668,46.2599983215332,46.27999877929688,23304700
2019-05-14,38.82447052001953,46.4900016784668,46.93000030517578,45.97999954223633,46.380001068115234,21267600
2019-05-15,38.28164291381836,45.84000015258789,46.34999847412109,45.4900016784668,46.02000045776367,20123300
2019-05-16,38.33174514770508,45.900001525878906,46.52999877929688,45.7599983215332,45.9900016784668,20764100
2019-05-17,38.16471862792969,45.70000076293945,46.22999954223633,45.40999984741211,45.43999862670898,22273500
2019-05-20,37.9559440612793,45.45000076293945,45.90999984741211,45.29999923706055,45.619998931884766,18854000
2019-05-21,38.69084167480469,46.33000183105469,46.36000061035156,45.52000045776367,45.619998931884766,18416300
2019-05-22,38.49877548217773,46.09999847412109,46.310001373291016,45.959999084472656,46.06999969482422,13155000
2019-05-23,38.047813415527344,45.560001373291016,45.86000061035156,45.06999969482422,45.83000183105469,17643700
2019-05-24,38.55722427368164,46.16999816894531,46.34999847412109,45.59000015258789,45.7599983215332,13425500
2019-05-28,38.07286071777344,45.59000015258789,46.25,45.58000183105469,46.06999969482422,19984600
2019-05-29,37.98099136352539,45.47999954223633,45.68000030517578,45.130001068115234,45.38999938964844,16058800
2019-05-30,37.62189865112305,45.04999923706055,45.84999847412109,44.880001068115234,45.68999862670898,13775900
2019-05-31,37.05401611328125,44.369998931884766,44.86000061035156,44.220001220703125,44.52999877929688,17540500
2019-06-03,37.17928695678711,44.52000045776367,45.11000061035156,44.20000076293945,44.2400016784668,20172500
2019-06-04,38.14801788330078,45.68000030517578,45.7599983215332,45.0099983215332,45.15999984741211,21082000
2019-06-05,38.29834365844727,45.86000061035156,45.900001525878906,45.29999923706055,45.869998931884766,13705400
2019-06-06,38.348445892333984,45.91999816894531,46.18999862670898,45.45000076293945,45.7400016784668,16020500
2019-06-07,38.10626220703125,45.630001068115234,46.15999984741211,45.54999923706055,45.900001525878906,14979900
2019-06-10,38.640743255615234,46.27000045776367,46.810001373291016,46.060001373291016,46.060001373291016,15242700
2019-06-11,38.63238525390625,46.2599983215332,46.459999084472656,45.77000045776367,45.84000015258789,15078300
2019-06-12,37.50498962402344,44.90999984741211,46.27000045776367,44.77999877929688,46.0099983215332,22470400
2019-06-13,37.82232284545898,45.290000915527344,45.630001068115234,44.91999816894531,45.09999847412109,15629400
2019-06-14,38.07286071777344,45.59000015258789,45.790000915527344,44.84000015258789,45.310001373291016,16147500
2019-06-17,37.80561828613281,45.27000045776367,46.02000045776367,45.13999938964844,45.58000183105469,13420400
2019-06-18,38.49877548217773,46.09999847412109,46.38999938964844,45.060001373291016,45.25,18611100
2019-06-19,38.12296295166016,45.650001525878906,46.75,45.630001068115234,46.47999954223633,17787600
2019-06-20,38.29834365844727,45.86000061035156,45.9900016784668,45.2400016784668,45.84999847412109,19205200
2019-06-21,39.15850067138672,46.88999938964844,46.88999938964844,45.790000915527344,45.84000015258789,39186200
2019-06-24,38.640743255615234,46.27000045776367,46.68999862670898,46.22999954223633,46.54999923706055,21854400
2019-06-25,38.53217697143555,46.13999938964844,46.52999877929688,45.43000030517578,46.130001068115234,20814000
2019-06-26,38.24824142456055,45.79999923706055,46.27999877929688,45.77999877929688,46.209999084472656,17106800
2019-06-27,38.65744018554688,46.290000915527344,46.52999877929688,46.11000061035156,46.220001220703125,13391600
2019-06-28,39.517608642578125,47.31999969482422,47.70000076293945,46.79999923706055,46.810001373291016,31030900
2019-07-01,39.82660675048828,47.68999862670898,48.119998931884766,47.400001525878906,47.880001068115234,15089100
2019-07-02,39.44244384765625,47.22999954223633,47.79999923706055,46.91999816894531,47.52000045776367,12107200
2019-07-03,39.801551818847656,47.65999984741211,47.790000915527344,46.97999954223633,47.29999923706055,10438400
2019-07-05,39.89340972900391,47.77000045776367,48.18999862670898,47.66999816894531,48.09999847412109,10801600
2019-07-08,39.69298553466797,47.52999877929688,47.9900016784668,47.310001373291016,47.400001525878906,13189300
2019-07-09,39.94351196289063,47.83000183105469,47.88999938964844,47.209999084472656,47.29999923706055,12595000
2019-07-10,39.37564086914063,47.150001525878906,47.810001373291016,47.040000915527344,47.66999816894531,12784900
2019-07-11,39.367286682128906,47.13999938964844,47.58000183105469,47.060001373291016,47.209999084472656,19751400
2019-07-12,39.55101776123047,47.36000061035156,47.41999816894531,46.91999816894531,47.119998931884766,12792600
2019-07-15,39.0081901550293,46.709999084472656,47.45000076293945,46.43999862670898,47.400001525878906,21338400
2019-07-16,37.830665588378906,45.29999923706055,46.970001220703125,45.220001220703125,46.720001220703125,37548300
2019-07-17,37.75550842285156,45.209999084472656,45.75,45.13999938964844,45.20000076293945,24502100
2019-07-18,38.26492691040039,45.81999969482422,46.02000045776367,45.18999862670898,45.220001220703125,19409100
2019-07-19,38.4403076171875,46.02999877929688,46.40999984741211,45.86000061035156,45.959999084472656,21847900
2019-07-22,38.816104888916016,46.47999954223633,46.54999923706055,45.77000045776367,45.88999938964844,17972100
2019-07-23,39.41740417480469,47.20000076293945,47.59000015258789,46.65999984741211,46.68000030517578,21150200
2019-07-24,40.46128463745117,48.45000076293945,48.470001220703125,47.27999877929688,47.29999923706055,29357200
2019-07-25,40.16064834594727,48.09000015258789,48.7400016784668,48.0099983215332,48.52000045776367,20562000
2019-07-26,41.17113494873047,49.29999923706055,49.310001373291016,48.06999969482422,48.150001525878906,21641500
2019-07-29,40.319313049316406,48.27999877929688,49.56999969482422,48.18000030517578,49.380001068115234,19148600
2019-07-30,40.5447998046875,48.54999923706055,48.59000015258789,47.88999938964844,48.0099983215332,14207000
2019-07-31,40.42789077758789,48.40999984741211,48.97999954223633,48.11000061035156,48.2599983215332,23422800
2019-08-01,39.30047225952149,47.060001373291016,48.63999938964844,46.95000076293945,48.40999984741211,22668600
2019-08-02,39.61781311035156,47.43999862670898,47.61000061035156,46.369998931884766,47.11000061035156,20159000
2019-08-05,38.53217697143555,46.13999938964844,46.79999923706055,45.84999847412109,46.5,27113500
2019-08-06,39.19190979003906,46.93000030517578,47.02999877929688,45.81999969482422,46.61000061035156,19446100
2019-08-07,38.256595611572266,45.810001373291016,46.150001525878906,45.22999954223633,46.06999969482422,27830000
2019-08-08,39.1855583190918,46.400001525878906,46.63999938964844,45.54999923706055,45.68999862670898,20671300
2019-08-09,39.101104736328125,46.29999923706055,46.65999984741211,45.75,46.02000045776367,19786100
2019-08-12,38.36636352539063,45.43000030517578,45.90999984741211,45.33000183105469,45.5099983215332,17364400
2019-08-13,38.81396865844727,45.959999084472656,46.41999816894531,45.2599983215332,45.61000061035156,16649100
2019-08-14,37.13338088989258,43.970001220703125,45.09999847412109,43.93999862670898,45.02000045776367,28786700
2019-08-15,36.6351203918457,43.380001068115234,44.5,43.34000015258789,44.29999923706055,27900000
2019-08-16,37.48807144165039,44.38999938964844,44.540000915527344,43.630001068115234,43.7400016784668,21196600
2019-08-19,38.21436309814453,45.25,45.470001220703125,44.93000030517578,45.130001068115234,15378100
2019-08-20,37.73298645019531,44.68000030517578,45.040000915527344,44.630001068115234,45.040000915527344,13345800
2019-08-21,38.003231048583984,45.0,45.27999877929688,44.810001373291016,44.959999084472656,13513700
2019-08-22,38.526832580566406,45.619998931884766,45.83000183105469,45.060001373291016,45.33000183105469,14703900
2019-08-23,37.513404846191406,44.41999816894531,45.650001525878906,44.09000015258789,45.20000076293945,21152500
2019-08-26,37.98633193969727,44.97999954223633,45.0,44.4900016784668,44.709999084472656,15973100
2019-08-27,37.79209899902344,44.75,45.33000183105469,44.43000030517578,45.22999954223633,15038200
2019-08-28,38.4001579284668,45.470001220703125,45.77999877929688,44.4900016784668,44.63999938964844,14740000
2019-08-29,39.00820541381836,46.18999862670898,46.4900016784668,45.77999877929688,46.0,16196600
2019-08-30,39.3291244506836,46.56999969482422,46.900001525878906,46.40999984741211,46.540000915527344,15250600
2019-09-03,38.92375183105469,46.09000015258789,46.34000015258789,45.47999954223633,46.310001373291016,17224200
2019-09-04,39.27000045776367,46.5,46.70000076293945,46.27999877929688,46.540000915527344,17123100
2019-09-05,40.21586990356445,47.619998931884766,48.16999816894531,47.29999923706055,47.310001373291016,19243400
2019-09-06,39.81894302368164,47.150001525878906,47.77000045776367,47.09999847412109,47.58000183105469,18846100
2019-09-09,40.88304138183594,48.40999984741211,48.63999938964844,46.88999938964844,47.31999969482422,27651400
2019-09-10,40.79858016967773,48.310001373291016,48.93000030517578,48.06999969482422,48.06999969482422,25822400
2019-09-11,41.25460815429688,48.84999847412109,48.97999954223633,47.790000915527344,48.290000915527344,19190000
2019-09-12,41.08570861816406,48.650001525878906,49.08000183105469,48.220001220703125,48.52000045776367,24305900
2019-09-13,41.313724517822266,48.91999816894531,49.36000061035156,48.65999984741211,49.0099983215332,25142400
2019-09-16,41.36441421508789,48.97999954223633,49.0,48.400001525878906,48.459999084472656,17759700
2019-09-17,41.17860794067383,48.7599983215332,48.86000061035156,48.310001373291016,48.70000076293945,18346100
2019-09-18,41.32218933105469,48.93000030517578,49.209999084472656,48.43000030517578,48.630001068115234,20511700
2019-09-19,41.3052864074707,48.90999984741211,49.310001373291016,48.869998931884766,48.9900016784668,16887500
2019-09-20,41.06882858276367,48.630001068115234,49.29999923706055,48.61000061035156,49.06999969482422,30229400
2019-09-23,41.34751510620117,48.959999084472656,49.09000015258789,48.310001373291016,48.31999969482422,20603400
2019-09-24,41.08570861816406,48.650001525878906,49.220001220703125,48.470001220703125,48.97999954223633,21629300
2019-09-25,41.600868225097656,49.2599983215332,49.540000915527344,48.650001525878906,48.72999954223633,21313100
2019-09-26,41.27151107788086,48.869998931884766,49.369998931884766,48.81999969482422,49.25,19984000
2019-09-27,42.825416564941406,50.709999084472656,51.40999984741211,50.25,50.400001525878906,59467400
2019-09-30,42.59739303588867,50.43999862670898,50.84999847412109,50.060001373291016,50.77000045776367,26897100
2019-10-01,41.43196487426758,49.060001373291016,50.77999877929688,49.0,50.650001525878906,27249300
2019-10-02,40.93370819091797,48.470001220703125,49.040000915527344,48.369998931884766,48.720001220703125,23515900
2019-10-03,40.942138671875,48.47999954223633,48.5099983215332,47.31999969482422,48.29999923706055,20212200
2019-10-04,41.55864334106445,49.209999084472656,49.25,48.52999877929688,48.65999984741211,15779500
2019-10-07,41.22084045410156,48.810001373291016,49.290000915527344,48.75,48.95000076293945,15691900
2019-10-08,40.38476943969727,47.81999969482422,48.34999847412109,47.540000915527344,48.25,19734000
2019-10-09,40.66345977783203,48.150001525878906,48.41999816894531,48.08000183105469,48.16999816894531,13467800
2019-10-10,41.08570861816406,48.650001525878906,49.06999969482422,48.15999984741211,48.33000183105469,18267800
2019-10-11,41.55864334106445,49.209999084472656,49.91999816894531,49.150001525878906,49.459999084472656,23024600
2019-10-14,41.60932159423828,49.27000045776367,49.45000076293945,48.97999954223633,49.09000015258789,16870500
2019-10-15,42.31870651245117,50.11000061035156,51.25,48.77999877929688,49.27999877929688,38478400
2019-10-16,41.87956237792969,49.59000015258789,50.27999877929688,49.45000076293945,50.040000915527344,23728400
2019-10-17,41.89645385742188,49.61000061035156,50.16999816894531,49.47999954223633,49.97999954223633,20560100
2019-10-18,42.20048904418945,49.970001220703125,50.220001220703125,49.31999969482422,49.34000015258789,21199500
2019-10-21,42.6142807006836,50.459999084472656,50.5,50.18000030517578,50.27999877929688,19409100
2019-10-22,42.74940490722656,50.619998931884766,51.02000045776367,50.22999954223633,50.43999862670898,18526900
2019-10-23,43.01121520996094,50.93000030517578,50.970001220703125,50.56999969482422,50.720001220703125,14173700
2019-10-24,43.15476989746094,51.09999847412109,51.20000076293945,50.65999984741211,50.65999984741211,16695400
2019-10-25,43.55169677734375,51.56999969482422,51.72999954223633,51.0,51.08000183105469,17433300
2019-10-28,43.61927032470703,51.650001525878906,52.04999923706055,51.56999969482422,51.93999862670898,23914800
2019-10-29,44.05841445922852,52.16999816894531,52.36000061035156,51.5,51.5,21063000
2019-10-30,43.9401741027832,52.02999877929688,52.27999877929688,51.619998931884766,51.880001068115234,16155900
2019-10-31,43.60237121582031,51.630001068115234,52.02999877929688,51.150001525878906,51.77000045776367,18814700
2019-11-01,44.066856384277344,52.18000030517578,52.290000915527344,51.90999984741211,52.130001068115234,16359300
2019-11-04,44.52289962768555,52.720001220703125,52.79999923706055,52.2400016784668,52.58000183105469,17559900
2019-11-05,45.01271057128906,53.29999923706055,53.5,52.7400016784668,52.7400016784668,25965300
2019-11-06,45.43497467041016,53.79999923706055,53.84000015258789,53.16999816894531,53.290000915527344,22051100
2019-11-07,46.04032516479492,54.0,54.400001525878906,53.77999877929688,53.77999877929688,23452500
2019-11-08,46.125579833984375,54.09999847412109,54.22999954223633,53.560001373291016,53.83000183105469,14722100
2019-11-11,46.08293914794922,54.04999923706055,54.13999938964844,53.72999954223633,53.790000915527344,10659400
2019-11-12,46.22788619995117,54.220001220703125,54.2400016784668,53.619998931884766,53.75,15187600
2019-11-13,45.43497848510742,53.290000915527344,53.900001525878906,53.209999084472656,53.810001373291016,16846800
2019-11-14,45.6054916381836,53.4900016784668,53.560001373291016,53.09999847412109,53.220001220703125,16491400
2019-11-15,45.86980056762695,53.79999923706055,53.93999862670898,53.43000030517578,53.77999877929688,15225300
2019-11-18,46.04032516479492,54.0,54.11000061035156,53.650001525878906,53.84000015258789,14374600
2019-11-19,46.06590270996094,54.02999877929688,54.33000183105469,53.869998931884766,54.09999847412109,14434100
2019-11-20,45.64811325073242,53.540000915527344,53.86000061035156,53.25,53.72999954223633,14994700
2019-11-21,45.66518783569336,53.560001373291016,53.93000030517578,53.34000015258789,53.84000015258789,16186100
2019-11-22,46.2790412902832,54.27999877929688,54.34999847412109,53.810001373291016,53.900001525878906,13823400
2019-11-25,46.219356536865234,54.209999084472656,54.52999877929688,54.040000915527344,54.52999877929688,15561000
2019-11-26,45.87833023071289,53.810001373291016,54.119998931884766,53.72999954223633,54.11000061035156,18078900
2019-11-27,46.33020782470703,54.34000015258789,54.400001525878906,54.0099983215332,54.150001525878906,16352900
2019-11-29,46.43251419067383,54.459999084472656,54.75,54.06999969482422,54.06999969482422,10508600
2019-12-02,45.71632766723633,53.619998931884766,54.43999862670898,53.54999923706055,54.310001373291016,20252700
2019-12-03,44.82963180541992,52.58000183105469,53.04999923706055,52.16999816894531,53.0099983215332,25560700
2019-12-04,45.392337799072266,53.2400016784668,53.47999954223633,52.540000915527344,52.59999847412109,18867400
2019-12-05,45.383819580078125,53.22999954223633,53.52999877929688,53.09999847412109,53.40999984741211,13499700
2019-12-06,46.35578155517578,54.369998931884766,54.40999984741211,53.68999862670898,53.86000061035156,18325700
2019-12-09,45.972110748291016,53.91999816894531,54.54999923706055,53.90999984741211,54.16999816894531,15070800
2019-12-10,45.7760124206543,53.68999862670898,53.869998931884766,53.380001068115234,53.4900016784668,15959100
2019-12-11,45.33266067504883,53.16999816894531,53.97999954223633,53.06999969482422,53.7400016784668,16834200
2019-12-12,46.34725189208984,54.36000061035156,54.54999923706055,53.09999847412109,53.369998931884766,19119500
2019-12-13,45.86127471923828,53.790000915527344,54.41999816894531,53.43000030517578,54.04999923706055,19179300
2019-12-16,46.22788619995117,54.220001220703125,54.560001373291016,54.220001220703125,54.2400016784668,19793500
2019-12-17,46.33020782470703,54.34000015258789,54.5099983215332,53.9900016784668,54.11000061035156,16723400
2019-12-18,45.75895690917969,53.66999816894531,54.459999084472656,53.630001068115234,54.459999084472656,18857000
2019-12-19,45.72486877441406,53.630001068115234,53.83000183105469,53.41999816894531,53.7400016784668,18133300
2019-12-20,45.46907806396485,53.33000183105469,54.04999923706055,53.06999969482422,54.04999923706055,66318000
2019-12-23,45.87833023071289,53.810001373291016,54.0,53.25,53.34000015258789,17637700
2019-12-24,45.88684844970703,53.81999969482422,54.040000915527344,53.7400016784668,53.95000076293945,4635500
2019-12-26,46.16820907592773,54.150001525878906,54.38999938964844,53.95000076293945,54.04999923706055,12517100
2019-12-27,45.972110748291016,53.91999816894531,54.31999969482422,53.869998931884766,54.290000915527344,9892000
2019-12-30,45.69927597045898,53.59999847412109,54.2599983215332,53.5,54.16999816894531,10900500
2019-12-31,45.86980056762695,53.79999923706055,53.81999969482422,53.459999084472656,53.52999877929688,12566000
2020-01-02,45.82716751098633,53.75,54.040000915527344,53.5099983215332,53.84999847412109,16803100
2020-01-03,45.545806884765625,53.41999816894531,53.619998931884766,52.900001525878906,53.11000061035156,15608800
2020-01-06,45.27297592163086,53.09999847412109,53.20000076293945,52.720001220703125,52.7400016784668,13200300
2020-01-07,44.8978271484375,52.65999984741211,53.04999923706055,52.470001220703125,53.04999923706055,13278600
2020-01-08,45.03425598144531,52.81999969482422,53.33000183105469,52.79999923706055,52.84000015258789,16585600
2020-01-09,44.95752716064453,52.72999954223633,53.20000076293945,52.47999954223633,53.20000076293945,20817400
2020-01-10,44.761417388916016,52.5,52.900001525878906,52.47999954223633,52.790000915527344,13777600
2020-01-13,44.42891311645508,52.11000061035156,52.5,51.83000183105469,52.5,25197600
2020-01-14,42.03310775756836,49.29999923706055,50.7400016784668,49.25,50.22999954223633,56668300
2020-01-15,41.19756317138672,48.31999969482422,48.84000015258789,47.97999954223633,48.83000183105469,47148000
2020-01-16,41.99047470092773,49.25,49.31999969482422,47.84000015258789,48.459999084472656,37020200
2020-01-17,41.930789947509766,49.18000030517578,49.41999816894531,48.52999877929688,49.369998931884766,29669200
2020-01-21,41.726173400878906,48.93999862670898,49.880001068115234,48.79999923706055,49.09000015258789,30858300
2020-01-22,41.40218353271485,48.560001373291016,49.09000015258789,48.290000915527344,49.02999877929688,20367700
2020-01-23,41.1122932434082,48.220001220703125,48.45000076293945,47.97999954223633,48.38999938964844,17297900
2020-01-24,40.55810928344727,47.56999969482422,48.209999084472656,47.18000030517578,48.18999862670898,21239600
2020-01-27,40.15739440917969,47.09999847412109,47.41999816894531,46.7400016784668,46.88999938964844,18156200
2020-01-28,40.38758850097656,47.369998931884766,47.790000915527344,47.27999877929688,47.5099983215332,16673300
2020-01-29,40.30231857299805,47.27000045776367,47.900001525878906,47.2599983215332,47.41999816894531,16166300
2020-01-30,40.84798812866211,47.90999984741211,47.95000076293945,47.040000915527344,47.16999816894531,14760200
2020-01-31,40.020973205566406,46.93999862670898,47.45000076293945,46.75,47.41999816894531,23080400
2020-02-03,40.174442291259766,47.119998931884766,47.720001220703125,47.02999877929688,47.2400016784668,15471100
2020-02-04,40.29380416870117,47.2599983215332,47.84000015258789,47.25,47.70000076293945,14973300
2020-02-05,41.18903350830078,48.310001373291016,48.400001525878906,47.77999877929688,47.900001525878906,20141800
2020-02-06,41.34413528442383,47.97999954223633,48.5,47.84999847412109,48.43999862670898,18259200
2020-02-07,41.22349548339844,47.84000015258789,48.0,47.47999954223633,47.72999954223633,13174600
2020-02-10,41.16318130493164,47.77000045776367,47.86000061035156,47.41999816894531,47.66999816894531,18124800
2020-02-11,41.35276412963867,47.9900016784668,48.34000015258789,47.93999862670898,48.08000183105469,13686100
2020-02-12,41.18041610717773,47.790000915527344,48.4900016784668,47.7599983215332,48.220001220703125,16668100
2020-02-13,41.46476745605469,48.119998931884766,48.18000030517578,47.54999923706055,47.619998931884766,12530000
2020-02-14,41.55094146728516,48.220001220703125,48.31999969482422,47.75,48.13999938964844,15526400
2020-02-18,40.49105453491211,46.9900016784668,48.119998931884766,46.52999877929688,47.970001220703125,22423800
2020-02-19,40.57722854614258,47.09000015258789,47.34999847412109,46.97999954223633,47.25,15602500
2020-02-20,40.79265213012695,47.34000015258789,47.40999984741211,46.68000030517578,47.0,15965500
2020-02-21,41.10286331176758,47.70000076293945,47.84999847412109,47.09999847412109,47.47999954223633,21729100
2020-02-24,39.97404479980469,46.38999938964844,46.95000076293945,46.2599983215332,46.58000183105469,23075900
2020-02-25,38.87968444824219,45.119998931884766,46.66999816894531,44.959999084472656,46.290000915527344,31110100
2020-02-26,38.03523254394531,44.13999938964844,45.650001525878906,44.130001068115234,45.47999954223633,27372600
2020-02-27,36.59619140625,42.470001220703125,44.31999969482422,42.43000030517578,43.31999969482422,41180000
2020-02-28,35.20024490356445,40.84999847412109,41.869998931884766,39.75,41.310001373291016,71703000
2020-03-02,36.415225982666016,42.2599983215332,42.27999877929688,39.459999084472656,40.97999954223633,44231200
2020-03-03,34.924503326416016,40.52999877929688,42.900001525878906,40.02999877929688,42.060001373291016,45091000
2020-03-04,35.67417907714844,41.400001525878906,41.43000030517578,39.959999084472656,41.0099983215332,33881500
2020-03-05,33.51995086669922,38.900001525878906,40.0099983215332,38.56999969482422,40.0,45037900
2020-03-06,31.96027374267578,37.09000015258789,37.68000030517578,36.33000183105469,37.0,56766500
2020-03-09,27.98786163330078,32.47999954223633,34.47999954223633,32.220001220703125,33.720001220703125,53277200
2020-03-10,30.228275299072266,35.08000183105469,35.08000183105469,32.279998779296875,34.630001068115234,40078700
2020-03-11,27.858604431152344,32.33000183105469,34.27000045776367,32.0099983215332,34.04999923706055,44769500
2020-03-12,23.4381103515625,27.200000762939453,30.86000061035156,27.1200008392334,29.809999465942383,68447600
2020-03-13,26.617765426635746,30.88999938964844,31.76000022888184,27.770000457763672,30.14999961853028,78365700
2020-03-16,22.834922790527344,26.5,29.229999542236328,26.299999237060547,26.34000015258789,57466700
2020-03-17,25.532028198242188,29.6299991607666,30.6200008392334,25.88999938964844,27.6299991607666,58112800
2020-03-18,24.23086738586425,28.1200008392334,28.88999938964844,26.89999961853028,27.700000762939453,51904100
2020-03-19,24.37735748291016,28.290000915527344,29.11000061035156,26.290000915527344,27.65999984741211,53123500
2020-03-20,22.834922790527344,26.5,28.75,26.18000030517578,28.68000030517578,73915800
2020-03-23,21.75780296325684,25.25,26.8700008392334,25.11000061035156,26.26000022888184,47064100
2020-03-24,24.920223236083984,28.920000076293945,29.170000076293945,26.32999992370605,26.959999084472656,48630300
2020-03-25,24.96331024169922,28.96999931335449,30.299999237060547,27.770000457763672,29.0,53341100
2020-03-26,26.62638664245605,30.89999961853028,31.38999938964844,29.07999992370605,29.32999992370605,45494700
2020-03-27,26.092130661010746,30.280000686645508,31.290000915527344,29.07999992370605,30.020000457763672,38942800
2020-03-30,25.781925201416016,29.920000076293945,30.479999542236328,28.88999938964844,30.36000061035156,41232800
2020-03-31,24.730653762817383,28.700000762939453,29.75,28.15999984741211,29.40999984741211,36920300
2020-04-01,22.895240783691406,26.56999969482422,27.3700008392334,26.200000762939453,27.020000457763672,48497400
2020-04-02,23.4553451538086,27.21999931335449,27.530000686645508,26.3799991607666,26.46999931335449,33113500
2020-04-03,22.602270126342773,26.229999542236328,27.36000061035156,25.90999984741211,27.0,32735800
2020-04-06,24.67033576965332,28.6299991607666,28.82999992370605,27.39999961853028,27.40999984741211,36056100
2020-04-07,24.79097366333008,28.770000457763672,30.780000686645508,28.709999084472656,30.75,39229900
2020-04-08,26.092130661010746,30.280000686645508,30.479999542236328,28.68000030517578,29.34000015258789,42213700
2020-04-09,28.608278274536133,33.20000076293945,33.90999984741211,31.100000381469727,31.1200008392334,62462000
2020-04-13,27.08308219909668,31.43000030517578,33.2400016784668,31.40999984741211,33.220001220703125,36068900
2020-04-14,26.005958557128903,30.18000030517578,32.5,29.559999465942383,32.11000061035156,64267100
2020-04-15,24.5066146850586,28.440000534057617,29.11000061035156,28.21999931335449,28.770000457763672,41883900
2020-04-16,23.17098617553711,26.88999938964844,28.280000686645508,26.65999984741211,28.280000686645508,52962100
2020-04-17,24.454906463623047,28.3799991607666,28.780000686645508,27.799999237060547,28.14999961853028,46985000
2020-04-20,23.85172271728516,27.68000030517578,28.88999938964844,26.920000076293945,27.32999992370605,45441600
2020-04-21,23.127901077270508,26.84000015258789,27.25,26.5,26.89999961853028,41918700
2020-04-22,23.09343338012696,26.799999237060547,27.57999992370605,26.700000762939453,27.5,28043300
2020-04-23,22.860782623291016,26.530000686645508,27.209999084472656,26.420000076293945,26.950000762939453,38331500
2020-04-24,23.196836471557617,26.920000076293945,27.290000915527344,26.3700008392334,26.799999237060547,35135900
2020-04-27,24.48076057434082,28.40999984741211,28.57999992370605,27.15999984741211,27.3700008392334,39606100
2020-04-28,24.87714195251465,28.8700008392334,29.920000076293945,28.59000015258789,29.600000381469727,35188000
2020-04-29,25.8508529663086,30.0,30.459999084472656,29.64999961853028,30.100000381469727,38515200
2020-04-30,25.0322494506836,29.049999237060547,29.61000061035156,28.600000381469727,29.31999969482422,29506100
2020-05-01,23.77417182922364,27.59000015258789,28.530000686645508,27.280000686645508,28.5,35197600
2020-05-04,23.567363739013672,27.350000381469727,27.450000762939453,26.600000381469727,26.959999084472656,34343900
2020-05-05,22.6798152923584,26.31999969482422,27.799999237060547,26.25,27.520000457763672,56753400
2020-05-06,22.068016052246094,25.61000061035156,26.64999961853028,25.39999961853028,26.459999084472656,57732900
2020-05-07,22.18231010437012,25.229999542236328,26.100000381469727,25.13999938964844,25.59000015258789,52387000
2020-05-08,22.358154296875,25.43000030517578,25.780000686645508,25.229999542236328,25.63999938964844,53725300
2020-05-11,21.786670684814453,24.780000686645508,25.229999542236328,24.600000381469727,25.11000061035156,51444200
2020-05-12,21.13606643676757,24.040000915527344,25.270000457763672,24.0,24.959999084472656,53560500
2020-05-13,19.80846405029297,22.530000686645508,23.950000762939453,22.0,23.950000762939453,90209900
2020-05-14,21.153636932373047,24.059999465942383,24.59000015258789,22.020000457763672,22.1299991607666,87965500
2020-05-15,20.538198471069336,23.36000061035156,23.82999992370605,23.07999992370605,23.690000534057617,51616700
2020-05-18,22.34056854248047,25.40999984741211,25.59000015258789,24.34000015258789,24.549999237060547,55684400
2020-05-19,21.056930541992188,23.950000762939453,25.14999961853028,23.920000076293945,25.0,48234300
2020-05-20,21.558076858520508,24.520000457763672,24.739999771118164,24.36000061035156,24.489999771118164,45297100
2020-05-21,21.50532341003418,24.459999084472656,24.850000381469727,24.31999969482422,24.38999938964844,28376500
2020-05-22,21.250356674194336,24.170000076293945,24.489999771118164,23.920000076293945,24.440000534057617,30415300
2020-05-26,23.087888717651367,26.26000022888184,26.51000022888184,25.040000915527344,25.049999237060547,57720300
2020-05-27,24.57374763488769,27.950000762939453,28.26000022888184,26.84000015258789,27.799999237060547,61963000
2020-05-28,23.931928634643555,27.21999931335449,28.3700008392334,27.1200008392334,28.31999969482422,51490200
2020-05-29,23.27252578735352,26.46999931335449,27.06999969482422,26.09000015258789,26.5,51336900
2020-06-01,23.817630767822266,27.09000015258789,27.59000015258789,26.3700008392334,26.61000061035156,34201700
2020-06-02,24.090181350708008,27.39999961853028,27.989999771118164,27.15999984741211,27.57999992370605,39058000
2020-06-03,25.347450256347656,28.82999992370605,29.190000534057617,28.34000015258789,28.38999938964844,50814000
2020-06-04,26.56954002380371,30.21999931335449,30.25,28.63999938964844,29.479999542236328,61839200
2020-06-05,27.844385147094727,31.670000076293945,33.88999938964844,31.459999084472656,33.88999938964844,107651200
2020-06-08,29.295066833496094,33.31999969482422,33.43000030517578,32.27000045776367,32.900001525878906,69051300
2020-06-09,28.688417434692383,32.630001068115234,33.08000183105469,31.51000022888184,32.439998626708984,51480400
2020-06-10,26.121143341064453,29.709999084472656,32.33000183105469,29.64999961853028,32.29999923706055,82090000
2020-06-11,23.55387115478516,26.790000915527344,28.43000030517578,26.700000762939453,27.200000762939453,75621300
2020-06-12,24.59132957458496,27.96999931335449,28.229999542236328,27.350000381469727,28.0,51301200
2020-06-15,24.80234336853028,28.209999084472656,28.38999938964844,26.559999465942383,26.86000061035156,48311400
2020-06-16,25.074893951416016,28.520000457763672,29.64999961853028,27.770000457763672,29.43000030517578,52985600
2020-06-17,24.134143829345703,27.450000762939453,28.549999237060547,27.350000381469727,28.5,38660800
2020-06-18,24.222064971923828,27.549999237060547,27.93000030517578,26.93000030517578,27.100000381469727,33670200
2020-06-19,24.26602554321289,27.600000381469727,28.049999237060547,27.01000022888184,28.0,71903000
2020-06-22,24.04622268676757,27.350000381469727,27.6299991607666,26.88999938964844,27.270000457763672,32808300
2020-06-23,23.940719604492188,27.229999542236328,28.290000915527344,27.190000534057617,27.780000686645508,47279100
2020-06-24,22.964805603027344,26.1200008392334,27.030000686645508,25.989999771118164,26.959999084472656,57380900
2020-06-25,24.063814163208008,27.3700008392334,27.40999984741211,25.88999938964844,25.959999084472656,45102200
2020-06-26,22.27902030944824,25.34000015258789,26.39999961853028,25.25,26.100000381469727,81172300
2020-06-29,22.595537185668945,25.700000762939453,25.89999961853028,25.26000022888184,25.59000015258789,43769200
2020-06-30,22.50761604309082,25.600000381469727,25.8700008392334,25.170000076293945,25.209999084472656,46610000
2020-07-01,22.05922508239746,25.09000015258789,25.959999084472656,24.93000030517578,25.729999542236328,37509300
2020-07-02,22.27902030944824,25.34000015258789,26.170000076293945,25.100000381469727,25.75,37013300
2020-07-06,22.41090583801269,25.489999771118164,26.020000457763672,24.979999542236328,25.81999969482422,46983100
2020-07-07,21.50532341003418,24.459999084472656,25.21999931335449,24.34000015258789,25.200000762939453,36920500
2020-07-08,21.584449768066406,24.549999237060547,24.780000686645508,24.06999969482422,24.440000534057617,38413400
2020-07-09,21.13606643676757,24.040000915527344,24.780000686645508,23.709999084472656,24.5,38118900
2020-07-10,22.3933219909668,25.46999931335449,25.530000686645508,24.14999961853028,24.18000030517578,56483300
2020-07-13,22.34056854248047,25.40999984741211,26.040000915527344,24.940000534057617,25.81999969482422,51038800
2020-07-14,21.32069396972656,24.25,24.38999938964844,23.32999992370605,23.920000076293945,118952600
2020-07-15,22.28781509399414,25.350000381469727,25.549999237060547,24.84000015258789,24.979999542236328,61714300
2020-07-16,22.38452911376953,25.459999084472656,26.09000015258789,24.81999969482422,24.90999984741211,48676800
2020-07-17,21.93613624572754,24.950000762939453,25.63999938964844,24.86000061035156,25.489999771118164,39184100
2020-07-20,21.602039337158203,24.56999969482422,24.8799991607666,24.39999961853028,24.71999931335449,38682200
2020-07-21,23.03514289855957,26.200000762939453,26.280000686645508,24.709999084472656,24.75,58395200
2020-07-22,23.087888717651367,26.26000022888184,26.350000381469727,25.81999969482422,26.1299991607666,41030500
2020-07-23,23.16702079772949,26.350000381469727,26.51000022888184,25.700000762939453,26.15999984741211,50791000
2020-07-24,23.087888717651367,26.26000022888184,26.850000381469727,26.200000762939453,26.46999931335449,39357000
2020-07-27,22.41090583801269,25.489999771118164,26.020000457763672,25.25,26.020000457763672,34761000
2020-07-28,22.44607734680176,25.530000686645508,25.700000762939453,25.32999992370605,25.32999992370605,30505200
2020-07-29,22.66587257385254,25.780000686645508,25.81999969482422,25.0,25.450000762939453,31442100
2020-07-30,21.672372817993164,24.64999961853028,25.239999771118164,24.5,25.190000534057617,51019200
2020-07-31,21.329486846923828,24.26000022888184,24.65999984741211,24.07999992370605,24.5,45537900
2020-08-03,21.355863571166992,24.290000915527344,24.5,23.89999961853028,24.25,27863700
2020-08-04,21.29431533813477,24.21999931335449,24.290000915527344,24.030000686645508,24.200000762939453,28106900
2020-08-05,21.452571868896484,24.39999961853028,24.75,24.34000015258789,24.39999961853028,32935400
2020-08-06,21.39960479736328,24.239999771118164,24.5,24.1200008392334,24.200000762939453,44670300
2020-08-07,22.13234519958496,25.06999969482422,25.21999931335449,24.0,24.1299991607666,46272400
2020-08-10,21.805702209472656,24.700000762939453,25.479999542236328,24.21999931335449,25.21999931335449,50602600
2020-08-11,22.3530502319336,25.31999969482422,26.13999938964844,25.200000762939453,25.290000915527344,55000100
2020-08-12,22.23828315734864,25.190000534057617,26.13999938964844,24.71999931335449,25.979999542236328,42868500
2020-08-13,22.08820343017578,25.020000457763672,25.229999542236328,24.68000030517578,24.950000762939453,27387800
2020-08-14,22.335390090942383,25.299999237060547,25.489999771118164,24.63999938964844,24.790000915527344,26743400
2020-08-17,21.602649688720703,24.46999931335449,25.13999938964844,24.440000534057617,25.030000686645508,36661700
2020-08-18,21.223039627075195,24.040000915527344,24.450000762939453,24.01000022888184,24.420000076293945,29680700
2020-08-19,21.2495231628418,24.06999969482422,24.38999938964844,23.84000015258789,24.01000022888184,33667800
2020-08-20,20.96702003479004,23.75,23.940000534057617,23.600000381469727,23.739999771118164,36022100
2020-08-21,20.869909286499023,23.63999938964844,23.90999984741211,23.520000457763672,23.63999938964844,27198000
2020-08-24,21.62030792236328,24.489999771118164,24.51000022888184,23.61000061035156,23.799999237060547,36906700
2020-08-25,21.72624588012696,24.61000061035156,24.88999938964844,24.299999237060547,24.739999771118164,35077300
2020-08-26,21.223039627075195,24.040000915527344,24.57999992370605,24.040000915527344,24.51000022888184,28348200
2020-08-27,21.70858764648437,24.59000015258789,24.780000686645508,23.96999931335449,23.989999771118164,36706600
2020-08-28,21.7968692779541,24.690000534057617,24.770000457763672,24.350000381469727,24.75,25797300
2020-08-31,21.32015037536621,24.14999961853028,24.51000022888184,24.09000015258789,24.489999771118164,27615500
2020-09-01,21.231868743896484,24.049999237060547,24.34000015258789,23.739999771118164,24.020000457763672,30508800
2020-09-02,21.69093513488769,24.56999969482422,24.65999984741211,23.93000030517578,24.01000022888184,40334000
2020-09-03,21.64679527282715,24.520000457763672,25.36000061035156,24.299999237060547,24.799999237060547,42349300
2020-09-04,21.885150909423828,24.790000915527344,25.190000534057617,24.25,25.0,48745000
2020-09-08,21.161243438720703,23.96999931335449,24.549999237060547,23.739999771118164,24.280000686645508,49082900
2020-09-09,21.04647827148437,23.84000015258789,24.06999969482422,23.700000762939453,24.01000022888184,49427900
2020-09-10,21.14358329772949,23.950000762939453,24.670000076293945,23.86000061035156,24.030000686645508,54211700
2020-09-11,21.426084518432617,24.270000457763672,24.31999969482422,23.709999084472656,23.920000076293945,34861100
2020-09-14,21.902812957763672,24.809999465942383,24.96999931335449,24.229999542236328,24.3799991607666,49787100
2020-09-15,21.964609146118164,24.8799991607666,25.040000915527344,24.559999465942383,24.959999084472656,41954800
2020-09-16,22.697355270385746,25.709999084472656,26.0,24.75,24.8700008392334,51768200
2020-09-17,22.16766166687012,25.11000061035156,25.43000030517578,24.89999961853028,25.229999542236328,51531300
2020-09-18,22.18531608581543,25.1299991607666,25.39999961853028,24.89999961853028,24.940000534057617,115153200
2020-09-21,21.223039627075195,24.040000915527344,24.520000457763672,23.71999931335449,24.450000762939453,56188400
2020-09-22,20.878734588623047,23.64999961853028,24.36000061035156,23.530000686645508,23.979999542236328,39839500
2020-09-23,20.15482521057129,22.82999992370605,24.1299991607666,22.82999992370605,23.780000686645508,45697700
2020-09-24,20.587400436401367,23.31999969482422,23.71999931335449,22.559999465942383,22.959999084472656,43329100
2020-09-25,20.869909286499023,23.63999938964844,23.709999084472656,23.01000022888184,23.1200008392334,30229900
2020-09-28,21.02881622314453,23.81999969482422,24.270000457763672,23.76000022888184,23.989999771118164,41103500
2020-09-29,20.53444480895996,23.26000022888184,23.71999931335449,23.06999969482422,23.71999931335449,38416300
2020-09-30,20.755142211914062,23.51000022888184,23.8700008392334,23.25,23.36000061035156,43071500
2020-10-01,20.79928398132324,23.559999465942383,23.809999465942383,23.15999984741211,23.56999969482422,38879800
2020-10-02,21.17890167236328,23.989999771118164,24.09000015258789,23.07999992370605,23.14999961853028,26238600
2020-10-05,21.58499526977539,24.450000762939453,24.600000381469727,24.21999931335449,24.21999931335449,22607500
2020-10-06,21.346630096435547,24.18000030517578,25.0,24.040000915527344,24.68000030517578,30991300
2020-10-07,21.902812957763672,24.809999465942383,24.93000030517578,24.38999938964844,24.420000076293945,34647300
2020-10-08,22.335390090942383,25.299999237060547,25.32999992370605,24.670000076293945,24.8799991607666,26483400
2020-10-09,22.335390090942383,25.299999237060547,25.51000022888184,25.01000022888184,25.38999938964844,28211300
2020-10-12,22.67086601257324,25.68000030517578,25.739999771118164,25.14999961853028,25.200000762939453,25855600
2020-10-13,21.84101104736328,24.739999771118164,25.5,24.700000762939453,25.420000076293945,29939600
2020-10-14,20.52560806274414,23.25,24.43000030517578,23.229999542236328,24.270000457763672,75388100
2020-10-15,20.260766983032227,22.950000762939453,23.09000015258789,22.75,23.059999465942383,60328600
2020-10-16,20.18131256103516,22.86000061035156,23.229999542236328,22.61000061035156,23.01000022888184,43141200
2020-10-19,19.8988037109375,22.540000915527344,22.90999984741211,22.51000022888184,22.88999938964844,37423600
2020-10-20,20.137168884277344,22.809999465942383,23.1299991607666,22.690000534057617,22.729999542236328,34751200
2020-10-21,20.0400619506836,22.700000762939453,22.950000762939453,22.600000381469727,22.81999969482422,29528300
2020-10-22,20.52560806274414,23.25,23.31999969482422,22.61000061035156,22.65999984741211,32238300
2020-10-23,20.55209350585937,23.280000686645508,23.59000015258789,23.1200008392334,23.57999992370605,24558300
2020-10-26,20.0400619506836,22.700000762939453,23.020000457763672,22.600000381469727,22.96999931335449,34034100
2020-10-27,19.263172149658203,21.81999969482422,22.61000061035156,21.81999969482422,22.61000061035156,49636500
2020-10-28,18.69816970825196,21.18000030517578,21.479999542236328,20.799999237060547,21.229999542236328,54835900
2020-10-29,18.662857055664062,21.13999938964844,21.3799991607666,20.76000022888184,21.049999237060547,46184000
2020-10-30,18.936532974243164,21.450000762939453,21.459999084472656,20.84000015258789,21.100000381469727,34592400
2020-11-02,19.33380126953125,21.89999961853028,21.979999542236328,21.190000534057617,21.700000762939453,38401200
2020-11-03,19.50153541564941,22.09000015258789,22.5,21.989999771118164,22.309999465942383,38427000
2020-11-04,19.316146850585938,21.8799991607666,22.559999465942383,21.170000076293945,21.75,47203200
2020-11-05,19.803924560546875,22.32999992370605,22.56999969482422,21.86000061035156,21.88999938964844,38319700
2020-11-06,19.431432723999023,21.90999984741211,22.56999969482422,21.84000015258789,22.5,29502900
2020-11-09,21.48011779785156,24.21999931335449,24.8700008392334,23.299999237060547,24.030000686645508,102118900
2020-11-10,21.453516006469727,24.190000534057617,24.3700008392334,23.86000061035156,24.36000061035156,49029100
2020-11-11,21.453516006469727,24.190000534057617,24.540000915527344,24.01000022888184,24.229999542236328,38309200
2020-11-12,21.11649703979492,23.809999465942383,24.14999961853028,23.559999465942383,23.90999984741211,34505900
2020-11-13,21.34708404541016,24.06999969482422,24.18000030517578,23.729999542236328,23.90999984741211,30056100
2020-11-16,22.083194732666016,24.89999961853028,25.030000686645508,24.38999938964844,24.989999771118164,36954800
2020-11-17,22.207359313964844,25.040000915527344,25.14999961853028,24.520000457763672,24.530000686645508,29490400
2020-11-18,22.2250919342041,25.059999465942383,25.950000762939453,25.059999465942383,25.14999961853028,44318300
2020-11-19,23.200658798217773,26.15999984741211,26.21999931335449,24.96999931335449,25.190000534057617,44560000
2020-11-20,22.59758186340332,25.479999542236328,26.229999542236328,25.459999084472656,26.040000915527344,38469100
2020-11-23,23.3248233795166,26.299999237060547,26.440000534057617,25.8700008392334,25.950000762939453,40691400
2020-11-24,25.37350845336914,28.61000061035156,28.729999542236328,27.34000015258789,27.459999084472656,80523400
2020-11-25,25.35576629638672,28.59000015258789,28.690000534057617,28.0,28.32999992370605,38875500
2020-11-27,25.24046897888184,28.459999084472656,28.6299991607666,28.18000030517578,28.59000015258789,20281400
2020-11-30,24.256038665771484,27.350000381469727,28.559999465942383,27.280000686645508,28.43000030517578,48211000
2020-12-01,24.885717391967773,28.059999465942383,28.68000030517578,28.040000915527344,28.14999961853028,41924200
2020-12-02,25.60409164428711,28.8700008392334,28.989999771118164,27.850000381469727,27.989999771118164,35508000
2020-12-03,25.86128616333008,29.15999984741211,29.489999771118164,28.790000915527344,28.940000534057617,41264600
2020-12-04,26.20716667175293,29.549999237060547,29.96999931335449,29.34000015258789,29.5,47168800
2020-12-07,26.02092170715332,29.34000015258789,29.6299991607666,29.06999969482422,29.420000076293945,31713000
2020-12-08,25.666173934936523,28.940000534057617,29.299999237060547,28.39999961853028,29.030000686645508,32209500
2020-12-09,25.76372718811035,29.049999237060547,29.239999771118164,28.61000061035156,29.239999771118164,35276000
2020-12-10,26.15395164489746,29.489999771118164,29.559999465942383,28.540000915527344,28.71999931335449,31730200
2020-12-11,25.790332794189453,29.07999992370605,29.38999938964844,28.670000076293945,29.020000457763672,29779100
2020-12-14,25.40010643005371,28.63999938964844,29.780000686645508,28.51000022888184,29.540000915527344,28378000
2020-12-15,26.36680603027344,29.729999542236328,29.770000457763672,28.89999961853028,29.1299991607666,38866200
2020-12-16,26.29585075378418,29.64999961853028,29.90999984741211,29.479999542236328,29.63999938964844,35204800
2020-12-17,26.13620948791504,29.46999931335449,29.89999961853028,29.440000534057617,29.799999237060547,42870500
2020-12-18,25.72825050354004,29.01000022888184,29.6200008392334,28.799999237060547,29.46999931335449,53716400
2020-12-21,26.20716667175293,29.549999237060547,29.88999938964844,28.84000015258789,29.56999969482422,52731600
2020-12-22,25.68390846252441,28.959999084472656,29.71999931335449,28.950000762939453,29.64999961853028,25655900
2020-12-23,26.91666603088379,30.350000381469727,30.489999771118164,29.270000457763672,29.280000686645508,38383700
2020-12-24,26.4643611907959,29.84000015258789,30.3799991607666,29.65999984741211,30.290000915527344,14443700
2020-12-28,26.54417610168457,29.93000030517578,30.479999542236328,29.90999984741211,30.07999992370605,21658500
2020-12-29,26.41114616394043,29.780000686645508,30.170000076293945,29.75,30.14999961853028,19584400
2020-12-30,26.384536743164062,29.75,30.040000915527344,29.64999961853028,29.799999237060547,18519300
2020-12-31,26.765893936157227,30.18000030517578,30.239999771118164,29.670000076293945,29.75,21081200
