date,adjclose,close,high,low,open,volume
2015-01-02,41.75547409057617,65.88999938964844,66.4000015258789,65.44000244140625,65.44000244140625,5086100
2015-01-05,40.969669342041016,64.6500015258789,66.0999984741211,63.880001068115234,65.5,8007400
2015-01-06,40.766876220703125,64.33000183105469,65.75,63.70000076293945,65.62000274658203,5483700
2015-01-07,42.4145393371582,66.93000030517578,67.05000305175781,64.4800033569336,64.56999969482422,8283300
2015-01-08,42.85813522338867,67.62999725341797,68.29000091552734,67.41999816894531,68.16000366210938,7949000
2015-01-09,41.685760498046875,65.77999877929688,67.19999694824219,65.11000061035156,66.69000244140625,8779900
2015-01-12,41.673091888427734,65.76000213623047,66.93000030517578,65.30999755859375,66.33999633789062,6159800
2015-01-13,40.47276306152344,63.38999938964844,66.06999969482422,62.90999984741211,65.72000122070312,13908400
2015-01-14,40.67068862915039,63.70000076293945,64.06999969482422,61.86000061035156,62.619998931884766,9448300
2015-01-15,40.15351867675781,62.88999938964844,64.11000061035156,62.869998931884766,64.0,6149100
2015-01-16,41.20700454711914,64.54000091552734,64.62000274658203,62.63999938964844,62.95000076293945,8106000
2015-01-20,40.511070251464844,63.45000076293945,65.29000091552734,62.75,65.05999755859375,9065300
2015-01-21,40.0322151184082,62.70000076293945,63.45000076293945,62.279998779296875,63.099998474121094,7979500
2015-01-22,40.21098327636719,62.97999954223633,63.45000076293945,61.880001068115234,63.20000076293945,8941700
2015-01-23,39.859825134277344,62.43000030517578,63.65999984741211,62.349998474121094,63.65999984741211,6881100
2015-01-26,40.1152229309082,62.83000183105469,63.040000915527344,61.68000030517578,62.2599983215332,8181100
2015-01-27,40.2876091003418,63.099998474121094,63.5,62.20000076293945,62.33000183105469,6532300
2015-01-28,39.48951721191406,61.849998474121094,63.560001373291016,61.689998626708984,63.439998626708984,6910100
2015-01-29,40.300384521484375,63.119998931884766,63.380001068115234,61.59000015258789,62.119998931884766,8485600
2015-01-30,38.53179931640625,60.349998474121094,62.68000030517578,60.119998931884766,62.09000015258789,17582500
2015-02-02,38.7552604675293,60.70000076293945,61.4900016784668,58.650001525878906,61.4900016784668,11491100
2015-02-03,39.361820220947266,61.650001525878906,61.7599983215332,59.97999954223633,61.599998474121094,10721800
2015-02-04,36.3354606628418,56.90999984741211,58.95000076293945,56.650001525878906,58.95000076293945,31250600
2015-02-05,37.02501678466797,57.9900016784668,58.2599983215332,56.150001525878906,57.54999923706055,18964700
2015-02-06,36.329071044921875,56.900001525878906,57.83000183105469,56.689998626708984,57.709999084472656,13890900
2015-02-09,35.422447204589844,55.47999954223633,56.349998474121094,55.18000030517578,55.66999816894531,22522000
2015-02-10,36.32268524169922,56.88999938964844,57.0099983215332,55.599998474121094,55.93000030517578,18917000
2015-02-11,36.19499206542969,56.689998626708984,57.83000183105469,56.2599983215332,57.36000061035156,14681600
2015-02-12,36.42485046386719,57.04999923706055,57.58000183105469,56.15999984741211,57.400001525878906,11940900
2015-02-13,37.06331253051758,58.04999923706055,58.099998474121094,56.900001525878906,57.349998474121094,11303200
2015-02-17,37.491092681884766,58.720001220703125,59.0,57.900001525878906,58.95000076293945,12789700
2015-02-18,37.82310485839844,59.2400016784668,59.47999954223633,58.310001373291016,59.150001525878906,10781700
2015-02-19,37.66986846923828,59.0,59.08000183105469,58.650001525878906,58.91999816894531,8665500
2015-02-20,39.13834762573242,61.29999923706055,61.34000015258789,59.220001220703125,59.61000061035156,15534000
2015-02-23,38.672271728515625,60.56999969482422,61.900001525878906,60.2400016784668,61.540000915527344,11582700
2015-02-24,38.86381149291992,60.869998931884766,61.29999923706055,60.52000045776367,60.849998474121094,7900700
2015-02-25,38.704200744628906,60.619998931884766,61.099998474121094,60.209999084472656,61.099998474121094,9983900
2015-02-26,38.640350341796875,60.52000045776367,60.810001373291016,60.27000045776367,60.349998474121094,7328200
2015-02-27,38.627567291259766,60.5,60.9900016784668,60.369998931884766,60.529998779296875,8649100
2015-03-02,38.60204315185547,60.459999084472656,60.75,60.060001373291016,60.5,6150900
2015-03-03,38.06570816040039,59.619998931884766,60.45000076293945,59.439998626708984,60.349998474121094,7421000
2015-03-04,38.48073196411133,60.27000045776367,60.41999816894531,59.029998779296875,59.31999969482422,8536000
2015-03-05,36.30354309082031,56.86000061035156,59.47999954223633,56.650001525878906,57.209999084472656,47051800
2015-03-06,35.52459716796875,55.63999938964844,57.400001525878906,55.439998626708984,56.95000076293945,22853000
2015-03-09,35.460750579833984,55.540000915527344,56.029998779296875,55.2599983215332,55.93000030517578,14779900
2015-03-10,35.65229797363281,55.84000015258789,56.29999923706055,54.779998779296875,55.220001220703125,17907700
2015-03-11,36.15031051635742,56.619998931884766,56.880001068115234,55.65999984741211,56.189998626708984,14629000
2015-03-12,37.031402587890625,58.0,58.90999984741211,56.650001525878906,56.779998779296875,18227800
2015-03-13,37.031402587890625,58.0,58.869998931884766,57.349998474121094,58.119998931884766,10114500
2015-03-16,37.74647903442383,59.119998931884766,59.70000076293945,58.33000183105469,58.459999084472656,12098700
2015-03-17,38.13594055175781,59.72999954223633,60.18000030517578,58.70000076293945,58.720001220703125,10983600
2015-03-18,38.23811721801758,59.88999938964844,60.41999816894531,59.25,59.7599983215332,11889200
2015-03-19,39.06812286376953,61.189998626708984,61.47999954223633,59.9900016784668,60.09000015258789,14110500
2015-03-20,38.563724517822266,60.400001525878906,61.72999954223633,60.31999969482422,61.5,13313100
2015-03-23,38.614803314208984,60.47999954223633,61.189998626708984,59.619998931884766,60.04999923706055,7926400
2015-03-24,38.072105407714844,59.630001068115234,60.81999969482422,59.45000076293945,60.650001525878906,7970000
2015-03-25,37.171871185302734,58.220001220703125,60.09000015258789,58.209999084472656,60.08000183105469,11619200
2015-03-26,36.56531524658203,57.27000045776367,58.09000015258789,57.220001220703125,57.97999954223633,10853900
2015-03-27,36.80792236328125,57.650001525878906,58.04999923706055,57.310001373291016,57.630001068115234,6830100
2015-03-30,37.184627532958984,58.2400016784668,58.34000015258789,57.790000915527344,57.93000030517578,5781900
2015-03-31,37.37617874145508,58.540000915527344,58.810001373291016,57.709999084472656,58.0099983215332,12313600
2015-04-01,36.4567756652832,57.099998474121094,58.4900016784668,56.33000183105469,58.47999954223633,14903300
2015-04-02,36.3993034362793,57.0099983215332,57.810001373291016,56.900001525878906,57.439998626708984,8787000
2015-04-06,36.78238296508789,57.61000061035156,57.88999938964844,56.68000030517578,56.810001373291016,10280100
2015-04-07,37.299560546875,58.41999816894531,58.75,57.790000915527344,58.25,10171500
2015-04-08,37.54855728149414,58.810001373291016,58.97999954223633,57.95000076293945,58.5,11075800
2015-04-09,38.512657165527344,60.31999969482422,60.43000030517578,59.04999923706055,59.20000076293945,12698000
2015-04-10,39.58529281616211,62.0,62.33000183105469,60.31999969482422,60.5,17894700
2015-04-13,39.398590087890625,61.20000076293945,62.15999984741211,61.060001373291016,61.810001373291016,11400900
2015-04-14,39.73335266113281,61.720001220703125,61.810001373291016,60.5099983215332,61.400001525878906,13071400
2015-04-15,39.932926177978516,62.029998779296875,62.70000076293945,61.970001220703125,62.099998474121094,11534200
2015-04-16,40.29343032836914,62.59000015258789,62.90999984741211,61.650001525878906,61.79999923706055,9815600
2015-04-17,40.10029602050781,62.290000915527344,62.790000915527344,61.869998931884766,62.119998931884766,9905600
2015-04-20,40.90500259399414,63.540000915527344,64.0,62.79999923706055,62.90999984741211,12779200
2015-04-21,40.95008087158203,63.61000061035156,64.23999786376953,63.27000045776367,63.88999938964844,8457300
2015-04-22,41.53590393066406,64.5199966430664,64.7300033569336,63.560001373291016,63.599998474121094,13874300
2015-04-23,41.36209487915039,64.25,65.30999755859375,62.72999954223633,65.26000213623047,18405300
2015-04-24,42.53374481201172,66.06999969482422,66.37000274658203,64.13999938964844,64.30999755859375,14859500
2015-04-27,41.857791900634766,65.0199966430664,66.66000366210938,64.86000061035156,66.0199966430664,18141700
2015-04-28,42.80412292480469,66.48999786376953,66.48999786376953,64.19999694824219,64.5999984741211,13084900
2015-04-29,42.25048065185547,65.62999725341797,66.18000030517578,65.51000213623047,65.69999694824219,9864300
2015-04-30,41.62602615356445,64.66000366210938,65.91999816894531,64.31999969482422,65.38999938964844,10298600
2015-05-01,41.40715408325195,64.31999969482422,65.5,63.880001068115234,65.08999633789062,9870800
2015-05-04,41.63889694213867,64.68000030517578,65.44000244140625,64.01000213623047,64.31999969482422,8493500
2015-05-05,41.111019134521484,63.86000061035156,64.9000015258789,63.779998779296875,64.19999694824219,7635900
2015-05-06,41.16251754760742,63.939998626708984,64.52999877929688,63.400001525878906,64.11000061035156,8476300
2015-05-07,41.65177917480469,64.69999694824219,64.80999755859375,63.59000015258789,63.59000015258789,8638200
2015-05-08,41.999412536621094,65.23999786376953,65.80000305175781,64.9000015258789,65.0999984741211,7541100
2015-05-11,41.973663330078125,65.19999694824219,65.80000305175781,65.08000183105469,65.19000244140625,7978700
2015-05-12,41.722599029541016,64.80999755859375,65.2699966430664,64.58999633789062,64.75,5927000
2015-05-13,42.03803253173828,65.30000305175781,65.31999969482422,64.62999725341797,64.9800033569336,8519200
2015-05-14,42.46936798095703,65.97000122070312,66.2699966430664,64.94000244140625,65.86000061035156,5868900
2015-05-15,42.482242584228516,65.98999786376953,66.5199966430664,65.91000366210938,65.93000030517578,6786400
2015-05-18,42.237606048583984,65.61000061035156,65.91000366210938,65.13999938964844,65.79000091552734,7858100
2015-05-19,42.31486129760742,65.7300033569336,66.12000274658203,65.4000015258789,65.70999908447266,7674600
2015-05-20,42.41786575317383,65.88999938964844,66.19999694824219,65.38999938964844,65.91999816894531,9956000
2015-05-21,42.263362884521484,65.6500015258789,65.80999755859375,64.87000274658203,65.44999694824219,10553400
2015-05-22,42.1539192199707,65.4800033569336,65.87000274658203,65.30999755859375,65.4800033569336,14041500
2015-05-26,42.55304718017578,66.0999984741211,67.0,65.66000366210938,65.72000122070312,21034300
2015-05-27,43.377071380615234,67.37999725341797,67.98999786376953,66.56999969482422,66.75,40778800
2015-05-28,43.435020446777344,67.47000122070312,67.52999877929688,66.62999725341797,67.41999816894531,12891500
2015-05-29,42.86851119995117,66.58999633789062,67.5199966430664,66.38999938964844,67.22000122070312,9451000
2015-06-01,43.08738708496094,66.93000030517578,67.26000213623047,66.26000213623047,66.80000305175781,12426700
2015-06-02,42.887813568115234,66.62000274658203,67.2300033569336,66.33000183105469,66.69999694824219,11133200
2015-06-03,43.138885498046875,67.01000213623047,67.30000305175781,66.62000274658203,66.9000015258789,20804000
2015-06-04,43.4028205871582,67.41999816894531,67.87000274658203,66.5199966430664,66.55000305175781,10539000
2015-06-05,43.389957427978516,67.4000015258789,67.76000213623047,66.62000274658203,66.9800033569336,8908900
2015-06-08,43.64102554321289,67.79000091552734,68.19999694824219,67.52999877929688,67.86000061035156,10276700
2015-06-09,43.563777923583984,67.66999816894531,68.08000183105469,67.51000213623047,67.5199966430664,8132800
2015-06-10,43.93071746826172,68.23999786376953,68.44000244140625,67.54000091552734,67.66000366210938,7349300
2015-06-11,43.801963806152344,68.04000091552734,68.66999816894531,67.6500015258789,68.66999816894531,7552200
2015-06-12,43.164634704589844,67.05000305175781,67.93000030517578,66.58999633789062,67.88999938964844,8249900
2015-06-15,43.07451248168945,66.91000366210938,67.05000305175781,66.0999984741211,66.66000366210938,7028400
2015-06-16,42.984375,66.7699966430664,67.4000015258789,66.62000274658203,66.72000122070312,5200700
2015-06-17,43.628135681152344,67.7699966430664,67.98999786376953,66.87999725341797,66.97000122070312,7377100
2015-06-18,44.4071044921875,68.9800033569336,69.06999969482422,67.79000091552734,67.79000091552734,9079000
2015-06-19,44.729000091552734,69.4800033569336,69.75,68.5,68.5,9979500
2015-06-22,45.14099884033203,70.12000274658203,70.5999984741211,69.7300033569336,69.8499984741211,10124900
2015-06-23,45.076629638671875,70.0199966430664,70.48999786376953,69.56999969482422,70.01000213623047,8720000
2015-06-24,44.561622619628906,69.22000122070312,70.75,69.02999877929688,70.5199966430664,9308200
2015-06-25,44.9478759765625,69.81999969482422,70.37999725341797,69.29000091552734,69.66999816894531,6191200
2015-06-26,45.35987854003906,70.45999908447266,70.5999984741211,69.68000030517578,69.94999694824219,9669500
2015-06-29,43.24833679199219,67.18000030517578,70.0199966430664,67.08000183105469,69.2699966430664,12057200
2015-06-30,43.25477600097656,67.19000244140625,68.22000122070312,66.66000366210938,68.0,11459600
2015-07-01,44.10453796386719,68.51000213623047,68.5999984741211,67.68000030517578,67.9000015258789,7694900
2015-07-02,43.911407470703125,68.20999908447266,68.9000015258789,67.79000091552734,68.68000030517578,6245700
2015-07-06,43.917842864990234,68.22000122070312,69.0,67.48999786376953,67.52999877929688,17029100
2015-07-07,44.136714935302734,68.55999755859375,68.79000091552734,67.31999969482422,68.41999816894531,7821600
2015-07-08,43.55732345581055,67.66000366210938,68.44000244140625,67.58000183105469,67.79000091552734,5027200
2015-07-09,43.756893157958984,67.97000122070312,68.91999816894531,67.80000305175781,68.4800033569336,6516800
2015-07-10,44.56806182861328,69.2300033569336,69.5,68.52999877929688,68.94000244140625,6891400
2015-07-13,45.11931610107422,69.56999969482422,69.69999694824219,69.16999816894531,69.41999816894531,5507000
2015-07-14,45.26847457885742,69.80000305175781,70.5199966430664,69.4000015258789,69.70999908447266,6628300
2015-07-15,45.236045837402344,69.75,70.04000091552734,69.30999755859375,69.80999755859375,16761400
2015-07-16,45.39170455932617,69.98999786376953,70.30000305175781,69.83000183105469,70.13999938964844,6843800
2015-07-17,45.39170455932617,69.98999786376953,70.12999725341797,69.69999694824219,69.98999786376953,6141200
2015-07-20,45.91703414916992,70.80000305175781,71.11000061035156,69.86000061035156,70.0,9633000
2015-07-21,45.748416900634766,70.54000091552734,71.5999984741211,70.22000122070312,70.80999755859375,5028500
2015-07-22,45.76136779785156,70.55999755859375,70.6500015258789,70.02999877929688,70.26000213623047,5701700
2015-07-23,45.73542022705078,70.5199966430664,70.93000030517578,70.13999938964844,70.25,5636600
2015-07-24,44.152984619140625,68.08000183105469,69.0199966430664,67.3499984741211,67.52999877929688,13495200
2015-07-27,44.97013473510742,69.33999633789062,70.95999908447266,68.45999908447266,68.45999908447266,12841500
2015-07-28,46.19589614868164,71.2300033569336,71.44000244140625,69.08000183105469,69.5,10098300
2015-07-29,45.8975715637207,70.7699966430664,71.51000213623047,70.73999786376953,71.29000091552734,6793300
2015-07-30,45.50197219848633,70.16000366210938,70.87999725341797,69.2699966430664,70.86000061035156,6820400
2015-07-31,45.40468215942383,70.01000213623047,70.37999725341797,69.7300033569336,70.37999725341797,6181300
2015-08-03,45.22307205200195,69.7300033569336,70.79000091552734,69.27999877929688,70.19000244140625,9872300
2015-08-04,45.365760803222656,69.94999694824219,70.38999938964844,69.66999816894531,70.04000091552734,5410900
2015-08-05,45.59275436401367,70.30000305175781,70.63999938964844,70.05000305175781,70.0999984741211,10090200
2015-08-06,44.90530014038086,69.23999786376953,70.77999877929688,68.80000305175781,70.37000274658203,6172200
2015-08-07,44.50319290161133,68.62000274658203,69.30000305175781,67.7699966430664,69.08000183105469,6214500
2015-08-10,44.88584518432617,69.20999908447266,69.43000030517578,68.5,68.91999816894531,8189400
2015-08-11,44.26324462890625,68.25,69.29000091552734,67.94000244140625,68.5,7473200
2015-08-12,44.587501525878906,68.75,68.91999816894531,67.23999786376953,67.83000183105469,8337600
2015-08-13,44.45130920410156,68.54000091552734,69.08999633789062,68.20999908447266,68.68000030517578,7184900
2015-08-14,44.52266311645508,68.6500015258789,69.44000244140625,68.41000366210938,68.55999755859375,5864800
2015-08-17,44.98959732055664,69.37000274658203,69.81999969482422,68.30000305175781,68.70999908447266,17669900
2015-08-18,44.658851623535156,68.86000061035156,69.73999786376953,68.66999816894531,69.41999816894531,6376500
2015-08-19,44.48372268676758,68.58999633789062,69.08000183105469,68.20999908447266,68.75,6270300
2015-08-20,43.763851165771484,67.4800033569336,68.43000030517578,67.4800033569336,68.0,9600900
2015-08-21,42.73915481567383,65.9000015258789,67.16000366210938,65.83000183105469,66.73999786376953,16277100
2015-08-24,41.15021514892578,63.45000076293945,64.8499984741211,53.869998931884766,61.16999816894531,24292600
2015-08-25,39.37320327758789,60.709999084472656,65.12000274658203,60.650001525878906,65.11000061035156,15267000
2015-08-26,40.949161529541016,63.13999938964844,63.220001220703125,60.880001068115234,62.470001220703125,15289600
2015-08-27,41.83768081665039,64.51000213623047,64.5999984741211,63.0,64.02999877929688,12592100
2015-08-28,41.493934631347656,63.97999954223633,64.77999877929688,63.439998626708984,63.90999984741211,7316400
2015-08-31,40.4757194519043,62.40999984741211,64.30999755859375,62.25,64.13999938964844,15581100
2015-09-01,39.23701095581055,60.5,61.630001068115234,60.15999984741211,61.0,12703200
2015-09-02,39.54831314086914,60.97999954223633,61.599998474121094,60.279998779296875,61.560001373291016,12044500
2015-09-03,39.93742752075195,61.58000183105469,62.279998779296875,61.349998474121094,61.45000076293945,11777400
2015-09-04,38.76356506347656,59.77000045776367,60.79999923706055,58.959999084472656,60.650001525878906,9281400
2015-09-08,39.28239440917969,60.56999969482422,60.939998626708984,59.90999984741211,60.220001220703125,9263200
2015-09-09,38.43281173706055,59.2599983215332,61.52000045776367,59.11000061035156,61.52000045776367,8436900
2015-09-10,38.64034652709961,59.58000183105469,60.130001068115234,58.88999938964844,59.36000061035156,9306600
2015-09-11,38.491180419921875,59.349998474121094,59.7599983215332,58.970001220703125,59.619998931884766,9365400
2015-09-14,38.22527313232422,58.939998626708984,59.619998931884766,57.540000915527344,59.43000030517578,9095600
2015-09-15,38.3939094543457,59.20000076293945,59.439998626708984,58.369998931884766,58.97999954223633,10474700
2015-09-16,38.59495162963867,59.5099983215332,59.63999938964844,58.630001068115234,59.5,8044200
2015-09-17,38.82194519042969,59.86000061035156,60.91999816894531,59.38999938964844,59.560001373291016,10281700
2015-09-18,39.70395278930664,61.220001220703125,61.83000183105469,58.970001220703125,59.41999816894531,28957000
2015-09-21,38.517112731933594,59.38999938964844,61.7400016784668,59.290000915527344,61.2400016784668,11038100
2015-09-22,37.447021484375,57.7400016784668,58.2599983215332,56.90999984741211,58.16999816894531,14192000
2015-09-23,37.2459716796875,57.43000030517578,58.400001525878906,57.150001525878906,57.900001525878906,9827000
2015-09-24,36.68822479248047,56.56999969482422,57.47999954223633,55.91999816894531,56.93000030517578,8625500
2015-09-25,36.14992904663086,55.7400016784668,57.880001068115234,55.08000183105469,57.84000015258789,8673500
2015-09-28,34.04864501953125,52.5,55.43000030517578,52.34000015258789,55.38999938964844,15123000
2015-09-29,34.236724853515625,52.790000915527344,54.189998626708984,51.880001068115234,53.099998474121094,12842800
2015-09-30,35.2873649597168,54.40999984741211,54.5,53.36000061035156,53.540000915527344,11895500
2015-10-01,35.75431823730469,55.130001068115234,55.22999954223633,53.93000030517578,54.68000030517578,9255800
2015-10-02,36.20180892944336,55.81999969482422,55.849998474121094,53.720001220703125,53.869998931884766,6942600
2015-10-05,36.759559631347656,56.68000030517578,56.95000076293945,55.439998626708984,56.38999938964844,9332800
2015-10-06,35.721885681152344,55.08000183105469,56.66999816894531,53.959999084472656,56.2599983215332,9008300
2015-10-07,36.07859420776367,55.630001068115234,56.54999923706055,53.90999984741211,54.849998474121094,11056100
2015-10-08,36.344482421875,56.040000915527344,56.15999984741211,54.79999923706055,55.130001068115234,6737300
2015-10-09,36.08507537841797,55.63999938964844,56.5,55.470001220703125,56.18000030517578,7178500
2015-10-12,36.169376373291016,55.77000045776367,56.27000045776367,55.52000045776367,55.79999923706055,6515000
2015-10-13,35.21376419067383,53.79999923706055,55.36000061035156,53.709999084472656,55.16999816894531,9467900
2015-10-14,35.30540466308594,53.939998626708984,54.619998931884766,53.56999969482422,54.09000015258789,8727400
2015-10-15,36.74537658691406,56.13999938964844,56.20000076293945,53.849998474121094,54.31999969482422,7781600
2015-10-16,37.000640869140625,56.529998779296875,56.970001220703125,55.790000915527344,56.290000915527344,7342800
2015-10-19,36.75846481323242,56.15999984741211,56.70000076293945,55.689998626708984,56.290000915527344,6463000
2015-10-20,35.887935638427734,54.83000183105469,56.380001068115234,54.630001068115234,56.150001525878906,6494600
2015-10-21,35.23341369628906,53.83000183105469,55.61000061035156,53.06999969482422,55.279998779296875,11638800
2015-10-22,31.594215393066406,48.27000045776367,54.439998626708984,45.45000076293945,53.880001068115234,46517700
2015-10-23,32.949092864990234,50.34000015258789,51.72999954223633,48.63999938964844,49.40999984741211,26214800
2015-10-26,33.950523376464844,51.869998931884766,52.47999954223633,49.349998474121094,50.16999816894531,13890400
2015-10-27,34.41524887084961,52.58000183105469,53.4900016784668,52.0099983215332,52.0099983215332,11710800
2015-10-28,34.860313415527344,53.2599983215332,53.84000015258789,52.08000183105469,52.81999969482422,7869000
2015-10-29,35.410133361816406,54.099998474121094,55.18000030517578,53.02000045776367,53.20000076293945,9304400
2015-10-30,38.97732925415039,59.54999923706055,60.72999954223633,57.65999984741211,57.869998931884766,27465600
2015-11-02,41.48418426513672,63.380001068115234,64.19999694824219,61.439998626708984,61.599998474121094,17008700
2015-11-03,40.86237716674805,62.43000030517578,63.720001220703125,61.91999816894531,63.119998931884766,8754700
2015-11-04,41.75908660888672,63.79999923706055,64.1500015258789,62.29999923706055,62.43000030517578,10342600
2015-11-05,41.08491897583008,62.77000045776367,64.18000030517578,61.689998626708984,63.70000076293945,10237200
2015-11-06,41.97507858276367,64.12999725341797,64.30000305175781,62.130001068115234,62.25,7261100
2015-11-09,41.385990142822266,63.22999954223633,64.12999725341797,63.11000061035156,63.619998931884766,8239400
2015-11-10,40.777286529541016,62.29999923706055,63.619998931884766,62.279998779296875,63.33000183105469,6897600
2015-11-11,39.834754943847656,60.86000061035156,62.27000045776367,60.56999969482422,62.20000076293945,8212500
2015-11-12,39.42240905761719,60.22999954223633,61.72999954223633,60.150001525878906,60.790000915527344,7765500
2015-11-13,39.180240631103516,59.86000061035156,60.970001220703125,58.88999938964844,60.0099983215332,7834400
2015-11-16,39.278404235839844,60.0099983215332,60.810001373291016,59.560001373291016,59.7400016784668,6965100
2015-11-17,39.52058029174805,60.380001068115234,61.72999954223633,59.72999954223633,60.099998474121094,8405400
2015-11-18,39.91985321044922,60.9900016784668,61.060001373291016,59.849998474121094,60.2599983215332,5470200
2015-11-19,39.63185501098633,60.54999923706055,61.72999954223633,60.13999938964844,61.220001220703125,5571200
2015-11-20,39.998390197753906,61.11000061035156,61.36000061035156,60.56999969482422,60.939998626708984,7490200
2015-11-23,40.024574279785156,61.150001525878906,61.529998779296875,60.84000015258789,61.310001373291016,6405000
2015-11-24,40.01148223876953,61.130001068115234,61.650001525878906,60.529998779296875,60.560001373291016,5213500
2015-11-25,39.4616813659668,60.290000915527344,61.130001068115234,60.209999084472656,61.099998474121094,4879800
2015-11-27,39.27186965942383,60.0,60.45000076293945,59.61000061035156,60.16999816894531,2404100
2015-11-30,38.060977935791016,58.150001525878906,60.209999084472656,57.959999084472656,59.959999084472656,12660200
2015-12-01,38.63042068481445,59.02000045776367,59.099998474121094,57.15999984741211,58.22999954223633,11290500
2015-12-02,37.7795295715332,57.720001220703125,59.38999938964844,57.369998931884766,59.16999816894531,7663000
2015-12-03,36.73228454589844,56.119998931884766,57.75,55.529998779296875,57.709999084472656,9701500
2015-12-04,37.426082611083984,57.18000030517578,57.47999954223633,56.20000076293945,56.5,6748100
2015-12-07,36.830467224121094,56.27000045776367,57.9900016784668,55.7599983215332,57.900001525878906,7890900
2015-12-08,37.09227752685547,56.66999816894531,56.869998931884766,55.5099983215332,55.560001373291016,6896200
2015-12-09,36.67337417602539,56.029998779296875,57.439998626708984,55.720001220703125,56.279998779296875,6207900
2015-12-10,36.509742736816406,55.779998779296875,56.650001525878906,55.650001525878906,56.0,6736900
2015-12-11,35.37086486816406,54.040000915527344,55.779998779296875,53.849998474121094,55.779998779296875,9388600
2015-12-14,36.287200927734375,55.439998626708984,55.47999954223633,53.2400016784668,53.709999084472656,9419500
2015-12-15,36.90900802612305,56.38999938964844,57.0,55.90999984741211,56.150001525878906,6990000
2015-12-16,37.72062683105469,57.630001068115234,57.689998626708984,56.20000076293945,56.66999816894531,6282500
2015-12-17,36.9024658203125,56.380001068115234,57.93000030517578,56.349998474121094,57.65999984741211,7848900
2015-12-18,36.48355484008789,55.7400016784668,56.099998474121094,55.36000061035156,55.900001525878906,13807000
2015-12-21,36.78464889526367,56.20000076293945,56.2599983215332,55.70000076293945,56.0,4572100
2015-12-22,37.6944465637207,57.59000015258789,57.9900016784668,56.41999816894531,56.540000915527344,8390800
2015-12-23,38.34243392944336,58.58000183105469,58.61000061035156,57.61000061035156,57.880001068115234,6634400
2015-12-24,38.26388931274414,58.459999084472656,58.72999954223633,58.0,58.380001068115234,2152900
2015-12-28,38.453697204589844,58.75,58.970001220703125,57.7599983215332,58.27000045776367,5585800
2015-12-29,38.91188049316406,59.45000076293945,59.70000076293945,59.02000045776367,59.02000045776367,5073900
2015-12-30,39.140960693359375,59.79999923706055,60.119998931884766,59.310001373291016,59.400001525878906,5220300
2015-12-31,38.774410247802734,59.2400016784668,59.93000030517578,59.20000076293945,59.5,6104800
2016-01-04,37.70752716064453,57.61000061035156,58.31999969482422,56.400001525878906,58.060001373291016,10308400
2016-01-05,37.550445556640625,57.369998931884766,58.25,56.81999969482422,57.9900016784668,7179600
2016-01-06,37.55698776245117,57.380001068115234,57.560001373291016,56.18000030517578,56.369998931884766,8952700
2016-01-07,37.44572067260742,57.209999084472656,57.84000015258789,56.34000015258789,56.52000045776367,9292600
2016-01-08,36.424652099609375,55.650001525878906,57.810001373291016,55.47999954223633,57.54999923706055,7985200
2016-01-11,35.26612091064453,53.880001068115234,55.97999954223633,52.83000183105469,55.86000061035156,10483300
2016-01-12,35.89448547363281,54.84000015258789,54.970001220703125,53.56999969482422,54.470001220703125,6799600
2016-01-13,33.85072326660156,51.18000030517578,54.619998931884766,50.97999954223633,54.54999923706055,10432200
2016-01-14,36.0862922668457,54.560001373291016,56.83000183105469,50.709999084472656,51.31999969482422,16704900
2016-01-15,37.92500686645508,57.34000015258789,57.40999984741211,53.0099983215332,53.0099983215332,27008800
2016-01-19,36.37069320678711,54.9900016784668,57.72999954223633,54.22999954223633,57.529998779296875,13644500
2016-01-20,37.79933166503906,57.150001525878906,57.93000030517578,53.70000076293945,54.209999084472656,11993100
2016-01-21,38.59962844848633,58.36000061035156,58.77000045776367,56.91999816894531,57.290000915527344,12097000
2016-01-22,38.91048812866211,58.83000183105469,59.43000030517578,57.81999969482422,59.099998474121094,10383800
2016-01-25,38.79144287109375,58.650001525878906,59.810001373291016,58.18000030517578,59.029998779296875,9681900
2016-01-26,38.53347396850586,58.2599983215332,59.27000045776367,57.209999084472656,59.0099983215332,7421100
2016-01-27,37.77287673950195,57.11000061035156,58.93000030517578,56.45000076293945,58.36000061035156,9077700
2016-01-28,36.93950653076172,55.849998474121094,57.72999954223633,54.779998779296875,57.22999954223633,10521100
2016-01-29,36.3111686706543,54.900001525878906,55.310001373291016,53.41999816894531,53.41999816894531,17768700
2016-02-01,35.97385787963867,54.38999938964844,54.880001068115234,52.5099983215332,54.15999984741211,11693300
2016-02-02,35.682838439941406,53.95000076293945,54.779998779296875,53.31999969482422,53.63999938964844,7918300
2016-02-03,37.594295501708984,56.84000015258789,57.18000030517578,54.04999923706055,54.529998779296875,16435700
2016-02-04,37.5413703918457,56.7599983215332,57.310001373291016,55.36000061035156,56.7400016784668,10351200
2016-02-05,35.13386917114258,53.119998931884766,56.34000015258789,52.619998931884766,56.25,13263200
2016-02-08,34.981746673583984,52.88999938964844,54.099998474121094,51.939998626708984,52.58000183105469,9369400
2016-02-09,35.37196350097656,53.47999954223633,53.939998626708984,52.060001373291016,52.310001373291016,7655800
2016-02-10,34.86931228637695,52.720001220703125,54.689998626708984,52.54999923706055,54.11000061035156,9302800
2016-02-11,34.51213836669922,52.18000030517578,53.119998931884766,51.81999969482422,52.29999923706055,8551100
2016-02-12,34.77671432495117,52.58000183105469,52.970001220703125,51.599998474121094,52.529998779296875,9976200
2016-02-16,35.391815185546875,53.5099983215332,53.869998931884766,52.72999954223633,53.439998626708984,8313000
2016-02-17,36.383914947509766,55.0099983215332,55.150001525878906,53.349998474121094,54.34000015258789,10005600
2016-02-18,36.079681396484375,54.54999923706055,55.529998779296875,54.16999816894531,55.529998779296875,6555000
2016-02-19,35.907711029052734,54.290000915527344,55.0,53.97999954223633,54.5,8532500
2016-02-22,36.5625,55.279998779296875,55.31999969482422,53.7400016784668,54.290000915527344,9381800
2016-02-23,36.42361068725586,55.06999969482422,56.310001373291016,55.0,55.70000076293945,8629700
2016-02-24,36.3045539855957,54.88999938964844,55.06999969482422,54.0099983215332,54.65999984741211,6633800
2016-02-25,37.170997619628906,56.20000076293945,56.22999954223633,54.43000030517578,55.16999816894531,7076300
2016-02-26,37.03872299194336,56.0,56.790000915527344,55.79999923706055,56.2599983215332,5298000
2016-02-29,36.119361877441406,54.61000061035156,56.0,54.470001220703125,55.869998931884766,8395100
2016-03-01,37.26359176635742,56.34000015258789,56.34000015258789,54.2400016784668,54.779998779296875,7106000
2016-03-02,36.84028625488281,55.70000076293945,56.43000030517578,55.400001525878906,56.16999816894531,7054800
2016-03-03,36.992408752441406,55.93000030517578,56.09000015258789,55.150001525878906,55.689998626708984,9283900
2016-03-04,37.13793182373047,56.150001525878906,56.70000076293945,55.29999923706055,56.0,6439700
2016-03-07,37.30327606201172,56.400001525878906,56.5,54.83000183105469,55.70000076293945,7741800
2016-03-08,36.588951110839844,55.31999969482422,56.470001220703125,55.22999954223633,56.18000030517578,5303700
2016-03-09,37.29666519165039,56.38999938964844,56.650001525878906,55.040000915527344,55.5099983215332,8402500
2016-03-10,37.19084167480469,56.22999954223633,57.369998931884766,55.31999969482422,56.560001373291016,5627900
2016-03-11,38.18295669555664,57.72999954223633,57.869998931884766,56.349998474121094,56.400001525878906,6537400
2016-03-14,37.83901596069336,57.209999084472656,57.72999954223633,56.970001220703125,57.66999816894531,4650800
2016-03-15,36.78737258911133,55.619998931884766,56.93000030517578,55.130001068115234,56.650001525878906,5779600
2016-03-16,37.243751525878906,56.310001373291016,56.540000915527344,55.25,55.58000183105469,6245400
2016-03-17,36.588951110839844,55.31999969482422,56.459999084472656,54.40999984741211,56.459999084472656,8308800
2016-03-18,37.41571044921875,56.56999969482422,56.599998474121094,54.79999923706055,55.59000015258789,11029800
2016-03-21,37.04532241821289,56.0099983215332,56.779998779296875,55.72999954223633,56.52000045776367,6632900
2016-03-22,38.030818939208984,57.5,57.540000915527344,55.75,55.75,7661600
2016-03-23,37.276817321777344,56.36000061035156,57.5,56.220001220703125,57.15999984741211,5116400
2016-03-24,37.11808395385742,56.119998931884766,56.25,55.66999816894531,56.13999938964844,5278900
2016-03-28,37.11146545410156,56.11000061035156,56.70000076293945,55.79999923706055,56.349998474121094,3803100
2016-03-29,37.73318862915039,57.04999923706055,57.099998474121094,55.220001220703125,56.099998474121094,4567900
2016-03-30,37.70010757446289,57.0,57.529998779296875,56.720001220703125,57.43000030517578,3650300
2016-03-31,37.77947998046875,57.119998931884766,57.459999084472656,56.81999969482422,57.02000045776367,4930300
2016-04-01,37.9779052734375,57.41999816894531,57.56999969482422,56.36000061035156,56.58000183105469,4525700
2016-04-04,39.16183090209961,59.209999084472656,59.400001525878906,57.4900016784668,57.63999938964844,8108100
2016-04-05,38.718685150146484,58.540000915527344,59.560001373291016,58.09000015258789,58.540000915527344,6779400
2016-04-06,39.61158752441406,59.88999938964844,59.900001525878906,58.52000045776367,58.52000045776367,6322800
2016-04-07,39.22134780883789,59.29999923706055,59.900001525878906,58.7599983215332,59.41999816894531,7827600
2016-04-08,38.67238235473633,58.470001220703125,59.79999923706055,58.16999816894531,59.4900016784668,5750000
2016-04-11,38.69222640991211,58.5,59.25,58.25,58.59000015258789,4894000
2016-04-12,39.61158752441406,59.88999938964844,60.04999923706055,58.689998626708984,58.97999954223633,7243700
2016-04-13,39.437957763671875,59.060001373291016,60.0,58.70000076293945,59.869998931884766,7023000
2016-04-14,39.58487319946289,59.279998779296875,59.4900016784668,59.0,59.150001525878906,5185600
2016-04-15,39.73845672607422,59.5099983215332,59.7400016784668,58.779998779296875,59.54999923706055,4660800
2016-04-18,39.98552703857422,59.880001068115234,60.31999969482422,59.29999923706055,59.5,6089400
2016-04-19,40.17918395996094,60.16999816894531,61.22999954223633,59.66999816894531,60.09000015258789,6149300
2016-04-20,40.38618087768555,60.47999954223633,61.11000061035156,59.959999084472656,60.16999816894531,4443600
2016-04-21,40.98049545288086,61.369998931884766,61.43000030517578,60.540000915527344,60.56999969482422,5702400
2016-04-22,41.01386642456055,61.41999816894531,61.9900016784668,60.959999084472656,61.29999923706055,5103000
2016-04-25,40.7133903503418,60.970001220703125,61.29999923706055,60.75,61.130001068115234,4320500
2016-04-26,40.68668746948242,60.93000030517578,61.290000915527344,60.529998779296875,60.959999084472656,4281700
2016-04-27,40.5330924987793,60.70000076293945,61.47999954223633,60.25,60.93000030517578,6679200
2016-04-28,40.86697769165039,61.20000076293945,62.099998474121094,57.529998779296875,58.560001373291016,16235400
2016-04-29,40.73341751098633,61.0,61.45000076293945,60.47999954223633,61.029998779296875,13052700
2016-05-02,41.02722930908203,61.439998626708984,62.0,60.70000076293945,60.790000915527344,9512000
2016-05-03,41.24759292602539,61.77000045776367,62.09000015258789,60.720001220703125,60.9900016784668,9316600
2016-05-04,41.04058837890625,61.459999084472656,61.650001525878906,61.0099983215332,61.29999923706055,8691400
2016-05-05,41.62820816040039,62.34000015258789,62.400001525878906,61.09000015258789,61.40999984741211,8646200
2016-05-06,41.741737365722656,62.5099983215332,62.75,61.650001525878906,62.0,10880700
2016-05-09,42.536380767822266,63.70000076293945,63.869998931884766,62.279998779296875,62.36000061035156,9917400
2016-05-10,42.56308364868164,63.7400016784668,63.7599983215332,63.31999969482422,63.5099983215332,12103400
2016-05-11,41.86860656738281,62.70000076293945,63.83000183105469,62.63999938964844,63.77000045776367,9375200
2016-05-12,41.728389739990234,62.4900016784668,63.06999969482422,62.38999938964844,62.86000061035156,9589500
2016-05-13,41.40118408203125,62.0,62.86000061035156,61.81999969482422,62.150001525878906,7339600
2016-05-16,41.70167541503906,62.45000076293945,62.619998931884766,61.5,61.90999984741211,6707400
2016-05-17,40.232601165771484,60.25,62.790000915527344,58.5,62.439998626708984,31528900
2016-05-18,40.37284851074219,60.459999084472656,60.79999923706055,59.560001373291016,59.869998931884766,10622000
2016-05-19,39.58487319946289,59.279998779296875,60.349998474121094,58.900001525878906,60.060001373291016,9917900
2016-05-20,39.8586540222168,59.689998626708984,60.04999923706055,59.029998779296875,59.630001068115234,11259400
2016-05-23,39.59822463989258,59.29999923706055,59.84000015258789,59.130001068115234,59.75,6468900
2016-05-24,40.5330924987793,60.70000076293945,60.90999984741211,59.52000045776367,59.72999954223633,8888100
2016-05-25,40.88032913208008,61.220001220703125,61.470001220703125,60.790000915527344,61.08000183105469,5857600
2016-05-26,41.33441162109375,61.900001525878906,62.16999816894531,60.900001525878906,61.0,6537100
2016-05-27,41.87528991699219,62.709999084472656,63.20000076293945,61.900001525878906,61.9900016784668,5768000
2016-05-31,42.02220153808594,62.93000030517578,63.4900016784668,62.63999938964844,62.709999084472656,7147900
2016-06-01,41.955421447753906,62.83000183105469,63.16999816894531,62.630001068115234,62.93000030517578,5284400
2016-06-02,43.464569091796875,65.08999633789062,65.1500015258789,62.83000183105469,62.869998931884766,11628000
2016-06-03,43.40446090698242,65.0,65.37000274658203,63.75,64.76000213623047,10621600
2016-06-06,41.94874954223633,62.81999969482422,62.9900016784668,61.869998931884766,62.130001068115234,16403400
2016-06-07,42.135719299316406,63.099998474121094,63.59000015258789,62.29999923706055,62.59000015258789,10980100
2016-06-08,41.220890045166016,61.72999954223633,62.29999923706055,61.369998931884766,62.209999084472656,13173000
2016-06-09,40.56647872924805,60.75,62.16999816894531,60.52000045776367,61.5,11503700
2016-06-10,40.73341751098633,61.0,61.0099983215332,59.720001220703125,59.9900016784668,11052300
2016-06-13,40.018917083740234,59.93000030517578,61.38999938964844,59.849998474121094,60.459999084472656,11673600
2016-06-14,39.99888610839844,59.900001525878906,60.380001068115234,59.15999984741211,59.459999084472656,11560200
2016-06-15,40.33275604248047,60.400001525878906,61.27000045776367,60.0099983215332,60.290000915527344,7739300
2016-06-16,40.66664123535156,60.900001525878906,60.939998626708984,59.90999984741211,59.93000030517578,7011200
2016-06-17,40.07232666015625,60.0099983215332,60.970001220703125,59.56999969482422,60.880001068115234,12574700
2016-06-20,40.13911437988281,60.11000061035156,61.18000030517578,60.060001373291016,60.63999938964844,7076500
2016-06-21,40.05229949951172,59.97999954223633,60.400001525878906,59.75,60.20000076293945,6366500
2016-06-22,40.32609176635742,60.38999938964844,61.18000030517578,59.91999816894531,60.0,6718600
2016-06-23,40.940425872802734,61.310001373291016,61.31999969482422,60.619998931884766,60.86000061035156,5328200
2016-06-24,39.97218322753906,59.86000061035156,60.599998474121094,59.18000030517578,59.2599983215332,9878500
2016-06-27,39.1842155456543,58.68000030517578,59.68000030517578,58.33000183105469,59.380001068115234,7945500
2016-06-28,40.05897903442383,59.9900016784668,60.130001068115234,59.150001525878906,59.279998779296875,9897600
2016-06-29,41.27430725097656,61.810001373291016,62.029998779296875,60.22999954223633,60.58000183105469,9308000
2016-06-30,41.341087341308594,61.90999984741211,62.02000045776367,61.13999938964844,61.790000915527344,7920600
2016-07-01,41.87528991699219,62.709999084472656,63.220001220703125,61.83000183105469,61.97999954223633,6533700
2016-07-05,41.347755432128906,61.91999816894531,62.709999084472656,61.77000045776367,62.5,6293600
2016-07-06,42.316017150878906,63.369998931884766,63.7599983215332,61.79999923706055,61.84000015258789,9202200
2016-07-07,42.356075286865234,63.43000030517578,63.75,63.209999084472656,63.599998474121094,7081900
2016-07-08,42.84354782104492,64.16000366210938,64.4800033569336,62.7400016784668,63.47999954223633,7921700
2016-07-11,42.97042465209961,64.3499984741211,64.98999786376953,64.06999969482422,64.25,9641500
2016-07-12,43.73834228515625,65.5,65.80999755859375,64.31999969482422,64.66999816894531,11870500
2016-07-13,43.63057327270508,64.7699966430664,65.04000091552734,64.25,64.80999755859375,7684200
2016-07-14,42.85588455200195,63.619998931884766,64.13999938964844,62.939998626708984,63.70000076293945,12090100
2016-07-15,42.6538200378418,63.31999969482422,64.16999816894531,63.130001068115234,63.81999969482422,8827500
2016-07-18,42.815486907958984,63.560001373291016,63.77000045776367,63.18000030517578,63.22999954223633,6384800
2016-07-19,42.6538200378418,63.31999969482422,63.970001220703125,63.09000015258789,63.40999984741211,5794500
2016-07-20,42.71445083618164,63.40999984741211,63.900001525878906,63.33000183105469,63.56999969482422,7502800
2016-07-21,43.03777313232422,63.88999938964844,64.0,63.16999816894531,63.22999954223633,6145500
2016-07-22,42.983882904052734,63.810001373291016,64.08999633789062,63.58000183105469,64.0,4972900
2016-07-25,43.32742691040039,64.31999969482422,64.5,63.709999084472656,63.90999984741211,7241200
2016-07-26,43.415000915527344,64.44999694824219,64.7300033569336,63.959999084472656,64.41000366210938,4885200
2016-07-27,43.7181282043457,64.9000015258789,65.11000061035156,64.31999969482422,64.41999816894531,6220400
2016-07-28,43.596893310546875,64.72000122070312,65.05999755859375,63.93000030517578,64.79000091552734,6556100
2016-07-29,44.61405563354492,66.2300033569336,66.4000015258789,65.1500015258789,65.2699966430664,10525000
2016-08-01,45.092323303222656,66.94000244140625,67.08000183105469,66.2300033569336,66.2300033569336,7599000
2016-08-02,44.98454284667969,66.77999877929688,67.05999755859375,66.05000305175781,66.93000030517578,8763200
2016-08-03,44.843074798583984,66.56999969482422,67.0,66.22000122070312,66.80999755859375,6355100
2016-08-04,44.5264778137207,66.0999984741211,66.9800033569336,66.08000183105469,66.58000183105469,4901900
2016-08-05,44.8228759765625,66.54000091552734,66.5999984741211,66.12000274658203,66.1500015258789,5045600
2016-08-08,44.688140869140625,66.33999633789062,66.66999816894531,65.75,66.37999725341797,5309300
2016-08-09,44.9710807800293,66.76000213623047,67.25,66.25,66.33999633789062,5717300
2016-08-10,44.748775482177734,66.43000030517578,66.95999908447266,66.19000244140625,66.69999694824219,4506100
2016-08-11,45.09904479980469,66.94999694824219,67.11000061035156,66.69999694824219,66.86000061035156,4246600
2016-08-12,45.26072692871094,67.19000244140625,67.38999938964844,66.55000305175781,66.86000061035156,5215400
2016-08-15,45.39544677734375,67.38999938964844,68.12000274658203,67.31999969482422,67.47000122070312,5215400
2016-08-16,44.95759963989258,66.73999786376953,67.61000061035156,66.5,67.12999725341797,7147600
2016-08-17,45.01823043823242,66.83000183105469,67.3499984741211,66.3499984741211,66.69000244140625,7945400
2016-08-18,44.977806091308594,66.7699966430664,67.43000030517578,66.55000305175781,66.56999969482422,8205800
2016-08-19,45.20010757446289,67.0999984741211,67.18000030517578,66.51000213623047,66.56999969482422,6709400
2016-08-22,45.13948059082031,67.01000213623047,67.79000091552734,66.91999816894531,67.30999755859375,7884800
2016-08-23,44.573638916015625,66.16999816894531,67.48999786376953,65.98999786376953,67.26000213623047,10227800
2016-08-24,43.82590866088867,65.05999755859375,66.52999877929688,64.83999633789062,66.30999755859375,8551100
2016-08-25,43.596893310546875,64.72000122070312,65.43000030517578,64.2699966430664,65.04000091552734,6379000
2016-08-26,43.52279281616211,64.61000061035156,65.0199966430664,64.20999908447266,64.68000030517578,7041600
2016-08-29,43.455421447753906,64.51000213623047,65.08999633789062,64.19000244140625,64.83999633789062,5099200
2016-08-30,43.21966552734375,64.16000366210938,64.70999908447266,64.11000061035156,64.54000091552734,5531800
2016-08-31,43.17923355102539,64.0999984741211,64.44999694824219,63.5,64.20999908447266,6750000
2016-09-01,43.132076263427734,64.02999877929688,64.13999938964844,63.61000061035156,64.0999984741211,5126700
2016-09-02,43.19271469116211,64.12000274658203,64.4800033569336,63.869998931884766,64.37000274658203,4100800
2016-09-06,43.52279281616211,64.61000061035156,64.9000015258789,64.05000305175781,64.69999694824219,6286300
2016-09-07,43.76527786254883,64.97000122070312,65.13999938964844,64.29000091552734,64.37000274658203,5714300
2016-09-08,43.15229415893555,64.05999755859375,64.1500015258789,63.439998626708984,63.959999084472656,8238800
2016-09-09,42.68075180053711,63.36000061035156,64.0,63.060001373291016,63.220001220703125,8848500
2016-09-12,43.1657600402832,64.08000183105469,64.2300033569336,62.65999984741211,62.97999954223633,6653000
2016-09-13,42.66728591918945,63.34000015258789,64.1500015258789,63.0099983215332,63.65999984741211,7640400
2016-09-14,42.66728591918945,63.34000015258789,63.959999084472656,63.060001373291016,63.40999984741211,5890000
2016-09-15,42.67401123046875,63.349998474121094,63.81999969482422,62.91999816894531,63.16999816894531,7806800
2016-09-16,42.62013626098633,63.27000045776367,63.790000915527344,63.16999816894531,63.529998779296875,11165300
2016-09-19,42.37763214111328,62.90999984741211,63.709999084472656,62.83000183105469,63.619998931884766,7903500
2016-09-20,42.62686538696289,63.279998779296875,63.54999923706055,62.7599983215332,63.36000061035156,4826500
2016-09-21,43.17923355102539,64.0999984741211,64.25,63.20000076293945,63.4900016784668,7587400
2016-09-22,43.839385986328125,65.08000183105469,65.19999694824219,64.08000183105469,64.12000274658203,5416100
2016-09-23,43.772029876708984,64.9800033569336,65.33000183105469,64.75,65.05000305175781,5154200
2016-09-26,43.159019470214844,64.06999969482422,64.87999725341797,64.0199966430664,64.5199966430664,5567700
2016-09-27,43.495849609375,64.56999969482422,64.75,63.689998626708984,63.95000076293945,4358300
2016-09-28,43.26007080078125,64.22000122070312,64.94000244140625,63.88999938964844,64.94000244140625,5645600
2016-09-29,42.3170051574707,62.81999969482422,64.30999755859375,62.79999923706055,64.30000305175781,6431200
2016-09-30,42.485408782958984,63.06999969482422,63.2599983215332,62.45000076293945,62.66999816894531,7325400
2016-10-03,42.59317398071289,63.22999954223633,63.290000915527344,62.25,63.02000045776367,4239600
2016-10-04,42.438255310058594,63.0,63.529998779296875,62.54999923706055,63.310001373291016,4719400
2016-10-05,42.70096969604492,63.38999938964844,63.75,63.0,63.08000183105469,4442500
2016-10-06,42.32373046875,62.83000183105469,63.209999084472656,62.560001373291016,63.15999984741211,4446100
2016-10-07,42.39109420776367,62.93000030517578,63.58000183105469,62.5,63.099998474121094,3812700
2016-10-10,42.64707946777344,63.310001373291016,63.65999984741211,62.91999816894531,63.06999969482422,3135300
2016-10-11,42.0273323059082,62.38999938964844,63.2599983215332,62.04999923706055,63.08000183105469,5308400
2016-10-12,41.61265182495117,61.209999084472656,62.22999954223633,61.02000045776367,62.0,4563800
2016-10-13,41.57184600830078,61.150001525878906,61.61000061035156,60.68000030517578,60.959999084472656,5988600
2016-10-14,40.90561294555664,60.16999816894531,61.52000045776367,60.150001525878906,61.45000076293945,5606500
2016-10-17,40.88522720336914,60.13999938964844,60.709999084472656,59.86000061035156,60.099998474121094,6138700
2016-10-18,41.843780517578125,61.54999923706055,61.619998931884766,60.400001525878906,60.619998931884766,6655100
2016-10-19,41.762210845947266,61.43000030517578,62.15999984741211,61.16999816894531,62.040000915527344,5588900
2016-10-20,41.986549377441406,61.7599983215332,61.97999954223633,61.33000183105469,61.45000076293945,4391300
2016-10-21,41.4562873840332,60.97999954223633,61.439998626708984,60.650001525878906,61.380001068115234,4341700
2016-10-24,41.55146026611328,61.119998931884766,61.68000030517578,61.02000045776367,61.130001068115234,3934800
2016-10-25,41.843780517578125,61.54999923706055,61.65999984741211,60.95000076293945,61.060001373291016,6432800
2016-10-26,41.48347473144531,61.02000045776367,61.709999084472656,60.709999084472656,61.5099983215332,4560800
2016-10-27,41.78260803222656,61.459999084472656,61.720001220703125,60.599998474121094,61.45000076293945,6612500
2016-10-28,39.1584358215332,57.599998474121094,58.38999938964844,55.060001373291016,57.54999923706055,24865300
2016-10-31,37.921142578125,55.779998779296875,57.29999923706055,55.720001220703125,57.060001373291016,14185800
2016-11-01,38.37663269042969,56.45000076293945,56.61000061035156,55.68000030517578,56.0,9799400
2016-11-02,38.6077766418457,56.790000915527344,57.189998626708984,56.400001525878906,56.459999084472656,9746200
2016-11-03,37.99592590332031,55.88999938964844,57.290000915527344,55.849998474121094,57.119998931884766,9842600
2016-11-04,38.097896575927734,56.040000915527344,56.869998931884766,55.869998931884766,56.06999969482422,11187000
2016-11-07,40.04902648925781,58.90999984741211,61.15999984741211,56.63999938964844,56.810001373291016,17763100
2016-11-08,39.98103713989258,58.810001373291016,59.61000061035156,58.029998779296875,58.79999923706055,9353200
2016-11-09,42.584808349609375,62.63999938964844,64.69000244140625,60.40999984741211,64.0999984741211,18694000
2016-11-10,43.509376525878906,64.0,65.05000305175781,62.790000915527344,63.060001373291016,15948700
2016-11-11,42.89753341674805,63.099998474121094,63.849998474121094,62.790000915527344,63.540000915527344,10201600
2016-11-14,42.80915069580078,62.970001220703125,63.63999938964844,62.25,63.400001525878906,8315700
2016-11-15,42.74115753173828,62.869998931884766,63.38999938964844,61.97999954223633,63.38999938964844,5610300
2016-11-16,41.83699417114258,61.540000915527344,62.970001220703125,61.41999816894531,62.66999816894531,6571200
2016-11-17,41.94575881958008,61.70000076293945,61.9900016784668,61.130001068115234,61.75,4879500
2016-11-18,41.1435546875,60.52000045776367,62.13999938964844,60.38999938964844,61.650001525878906,7023200
2016-11-21,41.07556915283203,60.41999816894531,60.79999923706055,60.20000076293945,60.70000076293945,6328300
2016-11-22,40.062618255615234,58.93000030517578,60.560001373291016,58.61000061035156,60.4900016784668,8518600
2016-11-23,40.912410736083984,60.18000030517578,60.380001068115234,58.599998474121094,58.810001373291016,5546600
2016-11-25,41.13675308227539,60.5099983215332,60.66999816894531,59.66999816894531,60.040000915527344,2941600
2016-11-28,40.42292404174805,59.459999084472656,59.939998626708984,59.0099983215332,59.130001068115234,6274600
2016-11-29,41.87099075317383,61.59000015258789,62.099998474121094,59.52000045776367,59.70000076293945,11858800
2016-11-30,41.33391189575195,60.79999923706055,61.84000015258789,60.630001068115234,61.630001068115234,9025200
2016-12-01,40.21897506713867,59.15999984741211,60.83000183105469,58.75,60.83000183105469,8266200
2016-12-02,40.40253448486328,59.43000030517578,60.0,58.95000076293945,59.189998626708984,8020700
2016-12-05,41.374698638916016,60.86000061035156,61.220001220703125,59.56999969482422,59.599998474121094,10227700
2016-12-06,41.89137649536133,61.619998931884766,61.720001220703125,60.33000183105469,60.7599983215332,7610400
2016-12-07,40.783241271972656,59.9900016784668,60.650001525878906,58.79999923706055,60.2599983215332,13095600
2016-12-08,41.40190505981445,60.900001525878906,60.97999954223633,59.09000015258789,60.02000045776367,9192300
2016-12-09,41.83699417114258,61.540000915527344,61.93000030517578,60.91999816894531,61.189998626708984,7102900
2016-12-12,42.176910400390625,62.040000915527344,62.45000076293945,61.5099983215332,61.529998779296875,5984500
2016-12-13,42.14291000366211,61.9900016784668,62.439998626708984,61.36000061035156,62.33000183105469,8599600
2016-12-14,41.92536163330078,61.66999816894531,62.29999923706055,61.5099983215332,61.54999923706055,5115700
2016-12-15,42.163307189941406,62.02000045776367,62.11000061035156,61.54999923706055,61.79999923706055,6416900
2016-12-16,42.29927062988281,62.220001220703125,62.4900016784668,61.83000183105469,62.119998931884766,10555800
2016-12-19,42.29927062988281,62.220001220703125,63.33000183105469,62.119998931884766,62.369998931884766,5976800
2016-12-20,42.25847625732422,62.15999984741211,62.709999084472656,61.75,62.34000015258789,5751800
2016-12-21,41.77579879760742,61.45000076293945,62.40999984741211,61.43000030517578,62.22999954223633,5498700
2016-12-22,41.91857147216797,61.65999984741211,61.91999816894531,61.349998474121094,61.58000183105469,5626000
2016-12-23,42.380855560302734,62.34000015258789,62.400001525878906,61.470001220703125,61.779998779296875,4795900
2016-12-27,42.489627838134766,62.5,63.02000045776367,62.40999984741211,62.52000045776367,5396200
2016-12-28,42.33327102661133,62.27000045776367,62.75,62.25,62.5099983215332,5190400
2016-12-29,42.645992279052734,62.72999954223633,63.060001373291016,62.38999938964844,62.38999938964844,4990000
2016-12-30,42.57122039794922,62.619998931884766,62.93000030517578,62.40999984741211,62.72999954223633,5999200
2017-01-03,42.42844009399414,62.40999984741211,63.029998779296875,61.939998626708984,62.91999816894531,9328200
2017-01-04,43.02669906616211,63.290000915527344,63.79999923706055,62.63999938964844,62.63999938964844,8674800
2017-01-05,43.353023529052734,63.77000045776367,63.95000076293945,63.029998779296875,63.380001068115234,5359400
2017-01-06,43.36661148071289,63.790000915527344,64.0,63.52000045776367,63.880001068115234,4722300
2017-01-09,43.65214920043945,64.20999908447266,64.37999725341797,63.75,63.79999923706055,8794500
2017-01-10,43.55696105957031,64.06999969482422,64.5,63.77000045776367,64.05000305175781,6523500
2017-01-11,41.98443603515625,61.13999938964844,63.650001525878906,60.59000015258789,63.380001068115234,13565200
2017-01-12,42.08058547973633,61.279998779296875,61.43000030517578,60.41999816894531,60.77000045776367,8194400
2017-01-13,42.56813430786133,61.9900016784668,62.40999984741211,61.04999923706055,61.349998474121094,7295100
2017-01-17,42.47886276245117,61.86000061035156,62.040000915527344,61.099998474121094,61.75,8446700
2017-01-18,42.34151840209961,61.65999984741211,62.13999938964844,61.31999969482422,61.7599983215332,5519400
2017-01-19,42.14925765991211,61.380001068115234,61.880001068115234,61.119998931884766,61.45000076293945,5384200
2017-01-20,41.991302490234375,61.150001525878906,61.77000045776367,61.08000183105469,61.40999984741211,6730000
2017-01-23,41.86083221435547,60.959999084472656,61.2599983215332,60.68000030517578,61.02000045776367,5244700
2017-01-24,41.59989929199219,60.58000183105469,60.93000030517578,59.66999816894531,60.90999984741211,6642000
2017-01-25,42.14925765991211,61.380001068115234,61.630001068115234,60.34000015258789,60.599998474121094,8052800
2017-01-26,42.073707580566406,61.27000045776367,61.900001525878906,61.06999969482422,61.15999984741211,7765300
2017-01-27,41.20161056518555,60.0,61.25,59.52000045776367,60.0,14151200
2017-01-30,41.49689483642578,60.43000030517578,60.470001220703125,59.27000045776367,59.90999984741211,7792700
2017-01-31,41.96384811401367,61.11000061035156,61.31999969482422,59.75,60.0099983215332,8149800
2017-02-01,41.81276321411133,60.88999938964844,61.099998474121094,60.27000045776367,61.06999969482422,5888700
2017-02-02,41.81276321411133,60.88999938964844,61.119998931884766,60.47999954223633,60.650001525878906,5365300
2017-02-03,41.66169738769531,60.66999816894531,61.060001373291016,60.439998626708984,60.900001525878906,6470300
2017-02-06,41.6479606628418,60.650001525878906,60.970001220703125,60.349998474121094,60.5099983215332,5358100
2017-02-07,41.58616256713867,60.560001373291016,60.869998931884766,60.400001525878906,60.650001525878906,4210300
2017-02-08,41.558685302734375,60.52000045776367,61.02000045776367,60.04999923706055,60.13999938964844,5357800
2017-02-09,41.77842330932617,60.84000015258789,61.0,60.41999816894531,60.52000045776367,4324600
2017-02-10,41.49001693725586,60.41999816894531,61.0,60.27000045776367,60.849998474121094,5749200
2017-02-13,41.551822662353516,60.5099983215332,60.86000061035156,60.43000030517578,60.58000183105469,6396000
2017-02-14,41.76469802856445,60.81999969482422,60.97999954223633,60.150001525878906,60.439998626708984,13562200
2017-02-15,42.334659576416016,61.650001525878906,61.84000015258789,60.400001525878906,60.91999816894531,8927600
2017-02-16,42.21791458129883,61.47999954223633,61.90999984741211,60.810001373291016,61.66999816894531,5662000
2017-02-17,42.41706085205078,61.77000045776367,62.08000183105469,61.16999816894531,61.540000915527344,8124400
2017-02-21,42.45825958251953,61.83000183105469,62.11000061035156,61.5,61.84000015258789,8503500
2017-02-22,42.1355094909668,61.36000061035156,61.95000076293945,61.29999923706055,61.720001220703125,6422200
2017-02-23,42.53379440307617,61.939998626708984,62.2400016784668,61.45000076293945,61.68000030517578,8057700
2017-02-24,42.63679122924805,62.09000015258789,62.22999954223633,61.4900016784668,61.91999816894531,6536400
2017-02-27,42.72607421875,62.220001220703125,62.369998931884766,61.68000030517578,62.02000045776367,5214100
2017-02-28,42.46512222290039,61.84000015258789,62.400001525878906,61.689998626708984,62.11000061035156,6756100
2017-03-01,43.14493942260742,62.83000183105469,62.93000030517578,61.95000076293945,62.15999984741211,7737400
2017-03-02,43.43335723876953,63.25,63.599998474121094,62.599998474121094,62.779998779296875,8190000
2017-03-03,43.49516677856445,63.34000015258789,63.529998779296875,62.83000183105469,63.11000061035156,6125800
2017-03-06,43.639366149902344,63.54999923706055,63.849998474121094,62.880001068115234,63.0,6837000
2017-03-07,43.73550033569336,63.689998626708984,64.13999938964844,62.970001220703125,63.13999938964844,9638000
2017-03-08,44.04452133178711,64.13999938964844,64.68000030517578,63.5,63.75,7049700
2017-03-09,44.2917366027832,64.5,64.72000122070312,64.05000305175781,64.13999938964844,6957000
2017-03-10,45.23936462402344,65.87999725341797,66.44999694824219,65.11000061035156,65.30000305175781,12788100
2017-03-13,45.2187614440918,65.8499984741211,65.94000244140625,65.30000305175781,65.87000274658203,7577400
2017-03-14,45.09515380859375,65.66999816894531,66.05000305175781,65.5999984741211,65.87999725341797,3727200
2017-03-15,45.69945526123047,66.55000305175781,66.79000091552734,65.68000030517578,65.69999694824219,5241200
2017-03-16,45.25310516357422,65.9000015258789,66.44999694824219,65.55000305175781,66.4000015258789,5162800
2017-03-17,45.10889434814453,65.69000244140625,66.08999633789062,65.5,66.04000091552734,11288000
2017-03-20,45.18442916870117,65.80000305175781,66.01000213623047,65.55999755859375,65.77999877929688,4252100
2017-03-21,44.87541580200195,65.3499984741211,66.0,65.04000091552734,65.95999908447266,5187400
2017-03-22,44.99215316772461,65.5199966430664,65.7300033569336,65.0999984741211,65.37999725341797,5662600
2017-03-23,45.08143615722656,65.6500015258789,66.06999969482422,65.36000061035156,65.5199966430664,4099500
2017-03-24,45.060813903808594,65.62000274658203,66.11000061035156,65.31999969482422,65.51000213623047,4056300
2017-03-27,45.39043045043945,66.0999984741211,66.27999877929688,65.23999786376953,65.37000274658203,4962300
2017-03-28,45.30803680419922,65.9800033569336,66.20999908447266,65.63999938964844,65.95999908447266,5067400
2017-03-29,45.1638298034668,65.7699966430664,66.2699966430664,65.68000030517578,65.94999694824219,3649900
2017-03-30,44.95095443725586,65.45999908447266,65.81999969482422,65.25,65.76000213623047,3749600
2017-03-31,44.74494934082031,65.16000366210938,65.5199966430664,65.1500015258789,65.45999908447266,4057800
2017-04-03,44.655677795410156,65.02999877929688,65.58999633789062,64.87999725341797,65.23999786376953,5229600
2017-04-04,44.71060562133789,65.11000061035156,65.30000305175781,64.83000183105469,65.12000274658203,3457900
2017-04-05,44.60761260986328,64.95999908447266,65.76000213623047,64.86000061035156,65.2300033569336,4396300
2017-04-06,44.69001388549805,65.08000183105469,65.19000244140625,64.6500015258789,65.02999877929688,4628400
2017-04-07,45.00588607788086,65.54000091552734,65.93000030517578,64.83000183105469,65.05999755859375,6089300
2017-04-10,44.61448287963867,64.97000122070312,65.77999877929688,64.91000366210938,65.5,7136200
2017-04-11,44.51045227050781,64.18000030517578,64.43000030517578,63.31999969482422,64.43000030517578,5404500
2017-04-12,44.6422233581543,64.37000274658203,64.41000366210938,63.66999816894531,64.16999816894531,6122000
2017-04-13,44.475772857666016,64.12999725341797,64.72000122070312,64.08000183105469,64.23999786376953,3896700
2017-04-17,44.6005973815918,64.30999755859375,64.97000122070312,64.05999755859375,64.79000091552734,4189500
2017-04-18,44.14287567138672,63.650001525878906,64.08000183105469,63.119998931884766,64.02999877929688,4755800
2017-04-19,44.004173278808594,63.45000076293945,63.93000030517578,63.310001373291016,63.900001525878906,4057100
2017-04-20,44.233028411865234,63.779998779296875,64.0,63.290000915527344,63.720001220703125,5708600
2017-04-21,44.260780334472656,63.81999969482422,64.29000091552734,63.54999923706055,63.7599983215332,4154900
2017-04-24,44.84334182739258,64.66000366210938,65.16000366210938,64.26000213623047,64.4000015258789,7121000
2017-04-25,45.14848327636719,65.0999984741211,65.62999725341797,64.81999969482422,64.94000244140625,5352900
2017-04-26,45.10688400268555,65.04000091552734,65.91999816894531,65.0199966430664,65.19000244140625,5008900
2017-04-27,45.82120895385742,66.06999969482422,67.5,65.12000274658203,65.44999694824219,11692900
2017-04-28,45.73105239868164,65.94000244140625,66.31999969482422,65.44000244140625,66.05999755859375,5521100
2017-05-01,46.10555648803711,66.4800033569336,66.66999816894531,65.94000244140625,66.0,4575800
2017-05-02,46.20957946777344,66.62999725341797,66.68000030517578,66.18000030517578,66.51000213623047,4342800
2017-05-03,46.28587341308594,66.73999786376953,66.87999725341797,66.20999908447266,66.44999694824219,4993400
2017-05-04,46.62568664550781,67.2300033569336,67.4000015258789,66.62000274658203,66.73999786376953,4287400
2017-05-05,46.45924377441406,66.98999786376953,67.22000122070312,66.31999969482422,67.19000244140625,4587800
2017-05-08,45.918312072753906,66.20999908447266,66.94999694824219,66.13999938964844,66.94000244140625,4497400
2017-05-09,45.890567779541016,66.16999816894531,66.94999694824219,65.86000061035156,66.19999694824219,4395200
2017-05-10,45.758785247802734,65.9800033569336,66.2300033569336,65.36000061035156,66.16000366210938,5140200
2017-05-11,45.287193298339844,65.30000305175781,65.95999908447266,64.66000366210938,65.9000015258789,7853800
2017-05-12,45.81427764892578,66.05999755859375,66.19000244140625,65.20999908447266,65.2699966430664,6093500
2017-05-15,46.237327575683594,66.66999816894531,66.8499984741211,65.94999694824219,66.06999969482422,8527900
2017-05-16,46.36215591430664,66.8499984741211,66.91999816894531,66.33000183105469,66.7300033569336,6313500
2017-05-17,45.33574295043945,65.37000274658203,66.8499984741211,64.61000061035156,66.8499984741211,12771400
2017-05-18,45.516048431396484,65.62999725341797,66.0999984741211,65.19999694824219,65.37000274658203,6001000
2017-05-19,45.48138427734375,65.58000183105469,66.01000213623047,65.30999755859375,65.73999786376953,6731800
2017-05-22,45.38429260253906,65.44000244140625,65.62000274658203,64.80000305175781,65.55000305175781,5541700
2017-05-23,45.66169738769531,65.83999633789062,66.26000213623047,65.43000030517578,65.44000244140625,4676500
2017-05-24,45.72412109375,65.93000030517578,66.12000274658203,65.56999969482422,65.79000091552734,3174600
2017-05-25,45.99459457397461,66.31999969482422,66.56999969482422,65.80000305175781,66.05999755859375,4058300
2017-05-26,45.81427764892578,66.05999755859375,66.41000366210938,65.8499984741211,66.13999938964844,4083000
2017-05-30,45.786529541015625,66.0199966430664,66.19999694824219,65.80999755859375,65.88999938964844,4803900
2017-05-31,45.786529541015625,66.0199966430664,66.41000366210938,65.61000061035156,66.23999786376953,6935800
2017-06-01,46.26506042480469,66.70999908447266,66.72000122070312,66.12000274658203,66.26000213623047,4554700
2017-06-02,46.63956832885742,67.25,67.30999755859375,66.62000274658203,66.80999755859375,5646000
2017-06-05,46.81989669799805,67.51000213623047,67.86000061035156,66.87999725341797,67.25,4918100
2017-06-06,47.069557189941406,67.87000274658203,68.0999984741211,67.37000274658203,67.4800033569336,5494500
2017-06-07,47.679840087890625,68.75,69.31999969482422,68.01000213623047,68.01000213623047,8406300
2017-06-08,47.686798095703125,68.76000213623047,69.05000305175781,68.33000183105469,68.75,6082500
2017-06-09,48.31789779663086,69.66999816894531,69.83000183105469,68.72000122070312,68.80000305175781,6159800
2017-06-12,48.22079849243164,69.52999877929688,69.9000015258789,69.25,69.79000091552734,6084300
2017-06-13,48.31789779663086,69.66999816894531,70.02999877929688,69.41999816894531,69.62000274658203,5269000
2017-06-14,48.90739440917969,70.5199966430664,70.79000091552734,69.37000274658203,69.4800033569336,6639100
2017-06-15,48.96288299560547,70.5999984741211,70.6500015258789,69.87999725341797,70.33999633789062,4682700
2017-06-16,49.27497100830078,71.05000305175781,71.12000274658203,70.48999786376953,70.80000305175781,9342300
2017-06-19,49.476097106933594,71.33999633789062,71.58999633789062,70.94000244140625,71.11000061035156,6396300
2017-06-20,49.392860412597656,71.22000122070312,71.80999755859375,71.16000366210938,71.44000244140625,6542800
2017-06-21,49.476097106933594,71.33999633789062,71.69999694824219,71.05000305175781,71.11000061035156,6096800
2017-06-22,50.752174377441406,73.18000030517578,73.66999816894531,71.41000366210938,71.48999786376953,9998900
2017-06-23,50.377685546875,72.63999938964844,73.48999786376953,72.26000213623047,73.19999694824219,7064500
2017-06-26,50.447021484375,72.73999786376953,72.94000244140625,72.41000366210938,72.79000091552734,4019500
2017-06-27,50.20428466796875,72.38999938964844,73.05999755859375,72.25,72.69999694824219,4490600
2017-06-28,50.57185363769531,72.91999816894531,73.54000091552734,72.58000183105469,72.72000122070312,4196200
2017-06-29,50.26670455932617,72.4800033569336,73.16999816894531,71.91000366210938,73.1500015258789,4444700
2017-06-30,50.287506103515625,72.51000213623047,72.81999969482422,72.20999908447266,72.56999969482422,4729100
2017-07-03,50.2250862121582,72.41999816894531,72.98999786376953,72.37000274658203,72.76000213623047,2570700
2017-07-05,50.26670455932617,72.4800033569336,72.73999786376953,71.98999786376953,72.4800033569336,4751900
2017-07-06,49.74656677246094,71.7300033569336,72.44999694824219,71.41000366210938,72.23999786376953,4372100
2017-07-07,49.954612731933594,72.02999877929688,72.11000061035156,71.62999725341797,72.11000061035156,4333700
2017-07-10,49.8159294128418,71.83000183105469,72.22000122070312,71.58000183105469,71.80000305175781,3158300
2017-07-11,49.82284927368164,71.83999633789062,72.16999816894531,71.33000183105469,71.88999938964844,3535100
2017-07-12,50.29867935180664,71.87999725341797,72.12999725341797,71.30000305175781,71.51000213623047,4860200
2017-07-13,50.823509216308594,72.62999725341797,72.9000015258789,71.66999816894531,71.94000244140625,5189800
2017-07-14,51.159393310546875,73.11000061035156,73.2300033569336,72.51000213623047,72.62000274658203,4335700
2017-07-17,50.87248229980469,72.69999694824219,73.47000122070312,72.69000244140625,73.0999984741211,3461600
2017-07-18,50.543601989746094,72.2300033569336,72.86000061035156,71.75,72.62999725341797,5269100
2017-07-19,50.92146682739258,72.7699966430664,72.7699966430664,72.0199966430664,72.4800033569336,3904100
2017-07-20,51.789161682128906,74.01000213623047,74.22000122070312,72.94000244140625,72.98999786376953,5329700
2017-07-21,52.2230224609375,74.62999725341797,75.04000091552734,73.8499984741211,73.9800033569336,4961500
2017-07-24,51.71919631958008,73.91000366210938,74.75,73.83999633789062,74.62999725341797,5497800
2017-07-25,50.74653244018555,72.5199966430664,74.55000305175781,72.47000122070312,74.4000015258789,6354200
2017-07-26,50.795494079589844,72.58999633789062,72.69000244140625,71.94999694824219,72.37000274658203,4877000
2017-07-27,50.193729400634766,71.7300033569336,72.80000305175781,70.87999725341797,72.77999877929688,7389300
2017-07-28,49.29104232788086,70.44000244140625,72.44000244140625,69.37999725341797,71.63999938964844,8012400
2017-07-31,48.9201545715332,69.91000366210938,70.58000183105469,69.83000183105469,70.5199966430664,7770400
2017-08-01,49.24904251098633,70.37999725341797,70.83999633789062,69.8499984741211,70.02999877929688,6681700
2017-08-02,49.4799690246582,70.70999908447266,70.73999786376953,69.93000030517578,70.25,4922200
2017-08-03,49.675899505615234,70.98999786376953,71.01000213623047,70.36000061035156,70.61000061035156,4400400
2017-08-04,49.675899505615234,70.98999786376953,71.37000274658203,70.3499984741211,71.16999816894531,4732500
2017-08-07,49.836849212646484,71.22000122070312,71.2300033569336,70.63999938964844,70.94000244140625,3551100
2017-08-08,50.01179122924805,71.47000122070312,71.91000366210938,71.01000213623047,71.33000183105469,4398000
2017-08-09,50.39664840698242,72.0199966430664,72.13999938964844,71.0999984741211,71.26000213623047,4536300
2017-08-10,49.29104232788086,70.44000244140625,72.19000244140625,70.38999938964844,72.01000213623047,5940300
2017-08-11,49.42399597167969,70.62999725341797,71.01000213623047,70.43000030517578,70.73999786376953,3248300
2017-08-14,49.55693435668945,70.81999969482422,71.29000091552734,70.69999694824219,71.2300033569336,2648800
2017-08-15,49.22105407714844,70.33999633789062,71.13999938964844,70.27999877929688,71.08000183105469,3724100
2017-08-16,49.277034759521484,70.41999816894531,70.75,70.11000061035156,70.48999786376953,4751600
2017-08-17,48.878173828125,69.8499984741211,70.68000030517578,69.83000183105469,70.5999984741211,5086000
2017-08-18,48.95515060424805,69.95999908447266,70.44000244140625,69.47000122070312,69.5199966430664,4016400
2017-08-21,49.47297668457031,70.69999694824219,70.83000183105469,69.91000366210938,69.91999816894531,4666400
2017-08-22,50.20772171020508,71.75,71.87999725341797,70.76000213623047,70.91000366210938,3589000
2017-08-23,50.046775817871094,71.5199966430664,71.9000015258789,71.2699966430664,71.29000091552734,3071300
2017-08-24,50.45963668823242,72.11000061035156,72.30999755859375,71.4000015258789,71.72000122070312,4088300
2017-08-25,50.71854019165039,72.4800033569336,72.77999877929688,72.20999908447266,72.22000122070312,3871200
2017-08-28,51.306331634521484,73.31999969482422,73.56999969482422,72.55999755859375,72.66999816894531,4574400
2017-08-29,51.7051887512207,73.88999938964844,73.9000015258789,72.77999877929688,72.77999877929688,3390800
2017-08-30,51.7261962890625,73.91999816894531,74.18000030517578,73.58000183105469,73.62000274658203,3189100
2017-08-31,52.69186019897461,75.30000305175781,75.4000015258789,73.91999816894531,74.11000061035156,6177600
2017-09-01,52.775814056396484,75.41999816894531,76.0,75.26000213623047,75.58999633789062,3831700
2017-09-05,52.65687561035156,75.25,75.58000183105469,74.7300033569336,75.38999938964844,6309100
2017-09-06,53.91644287109375,77.05000305175781,77.45999908447266,75.3499984741211,75.61000061035156,7755200
2017-09-07,57.22630310058594,81.77999877929688,82.44999694824219,77.0,77.29000091552734,15377300
2017-09-08,59.717430114746094,85.33999633789062,86.08999633789062,81.11000061035156,81.29000091552734,14809100
2017-09-11,60.87904739379883,87.0,87.0999984741211,84.37999725341797,84.45999908447266,12687000
2017-09-12,61.40385437011719,87.75,87.97000122070312,86.5,86.97000122070312,11155600
2017-09-13,61.90769958496094,88.47000122070312,88.83999633789062,87.41999816894531,87.58000183105469,9172200
2017-09-14,62.4325065612793,89.22000122070312,89.31999969482422,88.1500015258789,88.2300033569336,10272200
2017-09-15,61.137935638427734,87.37000274658203,89.69000244140625,86.5199966430664,89.38999938964844,20441500
2017-09-18,59.70344161987305,85.31999969482422,87.80999755859375,85.08000183105469,87.47000122070312,9656700
2017-09-19,60.43818664550781,86.37000274658203,86.66000366210938,85.37999725341797,85.54000091552734,7786400
2017-09-20,61.16595458984375,87.41000366210938,87.4800033569336,86.25,86.4000015258789,6559400
2017-09-21,61.16595458984375,87.41000366210938,87.69999694824219,86.66999816894531,87.36000061035156,7340300
2017-09-22,61.21494674682617,87.4800033569336,87.75,86.7699966430664,87.22000122070312,6807000
2017-09-25,60.57814407348633,86.56999969482422,87.77999877929688,86.4000015258789,86.91999816894531,8287000
2017-09-26,59.72444534301758,85.3499984741211,86.91000366210938,85.16000366210938,86.3499984741211,5862400
2017-09-27,59.304595947265625,84.75,85.38999938964844,83.19000244140625,85.3499984741211,6581200
2017-09-28,62.25056838989258,88.95999908447266,90.94999694824219,86.37999725341797,86.66999816894531,14809300
2017-09-29,62.18059539794922,88.86000061035156,89.3499984741211,87.66999816894531,88.69000244140625,6769400
2017-10-02,63.251224517822266,90.38999938964844,90.41000366210938,88.91000366210938,89.73999786376953,6600100
2017-10-03,62.76837158203125,89.69999694824219,90.63999938964844,89.0199966430664,90.44000244140625,4286900
2017-10-04,62.908321380615234,89.9000015258789,90.44000244140625,89.30999755859375,89.5199966430664,3251200
2017-10-05,63.10429000854492,90.18000030517578,90.55999755859375,89.4800033569336,89.69000244140625,4382900
2017-10-06,63.32120895385742,90.48999786376953,91.33000183105469,89.94999694824219,90.19999694824219,3461800
2017-10-09,63.52411651611328,90.77999877929688,91.19000244140625,90.1500015258789,90.56999969482422,4331500
2017-10-10,63.797035217285156,91.16999816894531,91.22000122070312,89.69999694824219,90.70999908447266,3560200
2017-10-11,64.64373779296875,92.37999725341797,92.61000061035156,90.97000122070312,91.47000122070312,6298500
2017-10-12,64.41828155517578,91.41999816894531,91.98999786376953,90.91000366210938,91.7699966430664,4818200
2017-10-13,63.88977813720703,90.66999816894531,91.8499984741211,90.54000091552734,91.41000366210938,6803900
2017-10-16,64.1505126953125,91.04000091552734,91.98999786376953,90.55999755859375,91.01000213623047,4640300
2017-10-17,64.94673919677734,92.16999816894531,92.77999877929688,90.94999694824219,91.08999633789062,5280500
2017-10-18,67.6737060546875,96.04000091552734,96.44000244140625,92.19999694824219,92.3499984741211,10979700
2017-10-19,67.98373413085938,96.4800033569336,96.62000274658203,94.51000213623047,95.5,9303700
2017-10-20,67.71598052978516,96.0999984741211,98.26000213623047,94.88999938964844,96.77999877929688,6882600
2017-10-23,66.59558868408203,94.51000213623047,96.0,94.44999694824219,95.93000030517578,4483900
2017-10-24,64.6085205078125,91.69000244140625,94.13999938964844,90.7699966430664,94.0,10301100
2017-10-25,64.66487884521484,91.7699966430664,92.08000183105469,90.7300033569336,91.77999877929688,6924800
2017-10-26,63.10762405395508,89.55999755859375,91.86000061035156,85.23999786376953,91.86000061035156,10307500
2017-10-27,64.77762603759766,91.93000030517578,94.97000122070312,90.75,92.69999694824219,9066300
2017-10-30,64.0941390991211,90.95999908447266,92.05999755859375,88.91000366210938,91.69999694824219,6526200
2017-10-31,63.593833923339844,90.25,91.81999969482422,90.04000091552734,90.87999725341797,7065600
2017-11-01,65.13701629638672,92.44000244140625,93.33999633789062,90.2699966430664,90.77999877929688,7048800
2017-11-02,64.13642120361328,91.0199966430664,92.33999633789062,90.19000244140625,92.08000183105469,4981900
2017-11-03,65.04540252685547,92.30999755859375,92.55999755859375,90.91000366210938,91.30000305175781,3620800
2017-11-06,65.50338745117188,92.95999908447266,93.58000183105469,91.41999816894531,92.22000122070312,5633600
2017-11-07,66.20806121826172,93.95999908447266,95.68000030517578,92.95999908447266,92.9800033569336,7014000
2017-11-08,67.44117736816406,95.70999908447266,96.37000274658203,93.83999633789062,94.30999755859375,6802600
2017-11-09,67.56800079345703,95.88999938964844,96.37000274658203,95.26000213623047,95.29000091552734,5187000
2017-11-10,67.2438735961914,95.43000030517578,95.94000244140625,93.55999755859375,95.3499984741211,6170100
2017-11-13,67.02542877197266,95.12000274658203,95.41999816894531,94.04000091552734,95.37000274658203,4035700
2017-11-14,66.76470184326172,94.75,94.91000366210938,93.12000274658203,94.63999938964844,4717300
2017-11-15,66.06713104248047,93.76000213623047,94.69999694824219,92.72000122070312,94.62999725341797,4745700
2017-11-16,66.56742095947266,94.47000122070312,95.16999816894531,93.27999877929688,94.44000244140625,4301600
2017-11-17,65.96141815185547,93.61000061035156,94.48999786376953,93.56999969482422,93.80000305175781,3386400
2017-11-20,65.95439910888672,93.5999984741211,94.30999755859375,92.88999938964844,93.91999816894531,4352200
2017-11-21,66.71537780761719,94.68000030517578,95.4000015258789,93.5999984741211,93.69999694824219,4346200
2017-11-22,66.56742095947266,94.47000122070312,95.4000015258789,94.22000122070312,94.69000244140625,2560700
2017-11-24,66.74358367919922,94.72000122070312,94.97000122070312,93.55000305175781,94.0,1932900
2017-11-27,67.23680877685547,95.41999816894531,95.62999725341797,94.44000244140625,94.69000244140625,3044600
2017-11-28,67.23680877685547,95.41999816894531,96.88999938964844,94.83000183105469,95.94000244140625,5105400
2017-11-29,67.51868438720703,95.81999969482422,96.3499984741211,95.02999877929688,95.76000213623047,4081400
2017-11-30,68.2938003540039,96.91999816894531,97.52999877929688,96.20999908447266,96.36000061035156,7889600
2017-12-01,67.8709945678711,96.31999969482422,98.5199966430664,94.30000305175781,97.19000244140625,4823200
2017-12-04,67.09589385986328,95.22000122070312,96.6500015258789,94.6500015258789,96.37000274658203,4934400
2017-12-05,67.22977447509766,95.41000366210938,96.72000122070312,95.0,96.27999877929688,5553000
2017-12-06,66.51807403564453,94.4000015258789,95.79000091552734,93.47000122070312,95.69999694824219,5114200
2017-12-07,66.40536499023438,94.23999786376953,94.56999969482422,92.9000015258789,94.02999877929688,4524500
2017-12-08,67.61028289794922,95.94999694824219,96.54000091552734,94.62000274658203,95.68000030517578,5297000
2017-12-11,67.9766845703125,96.47000122070312,97.30999755859375,95.7699966430664,96.38999938964844,4181100
2017-12-12,67.8569107055664,96.30000305175781,96.69000244140625,94.76000213623047,95.72000122070312,4195200
2017-12-13,68.5968017578125,97.3499984741211,98.87000274658203,96.5999984741211,96.5999984741211,6148700
2017-12-14,67.8569107055664,96.30000305175781,97.44000244140625,95.6500015258789,97.33000183105469,3985800
2017-12-15,68.667236328125,97.44999694824219,97.87999725341797,96.63999938964844,96.86000061035156,11564700
2017-12-18,69.18867492675781,98.19000244140625,99.0999984741211,97.55000305175781,97.66999816894531,4768300
2017-12-19,68.99842834472656,97.91999816894531,98.55000305175781,97.69999694824219,98.41999816894531,2817700
2017-12-20,68.63907623291016,97.41000366210938,98.9000015258789,97.22000122070312,97.86000061035156,3411900
2017-12-21,68.99137115478516,97.91000366210938,98.3499984741211,97.72000122070312,97.81999969482422,2249500
2017-12-22,69.2027816772461,98.20999908447266,98.69000244140625,97.70999908447266,97.86000061035156,2835600
2017-12-26,68.8786392211914,97.75,98.36000061035156,97.05000305175781,98.1500015258789,2363800
2017-12-27,69.11820983886719,98.08999633789062,98.2300033569336,97.44000244140625,97.7300033569336,1927300
2017-12-28,68.90682983398438,97.79000091552734,98.38999938964844,97.5199966430664,98.19000244140625,1870400
2017-12-29,68.14583587646484,96.70999908447266,98.43000030517578,96.70999908447266,98.13999938964844,3214400
2018-01-02,69.34371948242188,98.41000366210938,98.9000015258789,96.75,97.13999938964844,4561300
2018-01-03,70.42884063720703,99.94999694824219,100.0999984741211,98.04000091552734,98.55000305175781,4702300
2018-01-04,70.02720642089844,99.37999725341797,100.12000274658203,98.3499984741211,100.06999969482422,3579000
2018-01-05,71.2462158203125,101.11000061035156,101.19999694824219,98.55999755859375,99.33999633789062,4599300
2018-01-08,70.1047134399414,99.48999786376953,101.27999877929688,98.18000030517578,101.27999877929688,5582000
2018-01-09,70.6331787109375,100.23999786376953,100.66000366210938,98.69999694824219,99.48999786376953,4055400
2018-01-10,70.2456283569336,99.69000244140625,100.19999694824219,99.18000030517578,99.6500015258789,4608600
2018-01-11,70.45146179199219,99.2699966430664,99.48999786376953,98.55999755859375,99.37000274658203,4240900
2018-01-12,71.21080780029297,100.33999633789062,100.63999938964844,98.66000366210938,99.33999633789062,4372600
2018-01-16,72.73665618896484,102.48999786376953,103.0,100.0,100.26000213623047,8528600
2018-01-17,74.06381225585938,104.36000061035156,104.83999633789062,102.55000305175781,103.0,5384900
2018-01-18,73.6734619140625,103.80999755859375,104.8499984741211,103.44000244140625,104.29000091552734,6371200
2018-01-19,74.26251983642578,104.63999938964844,104.87000274658203,103.55000305175781,104.33000183105469,4991300
2018-01-22,75.5754623413086,106.48999786376953,106.54000091552734,104.45999908447266,104.69999694824219,4538100
2018-01-23,74.78770446777344,105.37999725341797,106.97000122070312,105.02999877929688,106.16999816894531,5095300
2018-01-24,74.87996673583984,105.51000213623047,106.2300033569336,104.0999984741211,105.26000213623047,4436500
2018-01-25,76.8600082397461,108.30000305175781,108.37000274658203,105.73999786376953,105.94999694824219,6327500
2018-01-26,87.44157409667969,123.20999908447266,125.86000061035156,113.5,114.5,19614500
2018-01-29,86.80284118652344,122.30999755859375,124.1500015258789,118.9800033569336,121.5,10182700
2018-01-30,82.23949432373047,115.87999725341797,121.44999694824219,115.87000274658203,119.41999816894531,11851400
2018-01-31,79.64199829101562,112.22000122070312,116.5,111.29000091552734,116.20999908447266,15744800
2018-02-01,82.56597137451172,116.33999633789062,117.52999877929688,112.2300033569336,112.23999786376953,9943500
2018-02-02,81.73560333251953,115.16999816894531,117.93000030517578,114.91999816894531,115.5,7184400
2018-02-05,77.71873474121094,109.51000213623047,115.54000091552734,109.4000015258789,113.0,9827800
2018-02-06,78.91810607910156,111.19999694824219,113.5199966430664,101.0,104.91000366210938,14107800
2018-02-07,80.63555908203125,113.62000274658203,116.8499984741211,111.37999725341797,111.5199966430664,10030800
2018-02-08,76.98776245117188,108.4800033569336,114.0,108.31999969482422,113.33000183105469,7212400
2018-02-09,78.98908233642578,111.30000305175781,112.75,106.41000366210938,109.56999969482422,8909300
2018-02-12,79.43619537353516,111.93000030517578,113.33000183105469,110.6500015258789,112.56999969482422,4823300
2018-02-13,79.38652038574219,111.86000061035156,112.41000366210938,110.38999938964844,111.54000091552734,5316200
2018-02-14,80.2523422241211,113.08000183105469,113.66999816894531,110.27999877929688,111.04000091552734,6189100
2018-02-15,81.54399871826172,114.9000015258789,116.33000183105469,112.37999725341797,113.62000274658203,7401100
2018-02-16,84.16986846923828,118.5999984741211,119.19999694824219,115.19999694824219,115.2300033569336,8717000
2018-02-20,83.7298583984375,117.9800033569336,121.55000305175781,117.22000122070312,117.72000122070312,8751400
2018-02-21,83.68017578125,117.91000366210938,121.30000305175781,117.8499984741211,118.48999786376953,5122500
2018-02-22,83.43177795410156,117.55999755859375,119.7300033569336,116.58000183105469,118.56999969482422,5185700
2018-02-23,84.27631378173828,118.75,119.30999755859375,116.88999938964844,118.41000366210938,4685700
2018-02-26,86.25635528564453,121.54000091552734,121.72000122070312,119.04000091552734,119.2699966430664,4473500
2018-02-27,83.92855834960938,118.26000213623047,122.0,118.16000366210938,121.20999908447266,4754300
2018-02-28,82.20401763916016,115.83000183105469,120.0,115.77999877929688,119.0,6660000
2018-03-01,80.79170989990234,113.83999633789062,116.61000061035156,111.80999755859375,115.91000366210938,7148900
2018-03-02,81.64335632324219,115.04000091552734,115.47000122070312,111.88999938964844,112.94000244140625,5439700
2018-03-05,82.08336639404297,115.66000366210938,116.31999969482422,112.88999938964844,114.0,3975700
2018-03-06,81.30268859863281,114.55999755859375,116.30000305175781,113.83000183105469,116.01000213623047,3650500
2018-03-07,81.41626739501953,114.72000122070312,114.98999786376953,112.20999908447266,112.58000183105469,5286200
2018-03-08,83.04145050048828,117.01000213623047,117.75,114.3499984741211,115.0,6179400
2018-03-09,84.65953063964844,119.29000091552734,119.66000366210938,117.66999816894531,117.8499984741211,5835600
2018-03-12,83.95696258544922,118.30000305175781,119.58999633789062,117.93000030517578,119.4000015258789,4892900
2018-03-13,84.98600769042969,119.75,121.44999694824219,118.7300033569336,119.26000213623047,5403200
2018-03-14,84.41117858886719,118.94000244140625,120.66999816894531,117.94999694824219,120.33999633789062,3556100
2018-03-15,81.56527709960938,114.93000030517578,119.5,114.87999725341797,119.0,5812400
2018-03-16,80.69945526123047,113.70999908447266,116.7300033569336,113.58999633789062,114.88999938964844,8879300
2018-03-19,79.50714874267578,112.02999877929688,114.9800033569336,110.44000244140625,113.73999786376953,8598900
2018-03-20,79.94718170166016,112.6500015258789,114.1500015258789,112.08999633789062,112.9000015258789,4933800
2018-03-21,79.80525207519531,112.44999694824219,113.79000091552734,111.7300033569336,113.08000183105469,4618000
2018-03-22,69.62110137939453,98.0999984741211,104.5,95.5199966430664,104.19000244140625,26861200
2018-03-23,69.16690826416016,97.45999908447266,100.31999969482422,97.37000274658203,98.98999786376953,14253600
2018-03-26,67.61975860595703,95.27999877929688,99.91000366210938,91.76000213623047,99.48999786376953,13760600
2018-03-27,65.29906463623047,92.01000213623047,95.72000122070312,91.12000274658203,95.5,10821300
2018-03-28,66.90296173095703,94.2699966430664,96.8499984741211,91.58000183105469,92.19000244140625,11154200
2018-03-29,67.17266082763672,94.6500015258789,95.54000091552734,93.5,94.5199966430664,7399400
2018-04-02,64.90872955322266,91.45999908447266,94.63999938964844,90.30000305175781,94.0,7816500
2018-04-03,64.29132080078125,90.58999633789062,92.45999908447266,88.22000122070312,92.33999633789062,10449200
2018-04-04,65.95909118652344,92.94000244140625,93.41000366210938,88.62999725341797,88.70999908447266,8841700
2018-04-05,65.4410171508789,92.20999908447266,93.2699966430664,91.6500015258789,93.06999969482422,7045000
2018-04-06,63.71644592285156,89.77999877929688,92.7699966430664,88.79000091552734,91.44999694824219,6761200
2018-04-09,64.2132339477539,90.4800033569336,93.37999725341797,90.41999816894531,91.38999938964844,8302100
2018-04-10,66.4416732788086,93.62000274658203,94.38999938964844,90.93000030517578,91.5,6253700
2018-04-11,66.45587921142578,93.63999938964844,94.4800033569336,92.4000015258789,92.58000183105469,7135700
2018-04-12,66.05430603027344,92.12000274658203,93.70999908447266,92.06999969482422,93.70999908447266,6402500
2018-04-13,65.84638977050781,91.83000183105469,92.63999938964844,91.08999633789062,92.62999725341797,4630000
2018-04-16,66.39852142333984,92.5999984741211,93.48999786376953,92.30999755859375,92.88999938964844,3922500
2018-04-17,67.10835266113281,93.58999633789062,94.01000213623047,92.62000274658203,93.19999694824219,4474700
2018-04-18,67.63182830810547,94.31999969482422,94.5999984741211,93.0199966430664,94.0,5289700
2018-04-19,66.69249725341797,93.01000213623047,94.52999877929688,91.4000015258789,94.43000030517578,4972900
2018-04-20,66.39852142333984,92.5999984741211,93.80000305175781,92.0199966430664,93.41000366210938,4754800
2018-04-23,66.80720520019531,93.16999816894531,93.80000305175781,92.7300033569336,92.93000030517578,4716300
2018-04-24,65.50936889648438,91.36000061035156,93.4800033569336,90.44000244140625,92.94999694824219,6378300
2018-04-25,65.87506103515625,91.87000274658203,92.27999877929688,90.5199966430664,90.95999908447266,5487800
2018-04-26,69.86900329589844,97.44000244140625,98.55000305175781,93.58000183105469,94.0,12594400
2018-04-27,70.79400634765625,98.7300033569336,99.3499984741211,96.37000274658203,97.44000244140625,6117600
2018-04-30,69.23084259033203,96.55000305175781,99.41999816894531,96.5199966430664,99.05000305175781,7449400
2018-05-01,73.18893432617188,102.06999969482422,103.37000274658203,101.18000030517578,102.0999984741211,11910500
2018-05-02,71.9699478149414,100.37000274658203,101.76000213623047,99.95999908447266,101.16999816894531,7625600
2018-05-03,71.90544128417969,100.27999877929688,100.7699966430664,98.7699966430664,100.19999694824219,7699500
2018-05-04,71.82655334472656,100.16999816894531,100.93000030517578,99.12000274658203,99.9000015258789,5224400
2018-05-07,71.43933868408203,99.62999725341797,101.2699966430664,99.23999786376953,100.75,6151500
2018-05-08,71.27439880371094,99.4000015258789,99.77999877929688,98.69999694824219,99.12999725341797,7620900
2018-05-09,72.55077362060547,101.18000030517578,102.04000091552734,98.9000015258789,99.44000244140625,5665600
2018-05-10,73.74825286865234,102.8499984741211,103.80999755859375,101.93000030517578,102.58000183105469,5369700
2018-05-11,74.70189666748047,104.18000030517578,104.69000244140625,102.04000091552734,103.45999908447266,6358900
2018-05-14,75.92804718017578,105.88999938964844,106.30000305175781,104.33000183105469,104.4000015258789,8471700
2018-05-15,74.70189666748047,104.18000030517578,105.55999755859375,103.58999633789062,105.37999725341797,8387600
2018-05-16,75.31856536865234,105.04000091552734,105.6500015258789,104.19999694824219,104.45999908447266,8296700
2018-05-17,75.51934051513672,105.31999969482422,105.41000366210938,104.20999908447266,105.0999984741211,6702900
2018-05-18,75.99259948730469,105.9800033569336,106.77999877929688,105.11000061035156,105.2699966430664,5328000
2018-05-21,76.17185974121094,106.2300033569336,107.25,105.94999694824219,107.0,5797300
2018-05-22,76.17185974121094,106.2300033569336,107.23999786376953,106.0999984741211,106.55000305175781,9456800
2018-05-23,75.72010040283203,105.5999984741211,106.31999969482422,104.73999786376953,105.8499984741211,12816600
2018-05-24,73.95616912841797,103.13999938964844,104.55000305175781,101.61000061035156,104.55000305175781,13164500
2018-05-25,72.47904968261719,101.08000183105469,103.13999938964844,99.55000305175781,102.29000091552734,25301700
2018-05-29,71.32461547851562,99.47000122070312,101.58999633789062,98.93000030517578,100.2699966430664,25494700
2018-05-30,73.86294555664062,103.01000213623047,103.16000366210938,100.83000183105469,101.86000061035156,31273400
2018-05-31,70.94458770751953,98.94000244140625,101.0999984741211,98.5,100.93000030517578,18910900
2018-06-01,70.30640411376953,98.05000305175781,99.43000030517578,97.9000015258789,97.93000030517578,14837300
2018-06-04,71.05927276611328,99.0999984741211,99.45999908447266,97.62000274658203,98.4800033569336,10922500
2018-06-05,71.15969848632812,99.23999786376953,100.33999633789062,98.76000213623047,99.11000061035156,10199000
2018-06-06,71.69031524658203,99.9800033569336,99.98999786376953,98.31999969482422,99.25,4933500
2018-06-07,71.21707153320312,99.31999969482422,100.33000183105469,98.87000274658203,100.25,5092500
2018-06-08,72.01298522949219,100.43000030517578,100.5,99.0,99.27999877929688,4012900
2018-06-11,71.53973388671875,99.7699966430664,101.08000183105469,99.41000366210938,100.55999755859375,5770100
2018-06-12,70.92308044433594,98.91000366210938,100.12000274658203,98.73999786376953,99.80000305175781,8060400
2018-06-13,69.96936798095703,97.58000183105469,99.2300033569336,97.51000213623047,98.91999816894531,7816200
2018-06-14,70.80833435058594,98.75,98.91999816894531,97.75,98.37999725341797,4648700
2018-06-15,71.39630126953125,99.56999969482422,99.87000274658203,98.0,98.7699966430664,20806200
2018-06-18,70.61473846435547,98.4800033569336,99.33000183105469,98.30999755859375,99.1500015258789,6425600
2018-06-19,70.27771759033203,98.01000213623047,98.37999725341797,96.93000030517578,97.88999938964844,5528300
2018-06-20,70.44981384277344,98.25,99.55000305175781,97.83999633789062,98.22000122070312,5842700
2018-06-21,68.51380157470703,95.55000305175781,97.98999786376953,95.26000213623047,97.70999908447266,7225000
2018-06-22,67.03667449951172,93.48999786376953,96.11000061035156,93.43000030517578,96.05999755859375,9454800
2018-06-25,66.72117614746094,93.05000305175781,94.37999725341797,92.0999984741211,93.47000122070312,5573100
2018-06-26,66.05430603027344,92.12000274658203,93.86000061035156,92.08000183105469,93.36000061035156,5117100
2018-06-27,65.61692810058594,91.51000213623047,93.2699966430664,91.47000122070312,92.36000061035156,5833000
2018-06-28,66.27660369873047,92.43000030517578,92.61000061035156,90.80999755859375,91.33999633789062,6698900
2018-06-29,66.43436431884766,92.6500015258789,94.45999908447266,92.55999755859375,92.83999633789062,6787900
2018-07-02,66.76420593261719,93.11000061035156,93.30000305175781,91.8499984741211,92.05999755859375,3854500
2018-07-03,67.12272644042969,93.61000061035156,94.37000274658203,93.12000274658203,93.58000183105469,2452400
2018-07-05,67.74656677246094,94.4800033569336,95.05999755859375,93.94999694824219,94.45999908447266,4744000
2018-07-06,69.49614715576172,96.91999816894531,97.06999969482422,94.95999908447266,95.19999694824219,5867400
2018-07-09,69.58219909667969,97.04000091552734,98.3499984741211,96.91999816894531,97.9800033569336,5953100
2018-07-10,70.87286376953125,98.83999633789062,98.94999694824219,96.68000030517578,97.11000061035156,5119900
2018-07-11,68.09073638916016,94.95999908447266,97.5,94.87000274658203,96.26000213623047,6230000
2018-07-12,69.25696563720703,95.61000061035156,95.66999816894531,94.0999984741211,94.91999816894531,4672000
2018-07-13,69.9958267211914,96.62999725341797,96.86000061035156,94.94000244140625,94.95999908447266,3712400
2018-07-16,69.7205581665039,96.25,96.81999969482422,95.26000213623047,96.76000213623047,3783500
2018-07-17,69.11211395263672,95.41000366210938,97.16999816894531,95.33000183105469,96.2699966430664,5107500
2018-07-18,68.3804702758789,94.4000015258789,95.43000030517578,94.33000183105469,95.2699966430664,5521900
2018-07-19,65.15702056884766,89.94999694824219,93.27999877929688,87.76000213623047,93.22000122070312,19747200
2018-07-20,64.40369415283203,88.91000366210938,89.63999938964844,86.76000213623047,88.70999908447266,11791900
2018-07-23,64.75863647460938,89.4000015258789,89.98999786376953,88.63999938964844,89.16999816894531,6316800
2018-07-24,66.30877685546875,91.54000091552734,91.61000061035156,89.75,90.51000213623047,7965000
2018-07-25,67.45328521728516,93.12000274658203,93.51000213623047,91.08000183105469,91.08000183105469,7494300
2018-07-26,68.04729461669922,93.94000244140625,94.55999755859375,92.54000091552734,93.94999694824219,6812400
2018-07-27,65.59891510009766,90.55999755859375,92.2699966430664,88.7699966430664,91.33999633789062,12905800
2018-07-30,66.24359893798828,91.44999694824219,91.54000091552734,89.37999725341797,90.66999816894531,6466000
2018-07-31,66.80862426757812,92.2300033569336,92.62999725341797,91.33000183105469,91.6500015258789,8691800
2018-08-01,68.02555847167969,93.91000366210938,94.4800033569336,92.27999877929688,92.29000091552734,5330400
2018-08-02,68.90203094482422,95.12000274658203,95.86000061035156,93.41000366210938,93.58000183105469,6023200
2018-08-03,69.92337799072266,96.52999877929688,96.8499984741211,94.81999969482422,94.88999938964844,4876100
2018-08-06,70.30730438232422,97.05999755859375,97.55000305175781,95.73999786376953,96.26000213623047,5134200
2018-08-07,68.13420104980469,94.05999755859375,98.3499984741211,93.73999786376953,97.30000305175781,8890900
2018-08-08,67.89514923095703,93.7300033569336,94.08000183105469,92.87000274658203,93.5199966430664,4535100
2018-08-09,69.15554809570312,95.47000122070312,96.13999938964844,93.47000122070312,94.19999694824219,6176100
2018-08-10,69.39460754394531,95.80000305175781,96.73999786376953,95.30999755859375,95.3499984741211,4446800
2018-08-13,70.10447692871094,96.77999877929688,97.58000183105469,95.80999755859375,96.0,5920000
2018-08-14,69.48151397705078,95.91999816894531,97.3499984741211,95.73999786376953,96.72000122070312,5580800
2018-08-15,70.58981323242188,97.44999694824219,97.79000091552734,95.61000061035156,95.91999816894531,6861500
2018-08-16,71.1475830078125,98.22000122070312,98.6500015258789,97.05999755859375,97.83999633789062,6332900
2018-08-17,71.5749740600586,98.80999755859375,99.1500015258789,96.41999816894531,98.22000122070312,6307300
2018-08-20,70.72019958496094,97.62999725341797,100.2300033569336,97.47000122070312,99.33000183105469,6172500
2018-08-21,70.79988098144531,97.73999786376953,98.05000305175781,96.80000305175781,97.86000061035156,3528400
2018-08-22,70.7274398803711,97.63999938964844,98.31999969482422,97.12999725341797,97.83999633789062,2963300
2018-08-23,70.37249755859375,97.1500015258789,97.8499984741211,96.88999938964844,97.69000244140625,2137500
2018-08-24,70.55359649658203,97.4000015258789,97.58999633789062,96.55000305175781,97.13999938964844,2996100
2018-08-27,71.00269317626953,98.0199966430664,98.30000305175781,97.30000305175781,98.11000061035156,2456000
2018-08-28,70.45218658447266,97.26000213623047,98.69999694824219,97.0999984741211,97.79000091552734,3515400
2018-08-29,70.68395233154297,97.58000183105469,97.83000183105469,96.02999877929688,97.43000030517578,3637100
2018-08-30,70.11174011230469,96.79000091552734,97.7300033569336,96.55999755859375,97.5,3434400
2018-08-31,69.52497863769531,95.9800033569336,96.69000244140625,95.72000122070312,96.25,4703100
2018-09-04,68.49638366699219,94.55999755859375,95.97000122070312,94.08000183105469,95.97000122070312,4456100
2018-09-05,68.95271301269531,95.19000244140625,95.25,94.08999633789062,94.33999633789062,5188800
2018-09-06,67.90238952636719,93.73999786376953,95.08000183105469,92.79000091552734,94.79000091552734,5416300
2018-09-07,68.2138900756836,94.16999816894531,94.3499984741211,91.5999984741211,93.6500015258789,4051700
2018-09-10,67.96034240722656,93.81999969482422,95.16999816894531,93.69999694824219,94.9800033569336,3156800
2018-09-11,67.49675750732422,93.18000030517578,93.7300033569336,92.87999725341797,93.72000122070312,2638500
2018-09-12,67.54022216796875,93.23999786376953,93.94000244140625,92.04000091552734,92.38999938964844,3304700
2018-09-13,69.77851104736328,96.33000183105469,96.37000274658203,93.41000366210938,93.41999816894531,4850700
2018-09-14,69.30768585205078,95.68000030517578,96.4000015258789,94.91999816894531,96.29000091552734,3446000
2018-09-17,69.08313751220703,95.37000274658203,96.16000366210938,94.80000305175781,95.4000015258789,3987200
2018-09-18,67.08385467529297,92.61000061035156,96.05999755859375,92.41000366210938,95.3499984741211,10240500
2018-09-19,65.93209838867188,91.0199966430664,92.23999786376953,90.4000015258789,91.70999908447266,8451400
2018-09-20,67.13457489013672,92.68000030517578,93.12000274658203,90.62000274658203,91.43000030517578,5991200
2018-09-21,66.83033752441406,92.26000213623047,93.33000183105469,92.05000305175781,92.8499984741211,9953500
2018-09-24,67.67061614990234,93.41999816894531,93.9800033569336,91.94999694824219,92.30000305175781,5910300
2018-09-25,67.9313735961914,93.77999877929688,94.63999938964844,93.4000015258789,93.4800033569336,5303900
2018-09-26,68.22113037109375,94.18000030517578,95.11000061035156,93.8499984741211,94.29000091552734,4656200
2018-09-27,68.19214630126953,94.13999938964844,94.88999938964844,93.95999908447266,94.3499984741211,3028600
2018-09-28,68.5108871459961,94.58000183105469,95.16000366210938,93.83999633789062,94.0,4527900
2018-10-01,68.81510925292969,95.0,95.63999938964844,94.33000183105469,94.73999786376953,3763800
2018-10-02,68.2573471069336,94.2300033569336,95.3499984741211,93.47000122070312,95.33999633789062,6792200
2018-10-03,69.5467300415039,96.01000213623047,96.5999984741211,94.5999984741211,94.63999938964844,4796800
2018-10-04,67.97482299804688,93.83999633789062,95.80999755859375,93.26000213623047,95.80999755859375,4425400
2018-10-05,68.36599731445312,94.37999725341797,95.2699966430664,92.91000366210938,94.0999984741211,4190100
2018-10-08,68.6774673461914,94.80999755859375,95.37000274658203,93.75,94.06999969482422,3305500
2018-10-09,68.5036392211914,94.56999969482422,95.26000213623047,93.80000305175781,94.70999908447266,3625600
2018-10-10,67.42430877685547,93.08000183105469,95.38999938964844,92.98999786376953,93.8499984741211,5310800
2018-10-11,65.70033264160156,90.69999694824219,93.37999725341797,89.61000061035156,93.0,9994400
2018-10-12,66.39583587646484,90.69000244140625,91.08000183105469,88.9000015258789,90.70999908447266,5709600
2018-10-15,65.29033660888672,89.18000030517578,90.5999984741211,89.18000030517578,90.51000213623047,4827900
2018-10-16,67.28901672363281,91.91000366210938,91.9800033569336,89.52999877929688,89.77999877929688,3787100
2018-10-17,67.55258178710938,92.2699966430664,92.41000366210938,90.83000183105469,91.81999969482422,2857400
2018-10-18,65.81746673583984,89.9000015258789,92.4000015258789,89.22000122070312,91.8499984741211,4422300
2018-10-19,64.40447235107422,87.97000122070312,89.98999786376953,87.97000122070312,89.26000213623047,7059400
2018-10-22,61.69563674926758,84.2699966430664,88.52999877929688,83.5,88.52999877929688,7621100
2018-10-23,60.73655700683594,82.95999908447266,84.58999633789062,81.5,82.58000183105469,8096200
2018-10-24,58.13751983642578,79.41000366210938,83.12999725341797,79.26000213623047,82.83999633789062,8689100
2018-10-25,59.8360481262207,81.7300033569336,83.19000244140625,79.66000366210938,80.4000015258789,9173500
2018-10-26,59.14785385131836,80.79000091552734,81.52999877929688,79.43000030517578,81.0199966430664,6181500
2018-10-29,59.56515121459961,81.36000061035156,83.16999816894531,79.94000244140625,82.1500015258789,4343900
2018-10-30,59.733543395996094,81.58999633789062,82.87999725341797,80.12999725341797,81.93000030517578,5243100
2018-10-31,56.99543762207031,77.8499984741211,81.58000183105469,77.73999786376953,80.9800033569336,14068500
2018-11-01,58.72322463989258,80.20999908447266,80.6500015258789,77.5,77.70999908447266,10671700
2018-11-02,58.24733352661133,79.55999755859375,84.41999816894531,78.76000213623047,84.18000030517578,12781500
2018-11-05,60.45835494995117,82.58000183105469,83.83000183105469,79.2699966430664,79.44999694824219,10315600
2018-11-06,61.249027252197266,83.66000366210938,84.2300033569336,82.30999755859375,82.7300033569336,7945500
2018-11-07,63.66501235961914,86.95999908447266,87.22000122070312,84.13999938964844,84.1500015258789,10378000
2018-11-08,64.2287826538086,87.7300033569336,89.70999908447266,87.0,87.12999725341797,9333200
2018-11-09,65.00480651855469,88.79000091552734,89.52999877929688,87.55999755859375,87.83000183105469,9169800
2018-11-12,65.66371154785156,89.69000244140625,89.88999938964844,88.5,88.75,9344700
2018-11-13,64.58749389648438,88.22000122070312,90.87999725341797,88.19999694824219,90.0,7237200
2018-11-14,64.65338134765625,88.30999755859375,89.4000015258789,86.44999694824219,89.05000305175781,7268200
2018-11-15,65.99317932128906,90.13999938964844,90.29000091552734,85.95999908447266,87.62999725341797,10365700
2018-11-16,67.01082611083984,91.52999877929688,92.0,89.19999694824219,89.7300033569336,8691100
2018-11-19,65.50997161865234,89.4800033569336,92.33999633789062,89.11000061035156,91.29000091552734,5971700
2018-11-20,64.4923324584961,88.08999633789062,89.70999908447266,87.86000061035156,89.0,5372900
2018-11-21,63.07200622558594,86.1500015258789,88.77999877929688,85.37000274658203,88.5,6532500
2018-11-23,62.691307067871094,85.62999725341797,86.55000305175781,84.9000015258789,85.5999984741211,1612800
2018-11-26,63.137882232666016,86.23999786376953,87.25,85.20999908447266,86.38999938964844,5227900
2018-11-27,64.19216918945312,87.68000030517578,87.69999694824219,85.5,86.22000122070312,4338300
2018-11-28,65.1146240234375,88.94000244140625,88.95999908447266,86.55999755859375,88.04000091552734,3953600
2018-11-29,65.82477569580078,89.91000366210938,90.33000183105469,88.36000061035156,89.01000213623047,3838000
2018-11-30,69.01681518554688,94.2699966430664,94.2699966430664,89.87000274658203,90.26000213623047,12031700
2018-12-03,68.57022094726562,93.66000366210938,94.72000122070312,92.81999969482422,94.31999969482422,6673900
2018-12-04,66.2933349609375,90.55000305175781,94.9800033569336,90.4000015258789,93.91999816894531,7008400
2018-12-06,66.13226318359375,90.33000183105469,90.4800033569336,87.16999816894531,89.69999694824219,8734300
2018-12-07,63.66501235961914,86.95999908447266,90.0,86.37000274658203,89.93000030517578,6737700
2018-12-10,64.14090728759766,87.61000061035156,87.87999725341797,84.5999984741211,86.66999816894531,5229400
2018-12-11,64.55088806152344,88.16999816894531,89.44000244140625,86.66000366210938,88.62000274658203,5098100
2018-12-12,64.86567687988281,88.5999984741211,90.16999816894531,88.36000061035156,89.31999969482422,4185100
2018-12-13,64.21412658691406,87.70999908447266,89.98999786376953,87.37000274658203,89.37000274658203,4078600
2018-12-14,62.67665481567383,85.61000061035156,87.16000366210938,85.08000183105469,86.80000305175781,5461600
2018-12-17,62.178836822509766,84.93000030517578,86.87999725341797,84.19999694824219,85.06999969482422,5958200
2018-12-18,61.19046401977539,83.58000183105469,85.5,82.80000305175781,85.45999908447266,5288600
2018-12-19,61.14653015136719,83.5199966430664,86.30000305175781,82.6500015258789,84.33000183105469,5510800
2018-12-20,62.50096130371094,85.37000274658203,86.4800033569336,82.41000366210938,82.98999786376953,9453300
2018-12-21,62.17152404785156,84.91999816894531,88.70999908447266,83.22000122070312,84.62999725341797,16044700
2018-12-24,61.615108489990234,84.16000366210938,86.44000244140625,83.5999984741211,84.8499984741211,5097900
2018-12-26,65.18782806396484,89.04000091552734,89.08999633789062,84.62000274658203,84.73999786376953,6225000
2018-12-27,65.82477569580078,89.91000366210938,89.93000030517578,86.86000061035156,87.94999694824219,7272800
2018-12-28,66.71065521240234,91.12000274658203,92.81999969482422,90.0,90.08999633789062,6037700
2018-12-31,67.4939956665039,92.19000244140625,92.98999786376953,91.2300033569336,91.5999984741211,5722100
2019-01-02,65.32694244384766,89.2300033569336,91.26000213623047,88.41999816894531,91.23999786376953,6908400
2019-01-03,63.174503326416016,86.29000091552734,88.80000305175781,86.08000183105469,88.63999938964844,7653200
2019-01-04,65.20979309082031,89.06999969482422,89.13999938964844,86.2699966430664,87.75,8910600
2019-01-07,66.16155242919922,90.37000274658203,90.76000213623047,89.19999694824219,90.06999969482422,7281500
2019-01-08,66.46904754638672,90.79000091552734,92.30000305175781,90.4000015258789,91.19999694824219,7478300
2019-01-09,64.2873306274414,87.80999755859375,91.38999938964844,87.45999908447266,90.87999725341797,9971900
2019-01-10,64.57283020019531,88.19999694824219,88.87999725341797,87.12000274658203,87.87999725341797,6527700
2019-01-11,64.65338134765625,88.30999755859375,88.30999755859375,87.54000091552734,87.54000091552734,5318100
2019-01-14,62.815460205078125,84.76000213623047,86.97000122070312,84.48999786376953,86.97000122070312,6368500
2019-01-15,63.36388397216797,85.5,85.68000030517578,84.44999694824219,84.93000030517578,7295500
2019-01-16,63.400936126708984,85.55000305175781,86.38999938964844,85.44999694824219,85.66000366210938,4927000
2019-01-17,64.62374114990234,87.19999694824219,87.69000244140625,85.41999816894531,85.54000091552734,6438700
2019-01-18,66.32826232910156,89.5,89.79000091552734,86.91999816894531,88.44999694824219,6190000
2019-01-22,65.70574951171875,88.66000366210938,89.36000061035156,87.9000015258789,88.86000061035156,5664600
2019-01-23,65.55011749267578,88.44999694824219,89.27999877929688,87.69999694824219,88.83999633789062,4969300
2019-01-24,63.645503997802734,85.87999725341797,88.44000244140625,85.0999984741211,88.33000183105469,8372600
2019-01-25,59.68803787231445,80.54000091552734,82.61000061035156,79.43000030517578,82.51000213623047,21308600
2019-01-28,57.16830825805664,77.13999938964844,80.0999984741211,76.68000030517578,80.0,14718800
2019-01-29,57.41284942626953,77.47000122070312,78.16000366210938,75.7699966430664,77.02999877929688,13909000
2019-01-30,58.59120559692383,79.05999755859375,79.19000244140625,76.9800033569336,77.69000244140625,9277200
2019-01-31,59.502769470214844,80.29000091552734,81.30999755859375,78.70999908447266,78.94999694824219,11563900
2019-02-01,59.658390045166016,80.5,80.7300033569336,79.11000061035156,80.25,6759500
2019-02-04,58.198421478271484,78.52999877929688,80.36000061035156,77.5199966430664,80.30000305175781,10205600
2019-02-05,59.05809020996094,79.69000244140625,80.05999755859375,78.22000122070312,78.55999755859375,7965500
2019-02-06,58.606021881103516,79.08000183105469,79.88999938964844,78.79000091552734,79.5999984741211,4907200
2019-02-07,58.6727409362793,79.16999816894531,79.22000122070312,77.80999755859375,78.3499984741211,5877500
2019-02-08,59.04327392578125,79.66999816894531,79.86000061035156,78.88999938964844,79.02999877929688,4598900
2019-02-11,59.11737823486328,79.7699966430664,80.18000030517578,79.16999816894531,79.88999938964844,4803500
2019-02-12,59.235965728759766,79.93000030517578,80.12000274658203,78.56999969482422,79.98999786376953,6620100
2019-02-13,59.87331008911133,80.79000091552734,81.31999969482422,80.29000091552734,80.33999633789062,4237200
2019-02-14,59.67320251464844,80.5199966430664,80.68000030517578,79.72000122070312,80.44999694824219,3436300
2019-02-15,59.91776657104492,80.8499984741211,81.69999694824219,80.16000366210938,81.12999725341797,6295400
2019-02-19,59.67320251464844,80.5199966430664,81.5199966430664,80.2300033569336,80.5,5674700
2019-02-20,59.280426025390625,79.98999786376953,80.5999984741211,79.13999938964844,80.52999877929688,5564100
2019-02-21,58.36146545410156,78.75,79.91000366210938,78.0999984741211,79.73999786376953,6360800
2019-02-22,59.30265426635742,80.0199966430664,80.19000244140625,78.23999786376953,79.16000366210938,5022700
2019-02-25,59.502769470214844,80.29000091552734,80.62000274658203,79.87999725341797,80.45999908447266,5511800
2019-02-26,59.665802001953125,80.51000213623047,80.86000061035156,80.0199966430664,80.19999694824219,4283100
2019-02-27,58.85057830810547,79.41000366210938,80.13999938964844,78.80000305175781,80.13999938964844,4175500
2019-02-28,58.7245979309082,79.23999786376953,79.70999908447266,78.75,79.45999908447266,6310800
2019-03-01,59.361942291259766,80.0999984741211,80.8499984741211,79.27999877929688,79.7699966430664,8567900
2019-03-04,58.88764190673828,79.45999908447266,80.7300033569336,79.11000061035156,80.4000015258789,5872500
2019-03-05,58.48005294799805,78.91000366210938,79.9000015258789,78.72000122070312,79.37999725341797,5933100
2019-03-06,57.87235641479492,78.08999633789062,79.12999725341797,77.55999755859375,79.12999725341797,5293200
2019-03-07,57.983516693115234,78.23999786376953,79.12000274658203,77.44000244140625,77.7699966430664,6642500
2019-03-08,57.494384765625,77.58000183105469,78.04000091552734,77.08999633789062,77.66999816894531,6189100
2019-03-11,57.86495590209961,78.08000183105469,78.30999755859375,77.2699966430664,77.56999969482422,8078100
2019-03-12,58.35404968261719,78.73999786376953,79.13999938964844,78.05000305175781,78.4800033569336,6128800
2019-03-13,58.49486541748047,78.93000030517578,79.30000305175781,78.1500015258789,78.91999816894531,5984500
2019-03-14,59.25076675415039,79.94999694824219,80.4000015258789,78.41000366210938,79.0,6161800
2019-03-15,60.280906677246094,81.33999633789062,81.45999908447266,79.11000061035156,80.05999755859375,12751100
2019-03-18,59.76956558227539,80.6500015258789,81.75,80.27999877929688,81.33999633789062,5550100
2019-03-19,59.89553451538086,80.81999969482422,81.29000091552734,79.51000213623047,80.33000183105469,6335500
2019-03-20,59.60651779174805,80.43000030517578,80.91000366210938,80.05999755859375,80.72000122070312,5360900
2019-03-21,60.206787109375,81.23999786376953,81.30999755859375,79.26000213623047,79.87999725341797,5159200
2019-03-22,59.10997009277344,79.76000213623047,81.98999786376953,79.69000244140625,80.77999877929688,4992500
2019-03-25,58.92469024658203,79.51000213623047,80.04000091552734,78.41000366210938,79.5,4008400
2019-03-26,59.851078033447266,80.76000213623047,81.19000244140625,79.80000305175781,79.8499984741211,4921900
2019-03-27,59.206321716308594,79.88999938964844,81.0,79.80000305175781,81.0,4006200
2019-03-28,59.25819396972656,79.95999908447266,80.48999786376953,79.5,80.33000183105469,3071000
2019-03-29,59.72507858276367,80.58999633789062,80.9000015258789,79.95999908447266,80.08000183105469,7105900
2019-04-01,59.865901947021484,80.77999877929688,81.11000061035156,79.97000122070312,80.9800033569336,4759400
2019-04-02,61.56300354003906,83.06999969482422,83.48999786376953,80.80000305175781,80.88999938964844,6355800
2019-04-03,61.5704231262207,83.08000183105469,84.7300033569336,82.79000091552734,83.62000274658203,6083500
2019-04-04,61.370330810546875,82.80999755859375,83.37999725341797,82.06999969482422,83.04000091552734,4827900
2019-04-05,61.84461975097656,83.44999694824219,84.18000030517578,82.66999816894531,82.81999969482422,3996300
2019-04-08,62.23740005493164,83.9800033569336,84.0,82.77999877929688,83.69999694824219,3499200
2019-04-09,61.281410217285156,82.69000244140625,83.77999877929688,82.5,83.7699966430664,3712700
2019-04-10,61.474090576171875,82.94999694824219,83.37999725341797,82.5999984741211,83.19999694824219,3641900
2019-04-11,60.59956741333008,81.7699966430664,83.25,81.2300033569336,83.19999694824219,9094200
2019-04-12,60.659664154052734,80.77999877929688,81.80999755859375,79.83999633789062,80.66999816894531,5011500
2019-04-15,60.84737014770508,81.02999877929688,81.51000213623047,80.37000274658203,80.95999908447266,3495500
2019-04-16,60.23162841796875,80.20999908447266,81.30000305175781,80.0199966430664,81.11000061035156,3624700
2019-04-17,58.55705261230469,77.9800033569336,80.19999694824219,77.55000305175781,80.0999984741211,6817100
2019-04-18,58.24919509887695,77.56999969482422,78.20999908447266,76.80999755859375,78.05999755859375,7784900
2019-04-22,58.68471908569336,78.1500015258789,79.0999984741211,77.5,77.5999984741211,5358600
2019-04-23,59.06770324707031,78.66000366210938,79.66000366210938,77.75,78.1500015258789,9920600
2019-04-24,59.07520294189453,78.66999816894531,79.58999633789062,78.44000244140625,79.2300033569336,7056400
2019-04-25,59.57832717895508,79.33999633789062,80.47000122070312,76.91000366210938,80.05000305175781,10442900
2019-04-26,59.84866714477539,79.69999694824219,80.6500015258789,79.4000015258789,79.66999816894531,5790000
2019-04-29,60.29921340942383,80.30000305175781,80.9800033569336,79.91000366210938,80.45999908447266,6444500
2019-04-30,59.61587142944336,79.38999938964844,80.69000244140625,78.68000030517578,80.68000030517578,9367400
2019-05-01,59.24040603637695,78.88999938964844,79.68000030517578,78.61000061035156,79.5999984741211,5231700
2019-05-02,58.92504119873047,78.47000122070312,78.77999877929688,77.5999984741211,78.7300033569336,5206300
2019-05-03,59.105247497558594,78.70999908447266,78.80000305175781,78.25,78.72000122070312,4527300
2019-05-06,59.51825714111328,79.26000213623047,79.5199966430664,77.33999633789062,77.75,5413200
2019-05-07,58.534542083740234,77.94999694824219,78.98999786376953,77.16999816894531,78.5999984741211,4275300
2019-05-08,58.5645751953125,77.98999786376953,78.88999938964844,77.31999969482422,77.94999694824219,3820700
2019-05-09,58.50449752807617,77.91000366210938,78.12999725341797,76.7300033569336,77.51000213623047,3792200
2019-05-10,58.15906524658203,77.44999694824219,77.7300033569336,75.62000274658203,77.44999694824219,4731800
2019-05-13,57.72356033325195,76.87000274658203,77.30000305175781,76.16999816894531,76.30000305175781,3858400
2019-05-14,58.90250015258789,78.44000244140625,79.36000061035156,77.0,77.16000366210938,6365200
2019-05-15,59.15781021118164,78.77999877929688,79.1500015258789,77.4800033569336,78.51000213623047,4795700
2019-05-16,59.698463439941406,79.5,80.75,78.70999908447266,78.9800033569336,5404700
2019-05-17,59.66843032836914,79.45999908447266,80.08000183105469,78.0199966430664,78.52999877929688,4756400
2019-05-20,59.93878173828125,79.81999969482422,80.38999938964844,78.91000366210938,79.0199966430664,4395500
2019-05-21,60.73472595214844,80.87999725341797,81.5,80.31999969482422,80.33000183105469,4841900
2019-05-22,61.26789474487305,81.58999633789062,81.75,79.87999725341797,80.51000213623047,4219500
2019-05-23,60.9375114440918,81.1500015258789,81.62999725341797,80.31999969482422,80.38999938964844,3299100
2019-05-24,60.11898422241211,80.05999755859375,81.0999984741211,79.87000274658203,81.08999633789062,3872700
2019-05-28,58.59461212158203,78.02999877929688,80.0999984741211,77.91999816894531,80.0,6557800
2019-05-29,58.61714172363281,78.05999755859375,78.27999877929688,77.0999984741211,77.56999969482422,4182200
2019-05-30,58.27922439575195,77.61000061035156,78.58999633789062,77.12999725341797,78.5199966430664,3533100
2019-05-31,57.603397369384766,76.70999908447266,77.56999969482422,76.4000015258789,77.30999755859375,4003200
2019-06-03,56.84495544433594,75.69999694824219,76.83999633789062,73.80999755859375,76.62999725341797,8434400
2019-06-04,57.633445739746094,76.75,77.44000244140625,75.9000015258789,76.13999938964844,6447100
2019-06-05,57.86623001098633,77.05999755859375,78.16999816894531,76.66000366210938,77.41000366210938,3804400
2019-06-06,57.87371063232422,77.06999969482422,77.72000122070312,76.86000061035156,77.16000366210938,4032800
2019-06-07,58.14405822753906,77.43000030517578,78.37999725341797,77.08000183105469,77.48999786376953,4829100
2019-06-10,57.783599853515625,76.94999694824219,77.75,76.5999984741211,77.45999908447266,3969400
2019-06-11,58.69974899291992,78.16999816894531,78.9000015258789,77.48999786376953,77.48999786376953,4210200
2019-06-12,59.000118255615234,78.56999969482422,79.25,78.18000030517578,78.25,4165700
2019-06-13,59.28546905517578,78.94999694824219,79.19999694824219,78.30000305175781,78.93000030517578,2924900
2019-06-14,59.09023666381836,78.69000244140625,79.33999633789062,78.20999908447266,78.94999694824219,4075900
2019-06-17,59.06019973754883,78.6500015258789,79.05000305175781,78.4000015258789,78.4000015258789,3083200
2019-06-18,58.75981521606445,78.25,79.19999694824219,77.01000213623047,78.87999725341797,5433500
2019-06-19,58.27922439575195,77.61000061035156,78.4800033569336,77.29000091552734,78.4000015258789,6147300
2019-06-20,58.82740783691406,78.33999633789062,79.16999816894531,78.08000183105469,78.23999786376953,5347000
2019-06-21,59.15781021118164,78.77999877929688,79.08000183105469,76.43000030517578,78.1500015258789,10516900
2019-06-24,58.90999221801758,78.44999694824219,79.30999755859375,77.8499984741211,78.41000366210938,5182700
2019-06-25,49.33570861816406,65.69999694824219,70.66999816894531,65.05999755859375,70.47000122070312,90131800
2019-06-26,51.06283950805664,68.0,68.41000366210938,66.80000305175781,67.23999786376953,42093800
2019-06-27,52.564693450927734,70.0,70.5999984741211,68.0999984741211,68.16000366210938,22129200
2019-06-28,54.607208251953125,72.72000122070312,72.73999786376953,70.33000183105469,70.58000183105469,21381500
2019-07-01,55.117828369140625,73.4000015258789,73.8499984741211,72.27999877929688,73.5,18010900
2019-07-02,55.74110794067383,74.2300033569336,74.25,72.31999969482422,73.19999694824219,12862200
2019-07-03,56.289276123046875,74.95999908447266,74.97000122070312,73.77999877929688,74.3499984741211,7434100
2019-07-05,54.8099479675293,72.98999786376953,74.79000091552734,72.61000061035156,74.6500015258789,10854900
2019-07-08,53.480812072753906,71.22000122070312,73.0,70.87999725341797,72.5199966430664,13487400
2019-07-09,53.49584197998047,71.23999786376953,72.44999694824219,70.88999938964844,71.18000030517578,11832500
2019-07-10,53.8037223815918,71.6500015258789,71.73999786376953,70.95999908447266,71.58000183105469,9170400
2019-07-11,53.49584197998047,71.23999786376953,72.4000015258789,69.8499984741211,72.30000305175781,13001000
2019-07-12,53.57969665527344,70.27999877929688,70.30000305175781,68.54000091552734,70.30000305175781,12903000
2019-07-15,53.57208251953125,70.2699966430664,71.0199966430664,69.69999694824219,70.30999755859375,10253300
2019-07-16,52.72584533691406,69.16000366210938,70.30000305175781,69.12999725341797,70.1500015258789,10141600
2019-07-17,52.08544921875,68.31999969482422,69.86000061035156,68.30999755859375,69.33000183105469,12205000
2019-07-18,52.032081604003906,68.25,68.94999694824219,68.0,68.56999969482422,8573300
2019-07-19,52.25316619873047,68.54000091552734,68.81999969482422,68.0999984741211,68.13999938964844,9806900
2019-07-22,51.84148025512695,68.0,68.75,67.83999633789062,68.5,9961800
2019-07-23,51.635650634765625,67.7300033569336,68.44000244140625,67.5999984741211,68.0,8025300
2019-07-24,51.4298095703125,67.45999908447266,67.88999938964844,66.76000213623047,67.7699966430664,12595300
2019-07-25,50.81991195678711,66.66000366210938,67.87000274658203,66.5,67.45999908447266,12403500
2019-07-26,51.65851974487305,67.76000213623047,69.13999938964844,67.37000274658203,67.63999938964844,12259300
2019-07-29,51.216339111328125,67.18000030517578,68.41000366210938,66.87999725341797,67.87000274658203,10117300
2019-07-30,51.216339111328125,67.18000030517578,67.52999877929688,66.26000213623047,66.91999816894531,8143700
2019-07-31,50.789405822753906,66.62000274658203,67.37999725341797,65.62999725341797,66.91000366210938,11300000
2019-08-01,50.16425704956055,65.80000305175781,67.19999694824219,65.11000061035156,66.93000030517578,13106700
2019-08-02,49.82119369506836,65.3499984741211,65.79000091552734,65.02999877929688,65.5,9653900
2019-08-05,49.72970962524414,65.2300033569336,66.12000274658203,64.54000091552734,64.9800033569336,11618800
2019-08-06,49.37902069091797,64.7699966430664,65.83999633789062,64.29000091552734,65.2699966430664,10248700
2019-08-07,49.14266586303711,64.45999908447266,64.9000015258789,63.310001373291016,64.37999725341797,10532100
2019-08-08,49.897430419921875,65.44999694824219,65.44999694824219,64.33000183105469,64.79000091552734,7427400
2019-08-09,49.996543884277344,65.58000183105469,66.87000274658203,64.29000091552734,65.37000274658203,10893500
2019-08-12,49.196048736572266,64.52999877929688,65.4800033569336,64.08000183105469,65.23999786376953,5258900
2019-08-13,49.56199264526367,65.01000213623047,65.93000030517578,64.63999938964844,64.86000061035156,7082500
2019-08-14,48.410797119140625,63.5,64.98999786376953,63.5,64.5,9373300
2019-08-15,48.01435852050781,62.97999954223633,64.23999786376953,62.65999984741211,64.12000274658203,9195700
2019-08-16,49.119808197021484,64.43000030517578,64.80999755859375,63.06999969482422,63.5099983215332,8348100
2019-08-19,50.7436637878418,66.55999755859375,66.87999725341797,64.97000122070312,65.04000091552734,9826300
2019-08-20,50.629310607910156,66.41000366210938,68.45999908447266,66.33000183105469,67.37999725341797,12037900
2019-08-21,51.49079895019531,67.54000091552734,67.91999816894531,66.5999984741211,67.33999633789062,7615700
2019-08-22,51.47554016113281,67.5199966430664,68.02999877929688,66.80999755859375,67.87000274658203,6495700
2019-08-23,50.29387283325195,65.97000122070312,67.79000091552734,65.4800033569336,67.27999877929688,8904700
2019-08-26,50.66742706298828,66.45999908447266,66.93000030517578,66.08000183105469,66.43000030517578,4841100
2019-08-27,50.06515884399414,65.66999816894531,66.9800033569336,65.48999786376953,66.66999816894531,7591200
2019-08-28,50.3701057434082,66.06999969482422,66.37999725341797,65.4000015258789,65.56999969482422,6872800
2019-08-29,50.484466552734375,66.22000122070312,67.02999877929688,65.95999908447266,66.7300033569336,6011900
2019-08-30,50.11852264404297,65.73999786376953,66.43000030517578,65.48999786376953,66.4000015258789,6415100
2019-09-03,49.85932159423828,65.4000015258789,65.80000305175781,64.93000030517578,65.77999877929688,7915700
2019-09-04,50.60643768310547,66.37999725341797,66.41999816894531,64.44000244140625,65.66999816894531,9618300
2019-09-05,51.10197830200195,67.02999877929688,67.30000305175781,66.43000030517578,66.63999938964844,5602400
2019-09-06,51.55178451538086,67.62000274658203,68.12000274658203,67.0,67.26000213623047,7502500
2019-09-09,50.850399017333984,66.69999694824219,68.0,66.30999755859375,67.95999908447266,10310900
2019-09-10,51.97871017456055,68.18000030517578,68.18000030517578,65.6500015258789,66.06999969482422,12155700
2019-09-11,52.977420806884766,69.48999786376953,69.73999786376953,68.05999755859375,68.37999725341797,8369100
2019-09-12,53.99900436401367,70.83000183105469,71.16999816894531,70.19000244140625,70.76000213623047,9560100
2019-09-13,53.755043029785156,70.51000213623047,71.51000213623047,70.4800033569336,71.1500015258789,8135600
2019-09-16,53.80842590332031,70.58000183105469,70.95999908447266,69.72000122070312,70.37000274658203,5992000
2019-09-17,54.58604431152344,71.5999984741211,72.08999633789062,70.36000061035156,70.51000213623047,9013500
2019-09-18,54.33445358276367,71.2699966430664,71.81999969482422,70.80999755859375,71.68000030517578,6252600
2019-09-19,54.63939666748047,71.66999816894531,71.91000366210938,71.20999908447266,71.4000015258789,5541200
2019-09-20,55.188297271728516,72.38999938964844,73.0,72.0,72.0,12968700
2019-09-23,55.59999465942383,72.93000030517578,73.77999877929688,72.05000305175781,72.33000183105469,8092300
2019-09-24,55.61524963378906,72.94999694824219,73.83000183105469,72.16999816894531,73.83000183105469,8223800
2019-09-25,54.9596061706543,72.08999633789062,73.23999786376953,72.0199966430664,72.87999725341797,5922700
2019-09-26,56.4385871887207,74.02999877929688,74.45999908447266,72.62000274658203,72.94999694824219,10324100
2019-09-27,57.06375503540039,74.8499984741211,75.13999938964844,73.91999816894531,74.20999908447266,7677300
2019-09-30,57.72702407836914,75.72000122070312,76.44000244140625,74.94999694824219,74.94999694824219,8315100
2019-10-01,55.82869338989258,73.2300033569336,76.02999877929688,72.94000244140625,75.88999938964844,10910800
2019-10-02,54.990081787109375,72.12999725341797,73.0,71.56999969482422,72.88999938964844,8380500
2019-10-03,56.3013916015625,73.8499984741211,73.94000244140625,72.04000091552734,72.05999755859375,6228500
2019-10-04,56.91891860961914,74.66000366210938,75.05999755859375,73.94999694824219,74.22000122070312,7007500
2019-10-07,56.66730499267578,74.33000183105469,75.2699966430664,74.08000183105469,74.72000122070312,5163500
2019-10-08,56.05740737915039,73.52999877929688,74.75,73.41999816894531,73.87999725341797,6121500
2019-10-09,55.882080078125,73.30000305175781,74.62000274658203,73.25,74.06999969482422,5851000
2019-10-10,56.75880432128906,74.44999694824219,74.62999725341797,73.19999694824219,73.22000122070312,7329400
2019-10-11,56.952178955078125,73.62999725341797,74.33999633789062,73.56999969482422,73.97000122070312,7164900
2019-10-14,57.052734375,73.76000213623047,74.16999816894531,73.38999938964844,73.6500015258789,5040900
2019-10-15,57.6251106262207,74.5,74.9800033569336,73.80000305175781,74.19999694824219,6028300
2019-10-16,57.81848907470703,74.75,74.9800033569336,74.33999633789062,74.37999725341797,8288300
2019-10-17,58.12016296386719,75.13999938964844,76.18000030517578,74.6500015258789,74.98999786376953,6811300
2019-10-18,59.14115905761719,76.45999908447266,77.16999816894531,75.20999908447266,75.23999786376953,9480200
2019-10-21,59.7908821105957,77.30000305175781,77.8499984741211,75.8499984741211,76.87999725341797,7839100
2019-10-22,60.23179244995117,77.87000274658203,78.66000366210938,77.75,78.05000305175781,6062000
2019-10-23,60.13896179199219,77.75,78.0199966430664,77.19000244140625,77.79000091552734,6136700
2019-10-24,59.40414047241211,76.80000305175781,77.88999938964844,76.25,77.83999633789062,5699300
2019-10-25,59.1953125,76.52999877929688,76.79000091552734,76.22000122070312,76.38999938964844,5497000
2019-10-28,60.58757019042969,78.33000183105469,78.37999725341797,76.48999786376953,76.66999816894531,7146400
2019-10-29,60.69587326049805,78.47000122070312,78.73999786376953,77.58999633789062,78.11000061035156,6391500
2019-10-30,61.61632537841797,79.66000366210938,79.79000091552734,78.01000213623047,78.51000213623047,7222500
2019-10-31,61.53125762939453,79.55000305175781,79.73999786376953,78.73999786376953,79.70999908447266,10009400
2019-11-01,63.23292922973633,81.75,82.18000030517578,79.12999725341797,80.02999877929688,13356300
2019-11-04,64.19204711914062,82.98999786376953,83.31999969482422,82.13999938964844,82.94999694824219,9127900
2019-11-05,63.302528381347656,81.83999633789062,83.4000015258789,81.47000122070312,83.16999816894531,7475600
2019-11-06,63.48819351196289,82.08000183105469,82.25,80.3499984741211,81.7699966430664,9303600
2019-11-07,63.434051513671875,82.01000213623047,82.58999633789062,81.08000183105469,82.20999908447266,6561500
2019-11-08,65.90921020507812,85.20999908447266,85.45999908447266,82.08999633789062,82.0999984741211,11364100
2019-11-11,66.25729370117188,85.66000366210938,85.68000030517578,83.9000015258789,84.94999694824219,8726300
2019-11-12,66.86060333251953,86.44000244140625,88.27999877929688,85.55000305175781,85.5999984741211,12165900
2019-11-13,67.03077697753906,86.66000366210938,87.2699966430664,85.33000183105469,85.73999786376953,5798800
2019-11-14,67.78107452392578,87.62999725341797,87.75,85.93000030517578,86.4800033569336,5425600
2019-11-15,68.55455017089844,88.62999725341797,89.19000244140625,87.26000213623047,88.0999984741211,8036700
2019-11-18,68.63189697265625,88.7300033569336,89.41000366210938,88.31999969482422,88.33999633789062,5772300
2019-11-19,68.85620880126953,89.0199966430664,90.41000366210938,88.91000366210938,89.26000213623047,7504800
2019-11-20,67.44844055175781,87.19999694824219,88.72000122070312,86.54000091552734,88.72000122070312,10933000
2019-11-21,66.92247772216797,86.5199966430664,86.87000274658203,85.55000305175781,86.79000091552734,9614100
2019-11-22,66.55892944335938,86.05000305175781,86.79000091552734,85.30999755859375,86.63999938964844,7784700
2019-11-25,67.8816146850586,87.76000213623047,87.87999725341797,86.05999755859375,86.8499984741211,9522100
2019-11-26,67.85069274902344,87.72000122070312,88.19000244140625,86.93000030517578,88.1500015258789,6431400
2019-11-27,68.32252502441406,88.33000183105469,88.80999755859375,87.61000061035156,87.86000061035156,4711800
2019-11-29,67.85841369628906,87.7300033569336,88.08999633789062,87.22000122070312,88.0,3042800
2019-12-02,67.31695556640625,87.02999877929688,88.02999877929688,87.0,87.83999633789062,6526400
2019-12-03,66.48160552978516,85.94999694824219,86.4800033569336,85.58999633789062,85.95999908447266,10054500
2019-12-04,67.44844055175781,87.19999694824219,87.55000305175781,86.12000274658203,86.18000030517578,6174600
2019-12-05,67.07717895507812,86.72000122070312,87.25,86.26000213623047,87.25,6072100
2019-12-06,67.27827453613281,86.9800033569336,87.70999908447266,86.77999877929688,87.20999908447266,6044600
2019-12-09,66.86060333251953,86.44000244140625,87.72000122070312,86.37999725341797,87.22000122070312,5582700
2019-12-10,66.95341491699219,86.55999755859375,86.94999694824219,86.20999908447266,86.91999816894531,7816000
2019-12-11,67.06170654296875,86.69999694824219,87.26000213623047,86.2300033569336,86.69999694824219,7326400
2019-12-12,68.63189697265625,88.7300033569336,88.94000244140625,86.75,86.76000213623047,6260500
2019-12-13,67.94349670410156,87.83999633789062,89.08999633789062,87.33000183105469,88.77999877929688,5975200
2019-12-16,69.17333984375,89.43000030517578,90.12000274658203,88.26000213623047,88.37999725341797,6723300
2019-12-17,69.67610168457031,90.08000183105469,90.16999816894531,89.06999969482422,90.0,8750000
2019-12-18,69.09600067138672,89.33000183105469,90.18000030517578,89.0199966430664,90.05000305175781,6490100
2019-12-19,68.66283416748047,88.7699966430664,89.68000030517578,88.55999755859375,89.68000030517578,5447000
2019-12-20,69.0650405883789,89.29000091552734,91.98999786376953,89.1500015258789,90.4000015258789,19134800
2019-12-23,69.80760192871094,90.25,90.47000122070312,89.33000183105469,89.52999877929688,5907200
2019-12-24,69.49821472167969,89.8499984741211,90.4000015258789,89.43000030517578,90.4000015258789,1798800
2019-12-26,69.48273468017578,89.83000183105469,90.72000122070312,89.44999694824219,90.19999694824219,4066700
2019-12-27,68.99545288085938,89.19999694824219,90.27999877929688,88.83000183105469,89.9800033569336,4087800
2019-12-30,68.46944427490234,88.5199966430664,89.7300033569336,88.16000366210938,89.22000122070312,7014800
2019-12-31,68.48494720458984,88.54000091552734,88.5999984741211,87.87999725341797,88.20999908447266,4702100
2020-01-02,69.26615142822266,89.55000305175781,89.56999969482422,88.51000213623047,89.08000183105469,5639200
2020-01-03,68.60868835449219,88.69999694824219,89.38999938964844,87.9000015258789,88.16999816894531,5988500
2020-01-06,69.15013122558594,89.4000015258789,89.62000274658203,87.9800033569336,88.22000122070312,6786600
2020-01-07,68.75565338134766,88.88999938964844,89.54000091552734,88.26000213623047,88.93000030517578,7242500
2020-01-08,69.2429428100586,89.5199966430664,90.05999755859375,88.87000274658203,89.1500015258789,7696800
2020-01-09,69.77665710449219,90.20999908447266,90.2300033569336,89.05000305175781,90.01000213623047,7518000
2020-01-10,68.88713073730469,89.05999755859375,90.29000091552734,88.83000183105469,90.2300033569336,8581400
2020-01-13,68.46944427490234,88.5199966430664,89.5,87.91999816894531,89.5,9292200
2020-01-14,69.1436538696289,88.19999694824219,88.44000244140625,86.7699966430664,87.0999984741211,8876900
2020-01-15,69.9746322631836,89.26000213623047,89.87999725341797,88.18000030517578,88.18000030517578,8490100
2020-01-16,69.9746322631836,89.26000213623047,89.80000305175781,88.91999816894531,89.30999755859375,7073200
2020-01-17,68.98686218261719,88.0,89.2699966430664,87.79000091552734,89.12999725341797,10122300
2020-01-21,68.97904205322266,87.98999786376953,88.52999877929688,87.56999969482422,87.68000030517578,13552000
2020-01-22,68.36756134033203,87.20999908447266,88.16999816894531,87.1500015258789,88.02999877929688,6438900
2020-01-23,66.84669494628906,85.2699966430664,87.06999969482422,84.98999786376953,87.05000305175781,12266800
2020-01-24,65.49049377441406,83.54000091552734,85.4800033569336,82.76000213623047,85.43000030517578,13215400
2020-01-27,65.86679077148438,84.0199966430664,85.93000030517578,84.0,85.05000305175781,13832000
2020-01-28,65.67080688476562,83.7699966430664,84.98999786376953,83.63999938964844,84.98999786376953,8614400
2020-01-29,65.22394561767578,83.19999694824219,84.0,83.12999725341797,83.80000305175781,5703200
2020-01-30,64.1107406616211,81.77999877929688,82.79000091552734,81.18000030517578,82.58000183105469,10870000
2020-01-31,63.51496124267578,81.0199966430664,81.72000122070312,80.41000366210938,81.54000091552734,13870100
2020-02-03,64.51840209960938,82.30000305175781,82.5999984741211,80.91999816894531,81.30999755859375,10143700
2020-02-04,66.13333129882812,84.36000061035156,84.70999908447266,83.58999633789062,83.58999633789062,8251500
2020-02-05,67.91284942626953,86.62999725341797,87.13999938964844,84.87999725341797,85.05999755859375,10020600
2020-02-06,68.34404754638672,87.18000030517578,87.95999908447266,86.22000122070312,87.88999938964844,7769700
2020-02-07,72.34999084472656,92.29000091552734,92.9800033569336,88.87999725341797,89.73999786376953,19090300
2020-02-10,74.27849578857422,94.75,95.5,92.11000061035156,92.36000061035156,13998300
2020-02-11,75.2583999633789,96.0,97.08000183105469,95.01000213623047,95.26000213623047,10682800
2020-02-12,76.66165161132812,97.79000091552734,97.86000061035156,95.70999908447266,95.9800033569336,10591000
2020-02-13,74.74884033203125,95.3499984741211,97.36000061035156,95.2300033569336,96.8499984741211,10613000
2020-02-14,73.72972869873047,94.05000305175781,95.30000305175781,93.7699966430664,95.2300033569336,11175800
2020-02-18,73.38480377197266,93.61000061035156,94.5,93.26000213623047,93.66999816894531,9406300
2020-02-19,73.80026245117188,94.13999938964844,94.79000091552734,93.0199966430664,93.7699966430664,6349100
2020-02-20,73.8708267211914,94.2300033569336,94.38999938964844,92.58999633789062,93.93000030517578,5446200
2020-02-21,74.44310760498047,94.95999908447266,95.5199966430664,93.37999725341797,93.95999908447266,6676000
2020-02-24,73.01632690429688,93.13999938964844,93.87000274658203,92.1500015258789,92.16999816894531,10705100
2020-02-25,69.91192626953125,89.18000030517578,93.45999908447266,88.11000061035156,93.31999969482422,11366400
2020-02-26,69.30828857421875,88.41000366210938,91.18000030517578,88.19000244140625,88.62000274658203,9786900
2020-02-27,66.96429443359375,85.41999816894531,89.44999694824219,84.19999694824219,86.19000244140625,14184100
2020-02-28,67.191650390625,85.70999908447266,85.70999908447266,81.58000183105469,82.79000091552734,18450000
2020-03-02,69.52777862548828,88.69000244140625,88.77999877929688,83.55000305175781,86.0,12171100
2020-03-03,68.64977264404297,87.56999969482422,90.9000015258789,85.66000366210938,89.44000244140625,12660900
2020-03-04,71.92665100097656,91.75,91.86000061035156,88.94999694824219,89.2699966430664,16590400
2020-03-05,71.03295135498047,90.61000061035156,91.70999908447266,89.43000030517578,90.05999755859375,9688400
2020-03-06,69.62969207763672,88.81999969482422,89.76000213623047,87.26000213623047,88.7300033569336,12664600
2020-03-09,66.84669494628906,85.2699966430664,87.33999633789062,82.43000030517578,84.0,15806200
2020-03-10,68.6184310913086,87.52999877929688,88.22000122070312,83.76000213623047,88.19000244140625,12965800
2020-03-11,66.51744842529297,84.8499984741211,86.63999938964844,83.56999969482422,85.80000305175781,10382200
2020-03-12,61.62565612792969,78.61000061035156,81.29000091552734,77.05999755859375,78.8499984741211,19935700
2020-03-13,66.92510223388672,85.37000274658203,86.31999969482422,80.69000244140625,83.36000061035156,21867700
2020-03-16,58.22333908081055,74.2699966430664,82.18000030517578,73.58000183105469,79.0,20916000
2020-03-17,57.243431091308594,73.0199966430664,77.70999908447266,69.98999786376953,75.70999908447266,23205000
2020-03-18,55.683372497558594,71.02999877929688,71.38999938964844,64.69000244140625,70.0,23712800
2020-03-19,55.7068977355957,71.05999755859375,74.8499984741211,65.33000183105469,69.0999984741211,19739900
2020-03-20,53.950862884521484,68.81999969482422,73.0,66.80999755859375,73.0,18844500
2020-03-23,50.564231872558594,64.5,67.75,62.54999923706055,67.37999725341797,19219000
2020-03-24,52.9082145690918,67.48999786376953,71.81999969482422,67.08999633789062,68.16000366210938,18376300
2020-03-25,53.23748016357422,67.91000366210938,70.68000030517578,65.55000305175781,67.91999816894531,20017300
2020-03-26,57.87841796875,73.83000183105469,74.30999755859375,68.76000213623047,68.81999969482422,15979400
2020-03-27,56.96903991699219,72.66999816894531,75.05999755859375,70.70999908447266,71.62999725341797,12293300
2020-03-30,58.98375701904297,75.23999786376953,76.23999786376953,73.47000122070312,73.5199966430664,10671600
2020-03-31,59.72852325439453,76.19000244140625,77.91999816894531,74.44000244140625,75.4000015258789,20474400
2020-04-01,57.557003021240234,73.41999816894531,73.98999786376953,71.43000030517578,72.12000274658203,12948000
2020-04-02,58.897544860839844,75.12999725341797,75.5,71.45999908447266,72.77999877929688,8077800
2020-04-03,57.517799377441406,73.37000274658203,75.44000244140625,72.55000305175781,74.6500015258789,8062700
2020-04-06,59.36790466308594,75.7300033569336,77.26000213623047,74.02999877929688,75.73999786376953,10266500
2020-04-07,59.10136032104492,75.38999938964844,78.58000183105469,75.25,78.37999725341797,11591700
2020-04-08,61.58645248413086,78.55999755859375,78.9800033569336,74.77999877929688,76.44000244140625,12218500
2020-04-09,62.51935577392578,79.75,80.08000183105469,78.55999755859375,78.55999755859375,9425900
2020-04-13,62.950523376464844,80.30000305175781,81.33000183105469,78.66000366210938,80.66000366210938,9293500
2020-04-14,65.34538269042969,82.12999725341797,82.8499984741211,80.29000091552734,80.62000274658203,11072700
2020-04-15,65.0987319946289,81.81999969482422,83.04000091552734,79.62000274658203,80.51000213623047,8977300
2020-04-16,65.13053131103516,81.86000061035156,83.72000122070312,81.58000183105469,82.7300033569336,10326900
2020-04-17,66.39559173583984,83.44999694824219,84.79000091552734,82.5,84.0,10734800
2020-04-20,66.82523345947266,83.98999786376953,85.33000183105469,82.62999725341797,83.54000091552734,9126300
2020-04-21,63.93709945678711,80.36000061035156,82.97000122070312,80.0199966430664,82.51000213623047,9627500
2020-04-22,64.82026672363281,81.47000122070312,82.44999694824219,80.7300033569336,81.2300033569336,7033300
2020-04-23,65.27375793457031,82.04000091552734,83.83000183105469,81.95999908447266,82.18000030517578,7869600
2020-04-24,66.50700378417969,83.58999633789062,83.66999816894531,82.3499984741211,82.87000274658203,6770700
2020-04-27,67.38219451904297,84.69000244140625,84.91999816894531,83.77999877929688,84.02999877929688,9209700
2020-04-28,65.84663391113281,82.76000213623047,85.97000122070312,82.37000274658203,85.69999694824219,8341000
2020-04-29,66.64227294921875,83.76000213623047,84.75,82.13999938964844,83.72000122070312,8231700
2020-04-30,65.40106964111328,82.19999694824219,83.26000213623047,81.2300033569336,82.97000122070312,15535800
2020-05-01,65.91028594970703,82.83999633789062,84.2300033569336,80.5,81.94999694824219,12705300
2020-05-04,65.13053131103516,81.86000061035156,82.83999633789062,81.12000274658203,82.22000122070312,6833000
2020-05-05,67.92323303222656,85.37000274658203,86.4800033569336,82.5999984741211,82.94999694824219,10927000
2020-05-06,67.96299743652344,85.41999816894531,88.1500015258789,85.25,86.27999877929688,17042600
2020-05-07,67.00825500488281,84.22000122070312,86.83999633789062,83.55999755859375,86.5199966430664,11941800
2020-05-08,66.80137634277344,83.95999908447266,84.66000366210938,82.44999694824219,84.41999816894531,20188100
2020-05-11,69.93618774414062,87.9000015258789,88.45999908447266,83.9800033569336,85.08000183105469,19219800
2020-05-12,71.97299194335938,90.45999908447266,92.2300033569336,88.47000122070312,90.0,23492300
2020-05-13,70.70792388916016,88.87000274658203,92.23999786376953,87.7300033569336,90.73999786376953,23562600
2020-05-14,71.55927276611328,89.94000244140625,90.4800033569336,87.43000030517578,87.62000274658203,13379500
2020-05-15,72.17192077636719,90.70999908447266,91.1500015258789,89.41999816894531,90.01000213623047,14071200
2020-05-18,72.7765884399414,91.47000122070312,93.66000366210938,91.30999755859375,92.0,16300200
2020-05-19,72.56175231933594,91.19999694824219,91.6500015258789,89.55999755859375,91.26000213623047,9892500
2020-05-20,72.55381774902344,91.19000244140625,92.54000091552734,89.9000015258789,92.12999725341797,10661500
2020-05-21,74.00981903076172,93.0199966430664,93.12999725341797,90.3499984741211,91.27999877929688,10393200
2020-05-22,73.27783203125,92.0999984741211,93.01000213623047,91.7300033569336,92.87000274658203,5507000
2020-05-26,72.17192077636719,90.70999908447266,93.56999969482422,90.30999755859375,93.44999694824219,11869800
2020-05-27,71.59109497070312,89.9800033569336,91.0,88.55999755859375,90.54000091552734,12529500
2020-05-28,71.63087463378906,90.02999877929688,91.19000244140625,90.0,90.87000274658203,8765900
2020-05-29,73.7313461303711,92.66999816894531,92.88999938964844,89.5999984741211,91.0,13758800
2020-06-01,72.1639404296875,90.69999694824219,93.05999755859375,90.69000244140625,92.05000305175781,8486500
2020-06-02,72.4344711303711,91.04000091552734,91.69999694824219,90.05000305175781,90.97000122070312,9413300
2020-06-03,72.31511688232422,90.88999938964844,91.5,89.5999984741211,91.47000122070312,8588400
2020-06-04,74.02572631835938,93.04000091552734,93.4800033569336,90.25,90.27999877929688,9525700
2020-06-05,74.67018127441406,93.8499984741211,95.54000091552734,92.80999755859375,93.5,9630100
2020-06-08,75.25895690917969,94.58999633789062,95.01000213623047,92.80999755859375,92.91000366210938,6621400
2020-06-09,76.51605987548828,96.16999816894531,96.66000366210938,94.76000213623047,94.94999694824219,9555900
2020-06-10,77.09687805175781,96.9000015258789,99.3499984741211,96.80000305175781,96.98999786376953,11138300
2020-06-11,73.40512084960938,92.26000213623047,96.88999938964844,92.02999877929688,95.69000244140625,12584800
2020-06-12,73.56427764892578,92.45999908447266,94.73999786376953,91.02999877929688,93.73999786376953,8010100
2020-06-15,74.05754852294922,93.08000183105469,94.02999877929688,90.77999877929688,91.2699966430664,7120200
2020-06-16,76.42853546142578,96.05999755859375,96.19999694824219,93.4800033569336,94.86000061035156,9366100
2020-06-17,76.1739273071289,95.73999786376953,97.0999984741211,95.2699966430664,96.8499984741211,6212200
2020-06-18,76.56379699707031,96.2300033569336,96.44999694824219,95.26000213623047,95.55999755859375,4571600
2020-06-19,76.94571685791016,96.70999908447266,98.19999694824219,95.75,97.72000122070312,9210900
2020-06-22,77.39126586914062,97.2699966430664,97.30000305175781,95.81999969482422,96.63999938964844,6004300
2020-06-23,77.423095703125,97.30999755859375,99.0999984741211,97.05000305175781,98.41999816894531,6715600
2020-06-24,75.6965560913086,95.13999938964844,97.16000366210938,94.3499984741211,96.45999908447266,9025100
2020-06-25,77.16848754882812,96.98999786376953,97.06999969482422,94.31999969482422,95.18000030517578,6411700
2020-06-26,76.48424530029297,96.12999725341797,97.02999877929688,95.04000091552734,96.88999938964844,14568400
2020-06-29,76.73088836669922,96.44000244140625,97.33000183105469,95.68000030517578,96.5,6676400
2020-06-30,78.11529541015625,98.18000030517578,98.87999725341797,95.83000183105469,95.97000122070312,8112500
2020-07-01,78.87911224365234,99.13999938964844,99.66000366210938,97.5,98.5,6522900
2020-07-02,78.67224884033203,98.87999725341797,99.98999786376953,97.86000061035156,99.44999694824219,6158800
2020-07-06,78.77566528320312,99.01000213623047,99.80000305175781,97.94999694824219,99.63999938964844,7039000
2020-07-07,79.04618072509766,99.3499984741211,100.69000244140625,98.55999755859375,98.68000030517578,6345600
2020-07-08,78.990478515625,99.27999877929688,100.56999969482422,98.55000305175781,99.75,6154400
2020-07-09,77.92432403564453,97.94000244140625,99.77999877929688,96.80999755859375,99.08000183105469,5817300
2020-07-10,77.04116821289062,96.83000183105469,98.33000183105469,96.36000061035156,98.05999755859375,6202500
2020-07-13,77.86068725585938,97.86000061035156,99.55999755859375,96.91999816894531,97.36000061035156,8507400
2020-07-14,79.62438201904297,98.87000274658203,99.0999984741211,95.94000244140625,96.97000122070312,6765600
2020-07-15,80.9209976196289,100.4800033569336,100.4800033569336,98.81999969482422,100.0,5661600
2020-07-16,80.47000122070312,99.91999816894531,100.2300033569336,98.80999755859375,99.69000244140625,4269200
2020-07-17,81.20284271240234,100.83000183105469,101.27999877929688,99.91999816894531,100.29000091552734,6890900
2020-07-20,80.1639633178711,99.54000091552734,101.25,99.26000213623047,100.76000213623047,4823300
2020-07-21,78.44051361083984,97.4000015258789,99.80999755859375,97.16999816894531,99.80999755859375,8239000
2020-07-22,78.68212127685547,97.69999694824219,98.27999877929688,96.93000030517578,97.80000305175781,4441800
2020-07-23,78.94790649414062,98.02999877929688,98.91999816894531,97.44999694824219,98.23999786376953,5127200
2020-07-24,78.20698547363281,97.11000061035156,98.19000244140625,96.45999908447266,98.05000305175781,5169400
2020-07-27,78.24724578857422,97.16000366210938,97.88999938964844,96.26000213623047,96.3499984741211,5030700
2020-07-28,77.88484954833984,96.70999908447266,97.62000274658203,96.45999908447266,97.0,5941800
2020-07-29,78.12645721435547,97.01000213623047,97.4000015258789,96.63999938964844,96.87000274658203,5512000
2020-07-30,77.34524536132812,96.04000091552734,96.73999786376953,95.41000366210938,96.30999755859375,6411500
2020-07-31,76.43522644042969,94.91000366210938,97.25,93.55000305175781,95.54000091552734,14613000
2020-08-03,77.26471710205078,95.94000244140625,97.16999816894531,95.05999755859375,95.19000244140625,6919000
2020-08-04,75.9359130859375,94.29000091552734,96.02999877929688,94.05999755859375,95.91999816894531,7865100
2020-08-05,75.09835052490234,93.25,94.80000305175781,93.12999725341797,94.47000122070312,6918900
2020-08-06,74.55071258544922,92.56999969482422,93.6500015258789,91.77999877929688,93.31999969482422,7269300
2020-08-07,74.83258819580078,92.91999816894531,93.0,92.19999694824219,92.69000244140625,5226600
2020-08-10,74.39769744873047,92.37999725341797,93.66999816894531,92.1500015258789,92.62999725341797,7623600
2020-08-11,74.63126373291016,92.66999816894531,93.29000091552734,92.12999725341797,92.30999755859375,7208400
2020-08-12,76.91844177246094,95.51000213623047,95.58000183105469,93.33000183105469,93.44999694824219,7705600
2020-08-13,76.24999237060547,94.68000030517578,95.5,94.01000213623047,95.13999938964844,6004200
2020-08-14,76.5640869140625,95.06999969482422,95.66999816894531,94.54000091552734,95.37999725341797,5488100
2020-08-17,77.59491729736328,96.3499984741211,97.26000213623047,95.26000213623047,95.29000091552734,7251400
2020-08-18,77.03117370605469,95.6500015258789,96.69999694824219,95.1500015258789,96.62000274658203,4557400
2020-08-19,77.39358520507812,96.0999984741211,97.41999816894531,95.8499984741211,97.11000061035156,7672000
2020-08-20,76.66877746582031,95.19999694824219,96.02999877929688,94.68000030517578,95.48999786376953,6798000
2020-08-21,76.39494323730469,94.86000061035156,95.31999969482422,94.31999969482422,95.19999694824219,5269000
2020-08-24,76.11307525634766,94.51000213623047,95.23999786376953,94.18000030517578,94.9000015258789,4103600
2020-08-25,75.75067138671875,94.05999755859375,94.79000091552734,93.91000366210938,94.20999908447266,6710000
2020-08-26,75.9842529296875,94.3499984741211,94.41000366210938,92.94000244140625,93.5,5682800
2020-08-27,75.94398498535156,94.30000305175781,95.05999755859375,93.66999816894531,94.33000183105469,5271500
2020-08-28,75.83927154541016,94.16999816894531,94.6500015258789,93.52999877929688,94.5199966430664,4938300
2020-08-31,77.12779998779297,95.7699966430664,96.01000213623047,94.01000213623047,94.12000274658203,9932300
2020-09-01,74.28497314453125,92.23999786376953,95.91999816894531,91.29000091552734,95.5199966430664,15783600
2020-09-02,75.66210174560547,93.94999694824219,94.23999786376953,91.9000015258789,92.06999969482422,9139200
2020-09-03,73.98699188232422,91.87000274658203,94.30999755859375,91.08999633789062,93.87999725341797,8921900
2020-09-04,73.98699188232422,91.87000274658203,93.12999725341797,90.58000183105469,92.08000183105469,9444800
2020-09-08,72.65814971923828,90.22000122070312,91.86000061035156,89.44999694824219,91.5199966430664,8563900
2020-09-09,73.79369354248047,91.62999725341797,92.43000030517578,90.51000213623047,90.86000061035156,5373500
2020-09-10,72.1991195678711,89.6500015258789,91.41000366210938,89.4800033569336,91.06999969482422,10403600
2020-09-11,72.23936462402344,89.69999694824219,90.33999633789062,89.04000091552734,89.80999755859375,8385800
2020-09-14,72.8755874633789,90.48999786376953,91.26000213623047,89.45999908447266,90.05000305175781,5212300
2020-09-15,73.2138671875,90.91000366210938,91.9800033569336,90.63999938964844,91.4000015258789,3851300
2020-09-16,72.30380249023438,89.77999877929688,91.2699966430664,89.69000244140625,91.0199966430664,6304400
2020-09-17,72.1830062866211,89.62999725341797,90.80999755859375,89.18000030517578,89.30000305175781,5604700
2020-09-18,72.569580078125,90.11000061035156,90.5,88.86000061035156,89.48999786376953,10076300
2020-09-21,71.74812316894531,89.08999633789062,89.43000030517578,87.16999816894531,89.13999938964844,7328300
2020-09-22,71.35350799560547,88.5999984741211,88.94999694824219,87.93000030517578,88.9000015258789,5306100
2020-09-23,70.17768859863281,87.13999938964844,89.2699966430664,87.12000274658203,89.0,6253000
2020-09-24,69.18712615966797,85.91000366210938,87.0,85.31999969482422,87.0,9980800
2020-09-25,69.44483184814453,86.2300033569336,86.86000061035156,85.45999908447266,86.0,9935600
2020-09-28,70.29044342041016,87.27999877929688,88.19999694824219,86.87000274658203,87.29000091552734,6306900
2020-09-29,69.97635650634766,86.88999938964844,87.27999877929688,86.30999755859375,87.11000061035156,5508900
2020-09-30,70.54009246826172,87.58999633789062,88.44000244140625,86.80999755859375,87.0,8209300
2020-10-01,70.17768859863281,87.13999938964844,88.16999816894531,86.7300033569336,88.16999816894531,8777300
2020-10-02,69.35624694824219,86.12000274658203,87.3499984741211,86.05000305175781,86.5,5554300
2020-10-05,70.81389617919922,87.93000030517578,88.18000030517578,86.20999908447266,86.48999786376953,5984200
2020-10-06,69.17102813720703,85.88999938964844,88.05999755859375,85.70999908447266,87.97000122070312,8743800
2020-10-07,70.12132263183594,87.06999969482422,87.30000305175781,86.02999877929688,86.16000366210938,5899700
2020-10-08,70.33876037597656,87.33999633789062,88.58000183105469,86.91999816894531,87.2699966430664,5535100
2020-10-09,70.6286849975586,87.69999694824219,88.69999694824219,87.3499984741211,87.41000366210938,6005800
2020-10-12,71.12802124023438,88.31999969482422,88.5999984741211,87.31999969482422,88.16999816894531,7314900
2020-10-13,70.73338317871094,87.83000183105469,88.80000305175781,87.47000122070312,88.01000213623047,7851700
2020-10-14,70.25994110107422,86.06999969482422,87.11000061035156,85.9000015258789,86.83000183105469,5863900
2020-10-15,69.57423400878906,85.2300033569336,85.73999786376953,84.95999908447266,85.41000366210938,6190900
2020-10-16,70.42318725585938,86.2699966430664,87.1500015258789,85.76000213623047,85.88999938964844,5358500
2020-10-19,68.8232192993164,84.30999755859375,86.79000091552734,84.12999725341797,86.58999633789062,10288000
2020-10-20,68.77423858642578,84.25,84.83000183105469,83.41999816894531,84.19000244140625,6932100
2020-10-21,67.6640625,82.88999938964844,84.13999938964844,82.55999755859375,83.58000183105469,9776900
2020-10-22,68.8232192993164,84.30999755859375,84.88999938964844,82.91999816894531,83.0199966430664,8080100
2020-10-23,68.84768676757812,84.33999633789062,85.1500015258789,83.94000244140625,84.63999938964844,4238700
2020-10-26,68.50484466552734,83.91999816894531,84.31999969482422,82.80999755859375,84.08999633789062,7986300
2020-10-27,67.5171127319336,82.70999908447266,84.26000213623047,82.68000030517578,84.0,6705600
2020-10-28,65.70490264892578,80.48999786376953,82.20999908447266,80.23999786376953,81.3499984741211,11480200
2020-10-29,65.85183715820312,80.66999816894531,81.37000274658203,79.11000061035156,80.5,8876700
2020-10-30,69.46810150146484,85.0999984741211,86.13999938964844,83.0,83.19999694824219,18089100
2020-11-02,72.03948974609375,88.25,88.54000091552734,86.0,86.02999877929688,10781400
2020-11-03,71.8027572631836,87.95999908447266,89.38999938964844,87.43000030517578,89.13999938964844,8518800
2020-11-04,77.14143371582031,94.5,97.48999786376953,92.66999816894531,93.13999938964844,25849000
2020-11-05,76.480224609375,93.69000244140625,95.5199966430664,93.0,95.36000061035156,8013000
2020-11-06,75.79451751708984,92.8499984741211,93.6500015258789,91.70999908447266,92.9800033569336,7006900
2020-11-09,77.64754486083984,95.12000274658203,96.94999694824219,94.66999816894531,95.73999786376953,11028900
2020-11-10,80.70869445800781,98.87000274658203,99.12999725341797,95.62999725341797,96.01000213623047,12267200
2020-11-11,80.12095642089844,98.1500015258789,99.87000274658203,97.7699966430664,99.1500015258789,9476500
2020-11-12,79.67198181152344,97.5999984741211,97.75,96.27999877929688,97.5,7646600
2020-11-13,80.84748840332031,99.04000091552734,99.55000305175781,97.4000015258789,97.41000366210938,6888600
2020-11-16,80.29239654541016,98.36000061035156,100.54000091552734,98.33000183105469,99.95999908447266,8611300
2020-11-17,80.98625946044922,99.20999908447266,100.26000213623047,98.73999786376953,99.37000274658203,11593500
2020-11-18,80.58627319335938,98.72000122070312,100.29000091552734,98.68000030517578,100.0,8880600
2020-11-19,81.36175537109375,99.66999816894531,100.1500015258789,98.58999633789062,98.76000213623047,7550300
2020-11-20,82.31683349609375,100.83999633789062,101.83000183105469,98.62000274658203,99.94999694824219,9682500
2020-11-23,83.41069793701172,102.18000030517578,102.76000213623047,101.06999969482422,101.94000244140625,7541500
2020-11-24,84.86375427246094,103.95999908447266,104.81999969482422,102.58000183105469,102.87999725341797,9322200
2020-11-25,85.05964660644531,104.19999694824219,104.45999908447266,103.38999938964844,103.81999969482422,6368100
2020-11-27,85.62291717529297,104.88999938964844,105.80000305175781,104.30000305175781,104.9800033569336,4418800
2020-11-30,85.369873046875,104.58000183105469,105.41999816894531,103.6500015258789,105.12000274658203,20726500
2020-12-01,84.9290542602539,104.04000091552734,106.37999725341797,104.04000091552734,105.05000305175781,7623500
2020-12-02,85.70453643798828,104.98999786376953,105.37999725341797,103.31999969482422,104.0,5492200
2020-12-03,85.50047302246094,104.73999786376953,105.69999694824219,104.30000305175781,105.0,4693600
2020-12-04,87.57389831542969,107.27999877929688,107.30999755859375,105.0199966430664,105.0199966430664,7235800
2020-12-07,86.39839172363281,105.83999633789062,107.20999908447266,104.95999908447266,107.04000091552734,6532500
2020-12-08,87.90858459472656,107.69000244140625,108.3499984741211,105.5999984741211,105.69999694824219,6688200
2020-12-09,88.70857238769531,108.66999816894531,109.1500015258789,107.62999725341797,107.9000015258789,7350700
2020-12-10,87.74532318115234,107.48999786376953,109.06999969482422,106.66999816894531,109.05999755859375,6285700
2020-12-11,86.80656433105469,106.33999633789062,107.41999816894531,105.58000183105469,107.01000213623047,5205200
2020-12-14,85.05964660644531,104.19999694824219,108.06999969482422,104.08999633789062,107.43000030517578,8272700
2020-12-15,83.9331283569336,102.81999969482422,105.44999694824219,102.31999969482422,105.44000244140625,12101000
2020-12-16,85.4188232421875,104.63999938964844,105.41000366210938,101.9000015258789,102.5,9182100
2020-12-17,85.62291717529297,104.88999938964844,105.5,104.11000061035156,104.86000061035156,6360600
2020-12-18,85.26373291015625,104.44999694824219,105.05999755859375,103.19999694824219,105.02999877929688,13906800
2020-12-21,84.6596450805664,103.70999908447266,103.91999816894531,101.55000305175781,102.76000213623047,6664600
2020-12-22,83.91683197021484,102.80000305175781,103.5,102.01000213623047,103.41000366210938,4002900
2020-12-23,84.30863189697266,103.27999877929688,103.93000030517578,102.91000366210938,103.05999755859375,3659100
2020-12-24,84.2923355102539,103.26000213623047,103.38999938964844,102.5999984741211,103.11000061035156,1378600
2020-12-28,84.4474105834961,103.44999694824219,103.87999725341797,102.72000122070312,103.6500015258789,3948900
2020-12-29,85.46781921386719,104.69999694824219,105.37000274658203,103.94999694824219,103.94999694824219,5096400
2020-12-30,85.93311309814453,105.2699966430664,106.2300033569336,105.0999984741211,105.11000061035156,5328400
2020-12-31,87.46776580810547,107.1500015258789,107.27999877929688,104.8499984741211,105.26000213623047,6148100
