date,adjclose,close,high,low,open,volume
2015-01-02,72.33999633789062,72.33999633789062,73.19999694824219,71.88999938964844,72.69999694824219,2349200
2015-01-05,71.9800033569336,71.9800033569336,72.43000030517578,71.56999969482422,72.20999908447266,2403300
2015-01-06,70.52999877929688,70.52999877929688,72.0999984741211,69.87999725341797,71.94999694824219,2895400
2015-01-07,71.11000061035156,71.11000061035156,71.29000091552734,70.41999816894531,70.7699966430664,2378300
2015-01-08,72.91999816894531,72.91999816894531,73.05999755859375,71.30999755859375,71.4000015258789,2624200
2015-01-09,71.83999633789062,71.83999633789062,73.12999725341797,71.62999725341797,72.88999938964844,1730300
2015-01-12,71.12000274658203,71.12000274658203,72.26000213623047,70.75,72.12999725341797,1337900
2015-01-13,70.58999633789062,70.58999633789062,72.95999908447266,69.94999694824219,71.94999694824219,2103800
2015-01-14,69.98999786376953,69.98999786376953,70.4000015258789,68.9800033569336,69.87999725341797,1927100
2015-01-15,70.29000091552734,70.29000091552734,71.75,70.16000366210938,71.70999908447266,2839200
2015-01-16,71.7300033569336,71.7300033569336,71.8499984741211,70.02999877929688,70.02999877929688,2375300
2015-01-20,71.48999786376953,71.48999786376953,71.98999786376953,70.58000183105469,71.79000091552734,1612000
2015-01-21,71.54000091552734,71.54000091552734,71.88999938964844,70.37000274658203,71.16000366210938,1787900
2015-01-22,73.4800033569336,73.4800033569336,73.6500015258789,70.9000015258789,71.9000015258789,2178500
2015-01-23,74.05999755859375,74.05999755859375,74.4000015258789,73.05999755859375,73.44000244140625,1851700
2015-01-26,72.73999786376953,72.73999786376953,73.1500015258789,71.68000030517578,72.61000061035156,3593700
2015-01-27,71.45999908447266,71.45999908447266,72.36000061035156,71.05999755859375,71.70999908447266,1798600
2015-01-28,70.25,70.25,71.83999633789062,70.06999969482422,71.54000091552734,2281100
2015-01-29,71.63999938964844,71.63999938964844,71.81999969482422,69.77999877929688,70.02999877929688,2538100
2015-01-30,70.12999725341797,70.12999725341797,71.66999816894531,70.05999755859375,71.31999969482422,2331800
2015-02-02,71.11000061035156,71.11000061035156,71.19999694824219,69.04000091552734,70.44000244140625,2381900
2015-02-03,71.91999816894531,71.91999816894531,71.97000122070312,71.0,71.54000091552734,1555900
2015-02-04,72.27999877929688,72.27999877929688,72.62000274658203,71.77999877929688,71.79000091552734,2165200
2015-02-05,73.0999984741211,73.0999984741211,73.18000030517578,72.31999969482422,72.47000122070312,1438800
2015-02-06,72.54000091552734,72.54000091552734,73.62000274658203,72.23999786376953,73.18000030517578,1367400
2015-02-09,72.33000183105469,72.33000183105469,72.9800033569336,72.04000091552734,72.08999633789062,1627800
2015-02-10,72.76000213623047,72.76000213623047,73.19000244140625,72.11000061035156,72.94000244140625,1696200
2015-02-11,73.01000213623047,73.01000213623047,73.13999938964844,72.3499984741211,72.77999877929688,1600900
2015-02-12,74.58999633789062,74.58999633789062,74.76000213623047,73.30999755859375,73.5999984741211,2243500
2015-02-13,76.51000213623047,76.51000213623047,76.62000274658203,74.7699966430664,74.9800033569336,3819300
2015-02-17,77.12999725341797,77.12999725341797,77.22000122070312,76.30999755859375,76.66999816894531,1986600
2015-02-18,77.7300033569336,77.7300033569336,78.0,76.80000305175781,77.0199966430664,1683400
2015-02-19,77.7300033569336,77.7300033569336,77.94000244140625,77.19999694824219,77.41999816894531,1556100
2015-02-20,78.55000305175781,78.55000305175781,78.55999755859375,77.19999694824219,77.76000213623047,1626900
2015-02-23,78.0999984741211,78.0999984741211,78.69000244140625,77.79000091552734,78.6500015258789,1455800
2015-02-24,77.68000030517578,77.68000030517578,78.02999877929688,77.08000183105469,78.02999877929688,1954300
2015-02-25,78.06999969482422,78.06999969482422,78.44000244140625,77.47000122070312,77.76000213623047,1256400
2015-02-26,78.95999908447266,78.95999908447266,79.06999969482422,78.0199966430664,78.31999969482422,1546000
2015-02-27,79.0999984741211,79.0999984741211,80.30000305175781,78.93000030517578,79.23999786376953,3115800
2015-03-02,79.79000091552734,79.79000091552734,79.79000091552734,78.72000122070312,79.13999938964844,1497700
2015-03-03,78.98999786376953,78.98999786376953,79.98999786376953,78.97000122070312,79.62999725341797,1616300
2015-03-04,77.62999725341797,77.62999725341797,78.73999786376953,77.12999725341797,78.70999908447266,2393600
2015-03-05,78.62000274658203,78.62000274658203,78.70999908447266,77.30000305175781,77.5999984741211,1850100
2015-03-06,77.55000305175781,77.55000305175781,78.5,77.05000305175781,78.19000244140625,2537100
2015-03-09,77.93000030517578,77.93000030517578,78.23999786376953,77.43000030517578,77.76000213623047,2010900
2015-03-10,76.01000213623047,76.01000213623047,77.29000091552734,75.98999786376953,77.25,2622000
2015-03-11,76.01000213623047,76.01000213623047,76.77999877929688,75.68000030517578,75.91000366210938,1692200
2015-03-12,77.4000015258789,77.4000015258789,77.44000244140625,75.97000122070312,76.13999938964844,1683200
2015-03-13,77.62000274658203,77.62000274658203,78.05999755859375,76.62000274658203,77.18000030517578,2202800
2015-03-16,78.33000183105469,78.33000183105469,78.58999633789062,77.80000305175781,78.20999908447266,1851400
2015-03-17,79.66000366210938,79.66000366210938,79.87000274658203,78.18000030517578,78.22000122070312,5719000
2015-03-18,76.88999938964844,76.88999938964844,78.31999969482422,74.75,75.5,10509400
2015-03-19,77.13999938964844,77.13999938964844,77.37999725341797,75.29000091552734,76.4800033569336,3519200
2015-03-20,77.36000061035156,77.36000061035156,77.95999908447266,76.80999755859375,77.66999816894531,3577600
2015-03-23,76.3499984741211,76.3499984741211,77.30000305175781,76.33999633789062,77.11000061035156,1754100
2015-03-24,75.44999694824219,75.44999694824219,76.41999816894531,75.37999725341797,76.11000061035156,2782800
2015-03-25,73.12999725341797,73.12999725341797,75.58999633789062,73.12000274658203,75.5,3444700
2015-03-26,72.97000122070312,72.97000122070312,73.36000061035156,72.12000274658203,72.43000030517578,2965300
2015-03-27,73.30999755859375,73.30999755859375,73.45999908447266,72.55999755859375,72.72000122070312,2085200
2015-03-30,73.5999984741211,73.5999984741211,73.86000061035156,73.0999984741211,73.51000213623047,1880700
2015-03-31,73.94000244140625,73.94000244140625,74.5999984741211,72.94000244140625,73.11000061035156,2556000
2015-04-01,75.06999969482422,75.06999969482422,75.0999984741211,73.02999877929688,73.61000061035156,3976000
2015-04-02,75.68000030517578,75.68000030517578,76.16999816894531,74.61000061035156,75.16999816894531,2158400
2015-04-06,76.2300033569336,76.2300033569336,76.6500015258789,74.75,75.12999725341797,2556500
2015-04-07,75.6500015258789,75.6500015258789,76.68000030517578,75.62000274658203,76.06999969482422,2601300
2015-04-08,75.44000244140625,75.44000244140625,76.3499984741211,75.12000274658203,75.68000030517578,1938500
2015-04-09,76.33000183105469,76.33000183105469,76.3499984741211,75.20999908447266,75.62000274658203,1556200
2015-04-10,76.52999877929688,76.52999877929688,76.62999725341797,76.0,76.30000305175781,1801200
2015-04-13,76.0199966430664,76.0199966430664,77.0,75.88999938964844,76.44000244140625,1230000
2015-04-14,75.94999694824219,75.94999694824219,76.5999984741211,75.58999633789062,76.0199966430664,1924800
2015-04-15,76.02999877929688,76.02999877929688,76.5,75.9000015258789,76.08999633789062,1355500
2015-04-16,75.1500015258789,75.1500015258789,75.69000244140625,75.0999984741211,75.41000366210938,2069800
2015-04-17,73.1500015258789,73.1500015258789,74.55000305175781,72.77999877929688,74.37999725341797,3856500
2015-04-20,73.91999816894531,73.91999816894531,74.30000305175781,73.41999816894531,73.41999816894531,1688300
2015-04-21,74.62000274658203,74.62000274658203,74.87999725341797,74.20999908447266,74.30999755859375,1894600
2015-04-22,75.5,75.5,75.5199966430664,74.62999725341797,74.68000030517578,1523800
2015-04-23,76.5199966430664,76.5199966430664,76.80000305175781,75.0,75.08000183105469,1714100
2015-04-24,76.54000091552734,76.54000091552734,77.20999908447266,75.83999633789062,76.41000366210938,1831100
2015-04-27,76.55000305175781,76.55000305175781,77.29000091552734,76.36000061035156,76.83999633789062,1653200
2015-04-28,76.0199966430664,76.0199966430664,77.08999633789062,75.87000274658203,76.33999633789062,1698200
2015-04-29,76.6500015258789,76.6500015258789,77.26000213623047,75.47000122070312,75.61000061035156,2423900
2015-04-30,76.05999755859375,76.05999755859375,77.23999786376953,75.30999755859375,76.4000015258789,2109200
2015-05-01,76.43000030517578,76.43000030517578,76.66999816894531,75.66000366210938,76.29000091552734,1745400
2015-05-04,75.8499984741211,75.8499984741211,76.98999786376953,75.81999969482422,76.43000030517578,1655600
2015-05-05,75.0,75.0,75.62999725341797,74.75,75.3499984741211,2052200
2015-05-06,74.4800033569336,74.4800033569336,75.47000122070312,73.95999908447266,75.08000183105469,1997300
2015-05-07,74.7300033569336,74.7300033569336,74.83999633789062,74.16999816894531,74.4000015258789,2009500
2015-05-08,76.30999755859375,76.30999755859375,76.5199966430664,75.05000305175781,75.27999877929688,1585600
2015-05-11,76.79000091552734,76.79000091552734,77.33999633789062,76.06999969482422,76.31999969482422,2139400
2015-05-12,76.56999969482422,76.56999969482422,76.9000015258789,75.30000305175781,76.26000213623047,2082600
2015-05-13,77.08000183105469,77.08000183105469,77.4800033569336,76.52999877929688,76.5999984741211,1830500
2015-05-14,79.43000030517578,79.43000030517578,79.80999755859375,77.0999984741211,77.63999938964844,3068100
2015-05-15,78.91999816894531,78.91999816894531,80.0,78.62999725341797,80.0,2676200
2015-05-18,79.41000366210938,79.41000366210938,79.52999877929688,78.4000015258789,78.69000244140625,1436000
2015-05-19,79.62000274658203,79.62000274658203,79.93000030517578,79.37000274658203,79.75,2065600
2015-05-20,79.61000061035156,79.61000061035156,79.9000015258789,78.91000366210938,79.56999969482422,2639000
2015-05-21,80.55999755859375,80.55999755859375,80.73999786376953,79.19000244140625,79.54000091552734,2761200
2015-05-22,80.04000091552734,80.04000091552734,80.69999694824219,79.97000122070312,80.33999633789062,1824800
2015-05-26,79.36000061035156,79.36000061035156,80.12000274658203,78.83999633789062,79.91000366210938,2080800
2015-05-27,80.16000366210938,80.16000366210938,80.31999969482422,79.2699966430664,79.55000305175781,1671800
2015-05-28,80.0199966430664,80.0199966430664,80.41999816894531,79.75,80.16999816894531,1248400
2015-05-29,79.08999633789062,79.08999633789062,79.98999786376953,78.94000244140625,79.88999938964844,3288000
2015-06-01,79.87000274658203,79.87000274658203,80.0,78.58999633789062,79.5,2288400
2015-06-02,79.81999969482422,79.81999969482422,80.22000122070312,79.3499984741211,79.69999694824219,1533100
2015-06-03,80.12999725341797,80.12999725341797,80.33999633789062,79.44000244140625,79.93000030517578,1972000
2015-06-04,78.75,78.75,80.37999725341797,78.63999938964844,79.86000061035156,1659300
2015-06-05,78.86000061035156,78.86000061035156,79.38999938964844,78.37999725341797,78.63999938964844,1325500
2015-06-08,78.16000366210938,78.16000366210938,79.18000030517578,77.9000015258789,78.9000015258789,1621300
2015-06-09,77.9000015258789,77.9000015258789,78.05000305175781,76.94999694824219,77.87999725341797,2100900
2015-06-10,79.55999755859375,79.55999755859375,79.69999694824219,77.98999786376953,78.18000030517578,1776000
2015-06-11,79.6500015258789,79.6500015258789,80.29000091552734,79.41999816894531,79.80999755859375,1918300
2015-06-12,79.86000061035156,79.86000061035156,80.26000213623047,79.05999755859375,79.33000183105469,1794900
2015-06-15,78.9000015258789,78.9000015258789,79.25,78.3499984741211,79.16999816894531,2459700
2015-06-16,79.94000244140625,79.94000244140625,80.43000030517578,78.83000183105469,78.93000030517578,3579400
2015-06-17,77.91000366210938,77.91000366210938,80.0,77.73999786376953,79.5,6464200
2015-06-18,79.38999938964844,79.38999938964844,79.94000244140625,77.81999969482422,77.81999969482422,3858600
2015-06-19,79.69999694824219,79.69999694824219,79.94000244140625,79.05999755859375,79.41000366210938,3155600
2015-06-22,82.27999877929688,82.27999877929688,82.66000366210938,79.8499984741211,80.0,5830000
2015-06-23,83.55000305175781,83.55000305175781,83.7699966430664,82.0999984741211,82.16999816894531,4944400
2015-06-24,83.4000015258789,83.4000015258789,84.36000061035156,82.97000122070312,83.22000122070312,4311200
2015-06-25,83.94000244140625,83.94000244140625,84.2699966430664,83.48999786376953,83.81999969482422,3052900
2015-06-26,82.73999786376953,82.73999786376953,84.22000122070312,82.2699966430664,84.22000122070312,5914700
2015-06-29,81.27999877929688,81.27999877929688,82.05999755859375,81.1500015258789,81.22000122070312,4060300
2015-06-30,81.01000213623047,81.01000213623047,82.33999633789062,80.94999694824219,82.19000244140625,4086400
2015-07-01,80.94000244140625,80.94000244140625,81.91999816894531,80.70999908447266,81.56999969482422,2944300
2015-07-02,80.75,80.75,81.29000091552734,80.37999725341797,81.19000244140625,2200900
2015-07-06,80.5,80.5,81.19000244140625,80.0,80.0199966430664,2590900
2015-07-07,80.58999633789062,80.58999633789062,81.0,78.94000244140625,80.7699966430664,2781900
2015-07-08,79.98999786376953,79.98999786376953,80.5199966430664,79.4000015258789,79.94999694824219,4157600
2015-07-09,80.47000122070312,80.47000122070312,81.66999816894531,80.41000366210938,80.73999786376953,3067900
2015-07-10,80.58999633789062,80.58999633789062,81.5,80.47000122070312,81.5,3025100
2015-07-13,81.44000244140625,81.44000244140625,81.66000366210938,80.81999969482422,81.08999633789062,4597200
2015-07-14,81.88999938964844,81.88999938964844,82.3499984741211,81.23999786376953,81.66999816894531,4428100
2015-07-15,82.12000274658203,82.12000274658203,82.31999969482422,81.70999908447266,82.19999694824219,3214900
2015-07-16,82.5199966430664,82.5199966430664,82.66999816894531,82.19999694824219,82.6500015258789,2058100
2015-07-17,82.0999984741211,82.0999984741211,82.7300033569336,81.4800033569336,82.16999816894531,2402700
2015-07-20,82.08999633789062,82.08999633789062,82.19000244140625,81.44999694824219,82.0,1995800
2015-07-21,81.19000244140625,81.19000244140625,82.0999984741211,81.01000213623047,81.80000305175781,3916400
2015-07-22,80.7300033569336,80.7300033569336,81.75,80.6500015258789,81.37999725341797,2601200
2015-07-23,80.63999938964844,80.63999938964844,81.4000015258789,80.4800033569336,80.80000305175781,2579500
2015-07-24,80.9800033569336,80.9800033569336,81.36000061035156,80.54000091552734,81.0,3575300
2015-07-27,79.93000030517578,79.93000030517578,80.69999694824219,79.7300033569336,80.52999877929688,2762700
2015-07-28,80.58999633789062,80.58999633789062,80.6500015258789,79.12999725341797,80.06999969482422,2681000
2015-07-29,80.25,80.25,80.54000091552734,79.55999755859375,80.06999969482422,2178000
2015-07-30,81.29000091552734,81.29000091552734,81.80000305175781,79.19999694824219,79.9000015258789,2072700
2015-07-31,81.98999786376953,81.98999786376953,82.81999969482422,81.37000274658203,81.80000305175781,2893400
2015-08-03,81.4000015258789,81.4000015258789,82.26000213623047,80.69999694824219,82.18000030517578,2074000
2015-08-04,82.05999755859375,82.05999755859375,82.18000030517578,81.16999816894531,81.43000030517578,1375400
2015-08-05,83.37999725341797,83.37999725341797,84.12000274658203,82.16999816894531,82.77999877929688,1773000
2015-08-06,82.19000244140625,82.19000244140625,83.62999725341797,82.06999969482422,83.47000122070312,2272300
2015-08-07,82.69000244140625,82.69000244140625,82.91999816894531,81.4800033569336,81.87000274658203,1989700
2015-08-10,83.62000274658203,83.62000274658203,83.91999816894531,83.19000244140625,83.38999938964844,1999600
2015-08-11,83.9000015258789,83.9000015258789,84.86000061035156,83.05000305175781,84.05999755859375,3103200
2015-08-12,83.81999969482422,83.81999969482422,84.13999938964844,82.08000183105469,83.16000366210938,2218500
2015-08-13,84.30999755859375,84.30999755859375,84.83000183105469,83.0,83.81999969482422,1963400
2015-08-14,86.12000274658203,86.12000274658203,86.37999725341797,83.95999908447266,83.95999908447266,2610200
2015-08-17,86.7699966430664,86.7699966430664,86.77999877929688,84.9000015258789,86.0,1788300
2015-08-18,86.44999694824219,86.44999694824219,87.25,86.02999877929688,86.9800033569336,1468300
2015-08-19,85.4800033569336,85.4800033569336,86.47000122070312,85.20999908447266,86.12000274658203,2460800
2015-08-20,82.69000244140625,82.69000244140625,84.9000015258789,82.69000244140625,84.66000366210938,3108800
2015-08-21,78.87000274658203,78.87000274658203,82.16000366210938,78.87000274658203,81.94000244140625,6807400
2015-08-24,74.2699966430664,74.2699966430664,77.81999969482422,71.33000183105469,75.0,6938500
2015-08-25,74.56999969482422,74.56999969482422,78.33000183105469,74.47000122070312,77.0199966430664,7465400
2015-08-26,77.33000183105469,77.33000183105469,77.61000061035156,74.55999755859375,76.13999938964844,4243600
2015-08-27,78.91000366210938,78.91000366210938,79.27999877929688,77.38999938964844,78.41000366210938,5197200
2015-08-28,79.4000015258789,79.4000015258789,79.44999694824219,77.75,78.41999816894531,3316400
2015-08-31,78.56999969482422,78.56999969482422,79.69999694824219,78.30000305175781,79.37999725341797,2313100
2015-09-01,75.98999786376953,75.98999786376953,77.81999969482422,75.62999725341797,77.06999969482422,3206400
2015-09-02,77.25,77.25,77.33000183105469,75.54000091552734,77.0,3533800
2015-09-03,78.31999969482422,78.31999969482422,79.55000305175781,77.36000061035156,77.5999984741211,3480100
2015-09-04,76.88999938964844,76.88999938964844,78.2699966430664,76.38999938964844,76.98999786376953,2326500
2015-09-08,79.77999877929688,79.77999877929688,79.91000366210938,78.12999725341797,78.63999938964844,2670600
2015-09-09,78.5199966430664,78.5199966430664,81.51000213623047,78.2300033569336,80.79000091552734,2460300
2015-09-10,78.69999694824219,78.69999694824219,78.97000122070312,78.01000213623047,78.62999725341797,3541000
2015-09-11,79.19000244140625,79.19000244140625,79.2300033569336,77.94000244140625,78.44000244140625,2913700
2015-09-14,78.45999908447266,78.45999908447266,79.41000366210938,78.27999877929688,79.3499984741211,2545900
2015-09-15,79.52999877929688,79.52999877929688,80.11000061035156,78.30000305175781,78.61000061035156,3436300
2015-09-16,80.52999877929688,80.52999877929688,80.66999816894531,79.31999969482422,79.51000213623047,2509800
2015-09-17,80.30999755859375,80.30999755859375,81.87999725341797,79.69999694824219,80.44999694824219,4892900
2015-09-18,81.25,81.25,84.94999694824219,78.16000366210938,78.54000091552734,16424000
2015-09-21,83.31999969482422,83.31999969482422,83.69000244140625,81.41999816894531,81.41999816894531,4919700
2015-09-22,84.66000366210938,84.66000366210938,84.83000183105469,81.7699966430664,81.9800033569336,6336500
2015-09-23,85.5,85.5,85.98999786376953,84.05000305175781,84.91999816894531,4007700
2015-09-24,83.91000366210938,83.91000366210938,85.37000274658203,83.36000061035156,85.06999969482422,4463700
2015-09-25,83.12999725341797,83.12999725341797,84.72000122070312,82.58000183105469,84.70999908447266,3736900
2015-09-28,80.5199966430664,80.5199966430664,83.0,80.02999877929688,82.87999725341797,3435700
2015-09-29,79.83000183105469,79.83000183105469,80.58000183105469,79.08999633789062,80.5199966430664,3126300
2015-09-30,82.22000122070312,82.22000122070312,82.37000274658203,80.37999725341797,80.87999725341797,3653800
2015-10-01,83.75,83.75,83.7699966430664,81.56999969482422,82.41999816894531,3407800
2015-10-02,83.98999786376953,83.98999786376953,84.01000213623047,81.29000091552734,82.20999908447266,3402600
2015-10-05,85.83999633789062,85.83999633789062,86.30999755859375,84.48999786376953,84.80000305175781,4204800
2015-10-06,85.1500015258789,85.1500015258789,86.0,84.83999633789062,85.5999984741211,3662900
2015-10-07,80.6500015258789,80.6500015258789,83.0999984741211,79.0199966430664,82.19999694824219,14474800
2015-10-08,82.26000213623047,82.26000213623047,82.4800033569336,80.19999694824219,80.44999694824219,4596000
2015-10-09,83.81999969482422,83.81999969482422,83.9000015258789,81.98999786376953,82.41000366210938,3774300
2015-10-12,83.91999816894531,83.91999816894531,84.83999633789062,83.2300033569336,83.66000366210938,2706600
2015-10-13,83.6500015258789,83.6500015258789,84.63999938964844,83.30999755859375,83.31999969482422,1992800
2015-10-14,83.80000305175781,83.80000305175781,84.7300033569336,83.4000015258789,84.0,2391200
2015-10-15,86.7699966430664,86.7699966430664,86.86000061035156,84.08999633789062,84.19000244140625,4381900
2015-10-16,88.66999816894531,88.66999816894531,89.04000091552734,86.18000030517578,87.16999816894531,5332100
2015-10-19,88.4000015258789,88.4000015258789,88.48999786376953,87.02999877929688,88.1500015258789,3353900
2015-10-20,86.83999633789062,86.83999633789062,88.6500015258789,86.41999816894531,88.1500015258789,2694200
2015-10-21,86.12999725341797,86.12999725341797,87.56999969482422,85.87000274658203,87.22000122070312,2883000
2015-10-22,88.45999908447266,88.45999908447266,88.83000183105469,86.55999755859375,86.55999755859375,3547100
2015-10-23,87.86000061035156,87.86000061035156,89.44000244140625,87.44000244140625,89.0,6744100
2015-10-26,88.83999633789062,88.83999633789062,89.69999694824219,87.61000061035156,87.91000366210938,2375700
2015-10-27,88.05000305175781,88.05000305175781,88.8499984741211,87.80999755859375,88.6500015258789,2593600
2015-10-28,88.5,88.5,88.83000183105469,87.58000183105469,88.44000244140625,3206700
2015-10-29,88.12000274658203,88.12000274658203,88.5,87.51000213623047,88.26000213623047,1623400
2015-10-30,88.66000366210938,88.66000366210938,89.48999786376953,87.9000015258789,87.98999786376953,2131600
2015-11-02,89.91000366210938,89.91000366210938,90.5500030517578,88.47000122070312,89.02999877929688,2904700
2015-11-03,90.36000061035156,90.36000061035156,90.73999786376952,88.91999816894531,89.58999633789062,2102200
2015-11-04,91.01000213623048,91.01000213623048,91.33999633789062,90.20999908447266,90.33999633789062,1873700
2015-11-05,90.5500030517578,90.5500030517578,91.87000274658205,89.79000091552734,91.5,1835600
2015-11-06,90.69000244140624,90.69000244140624,90.79000091552734,88.97000122070312,90.06999969482422,2004200
2015-11-09,89.80000305175781,89.80000305175781,90.48999786376952,88.98999786376953,90.23999786376952,1705200
2015-11-10,90.27999877929688,90.27999877929688,90.30999755859376,88.98999786376953,89.55999755859375,1943600
2015-11-11,91.20999908447266,91.20999908447266,91.47000122070312,90.25,90.68000030517578,2361500
2015-11-12,90.83999633789062,90.83999633789062,91.87999725341795,90.73999786376952,91.08000183105467,2458800
2015-11-13,89.0199966430664,89.0199966430664,90.9499969482422,88.80000305175781,90.9499969482422,1831400
2015-11-16,89.7699966430664,89.7699966430664,89.80000305175781,88.0,89.66000366210938,2198500
2015-11-17,90.29000091552734,90.29000091552734,91.29000091552734,89.87000274658203,89.95999908447266,1736500
2015-11-18,91.2699966430664,91.2699966430664,91.38999938964844,89.47000122070312,90.30999755859376,1453600
2015-11-19,91.76000213623048,91.76000213623048,92.12999725341795,91.27999877929688,91.5199966430664,2414400
2015-11-20,91.80999755859376,91.80999755859376,92.5,91.22000122070312,92.33000183105467,2134500
2015-11-23,91.95999908447266,91.95999908447266,92.37000274658205,91.2699966430664,91.81999969482422,1570400
2015-11-24,92.0,92.0,92.22000122070312,90.08999633789062,91.13999938964844,2046200
2015-11-25,91.7699966430664,91.7699966430664,92.5,91.6999969482422,92.3000030517578,1117800
2015-11-27,92.16999816894533,92.16999816894533,92.56999969482422,91.7699966430664,91.86000061035156,633000
2015-11-30,91.45999908447266,91.45999908447266,92.66000366210938,91.12999725341795,92.41000366210938,2380200
2015-12-01,92.5500030517578,92.5500030517578,92.58000183105467,91.0999984741211,92.01000213623048,1545100
2015-12-02,92.0199966430664,92.0199966430664,92.8499984741211,91.68000030517578,92.5199966430664,1904500
2015-12-03,89.91000366210938,89.91000366210938,92.76000213623048,89.7300033569336,91.97000122070312,2424500
2015-12-04,92.58000183105467,92.58000183105467,92.81999969482422,90.12999725341795,90.12999725341795,2980800
2015-12-07,89.5999984741211,89.5999984741211,92.87999725341795,89.22000122070312,92.55999755859376,3958700
2015-12-08,91.72000122070312,91.72000122070312,92.08999633789062,88.95999908447266,89.22000122070312,3372900
2015-12-09,89.55999755859375,89.55999755859375,91.79000091552734,88.94999694824219,91.04000091552734,3333600
2015-12-10,88.95999908447266,88.95999908447266,90.43000030517578,88.51000213623047,90.41000366210938,4751900
2015-12-11,91.41999816894533,91.41999816894533,93.6500015258789,90.12000274658205,92.51000213623048,8315000
2015-12-14,93.26000213623048,93.26000213623048,93.30999755859376,91.0199966430664,91.70999908447266,3784100
2015-12-15,94.0199966430664,94.0199966430664,95.79000091552734,93.72000122070312,93.9800033569336,4099800
2015-12-16,95.55999755859376,95.55999755859376,95.66000366210938,93.61000061035156,94.41000366210938,2613900
2015-12-17,94.1999969482422,94.1999969482422,96.41999816894533,94.19000244140624,95.6999969482422,3069700
2015-12-18,91.30999755859376,91.30999755859376,93.91999816894533,91.3000030517578,93.7300033569336,5314200
2015-12-21,91.62000274658205,91.62000274658205,92.69000244140624,90.80999755859376,92.16000366210938,2663600
2015-12-22,93.81999969482422,93.81999969482422,93.9499969482422,91.62999725341795,91.94000244140624,1873600
2015-12-23,94.6999969482422,94.6999969482422,94.98999786376952,93.52999877929688,94.41999816894533,1526500
2015-12-24,94.3000030517578,94.3000030517578,95.19000244140624,94.02999877929688,94.4499969482422,598200
2015-12-28,94.1999969482422,94.1999969482422,94.3000030517578,93.2300033569336,93.79000091552734,1027000
2015-12-29,95.33000183105467,95.33000183105467,95.9000015258789,94.5999984741211,94.5999984741211,1124900
2015-12-30,95.27999877929688,95.27999877929688,96.0199966430664,95.0,95.19000244140624,1153600
2015-12-31,93.94000244140624,93.94000244140624,95.20999908447266,93.87999725341795,95.06999969482422,1454000
2016-01-04,91.97000122070312,91.97000122070312,92.0,90.54000091552734,91.7699966430664,2993800
2016-01-05,92.33999633789062,92.33999633789062,92.8499984741211,91.41000366210938,92.01000213623048,1821300
2016-01-06,91.0199966430664,91.0199966430664,91.5,90.23999786376952,91.0999984741211,1674000
2016-01-07,89.11000061035156,89.11000061035156,91.4000015258789,88.70999908447266,89.4000015258789,2717800
2016-01-08,87.8499984741211,87.8499984741211,89.98999786376953,87.62999725341797,89.68000030517578,2263400
2016-01-11,89.37999725341797,89.37999725341797,89.80000305175781,87.83999633789062,88.06999969482422,2362200
2016-01-12,89.81999969482422,89.81999969482422,91.02999877929688,88.41000366210938,89.88999938964844,2370500
2016-01-13,88.30000305175781,88.30000305175781,91.44000244140624,87.98999786376953,90.58999633789062,3409100
2016-01-14,89.80000305175781,89.80000305175781,90.3000030517578,87.31999969482422,88.91999816894531,4087500
2016-01-15,89.16999816894531,89.16999816894531,89.3499984741211,86.81999969482422,86.83999633789062,3937500
2016-01-19,89.18000030517578,89.18000030517578,91.4000015258789,88.37000274658203,90.29000091552734,3680600
2016-01-20,87.94000244140625,87.94000244140625,88.76000213623047,84.66999816894531,87.69000244140625,3667200
2016-01-21,88.0,88.0,89.93000030517578,87.13999938964844,88.63999938964844,4298700
2016-01-22,89.62999725341797,89.62999725341797,89.93000030517578,88.4800033569336,89.55000305175781,5390100
2016-01-25,86.7699966430664,86.7699966430664,89.26000213623047,86.62999725341797,88.38999938964844,3945000
2016-01-26,86.88999938964844,86.88999938964844,87.58000183105469,85.47000122070312,87.26000213623047,2745700
2016-01-27,84.8499984741211,84.8499984741211,87.83000183105469,84.51000213623047,87.2699966430664,3070600
2016-01-28,84.5199966430664,84.5199966430664,85.73999786376953,82.69999694824219,85.54000091552734,5315500
2016-01-29,89.12999725341797,89.12999725341797,89.12999725341797,85.12000274658203,85.55000305175781,4679500
2016-02-01,89.61000061035156,89.61000061035156,90.23999786376952,87.9000015258789,88.16000366210938,2893100
2016-02-02,87.94999694824219,87.94999694824219,89.0199966430664,87.63999938964844,88.70999908447266,3070900
2016-02-03,87.98999786376953,87.98999786376953,89.25,86.66999816894531,88.91000366210938,3185700
2016-02-04,86.36000061035156,86.36000061035156,87.97000122070312,85.77999877929688,87.81999969482422,3417400
2016-02-05,79.19999694824219,79.19999694824219,85.5,77.83000183105469,85.5,10644200
2016-02-08,74.94000244140625,74.94000244140625,78.33000183105469,71.2699966430664,77.4000015258789,12910000
2016-02-09,73.8499984741211,73.8499984741211,77.19000244140625,73.04000091552734,74.76000213623047,6697400
2016-02-10,75.52999877929688,75.52999877929688,77.61000061035156,73.9000015258789,74.98999786376953,6465300
2016-02-11,74.94000244140625,74.94000244140625,75.52999877929688,73.58000183105469,74.04000091552734,4984700
2016-02-12,76.66999816894531,76.66999816894531,77.36000061035156,75.4000015258789,75.98999786376953,4368700
2016-02-16,78.87999725341797,78.87999725341797,79.19999694824219,77.12999725341797,77.12999725341797,4736400
2016-02-17,81.8499984741211,81.8499984741211,82.06999969482422,78.54000091552734,79.4000015258789,4474200
2016-02-18,80.52999877929688,80.52999877929688,82.81999969482422,80.13999938964844,82.30000305175781,3560300
2016-02-19,80.87000274658203,80.87000274658203,80.94000244140625,79.51000213623047,80.31999969482422,3928900
2016-02-22,83.80000305175781,83.80000305175781,84.16000366210938,82.05000305175781,82.08999633789062,3615500
2016-02-23,83.06999969482422,83.06999969482422,84.48999786376953,82.86000061035156,83.41000366210938,2958400
2016-02-24,83.41999816894531,83.41999816894531,83.52999877929688,80.93000030517578,82.22000122070312,2667300
2016-02-25,86.68000030517578,86.68000030517578,86.72000122070312,84.1500015258789,84.76000213623047,3284000
2016-02-26,86.5999984741211,86.5999984741211,87.4800033569336,84.0999984741211,87.11000061035156,3723200
2016-02-29,85.1500015258789,85.1500015258789,86.19000244140625,85.08999633789062,86.01000213623047,3156400
2016-03-01,88.37000274658203,88.37000274658203,88.4000015258789,84.58999633789062,85.91999816894531,3603900
2016-03-02,88.38999938964844,88.38999938964844,88.55000305175781,87.26000213623047,88.12000274658203,2863500
2016-03-03,87.20999908447266,87.20999908447266,88.5,85.8499984741211,88.5,3082100
2016-03-04,86.18000030517578,86.18000030517578,87.94000244140625,85.58000183105469,87.93000030517578,3002500
2016-03-07,85.11000061035156,85.11000061035156,85.95999908447266,84.05000305175781,85.58000183105469,3121300
2016-03-08,84.3499984741211,84.3499984741211,85.94999694824219,83.16999816894531,84.25,3245700
2016-03-09,85.2699966430664,85.2699966430664,85.29000091552734,83.25,84.87999725341797,2491500
2016-03-10,84.8499984741211,84.8499984741211,86.5199966430664,83.58999633789062,85.05999755859375,2969700
2016-03-11,86.0,86.0,86.2300033569336,84.62999725341797,85.19999694824219,3330400
2016-03-14,87.01000213623047,87.01000213623047,87.75,85.83999633789062,86.11000061035156,3754500
2016-03-15,86.83000183105469,86.83000183105469,87.19000244140625,86.22000122070312,86.4000015258789,2909600
2016-03-16,88.16999816894531,88.16999816894531,88.4800033569336,86.4000015258789,86.69999694824219,3383000
2016-03-17,89.95999908447266,89.95999908447266,90.20999908447266,87.25,88.66000366210938,6914600
2016-03-18,93.41999816894533,93.41999816894533,98.0,93.11000061035156,98.0,12530100
2016-03-21,92.5,92.5,93.2699966430664,91.33000183105467,92.69000244140624,4657300
2016-03-22,92.55999755859376,92.55999755859376,93.41999816894533,92.0500030517578,92.05999755859376,4475800
2016-03-23,92.16000366210938,92.16000366210938,92.94000244140624,91.93000030517578,92.62000274658205,2767600
2016-03-24,92.5199966430664,92.5199966430664,92.73999786376952,91.25,91.5,3266800
2016-03-28,92.4000015258789,92.4000015258789,92.83000183105467,91.9000015258789,92.68000030517578,2283000
2016-03-29,93.22000122070312,93.22000122070312,93.44000244140624,91.76000213623048,91.79000091552734,4248600
2016-03-30,93.77999877929688,93.77999877929688,94.4800033569336,92.9800033569336,93.62999725341795,6797200
2016-03-31,93.8000030517578,93.8000030517578,94.58000183105467,93.2300033569336,93.76000213623048,6561400
2016-04-01,95.16000366210938,95.16000366210938,95.47000122070312,92.7699966430664,93.33000183105467,3981300
2016-04-04,94.5,94.5,96.27999877929688,94.2300033569336,95.41999816894533,2398300
2016-04-05,94.16999816894533,94.16999816894533,94.7699966430664,93.22000122070312,93.31999969482422,2472600
2016-04-06,95.4000015258789,95.4000015258789,95.48999786376952,93.97000122070312,94.06999969482422,2705700
2016-04-07,93.77999877929688,93.77999877929688,94.88999938964844,93.19000244140624,94.72000122070312,2370500
2016-04-08,94.06999969482422,94.06999969482422,94.5,93.38999938964844,94.4800033569336,2063100
2016-04-11,92.9499969482422,92.9499969482422,94.80999755859376,92.83999633789062,94.43000030517578,2165100
2016-04-12,93.41999816894533,93.41999816894533,93.66999816894533,92.22000122070312,93.18000030517578,2079000
2016-04-13,94.52999877929688,94.52999877929688,94.5999984741211,93.69000244140624,93.81999969482422,2055000
2016-04-14,94.44000244140624,94.44000244140624,94.70999908447266,94.01000213623048,94.33999633789062,1764000
2016-04-15,95.16000366210938,95.16000366210938,95.22000122070312,94.16000366210938,94.66000366210938,2187400
2016-04-18,96.5500030517578,96.5500030517578,96.58000183105467,94.58999633789062,94.75,2174900
2016-04-19,96.5199966430664,96.5199966430664,97.69000244140624,95.12999725341795,97.0,2507100
2016-04-20,96.33000183105467,96.33000183105467,97.0,95.76000213623048,97.0,2712100
2016-04-21,96.37000274658205,96.37000274658205,97.13999938964844,95.76000213623048,96.20999908447266,2066900
2016-04-22,94.79000091552734,94.79000091552734,96.23999786376952,93.76000213623048,96.16999816894533,3797900
2016-04-25,95.8000030517578,95.8000030517578,96.04000091552734,94.22000122070312,94.37999725341795,2047000
2016-04-26,96.1500015258789,96.1500015258789,96.3000030517578,95.22000122070312,95.95999908447266,1419300
2016-04-27,95.63999938964844,95.63999938964844,95.98999786376952,94.52999877929688,95.72000122070312,2082800
2016-04-28,93.63999938964844,93.63999938964844,95.73999786376952,93.1500015258789,94.8000030517578,3497700
2016-04-29,94.22000122070312,94.22000122070312,94.58000183105467,92.31999969482422,92.88999938964844,3163800
2016-05-02,94.9000015258789,94.9000015258789,94.98999786376952,93.80999755859376,94.29000091552734,2330600
2016-05-03,93.66000366210938,93.66000366210938,94.38999938964844,93.08999633789062,94.06999969482422,1811400
2016-05-04,92.94000244140624,92.94000244140624,93.58999633789062,92.5500030517578,93.18000030517578,1710700
2016-05-05,93.5,93.5,94.22000122070312,92.91999816894533,93.0999984741211,1894800
2016-05-06,94.3000030517578,94.3000030517578,94.4000015258789,92.56999969482422,93.12999725341795,1465000
2016-05-09,94.61000061035156,94.61000061035156,95.19000244140624,93.87000274658205,94.0,1406900
2016-05-10,96.5199966430664,96.5199966430664,96.58999633789062,94.75,94.81999969482422,1808400
2016-05-11,96.0999984741211,96.0999984741211,97.26000213623048,96.04000091552734,96.26000213623048,1569100
2016-05-12,95.95999908447266,95.95999908447266,96.9800033569336,94.93000030517578,96.30999755859376,1198100
2016-05-13,95.97000122070312,95.97000122070312,97.20999908447266,95.37000274658205,95.62000274658205,2221100
2016-05-16,97.2300033569336,97.2300033569336,97.76000213623048,95.91000366210938,95.91000366210938,1918500
2016-05-17,95.93000030517578,95.93000030517578,97.3499984741211,95.75,96.80999755859376,3279600
2016-05-18,96.6999969482422,96.6999969482422,97.43000030517578,95.5,95.77999877929688,2010400
2016-05-19,95.87999725341795,95.87999725341795,96.9499969482422,95.25,96.41000366210938,1988400
2016-05-20,96.87999725341795,96.87999725341795,97.12000274658205,95.86000061035156,96.0999984741211,2217900
2016-05-23,96.62000274658205,96.62000274658205,97.41999816894533,96.5,96.70999908447266,1095900
2016-05-24,99.62999725341795,99.62999725341795,99.6999969482422,96.97000122070312,97.18000030517578,3014800
2016-05-25,99.61000061035156,99.61000061035156,99.98999786376952,98.8000030517578,99.91000366210938,1954500
2016-05-26,99.37000274658205,99.37000274658205,100.33000183105467,99.06999969482422,99.80999755859376,1970900
2016-05-27,100.13999938964844,100.13999938964844,100.13999938964844,98.9000015258789,99.5199966430664,1603600
2016-05-31,99.47000122070312,99.47000122070312,100.55999755859376,99.3499984741211,100.13999938964844,3480500
2016-06-01,100.04000091552734,100.04000091552734,100.4000015258789,98.93000030517578,99.23999786376952,1662600
2016-06-02,100.16999816894533,100.16999816894533,100.16999816894533,99.16999816894533,99.9800033569336,1761700
2016-06-03,98.6999969482422,98.6999969482422,99.5199966430664,97.88999938964844,99.5199966430664,2417000
2016-06-06,99.12000274658205,99.12000274658205,99.48999786376952,98.47000122070312,99.16000366210938,1395800
2016-06-07,98.5199966430664,98.5199966430664,99.66999816894533,98.47000122070312,99.51000213623048,2143900
2016-06-08,98.68000030517578,98.68000030517578,98.91000366210938,97.98999786376952,98.4499969482422,2078700
2016-06-09,98.06999969482422,98.06999969482422,98.6999969482422,97.8499984741211,98.36000061035156,1609400
2016-06-10,97.08999633789062,97.08999633789062,97.87000274658205,96.75,96.88999938964844,1863800
2016-06-13,96.95999908447266,96.95999908447266,98.08999633789062,96.6999969482422,96.87000274658205,2291500
2016-06-14,96.9800033569336,96.9800033569336,97.26000213623048,96.31999969482422,96.52999877929688,1889800
2016-06-15,97.0199966430664,97.0199966430664,97.83000183105467,96.9000015258789,97.01000213623048,2270400
2016-06-16,97.19000244140624,97.19000244140624,97.3000030517578,95.54000091552734,96.5,1952000
2016-06-17,95.58000183105467,95.58000183105467,97.38999938964844,95.36000061035156,97.25,4541500
2016-06-20,97.98999786376952,97.98999786376952,98.75,96.7699966430664,97.0999984741211,4310600
2016-06-21,99.72000122070312,99.72000122070312,99.91999816894533,98.12999725341795,98.63999938964844,6505100
2016-06-22,94.01000213623048,94.01000213623048,96.5,93.86000061035156,95.52999877929688,10280500
2016-06-23,96.20999908447266,96.20999908447266,96.27999877929688,94.30999755859376,94.7300033569336,3803200
2016-06-24,92.1999969482422,92.1999969482422,94.3499984741211,92.04000091552734,92.38999938964844,4329100
2016-06-27,90.8499984741211,90.8499984741211,92.02999877929688,90.3499984741211,91.36000061035156,3925700
2016-06-28,92.45999908447266,92.45999908447266,92.6500015258789,91.36000061035156,91.37000274658205,3319200
2016-06-29,94.38999938964844,94.38999938964844,94.62000274658205,92.68000030517578,92.91000366210938,2965500
2016-06-30,95.79000091552734,95.79000091552734,95.87999725341795,94.12999725341795,94.4800033569336,3544700
2016-07-01,95.31999969482422,95.31999969482422,97.13999938964844,95.0,95.04000091552734,3001900
2016-07-05,94.7300033569336,94.7300033569336,95.61000061035156,94.1500015258789,94.5500030517578,2314600
2016-07-06,95.18000030517578,95.18000030517578,95.4800033569336,94.05999755859376,94.52999877929688,1490300
2016-07-07,95.13999938964844,95.13999938964844,95.51000213623048,94.54000091552734,95.01000213623048,1576200
2016-07-08,96.79000091552734,96.79000091552734,96.86000061035156,95.33999633789062,95.93000030517578,2023900
2016-07-11,97.13999938964844,97.13999938964844,97.5500030517578,96.80999755859376,96.9800033569336,1732000
2016-07-12,97.54000091552734,97.54000091552734,97.79000091552734,96.6999969482422,97.25,2051400
2016-07-13,97.33999633789062,97.33999633789062,98.37999725341795,97.33999633789062,97.97000122070312,2125700
2016-07-14,97.6999969482422,97.6999969482422,98.13999938964844,97.45999908447266,98.0,1402200
2016-07-15,97.83000183105467,97.83000183105467,98.4000015258789,97.5,98.38999938964844,1530100
2016-07-18,97.79000091552734,97.79000091552734,98.52999877929688,97.58000183105467,97.73999786376952,1544200
2016-07-19,97.79000091552734,97.79000091552734,98.16999816894533,97.0,97.11000061035156,1797000
2016-07-20,98.4000015258789,98.4000015258789,98.88999938964844,97.8499984741211,98.16000366210938,1553800
2016-07-21,96.33999633789062,96.33999633789062,98.43000030517578,96.08000183105467,98.12000274658205,2579500
2016-07-22,98.05999755859376,98.05999755859376,98.23999786376952,96.08999633789062,96.70999908447266,2101500
2016-07-25,97.31999969482422,97.31999969482422,97.75,96.87999725341795,97.75,1815100
2016-07-26,97.91000366210938,97.91000366210938,98.41999816894533,97.0,97.80999755859376,2196500
2016-07-27,97.93000030517578,97.93000030517578,98.41000366210938,97.38999938964844,97.58999633789062,2312900
2016-07-28,98.44000244140624,98.44000244140624,98.61000061035156,97.56999969482422,97.91999816894533,1666000
2016-07-29,97.86000061035156,97.86000061035156,98.5500030517578,97.2300033569336,98.4000015258789,1786600
2016-08-01,97.72000122070312,97.72000122070312,98.16000366210938,97.22000122070312,97.75,1474600
2016-08-02,96.0500030517578,96.0500030517578,97.62999725341795,95.41999816894533,97.37999725341795,2352700
2016-08-03,96.66999816894533,96.66999816894533,96.68000030517578,95.6500015258789,96.05999755859376,2070700
2016-08-04,97.08999633789062,97.08999633789062,97.27999877929688,96.19000244140624,96.5,1282600
2016-08-05,99.04000091552734,99.04000091552734,99.08000183105467,97.1500015258789,97.36000061035156,1932100
2016-08-08,98.48999786376952,98.48999786376952,98.9499969482422,98.3000030517578,98.86000061035156,1107200
2016-08-09,98.87000274658205,98.87000274658205,99.22000122070312,98.47000122070312,98.70999908447266,1001700
2016-08-10,100.62000274658205,100.62000274658205,100.98999786376952,99.08999633789062,99.12999725341795,2670200
2016-08-11,101.66999816894533,101.66999816894533,101.93000030517578,100.58999633789062,100.8499984741211,2259000
2016-08-12,101.04000091552734,101.04000091552734,101.1999969482422,100.05999755859376,100.9800033569336,1713300
2016-08-15,100.93000030517578,100.93000030517578,101.62999725341795,100.87999725341795,101.37999725341795,1697600
2016-08-16,100.5999984741211,100.5999984741211,100.97000122070312,99.91000366210938,100.5199966430664,1649300
2016-08-17,99.6999969482422,99.6999969482422,100.80999755859376,99.4499969482422,100.6500015258789,2123900
2016-08-18,100.66999816894533,100.66999816894533,100.93000030517578,99.5999984741211,99.5999984741211,2027000
2016-08-19,100.31999969482422,100.31999969482422,100.61000061035156,99.72000122070312,100.30999755859376,1587900
2016-08-22,100.23999786376952,100.23999786376952,100.68000030517578,99.91999816894533,100.31999969482422,1000800
2016-08-23,101.13999938964844,101.13999938964844,101.27999877929688,100.23999786376952,100.45999908447266,1008500
2016-08-24,101.13999938964844,101.13999938964844,101.5199966430664,100.69000244140624,101.0,1425200
2016-08-25,101.69000244140624,101.69000244140624,101.79000091552734,100.91000366210938,101.1500015258789,1174100
2016-08-26,102.05999755859376,102.05999755859376,102.75,101.08000183105467,101.68000030517578,1834600
2016-08-29,102.3000030517578,102.3000030517578,102.68000030517578,101.4000015258789,101.8499984741211,1161600
2016-08-30,102.0,102.0,102.38999938964844,101.51000213623048,102.08999633789062,1325100
2016-08-31,102.30999755859376,102.30999755859376,102.5999984741211,101.51000213623048,101.66000366210938,1773000
2016-09-01,102.9000015258789,102.9000015258789,102.97000122070312,101.80999755859376,102.2300033569336,2006600
2016-09-02,103.56999969482422,103.56999969482422,104.16000366210938,102.9499969482422,103.48999786376952,1719300
2016-09-06,103.5,103.5,103.73999786376952,103.08999633789062,103.33000183105467,1585100
2016-09-07,103.0,103.0,103.51000213623048,102.58000183105467,103.47000122070312,1386500
2016-09-08,101.87999725341795,101.87999725341795,102.97000122070312,101.62000274658205,102.7699966430664,2110600
2016-09-09,99.37999725341795,99.37999725341795,101.27999877929688,99.37999725341795,100.97000122070312,3379300
2016-09-12,100.31999969482422,100.31999969482422,100.5,99.0,99.18000030517578,2882600
2016-09-13,98.7699966430664,98.7699966430664,99.91999816894533,97.87000274658205,99.91999816894533,3797600
2016-09-14,98.79000091552734,98.79000091552734,99.5500030517578,98.48999786376952,98.9499969482422,2025300
2016-09-15,99.62000274658205,99.62000274658205,100.04000091552734,98.48999786376952,98.83999633789062,3095000
2016-09-16,98.93000030517578,98.93000030517578,99.66999816894533,98.31999969482422,99.26000213623048,3700600
2016-09-19,99.68000030517578,99.68000030517578,100.20999908447266,99.0199966430664,99.20999908447266,3307500
2016-09-20,100.62000274658205,100.62000274658205,100.91000366210938,99.72000122070312,100.16000366210938,4104900
2016-09-21,107.77999877929688,107.77999877929688,108.22000122070312,105.8000030517578,106.54000091552734,8764500
2016-09-22,107.91999816894533,107.91999816894533,108.5,107.01000213623048,107.45999908447266,3960300
2016-09-23,107.47000122070312,107.47000122070312,108.0,106.79000091552734,107.20999908447266,3087200
2016-09-26,107.26000213623048,107.26000213623048,107.56999969482422,106.52999877929688,106.91000366210938,2342700
2016-09-27,109.6999969482422,109.6999969482422,109.76000213623048,106.73999786376952,106.98999786376952,3531400
2016-09-28,109.48999786376952,109.48999786376952,109.69000244140624,108.81999969482422,109.4800033569336,2739800
2016-09-29,107.8000030517578,107.8000030517578,109.56999969482422,107.5500030517578,109.5,2436900
2016-09-30,108.54000091552734,108.54000091552734,108.83999633789062,107.44000244140624,108.1500015258789,3717600
2016-10-03,108.4499969482422,108.4499969482422,108.95999908447266,108.16000366210938,108.41000366210938,1553800
2016-10-04,108.38999938964844,108.38999938964844,108.94000244140624,107.8499984741211,108.5199966430664,1394000
2016-10-05,108.8000030517578,108.8000030517578,109.33000183105467,108.31999969482422,108.56999969482422,1855000
2016-10-06,108.55999755859376,108.55999755859376,109.2699966430664,108.13999938964844,108.72000122070312,1590800
2016-10-07,108.63999938964844,108.63999938964844,109.06999969482422,107.5999984741211,109.06999969482422,1412700
2016-10-10,109.23999786376952,109.23999786376952,110.12999725341795,109.1500015258789,109.1500015258789,1581600
2016-10-11,107.37000274658205,107.37000274658205,109.1999969482422,107.04000091552734,109.0,1970900
2016-10-12,108.0500030517578,108.0500030517578,108.41999816894533,106.81999969482422,108.41999816894533,1463800
2016-10-13,108.01000213623048,108.01000213623048,108.12999725341795,106.52999877929688,107.12999725341795,1588500
2016-10-14,107.83999633789062,107.83999633789062,109.0999984741211,107.81999969482422,108.19000244140624,1968000
2016-10-17,107.48999786376952,107.48999786376952,108.27999877929688,107.38999938964844,108.0,1136500
2016-10-18,108.41999816894533,108.41999816894533,108.81999969482422,108.01000213623048,108.44000244140624,1319000
2016-10-19,108.38999938964844,108.38999938964844,108.88999938964844,108.1500015258789,108.80999755859376,1281500
2016-10-20,109.02999877929688,109.02999877929688,109.37999725341795,107.5500030517578,108.41000366210938,1820800
2016-10-21,109.02999877929688,109.02999877929688,109.16999816894533,107.62999725341795,108.51000213623048,1838300
2016-10-24,110.80999755859376,110.80999755859376,111.08999633789062,109.3499984741211,109.62999725341795,2014900
2016-10-25,109.02999877929688,109.02999877929688,110.7699966430664,108.9499969482422,110.76000213623048,1712900
2016-10-26,107.97000122070312,107.97000122070312,108.81999969482422,107.58999633789062,108.73999786376952,1623700
2016-10-27,107.06999969482422,107.06999969482422,108.66000366210938,106.69000244140624,108.47000122070312,2393900
2016-10-28,107.5999984741211,107.5999984741211,108.31999969482422,107.0500030517578,107.08000183105467,1931100
2016-10-31,107.51000213623048,107.51000213623048,108.29000091552734,107.04000091552734,108.0199966430664,1678400
2016-11-01,106.87000274658205,106.87000274658205,107.97000122070312,106.04000091552734,107.79000091552734,1951400
2016-11-02,105.88999938964844,105.88999938964844,106.9499969482422,105.56999969482422,106.8499984741211,2140300
2016-11-03,107.16999816894533,107.16999816894533,108.16000366210938,106.4800033569336,106.54000091552734,3667000
2016-11-04,106.1999969482422,106.1999969482422,107.08999633789062,105.5999984741211,105.8499984741211,2587500
2016-11-07,108.66000366210938,108.66000366210938,108.97000122070312,107.37000274658205,107.66000366210938,2729900
2016-11-08,108.38999938964844,108.38999938964844,109.16000366210938,107.93000030517578,108.68000030517578,2453700
2016-11-09,107.86000061035156,107.86000061035156,108.0500030517578,104.5199966430664,105.5500030517578,3650200
2016-11-10,104.08000183105467,104.08000183105467,108.26000213623048,101.66000366210938,108.08000183105467,7301700
2016-11-11,103.68000030517578,103.68000030517578,104.47000122070312,102.62000274658205,103.62000274658205,3833200
2016-11-14,102.41999816894533,102.41999816894533,104.48999786376952,101.7699966430664,104.12000274658205,3040500
2016-11-15,103.66000366210938,103.66000366210938,104.76000213623048,102.5500030517578,103.13999938964844,2561000
2016-11-16,104.08000183105467,104.08000183105467,104.4000015258789,102.95999908447266,103.61000061035156,2459600
2016-11-17,105.80999755859376,105.80999755859376,105.93000030517578,103.4800033569336,103.7699966430664,2606600
2016-11-18,105.0199966430664,105.0199966430664,106.8000030517578,104.72000122070312,106.19000244140624,2358200
2016-11-21,105.6500015258789,105.6500015258789,106.13999938964844,105.13999938964844,105.55999755859376,1806000
2016-11-22,105.20999908447266,105.20999908447266,106.36000061035156,105.04000091552734,105.8499984741211,1703100
2016-11-23,104.20999908447266,104.20999908447266,105.55999755859376,103.9800033569336,105.41000366210938,2144600
2016-11-25,105.0199966430664,105.0199966430664,105.02999877929688,103.9000015258789,104.16999816894533,937700
2016-11-28,104.5,104.5,105.1500015258789,104.08999633789062,104.80999755859376,1552600
2016-11-29,104.9499969482422,104.9499969482422,105.9800033569336,104.26000213623048,104.2699966430664,2353100
2016-11-30,102.80999755859376,102.80999755859376,105.45999908447266,102.8000030517578,104.98999786376952,3399900
2016-12-01,99.51000213623048,99.51000213623048,102.91999816894533,98.87000274658205,102.81999969482422,5121200
2016-12-02,99.7300033569336,99.7300033569336,100.1500015258789,98.0,99.5199966430664,3514400
2016-12-05,101.9499969482422,101.9499969482422,102.5199966430664,100.16000366210938,100.45999908447266,2319400
2016-12-06,101.5500030517578,101.5500030517578,101.98999786376952,100.70999908447266,101.98999786376952,2679900
2016-12-07,103.36000061035156,103.36000061035156,103.51000213623048,100.88999938964844,100.88999938964844,2728900
2016-12-08,103.5,103.5,104.06999969482422,102.54000091552734,103.36000061035156,1851900
2016-12-09,104.30999755859376,104.30999755859376,104.5,103.41999816894533,104.0,2620600
2016-12-12,105.16000366210938,105.16000366210938,105.23999786376952,103.5199966430664,104.62000274658205,2711400
2016-12-13,106.1500015258789,106.1500015258789,107.5999984741211,105.62000274658205,105.73999786376952,3396600
2016-12-14,105.80999755859376,105.80999755859376,106.79000091552734,105.44000244140624,106.3000030517578,3213700
2016-12-15,105.0999984741211,105.0999984741211,106.4800033569336,104.5999984741211,106.33000183105467,5678900
2016-12-16,103.5500030517578,103.5500030517578,107.8000030517578,101.91000366210938,107.8000030517578,8949400
2016-12-19,105.29000091552734,105.29000091552734,106.08000183105467,103.41000366210938,103.56999969482422,3567100
2016-12-20,105.7699966430664,105.7699966430664,105.87999725341795,104.76000213623048,105.5,2194100
2016-12-21,105.51000213623048,105.51000213623048,106.05999755859376,104.4800033569336,105.73999786376952,2524600
2016-12-22,104.72000122070312,104.72000122070312,105.1500015258789,103.9499969482422,105.12000274658205,1717300
2016-12-23,105.0199966430664,105.0199966430664,105.41999816894533,104.61000061035156,104.61000061035156,1047500
2016-12-27,104.9800033569336,104.9800033569336,105.9000015258789,104.86000061035156,105.0,1047900
2016-12-28,103.7699966430664,103.7699966430664,105.16000366210938,103.5,104.83000183105467,1742900
2016-12-29,103.68000030517578,103.68000030517578,104.38999938964844,103.41000366210938,103.62999725341795,1095000
2016-12-30,102.9499969482422,102.9499969482422,104.22000122070312,102.47000122070312,104.06999969482422,2095800
2017-01-03,103.4800033569336,103.4800033569336,104.02999877929688,102.80999755859376,103.43000030517578,2277400
2017-01-04,104.13999938964844,104.13999938964844,104.37000274658205,103.5,103.73999786376952,1712600
2017-01-05,105.91000366210938,105.91000366210938,106.0199966430664,103.7699966430664,104.12999725341795,2504000
2017-01-06,108.3000030517578,108.3000030517578,108.43000030517578,105.25,105.9800033569336,2625600
2017-01-09,108.56999969482422,108.56999969482422,108.79000091552734,107.55999755859376,107.95999908447266,2925000
2017-01-10,108.26000213623048,108.26000213623048,108.79000091552734,107.61000061035156,108.56999969482422,3081000
2017-01-11,108.98999786376952,108.98999786376952,109.0500030517578,108.0,108.2300033569336,1784000
2017-01-12,108.58999633789062,108.58999633789062,108.73999786376952,107.16000366210938,107.98999786376952,1617900
2017-01-13,108.52999877929688,108.52999877929688,108.9000015258789,107.9800033569336,108.83999633789062,1593500
2017-01-17,108.0,108.0,108.0500030517578,107.05999755859376,107.79000091552734,1697800
2017-01-18,108.79000091552734,108.79000091552734,109.16999816894533,107.52999877929688,108.5,2536900
2017-01-19,109.79000091552734,109.79000091552734,109.9800033569336,108.04000091552734,108.62999725341795,3090500
2017-01-20,110.70999908447266,110.70999908447266,110.80999755859376,109.56999969482422,110.0199966430664,3179200
2017-01-23,110.97000122070312,110.97000122070312,111.91999816894533,110.3000030517578,110.70999908447266,2574200
2017-01-24,113.72000122070312,113.72000122070312,114.16999816894533,111.33999633789062,111.45999908447266,3654400
2017-01-25,114.25,114.25,114.56999969482422,113.29000091552734,113.7699966430664,3919300
2017-01-26,112.87999725341795,112.87999725341795,114.44000244140624,112.7300033569336,113.79000091552734,2745200
2017-01-27,113.98999786376952,113.98999786376952,114.01000213623048,112.75,113.06999969482422,1696800
2017-01-30,113.81999969482422,113.81999969482422,113.87000274658205,112.26000213623048,113.22000122070312,2176500
2017-01-31,113.37999725341795,113.37999725341795,113.75,112.6999969482422,113.22000122070312,1716600
2017-02-01,113.36000061035156,113.36000061035156,113.63999938964844,112.68000030517578,113.30999755859376,1859100
2017-02-02,113.16000366210938,113.16000366210938,113.58000183105467,112.2699966430664,112.81999969482422,1695400
2017-02-03,115.16999816894533,115.16999816894533,115.4499969482422,113.41999816894533,113.5500030517578,2507500
2017-02-06,114.45999908447266,114.45999908447266,114.83000183105467,113.29000091552734,114.68000030517578,3067500
2017-02-07,114.95999908447266,114.95999908447266,115.19000244140624,114.54000091552734,114.83000183105467,1643500
2017-02-08,116.12999725341795,116.12999725341795,116.37999725341795,114.4499969482422,115.0,2591700
2017-02-09,116.44000244140624,116.44000244140624,116.9000015258789,116.0199966430664,116.26000213623048,1688900
2017-02-10,116.8499984741211,116.8499984741211,116.94000244140624,115.02999877929688,116.51000213623048,2612900
2017-02-13,117.6500015258789,117.6500015258789,117.94000244140624,116.1999969482422,117.02999877929688,1910400
2017-02-14,117.58000183105467,117.58000183105467,117.79000091552734,116.66999816894533,117.6500015258789,1556500
2017-02-15,118.7300033569336,118.7300033569336,119.08999633789062,117.06999969482422,117.33000183105467,1699600
2017-02-16,118.93000030517578,118.93000030517578,119.47000122070312,118.47000122070312,118.83999633789062,1649300
2017-02-17,119.66999816894533,119.66999816894533,119.72000122070312,118.23999786376952,118.79000091552734,2143300
2017-02-21,119.62999725341795,119.62999725341795,120.16999816894533,119.30999755859376,119.7300033569336,2032300
2017-02-22,119.47000122070312,119.47000122070312,119.88999938964844,118.8499984741211,119.66999816894533,1981800
2017-02-23,118.83000183105467,118.83000183105467,120.1500015258789,118.02999877929688,120.0999984741211,2381700
2017-02-24,119.30999755859376,119.30999755859376,119.31999969482422,117.83000183105467,118.3000030517578,1942500
2017-02-27,118.77999877929688,118.77999877929688,119.1999969482422,118.06999969482422,119.0199966430664,1550400
2017-02-28,118.33999633789062,118.33999633789062,118.83999633789062,118.0199966430664,118.83000183105467,2008000
2017-03-01,120.3499984741211,120.3499984741211,120.56999969482422,118.37999725341795,119.23999786376952,2356500
2017-03-02,119.9000015258789,119.9000015258789,120.12000274658205,119.27999877929688,120.08999633789062,1819700
2017-03-03,120.04000091552734,120.04000091552734,120.12999725341795,119.4800033569336,119.83000183105467,1361100
2017-03-06,120.1500015258789,120.1500015258789,120.4800033569336,119.37000274658205,119.7300033569336,1979700
2017-03-07,119.9800033569336,119.9800033569336,120.69000244140624,119.69000244140624,120.05999755859376,1872500
2017-03-08,119.5999984741211,119.5999984741211,120.66000366210938,119.3499984741211,120.20999908447266,2962800
2017-03-09,119.91000366210938,119.91000366210938,120.26000213623048,119.11000061035156,119.81999969482422,1984200
2017-03-10,121.08999633789062,121.08999633789062,121.37000274658205,120.23999786376952,120.56999969482422,2211000
2017-03-13,121.8000030517578,121.8000030517578,121.95999908447266,120.88999938964844,121.11000061035156,1805200
2017-03-14,121.44000244140624,121.44000244140624,121.98999786376952,120.62000274658205,121.6500015258789,1507500
2017-03-15,122.11000061035156,122.11000061035156,122.41999816894533,120.9000015258789,122.0,2396300
2017-03-16,122.3499984741211,122.3499984741211,123.5999984741211,121.52999877929688,123.25,4044600
2017-03-17,127.01000213623048,127.01000213623048,130.3000030517578,126.94000244140624,128.4499969482422,8749900
2017-03-20,126.30999755859376,126.30999755859376,128.08999633789062,125.79000091552734,126.98999786376952,3320900
2017-03-21,125.06999969482422,125.06999969482422,127.36000061035156,124.95999908447266,126.63999938964844,3105300
2017-03-22,126.20999908447266,126.20999908447266,126.94000244140624,124.51000213623048,124.5999984741211,3477300
2017-03-23,126.87000274658205,126.87000274658205,127.25,126.01000213623048,126.1999969482422,2197200
2017-03-24,127.6999969482422,127.6999969482422,129.0,127.0500030517578,127.86000061035156,3044000
2017-03-27,128.25,128.25,128.83999633789062,126.36000061035156,127.4800033569336,2424200
2017-03-28,128.69000244140625,128.69000244140625,129.27999877929688,127.80999755859376,127.80999755859376,2213000
2017-03-29,129.5800018310547,129.5800018310547,129.6300048828125,128.1999969482422,128.39999389648438,2272500
2017-03-30,129.61000061035156,129.61000061035156,130.27999877929688,129.3000030517578,129.5500030517578,2204800
2017-03-31,130.1300048828125,130.1300048828125,130.69000244140625,129.39999389648438,129.57000732421875,2086400
2017-04-03,129.58999633789062,129.58999633789062,130.75,128.8800048828125,129.58999633789062,2336800
2017-04-04,130.0399932861328,130.0399932861328,130.3699951171875,129.02000427246094,129.47000122070312,2026500
2017-04-05,129.88999938964844,129.88999938964844,131.3300018310547,129.3800048828125,130.5800018310547,2811600
2017-04-06,130.14999389648438,130.14999389648438,130.22000122070312,129.16000366210938,129.86000061035156,1890800
2017-04-07,130.22000122070312,130.22000122070312,130.6699981689453,129.52000427246094,130.14999389648438,2287600
2017-04-10,130.16000366210938,130.16000366210938,130.3800048828125,129.47000122070312,130.32000732421875,2234900
2017-04-11,129.9499969482422,129.9499969482422,130.1699981689453,128.2100067138672,129.91000366210938,2331600
2017-04-12,129.3800048828125,129.3800048828125,129.9600067138672,128.72000122070312,129.9600067138672,2106100
2017-04-13,129.0500030517578,129.0500030517578,130.4199981689453,129.0500030517578,129.6300048828125,1815100
2017-04-17,129.99000549316406,129.99000549316406,130.36000061035156,129.11000061035156,129.69000244140625,1395300
2017-04-18,129.80999755859375,129.80999755859375,130.22999572753906,129.47999572753906,129.74000549316406,1499900
2017-04-19,130.22000122070312,130.22000122070312,130.97999572753906,129.82000732421875,129.89999389648438,2007600
2017-04-20,131.4199981689453,131.4199981689453,131.99000549316406,130.27999877929688,130.6999969482422,2004000
2017-04-21,131.52000427246094,131.52000427246094,131.97000122070312,131.02999877929688,131.83999633789062,2137100
2017-04-24,132.88999938964844,132.88999938964844,133.17999267578125,132.1699981689453,132.94000244140625,1845300
2017-04-25,133.49000549316406,133.49000549316406,133.72000122070312,132.8800048828125,133.44000244140625,2504100
2017-04-26,132.7899932861328,132.7899932861328,133.8000030517578,132.4199981689453,133.5,1635900
2017-04-27,133.3800048828125,133.3800048828125,134.25,132.75999450683594,133.1300048828125,1658000
2017-04-28,133.74000549316406,133.74000549316406,133.9199981689453,132.6699981689453,133.39999389648438,1749200
2017-05-01,135.11000061035156,135.11000061035156,135.33999633789062,133.7100067138672,134.3000030517578,1812000
2017-05-02,135.0,135.0,135.6999969482422,134.75,135.5399932861328,2692200
2017-05-03,134.85000610351562,134.85000610351562,135.2100067138672,134.3800048828125,134.99000549316406,1974200
2017-05-04,134.61000061035156,134.61000061035156,135.35000610351562,134.41000366210938,135.1300048828125,1810500
2017-05-05,134.83999633789062,134.83999633789062,135.19000244140625,134.19000244140625,135.19000244140625,1845500
2017-05-08,135.1199951171875,135.1199951171875,135.38999938964844,134.22000122070312,135.36000061035156,1583100
2017-05-09,135.60000610351562,135.60000610351562,135.6199951171875,134.89999389648438,135.3300018310547,1692700
2017-05-10,136.14999389648438,136.14999389648438,136.75,135.50999450683594,135.86000061035156,1755400
2017-05-11,136.2899932861328,136.2899932861328,136.30999755859375,135.39999389648438,135.97999572753906,1343900
2017-05-12,136.83999633789062,136.83999633789062,137.3800048828125,135.88999938964844,136.4499969482422,1626600
2017-05-15,137.60000610351562,137.60000610351562,137.7100067138672,136.8300018310547,137.1300048828125,3210200
2017-05-16,138.02999877929688,138.02999877929688,138.38999938964844,137.60000610351562,138.05999755859375,2271800
2017-05-17,134.3300018310547,134.3300018310547,137.32000732421875,134.24000549316406,137.1999969482422,3558500
2017-05-18,134.5399932861328,134.5399932861328,134.85000610351562,130.82000732421875,132.77000427246094,4158700
2017-05-19,136.42999267578125,136.42999267578125,136.61000061035156,134.33999633789062,135.17999267578125,3721700
2017-05-22,138.86000061035156,138.86000061035156,139.19000244140625,136.5800018310547,137.3800048828125,2516000
2017-05-23,139.52000427246094,139.52000427246094,139.9499969482422,138.6999969482422,139.16000366210938,2123600
2017-05-24,141.1199951171875,141.1199951171875,141.25,139.80999755859375,140.17999267578125,1695100
2017-05-25,142.85000610351562,142.85000610351562,143.47999572753906,141.8000030517578,142.16000366210938,1731100
2017-05-26,141.88999938964844,141.88999938964844,143.10000610351562,141.6699981689453,142.92999267578125,1604200
2017-05-30,142.41000366210938,142.41000366210938,142.55999755859375,141.5,141.8000030517578,1540800
2017-05-31,141.86000061035156,141.86000061035156,143.19000244140625,141.41000366210938,143.0399932861328,2944400
2017-06-01,141.3800048828125,141.3800048828125,142.49000549316406,140.92999267578125,141.63999938964844,2407700
2017-06-02,143.47999572753906,143.47999572753906,143.57000732421875,141.86000061035156,142.1199951171875,2885700
2017-06-05,143.58999633789062,143.58999633789062,144.33999633789062,143.50999450683594,144.13999938964844,1847600
2017-06-06,143.02999877929688,143.02999877929688,144.1699981689453,142.72999572753906,143.35000610351562,2162700
2017-06-07,143.6199951171875,143.6199951171875,143.77000427246094,142.4499969482422,143.3300018310547,1633800
2017-06-08,142.6300048828125,142.6300048828125,143.97000122070312,141.74000549316406,143.9600067138672,2811500
2017-06-09,138.0500030517578,138.0500030517578,143.58999633789062,135.75999450683594,143.13999938964844,4146200
2017-06-12,137.25,137.25,138.63999938964844,131.1999969482422,133.72000122070312,6772300
2017-06-13,139.08999633789062,139.08999633789062,139.86000061035156,138.08999633789062,138.7899932861328,2871400
2017-06-14,138.25,138.25,140.85000610351562,136.41000366210938,139.2899932861328,2831100
2017-06-15,137.52000427246094,137.52000427246094,137.89999389648438,134.4499969482422,136.6300048828125,2804400
2017-06-16,137.83999633789062,137.83999633789062,138.35000610351562,136.2899932861328,137.35000610351562,4205800
2017-06-19,140.35000610351562,140.35000610351562,141.47000122070312,138.63999938964844,138.7899932861328,4356900
2017-06-20,140.91000366210938,140.91000366210938,142.3000030517578,140.19000244140625,141.2100067138672,5454700
2017-06-21,144.24000549316406,144.24000549316406,147.4499969482422,142.75,145.0800018310547,8251900
2017-06-22,143.69000244140625,143.69000244140625,145.77000427246094,143.66000366210938,145.14999389648438,3688400
2017-06-23,145.41000366210938,145.41000366210938,145.58999633789062,143.05999755859375,143.75,3419000
2017-06-26,144.9600067138672,144.9600067138672,146.88999938964844,144.36000061035156,146.05999755859375,2775500
2017-06-27,142.5399932861328,142.5399932861328,144.80999755859375,142.5399932861328,144.3300018310547,3018900
2017-06-28,143.80999755859375,143.80999755859375,144.0800018310547,141.14999389648438,143.00999450683594,2507900
2017-06-29,141.24000549316406,141.24000549316406,143.1999969482422,139.64999389648438,143.05999755859375,2653900
2017-06-30,141.44000244140625,141.44000244140625,142.80999755859375,140.74000549316406,141.8699951171875,2331000
2017-07-03,138.41000366210938,138.41000366210938,142.14999389648438,138.30999755859375,141.72999572753906,1786000
2017-07-05,141.2100067138672,141.2100067138672,141.97000122070312,138.5500030517578,138.64999389648438,2229900
2017-07-06,140.75,140.75,141.17999267578125,138.8800048828125,139.72999572753906,1803200
2017-07-07,142.22000122070312,142.22000122070312,143.36000061035156,140.97000122070312,141.07000732421875,1533900
2017-07-10,143.33999633789062,143.33999633789062,143.8800048828125,141.57000732421875,142.2100067138672,1615200
2017-07-11,142.92999267578125,142.92999267578125,143.97999572753906,142.1199951171875,142.99000549316406,1623700
2017-07-12,145.91000366210938,145.91000366210938,146.19000244140625,143.7899932861328,144.0,1812100
2017-07-13,145.0500030517578,145.0500030517578,146.47999572753906,144.94000244140625,145.91000366210938,1308300
2017-07-14,146.16000366210938,146.16000366210938,146.47999572753906,145.22000122070312,145.58999633789062,2283800
2017-07-17,146.39999389648438,146.39999389648438,146.72999572753906,145.38999938964844,146.16000366210938,1310400
2017-07-18,147.88999938964844,147.88999938964844,147.9600067138672,145.3699951171875,146.47000122070312,1820800
2017-07-19,148.9199981689453,148.9199981689453,149.32000732421875,147.5,147.88999938964844,1880100
2017-07-20,149.94000244140625,149.94000244140625,150.10000610351562,148.35000610351562,149.07000732421875,1566000
2017-07-21,149.52000427246094,149.52000427246094,150.39999389648438,148.91000366210938,149.16000366210938,1819800
2017-07-24,149.52999877929688,149.52999877929688,149.9499969482422,149.0399932861328,149.16000366210938,1503400
2017-07-25,148.2100067138672,148.2100067138672,149.89999389648438,148.13999938964844,149.82000732421875,1591800
2017-07-26,149.77999877929688,149.77999877929688,149.8300018310547,148.4199981689453,148.6199951171875,1363100
2017-07-27,146.1999969482422,146.1999969482422,150.3699951171875,144.27999877929688,149.8699951171875,3057900
2017-07-28,146.72999572753906,146.72999572753906,147.24000549316406,144.5,145.77000427246094,1407900
2017-07-31,146.49000549316406,146.49000549316406,146.91000366210938,145.05999755859375,146.36000061035156,2182100
2017-08-01,147.36000061035156,147.36000061035156,147.64999389648438,146.52000427246094,147.47999572753906,1580300
2017-08-02,147.1300048828125,147.1300048828125,147.60000610351562,144.52000427246094,147.55999755859375,2112000
2017-08-03,147.7899932861328,147.7899932861328,147.97999572753906,145.67999267578125,147.47000122070312,1510600
2017-08-04,147.7100067138672,147.7100067138672,148.6199951171875,147.27000427246094,148.25,1503500
2017-08-07,148.44000244140625,148.44000244140625,148.89999389648438,147.5399932861328,147.74000549316406,1455600
2017-08-08,147.80999755859375,147.80999755859375,148.86000061035156,146.36000061035156,148.13999938964844,1508800
2017-08-09,148.35000610351562,148.35000610351562,148.5,146.5,146.67999267578125,1177900
2017-08-10,144.9199981689453,144.9199981689453,147.74000549316406,144.72000122070312,147.22999572753906,1902000
2017-08-11,146.47000122070312,146.47000122070312,147.10000610351562,144.17999267578125,145.25,1382900
2017-08-14,149.16000366210938,149.16000366210938,149.5,147.55999755859375,147.80999755859375,1171600
2017-08-15,150.36000061035156,150.36000061035156,150.64999389648438,148.41000366210938,149.55999755859375,1144100
2017-08-16,151.8000030517578,151.8000030517578,151.99000549316406,149.75999450683594,150.6999969482422,1455000
2017-08-17,148.22999572753906,148.22999572753906,151.72000122070312,148.19000244140625,151.66000366210938,2125500
2017-08-18,147.97000122070312,147.97000122070312,148.69000244140625,147.1199951171875,147.74000549316406,1699300
2017-08-21,149.25999450683594,149.25999450683594,149.3300018310547,147.57000732421875,148.0500030517578,1244800
2017-08-22,152.25,152.25,152.58999633789062,150.13999938964844,150.13999938964844,1981300
2017-08-23,151.10000610351562,151.10000610351562,152.17999267578125,150.75,152.17999267578125,1355000
2017-08-24,150.80999755859375,150.80999755859375,151.8300018310547,149.1699981689453,151.22000122070312,1449400
2017-08-25,151.4499969482422,151.4499969482422,153.0,150.91000366210938,152.0,1182300
2017-08-28,151.7899932861328,151.7899932861328,152.5,151.19000244140625,151.8699951171875,952600
2017-08-29,152.13999938964844,152.13999938964844,152.75999450683594,150.00999450683594,150.5500030517578,1189000
2017-08-30,153.6699981689453,153.6699981689453,154.25999450683594,151.88999938964844,152.0500030517578,1465900
2017-08-31,155.16000366210938,155.16000366210938,155.36000061035156,154.35000610351562,154.36000061035156,1895000
2017-09-01,155.05999755859375,155.05999755859375,156.05999755859375,154.3800048828125,155.75999450683594,1321300
2017-09-05,154.27999877929688,154.27999877929688,155.41000366210938,153.30999755859375,154.8300018310547,1274000
2017-09-06,153.75999450683594,153.75999450683594,155.55999755859375,153.61000061035156,155.11000061035156,1224400
2017-09-07,155.47000122070312,155.47000122070312,155.88999938964844,153.63999938964844,154.49000549316406,1445400
2017-09-08,155.33999633789062,155.33999633789062,155.8800048828125,154.2899932861328,155.24000549316406,1449900
2017-09-11,156.8699951171875,156.8699951171875,157.88999938964844,156.3800048828125,156.58999633789062,1716000
2017-09-12,156.30999755859375,156.30999755859375,157.22000122070312,154.9199981689453,156.75999450683594,1766400
2017-09-13,156.24000549316406,156.24000549316406,156.6999969482422,155.38999938964844,155.8800048828125,1363900
2017-09-14,154.9499969482422,154.9499969482422,156.1999969482422,154.67999267578125,155.3699951171875,1676400
2017-09-15,154.49000549316406,154.49000549316406,155.19000244140625,153.55999755859375,154.89999389648438,3012800
2017-09-18,155.77000427246094,155.77000427246094,156.3000030517578,154.3699951171875,155.00999450683594,2581000
2017-09-19,156.60000610351562,156.60000610351562,157.0500030517578,155.80999755859375,156.3000030517578,4014800
2017-09-20,149.9600067138672,149.9600067138672,152.39999389648438,149.0,151.99000549316406,9372300
2017-09-21,149.3000030517578,149.3000030517578,151.25,148.3000030517578,150.3800048828125,4991800
2017-09-22,148.5,148.5,149.5,147.85000610351562,148.69000244140625,2929200
2017-09-25,144.57000732421875,144.57000732421875,148.7100067138672,143.9499969482422,148.38999938964844,4869500
2017-09-26,145.39999389648438,145.39999389648438,146.35000610351562,143.9600067138672,145.5,3280000
2017-09-27,146.42999267578125,146.42999267578125,147.08999633789062,145.75,146.30999755859375,2947600
2017-09-28,146.8300018310547,146.8300018310547,147.32000732421875,145.38999938964844,146.13999938964844,1667000
2017-09-29,149.17999267578125,149.17999267578125,149.27999877929688,146.60000610351562,146.69000244140625,2181300
2017-10-02,147.94000244140625,147.94000244140625,150.47999572753906,147.52000427246094,149.7899932861328,2341700
2017-10-03,148.60000610351562,148.60000610351562,148.8000030517578,147.99000549316406,148.47999572753906,1808200
2017-10-04,147.9499969482422,147.9499969482422,148.4600067138672,146.60000610351562,148.2100067138672,2885600
2017-10-05,150.25,150.25,150.4499969482422,147.7100067138672,148.49000549316406,2413800
2017-10-06,151.1199951171875,151.1199951171875,151.36000061035156,149.52999877929688,149.9600067138672,2282800
2017-10-09,151.5,151.5,151.57000732421875,150.25,150.75999450683594,1460900
2017-10-10,152.14999389648438,152.14999389648438,152.86000061035156,151.32000732421875,152.0,2817600
2017-10-11,153.64999389648438,153.64999389648438,154.0,151.35000610351562,152.08999633789062,2791000
2017-10-12,153.61000061035156,153.61000061035156,154.85000610351562,153.38999938964844,153.72000122070312,2430000
2017-10-13,153.92999267578125,153.92999267578125,154.58999633789062,153.05999755859375,153.9600067138672,2515600
2017-10-16,150.4600067138672,150.4600067138672,153.07000732421875,149.27999877929688,151.14999389648438,3833200
2017-10-17,150.3800048828125,150.3800048828125,150.92999267578125,148.14999389648438,150.52000427246094,3547800
2017-10-18,153.0,153.0,153.42999267578125,149.02999877929688,150.3300018310547,4290900
2017-10-19,171.72999572753906,171.72999572753906,172.14999389648438,164.4199981689453,165.5,13522600
2017-10-20,175.63999938964844,175.63999938964844,175.8699951171875,171.36000061035156,171.5,6019400
2017-10-23,172.16000366210938,172.16000366210938,175.85000610351562,171.8300018310547,175.67999267578125,3220300
2017-10-24,171.5800018310547,171.5800018310547,172.49000549316406,170.49000549316406,171.47000122070312,2658600
2017-10-25,171.8300018310547,171.8300018310547,173.41000366210938,170.0399932861328,170.3699951171875,2785700
2017-10-26,173.75,173.75,175.02000427246094,172.02000427246094,172.05999755859375,2581200
2017-10-27,177.3300018310547,177.3300018310547,177.5800018310547,174.02000427246094,174.02000427246094,2806400
2017-10-30,176.02999877929688,176.02999877929688,177.47999572753906,174.4499969482422,177.0,2124200
2017-10-31,175.16000366210938,175.16000366210938,176.72999572753906,174.52000427246094,176.16000366210938,2656500
2017-11-01,176.25,176.25,176.94000244140625,174.6999969482422,176.58999633789062,2002900
2017-11-02,180.94000244140625,180.94000244140625,181.47999572753903,175.8000030517578,178.02000427246094,3262300
2017-11-03,182.3000030517578,182.3000030517578,182.7400054931641,179.63999938964844,181.759994506836,2244700
2017-11-06,180.8000030517578,180.8000030517578,182.2899932861328,180.5399932861328,182.009994506836,2021900
2017-11-07,180.8800048828125,180.8800048828125,181.77999877929688,180.11000061035156,181.22999572753903,2544200
2017-11-08,184.0599975585937,184.0599975585937,184.44000244140625,181.0599975585937,181.19000244140625,1791800
2017-11-09,181.9199981689453,181.9199981689453,183.0800018310547,179.02999877929688,182.8800048828125,2704600
2017-11-10,181.72000122070312,181.72000122070312,182.0599975585937,179.8300018310547,181.0,2082600
2017-11-13,181.8500061035156,181.8500061035156,182.32000732421875,179.75,180.5,1496100
2017-11-14,181.32000732421875,181.32000732421875,182.1699981689453,180.3099975585937,181.97999572753903,1549700
2017-11-15,180.0800018310547,180.0800018310547,181.72999572753903,179.60000610351562,180.9199981689453,1980900
2017-11-16,182.3000030517578,182.3000030517578,182.44000244140625,180.5800018310547,181.17999267578125,1961200
2017-11-17,182.2400054931641,182.2400054931641,182.91000366210932,181.13999938964844,182.0800018310547,1482100
2017-11-20,182.33999633789065,182.33999633789065,183.42999267578125,181.33999633789065,182.8000030517578,1118100
2017-11-21,184.1499938964844,184.1499938964844,185.5500030517578,182.83999633789065,183.75,2036500
2017-11-22,182.8999938964844,182.8999938964844,184.5,182.6199951171875,184.32000732421875,1546700
2017-11-24,184.4600067138672,184.4600067138672,184.7100067138672,182.9600067138672,182.9600067138672,663000
2017-11-27,185.0,185.0,185.83999633789065,184.08999633789065,184.8300018310547,1305100
2017-11-28,185.3999938964844,185.3999938964844,186.2700042724609,184.3699951171875,185.6199951171875,1647000
2017-11-29,176.85000610351562,176.85000610351562,184.72999572753903,175.30999755859375,183.8699951171875,4320800
2017-11-30,181.47000122070312,181.47000122070312,181.6699981689453,176.5500030517578,178.13999938964844,3976300
2017-12-01,179.52000427246094,179.52000427246094,182.0,177.1300048828125,179.50999450683594,3016200
2017-12-04,168.44000244140625,168.44000244140625,180.6199951171875,168.42999267578125,180.33999633789065,5931400
2017-12-05,167.5399932861328,167.5399932861328,171.77999877929688,165.67999267578125,167.69000244140625,4698700
2017-12-06,173.52000427246094,173.52000427246094,173.9600067138672,165.75,166.7899932861328,3773000
2017-12-07,174.61000061035156,174.61000061035156,175.89999389648438,172.1300048828125,173.4600067138672,2442000
2017-12-08,173.57000732421875,173.57000732421875,177.1999969482422,173.1699981689453,177.0800018310547,2101800
2017-12-11,174.30999755859375,174.30999755859375,174.97999572753906,173.1999969482422,173.77000427246094,2776700
2017-12-12,172.5399932861328,172.5399932861328,174.1300048828125,170.42999267578125,172.69000244140625,3924200
2017-12-13,176.8300018310547,176.8300018310547,177.4199981689453,173.2899932861328,173.5,4591700
2017-12-14,175.0,175.0,178.72000122070312,174.97999572753906,178.25999450683594,4720900
2017-12-15,177.50999450683594,177.50999450683594,179.97999572753906,174.3000030517578,179.36000061035156,9191700
2017-12-18,176.74000549316406,176.74000549316406,179.14999389648438,175.30999755859375,178.4199981689453,3435400
2017-12-19,174.97000122070312,174.97000122070312,176.75999450683594,174.22999572753906,176.00999450683594,2509500
2017-12-20,174.25,174.25,176.0,172.9199981689453,176.0,2677300
2017-12-21,174.55999755859375,174.55999755859375,175.32000732421875,174.0,174.0500030517578,2164100
2017-12-22,175.0,175.0,175.10000610351562,173.75,173.99000549316406,1702600
2017-12-26,174.44000244140625,174.44000244140625,175.0,173.02999877929688,174.36000061035156,918400
2017-12-27,175.36000061035156,175.36000061035156,175.44000244140625,173.97000122070312,174.64999389648438,1527800
2017-12-28,175.5500030517578,175.5500030517578,176.0,174.85000610351562,175.9199981689453,1043700
2017-12-29,175.24000549316406,175.24000549316406,176.97000122070312,175.10000610351562,175.19000244140625,1810300
2018-01-02,177.6999969482422,177.6999969482422,177.8000030517578,175.25999450683594,175.85000610351562,2432800
2018-01-03,181.0399932861328,181.0399932861328,181.88999938964844,177.6999969482422,178.0,2561200
2018-01-04,183.22000122070312,183.22000122070312,184.0599975585937,181.63999938964844,181.92999267578125,2211400
2018-01-05,185.33999633789065,185.33999633789065,185.8999938964844,183.5399932861328,185.0,2376500
2018-01-08,185.0399932861328,185.0399932861328,185.6000061035156,183.8300018310547,184.9499969482422,2088000
2018-01-09,186.6999969482422,186.6999969482422,186.97000122070312,183.92999267578125,185.57000732421875,1804300
2018-01-10,187.1100006103516,187.1100006103516,187.2700042724609,185.07000732421875,185.2100067138672,1664300
2018-01-11,188.9199981689453,188.9199981689453,188.94000244140625,186.19000244140625,187.2899932861328,1600100
2018-01-12,195.0500030517578,195.0500030517578,195.5,188.9900054931641,189.08999633789065,4246000
2018-01-16,192.4600067138672,192.4600067138672,198.2100067138672,191.7100067138672,195.9199981689453,4595600
2018-01-17,196.4900054931641,196.4900054931641,197.1199951171875,192.7700042724609,194.0200042724609,2969500
2018-01-18,196.1999969482422,196.1999969482422,196.58999633789065,194.0599975585937,196.2100067138672,2539400
2018-01-19,195.72999572753903,195.72999572753903,196.6300048828125,194.6499938964844,196.2400054931641,2343000
2018-01-22,197.83999633789065,197.83999633789065,198.0,194.4199981689453,195.6999969482422,1701300
2018-01-23,200.08999633789065,200.08999633789065,204.4499969482422,199.44000244140625,202.2899932861328,3981000
2018-01-24,197.77999877929688,197.77999877929688,202.3000030517578,196.5200042724609,201.82000732421875,3250500
2018-01-25,197.509994506836,197.509994506836,199.2400054931641,196.07000732421875,198.0800018310547,2574200
2018-01-26,201.3000030517578,201.3000030517578,201.5500030517578,198.25,198.5,2338100
2018-01-29,198.22999572753903,198.22999572753903,200.8600006103516,197.8699951171875,200.1100006103516,1939000
2018-01-30,196.8999938964844,196.8999938964844,197.72999572753903,194.88999938964844,197.25,3343300
2018-01-31,199.759994506836,199.759994506836,200.9600067138672,196.75,197.1300048828125,2747600
2018-02-01,199.3800048828125,199.3800048828125,201.75,198.0800018310547,199.1199951171875,2366100
2018-02-02,195.63999938964844,195.63999938964844,199.3999938964844,195.44000244140625,197.3300018310547,2813800
2018-02-05,190.2700042724609,190.2700042724609,198.4600067138672,188.0,194.0599975585937,3801300
2018-02-06,194.47000122070312,194.47000122070312,194.82000732421875,182.1000061035156,186.58999633789065,4480000
2018-02-07,192.33999633789065,192.33999633789065,196.2400054931641,192.0200042724609,193.8699951171875,2988000
2018-02-08,185.16000366210932,185.16000366210932,192.97000122070312,185.0200042724609,192.83999633789065,3978700
2018-02-09,187.9900054931641,187.9900054931641,189.7100067138672,179.33999633789062,187.3300018310547,3818800
2018-02-12,192.1499938964844,192.1499938964844,192.9900054931641,188.5599975585937,189.0,2824700
2018-02-13,193.47999572753903,193.47999572753903,194.3099975585937,190.38999938964844,190.8500061035156,1961300
2018-02-14,197.1300048828125,197.1300048828125,197.5,191.9499969482422,192.47999572753903,2542400
2018-02-15,202.97000122070312,202.97000122070312,203.27999877929688,197.1300048828125,198.97000122070312,2233300
2018-02-16,201.5599975585937,201.5599975585937,203.8999938964844,200.7400054931641,202.5200042724609,2172600
2018-02-20,202.97999572753903,202.97999572753903,205.1199951171875,199.17999267578125,200.4600067138672,2722700
2018-02-21,202.08999633789065,202.08999633789065,206.8300018310547,202.0200042724609,204.4499969482422,2043500
2018-02-22,202.6100006103516,202.6100006103516,204.22000122070312,201.67999267578125,203.07000732421875,1541500
2018-02-23,209.7400054931641,209.7400054931641,209.77999877929688,203.3099975585937,204.22000122070312,2349300
2018-02-26,212.1499938964844,212.1499938964844,212.3500061035156,209.259994506836,211.2899932861328,2418700
2018-02-27,208.82000732421875,208.82000732421875,212.759994506836,208.25,211.9900054931641,2330800
2018-02-28,209.1300048828125,209.1300048828125,213.44000244140625,209.1000061035156,210.69000244140625,2356900
2018-03-01,206.02999877929688,206.02999877929688,210.67999267578125,204.4499969482422,210.32000732421875,2632200
2018-03-02,209.7899932861328,209.7899932861328,210.2100067138672,201.759994506836,203.9600067138672,2624700
2018-03-05,211.16000366210932,211.16000366210932,212.0,206.9199981689453,208.75,2111800
2018-03-06,212.009994506836,212.009994506836,212.7400054931641,209.8800048828125,212.44000244140625,2169000
2018-03-07,216.8600006103516,216.8600006103516,217.44000244140625,211.0,211.3300018310547,2795100
2018-03-08,216.3999938964844,216.3999938964844,219.7100067138672,214.8600006103516,218.02999877929688,2284400
2018-03-09,221.1100006103516,221.1100006103516,221.2700042724609,217.19000244140625,218.0,2642300
2018-03-12,220.94000244140625,220.94000244140625,223.1100006103516,220.33999633789065,222.97000122070312,3216900
2018-03-13,219.759994506836,219.759994506836,224.8999938964844,218.42999267578125,223.0,4732000
2018-03-14,218.44000244140625,218.44000244140625,221.4600067138672,217.6000061035156,220.75,3357600
2018-03-15,218.8699951171875,218.8699951171875,221.47000122070312,218.0599975585937,220.0,4457000
2018-03-16,225.5500030517578,225.5500030517578,228.8800048828125,224.0,227.17999267578125,8783000
2018-03-19,222.17999267578125,222.17999267578125,226.58999633789065,218.67999267578125,224.47999572753903,4029300
2018-03-20,229.75,229.75,231.33999633789065,223.0,223.19000244140625,5019300
2018-03-21,226.8500061035156,226.8500061035156,229.25,225.6100006103516,228.759994506836,3971800
2018-03-22,220.5200042724609,220.5200042724609,225.8699951171875,220.259994506836,223.8600006103516,3008700
2018-03-23,215.0200042724609,215.0200042724609,222.4600067138672,214.77999877929688,219.5200042724609,4297200
2018-03-26,228.91000366210932,228.91000366210932,229.1499938964844,218.5,218.8300018310547,4485400
2018-03-27,213.8000030517578,213.8000030517578,230.97999572753903,212.25,229.8999938964844,5468100
2018-03-28,212.5399932861328,212.5399932861328,217.1499938964844,209.0399932861328,213.72000122070312,4503200
2018-03-29,216.0800018310547,216.0800018310547,219.58999633789065,210.2700042724609,213.3500061035156,3757400
2018-04-02,212.27999877929688,212.27999877929688,216.5,207.22000122070312,214.8099975585937,3494900
2018-04-03,215.92999267578125,215.92999267578125,217.8500061035156,212.27999877929688,214.77999877929688,3017800
2018-04-04,225.0500030517578,225.0500030517578,226.27999877929688,210.5,210.7100067138672,4474400
2018-04-05,223.5399932861328,223.5399932861328,228.8000030517578,221.6100006103516,227.94000244140625,4084900
2018-04-06,218.6100006103516,218.6100006103516,224.4600067138672,216.75,221.88999938964844,2964500
2018-04-09,219.1699981689453,219.1699981689453,224.44000244140625,218.82000732421875,220.0800018310547,2536100
2018-04-10,224.52999877929688,224.52999877929688,225.16000366210932,221.17999267578125,222.6100006103516,2823200
2018-04-11,223.6300048828125,223.6300048828125,226.6199951171875,222.5399932861328,222.92999267578125,1851100
2018-04-12,226.9600067138672,226.9600067138672,228.38999938964844,225.1199951171875,225.72000122070312,2084100
2018-04-13,224.0599975585937,224.0599975585937,228.9499969482422,222.5500030517578,228.8500061035156,2029300
2018-04-16,226.5200042724609,226.5200042724609,227.22999572753903,222.9499969482422,226.0800018310547,2130700
2018-04-17,231.16000366210932,231.16000366210932,232.2100067138672,228.07000732421875,228.5599975585937,3404400
2018-04-18,231.1000061035156,231.1000061035156,233.1699981689453,228.6199951171875,231.6999969482422,2261600
2018-04-19,227.6199951171875,227.6199951171875,230.42999267578125,226.27999877929688,230.1100006103516,2620100
2018-04-20,225.2400054931641,225.2400054931641,227.6000061035156,223.0500030517578,227.0,2403700
2018-04-23,225.3000030517578,225.3000030517578,229.1499938964844,224.75,226.38999938964844,2138000
2018-04-24,217.88999938964844,217.88999938964844,228.3000030517578,215.77999877929688,227.0,3450800
2018-04-25,217.32000732421875,217.32000732421875,219.3999938964844,213.25,218.16000366210932,2946100
2018-04-26,221.91000366210932,221.91000366210932,223.19000244140625,218.8500061035156,219.7700042724609,2235900
2018-04-27,221.8999938964844,221.8999938964844,224.17999267578125,219.67999267578125,223.0800018310547,1503100
2018-04-30,221.6000061035156,221.6000061035156,224.13999938964844,219.5399932861328,223.2700042724609,1766300
2018-05-01,224.0800018310547,224.0800018310547,224.4900054931641,219.3800048828125,220.7700042724609,1792900
2018-05-02,221.1000061035156,221.1000061035156,224.5,220.5500030517578,224.3000030517578,2202900
2018-05-03,226.0500030517578,226.0500030517578,227.3699951171875,218.7400054931641,220.009994506836,2507900
2018-05-04,228.509994506836,228.509994506836,229.38999938964844,223.38999938964844,223.88999938964844,1663700
2018-05-07,230.9900054931641,230.9900054931641,232.3600006103516,229.0200042724609,229.5399932861328,1808300
2018-05-08,234.5599975585937,234.5599975585937,235.0,228.75,229.7400054931641,2244600
2018-05-09,239.7400054931641,239.7400054931641,240.1499938964844,233.52999877929688,235.0,3091600
2018-05-10,241.1499938964844,241.1499938964844,241.759994506836,238.2400054931641,240.4600067138672,1941400
2018-05-11,241.8800048828125,241.8800048828125,241.92999267578125,238.7899932861328,241.02999877929688,2261700
2018-05-14,238.3699951171875,238.3699951171875,243.33999633789065,237.2400054931641,242.0,2670800
2018-05-15,236.6000061035156,236.6000061035156,237.3500061035156,233.0,235.63999938964844,2130100
2018-05-16,237.38999938964844,237.38999938964844,238.1199951171875,235.83999633789065,236.58999633789065,1843700
2018-05-17,236.8500061035156,236.8500061035156,239.6699981689453,234.8300018310547,237.32000732421875,1690600
2018-05-18,238.08999633789065,238.08999633789065,239.27999877929688,235.259994506836,236.2400054931641,1888200
2018-05-21,238.1000061035156,238.1000061035156,240.77999877929688,237.1100006103516,239.8500061035156,1757900
2018-05-22,238.7899932861328,238.7899932861328,243.4900054931641,237.759994506836,241.1499938964844,2950200
2018-05-23,243.91000366210932,243.91000366210932,244.08999633789065,236.0,236.32000732421875,2757600
2018-05-24,245.1499938964844,245.1499938964844,245.8999938964844,240.72000122070312,243.7899932861328,2779600
2018-05-25,243.5599975585937,243.5599975585937,245.7899932861328,242.8699951171875,245.0,2152900
2018-05-29,242.19000244140625,242.19000244140625,243.38999938964844,240.3800048828125,242.9900054931641,2093400
2018-05-30,247.3999938964844,247.3999938964844,248.5599975585937,244.38999938964844,244.3999938964844,2319300
2018-05-31,249.27999877929688,249.27999877929688,251.5200042724609,246.5800018310547,247.1100006103516,3838400
2018-06-01,251.3099975585937,251.3099975585937,251.8300018310547,248.8500061035156,250.5500030517578,2773200
2018-06-04,253.33999633789065,253.33999633789065,254.72000122070312,251.1000061035156,252.8500061035156,3058700
2018-06-05,252.6999969482422,252.6999969482422,254.0599975585937,251.1100006103516,254.0,2677400
2018-06-06,253.9499969482422,253.9499969482422,254.07000732421875,251.5,253.75,3963600
2018-06-07,247.509994506836,247.509994506836,254.0500030517578,244.02999877929688,253.2400054931641,4169200
2018-06-08,251.2100067138672,251.2100067138672,251.66000366210932,245.8300018310547,246.8600006103516,2880600
2018-06-11,251.0,251.0,253.47999572753903,250.1300048828125,251.759994506836,2868200
2018-06-12,252.58999633789065,252.58999633789065,254.8000030517578,251.1300048828125,252.6499938964844,3513300
2018-06-13,256.1300048828125,256.1300048828125,257.8999938964844,253.6499938964844,253.6999969482422,3590700
2018-06-14,258.1000061035156,258.1000061035156,258.9100036621094,256.5799865722656,257.1499938964844,5618300
2018-06-15,251.82000732421875,251.82000732421875,253.8699951171875,247.5200042724609,251.27999877929688,9052800
2018-06-18,255.69000244140625,255.69000244140625,256.7699890136719,249.8000030517578,250.5200042724609,3764300
2018-06-19,251.7400054931641,251.7400054931641,253.6499938964844,247.8999938964844,251.8300018310547,3532500
2018-06-20,251.2400054931641,251.2400054931641,254.8000030517578,250.97999572753903,253.5,2577500
2018-06-21,248.8300018310547,248.8300018310547,252.72000122070312,247.57000732421875,252.0,2639700
2018-06-22,243.6300048828125,243.6300048828125,248.8000030517578,243.259994506836,248.1100006103516,4124500
2018-06-25,239.67999267578125,239.67999267578125,241.9600067138672,235.8699951171875,240.1499938964844,4575400
2018-06-26,242.25,242.25,244.22999572753903,239.66000366210932,240.6699981689453,2998300
2018-06-27,237.67999267578125,237.67999267578125,244.97999572753903,237.509994506836,243.4600067138672,3499500
2018-06-28,239.8099975585937,239.8099975585937,241.82000732421875,236.44000244140625,236.58999633789065,2217200
2018-06-29,243.8099975585937,243.8099975585937,245.4900054931641,241.5,241.8800048828125,3774700
2018-07-02,243.259994506836,243.259994506836,243.3300018310547,239.6000061035156,241.0500030517578,4127400
2018-07-03,242.009994506836,242.009994506836,245.94000244140625,241.6699981689453,244.72000122070312,1307700
2018-07-05,244.17999267578125,244.17999267578125,244.6199951171875,242.13999938964844,243.0399932861328,1863400
2018-07-06,248.19000244140625,248.19000244140625,248.72000122070312,243.22000122070312,244.47999572753903,1889700
2018-07-09,249.7700042724609,249.7700042724609,250.66000366210932,246.3699951171875,249.8999938964844,2170700
2018-07-10,248.6300048828125,248.6300048828125,250.8500061035156,248.2100067138672,250.47000122070312,2012400
2018-07-11,248.1199951171875,248.1199951171875,249.7400054931641,245.8500061035156,246.6499938964844,1730600
2018-07-12,254.8699951171875,254.8699951171875,255.0500030517578,249.3800048828125,249.94000244140625,2761600
2018-07-13,258.5899963378906,258.5899963378906,259.510009765625,253.4900054931641,254.63999938964844,3934100
2018-07-16,254.67999267578125,254.67999267578125,259.0400085449219,253.8300018310547,258.6300048828125,2165100
2018-07-17,258.3099975585937,258.3099975585937,258.67999267578125,250.7100067138672,252.67999267578125,2552000
2018-07-18,259.7799987792969,259.7799987792969,260.94000244140625,256.5400085449219,257.8599853515625,2637000
2018-07-19,257.67999267578125,257.67999267578125,259.6000061035156,256.3599853515625,258.0,1980200
2018-07-20,257.5400085449219,257.5400085449219,259.45001220703125,256.739990234375,258.1700134277344,2221800
2018-07-23,259.4700012207031,259.4700012207031,260.1400146484375,256.3800048828125,257.6600036621094,1935700
2018-07-24,257.489990234375,257.489990234375,262.7300109863281,255.92999267578125,261.0400085449219,2433300
2018-07-25,263.1700134277344,263.1700134277344,263.5,257.8299865722656,258.3500061035156,2270300
2018-07-26,261.92999267578125,261.92999267578125,263.8299865722656,258.489990234375,261.9200134277344,2265800
2018-07-27,254.8099975585937,254.8099975585937,262.8599853515625,253.0500030517578,262.04998779296875,3030900
2018-07-30,242.32000732421875,242.32000732421875,254.759994506836,240.1000061035156,254.4199981689453,5496800
2018-07-31,244.67999267578125,244.67999267578125,246.8000030517578,241.16000366210932,244.92999267578125,2939500
2018-08-01,248.009994506836,248.009994506836,248.759994506836,244.2400054931641,245.0,3185000
2018-08-02,252.22000122070312,252.22000122070312,252.57000732421875,245.0,245.6999969482422,2395400
2018-08-03,253.27999877929688,253.27999877929688,254.38999938964844,249.47999572753903,252.5800018310547,2100300
2018-08-06,254.1100006103516,254.1100006103516,254.8800048828125,251.5399932861328,252.7400054931641,1535300
2018-08-07,253.38999938964844,253.38999938964844,255.16000366210932,252.4499969482422,254.5,1885400
2018-08-08,253.8300018310547,253.8300018310547,254.57000732421875,251.6300048828125,252.9499969482422,1585400
2018-08-09,253.8000030517578,253.8000030517578,255.75,253.38999938964844,254.5500030517578,2092000
2018-08-10,253.6999969482422,253.6999969482422,254.97000122070312,251.5,252.0,1789000
2018-08-13,253.5399932861328,253.5399932861328,256.6000061035156,253.3000030517578,254.16000366210932,1532700
2018-08-14,256.04998779296875,256.04998779296875,256.25,252.08999633789065,254.3800048828125,2100300
2018-08-15,250.5200042724609,250.5200042724609,255.8300018310547,248.0200042724609,253.8000030517578,2744700
2018-08-16,248.88999938964844,248.88999938964844,253.3000030517578,248.1000061035156,252.7899932861328,2420400
2018-08-17,245.6999969482422,245.6999969482422,249.22000122070312,243.7100067138672,248.38999938964844,2744200
2018-08-20,249.759994506836,249.759994506836,250.3699951171875,246.0,246.0800018310547,2901300
2018-08-21,251.5,251.5,253.3300018310547,250.3600006103516,250.4499969482422,2168900
2018-08-22,255.5399932861328,255.5399932861328,256.1600036621094,250.3600006103516,250.58999633789065,1895400
2018-08-23,257.0,257.0,258.3299865722656,254.47000122070312,254.6199951171875,2984300
2018-08-24,261.510009765625,261.510009765625,263.3900146484375,258.3299865722656,258.3299865722656,3862300
2018-08-27,262.3999938964844,262.3999938964844,263.70001220703125,259.3900146484375,263.0,2433000
2018-08-28,263.0400085449219,263.0400085449219,263.70001220703125,261.0299987792969,263.70001220703125,1867100
2018-08-29,268.3599853515625,268.3599853515625,269.9599914550781,262.5599975585937,263.0,3155200
2018-08-30,266.42999267578125,266.42999267578125,269.04998779296875,265.5,266.7200012207031,2409300
2018-08-31,263.510009765625,263.510009765625,266.8299865722656,263.20001220703125,265.54998779296875,2944500
2018-09-04,266.67999267578125,266.67999267578125,266.92999267578125,262.29998779296875,263.6700134277344,2158200
2018-09-05,256.1400146484375,256.1400146484375,266.1600036621094,254.5399932861328,265.6099853515625,4203300
2018-09-06,259.75,259.75,260.2699890136719,255.13999938964844,256.95001220703125,2810800
2018-09-07,260.8699951171875,260.8699951171875,263.6700134277344,257.1199951171875,258.0,2894300
2018-09-10,265.3699951171875,265.3699951171875,265.92999267578125,260.7900085449219,264.2699890136719,2633600
2018-09-11,267.0,267.0,268.6000061035156,263.3099975585937,265.29998779296875,2866000
2018-09-12,267.7900085449219,267.7900085449219,270.94000244140625,266.45001220703125,267.8299865722656,3365400
2018-09-13,268.5199890136719,268.5199890136719,270.0,265.010009765625,267.1300048828125,4774000
2018-09-14,274.69000244140625,274.69000244140625,277.6099853515625,268.0,269.0,6182500
2018-09-17,268.25,268.25,275.7799987792969,267.67999267578125,275.0,3080900
2018-09-18,270.7900085449219,270.7900085449219,273.7799987792969,266.6000061035156,267.6099853515625,2684400
2018-09-19,264.8800048828125,264.8800048828125,271.95001220703125,263.6099853515625,271.1400146484375,2801400
2018-09-20,266.3399963378906,266.3399963378906,269.5400085449219,264.19000244140625,266.4700012207031,2560200
2018-09-21,260.8800048828125,260.8800048828125,267.5,260.239990234375,266.1499938964844,6186500
2018-09-24,264.0899963378906,264.0899963378906,264.4599914550781,257.07000732421875,260.0,2619100
2018-09-25,267.8399963378906,267.8399963378906,268.42999267578125,264.20001220703125,264.6000061035156,2298000
2018-09-26,268.4700012207031,268.4700012207031,270.67999267578125,266.6600036621094,268.5599975585937,2027700
2018-09-27,269.9100036621094,269.9100036621094,272.4200134277344,269.25,270.0,1735200
2018-09-28,269.95001220703125,269.95001220703125,272.260009765625,268.44000244140625,269.75,2784500
2018-10-01,275.489990234375,275.489990234375,276.6300048828125,271.4599914550781,271.760009765625,3553100
2018-10-02,272.0,272.0,277.0299987792969,271.8500061035156,274.7099914550781,3254400
2018-10-03,270.510009765625,270.510009765625,274.1700134277344,269.760009765625,273.25,2726400
2018-10-04,263.7099914550781,263.7099914550781,271.07000732421875,260.5400085449219,269.5,3780300
2018-10-05,263.2200012207031,263.2200012207031,266.1000061035156,258.3099975585937,263.9599914550781,3098600
2018-10-08,254.69000244140625,254.69000244140625,263.4599914550781,248.69000244140625,261.8399963378906,5109200
2018-10-09,254.16000366210932,254.16000366210932,258.7200012207031,251.7100067138672,254.16000366210932,2597500
2018-10-10,237.91000366210932,237.91000366210932,253.3800048828125,237.8600006103516,252.5200042724609,5309300
2018-10-11,238.58999633789065,238.58999633789065,245.72000122070312,234.72000122070312,236.41000366210932,7042900
2018-10-12,248.8699951171875,248.8699951171875,249.91000366210932,242.77999877929688,247.7400054931641,4779900
2018-10-15,238.009994506836,238.009994506836,248.3699951171875,238.0,248.33999633789065,5106400
2018-10-16,260.6700134277344,260.6700134277344,261.7300109863281,251.7700042724609,252.5,8679600
2018-10-17,258.9100036621094,258.9100036621094,261.8900146484375,255.259994506836,261.2099914550781,4405100
2018-10-18,250.3500061035156,250.3500061035156,257.2099914550781,246.009994506836,256.19000244140625,5378900
2018-10-19,245.02999877929688,245.02999877929688,252.88999938964844,243.63999938964844,252.72999572753903,4070600
2018-10-22,251.0599975585937,251.0599975585937,251.63999938964844,242.8000030517578,246.0,3487000
2018-10-23,251.759994506836,251.759994506836,254.91000366210932,242.5599975585937,246.19000244140625,5006300
2018-10-24,238.44000244140625,238.44000244140625,254.6000061035156,238.22999572753903,250.6100006103516,4859500
2018-10-25,252.9199981689453,252.9199981689453,253.58999633789065,241.66000366210932,242.1699981689453,5283600
2018-10-26,245.8000030517578,245.8000030517578,252.17999267578125,241.41000366210932,243.8500061035156,4505800
2018-10-29,239.75,239.75,254.52999877929688,233.3999938964844,250.6699981689453,4725000
2018-10-30,238.41000366210932,238.41000366210932,242.5,231.6999969482422,238.9900054931641,5626800
2018-10-31,245.759994506836,245.759994506836,249.6000061035156,243.6699981689453,245.41000366210932,4423000
2018-11-01,245.27999877929688,245.27999877929688,247.5500030517578,241.4900054931641,245.69000244140625,3192200
2018-11-02,239.63999938964844,239.63999938964844,247.47000122070312,237.8000030517578,246.57000732421875,4335300
2018-11-05,239.88999938964844,239.88999938964844,241.0,233.6199951171875,240.0,3224100
2018-11-06,240.5599975585937,240.5599975585937,244.63999938964844,237.759994506836,240.47999572753903,2446700
2018-11-07,253.42999267578125,253.42999267578125,253.9600067138672,243.8099975585937,244.8000030517578,3790600
2018-11-08,249.9600067138672,249.9600067138672,254.1300048828125,247.7400054931641,253.3099975585937,2389300
2018-11-09,244.83999633789065,244.83999633789065,248.2899932861328,241.16000366210932,247.5599975585937,2765900
2018-11-12,236.6699981689453,236.6699981689453,244.8000030517578,235.3600006103516,244.13999938964844,3498300
2018-11-13,238.7400054931641,238.7400054931641,243.0,235.8500061035156,238.3800048828125,4017100
2018-11-14,235.22000122070312,235.22000122070312,242.91000366210932,231.91000366210932,242.16000366210932,3261300
2018-11-15,239.9499969482422,239.9499969482422,241.42999267578125,231.3300018310547,233.97999572753903,3383500
2018-11-16,238.88999938964844,238.88999938964844,240.13999938964844,235.3699951171875,239.5200042724609,2897400
2018-11-19,219.69000244140625,219.69000244140625,238.6499938964844,218.72000122070312,237.5,7642200
2018-11-20,219.72999572753903,219.72999572753903,222.83999633789065,207.0200042724609,209.41000366210932,6180500
2018-11-21,225.97999572753903,225.97999572753903,228.9900054931641,222.2400054931641,225.3300018310547,4846400
2018-11-23,225.5599975585937,225.5599975585937,227.7400054931641,222.509994506836,222.7100067138672,1691000
2018-11-26,231.9600067138672,231.9600067138672,233.3000030517578,227.91000366210932,229.19000244140625,3603700
2018-11-27,232.25,232.25,232.77999877929688,228.67999267578125,230.7700042724609,2882400
2018-11-28,249.2100067138672,249.2100067138672,250.41000366210932,237.7400054931641,237.8999938964844,6447100
2018-11-29,249.08999633789065,249.08999633789065,252.25,244.3099975585937,246.3600006103516,3723500
2018-11-30,250.88999938964844,250.88999938964844,251.57000732421875,247.08999633789065,250.22999572753903,5156700
2018-12-03,255.259994506836,255.259994506836,260.7200012207031,251.82000732421875,260.7099914550781,4286200
2018-12-04,245.82000732421875,245.82000732421875,254.7100067138672,244.97999572753903,253.22000122070312,4041700
2018-12-06,250.6300048828125,250.6300048828125,250.67999267578125,237.9600067138672,240.0,3950600
2018-12-07,238.0,238.0,249.259994506836,237.6499938964844,248.38999938964844,3971100
2018-12-10,244.08999633789065,244.08999633789065,245.3999938964844,237.009994506836,237.4600067138672,3194300
2018-12-11,245.33999633789065,245.33999633789065,251.75,242.77999877929688,251.42999267578125,3179400
2018-12-12,245.5500030517578,245.5500030517578,251.5599975585937,245.0399932861328,249.9900054931641,4067900
2018-12-13,248.0800018310547,248.0800018310547,251.6000061035156,245.1999969482422,248.1499938964844,5395200
2018-12-14,230.0,230.0,240.9199981689453,229.91000366210932,240.759994506836,12189400
2018-12-17,221.3800048828125,221.3800048828125,230.6300048828125,220.47999572753903,226.92999267578125,7059500
2018-12-18,226.17999267578125,226.17999267578125,228.1300048828125,221.5500030517578,222.52999877929688,5265000
2018-12-19,224.6499938964844,224.6499938964844,231.0200042724609,221.1100006103516,225.9199981689453,6110800
2018-12-20,218.6499938964844,218.6499938964844,224.8500061035156,212.8300018310547,223.0,6099400
2018-12-21,208.8000030517578,208.8000030517578,222.259994506836,207.3699951171875,219.5500030517578,8828100
2018-12-24,205.16000366210932,205.16000366210932,212.5800018310547,204.9499969482422,206.8999938964844,2940500
2018-12-26,222.9499969482422,222.9499969482422,222.9600067138672,206.25,206.52999877929688,5897900
2018-12-27,225.13999938964844,225.13999938964844,225.1699981689453,214.16000366210932,219.9900054931641,3931100
2018-12-28,223.1300048828125,223.1300048828125,228.1100006103516,220.8699951171875,227.5800018310547,3160200
2018-12-31,226.2400054931641,226.2400054931641,227.3300018310547,223.2400054931641,225.5599975585937,2866400
2019-01-02,224.57000732421875,224.57000732421875,226.1699981689453,219.0,219.91000366210932,2784100
2019-01-03,215.6999969482422,215.6999969482422,223.6300048828125,215.1499938964844,220.8800048828125,3663500
2019-01-04,226.19000244140625,226.19000244140625,227.6499938964844,217.47999572753903,219.83999633789065,4043400
2019-01-07,229.259994506836,229.259994506836,232.6000061035156,227.2899932861328,229.9499969482422,3638500
2019-01-08,232.67999267578125,232.67999267578125,233.7700042724609,228.3300018310547,232.6499938964844,3685900
2019-01-09,235.42999267578125,235.42999267578125,238.58999633789065,232.0,234.009994506836,3594200
2019-01-10,237.7700042724609,237.7700042724609,238.0399932861328,231.7100067138672,233.7700042724609,2704600
2019-01-11,237.5500030517578,237.5500030517578,239.32000732421875,235.22999572753903,235.7100067138672,3179500
2019-01-14,234.5599975585937,234.5599975585937,236.259994506836,231.9600067138672,235.3300018310547,2606800
2019-01-15,242.3600006103516,242.3600006103516,243.92999267578125,237.259994506836,237.8999938964844,3656500
2019-01-16,241.9499969482422,241.9499969482422,244.0,239.67999267578125,243.6000061035156,2885200
2019-01-17,244.3999938964844,244.3999938964844,245.0399932861328,238.77999877929688,240.1300048828125,2836200
2019-01-18,247.509994506836,247.509994506836,250.67999267578125,244.4499969482422,247.4499969482422,3711300
2019-01-22,243.8500061035156,243.8500061035156,245.6100006103516,241.19000244140625,245.1300048828125,4155500
2019-01-23,245.13999938964844,245.13999938964844,248.16000366210932,240.6000061035156,244.91000366210932,2031400
2019-01-24,242.5599975585937,242.5599975585937,245.97999572753903,241.17999267578125,245.6199951171875,3643000
2019-01-25,244.9499969482422,244.9499969482422,247.1000061035156,243.42999267578125,244.9900054931641,3822300
2019-01-28,241.8500061035156,241.8500061035156,243.22000122070312,239.3500061035156,241.0,2110400
2019-01-29,238.2700042724609,238.2700042724609,242.8699951171875,237.2700042724609,241.8099975585937,1937100
2019-01-30,242.6699981689453,242.6699981689453,243.0,238.8699951171875,240.16000366210932,2482900
2019-01-31,247.82000732421875,247.82000732421875,249.0,243.0,243.0,5007200
2019-02-01,247.3800048828125,247.3800048828125,251.0399932861328,246.1000061035156,247.82000732421875,3033300
2019-02-04,254.7400054931641,254.7400054931641,256.989990234375,248.0599975585937,248.5599975585937,3705100
2019-02-05,254.82000732421875,254.82000732421875,258.5599975585937,254.009994506836,256.739990234375,3042000
2019-02-06,254.3500061035156,254.3500061035156,255.92999267578125,250.7100067138672,255.0599975585937,2539100
2019-02-07,253.7400054931641,253.7400054931641,254.3099975585937,250.27999877929688,251.3300018310547,2099300
2019-02-08,257.0,257.0,257.04998779296875,250.63999938964844,251.38999938964844,2756800
2019-02-11,258.3900146484375,258.3900146484375,259.8999938964844,256.19000244140625,258.8900146484375,3538100
2019-02-12,261.3699951171875,261.3699951171875,262.25,258.6700134277344,260.1499938964844,2518400
2019-02-13,260.2300109863281,260.2300109863281,263.3599853515625,259.3699951171875,263.1300048828125,1899700
2019-02-14,260.1400146484375,260.1400146484375,261.7099914550781,258.010009765625,259.3999938964844,1885000
2019-02-15,259.45001220703125,259.45001220703125,260.9700012207031,258.07000732421875,260.3399963378906,2999200
2019-02-19,257.8099975585937,257.8099975585937,260.0599975585937,256.45001220703125,258.9800109863281,3475600
2019-02-20,258.1000061035156,258.1000061035156,260.989990234375,255.9199981689453,258.1300048828125,2484800
2019-02-21,257.760009765625,257.760009765625,259.3500061035156,255.1199951171875,257.29998779296875,2607400
2019-02-22,258.8999938964844,258.8999938964844,260.239990234375,257.6099853515625,257.6099853515625,2006000
2019-02-25,258.6199951171875,258.6199951171875,262.9800109863281,258.17999267578125,261.5,1815800
2019-02-26,261.2200012207031,261.2200012207031,262.5799865722656,256.3699951171875,258.0,2538900
2019-02-27,262.8999938964844,262.8999938964844,263.0799865722656,256.5199890136719,259.7699890136719,2266800
2019-02-28,262.5,262.5,266.239990234375,261.760009765625,262.3999938964844,3810300
2019-03-01,264.010009765625,264.010009765625,266.239990234375,261.5,265.75,2594000
2019-03-04,258.1600036621094,258.1600036621094,267.0,254.0800018310547,266.70001220703125,2994900
2019-03-05,257.3800048828125,257.3800048828125,259.8699951171875,256.3699951171875,259.0,2101800
2019-03-06,256.3999938964844,256.3999938964844,259.489990234375,253.83999633789065,257.3999938964844,1950500
2019-03-07,255.4600067138672,255.4600067138672,257.489990234375,253.2899932861328,255.7700042724609,3185200
2019-03-08,254.7400054931641,254.7400054931641,255.0200042724609,249.1000061035156,251.4900054931641,2195400
2019-03-11,260.9599914550781,260.9599914550781,261.4599914550781,255.7700042724609,255.97999572753903,2711700
2019-03-12,263.510009765625,263.510009765625,264.75,259.010009765625,261.8599853515625,2583500
2019-03-13,264.3800048828125,264.3800048828125,269.79998779296875,264.1300048828125,265.5,3992500
2019-03-14,267.69000244140625,267.69000244140625,268.0,263.5199890136719,265.260009765625,5113400
2019-03-15,257.0899963378906,257.0899963378906,260.0,252.02999877929688,258.0299987792969,12110500
2019-03-18,257.760009765625,257.760009765625,259.9599914550781,253.88999938964844,257.1099853515625,4013400
2019-03-19,260.4200134277344,260.4200134277344,260.6400146484375,256.3399963378906,259.42999267578125,4257300
2019-03-20,259.739990234375,259.739990234375,262.29998779296875,256.1700134277344,260.5400085449219,3732600
2019-03-21,264.17999267578125,264.17999267578125,264.3399963378906,258.3999938964844,259.0,2359900
2019-03-22,259.69000244140625,259.69000244140625,264.6400146484375,259.5199890136719,263.4700012207031,3454000
2019-03-25,262.2699890136719,262.2699890136719,263.1199951171875,257.1000061035156,259.2099914550781,2639300
2019-03-26,265.5899963378906,265.5899963378906,267.739990234375,263.8399963378906,265.04998779296875,3150100
2019-03-27,262.3399963378906,262.3399963378906,265.9700012207031,259.0400085449219,265.5299987792969,2521900
2019-03-28,263.5299987792969,263.5299987792969,265.1700134277344,260.8800048828125,263.5,2018000
2019-03-29,266.489990234375,266.489990234375,266.75,264.20001220703125,265.4700012207031,2097400
2019-04-01,272.1700134277344,272.1700134277344,272.3900146484375,268.19000244140625,269.8500061035156,2970100
2019-04-02,271.3500061035156,271.3500061035156,273.0,267.6300048828125,272.8900146484375,1877800
2019-04-03,271.5,271.5,274.17999267578125,270.9800109863281,273.7099914550781,2432800
2019-04-04,267.8900146484375,267.8900146484375,271.4700012207031,263.7200012207031,270.9800109863281,2947400
2019-04-05,267.45001220703125,267.45001220703125,269.94000244140625,266.5899963378906,269.44000244140625,1970500
2019-04-08,268.8099975585937,268.8099975585937,269.0899963378906,264.70001220703125,266.9599914550781,1796800
2019-04-09,268.989990234375,268.989990234375,269.989990234375,266.79998779296875,267.1199951171875,1605900
2019-04-10,271.5799865722656,271.5799865722656,272.1600036621094,269.010009765625,269.4700012207031,1469700
2019-04-11,271.8999938964844,271.8999938964844,272.9200134277344,270.7699890136719,271.95001220703125,2085600
2019-04-12,271.8599853515625,271.8599853515625,273.510009765625,270.82000732421875,273.010009765625,1681100
2019-04-15,272.2200012207031,272.2200012207031,273.7099914550781,270.6199951171875,271.8599853515625,1462300
2019-04-16,271.42999267578125,271.42999267578125,273.3900146484375,269.6400146484375,273.07000732421875,1638400
2019-04-17,269.45001220703125,269.45001220703125,272.6700134277344,268.44000244140625,272.1700134277344,2391500
2019-04-18,270.57000732421875,270.57000732421875,270.82000732421875,266.6400146484375,270.0899963378906,2028900
2019-04-22,272.2099914550781,272.2099914550781,272.32000732421875,269.20001220703125,269.82000732421875,1364700
2019-04-23,278.489990234375,278.489990234375,278.8900146484375,271.5899963378906,272.5400085449219,2693600
2019-04-24,275.45001220703125,275.45001220703125,280.1700134277344,275.25,279.2200012207031,1867600
2019-04-25,277.6600036621094,277.6600036621094,279.5199890136719,274.3800048828125,278.3999938964844,1747200
2019-04-26,281.9599914550781,281.9599914550781,282.0,275.7900085449219,278.17999267578125,2114000
2019-04-29,286.1400146484375,286.1400146484375,291.7099914550781,285.3800048828125,286.4599914550781,5592400
2019-04-30,289.25,289.25,289.7699890136719,285.25,286.1000061035156,3068000
2019-05-01,283.3500061035156,283.3500061035156,291.0,283.19000244140625,291.0,2056200
2019-05-02,279.6400146484375,279.6400146484375,284.5899963378906,278.1499938964844,283.1400146484375,2482300
2019-05-03,285.5799865722656,285.5799865722656,286.3500061035156,282.3900146484375,282.5599975585937,1979500
2019-05-06,283.6600036621094,283.6600036621094,284.2200012207031,275.8099975585937,277.6000061035156,1994500
2019-05-07,277.07000732421875,277.07000732421875,280.6499938964844,273.6700134277344,278.82000732421875,2568000
2019-05-08,276.7699890136719,276.7699890136719,278.3699951171875,274.1600036621094,275.8299865722656,2610800
2019-05-09,275.7900085449219,275.7900085449219,277.1199951171875,270.79998779296875,274.1600036621094,1866800
2019-05-10,278.4800109863281,278.4800109863281,279.5,270.32000732421875,273.5799865722656,2097500
2019-05-13,267.70001220703125,267.70001220703125,274.19000244140625,267.2200012207031,270.57000732421875,2698300
2019-05-14,271.8599853515625,271.8599853515625,274.2300109863281,269.2900085449219,269.42999267578125,2046600
2019-05-15,276.82000732421875,276.82000732421875,276.95001220703125,269.5,269.82000732421875,2708600
2019-05-16,283.54998779296875,283.54998779296875,285.8699951171875,278.3999938964844,278.6300048828125,3413100
2019-05-17,279.8500061035156,279.8500061035156,284.4100036621094,279.07000732421875,281.67999267578125,2223500
2019-05-20,275.45001220703125,275.45001220703125,277.8900146484375,273.3999938964844,276.1000061035156,2392000
2019-05-21,278.07000732421875,278.07000732421875,280.0,277.04998779296875,278.2099914550781,1793500
2019-05-22,281.82000732421875,281.82000732421875,282.739990234375,277.260009765625,277.4200134277344,1570500
2019-05-23,274.25,274.25,278.42999267578125,271.69000244140625,278.2900085449219,2706400
2019-05-24,274.7699890136719,274.7699890136719,277.4800109863281,273.5400085449219,273.5400085449219,1878300
2019-05-28,278.25,278.25,281.45001220703125,275.3699951171875,276.489990234375,2475800
2019-05-29,273.3800048828125,273.3800048828125,276.79998779296875,272.2799987792969,275.2900085449219,1806000
2019-05-30,274.510009765625,274.510009765625,275.0899963378906,272.42999267578125,274.42999267578125,1601100
2019-05-31,270.8999938964844,270.8999938964844,272.9100036621094,268.75,271.2799987792969,2526600
2019-06-03,259.0299987792969,259.0299987792969,272.8099975585937,257.5299987792969,270.510009765625,3903400
2019-06-04,268.7099914550781,268.7099914550781,268.92999267578125,257.4599914550781,263.2699890136719,3750800
2019-06-05,272.8599853515625,272.8599853515625,273.2099914550781,268.3900146484375,272.7799987792969,2650400
2019-06-06,274.79998779296875,274.79998779296875,275.760009765625,271.04998779296875,273.7200012207031,2211800
2019-06-07,278.1600036621094,278.1600036621094,282.3699951171875,275.510009765625,275.8699951171875,2758900
2019-06-10,280.3399963378906,280.3399963378906,284.9800109863281,280.20001220703125,280.9800109863281,2487700
2019-06-11,275.989990234375,275.989990234375,284.8900146484375,272.0299987792969,283.9100036621094,2969300
2019-06-12,276.8399963378906,276.8399963378906,277.5599975585937,274.5799865722656,276.1300048828125,1313700
2019-06-13,276.29998779296875,276.29998779296875,278.9599914550781,275.9200134277344,278.5899963378906,1696400
2019-06-14,274.2799987792969,274.2799987792969,277.1000061035156,274.0,275.9100036621094,2262800
2019-06-17,275.6000061035156,275.6000061035156,277.4700012207031,274.6300048828125,274.6300048828125,2254200
2019-06-18,276.7799987792969,276.7799987792969,280.489990234375,276.6199951171875,280.3699951171875,4529300
2019-06-19,291.2099914550781,291.2099914550781,292.0,284.3399963378906,287.0,9738600
2019-06-20,302.1099853515625,302.1099853515625,302.6600036621094,293.25,293.25,5632500
2019-06-21,299.3299865722656,299.3299865722656,304.0,299.0899963378906,301.4599914550781,4015500
2019-06-24,299.8699951171875,299.8699951171875,302.5799865722656,298.69000244140625,300.0,2868900
2019-06-25,287.9700012207031,287.9700012207031,300.6499938964844,287.0,299.2099914550781,4638500
2019-06-26,288.7200012207031,288.7200012207031,292.760009765625,288.70001220703125,291.260009765625,2896800
2019-06-27,293.2300109863281,293.2300109863281,294.6700134277344,290.0400085449219,290.0400085449219,2596800
2019-06-28,294.6499938964844,294.6499938964844,295.1000061035156,291.95001220703125,294.5,2648300
2019-07-01,300.9700012207031,300.9700012207031,301.8999938964844,297.6600036621094,299.54998779296875,2619500
2019-07-02,301.3900146484375,301.3900146484375,301.5799865722656,299.3599853515625,301.19000244140625,1816600
2019-07-03,305.70001220703125,305.70001220703125,305.8599853515625,301.2900085449219,302.0,1585300
2019-07-05,303.9800109863281,303.9800109863281,305.239990234375,298.92999267578125,304.010009765625,2872700
2019-07-08,302.9200134277344,302.9200134277344,303.1099853515625,300.1300048828125,302.760009765625,1909200
2019-07-09,304.20001220703125,304.20001220703125,305.1300048828125,300.2200012207031,300.5599975585937,1644300
2019-07-10,306.9800109863281,306.9800109863281,309.32000732421875,305.1000061035156,305.1000061035156,1954100
2019-07-11,307.6000061035156,307.6000061035156,310.1700134277344,305.8999938964844,307.3900146484375,1951500
2019-07-12,309.4200134277344,309.4200134277344,309.70001220703125,304.9599914550781,308.010009765625,1624800
2019-07-15,308.760009765625,308.760009765625,310.4599914550781,307.7200012207031,310.0,1161600
2019-07-16,305.70001220703125,305.70001220703125,308.4599914550781,305.07000732421875,308.0,1838700
2019-07-17,309.3900146484375,309.3900146484375,310.9599914550781,306.75,307.1300048828125,2298100
2019-07-18,310.0799865722656,310.0799865722656,310.9200134277344,306.8500061035156,307.2099914550781,1597200
2019-07-19,306.8699951171875,306.8699951171875,313.1099853515625,305.2699890136719,311.5599975585937,2100200
2019-07-22,308.54998779296875,308.54998779296875,309.9200134277344,307.1400146484375,308.3900146484375,1336400
2019-07-23,307.8800048828125,307.8800048828125,309.9800109863281,305.2200012207031,309.9100036621094,1826800
2019-07-24,310.2699890136719,310.2699890136719,310.7300109863281,305.8099975585937,305.8099975585937,1458800
2019-07-25,308.7300109863281,308.7300109863281,309.6600036621094,306.1000061035156,308.6600036621094,1378500
2019-07-26,311.2699890136719,311.2699890136719,312.5,309.260009765625,309.9700012207031,1507800
2019-07-29,307.2200012207031,307.2200012207031,311.94000244140625,301.4800109863281,311.94000244140625,2778400
2019-07-30,303.6400146484375,303.6400146484375,307.0899963378906,302.54998779296875,305.07000732421875,2158000
2019-07-31,298.8599853515625,298.8599853515625,304.95001220703125,295.1099853515625,303.6099853515625,3066900
2019-08-01,298.44000244140625,298.44000244140625,304.989990234375,296.7699890136719,299.1499938964844,3210200
2019-08-02,293.7099914550781,293.7099914550781,297.3500061035156,289.4200134277344,295.57000732421875,3400900
2019-08-05,280.3599853515625,280.3599853515625,286.8699951171875,276.7799987792969,285.0400085449219,4292600
2019-08-06,286.2099914550781,286.2099914550781,286.989990234375,282.5,283.6300048828125,2552100
2019-08-07,289.0199890136719,289.0199890136719,290.260009765625,282.0,282.239990234375,2196700
2019-08-08,297.7799987792969,297.7799987792969,297.8699951171875,290.20001220703125,292.75,2506000
2019-08-09,294.8299865722656,294.8299865722656,298.2699890136719,292.1499938964844,296.1400146484375,1451100
2019-08-12,288.6499938964844,288.6499938964844,294.4200134277344,287.4100036621094,293.1400146484375,1580500
2019-08-13,293.1700134277344,293.1700134277344,295.5,286.3900146484375,288.2300109863281,2326400
2019-08-14,283.6600036621094,283.6600036621094,289.6499938964844,281.42999267578125,287.6000061035156,2586000
2019-08-15,282.7099914550781,282.7099914550781,286.489990234375,280.8599853515625,285.6400146484375,2336800
2019-08-16,287.45001220703125,287.45001220703125,290.1499938964844,283.32000732421875,285.5799865722656,1954500
2019-08-19,287.9700012207031,287.9700012207031,291.7699890136719,287.1700134277344,291.32000732421875,1955200
2019-08-20,285.7099914550781,285.7099914550781,288.6600036621094,285.3999938964844,287.9700012207031,1491000
2019-08-21,291.5299987792969,291.5299987792969,292.9200134277344,286.510009765625,288.5400085449219,1520200
2019-08-22,287.69000244140625,287.69000244140625,292.8999938964844,285.1199951171875,292.57000732421875,1743200
2019-08-23,282.44000244140625,282.44000244140625,293.57000732421875,280.9700012207031,289.2300109863281,2851900
2019-08-26,288.739990234375,288.739990234375,288.8900146484375,283.510009765625,284.8599853515625,1792800
2019-08-27,289.45001220703125,289.45001220703125,291.8500061035156,286.5299987792969,290.6600036621094,1792300
2019-08-28,282.1300048828125,282.1300048828125,287.989990234375,280.4200134277344,286.54998779296875,2776300
2019-08-29,286.6300048828125,286.6300048828125,287.70001220703125,283.6199951171875,285.7099914550781,2171900
2019-08-30,284.510009765625,284.510009765625,288.5,280.1199951171875,287.4100036621094,2373300
2019-09-03,282.45001220703125,282.45001220703125,287.4599914550781,281.3999938964844,284.25,1837000
2019-09-04,284.6000061035156,284.6000061035156,286.25,282.4599914550781,286.0400085449219,1516000
2019-09-05,287.75,287.75,288.010009765625,281.5199890136719,287.8299865722656,2835900
2019-09-06,284.94000244140625,284.94000244140625,289.5899963378906,283.9599914550781,288.20001220703125,2273100
2019-09-09,279.29998779296875,279.29998779296875,286.92999267578125,276.6000061035156,286.5199890136719,3134500
2019-09-10,276.1400146484375,276.1400146484375,277.5799865722656,272.3399963378906,277.5799865722656,4097800
2019-09-11,277.7799987792969,277.7799987792969,280.3099975585937,274.0,277.6600036621094,2594000
2019-09-12,278.0199890136719,278.0199890136719,282.2799987792969,277.94000244140625,281.0,2955000
2019-09-13,278.3500061035156,278.3500061035156,280.2799987792969,276.32000732421875,278.2200012207031,2948600
2019-09-16,282.92999267578125,282.92999267578125,283.04998779296875,275.29998779296875,276.6199951171875,2774700
2019-09-17,284.69000244140625,284.69000244140625,285.29998779296875,280.3599853515625,284.0400085449219,4069200
2019-09-18,279.7200012207031,279.7200012207031,280.2900085449219,270.0199890136719,275.3500061035156,7449700
2019-09-19,281.260009765625,281.260009765625,284.3699951171875,279.8299865722656,280.1700134277344,3163500
2019-09-20,277.9100036621094,277.9100036621094,283.20001220703125,274.95001220703125,281.6000061035156,4046500
2019-09-23,277.44000244140625,277.44000244140625,279.5799865722656,275.4100036621094,275.92999267578125,1966300
2019-09-24,272.4700012207031,272.4700012207031,280.70001220703125,271.0799865722656,279.5799865722656,3288100
2019-09-25,277.42999267578125,277.42999267578125,277.7099914550781,267.7300109863281,271.8999938964844,3307300
2019-09-26,283.8099975585937,283.8099975585937,285.8999938964844,277.010009765625,278.4599914550781,4270800
2019-09-27,277.5400085449219,277.5400085449219,284.9800109863281,274.1199951171875,284.6300048828125,3167600
2019-09-30,276.25,276.25,279.0,275.1400146484375,277.5400085449219,3992300
2019-10-01,272.7099914550781,272.7099914550781,279.6499938964844,271.8699951171875,278.989990234375,3245800
2019-10-02,266.6600036621094,266.6600036621094,271.17999267578125,265.19000244140625,271.17999267578125,3370100
2019-10-03,272.3999938964844,272.3999938964844,272.79998779296875,263.8500061035156,266.9200134277344,3545100
2019-10-04,276.9599914550781,276.9599914550781,278.0799865722656,273.1099853515625,273.1099853515625,2566300
2019-10-07,276.8999938964844,276.8999938964844,278.489990234375,275.5899963378906,276.32000732421875,1823500
2019-10-08,270.8299865722656,270.8299865722656,275.4100036621094,270.79998779296875,274.4599914550781,2135900
2019-10-09,274.2699890136719,274.2699890136719,275.54998779296875,272.8599853515625,273.5199890136719,1359400
2019-10-10,274.9800109863281,274.9800109863281,276.7099914550781,272.7900085449219,274.0599975585937,1562300
2019-10-11,278.2900085449219,278.2900085449219,281.2699890136719,277.6300048828125,278.3699951171875,2087600
2019-10-14,277.7799987792969,277.7799987792969,279.4200134277344,277.1499938964844,278.1099853515625,1372600
2019-10-15,279.3900146484375,279.3900146484375,281.510009765625,278.0199890136719,278.1700134277344,1964000
2019-10-16,272.70001220703125,272.70001220703125,272.8099975585937,267.510009765625,270.2300109863281,4315200
2019-10-17,269.239990234375,269.239990234375,274.1199951171875,267.1499938964844,272.6099853515625,3319100
2019-10-18,265.5199890136719,265.5199890136719,269.67999267578125,262.1000061035156,269.3599853515625,4391000
2019-10-21,266.8399963378906,266.8399963378906,267.42999267578125,262.57000732421875,265.6300048828125,2868800
2019-10-22,261.0899963378906,261.0899963378906,269.2799987792969,260.6400146484375,268.489990234375,3349100
2019-10-23,261.32000732421875,261.32000732421875,265.5199890136719,259.57000732421875,261.0,3020400
2019-10-24,269.70001220703125,269.70001220703125,271.4599914550781,263.25,264.0400085449219,3511000
2019-10-25,270.9800109863281,270.9800109863281,271.6099853515625,267.0199890136719,267.79998779296875,1822300
2019-10-28,271.3500061035156,271.3500061035156,272.2900085449219,268.3800048828125,271.5799865722656,2281900
2019-10-29,271.45001220703125,271.45001220703125,273.7200012207031,271.0599975585937,271.67999267578125,1723500
2019-10-30,278.4100036621094,278.4100036621094,278.6499938964844,272.6099853515625,273.25,2320800
2019-10-31,277.92999267578125,277.92999267578125,279.32000732421875,275.3099975585937,278.2699890136719,2845400
2019-11-01,277.82000732421875,277.82000732421875,281.8299865722656,277.2699890136719,279.1400146484375,2827200
2019-11-04,277.5,277.5,281.2099914550781,276.04998779296875,280.5599975585937,2790200
2019-11-05,289.2900085449219,289.2900085449219,292.8800048828125,283.6000061035156,292.1099853515625,6170600
2019-11-06,287.3999938964844,287.3999938964844,289.260009765625,285.6099853515625,289.1099853515625,2762400
2019-11-07,290.7699890136719,290.7699890136719,293.4800109863281,287.0,288.29998779296875,3201600
2019-11-08,292.4599914550781,292.4599914550781,292.4599914550781,288.4800109863281,290.0199890136719,1628500
2019-11-11,290.2699890136719,290.2699890136719,292.3399963378906,289.70001220703125,291.95001220703125,1777400
2019-11-12,291.7200012207031,291.7200012207031,294.1600036621094,290.2699890136719,290.7900085449219,2084900
2019-11-13,293.5400085449219,293.5400085449219,293.70001220703125,290.260009765625,291.8599853515625,1739900
2019-11-14,294.5299987792969,294.5299987792969,295.0799865722656,292.1499938964844,293.5400085449219,1459700
2019-11-15,297.5,297.5,297.5,293.5599975585937,296.5400085449219,2011300
2019-11-18,297.1600036621094,297.1600036621094,298.5599975585937,296.0,297.54998779296875,1632700
2019-11-19,300.6000061035156,300.6000061035156,300.739990234375,296.3900146484375,298.75,2142700
2019-11-20,300.1000061035156,300.1000061035156,302.04998779296875,297.04998779296875,299.3900146484375,1841300
2019-11-21,298.79998779296875,298.79998779296875,300.3500061035156,296.6199951171875,298.989990234375,1609800
2019-11-22,299.29998779296875,299.29998779296875,299.9200134277344,295.79998779296875,299.5899963378906,1508900
2019-11-25,305.2799987792969,305.2799987792969,305.45001220703125,300.4800109863281,300.4800109863281,2205400
2019-11-26,307.8999938964844,307.8999938964844,309.0599975585937,304.8900146484375,305.0,2619000
2019-11-27,309.0599975585937,309.0599975585937,309.1700134277344,305.739990234375,308.5,1469700
2019-11-29,309.5299987792969,309.5299987792969,310.0,308.0,308.5199890136719,1175100
2019-12-02,302.75,302.75,309.8999938964844,299.510009765625,309.2200012207031,2891400
2019-12-03,303.9100036621094,303.9100036621094,304.4599914550781,297.32000732421875,298.239990234375,1608500
2019-12-04,302.510009765625,302.510009765625,305.3299865722656,301.2799987792969,305.0,1522800
2019-12-05,303.0299987792969,303.0299987792969,304.239990234375,301.0,303.1300048828125,1698100
2019-12-06,306.2300109863281,306.2300109863281,306.75,303.1600036621094,306.20001220703125,1733000
2019-12-09,307.04998779296875,307.04998779296875,310.9100036621094,306.70001220703125,308.9100036621094,2892500
2019-12-10,304.1700134277344,304.1700134277344,309.0299987792969,304.1000061035156,306.6199951171875,2155300
2019-12-11,303.739990234375,303.739990234375,305.3800048828125,301.4800109863281,305.1499938964844,2928600
2019-12-12,305.9599914550781,305.9599914550781,306.5799865722656,300.7200012207031,303.0,3104600
2019-12-13,317.94000244140625,317.94000244140625,321.7300109863281,313.739990234375,314.1099853515625,6606700
2019-12-16,323.79998779296875,323.79998779296875,325.25,319.2699890136719,319.2699890136719,3436700
2019-12-17,322.8500061035156,322.8500061035156,325.0799865722656,321.75,325.0400085449219,2331900
2019-12-18,324.3800048828125,324.3800048828125,326.82000732421875,322.010009765625,322.1000061035156,2332600
2019-12-19,327.6300048828125,327.6300048828125,327.9599914550781,324.260009765625,324.3800048828125,2561400
2019-12-20,327.6099853515625,327.6099853515625,330.0,325.6199951171875,328.3699951171875,4233000
2019-12-23,328.95001220703125,328.95001220703125,329.8800048828125,327.260009765625,328.8299865722656,2210600
2019-12-24,329.6400146484375,329.6400146484375,331.5400085449219,328.67999267578125,329.0,1066400
2019-12-26,331.20001220703125,331.20001220703125,331.2799987792969,329.6300048828125,329.6300048828125,1055100
2019-12-27,330.7900085449219,330.7900085449219,332.8800048828125,329.7699890136719,332.8800048828125,1229800
2019-12-30,328.3399963378906,328.3399963378906,330.4700012207031,325.1700134277344,330.3500061035156,1896700
2019-12-31,329.8099975585937,329.8099975585937,329.94000244140625,326.25,326.25,1592300
2020-01-02,334.42999267578125,334.42999267578125,334.4800109863281,329.1700134277344,330.0,1990100
2020-01-03,331.8099975585937,331.8099975585937,332.9800109863281,328.69000244140625,329.1700134277344,1577600
2020-01-06,333.7099914550781,333.7099914550781,333.9100036621094,328.19000244140625,328.2900085449219,1874700
2020-01-07,333.3900146484375,333.3900146484375,334.7900085449219,332.3099975585937,334.1499938964844,2500800
2020-01-08,337.8699951171875,337.8699951171875,339.2300109863281,333.3999938964844,333.8099975585937,2248500
2020-01-09,340.45001220703125,340.45001220703125,341.8099975585937,338.19000244140625,340.1400146484375,1626300
2020-01-10,339.8099975585937,339.8099975585937,343.3599853515625,339.6199951171875,342.04998779296875,1480400
2020-01-13,345.6300048828125,345.6300048828125,345.7300109863281,341.2200012207031,341.5400085449219,2069200
2020-01-14,344.6300048828125,344.6300048828125,347.2699890136719,343.1499938964844,347.010009765625,2274400
2020-01-15,342.94000244140625,342.94000244140625,347.5,342.4599914550781,346.4200134277344,2213300
2020-01-16,345.3800048828125,345.3800048828125,345.989990234375,342.760009765625,345.9800109863281,2439600
2020-01-17,349.739990234375,349.739990234375,349.95001220703125,346.3800048828125,349.0,2536100
2020-01-21,350.0,350.0,352.3699951171875,345.6199951171875,346.3699951171875,2121200
2020-01-22,350.0599975585937,350.0599975585937,354.2799987792969,349.9599914550781,352.6000061035156,1600300
2020-01-23,351.760009765625,351.760009765625,352.1600036621094,347.8500061035156,351.0199890136719,2084400
2020-01-24,351.3699951171875,351.3699951171875,355.69000244140625,349.20001220703125,354.1000061035156,1640200
2020-01-27,346.8999938964844,346.8999938964844,349.8999938964844,340.3999938964844,341.0400085449219,2652000
2020-01-28,354.6300048828125,354.6300048828125,355.6600036621094,347.1199951171875,349.0,2270800
2020-01-29,351.6600036621094,351.6600036621094,356.70001220703125,351.3599853515625,356.70001220703125,1521300
2020-01-30,356.739990234375,356.739990234375,356.82000732421875,349.69000244140625,349.69000244140625,1834900
2020-01-31,351.1400146484375,351.1400146484375,355.8399963378906,348.29998779296875,355.8399963378906,3692900
2020-02-03,358.0,358.0,358.6700134277344,352.2900085449219,353.4100036621094,2693800
2020-02-04,366.739990234375,366.739990234375,367.4400024414063,360.4500122070313,363.4299926757813,3053000
2020-02-05,365.5499877929688,365.5499877929688,374.4800109863281,362.30999755859375,373.989990234375,2463400
2020-02-06,367.4599914550781,367.4599914550781,368.25,363.010009765625,366.1600036621094,2224500
2020-02-07,366.0899963378906,366.0899963378906,369.3399963378906,364.3800048828125,366.0,2092700
2020-02-10,370.0,370.0,370.80999755859375,365.2200012207031,365.4400024414063,2426800
2020-02-11,369.2799987792969,369.2799987792969,373.7000122070313,367.25,373.0299987792969,2004700
2020-02-12,374.2900085449219,374.2900085449219,374.4299926757813,367.1499938964844,370.6400146484375,2355600
2020-02-13,374.8399963378906,374.8399963378906,377.7099914550781,372.3900146484375,372.55999755859375,1917100
2020-02-14,379.6700134277344,379.6700134277344,379.8299865722656,375.8500061035156,376.2799987792969,1690300
2020-02-18,378.8500061035156,378.8500061035156,382.5899963378906,378.5899963378906,380.2000122070313,2074400
2020-02-19,383.2799987792969,383.2799987792969,385.0,381.4800109863281,383.8299865722656,2580400
2020-02-20,378.9599914550781,378.9599914550781,386.75,373.4800109863281,384.0,3789300
2020-02-21,372.9500122070313,372.9500122070313,378.3399963378906,368.75,378.0199890136719,2742800
2020-02-24,357.4100036621094,357.4100036621094,363.4599914550781,349.0,355.3900146484375,3924000
2020-02-25,347.79998779296875,347.79998779296875,363.9700012207031,346.2799987792969,361.0,4188100
2020-02-26,351.3399963378906,351.3399963378906,360.07000732421875,348.6000061035156,349.3999938964844,3489700
2020-02-27,337.5199890136719,337.5199890136719,352.239990234375,337.2699890136719,340.0,4737700
2020-02-28,345.1199951171875,345.1199951171875,345.4599914550781,324.0,324.4200134277344,6463400
2020-03-02,360.2799987792969,360.2799987792969,360.75,342.6099853515625,349.8099975585937,5398100
2020-03-03,348.3399963378906,348.3399963378906,364.9500122070313,344.0400085449219,361.760009765625,4204500
2020-03-04,363.8500061035156,363.8500061035156,364.2699890136719,350.0799865722656,354.3800048828125,4146300
2020-03-05,351.0299987792969,351.0299987792969,360.4500122070313,347.19000244140625,355.0599975585937,3199000
2020-03-06,336.7699890136719,336.7699890136719,344.1600036621094,326.6000061035156,340.45001220703125,5622900
2020-03-09,305.7900085449219,305.7900085449219,322.44000244140625,305.3299865722656,311.67999267578125,5291900
2020-03-10,332.3800048828125,332.3800048828125,332.94000244140625,309.3099975585937,318.9800109863281,5973700
2020-03-11,315.2300109863281,315.2300109863281,326.3599853515625,309.0,324.32000732421875,4869200
2020-03-12,285.0,285.0,310.1300048828125,283.0,290.4100036621094,7230200
2020-03-13,335.5,335.5,336.0,298.0,312.8800048828125,8935200
2020-03-16,286.0299987792969,286.0299987792969,307.1099853515625,283.25,288.3599853515625,7140100
2020-03-17,311.8099975585937,311.8099975585937,312.95001220703125,278.3500061035156,291.20001220703125,6189100
2020-03-18,294.6099853515625,294.6099853515625,296.8699951171875,255.1300048828125,290.0,7293300
2020-03-19,307.510009765625,307.510009765625,318.7099914550781,281.1000061035156,291.7699890136719,6023800
2020-03-20,295.3399963378906,295.3399963378906,324.79998779296875,293.7699890136719,312.9200134277344,7461800
2020-03-23,307.2699890136719,307.2699890136719,312.489990234375,287.7799987792969,296.6700134277344,6016800
2020-03-24,310.0,310.0,326.989990234375,301.5899963378906,322.9599914550781,6592200
2020-03-25,305.9100036621094,305.9100036621094,317.6499938964844,298.1300048828125,308.0,4830400
2020-03-26,322.6700134277344,322.6700134277344,324.42999267578125,305.69000244140625,305.989990234375,4531000
2020-03-27,305.8299865722656,305.8299865722656,314.2900085449219,300.6300048828125,311.70001220703125,4862100
2020-03-30,318.3900146484375,318.3900146484375,322.9700012207031,308.010009765625,308.8900146484375,4340200
2020-03-31,318.239990234375,318.239990234375,326.3299865722656,312.67999267578125,316.4100036621094,6413700
2020-04-01,301.2099914550781,301.2099914550781,309.6099853515625,298.32000732421875,307.0,3903000
2020-04-02,303.9599914550781,303.9599914550781,306.5,293.17999267578125,297.760009765625,3589700
2020-04-03,293.6099853515625,293.6099853515625,303.4700012207031,289.7099914550781,302.0599975585937,3934700
2020-04-06,319.1300048828125,319.1300048828125,320.510009765625,299.9599914550781,306.5599975585937,5145100
2020-04-07,308.92999267578125,308.92999267578125,328.32000732421875,306.29998779296875,327.4100036621094,5422300
2020-04-08,317.17999267578125,317.17999267578125,317.7200012207031,308.20001220703125,313.8800048828125,4002500
2020-04-09,318.70001220703125,318.70001220703125,320.7799987792969,310.7900085449219,318.6499938964844,3290200
2020-04-13,320.6499938964844,320.6499938964844,320.8999938964844,313.75,315.94000244140625,1839000
2020-04-14,340.7699890136719,340.7699890136719,342.1000061035156,328.4700012207031,328.7699890136719,3858900
2020-04-15,332.54998779296875,332.54998779296875,339.2200012207031,329.6499938964844,335.3399963378906,2818600
2020-04-16,342.70001220703125,342.70001220703125,345.5199890136719,336.0400085449219,339.7099914550781,3918600
2020-04-17,344.1099853515625,344.1099853515625,350.3800048828125,340.5,350.0899963378906,3342400
2020-04-20,344.8800048828125,344.8800048828125,348.5,338.75,340.7900085449219,2772000
2020-04-21,328.989990234375,328.989990234375,342.760009765625,325.2099914550781,340.8999938964844,3548200
2020-04-22,336.7699890136719,336.7699890136719,339.3800048828125,332.79998779296875,337.4100036621094,2231500
2020-04-23,335.3699951171875,335.3699951171875,341.75,334.79998779296875,338.8999938964844,2120300
2020-04-24,344.1000061035156,344.1000061035156,344.70001220703125,333.5,338.0,2143900
2020-04-27,348.5,348.5,349.9599914550781,345.1199951171875,348.79998779296875,2375200
2020-04-28,333.45001220703125,333.45001220703125,353.45001220703125,332.57000732421875,353.0899963378906,3895600
2020-04-29,349.1700134277344,349.1700134277344,351.25,335.44000244140625,339.5299987792969,5006400
2020-04-30,353.6400146484375,353.6400146484375,356.2300109863281,346.54998779296875,348.010009765625,3902200
2020-05-01,343.8399963378906,343.8399963378906,350.3099975585937,340.260009765625,347.239990234375,2578600
2020-05-04,349.1099853515625,349.1099853515625,350.6000061035156,340.0,340.739990234375,2372000
2020-05-05,356.1300048828125,356.1300048828125,359.70001220703125,352.3900146484375,353.3800048828125,2377400
2020-05-06,362.5199890136719,362.5199890136719,366.7900085449219,357.1300048828125,357.9200134277344,2319700
2020-05-07,366.7799987792969,366.7799987792969,369.5,365.5,368.8200073242188,2465200
2020-05-08,367.510009765625,367.510009765625,371.1000061035156,365.4100036621094,370.0,2547200
2020-05-11,371.4200134277344,371.4200134277344,373.6300048828125,364.5,365.8399963378906,2266200
2020-05-12,365.1000061035156,365.1000061035156,372.7200012207031,364.5499877929688,371.4599914550781,2071800
2020-05-13,358.5599975585937,358.5599975585937,367.4299926757813,352.7099914550781,366.4500122070313,3365500
2020-05-14,355.3900146484375,355.3900146484375,357.0,348.010009765625,354.0,2752000
2020-05-15,365.2999877929688,365.2999877929688,365.4800109863281,351.5299987792969,351.57000732421875,2626600
2020-05-18,367.9700012207031,367.9700012207031,375.489990234375,367.2099914550781,371.5899963378906,2351900
2020-05-19,372.2000122070313,372.2000122070313,376.0,368.8900146484375,369.8800048828125,2753700
2020-05-20,383.6300048828125,383.6300048828125,384.3999938964844,377.05999755859375,377.2099914550781,2824700
2020-05-21,382.1700134277344,382.1700134277344,385.1199951171875,380.6000061035156,382.0,2261100
2020-05-22,385.260009765625,385.260009765625,386.5199890136719,380.9500122070313,381.3900146484375,1688200
2020-05-26,376.6300048828125,376.6300048828125,391.2699890136719,374.80999755859375,391.0,3526000
2020-05-27,375.1700134277344,375.1700134277344,375.7000122070313,361.4400024414063,373.239990234375,3553300
2020-05-28,379.8299865722656,379.8299865722656,386.8999938964844,372.5,372.5,2903600
2020-05-29,386.6000061035156,386.6000061035156,389.0499877929688,377.0799865722656,382.6199951171875,5892000
2020-06-01,389.6799926757813,389.6799926757813,389.989990234375,382.8999938964844,387.0799865722656,2034100
2020-06-02,390.4400024414063,390.4400024414063,390.9100036621094,382.0299987792969,389.9200134277344,2509600
2020-06-03,389.9200134277344,389.9200134277344,391.1400146484375,387.4599914550781,390.8200073242188,2537100
2020-06-04,385.7999877929688,385.7999877929688,395.7200012207031,382.2799987792969,389.5,2422600
2020-06-05,392.8999938964844,392.8999938964844,396.1700134277344,382.0,384.6400146484375,2793700
2020-06-08,397.7799987792969,397.7799987792969,398.1000061035156,385.8399963378906,391.0,2593000
2020-06-09,397.1600036621094,397.1600036621094,402.30999755859375,394.1499938964844,397.0299987792969,2279300
2020-06-10,406.8200073242188,406.8200073242188,409.9800109863281,399.489990234375,399.5899963378906,3611600
2020-06-11,387.6700134277344,387.6700134277344,404.2000122070313,387.3699951171875,400.0,4123700
2020-06-12,406.5400085449219,406.5400085449219,411.7200012207031,395.4100036621094,409.2999877929688,8332600
2020-06-15,401.3399963378906,401.3399963378906,406.1099853515625,397.0,398.7999877929688,3781500
2020-06-16,411.6700134277344,411.6700134277344,414.6799926757813,405.4800109863281,407.8299865722656,3764400
2020-06-17,413.489990234375,413.489990234375,417.4599914550781,411.3599853515625,414.0,2112300
2020-06-18,420.4599914550781,420.4599914550781,420.8399963378906,413.0,413.5,2578400
2020-06-19,428.010009765625,428.010009765625,429.2699890136719,419.6499938964844,423.760009765625,3931600
2020-06-22,438.6400146484375,438.6400146484375,438.9500122070313,428.5400085449219,428.9599914550781,3156300
2020-06-23,440.5499877929688,440.5499877929688,446.1499938964844,436.010009765625,440.0700073242188,3065900
2020-06-24,431.6799926757813,431.6799926757813,442.6700134277344,427.4700012207031,440.0,3329400
2020-06-25,436.9500122070313,436.9500122070313,437.989990234375,427.5799865722656,430.010009765625,2275200
2020-06-26,426.9200134277344,426.9200134277344,438.1799926757813,424.7099914550781,436.0,3829700
2020-06-29,424.2000122070313,424.2000122070313,428.4800109863281,416.0299987792969,427.1099853515625,2623900
2020-06-30,435.30999755859375,435.30999755859375,436.9100036621094,423.8599853515625,426.6799926757813,2944700
2020-07-01,439.80999755859375,439.80999755859375,442.0499877929688,433.6199951171875,434.7999877929688,2581700
2020-07-02,442.9500122070313,442.9500122070313,448.1600036621094,441.3599853515625,445.0,2503000
2020-07-06,452.5899963378906,452.5899963378906,455.5299987792969,444.6900024414063,448.0,2761200
2020-07-07,449.3599853515625,449.3599853515625,459.4400024414063,448.7200012207031,452.5899963378906,2684600
2020-07-08,457.6799926757813,457.6799926757813,458.239990234375,452.0,453.760009765625,1999200
2020-07-09,460.8399963378906,460.8399963378906,463.7999877929688,451.8800048828125,460.4400024414063,2269800
2020-07-10,466.2000122070313,466.2000122070313,467.2099914550781,455.4800109863281,460.8299865722656,3676200
2020-07-13,442.4700012207031,442.4700012207031,470.6099853515625,440.6400146484375,469.7699890136719,3480700
2020-07-14,433.7799987792969,433.7799987792969,437.2099914550781,416.2900085449219,435.739990234375,5666700
2020-07-15,433.010009765625,433.010009765625,439.6300048828125,428.7300109863281,434.9100036621094,2566200
2020-07-16,426.2900085449219,426.2900085449219,430.5899963378906,418.510009765625,428.4299926757813,2677700
2020-07-17,432.4200134277344,432.4200134277344,433.5,423.7000122070313,428.1199951171875,2568200
2020-07-20,455.2699890136719,455.2699890136719,456.8900146484375,433.0,434.05999755859375,3512500
2020-07-21,444.2799987792969,444.2799987792969,456.989990234375,441.75,456.0700073242188,2027600
2020-07-22,445.0499877929688,445.0499877929688,449.3699951171875,441.760009765625,447.5499877929688,1400300
2020-07-23,431.739990234375,431.739990234375,448.80999755859375,430.2999877929688,445.0400085449219,2313900
2020-07-24,430.30999755859375,430.30999755859375,435.0,423.4400024414063,425.0,1900800
2020-07-27,437.1000061035156,437.1000061035156,438.3599853515625,431.010009765625,431.7699890136719,1622000
2020-07-28,432.260009765625,432.260009765625,438.260009765625,431.3299865722656,436.8299865722656,1463400
2020-07-29,436.2999877929688,436.2999877929688,440.4800109863281,435.0400085449219,435.1600036621094,1489300
2020-07-30,438.8800048828125,438.8800048828125,440.5,426.80999755859375,429.9800109863281,1449000
2020-07-31,444.3200073242188,444.3200073242188,444.4400024414063,434.7999877929688,441.9800109863281,2034000
2020-08-03,447.9700012207031,447.9700012207031,450.739990234375,442.2799987792969,449.8399963378906,2075200
2020-08-04,446.9200134277344,446.9200134277344,449.0799865722656,440.7000122070313,448.260009765625,2622600
2020-08-05,449.510009765625,449.510009765625,454.0400085449219,446.3500061035156,449.0899963378906,2353100
2020-08-06,464.1099853515625,464.1099853515625,464.3699951171875,449.1300048828125,451.3500061035156,2362000
2020-08-07,449.5700073242188,449.5700073242188,461.7900085449219,445.0899963378906,460.8699951171875,3289700
2020-08-10,443.2900085449219,443.2900085449219,451.1300048828125,436.5,450.3699951171875,1836800
2020-08-11,435.2300109863281,435.2300109863281,444.4800109863281,431.5899963378906,440.260009765625,1900200
2020-08-12,445.3599853515625,445.3599853515625,447.9299926757813,437.3699951171875,437.3699951171875,2223700
2020-08-13,450.0199890136719,450.0199890136719,455.8999938964844,446.0700073242188,446.0700073242188,2028000
2020-08-14,447.6000061035156,447.6000061035156,452.80999755859375,444.4299926757813,451.3900146484375,1111000
2020-08-17,451.5799865722656,451.5799865722656,456.1000061035156,449.2000122070313,450.0,1555700
2020-08-18,463.510009765625,463.510009765625,464.5,452.8399963378906,454.7900085449219,2097700
2020-08-19,462.010009765625,462.010009765625,468.1099853515625,457.5899963378906,464.2900085449219,2439200
2020-08-20,478.4800109863281,478.4800109863281,479.7999877929688,458.8900146484375,460.989990234375,2485000
2020-08-21,473.2200012207031,473.2200012207031,477.2799987792969,470.3399963378906,477.0899963378906,2645600
2020-08-24,476.2999877929688,476.2999877929688,480.0199890136719,469.5199890136719,478.1400146484375,1840500
2020-08-25,484.4299926757813,484.4299926757813,484.6499938964844,474.4299926757813,476.6700134277344,3967400
2020-08-26,528.489990234375,528.489990234375,533.7000122070312,492.2300109863281,496.9500122070313,7780300
2020-08-27,510.3200073242188,510.3200073242188,523.3200073242188,504.4599914550781,519.010009765625,3631800
2020-08-28,516.4400024414062,516.4400024414062,518.7999877929688,510.9400024414063,512.3300170898438,1926300
2020-08-31,513.3900146484375,513.3900146484375,516.72998046875,507.7699890136719,513.8599853515625,2346700
2020-09-01,527.9500122070312,527.9500122070312,528.5399780273438,514.47998046875,515.0,2404000
2020-09-02,533.7999877929688,533.7999877929688,536.8800048828125,521.4099731445312,536.25,2783400
2020-09-03,507.7999877929688,507.7999877929688,527.6300048828125,493.4200134277344,526.0399780273438,5837600
2020-09-04,491.9400024414063,491.9400024414063,511.3500061035156,471.7099914550781,504.6499938964844,3900300
2020-09-08,462.1300048828125,462.1300048828125,481.4800109863281,461.1799926757813,471.8900146484375,4533100
2020-09-09,479.4599914550781,479.4599914550781,483.489990234375,462.4800109863281,473.9100036621094,3312100
2020-09-10,476.260009765625,476.260009765625,501.8500061035156,473.5,491.1499938964844,4248100
2020-09-11,471.3500061035156,471.3500061035156,489.4100036621094,464.4800109863281,487.0799865722656,4414200
2020-09-14,485.9100036621094,485.9100036621094,490.4400024414063,476.8699951171875,484.989990234375,4463800
2020-09-15,497.6700134277344,497.6700134277344,499.6900024414063,491.489990234375,493.739990234375,5682400
2020-09-16,476.0,476.0,505.5,475.5,505.5,8462600
2020-09-17,474.2999877929688,474.2999877929688,475.1700134277344,460.5,464.4400024414063,4560800
2020-09-18,467.5499877929688,467.5499877929688,478.3399963378906,452.5199890136719,477.3999938964844,7182300
2020-09-21,475.6400146484375,475.6400146484375,475.8599853515625,456.7300109863281,460.30999755859375,3913700
2020-09-22,486.7799987792969,486.7799987792969,487.2000122070313,469.55999755859375,479.30999755859375,2629100
2020-09-23,470.3900146484375,470.3900146484375,488.0,468.2300109863281,486.8800048828125,2671300
2020-09-24,467.6700134277344,467.6700134277344,471.4299926757813,460.2699890136719,466.9299926757813,2838800
2020-09-25,479.7799987792969,479.7799987792969,481.5799865722656,466.010009765625,469.2300109863281,2541100
2020-09-28,488.510009765625,488.510009765625,489.3900146484375,481.1799926757813,487.9700012207031,2844800
2020-09-29,489.3299865722656,489.3299865722656,493.4500122070313,484.1700134277344,489.9400024414063,2030400
2020-09-30,490.4299926757813,490.4299926757813,497.239990234375,486.2200012207031,488.1300048828125,3508200
2020-10-01,499.510009765625,499.510009765625,501.5,495.760009765625,497.4299926757813,2264600
2020-10-02,478.989990234375,478.989990234375,496.7799987792969,478.6400146484375,487.989990234375,2780900
2020-10-05,486.4700012207031,486.4700012207031,486.6900024414063,478.989990234375,483.25,1984100
2020-10-06,478.9800109863281,478.9800109863281,491.510009765625,477.5,485.0,2041500
2020-10-07,493.1499938964844,493.1499938964844,493.9800109863281,481.4299926757813,484.3500061035156,2025800
2020-10-08,490.8399963378906,490.8399963378906,499.489990234375,487.55999755859375,499.0499877929688,1590700
2020-10-09,502.1600036621094,502.1600036621094,502.1700134277344,491.1799926757813,491.7699890136719,1853800
2020-10-12,510.8900146484375,510.8900146484375,516.0,499.5400085449219,508.260009765625,3149700
2020-10-13,514.3099975585938,514.3099975585938,519.5999755859375,511.8999938964844,512.1900024414062,2438100
2020-10-14,506.30999755859375,506.30999755859375,516.9500122070312,501.6000061035156,514.3400268554688,2032900
2020-10-15,501.1499938964844,501.1499938964844,502.5,491.8500061035156,499.260009765625,2042800
2020-10-16,502.8200073242188,502.8200073242188,510.3399963378906,500.7000122070313,504.0,2441200
2020-10-19,495.2000122070313,495.2000122070313,507.75,493.2000122070313,507.75,1931400
2020-10-20,494.5799865722656,494.5799865722656,500.1700134277344,491.9100036621094,495.25,1453900
2020-10-21,495.9599914550781,495.9599914550781,499.80999755859375,490.5700073242188,492.0499877929688,1369700
2020-10-22,483.6000061035156,483.6000061035156,496.8599853515625,479.3999938964844,496.7200012207031,2613700
2020-10-23,488.5,488.5,488.510009765625,479.510009765625,486.4100036621094,1899300
2020-10-26,475.2000122070313,475.2000122070313,488.7799987792969,470.1300048828125,480.8800048828125,2337400
2020-10-27,478.55999755859375,478.55999755859375,481.8900146484375,473.4700012207031,479.7799987792969,1896500
2020-10-28,456.9700012207031,456.9700012207031,470.9700012207031,455.8800048828125,469.1700134277344,2677300
2020-10-29,461.1099853515625,461.1099853515625,464.7300109863281,457.2799987792969,459.3200073242188,2125300
2020-10-30,447.1000061035156,447.1000061035156,459.5,442.510009765625,458.3200073242188,3127000
2020-11-02,444.9400024414063,444.9400024414063,456.1900024414063,438.9400024414063,451.0,2479000
2020-11-03,454.0199890136719,454.0199890136719,457.8399963378906,445.6700134277344,448.989990234375,1758600
2020-11-04,487.2300109863281,487.2300109863281,494.9400024414063,474.4700012207031,477.9299926757813,4524300
2020-11-05,496.4700012207031,496.4700012207031,502.5299987792969,489.7999877929688,499.2699890136719,2401000
2020-11-06,494.6300048828125,494.6300048828125,498.7200012207031,483.0,494.9500122070313,1956300
2020-11-09,471.1400146484375,471.1400146484375,499.4100036621094,470.760009765625,494.7000122070313,3625300
2020-11-10,452.0,452.0,468.010009765625,446.0,466.7200012207031,4920300
2020-11-11,467.75,467.75,470.1199951171875,457.5,458.489990234375,2634200
2020-11-12,462.5799865722656,462.5799865722656,474.9299926757813,461.1499938964844,473.489990234375,2115000
2020-11-13,469.3399963378906,469.3399963378906,470.6000061035156,459.0,467.4500122070313,2965600
2020-11-16,460.9500122070313,460.9500122070313,469.5299987792969,458.25,460.4299926757813,2522200
2020-11-17,467.9500122070313,467.9500122070313,469.9100036621094,460.0,461.6600036621094,2407600
2020-11-18,459.4700012207031,459.4700012207031,467.8999938964844,459.260009765625,466.7099914550781,2063200
2020-11-19,466.4100036621094,466.4100036621094,471.0400085449219,459.260009765625,460.0,3132700
2020-11-20,462.9200134277344,462.9200134277344,470.0,462.3599853515625,465.1600036621094,1849900
2020-11-23,460.6099853515625,460.6099853515625,467.0,456.1700134277344,464.6300048828125,2370000
2020-11-24,462.7000122070313,462.7000122070313,464.489990234375,456.6799926757813,461.4100036621094,2584900
2020-11-25,470.0799865722656,470.0799865722656,472.5299987792969,464.8500061035156,466.2900085449219,2634500
2020-11-27,477.0299987792969,477.0299987792969,482.4100036621094,474.8599853515625,476.8999938964844,1815500
2020-11-30,478.4700012207031,478.4700012207031,480.8599853515625,469.2000122070313,480.0,2787000
2020-12-01,479.1499938964844,479.1499938964844,482.010009765625,471.6300048828125,482.010009765625,2531100
2020-12-02,481.260009765625,481.260009765625,481.3200073242188,470.1199951171875,475.6700134277344,2107100
2020-12-03,484.2799987792969,484.2799987792969,492.80999755859375,481.5,482.2099914550781,3062700
2020-12-04,486.0,486.0,491.3900146484375,484.3599853515625,485.6700134277344,2749800
2020-12-07,492.25,492.25,499.2900085449219,487.0,487.0,3441700
2020-12-08,495.2799987792969,495.2799987792969,496.0400085449219,486.2000122070313,492.2900085449219,2175700
2020-12-09,483.739990234375,483.739990234375,497.0,479.260009765625,496.0299987792969,3449100
2020-12-10,476.8699951171875,476.8699951171875,488.2900085449219,470.9500122070313,483.739990234375,3922000
2020-12-11,475.9100036621094,475.9100036621094,478.8900146484375,468.8200073242188,475.9800109863281,3561300
2020-12-14,486.4200134277344,486.4200134277344,488.4100036621094,475.5,475.6099853515625,3945200
2020-12-15,482.6400146484375,482.6400146484375,489.5,480.5299987792969,489.0499877929688,2558600
2020-12-16,489.8999938964844,489.8999938964844,491.5,484.1099853515625,485.0,2555600
2020-12-17,495.3599853515625,495.3599853515625,496.989990234375,490.6300048828125,493.0,2178400
2020-12-18,502.9500122070313,502.9500122070313,504.0700073242188,493.5700073242188,497.6099853515625,4667400
2020-12-21,498.3900146484375,498.3900146484375,502.0,491.5,498.0499877929688,2412900
2020-12-22,504.1700134277344,504.1700134277344,506.9200134277344,495.8299865722656,498.3599853515625,1701500
2020-12-23,496.9100036621094,496.9100036621094,505.4599914550781,496.5899963378906,505.1300048828125,1428300
2020-12-24,499.8599853515625,499.8599853515625,503.010009765625,497.2799987792969,499.1600036621094,589200
2020-12-28,498.9500122070313,498.9500122070313,506.0400085449219,496.8200073242188,505.6099853515625,1515400
2020-12-29,502.1099853515625,502.1099853515625,505.3500061035156,499.739990234375,501.1700134277344,1434100
2020-12-30,497.4500122070313,497.4500122070313,504.3699951171875,496.3299865722656,503.0499877929688,1529900
2020-12-31,500.1199951171875,500.1199951171875,500.6600036621094,494.8900146484375,497.989990234375,1462100
