date,adjclose,close,high,low,open,volume
2015-01-02,115.63528442382812,159.88999938964844,162.58999633789062,158.60000610351562,160.16000366210938,2605400
2015-01-05,114.2611846923828,157.99000549316406,159.60000610351562,154.25999450683594,157.42999267578125,4080300
2015-01-06,110.57998657226562,152.89999389648438,158.8800048828125,152.3300018310547,158.77999877929688,5075800
2015-01-07,114.44198608398438,158.24000549316406,158.5800018310547,153.00999450683594,154.08999633789062,3502400
2015-01-08,114.02970123291016,157.6699981689453,162.75999450683594,155.14999389648438,159.60000610351562,4560200
2015-01-09,112.62669372558594,155.72999572753906,158.75999450683594,154.6300048828125,158.75999450683594,3949100
2015-01-12,112.98106384277344,156.22000122070312,157.99000549316406,154.99000549316406,156.22000122070312,2700700
2015-01-13,112.20001220703124,155.13999938964844,160.9600067138672,153.41000366210938,158.88999938964844,4570400
2015-01-14,112.2144012451172,155.16000366210938,155.5399932861328,152.57000732421875,152.8699951171875,3426400
2015-01-15,109.87117767333984,151.9199981689453,157.74000549316406,151.52999877929688,156.14999389648438,2894000
2015-01-16,114.57935333251952,158.42999267578125,158.44000244140625,152.02999877929688,152.42999267578125,3513200
2015-01-20,113.9791030883789,157.60000610351562,159.72999572753906,154.64999389648438,159.2100067138672,3664400
2015-01-21,113.81999969482422,157.3800048828125,158.27000427246094,155.3800048828125,155.3800048828125,2804900
2015-01-22,115.40386199951172,159.57000732421875,159.77999877929688,154.11000061035156,158.1699981689453,3783100
2015-01-23,115.57740783691406,159.80999755859375,160.00999450683594,158.25,159.8000030517578,2249400
2015-01-26,115.51959228515624,159.72999572753906,161.47999572753906,157.6699981689453,159.6199951171875,3149600
2015-01-27,114.9120864868164,158.88999938964844,160.74000549316406,158.27999877929688,158.52999877929688,2876300
2015-01-28,111.83834075927734,154.63999938964844,160.91000366210938,154.50999450683594,158.32000732421875,4927100
2015-01-29,113.08956909179688,156.3699951171875,156.83999633789062,153.75999450683594,154.88999938964844,3435500
2015-01-30,110.11711883544922,152.25999450683594,156.8699951171875,151.52999877929688,155.5500030517578,5318200
2015-02-02,110.29068756103516,152.5,153.97000122070312,149.39999389648438,153.41000366210938,3832500
2015-02-03,110.09542846679688,152.22999572753906,153.75999450683594,148.8699951171875,153.75999450683594,4298400
2015-02-04,109.53131866455078,151.4499969482422,153.14999389648438,147.4199981689453,150.1300048828125,5827100
2015-02-05,110.91265869140624,153.36000061035156,153.89999389648438,151.02000427246094,152.2899932861328,3564400
2015-02-06,109.4951629638672,151.39999389648438,154.75999450683594,150.60000610351562,154.32000732421875,3242700
2015-02-09,108.4898910522461,150.00999450683594,151.8300018310547,149.1999969482422,150.0,3236400
2015-02-10,110.925537109375,152.57000732421875,152.6300048828125,149.0500030517578,150.5,4108600
2015-02-11,111.31808471679688,153.11000061035156,155.24000549316406,152.25999450683594,153.3000030517578,3998700
2015-02-12,111.36903381347656,153.17999267578125,154.8300018310547,151.1199951171875,154.8300018310547,2935800
2015-02-13,111.5870590209961,153.47999572753906,153.80999755859375,150.2100067138672,153.6199951171875,3591400
2015-02-17,112.1396484375,154.24000549316406,154.85000610351562,153.0,153.52000427246094,3895600
2015-02-18,113.2593002319336,155.77999877929688,156.22999572753906,153.63999938964844,154.22000122070312,3297900
2015-02-19,113.45564270019533,156.0500030517578,156.4199981689453,155.0399932861328,155.97000122070312,3913900
2015-02-20,114.62614440917967,157.66000366210938,157.75,155.05999755859375,156.42999267578125,4411100
2015-02-23,115.17870330810548,158.4199981689453,159.1999969482422,157.80999755859375,158.07000732421875,3094300
2015-02-24,114.4153289794922,157.3699951171875,159.11000061035156,156.25,159.0,2060500
2015-02-25,114.93153381347656,158.0800018310547,158.77999877929688,155.74000549316406,157.75999450683594,3262800
2015-02-26,115.57859802246094,158.97000122070312,159.39999389648438,156.0,158.47999572753906,3379800
2015-02-27,114.66979217529295,157.72000122070312,159.24000549316406,157.1999969482422,159.10000610351562,2472000
2015-03-02,116.05842590332033,159.6300048828125,159.89999389648438,157.6199951171875,159.2899932861328,3483500
2015-03-03,115.2804718017578,158.55999755859375,159.39999389648438,157.50999450683594,159.39999389648438,2334900
2015-03-04,115.738525390625,159.19000244140625,159.74000549316406,156.80999755859375,158.0500030517578,3098600
2015-03-05,116.03665924072266,159.60000610351562,161.47999572753906,158.86000061035156,160.0,2470900
2015-03-06,112.60498046875,154.8800048828125,159.9199981689453,154.0,158.5,4091400
2015-03-09,112.6994857788086,155.00999450683594,155.74000549316406,152.77999877929688,154.85000610351562,2135000
2015-03-10,111.65982055664062,153.5800018310547,155.6300048828125,152.2899932861328,152.8699951171875,3509600
2015-03-11,111.0199737548828,152.6999969482422,154.27000427246094,152.4199981689453,154.1199951171875,2487100
2015-03-12,112.14689636230467,154.25,154.77000427246094,152.9499969482422,154.25999450683594,1889400
2015-03-13,112.1541976928711,154.25999450683594,154.75,152.5800018310547,153.27999877929688,2737900
2015-03-16,118.53043365478516,163.02999877929688,163.1999969482422,156.74000549316406,157.72999572753906,5201600
2015-03-17,118.55947875976562,163.07000732421875,163.75999450683594,161.74000549316406,162.25,2620800
2015-03-18,121.08231353759766,166.5399932861328,167.60000610351562,161.8300018310547,162.97000122070312,3690100
2015-03-19,122.95084381103516,169.11000061035156,169.22000122070312,166.97000122070312,167.6699981689453,3756600
2015-03-20,123.67063903808594,170.10000610351562,172.36000061035156,168.50999450683594,170.39999389648438,9040600
2015-03-23,121.08231353759766,166.5399932861328,169.2100067138672,165.6999969482422,168.89999389648438,3879900
2015-03-24,120.69696044921876,166.00999450683594,168.25,165.39999389648438,166.05999755859375,2555600
2015-03-25,116.77821350097656,160.6199951171875,166.7899932861328,160.57000732421875,166.0,4010100
2015-03-26,116.72731018066406,160.5500030517578,162.69000244140625,157.36000061035156,158.83999633789062,3146500
2015-03-27,118.21047973632812,162.58999633789062,163.4499969482422,161.0,161.25999450683594,2438900
2015-03-30,119.46101379394533,164.30999755859375,165.82000732421875,163.0500030517578,164.50999450683594,2388100
2015-03-31,116.21839141845705,159.85000610351562,164.08999633789062,159.72000122070312,163.32000732421875,3111000
2015-04-01,114.2190170288086,157.10000610351562,159.38999938964844,154.63999938964844,159.3699951171875,5135000
2015-04-02,113.33203887939452,155.8800048828125,158.17999267578125,155.02999877929688,157.1199951171875,3015200
2015-04-06,112.89579010009766,155.27999877929688,157.27000427246094,154.60000610351562,154.8000030517578,3185700
2015-04-07,114.34986877441406,157.27999877929688,159.47000122070312,155.27999877929688,155.6199951171875,2942600
2015-04-08,116.56735229492188,160.3300018310547,160.99000549316406,157.66000366210938,157.67999267578125,3031200
2015-04-09,117.41072845458984,161.49000549316406,161.8000030517578,159.07000732421875,161.22999572753906,2860600
2015-04-10,118.7848663330078,163.3800048828125,163.69000244140625,160.30999755859375,161.58999633789062,2407200
2015-04-13,118.1378402709961,162.49000549316406,164.72000122070312,162.33999633789062,162.82000732421875,1767700
2015-04-14,118.1959457397461,162.57000732421875,163.47000122070312,160.55999755859375,162.5,2099400
2015-04-15,120.30438995361328,165.47000122070312,165.91000366210938,162.86000061035156,163.1199951171875,3659300
2015-04-16,121.32222747802734,166.8699951171875,167.63999938964844,165.07000732421875,166.39999389648438,3085600
2015-04-17,118.93029022216795,163.5800018310547,165.5,161.72000122070312,165.0,4249700
2015-04-20,120.66791534423828,165.97000122070312,166.0500030517578,163.05999755859375,164.63999938964844,2760900
2015-04-21,122.478271484375,168.4600067138672,168.8800048828125,167.07000732421875,167.08999633789062,3794800
2015-04-22,122.9435806274414,169.10000610351562,173.60000610351562,167.00999450683594,173.0399932861328,5352200
2015-04-23,122.99444580078124,169.1699981689453,169.5500030517578,166.5800018310547,167.94000244140625,3668100
2015-04-24,122.07835388183594,167.91000366210938,169.25,166.05999755859375,168.14999389648438,2548300
2015-04-27,118.05782318115234,162.3800048828125,168.72000122070312,161.5500030517578,168.49000549316406,4386200
2015-04-28,118.1378402709961,162.49000549316406,165.3000030517578,160.6300048828125,162.14999389648438,4262800
2015-04-29,117.0398941040039,160.97999572753906,163.4600067138672,159.52999877929688,161.27999877929688,3281800
2015-04-30,114.80793762207033,157.91000366210938,161.7100067138672,156.47000122070312,159.83999633789062,4444300
2015-05-01,116.58917236328124,160.36000061035156,161.69000244140625,158.64999389648438,159.5,3259800
2015-05-04,117.86148834228516,162.11000061035156,163.9600067138672,161.4499969482422,161.5,3496200
2015-05-05,115.9202880859375,159.44000244140625,162.19000244140625,159.24000549316406,161.30999755859375,3086000
2015-05-06,115.56405639648438,158.9499969482422,160.38999938964844,156.64999389648438,160.0,3762700
2015-05-07,114.80062866210938,157.89999389648438,159.82000732421875,157.1999969482422,159.24000549316406,4374000
2015-05-08,118.02869415283205,162.33999633789062,162.86000061035156,159.1300048828125,159.77999877929688,4664200
2015-05-11,117.09085083007812,161.0500030517578,162.99000549316406,161.0,162.30999755859375,2723800
2015-05-12,115.614990234375,158.24000549316406,159.25999450683594,155.7100067138672,159.0,4359700
2015-05-13,115.72457122802734,158.38999938964844,161.24000549316406,157.64999389648438,159.74000549316406,2727000
2015-05-14,118.3475341796875,161.97999572753906,162.16000366210938,158.19000244140625,159.89999389648438,2717500
2015-05-15,118.62518310546876,162.36000061035156,163.6300048828125,161.67999267578125,163.27000427246094,2384600
2015-05-18,119.41421508789062,163.44000244140625,163.89999389648438,161.27000427246094,161.6999969482422,2153900
2015-05-19,119.50191497802734,163.55999755859375,164.1199951171875,162.4600067138672,163.86000061035156,1746600
2015-05-20,119.80878448486328,163.97999572753906,165.58999633789062,162.39999389648438,163.97000122070312,2027300
2015-05-21,119.70648956298828,163.83999633789062,164.72999572753906,162.82000732421875,163.52000427246094,2156600
2015-05-22,119.5165557861328,163.5800018310547,164.57000732421875,163.02999877929688,163.5800018310547,1636000
2015-05-26,116.17752838134766,159.00999450683594,162.4600067138672,158.0,160.64999389648438,4078300
2015-05-27,117.22237396240234,160.44000244140625,161.0,159.27999877929688,159.9600067138672,3336300
2015-05-28,114.96477508544922,157.35000610351562,159.60000610351562,155.8300018310547,159.60000610351562,4205300
2015-05-29,114.16832733154295,156.25999450683594,157.97000122070312,155.5800018310547,156.7899932861328,4414300
2015-06-01,114.7309112548828,157.02999877929688,158.0,155.5,157.58999633789062,2849800
2015-06-02,114.29984283447266,156.44000244140625,157.97000122070312,154.8000030517578,156.8800048828125,2497200
2015-06-03,114.803955078125,157.1300048828125,157.86000061035156,156.39999389648438,157.4499969482422,2160500
2015-06-04,115.50534057617188,158.08999633789062,158.47000122070312,156.3000030517578,156.60000610351562,3917700
2015-06-05,114.8916473388672,157.25,159.39999389648438,156.02999877929688,158.5,3431100
2015-06-08,114.3217544555664,156.47000122070312,158.47000122070312,155.6300048828125,157.3000030517578,2081700
2015-06-09,113.10161590576172,154.8000030517578,157.11000061035156,153.91000366210938,156.5500030517578,2766000
2015-06-10,113.6496124267578,155.5500030517578,155.8800048828125,150.85000610351562,153.39999389648438,5972800
2015-06-11,115.410400390625,157.9600067138672,158.97000122070312,156.44000244140625,157.91000366210938,3633400
2015-06-12,114.0660171508789,156.1199951171875,157.74000549316406,155.00999450683594,157.22999572753906,2398100
2015-06-15,114.0514144897461,156.10000610351562,156.3699951171875,153.57000732421875,154.75,2585200
2015-06-16,114.14641571044922,156.22999572753906,156.80999755859375,155.08999633789062,155.80999755859375,1723300
2015-06-17,113.7226104736328,155.64999389648438,156.97999572753906,154.8800048828125,156.86000061035156,3008600
2015-06-18,116.98855590820312,160.1199951171875,160.77000427246094,156.30999755859375,156.3300018310547,3454500
2015-06-19,117.42693328857422,160.72000122070312,162.22999572753906,159.77000427246094,160.1300048828125,5182000
2015-06-22,118.5229034423828,162.22000122070312,163.25999450683594,161.4499969482422,161.6199951171875,1926600
2015-06-23,118.13567352294922,161.69000244140625,163.5,161.0399932861328,163.4499969482422,2451800
2015-06-24,116.8205108642578,159.88999938964844,161.83999633789062,159.27999877929688,161.52999877929688,2522600
2015-06-25,115.9949188232422,158.75999450683594,160.83999633789062,158.02000427246094,160.82000732421875,2411400
2015-06-26,115.45421600341795,158.02000427246094,159.7899932861328,157.22999572753906,159.41000366210938,3537900
2015-06-29,110.76359558105467,151.60000610351562,157.9600067138672,151.42999267578125,156.6300048828125,4784800
2015-06-30,112.1663818359375,153.52000427246094,154.22000122070312,151.50999450683594,153.24000549316406,3893300
2015-07-01,113.24040985107422,154.99000549316406,155.75,153.42999267578125,154.94000244140625,2299100
2015-07-02,111.97645568847656,153.25999450683594,155.57000732421875,153.00999450683594,155.14999389648438,2119800
2015-07-06,112.88243865966795,154.5,156.07000732421875,151.88999938964844,152.13999938964844,2773500
2015-07-07,113.53264617919922,155.38999938964844,155.6999969482422,152.17999267578125,155.25,2253200
2015-07-08,111.2823257446289,152.30999755859375,154.85000610351562,151.92999267578125,154.11000061035156,2393500
2015-07-09,110.55166625976562,151.30999755859375,153.89999389648438,151.0399932861328,152.44000244140625,4146300
2015-07-10,112.5901870727539,154.10000610351562,154.52999877929688,152.49000549316406,153.99000549316406,3976600
2015-07-13,113.80299377441406,155.75999450683594,156.55999755859375,154.9199981689453,155.27999877929688,1803400
2015-07-14,116.4040985107422,159.32000732421875,160.30999755859375,155.75999450683594,156.33999633789062,3624800
2015-07-15,117.22968292236328,160.4499969482422,162.5500030517578,159.5800018310547,160.4600067138672,2618600
2015-07-16,119.12197875976562,163.0399932861328,163.75,161.07000732421875,161.72999572753906,2487500
2015-07-17,119.29003143310548,163.27000427246094,163.5,160.60000610351562,163.0500030517578,3248500
2015-07-20,120.07181549072266,164.33999633789062,165.39999389648438,162.88999938964844,163.55999755859375,2692400
2015-07-21,119.6042022705078,163.6999969482422,165.32000732421875,162.3699951171875,164.72000122070312,2690000
2015-07-22,120.00603485107422,164.25,164.67999267578125,161.47000122070312,161.47000122070312,2106900
2015-07-23,119.89649200439452,164.10000610351562,165.1199951171875,162.7899932861328,165.0,1716300
2015-07-24,115.87067413330078,158.58999633789062,163.72999572753906,157.2100067138672,162.11000061035156,4410700
2015-07-27,120.94860076904295,165.5399932861328,165.94000244140625,159.16000366210938,159.3699951171875,5757200
2015-07-28,126.2091293334961,172.74000549316406,174.8000030517578,166.1199951171875,166.1199951171875,8553600
2015-07-29,125.28117370605467,171.47000122070312,173.67999267578125,169.1199951171875,172.9199981689453,5112300
2015-07-30,125.44195556640624,171.69000244140625,172.47999572753906,168.2100067138672,170.08999633789062,4044100
2015-07-31,129.02203369140625,176.58999633789062,181.8099975585937,176.0,177.5,7289400
2015-08-03,128.2914276123047,175.58999633789062,177.0500030517578,174.02000427246094,176.8000030517578,2922600
2015-08-04,127.71421813964844,174.8000030517578,176.22000122070312,173.6199951171875,175.7899932861328,2474200
2015-08-05,128.91246032714844,176.44000244140625,177.52000427246094,175.3800048828125,175.52999877929688,2146700
2015-08-06,123.9587860107422,169.66000366210938,176.9600067138672,168.25,176.94000244140625,3775400
2015-08-07,125.8949203491211,172.30999755859375,172.47000122070312,166.39999389648438,169.6699981689453,4156000
2015-08-10,124.64556884765624,170.60000610351562,174.69000244140625,170.4499969482422,172.89999389648438,2729600
2015-08-11,123.15511322021484,168.55999755859375,169.72999572753906,166.88999938964844,169.6699981689453,2924900
2015-08-12,124.6601791381836,170.6199951171875,171.19000244140625,164.6199951171875,167.69000244140625,4486400
2015-08-13,123.74259185791016,168.5800018310547,170.99000549316406,168.02999877929688,170.5,1897000
2015-08-14,123.11138916015624,167.72000122070312,169.6300048828125,166.66000366210938,168.08999633789062,2704500
2015-08-17,124.63078308105467,169.7899932861328,169.88999938964844,166.0,167.0500030517578,1988800
2015-08-18,123.11138916015624,167.72000122070312,170.24000549316406,167.10000610351562,170.00999450683594,2273400
2015-08-19,122.26727294921876,166.57000732421875,167.72000122070312,164.4499969482422,166.82000732421875,3139800
2015-08-20,118.28876495361328,161.14999389648438,165.5,161.02999877929688,164.3300018310547,3491800
2015-08-21,113.91397094726562,155.19000244140625,163.9199981689453,155.19000244140625,158.97000122070312,6208400
2015-08-24,108.37206268310548,147.63999938964844,154.4199981689453,140.0,145.3300018310547,8697500
2015-08-25,106.57373809814452,145.19000244140625,153.8800048828125,144.8800048828125,152.5,6701100
2015-08-26,113.0258331298828,153.97999572753906,154.11000061035156,147.1300048828125,151.22999572753906,5251300
2015-08-27,114.3030014038086,155.72000122070312,157.10000610351562,151.36000061035156,154.8800048828125,4910500
2015-08-28,114.4278335571289,155.88999938964844,158.0,153.7100067138672,156.3800048828125,4649300
2015-08-31,111.41094970703124,151.77999877929688,156.35000610351562,151.3000030517578,155.3300018310547,4354500
2015-09-01,108.23992919921876,147.4600067138672,150.99000549316406,146.9499969482422,149.22999572753906,5523000
2015-09-02,111.78527069091795,152.2899932861328,152.35000610351562,147.25,149.07000732421875,4339100
2015-09-03,109.53913116455078,149.22999572753906,154.1199951171875,148.92999267578125,152.67999267578125,2868400
2015-09-04,107.91690063476562,147.02000427246094,148.9600067138672,145.75,147.49000549316406,3362800
2015-09-08,113.4515380859375,154.55999755859375,154.66000366210938,151.0,151.60000610351562,4508400
2015-09-09,110.89713287353516,151.0800018310547,156.75999450683594,150.6199951171875,156.19000244140625,2987600
2015-09-10,112.40924072265624,153.13999938964844,154.32000732421875,150.55999755859375,150.83999633789062,3477900
2015-09-11,112.46062469482422,153.2100067138672,153.4499969482422,150.92999267578125,152.0500030517578,2422700
2015-09-14,110.83837127685548,151.0,153.88999938964844,150.0500030517578,153.88999938964844,2896200
2015-09-15,111.67520141601562,152.13999938964844,152.7899932861328,150.24000549316406,152.02000427246094,2560200
2015-09-16,110.97054290771484,151.17999267578125,152.8800048828125,148.47000122070312,151.97000122070312,4004200
2015-09-17,112.97447204589844,153.91000366210938,156.33999633789062,151.0,151.6999969482422,3519500
2015-09-18,110.53744506835938,150.58999633789062,153.3699951171875,149.02999877929688,151.1199951171875,6487300
2015-09-21,107.9683609008789,147.08999633789062,152.8000030517578,146.32000732421875,151.97000122070312,4702600
2015-09-22,107.11687469482422,145.92999267578125,146.77999877929688,142.82000732421875,145.0,4518000
2015-09-23,106.96270751953124,145.72000122070312,147.0399932861328,144.02999877929688,146.0800018310547,2785400
2015-09-24,105.34050750732422,143.50999450683594,145.6300048828125,141.36000061035156,144.72000122070312,3519200
2015-09-25,101.68505859375,138.52999877929688,146.75,136.75999450683594,146.05999755859375,5243700
2015-09-28,97.06803131103516,132.24000549316406,138.19000244140625,130.08999633789062,137.99000549316406,7514700
2015-09-29,98.22779083251952,133.82000732421875,138.0,131.42999267578125,132.0,6251500
2015-09-30,101.53093719482422,138.32000732421875,139.25,135.86000061035156,136.66000366210938,6209500
2015-10-01,102.93293762207033,140.22999572753906,140.63999938964844,136.60000610351562,138.5500030517578,4675900
2015-10-02,104.57713317871094,142.47000122070312,142.5399932861328,135.63999938964844,138.25999450683594,4803500
2015-10-05,105.55337524414062,143.8000030517578,144.91000366210938,142.22000122070312,144.0,4367100
2015-10-06,103.65961456298828,141.22000122070312,143.3699951171875,138.05999755859375,142.1199951171875,4759700
2015-10-07,108.67302703857422,148.0500030517578,148.30999755859375,140.24000549316406,142.64999389648438,8002400
2015-10-08,110.03099060058594,149.89999389648438,150.99000549316406,145.02999877929688,147.67999267578125,6638500
2015-10-09,109.80341339111328,149.58999633789062,150.75,148.00999450683594,149.25,3080900
2015-10-12,112.32848358154295,153.02999877929688,155.1199951171875,151.6300048828125,152.77999877929688,5473000
2015-10-13,108.32803344726562,147.5800018310547,152.97999572753906,147.44000244140625,151.5399932861328,4143900
2015-10-14,108.4968490600586,147.80999755859375,150.92999267578125,147.1300048828125,148.3800048828125,3197400
2015-10-15,111.96885681152344,152.5399932861328,152.77999877929688,146.97000122070312,147.4499969482422,3269600
2015-10-16,112.02017211914062,152.61000061035156,154.1199951171875,150.5800018310547,153.19000244140625,4793100
2015-10-19,113.38548278808594,154.47000122070312,156.13999938964844,152.4600067138672,152.61000061035156,3271700
2015-10-20,110.43467712402344,150.4499969482422,155.0,149.47000122070312,154.19000244140625,3385300
2015-10-21,110.1704559326172,150.08999633789062,152.75,147.3000030517578,152.3699951171875,3832600
2015-10-22,111.79998779296876,152.30999755859375,152.94000244140625,148.57000732421875,152.10000610351562,4079800
2015-10-23,114.32506561279295,155.75,156.1999969482422,151.86000061035156,153.61000061035156,3657300
2015-10-26,116.40235137939452,158.5800018310547,159.91000366210938,154.64999389648438,156.0,4346600
2015-10-27,118.89806365966795,161.97999572753906,162.1199951171875,157.8300018310547,158.5800018310547,3877200
2015-10-28,119.40451049804688,162.6699981689453,162.8699951171875,158.72999572753906,162.72000122070312,4878900
2015-10-29,117.87039184570312,160.5800018310547,165.0,158.94000244140625,164.99000549316406,4870200
2015-10-30,116.10871887207033,158.17999267578125,162.0,158.1300048828125,161.05999755859375,4589700
2015-11-02,119.14026641845705,162.30999755859375,162.75,158.3699951171875,159.00999450683594,3222500
2015-11-03,119.25041198730467,162.4600067138672,163.14999389648438,160.5,160.97000122070312,2411500
2015-11-04,118.8246078491211,161.8800048828125,163.99000549316406,160.77000427246094,162.85000610351562,3059500
2015-11-05,118.34019470214844,161.22000122070312,162.47999572753906,158.82000732421875,162.1999969482422,2202400
2015-11-06,117.78233337402344,160.4600067138672,160.8699951171875,156.83999633789062,160.8699951171875,3344000
2015-11-09,117.17305755615234,159.6300048828125,160.61000061035156,158.32000732421875,159.75,2722200
2015-11-10,116.24813842773438,158.3699951171875,161.1699981689453,158.0500030517578,160.25,2871300
2015-11-11,115.13977813720705,156.86000061035156,159.57000732421875,156.75999450683594,159.25999450683594,1920400
2015-11-12,111.38467407226562,150.97999572753906,157.6999969482422,150.82000732421875,155.94000244140625,4767200
2015-11-13,111.80521392822266,151.5500030517578,153.52000427246094,148.0,150.67999267578125,3855000
2015-11-16,113.98155975341795,154.5,154.77999877929688,151.10000610351562,152.02000427246094,2443200
2015-11-17,116.26856994628906,157.60000610351562,159.1300048828125,153.6999969482422,154.91000366210938,3644300
2015-11-18,118.7178726196289,160.9199981689453,161.1199951171875,156.35000610351562,158.11000061035156,2975800
2015-11-19,117.66292572021484,159.49000549316406,161.52000427246094,158.8300018310547,159.88999938964844,2041000
2015-11-20,117.97271728515624,159.91000366210938,161.33999633789062,159.5500030517578,160.74000549316406,2728000
2015-11-23,119.86141204833984,162.47000122070312,163.1300048828125,159.6300048828125,159.6300048828125,4168400
2015-11-24,120.0900421142578,162.77999877929688,163.33999633789062,161.0,161.00999450683594,3687000
2015-11-25,120.95323944091795,163.9499969482422,164.58999633789062,162.7100067138672,163.0500030517578,2134200
2015-11-27,120.63601684570312,163.52000427246094,165.0,163.13999938964844,164.75999450683594,1052400
2015-11-30,118.85066986083984,161.10000610351562,164.0,160.36000061035156,163.49000549316406,2982600
2015-12-01,119.49990844726562,161.97999572753906,163.42999267578125,160.52000427246094,162.7100067138672,2429000
2015-12-02,118.42281341552734,160.52000427246094,162.38999938964844,160.10000610351562,161.6199951171875,2871600
2015-12-03,114.09220886230467,154.64999389648438,160.52000427246094,153.7100067138672,160.27000427246094,4468600
2015-12-04,119.0941162109375,161.42999267578125,161.9499969482422,154.9499969482422,154.9600067138672,3920900
2015-12-07,116.78498077392578,158.3000030517578,162.97000122070312,157.5399932861328,162.91000366210938,3566700
2015-12-08,117.5595932006836,159.35000610351562,160.6699981689453,156.0399932861328,156.61000061035156,2249200
2015-12-09,116.48255157470705,157.88999938964844,159.80999755859375,156.1199951171875,158.35000610351562,2995600
2015-12-10,117.79570770263672,159.6699981689453,160.85000610351562,157.0,158.97000122070312,2814000
2015-12-11,114.46106719970705,155.14999389648438,158.77999877929688,154.7899932861328,157.82000732421875,3005700
2015-12-14,116.644775390625,158.11000061035156,158.33999633789062,153.42999267578125,155.97999572753906,2780600
2015-12-15,119.97201538085938,162.6199951171875,164.4499969482422,161.55999755859375,161.64999389648438,5365600
2015-12-16,121.41802978515624,164.5800018310547,165.22999572753906,162.10000610351562,164.30999755859375,3923600
2015-12-17,119.0941162109375,161.42999267578125,164.99000549316406,159.80999755859375,164.5800018310547,3699400
2015-12-18,117.15383911132812,158.8000030517578,161.82000732421875,158.6199951171875,160.5,6227000
2015-12-21,117.50799560546876,159.27999877929688,160.3800048828125,157.3800048828125,159.8800048828125,3818900
2015-12-22,119.73595428466795,162.3000030517578,163.3699951171875,160.0399932861328,160.5,3125500
2015-12-23,120.04581451416016,162.72000122070312,163.5,161.64999389648438,163.02999877929688,2202100
2015-12-24,120.6581573486328,163.5500030517578,164.36000061035156,162.22000122070312,163.6999969482422,943000
2015-12-28,119.31539916992188,161.72999572753906,163.1300048828125,160.60000610351562,162.91000366210938,1513000
2015-12-29,121.3147430419922,164.44000244140625,164.9600067138672,162.0500030517578,162.9199981689453,2171100
2015-12-30,120.46633911132812,163.2899932861328,164.75,162.91000366210938,164.6300048828125,1493000
2015-12-31,119.75809478759766,162.3300018310547,164.11000061035156,162.0500030517578,162.14999389648438,1775900
2016-01-04,116.8144760131836,158.33999633789062,159.22000122070312,156.08999633789062,159.0,5083200
2016-01-05,116.6891098022461,158.1699981689453,160.2100067138672,157.25,159.0,2678900
2016-01-06,115.61934661865234,156.72000122070312,157.92999267578125,154.89999389648438,155.00999450683594,3826900
2016-01-07,112.86021423339844,152.97999572753906,156.4499969482422,152.88999938964844,153.05999755859375,4162500
2016-01-08,111.18551635742188,150.7100067138672,154.86000061035156,150.4600067138672,153.1199951171875,4179600
2016-01-11,108.9574966430664,147.69000244140625,151.58999633789062,144.1699981689453,151.3300018310547,4747400
2016-01-12,111.24449920654295,150.7899932861328,151.24000549316406,146.9199981689453,148.42999267578125,4410600
2016-01-13,107.3123550415039,145.4600067138672,152.8300018310547,145.27999877929688,151.13999938964844,3982100
2016-01-14,112.99301147460938,153.16000366210938,155.3000030517578,144.57000732421875,146.02000427246094,5649000
2016-01-15,111.62081146240234,151.3000030517578,152.3000030517578,147.69000244140625,147.69000244140625,6213000
2016-01-19,111.62081146240234,151.3000030517578,154.6199951171875,148.22999572753906,153.4499969482422,4382200
2016-01-20,114.36517333984376,155.02000427246094,156.83999633789062,148.0500030517578,149.0,7338600
2016-01-21,112.71261596679688,152.77999877929688,155.02000427246094,150.24000549316406,154.75,4674000
2016-01-22,115.1471939086914,156.0800018310547,156.9600067138672,154.24000549316406,156.4499969482422,4577300
2016-01-25,113.1921844482422,153.42999267578125,158.0,153.0,156.17999267578125,4765100
2016-01-26,113.4504165649414,153.77999877929688,155.22999572753906,151.08999633789062,152.77999877929688,3645500
2016-01-27,111.00845336914062,150.47000122070312,154.88999938964844,148.8699951171875,154.88999938964844,3752300
2016-01-28,109.44441223144533,148.35000610351562,151.7100067138672,145.4199981689453,151.10000610351562,4246500
2016-01-29,112.67571258544922,152.72999572753906,153.0,145.25,149.39999389648438,7174400
2016-02-01,112.69054412841795,152.75,153.72000122070312,149.33999633789062,151.30999755859375,4602200
2016-02-02,110.74285888671876,150.11000061035156,151.49000549316406,148.47999572753906,150.47999572753906,3881400
2016-02-03,111.17074584960938,150.69000244140625,151.17999267578125,147.07000732421875,150.5,4530600
2016-02-04,110.59529876708984,149.91000366210938,151.9600067138672,148.8000030517578,150.5,3685200
2016-02-05,107.00251007080078,145.0399932861328,149.38999938964844,143.69000244140625,148.92999267578125,6451900
2016-02-08,105.49750518798828,143.0,144.57000732421875,140.16000366210938,143.5,4627300
2016-02-09,105.61553955078124,143.16000366210938,145.6300048828125,140.82000732421875,141.02000427246094,4211100
2016-02-10,106.8327865600586,144.80999755859375,147.1300048828125,143.9600067138672,145.2100067138672,4273500
2016-02-11,105.0870590209961,141.4600067138672,143.49000549316406,140.0399932861328,140.75999450683594,4374400
2016-02-12,107.50884246826172,144.72000122070312,144.97000122070312,141.13999938964844,143.1300048828125,3218000
2016-02-16,109.3140106201172,147.14999389648438,148.05999755859375,145.67999267578125,146.88999938964844,3371300
2016-02-17,112.22611236572266,151.07000732421875,151.52000427246094,147.39999389648438,148.3000030517578,3811100
2016-02-18,110.91118621826172,149.3000030517578,152.36000061035156,149.0800018310547,150.7899932861328,2892100
2016-02-19,111.52035522460938,150.1199951171875,151.75999450683594,148.25999450683594,148.97999572753906,2796800
2016-02-22,110.36145782470705,148.55999755859375,149.77000427246094,146.94000244140625,148.72000122070312,4603300
2016-02-23,109.3957290649414,147.25999450683594,149.72000122070312,146.86000061035156,148.14999389648438,3315200
2016-02-24,109.2842788696289,147.11000061035156,147.27000427246094,143.91000366210938,145.5,3316100
2016-02-25,109.01687622070312,146.75,148.38999938964844,145.25999450683594,147.36000061035156,3446800
2016-02-26,109.64830780029295,147.60000610351562,149.5,146.9499969482422,148.50999450683594,3411500
2016-02-29,105.69620513916016,142.27999877929688,147.6699981689453,142.22000122070312,146.9600067138672,5193800
2016-03-01,110.23519134521484,148.38999938964844,148.4499969482422,142.27999877929688,144.3000030517578,4477700
2016-03-02,109.5666046142578,147.49000549316406,148.6300048828125,146.2100067138672,148.0,3689900
2016-03-03,108.3408432006836,145.83999633789062,147.2899932861328,145.32000732421875,147.22000122070312,2988900
2016-03-04,108.4448699951172,145.97999572753906,147.3000030517578,144.5399932861328,147.02999877929688,3471400
2016-03-07,109.43289947509766,147.30999755859375,147.8699951171875,144.75999450683594,144.97999572753906,3278800
2016-03-08,107.44194793701172,144.6300048828125,147.0,144.32000732421875,146.88999938964844,3064100
2016-03-09,104.6710433959961,140.89999389648438,144.0800018310547,139.91000366210938,144.0,6075400
2016-03-10,104.76761627197266,141.02999877929688,143.47999572753906,139.02000427246094,142.05999755859375,4572900
2016-03-11,107.3974151611328,144.57000732421875,144.99000549316406,142.1699981689453,142.9499969482422,4861700
2016-03-14,107.43455505371094,144.6199951171875,145.30999755859375,143.19000244140625,143.86000061035156,3013800
2016-03-15,106.3870849609375,143.2100067138672,145.3000030517578,142.8000030517578,144.83999633789062,3034200
2016-03-16,106.9591064453125,143.97999572753906,147.0,141.92999267578125,143.0,6104700
2016-03-17,107.0705337524414,144.1300048828125,145.8000030517578,141.83999633789062,143.72000122070312,4899700
2016-03-18,108.09568786621094,145.50999450683594,146.39999389648438,142.50999450683594,144.97000122070312,6802600
2016-03-21,109.21001434326172,147.00999450683594,147.9499969482422,145.02000427246094,145.3000030517578,3176800
2016-03-22,111.89175415039062,150.6199951171875,150.99000549316406,146.8300018310547,147.0500030517578,4213900
2016-03-23,110.5100326538086,148.75999450683594,151.91000366210938,148.13999938964844,150.30999755859375,3107600
2016-03-24,110.86664581298828,149.24000549316406,150.9499969482422,147.60000610351562,148.75999450683594,3025800
2016-03-28,110.2203598022461,148.3699951171875,150.36000061035156,147.32000732421875,149.32000732421875,2111000
2016-03-29,111.05235290527344,149.49000549316406,149.69000244140625,146.8000030517578,148.4600067138672,2735700
2016-03-30,111.044921875,149.47999572753906,150.8800048828125,148.3000030517578,149.61000061035156,2324500
2016-03-31,111.37920379638672,149.92999267578125,150.9600067138672,149.1300048828125,149.3300018310547,2799600
2016-04-01,114.52157592773438,154.16000366210938,154.44000244140625,149.10000610351562,150.02000427246094,3972200
2016-04-04,114.89303588867188,154.66000366210938,155.9600067138672,153.6999969482422,154.0,2314200
2016-04-05,113.6227035522461,152.9499969482422,155.16000366210938,152.6199951171875,153.67999267578125,2604600
2016-04-06,118.60739135742188,159.66000366210938,159.85000610351562,153.52000427246094,154.24000549316406,4067000
2016-04-07,116.91358947753906,157.3800048828125,159.97999572753906,156.57000732421875,159.0500030517578,3363900
2016-04-08,116.23020935058594,156.4600067138672,159.0,155.4199981689453,158.24000549316406,2522100
2016-04-11,116.17819213867188,156.38999938964844,157.75,155.27999877929688,156.39999389648438,2732800
2016-04-12,117.8199462890625,158.60000610351562,159.1999969482422,156.11000061035156,156.13999938964844,2763400
2016-04-13,118.9045181274414,160.05999755859375,160.88999938964844,158.22999572753906,159.02000427246094,3860600
2016-04-14,118.9491195678711,160.1199951171875,160.77000427246094,159.3699951171875,159.80999755859375,2406800
2016-04-15,118.95650482177734,160.1300048828125,160.38999938964844,158.4600067138672,160.14999389648438,2824300
2016-04-18,120.122802734375,161.6999969482422,162.10000610351562,159.39999389648438,159.49000549316406,2081100
2016-04-19,120.41999053955078,162.10000610351562,162.5,160.33999633789062,160.8000030517578,2693000
2016-04-20,120.9102783203125,162.75999450683594,163.83999633789062,161.8000030517578,163.02000427246094,2374300
2016-04-21,122.09148406982422,164.35000610351562,164.5399932861328,162.02999877929688,162.44000244140625,2348400
2016-04-22,121.22970581054688,163.19000244140625,164.6999969482422,162.17999267578125,164.52000427246094,2757200
2016-04-25,121.4302749633789,163.4600067138672,163.75,162.24000549316406,163.14999389648438,1596300
2016-04-26,120.97714233398438,162.85000610351562,163.91000366210938,162.02000427246094,163.38999938964844,2156600
2016-04-27,119.60285949707033,161.0,162.89999389648438,160.5,162.72000122070312,2729500
2016-04-28,119.27596282958984,160.55999755859375,163.67999267578125,159.36000061035156,160.22000122070312,3354100
2016-04-29,117.59707641601562,158.3000030517578,161.9199981689453,156.3800048828125,159.38999938964844,5386600
2016-05-02,118.10963439941406,158.99000549316406,159.4199981689453,157.2100067138672,158.6199951171875,2433700
2016-05-03,116.14847564697266,156.35000610351562,158.4600067138672,156.0,158.3699951171875,2862900
2016-05-04,114.53639221191406,154.17999267578125,155.86000061035156,153.52999877929688,155.27999877929688,3048400
2016-05-05,114.58843231201172,154.25,156.2100067138672,153.36000061035156,154.1300048828125,2325400
2016-05-06,113.80099487304688,153.19000244140625,154.4499969482422,151.36000061035156,153.49000549316406,3004800
2016-05-09,115.45013427734376,155.41000366210938,156.0800018310547,153.02000427246094,153.6999969482422,2990100
2016-05-10,116.80960083007812,157.24000549316406,157.5,154.9499969482422,155.9499969482422,2585000
2016-05-11,114.53639221191406,154.17999267578125,158.25,154.08999633789062,157.72999572753906,2741800
2016-05-12,113.58556365966795,152.89999389648438,155.0,151.97000122070312,154.67999267578125,2981600
2016-05-13,113.92205047607422,152.35000610351562,154.0800018310547,151.22000122070312,151.22000122070312,2451200
2016-05-16,114.60997772216795,153.27000427246094,153.86000061035156,151.6999969482422,152.35000610351562,2415100
2016-05-17,112.2470474243164,150.11000061035156,152.91000366210938,149.44000244140625,152.4499969482422,4486500
2016-05-18,112.78545379638672,150.8300018310547,151.42999267578125,149.2100067138672,149.91000366210938,3234500
2016-05-19,111.17027282714844,148.6699981689453,150.22999572753906,147.1199951171875,149.4499969482422,3023600
2016-05-20,112.29939270019533,150.17999267578125,151.7100067138672,148.64999389648438,148.9199981689453,3075800
2016-05-23,111.641357421875,149.3000030517578,150.75,149.14999389648438,150.0399932861328,1543400
2016-05-24,114.1987533569336,152.72000122070312,152.94000244140625,150.38999938964844,150.7100067138672,2581000
2016-05-25,116.32987213134766,155.57000732421875,155.83999633789062,153.14999389648438,153.5399932861328,3053100
2016-05-26,116.31488800048828,155.5500030517578,156.27999877929688,154.5500030517578,154.9199981689453,1808600
2016-05-27,117.2047348022461,156.74000549316406,156.8800048828125,155.11000061035156,156.1999969482422,1364000
2016-05-31,118.1095199584961,157.9499969482422,158.42999267578125,156.86000061035156,157.4199981689453,3204400
2016-06-01,118.18431854248048,158.0500030517578,158.83999633789062,156.6699981689453,157.61000061035156,1716400
2016-06-02,119.54520416259766,159.8699951171875,159.8699951171875,157.9499969482422,158.22999572753906,2386300
2016-06-03,119.03675079345705,159.19000244140625,159.99000549316406,156.82000732421875,159.86000061035156,2149300
2016-06-06,119.78455352783205,160.19000244140625,160.75,158.88999938964844,159.5800018310547,1897600
2016-06-07,118.81241607666016,158.88999938964844,159.63999938964844,158.27999877929688,159.1300048828125,1896700
2016-06-08,118.14691162109376,158.0,158.94000244140625,157.5399932861328,158.47999572753906,2476000
2016-06-09,117.23462677001952,156.77999877929688,158.97999572753906,156.0,157.75999450683594,2383200
2016-06-10,115.73912048339844,154.77999877929688,156.32000732421875,153.63999938964844,155.25999450683594,2626100
2016-06-13,114.46792602539062,153.0800018310547,156.1199951171875,152.99000549316406,155.05999755859375,2340300
2016-06-14,114.40062713623048,152.99000549316406,153.47999572753906,151.63999938964844,152.74000549316406,2115200
2016-06-15,113.58551025390624,151.89999389648438,154.0800018310547,151.82000732421875,153.1300048828125,2443700
2016-06-16,113.8846664428711,152.3000030517578,152.89999389648438,150.6999969482422,151.67999267578125,2321700
2016-06-17,111.880615234375,149.6199951171875,152.75999450683594,149.5500030517578,152.61000061035156,4681500
2016-06-20,112.6508331298828,150.64999389648438,152.69000244140625,150.3699951171875,151.7899932861328,3250500
2016-06-21,111.73104858398438,149.4199981689453,151.47000122070312,148.5,151.13999938964844,2622200
2016-06-22,112.02274322509766,149.80999755859375,152.17999267578125,149.0,149.0800018310547,4470100
2016-06-23,113.86222076416016,152.27000427246094,152.39999389648438,150.6300048828125,151.2100067138672,3000400
2016-06-24,109.5102081298828,146.4499969482422,149.3000030517578,146.02999877929688,147.1999969482422,4919200
2016-06-27,108.11190795898438,144.5800018310547,147.07000732421875,143.82000732421875,146.16000366210938,4176700
2016-06-28,110.98332214355467,148.4199981689453,148.4199981689453,145.60000610351562,145.88999938964844,4348000
2016-06-29,112.23957061767578,150.10000610351562,150.75,148.6300048828125,149.11000061035156,3771100
2016-06-30,113.77246856689452,152.14999389648438,152.42999267578125,149.8300018310547,150.8300018310547,3480700
2016-07-01,115.36520385742188,154.27999877929688,154.9499969482422,152.25,152.42999267578125,2758100
2016-07-05,115.35774230957033,154.27000427246094,154.94000244140625,153.3800048828125,154.2899932861328,2349100
2016-07-06,116.68880462646484,156.0500030517578,156.82000732421875,152.9499969482422,153.44000244140625,3834000
2016-07-07,117.09258270263672,156.58999633789062,156.75999450683594,155.25,155.86000061035156,2437100
2016-07-08,120.46500396728516,161.10000610351562,161.11000061035156,156.1999969482422,157.6199951171875,3741500
2016-07-11,119.77708435058594,160.17999267578125,162.32000732421875,160.0,161.36000061035156,2464700
2016-07-12,121.10808563232422,161.9600067138672,162.27999877929688,160.50999450683594,160.6199951171875,2407200
2016-07-13,120.0312728881836,160.52000427246094,162.66000366210938,160.30999755859375,162.63999938964844,2691800
2016-07-14,121.69133758544922,162.74000549316406,162.99000549316406,160.74000549316406,162.0,2444800
2016-07-15,122.09513854980467,163.27999877929688,164.57000732421875,161.55999755859375,163.4499969482422,3179700
2016-07-18,121.83338165283205,162.92999267578125,164.0,162.7899932861328,163.82000732421875,1815600
2016-07-19,121.50440979003906,162.49000549316406,164.7100067138672,161.94000244140625,163.1999969482422,2249500
2016-07-20,122.07263946533205,163.25,163.64999389648438,161.82000732421875,162.4499969482422,2161400
2016-07-21,122.77557373046876,164.19000244140625,164.25999450683594,162.7100067138672,163.38999938964844,1971800
2016-07-22,123.88229370117188,165.6699981689453,166.3300018310547,164.0,164.77999877929688,2500400
2016-07-25,124.5478286743164,166.55999755859375,166.9499969482422,164.07000732421875,165.6999969482422,2704900
2016-07-26,125.37783813476562,167.6699981689453,168.0500030517578,165.77000427246094,165.88999938964844,2883600
2016-07-27,127.6285629272461,170.67999267578125,171.08999633789062,167.44000244140625,167.4499969482422,4200200
2016-07-28,128.07725524902344,171.27999877929688,171.8000030517578,166.50999450683594,168.92999267578125,5192500
2016-07-29,128.6380615234375,172.02999877929688,172.25999450683594,170.52999877929688,171.57000732421875,3121600
2016-08-01,130.23080444335938,174.16000366210938,174.97999572753906,172.27999877929688,172.91000366210938,3571900
2016-08-02,130.2233123779297,174.14999389648438,176.5,173.1699981689453,175.0500030517578,6589000
2016-08-03,129.68492126464844,173.42999267578125,174.38999938964844,172.27999877929688,173.74000549316406,3911800
2016-08-04,129.11663818359375,172.6699981689453,173.6699981689453,172.0399932861328,173.3000030517578,2122200
2016-08-05,129.85690307617188,173.66000366210938,174.52000427246094,172.50999450683594,173.35000610351562,2228300
2016-08-08,128.869873046875,172.33999633789062,174.16000366210938,171.8300018310547,173.30999755859375,2706500
2016-08-09,128.67543029785156,172.0800018310547,173.3000030517578,171.67999267578125,172.66000366210938,2094200
2016-08-10,128.03982543945312,171.22999572753906,172.1999969482422,170.7100067138672,171.88999938964844,2476600
2016-08-11,128.9371337890625,172.42999267578125,172.77999877929688,171.0500030517578,172.24000549316406,2142800
2016-08-12,129.3783721923828,173.02000427246094,173.14999389648438,170.67999267578125,171.24000549316406,1863200
2016-08-15,131.3037567138672,174.5800018310547,174.72000122070312,171.47999572753906,171.47999572753906,2784300
2016-08-16,129.483642578125,172.16000366210938,174.91000366210938,172.07000732421875,174.5399932861328,2622800
2016-08-17,131.10067749023438,174.30999755859375,174.5,171.67999267578125,172.00999450683594,2580900
2016-08-18,131.43161010742188,174.75,176.63999938964844,173.57000732421875,174.42999267578125,3422400
2016-08-19,130.5817413330078,173.6199951171875,174.9600067138672,172.25999450683594,174.10000610351562,2696400
2016-08-22,131.13076782226562,174.35000610351562,175.17999267578125,173.22000122070312,173.74000549316406,2603700
2016-08-23,131.1683349609375,174.39999389648438,175.99000549316406,173.66000366210938,174.44000244140625,2375700
2016-08-24,128.49082946777344,170.83999633789062,174.8699951171875,170.27999877929688,174.0,3055000
2016-08-25,128.03208923339844,170.22999572753906,171.4600067138672,168.75999450683594,169.9199981689453,2623800
2016-08-26,129.34075927734375,171.97000122070312,172.99000549316406,169.77000427246094,170.8000030517578,2925300
2016-08-29,128.99478149414062,171.50999450683594,172.5,171.1199951171875,172.3699951171875,2512200
2016-08-30,128.4307403564453,170.75999450683594,171.94000244140625,170.1199951171875,171.16000366210938,1803100
2016-08-31,127.90422821044922,170.05999755859375,171.38999938964844,169.82000732421875,170.72999572753906,2936400
2016-09-01,127.95686340332033,170.1300048828125,170.55999755859375,168.6199951171875,170.5500030517578,1876100
2016-09-02,127.68606567382812,169.77000427246094,171.0500030517578,168.91000366210938,170.5500030517578,2083800
2016-09-06,128.49082946777344,170.83999633789062,171.77000427246094,169.38999938964844,169.85000610351562,1919700
2016-09-07,128.33291625976562,170.6300048828125,171.44000244140625,169.1999969482422,169.77999877929688,2013000
2016-09-08,128.58863830566406,170.97000122070312,171.36000061035156,169.72999572753906,170.07000732421875,2611200
2016-09-09,125.2643051147461,166.5500030517578,169.75999450683594,166.52999877929688,169.69000244140625,3131400
2016-09-12,129.39337158203125,172.0399932861328,172.5800018310547,165.92999267578125,166.0800018310547,4451500
2016-09-13,127.33260345458984,169.3000030517578,171.5,167.80999755859375,171.24000549316406,3162600
2016-09-14,127.9643783569336,170.13999938964844,171.77000427246094,169.5,169.64999389648438,2799000
2016-09-15,129.8446502685547,172.63999938964844,173.38999938964844,169.47000122070312,170.0399932861328,2923900
2016-09-16,130.08535766601562,172.9600067138672,173.38999938964844,171.0500030517578,172.58999633789062,4028300
2016-09-19,128.89698791503906,171.3800048828125,173.5,171.17999267578125,173.25,2226800
2016-09-20,130.40121459960938,173.3800048828125,174.25999450683594,172.4600067138672,172.94000244140625,2607700
2016-09-21,130.75474548339844,173.85000610351562,174.25,171.61000061035156,174.24000549316406,2516400
2016-09-22,132.08595275878906,175.6199951171875,175.72999572753906,173.75,174.60000610351562,2338300
2016-09-23,131.46923828125,174.8000030517578,176.85000610351562,174.61000061035156,176.27000427246094,2238700
2016-09-26,130.51402282714844,173.52999877929688,174.4499969482422,172.8300018310547,174.22000122070312,1798500
2016-09-27,129.08502197265625,171.6300048828125,171.97999572753906,169.5,170.24000549316406,4798900
2016-09-28,127.6409912109375,169.7100067138672,172.22000122070312,169.0500030517578,172.22000122070312,3300700
2016-09-29,124.43701171875,165.4499969482422,170.38999938964844,165.3300018310547,170.38999938964844,3804000
2016-09-30,125.4598388671875,166.80999755859375,167.72000122070312,165.27000427246094,166.3800048828125,3999600
2016-10-03,125.85846710205078,167.33999633789062,167.5800018310547,164.44000244140625,166.0500030517578,2514600
2016-10-04,126.01638793945312,167.5500030517578,168.69000244140625,167.13999938964844,167.33999633789062,2797600
2016-10-05,125.7832489013672,167.24000549316406,168.38999938964844,166.9199981689453,167.5500030517578,1953400
2016-10-06,125.527587890625,166.89999389648438,167.7899932861328,165.7899932861328,166.3300018310547,1904100
2016-10-07,125.9788055419922,167.5,168.14999389648438,166.3000030517578,167.94000244140625,1679800
2016-10-10,126.5879898071289,168.30999755859375,168.58999633789062,167.6699981689453,168.1999969482422,1628200
2016-10-11,123.5870590209961,164.32000732421875,167.82000732421875,163.50999450683594,167.82000732421875,2761900
2016-10-12,123.2561264038086,163.8800048828125,165.58999633789062,163.61000061035156,164.32000732421875,2250600
2016-10-13,123.56454467773438,164.2899932861328,165.08999633789062,162.50999450683594,162.85000610351562,2430900
2016-10-14,121.76702117919922,161.89999389648438,165.25,161.83999633789062,165.0500030517578,2817500
2016-10-17,122.30848693847656,162.6199951171875,163.4499969482422,161.13999938964844,162.1999969482422,2348400
2016-10-18,122.44388580322266,162.8000030517578,163.86000061035156,162.75,163.74000549316406,2001800
2016-10-19,121.15026092529295,161.0800018310547,163.61000061035156,161.02000427246094,163.4199981689453,2502700
2016-10-20,121.46614837646484,161.5,163.35000610351562,161.0,161.0,2922600
2016-10-21,119.21729278564452,158.50999450683594,161.22000122070312,158.35000610351562,160.69000244140625,3541000
2016-10-24,119.40533447265624,158.75999450683594,159.6999969482422,158.24000549316406,159.36000061035156,2920200
2016-10-25,118.75852966308594,157.89999389648438,159.27000427246094,157.8000030517578,158.83999633789062,2414300
2016-10-26,119.57836151123048,158.99000549316406,160.0500030517578,158.02999877929688,158.67999267578125,2716800
2016-10-27,120.76670837402344,160.57000732421875,161.60000610351562,159.63999938964844,159.7100067138672,3366900
2016-10-28,109.19163513183594,145.17999267578125,151.75999450683594,142.63999938964844,151.69000244140625,18311600
2016-10-31,106.16817474365234,141.16000366210938,146.67999267578125,140.94000244140625,146.5500030517578,8693700
2016-11-01,105.86730194091795,140.75999450683594,142.41000366210938,139.30999755859375,141.1699981689453,5589300
2016-11-02,104.31798553466795,138.6999969482422,140.61000061035156,138.63999938964844,140.30999755859375,4622500
2016-11-03,101.70063018798828,135.22000122070312,139.77000427246094,135.0,139.6999969482422,5791200
2016-11-04,101.83601379394533,135.39999389648438,137.61000061035156,133.63999938964844,133.7100067138672,5051500
2016-11-07,104.70155334472656,139.2100067138672,140.22999572753906,137.16000366210938,137.85000610351562,5146000
2016-11-08,104.12993621826172,138.4499969482422,140.0,137.35000610351562,139.5500030517578,3668500
2016-11-09,110.12425994873048,146.4199981689453,152.85000610351562,142.75,146.75,11793400
2016-11-10,113.99763488769533,151.57000732421875,152.22999572753906,148.75999450683594,150.39999389648438,8933400
2016-11-11,112.0947723388672,149.0399932861328,150.83999633789062,146.8000030517578,150.0500030517578,5159400
2016-11-14,110.86814880371094,146.4199981689453,149.14999389648438,146.00999450683594,148.47000122070312,5060000
2016-11-15,111.3527603149414,147.05999755859375,148.4600067138672,145.00999450683594,146.8699951171875,4515100
2016-11-16,111.48148345947266,147.22999572753906,148.5,146.44000244140625,147.57000732421875,4108200
2016-11-17,111.57991790771484,147.36000061035156,148.4499969482422,146.50999450683594,147.72999572753906,3957300
2016-11-18,109.96710205078124,145.22999572753906,148.35000610351562,144.89999389648438,147.0500030517578,3764600
2016-11-21,110.20941162109376,145.5500030517578,146.1699981689453,145.11000061035156,145.99000549316406,2860500
2016-11-22,109.28561401367188,144.3300018310547,146.9499969482422,142.82000732421875,146.82000732421875,3586200
2016-11-23,109.81568908691406,145.02999877929688,145.1699981689453,142.83999633789062,142.94000244140625,3216900
2016-11-25,110.1185302734375,145.42999267578125,146.0,144.75999450683594,145.22000122070312,2004000
2016-11-28,109.84596252441406,145.07000732421875,145.9199981689453,144.5,145.25,2411700
2016-11-29,110.5501480102539,146.0,146.7899932861328,145.30999755859375,145.36000061035156,2939100
2016-11-30,109.0887680053711,144.07000732421875,146.32000732421875,144.07000732421875,145.6999969482422,4296900
2016-12-01,107.81668853759766,142.38999938964844,144.24000549316406,142.13999938964844,144.24000549316406,3894000
2016-12-02,109.04331970214844,144.00999450683594,144.91000366210938,141.5,142.2899932861328,3517300
2016-12-05,110.01252746582033,145.2899932861328,146.3699951171875,143.72000122070312,145.4499969482422,3855500
2016-12-06,109.87623596191406,145.11000061035156,145.99000549316406,144.27999877929688,145.8000030517578,2399000
2016-12-07,106.9080581665039,141.19000244140625,143.8800048828125,139.66000366210938,143.52000427246094,7031300
2016-12-08,106.45372009277344,140.58999633789062,141.10000610351562,138.8300018310547,140.8300018310547,4387600
2016-12-09,108.61930084228516,143.4499969482422,144.5800018310547,141.0,141.5,4637300
2016-12-12,110.36842346191406,145.75999450683594,146.0399932861328,142.7899932861328,142.9199981689453,3310100
2016-12-13,112.34471130371094,148.3699951171875,149.97000122070312,146.5500030517578,146.80999755859375,4308700
2016-12-14,112.58698272705078,148.69000244140625,149.5500030517578,147.4199981689453,148.16000366210938,3196700
2016-12-15,113.87419891357422,150.38999938964844,150.47000122070312,148.77999877929688,149.17999267578125,2950500
2016-12-16,113.10189056396484,149.3699951171875,151.2100067138672,148.80999755859375,150.9199981689453,6356800
2016-12-19,111.86766815185548,147.74000549316406,150.35000610351562,147.2100067138672,149.75,3013800
2016-12-20,111.4738998413086,147.22000122070312,147.99000549316406,146.47000122070312,146.82000732421875,2615600
2016-12-21,110.67888641357422,146.1699981689453,147.6300048828125,145.6999969482422,147.07000732421875,2491800
2016-12-22,110.82273864746094,146.36000061035156,146.61000061035156,145.1199951171875,146.30999755859375,1820500
2016-12-23,111.7237777709961,147.5500030517578,147.72999572753906,146.24000549316406,146.35000610351562,2169700
2016-12-27,112.33712005615234,148.36000061035156,150.11000061035156,147.77000427246094,147.77000427246094,1941000
2016-12-28,111.81465911865234,147.6699981689453,149.14999389648438,147.36000061035156,148.6300048828125,1804000
2016-12-29,111.89795684814452,147.77999877929688,148.69000244140625,147.3699951171875,147.3699951171875,1655500
2016-12-30,110.70915222167967,146.2100067138672,148.75,145.6199951171875,147.6300048828125,3193100
2017-01-03,114.13167572021484,150.72999572753906,151.0,147.1199951171875,147.86000061035156,3640900
2017-01-04,115.75205993652344,152.8699951171875,153.72000122070312,151.77000427246094,152.08999633789062,3945900
2017-01-05,115.83534240722656,152.97999572753906,153.39999389648438,151.50999450683594,152.72000122070312,3441700
2017-01-06,118.71267700195312,156.77999877929688,161.0,156.6699981689453,159.8800048828125,9899300
2017-01-09,120.27251434326172,158.83999633789062,158.9499969482422,156.6300048828125,157.00999450683594,4247700
2017-01-10,120.21194458007812,158.75999450683594,159.1300048828125,157.24000549316406,158.49000549316406,3324400
2017-01-11,118.59153747558594,156.6199951171875,159.16000366210938,154.5,159.16000366210938,4821300
2017-01-12,117.6374740600586,155.36000061035156,156.14999389648438,154.55999755859375,155.44000244140625,3234800
2017-01-13,118.2129364013672,156.1199951171875,157.2100067138672,154.88999938964844,155.27999877929688,2637500
2017-01-17,117.21340942382812,154.8000030517578,156.1199951171875,153.52999877929688,155.13999938964844,3404900
2017-01-18,117.94791412353516,155.77000427246094,155.94000244140625,154.50999450683594,155.69000244140625,2432600
2017-01-19,116.45620727539062,153.8000030517578,155.69000244140625,153.25,155.1300048828125,2571900
2017-01-20,117.11502075195312,154.6699981689453,155.35000610351562,153.82000732421875,154.7100067138672,3067400
2017-01-23,115.63848114013672,152.72000122070312,154.5500030517578,152.39999389648438,154.2100067138672,2458200
2017-01-24,114.97972869873048,151.85000610351562,153.0,150.3800048828125,152.82000732421875,3027700
2017-01-25,116.6833953857422,154.10000610351562,154.82000732421875,151.77000427246094,152.52999877929688,3479500
2017-01-26,115.83534240722656,152.97999572753906,155.8000030517578,152.89999389648438,155.0,3366900
2017-01-27,119.00043487548828,157.16000366210938,157.5,152.75999450683594,153.22999572753906,4885200
2017-01-30,116.9332504272461,154.42999267578125,157.17999267578125,153.77000427246094,157.10000610351562,3758400
2017-01-31,118.63695526123048,156.67999267578125,156.9600067138672,153.14999389648438,153.6999969482422,3351300
2017-02-01,120.90095520019533,159.6699981689453,159.75,157.0500030517578,158.58999633789062,3924800
2017-02-02,120.8328094482422,159.5800018310547,159.94000244140625,156.91000366210938,159.72999572753906,4445400
2017-02-03,126.85247802734376,167.52999877929688,167.85000610351562,164.86000061035156,166.10000610351562,7366600
2017-02-06,126.13316345214844,166.5800018310547,166.88999938964844,165.1300048828125,166.17999267578125,4389200
2017-02-07,126.3149642944336,166.82000732421875,167.72000122070312,165.60000610351562,167.0,3584300
2017-02-08,127.29924011230467,168.1199951171875,168.35000610351562,166.32000732421875,166.5,3493400
2017-02-09,126.80707550048828,167.47000122070312,167.7899932861328,165.5,165.75,4281400
2017-02-10,127.12503051757812,167.88999938964844,168.30999755859375,167.02999877929688,167.8000030517578,2931200
2017-02-13,127.82649993896484,167.66000366210938,168.25999450683594,166.67999267578125,167.72000122070312,3602800
2017-02-14,128.12387084960938,168.0500030517578,168.07000732421875,165.57000732421875,167.07000732421875,3116700
2017-02-15,130.97528076171875,171.7899932861328,172.0,167.0,167.32000732421875,4058800
2017-02-16,131.21922302246094,172.11000061035156,172.1699981689453,170.3000030517578,171.55999755859375,2660600
2017-02-17,132.11892700195312,173.2899932861328,173.36000061035156,168.88999938964844,171.35000610351562,4154900
2017-02-21,132.00454711914062,173.13999938964844,173.5,171.86000061035156,172.85000610351562,3941200
2017-02-22,131.60044860839844,172.61000061035156,174.6999969482422,171.88999938964844,172.3300018310547,2579800
2017-02-23,132.6678466796875,174.00999450683594,174.00999450683594,171.88999938964844,172.75,2190800
2017-02-24,133.087158203125,174.55999755859375,174.72000122070312,172.47999572753906,173.2899932861328,2677300
2017-02-27,134.28416442871094,176.1300048828125,176.27000427246094,173.7100067138672,174.2100067138672,2850700
2017-02-28,134.58914184570312,176.52999877929688,178.25,175.4199981689453,175.4600067138672,3370400
2017-03-01,135.8928985595703,178.24000549316406,179.67999267578125,175.75999450683594,178.0,3532300
2017-03-02,135.7632598876953,178.07000732421875,178.86000061035156,176.82000732421875,177.72000122070312,3493000
2017-03-03,137.38719177246094,180.1999969482422,180.52999877929688,177.5500030517578,178.4600067138672,2893800
2017-03-06,136.82301330566406,179.4600067138672,180.33999633789065,178.16000366210938,179.5500030517578,3280100
2017-03-07,135.23716735839844,177.3800048828125,178.58999633789062,176.27999877929688,177.39999389648438,3328900
2017-03-08,135.54214477539062,177.77999877929688,178.75999450683594,177.13999938964844,177.25,2320800
2017-03-09,136.41131591796875,178.9199981689453,179.1199951171875,177.07000732421875,178.0500030517578,2505300
2017-03-10,138.33255004882812,181.44000244140625,181.92999267578125,179.11000061035156,179.47000122070312,4589000
2017-03-13,138.03524780273438,181.0500030517578,182.0,180.32000732421875,181.92999267578125,2531000
2017-03-14,137.32623291015625,180.1199951171875,181.5599975585937,179.6300048828125,180.4199981689453,2746300
2017-03-15,139.21701049804688,182.6000061035156,184.2100067138672,180.3099975585937,180.3099975585937,4197300
2017-03-16,137.31857299804688,180.11000061035156,181.83999633789065,178.02000427246094,181.6000061035156,6014400
2017-03-17,128.55081176757812,168.61000061035156,171.58999633789062,165.9499969482422,167.3699951171875,23936800
2017-03-20,129.03118896484375,169.24000549316406,169.7100067138672,167.75999450683594,169.6300048828125,5831500
2017-03-21,127.20895385742188,166.85000610351562,170.2100067138672,166.49000549316406,170.0500030517578,4922700
2017-03-22,127.6663818359375,167.4499969482422,167.97999572753906,166.58999633789062,167.92999267578125,5070400
2017-03-23,126.5914077758789,166.0399932861328,168.02000427246094,165.57000732421875,167.47999572753906,4432200
2017-03-24,126.3626708984375,165.74000549316406,166.92999267578125,165.0800018310547,166.69000244140625,3175600
2017-03-27,125.72982788085938,164.91000366210938,166.61000061035156,163.0,164.77000427246094,4734000
2017-03-28,125.577392578125,164.7100067138672,166.25999450683594,163.72999572753906,164.11000061035156,6526400
2017-03-29,124.31938934326172,163.05999755859375,165.22000122070312,162.94000244140625,164.47000122070312,4070800
2017-03-30,125.32575988769533,164.3800048828125,164.8000030517578,163.2100067138672,164.07000732421875,2262300
2017-03-31,125.08946990966795,164.07000732421875,165.47999572753906,163.85000610351562,164.32000732421875,2811800
2017-04-03,124.95217895507812,163.88999938964844,165.02000427246094,163.52000427246094,164.6300048828125,3047800
2017-04-04,125.31050872802734,164.36000061035156,164.49000549316406,163.1199951171875,163.77999877929688,2239400
2017-04-05,123.69419860839844,162.24000549316406,164.75999450683594,161.67999267578125,163.27000427246094,3542300
2017-04-06,123.70187377929688,162.25,163.4499969482422,161.61000061035156,162.1999969482422,3024200
2017-04-07,124.56336975097656,163.3800048828125,164.24000549316406,162.25,162.91000366210938,2204400
2017-04-10,124.11354064941406,162.7899932861328,164.24000549316406,162.6199951171875,163.85000610351562,1772000
2017-04-11,124.35750579833984,163.11000061035156,163.39999389648438,161.55999755859375,162.88999938964844,1990300
2017-04-12,124.31173706054688,163.0500030517578,164.10000610351562,162.16000366210938,164.0800018310547,2248600
2017-04-13,123.21385955810548,161.61000061035156,163.6300048828125,161.3300018310547,163.27999877929688,2568800
2017-04-17,123.59507751464844,162.11000061035156,162.52000427246094,161.25999450683594,161.33999633789062,2364900
2017-04-18,122.9394302368164,161.25,161.92999267578125,160.27999877929688,161.92999267578125,2532100
2017-04-19,122.94705200195312,161.25999450683594,162.63999938964844,161.1300048828125,162.10000610351562,2344100
2017-04-20,123.54170989990234,162.0399932861328,162.77000427246094,161.00999450683594,161.0500030517578,2070200
2017-04-21,122.29899597167967,160.41000366210938,162.72999572753906,160.25,162.14999389648438,2906900
2017-04-24,124.38037872314452,163.13999938964844,163.60000610351562,161.89999389648438,162.5,3498400
2017-04-25,125.56979370117188,164.6999969482422,165.3000030517578,163.39999389648438,163.52000427246094,3529400
2017-04-26,125.50114440917967,164.61000061035156,165.61000061035156,164.33999633789062,165.61000061035156,4175500
2017-04-27,124.0601806640625,162.72000122070312,163.42999267578125,160.0,160.1300048828125,5699200
2017-04-28,124.51763916015624,163.32000732421875,163.47999572753906,161.52999877929688,162.38999938964844,2942200
2017-05-01,123.96871948242188,162.60000610351562,164.44000244140625,162.4499969482422,163.67999267578125,2522000
2017-05-02,124.64725494384766,163.49000549316406,163.94000244140625,162.41000366210938,163.91000366210938,3737800
2017-05-03,124.89120483398438,163.80999755859375,164.0800018310547,163.0,163.82000732421875,2855100
2017-05-04,125.25718688964844,164.2899932861328,164.82000732421875,163.52000427246094,164.1699981689453,2543400
2017-05-05,124.89120483398438,163.80999755859375,164.80999755859375,162.4199981689453,164.80999755859375,2970400
2017-05-08,124.2965087890625,163.02999877929688,163.80999755859375,162.47000122070312,163.72999572753906,2291900
2017-05-09,124.4413833618164,163.22000122070312,164.0800018310547,162.8300018310547,163.1699981689453,2305500
2017-05-10,122.37525939941406,160.50999450683594,163.47999572753906,159.6999969482422,163.25,5201000
2017-05-11,122.04742431640624,160.0800018310547,160.52000427246094,158.2899932861328,159.86000061035156,3510200
2017-05-12,122.15412139892578,160.22000122070312,160.6199951171875,159.4600067138672,160.49000549316406,2706000
2017-05-15,122.84526824951172,159.97000122070312,160.14999389648438,158.7100067138672,158.8800048828125,3318700
2017-05-16,122.8606185913086,159.99000549316406,160.49000549316406,159.4600067138672,159.77000427246094,2281200
2017-05-17,120.61060333251952,157.05999755859375,159.2899932861328,156.92999267578125,158.77000427246094,3073200
2017-05-18,121.30169677734376,157.9600067138672,158.7899932861328,156.2899932861328,157.3699951171875,2163300
2017-05-19,120.1882781982422,156.50999450683594,158.5800018310547,156.35000610351562,157.58999633789062,2577300
2017-05-22,117.50814056396484,153.02000427246094,154.60000610351562,152.4499969482422,153.58999633789062,6911700
2017-05-23,118.31451416015624,154.07000732421875,154.57000732421875,152.16000366210938,152.64999389648438,3582000
2017-05-24,118.72152709960938,154.60000610351562,154.99000549316406,153.7899932861328,154.77000427246094,2667500
2017-05-25,119.35887145996094,155.42999267578125,156.0399932861328,154.6199951171875,155.19000244140625,2965800
2017-05-26,119.0363311767578,155.00999450683594,156.1300048828125,154.7899932861328,155.60000610351562,2731600
2017-05-30,118.14558410644533,153.85000610351562,155.3699951171875,153.55999755859375,155.00999450683594,2716700
2017-05-31,119.21299743652344,155.24000549316406,155.3699951171875,153.6699981689453,153.6699981689453,3891300
2017-06-01,119.98091888427734,156.24000549316406,156.77000427246094,155.24000549316406,155.39999389648438,3005300
2017-06-02,122.21560668945312,159.14999389648438,159.6199951171875,157.0,157.27000427246094,3320800
2017-06-05,123.03726959228516,160.22000122070312,161.1199951171875,158.27000427246094,160.2899932861328,4611100
2017-06-06,122.50736236572266,159.52999877929688,160.9199981689453,159.24000549316406,160.1300048828125,3002500
2017-06-07,124.14307403564452,161.66000366210938,162.0500030517578,159.75,159.82000732421875,3571500
2017-06-08,124.9032974243164,162.64999389648438,163.1699981689453,161.41000366210938,161.97999572753906,3555100
2017-06-09,125.9861297607422,164.05999755859375,166.13999938964844,162.6300048828125,162.75,4086800
2017-06-12,126.61577606201172,164.8800048828125,167.22999572753906,163.27999877929688,165.0,4344500
2017-06-13,126.27022552490234,164.42999267578125,165.08999633789062,163.77000427246094,164.47000122070312,2568200
2017-06-14,126.78475952148438,165.10000610351562,165.8800048828125,163.97000122070312,164.36000061035156,2594800
2017-06-15,126.02449798583984,164.11000061035156,164.89999389648438,162.5500030517578,164.24000549316406,3585000
2017-06-16,124.72673034667967,162.4199981689453,164.10000610351562,161.1300048828125,163.83999633789062,5887200
2017-06-19,126.77709197998048,165.08999633789062,165.22000122070312,162.69000244140625,163.10000610351562,3043900
2017-06-20,127.69857788085938,166.2899932861328,168.6999969482422,164.7899932861328,165.42999267578125,3857900
2017-06-21,131.58428955078125,171.35000610351562,171.75999450683594,166.36000061035156,167.1999969482422,5490800
2017-06-22,133.48106384277344,173.82000732421875,175.4499969482422,172.10000610351562,172.44000244140625,5745800
2017-06-23,132.4674072265625,172.5,174.1300048828125,170.9600067138672,173.24000549316406,14368500
2017-06-26,133.36585998535156,173.6699981689453,174.72000122070312,172.41000366210938,173.38999938964844,3037600
2017-06-27,131.2003173828125,170.85000610351562,173.9199981689453,170.77000427246094,173.02000427246094,2941500
2017-06-28,133.6730194091797,174.07000732421875,174.5399932861328,170.8300018310547,171.4199981689453,2890500
2017-06-29,132.53651428222656,172.58999633789062,174.72000122070312,171.02000427246094,174.49000549316406,2491800
2017-06-30,132.26004028320312,172.22999572753906,174.25,172.00999450683594,173.61000061035156,2695500
2017-07-03,132.69778442382812,172.8000030517578,174.3300018310547,172.6300048828125,172.6300048828125,1395100
2017-07-05,133.81898498535156,174.25999450683594,174.3800048828125,171.9199981689453,172.6699981689453,2830000
2017-07-06,131.86842346191406,171.72000122070312,173.61000061035156,171.30999755859375,173.10000610351562,2566400
2017-07-07,131.64573669433594,171.42999267578125,172.02999877929688,170.58999633789062,171.63999938964844,2612900
2017-07-10,132.23704528808594,172.1999969482422,172.5500030517578,171.0,171.58999633789062,2070600
2017-07-11,133.09710693359375,173.32000732421875,174.44000244140625,172.07000732421875,174.17999267578125,2198000
2017-07-12,133.05868530273438,173.27000427246094,174.24000549316406,172.6699981689453,173.7100067138672,1976900
2017-07-13,134.41793823242188,175.0399932861328,176.1999969482422,173.08999633789062,173.27999877929688,2999900
2017-07-14,136.0228729248047,177.1300048828125,177.67999267578125,174.41000366210938,175.42999267578125,2720600
2017-07-17,136.23020935058594,177.39999389648438,178.89999389648438,176.67999267578125,176.83999633789062,2692400
2017-07-18,136.2916717529297,177.47999572753906,177.6300048828125,176.13999938964844,176.66000366210938,1820100
2017-07-19,137.5970916748047,179.17999267578125,179.1999969482422,176.52000427246094,178.10000610351562,2440700
2017-07-20,137.70469665527344,179.32000732421875,180.72999572753903,178.8800048828125,179.0500030517578,3039300
2017-07-21,138.3881072998047,180.2100067138672,180.5500030517578,179.16000366210938,179.25999450683594,2674700
2017-07-24,139.04086303710938,181.0599975585937,181.4600067138672,178.66000366210938,180.19000244140625,2503100
2017-07-25,138.9103240966797,180.88999938964844,182.6000061035156,180.33999633789065,182.0500030517578,3343200
2017-07-26,135.07066345214844,175.88999938964844,178.86000061035156,175.1999969482422,176.00999450683594,5446100
2017-07-27,132.1986083984375,172.14999389648438,175.47999572753906,170.52999877929688,175.0,5523200
2017-07-28,134.0339813232422,174.5399932861328,175.05999755859375,171.7100067138672,171.97999572753906,2463500
2017-07-31,134.01095581054688,174.50999450683594,176.7899932861328,174.25,174.50999450683594,2424800
2017-08-01,133.71914672851562,174.1300048828125,175.11000061035156,173.66000366210938,174.80999755859375,2069600
2017-08-02,133.97254943847656,174.4600067138672,174.58999633789062,173.2100067138672,173.57000732421875,2209200
2017-08-03,133.75755310058594,174.17999267578125,174.7100067138672,173.25999450683594,173.52000427246094,1725900
2017-08-04,133.50411987304688,173.85000610351562,174.82000732421875,172.89999389648438,174.27000427246094,1915600
2017-08-07,134.064697265625,174.5800018310547,174.64999389648438,173.25999450683594,173.8699951171875,1193800
2017-08-08,133.38121032714844,173.69000244140625,174.89999389648438,172.97999572753906,173.9600067138672,2325200
2017-08-09,133.27371215820312,173.5500030517578,174.17999267578125,172.64999389648438,173.10000610351562,1972200
2017-08-10,129.86412048339844,169.11000061035156,172.6699981689453,168.58999633789062,172.07000732421875,3443800
2017-08-11,130.10987854003906,169.42999267578125,170.6300048828125,168.75999450683594,169.82000732421875,1571600
2017-08-14,131.8300018310547,171.6699981689453,172.0800018310547,169.97000122070312,170.27999877929688,1915800
2017-08-15,131.4589385986328,170.0399932861328,171.4499969482422,169.75999450683594,171.10000610351562,1956300
2017-08-16,132.5026397705078,171.38999938964844,172.63999938964844,170.13999938964844,170.25999450683594,1618800
2017-08-17,129.73489379882812,167.80999755859375,171.0,167.8000030517578,170.69000244140625,2630600
2017-08-18,129.33287048339844,167.2899932861328,168.42999267578125,166.52000427246094,167.3699951171875,1741900
2017-08-21,130.0054931640625,168.16000366210938,168.63999938964844,167.00999450683594,167.4600067138672,1533300
2017-08-22,131.48214721679688,170.07000732421875,170.94000244140625,168.8300018310547,168.86000061035156,1933500
2017-08-23,130.65492248535156,169.0,169.94000244140625,168.75999450683594,169.66000366210938,1279400
2017-08-24,131.38934326171875,169.9499969482422,170.69000244140625,168.57000732421875,169.27999877929688,1922400
2017-08-25,131.22702026367188,169.74000549316406,171.57000732421875,169.39999389648438,170.82000732421875,1510800
2017-08-28,132.80410766601562,171.77999877929688,172.63999938964844,170.25999450683594,170.86000061035156,2359500
2017-08-29,133.1520233154297,172.22999572753906,172.35000610351562,170.35000610351562,170.66000366210938,1483000
2017-08-30,134.24986267089844,173.64999389648438,175.0800018310547,171.5399932861328,172.19000244140625,2310900
2017-08-31,137.43502807617188,177.77000427246094,178.63999938964844,173.74000549316406,173.74000549316406,3977500
2017-09-01,138.1617889404297,178.7100067138672,179.72999572753906,177.3000030517578,178.13999938964844,2431900
2017-09-05,136.63876342773438,176.74000549316406,178.5,175.36000061035156,178.0,1959900
2017-09-06,137.90664672851562,178.3800048828125,179.0800018310547,176.36000061035156,177.58999633789062,2242300
2017-09-07,139.70799255371094,180.7100067138672,182.7700042724609,177.27999877929688,178.5,2985300
2017-09-08,139.65386962890625,180.63999938964844,182.6600036621093,179.52000427246094,180.92999267578125,1993900
2017-09-11,144.17654418945312,186.4900054931641,186.7100067138672,182.5399932861328,182.5399932861328,3791200
2017-09-12,147.66323852539062,191.0,191.0399932861328,186.77999877929688,187.0,3894300
2017-09-13,146.658203125,189.6999969482422,190.94000244140625,187.7100067138672,189.8999938964844,3031400
2017-09-14,146.45716857910156,189.44000244140625,191.1000061035156,187.8099975585937,188.3699951171875,2318400
2017-09-15,144.9341583251953,187.47000122070312,189.6600036621093,186.3099975585937,189.6600036621093,5349000
2017-09-18,144.16104125976562,186.47000122070312,188.5599975585937,186.1199951171875,187.7899932861328,2443800
2017-09-19,144.04510498046875,186.32000732421875,187.44000244140625,185.8099975585937,186.8099975585937,2066100
2017-09-20,145.4753875732422,188.1699981689453,188.5500030517578,185.4199981689453,186.0800018310547,2685400
2017-09-21,144.29249572753906,186.63999938964844,188.9600067138672,186.5,188.32000732421875,2082200
2017-09-22,143.6121368408203,185.759994506836,186.82000732421875,184.0,185.47999572753903,2275600
2017-09-25,144.02188110351562,186.2899932861328,188.02999877929688,185.509994506836,185.509994506836,2545400
2017-09-26,143.48849487304688,185.6000061035156,187.5500030517578,185.3999938964844,186.509994506836,2307900
2017-09-27,142.9318389892578,184.8800048828125,186.8800048828125,183.8999938964844,185.0500030517578,2436700
2017-09-28,143.38026428222656,185.4600067138672,187.82000732421875,184.1300048828125,184.2899932861328,2576900
2017-09-29,144.14559936523438,186.4499969482422,186.5399932861328,183.1699981689453,185.6999969482422,3017300
2017-10-02,144.70220947265625,187.1699981689453,187.72999572753903,185.5599975585937,187.02999877929688,2682700
2017-10-03,144.7486114501953,187.22999572753903,188.22000122070312,185.6300048828125,188.0500030517578,1514200
2017-10-04,145.800048828125,188.58999633789065,188.72000122070312,186.0200042724609,186.5500030517578,1660300
2017-10-05,144.45489501953125,186.8500061035156,190.0,184.3099975585937,189.0500030517578,4506600
2017-10-06,143.6585693359375,185.82000732421875,188.2400054931641,185.1600036621093,186.4600067138672,2032500
2017-10-09,143.38026428222656,185.4600067138672,186.83999633789065,184.3999938964844,185.9499969482422,1519600
2017-10-10,143.63534545898438,185.7899932861328,186.5800018310547,184.4600067138672,185.4600067138672,2036400
2017-10-11,142.36749267578125,184.1499938964844,185.5,182.67999267578125,185.27999877929688,3273200
2017-10-12,141.29283142089844,182.759994506836,184.38999938964844,182.0399932861328,183.38999938964844,2223800
2017-10-13,141.486083984375,183.009994506836,183.3500061035156,182.009994506836,182.63999938964844,2331500
2017-10-16,140.6279754638672,181.8999938964844,184.1999969482422,181.1999969482422,182.9600067138672,2211500
2017-10-17,143.944580078125,186.19000244140625,187.0599975585937,181.1300048828125,182.02999877929688,3753700
2017-10-18,144.0142059326172,186.27999877929688,188.83999633789065,185.8300018310547,187.8500061035156,2580200
2017-10-19,142.34425354003906,184.1199951171875,186.97999572753903,183.25,185.9900054931641,2563600
2017-10-20,141.4474639892578,182.9600067138672,184.82000732421875,181.2899932861328,184.08999633789065,3179200
2017-10-23,139.56883239746094,180.52999877929688,183.6199951171875,180.3699951171875,183.25,2571200
2017-10-24,139.4451141357422,180.3699951171875,181.5399932861328,177.22999572753906,181.259994506836,3449800
2017-10-25,137.226318359375,177.5,180.0399932861328,176.55999755859375,179.10000610351562,4052500
2017-10-26,136.46865844726562,176.52000427246094,177.44000244140625,169.67999267578125,170.8699951171875,5998500
2017-10-27,135.51002502441406,175.27999877929688,176.42999267578125,173.2899932861328,175.35000610351562,3478600
2017-10-30,134.97654724121094,174.58999633789062,176.8000030517578,173.5800018310547,175.5,2550800
2017-10-31,135.46360778808594,175.22000122070312,176.19000244140625,174.14999389648438,174.14999389648438,2906600
2017-11-01,135.6182403564453,175.4199981689453,177.30999755859375,174.72000122070312,175.3000030517578,2734900
2017-11-02,133.2911834716797,172.41000366210938,175.3800048828125,171.25999450683594,174.77000427246094,4029300
2017-11-03,134.08746337890625,173.44000244140625,174.02999877929688,171.60000610351562,172.10000610351562,2433100
2017-11-06,132.04649353027344,170.8000030517578,173.3300018310547,170.69000244140625,172.86000061035156,2692000
2017-11-07,134.1184539794922,173.47999572753906,174.75,170.61000061035156,170.61000061035156,3097100
2017-11-08,134.19570922851562,173.5800018310547,174.64999389648438,173.17999267578125,174.0,2003400
2017-11-09,134.5204620361328,174.0,174.22999572753906,171.30999755859375,172.75,2005100
2017-11-10,133.24484252929688,172.35000610351562,173.47999572753906,171.19000244140625,173.14999389648438,1927400
2017-11-13,132.58767700195312,171.5,172.94000244140625,171.10000610351562,171.5800018310547,2119800
2017-11-14,131.52847290039062,170.1300048828125,171.49000549316406,168.30999755859375,170.88999938964844,2604700
2017-11-15,130.94869995117188,169.3800048828125,170.52000427246094,168.3300018310547,170.19000244140625,3150600
2017-11-16,132.92579650878906,170.77000427246094,171.14999389648438,168.75,168.91000366210938,3131000
2017-11-17,132.32643127441406,170.0,171.08999633789062,169.5399932861328,170.6699981689453,2039700
2017-11-20,131.38461303710938,168.7899932861328,170.22000122070312,168.14999389648438,169.89999389648438,2012300
2017-11-21,132.2018585205078,169.83999633789062,170.49000549316406,168.88999938964844,169.35000610351562,2629600
2017-11-22,132.29530334472656,169.9600067138672,170.72999572753906,169.3300018310547,169.86000061035156,1533000
2017-11-24,132.4198455810547,170.1199951171875,170.75999450683594,169.49000549316406,169.5,999800
2017-11-27,132.10072326660156,169.7100067138672,171.25999450683594,169.55999755859375,170.55999755859375,2150100
2017-11-28,132.52886962890625,170.25999450683594,170.66000366210938,169.42999267578125,170.57000732421875,2658700
2017-11-29,134.06224060058594,172.22999572753906,174.0,170.58999633789062,171.0,3244500
2017-11-30,136.73214721679688,175.66000366210938,176.05999755859375,172.6300048828125,172.6300048828125,3819400
2017-12-01,137.9308319091797,177.1999969482422,177.86000061035156,174.0500030517578,174.16000366210938,3389900
2017-12-04,139.09066772460938,178.69000244140625,180.7400054931641,178.16000366210938,178.4600067138672,4417100
2017-12-05,139.07505798339844,178.6699981689453,180.72999572753903,177.94000244140625,179.00999450683594,3589400
2017-12-06,137.1680145263672,176.22000122070312,179.47999572753906,174.67999267578125,179.4499969482422,2519700
2017-12-07,135.40882873535156,173.9600067138672,176.94000244140625,173.42999267578125,175.67999267578125,3102100
2017-12-08,136.53753662109375,175.41000366210938,175.97000122070312,173.42999267578125,174.42999267578125,3336300
2017-12-11,137.64280700683594,176.8300018310547,177.69000244140625,175.00999450683594,176.08999633789062,1874000
2017-12-12,137.19918823242188,176.25999450683594,176.99000549316406,174.1300048828125,176.8300018310547,2193700
2017-12-13,138.07095336914062,177.3800048828125,178.22000122070312,175.97000122070312,176.8699951171875,3166900
2017-12-14,136.1561279296875,174.9199981689453,177.97000122070312,174.5500030517578,177.44000244140625,2723600
2017-12-15,137.80630493164062,177.0399932861328,177.41000366210938,174.13999938964844,176.38999938964844,5796800
2017-12-18,137.105712890625,176.13999938964844,178.6300048828125,176.02999877929688,177.86000061035156,2799200
2017-12-19,137.6739501953125,176.8699951171875,177.27999877929688,175.41000366210938,176.1199951171875,2705000
2017-12-20,137.86083984375,177.11000061035156,179.1699981689453,177.0399932861328,177.60000610351562,3246100
2017-12-21,137.5260772705078,176.67999267578125,178.22999572753906,176.4600067138672,177.57000732421875,2106400
2017-12-22,137.32369995117188,176.4199981689453,177.49000549316406,175.77000427246094,176.6199951171875,1477900
2017-12-26,137.0668487548828,176.08999633789062,176.9199981689453,175.5,176.17999267578125,1339200
2017-12-27,137.1602325439453,176.2100067138672,177.27999877929688,176.08999633789062,176.44000244140625,1403900
2017-12-28,136.4130096435547,175.25,177.0,175.05999755859375,176.77000427246094,1637700
2017-12-29,135.36215209960938,173.89999389648438,176.05999755859375,173.75999450683594,175.25,1948600
2018-01-02,137.77520751953125,177.0,177.82000732421875,174.4199981689453,175.35000610351562,2301100
2018-01-03,140.375,180.33999633789065,181.44000244140625,175.75999450683594,176.91000366210938,3084000
2018-01-04,139.78341674804688,179.5800018310547,180.8600006103516,178.75,180.6300048828125,2021100
2018-01-05,140.61630249023438,180.6499938964844,180.8800048828125,179.02999877929688,180.83999633789065,2211400
2018-01-08,140.57740783691406,180.6000061035156,181.25,178.42999267578125,180.47999572753903,2356200
2018-01-09,142.7413330078125,183.3800048828125,184.52999877929688,180.1199951171875,180.52999877929688,3031700
2018-01-10,142.3365478515625,182.8600006103516,183.6999969482422,180.3699951171875,182.6600036621093,2542700
2018-01-11,141.63600158691406,181.9600067138672,182.8600006103516,181.1000061035156,182.8600006103516,2101300
2018-01-12,144.03341674804688,185.0399932861328,185.6100006103516,181.75,182.33999633789065,3111400
2018-01-16,144.42262268066406,185.5399932861328,187.4499969482422,184.1699981689453,185.6199951171875,3374600
2018-01-17,146.34524536132812,188.009994506836,189.3000030517578,185.8999938964844,187.6999969482422,4018200
2018-01-18,146.01834106445312,187.58999633789065,188.5599975585937,185.5,187.4499969482422,3084900
2018-01-19,147.3338165283203,189.27999877929688,189.72000122070312,187.6000061035156,188.3600006103516,3652300
2018-01-22,149.7078857421875,192.3300018310547,192.57000732421875,189.42999267578125,189.72999572753903,3579800
2018-01-23,149.4432373046875,191.9900054931641,196.02999877929688,191.6000061035156,193.0,3486700
2018-01-24,148.3846435546875,190.6300048828125,192.94000244140625,189.509994506836,192.75,2765700
2018-01-25,147.95657348632812,190.0800018310547,191.8000030517578,188.8999938964844,191.3999938964844,2470300
2018-01-26,152.57237243652344,196.009994506836,196.8000030517578,190.9900054931641,191.0500030517578,3920300
2018-01-29,154.12139892578125,198.0,201.22999572753903,195.6499938964844,196.2100067138672,4565700
2018-01-30,148.88278198242188,191.2700042724609,196.47000122070312,190.5500030517578,196.17999267578125,3990800
2018-01-31,144.81961059570312,186.0500030517578,192.2700042724609,184.6499938964844,191.63999938964844,4677700
2018-02-01,144.43820190429688,185.5599975585937,186.8300018310547,182.3300018310547,185.0,4078100
2018-02-02,145.56687927246094,187.009994506836,192.6000061035156,183.009994506836,183.4600067138672,7029400
2018-02-05,136.02377319335938,174.75,188.6000061035156,174.6199951171875,186.82000732421875,6922800
2018-02-06,137.50274658203125,176.64999389648438,180.27999877929688,172.0399932861328,177.99000549316406,7527700
2018-02-07,138.14100646972656,177.47000122070312,180.9900054931641,176.0,176.25,5715700
2018-02-08,134.7550048828125,173.1199951171875,180.4199981689453,173.0,177.92999267578125,6026800
2018-02-09,135.0196533203125,173.4600067138672,175.4600067138672,168.25,174.1300048828125,6093900
2018-02-12,136.1171875,174.8699951171875,176.6699981689453,173.0,174.3000030517578,4324800
2018-02-13,136.95010375976562,175.94000244140625,176.6999969482422,172.4600067138672,173.8699951171875,3834700
2018-02-14,140.7930145263672,179.52000427246094,180.3099975585937,174.05999755859375,174.0800018310547,5958700
2018-02-15,143.99288940429688,183.6000061035156,185.0,179.89999389648438,180.0,4493400
2018-02-16,143.95362854003906,183.5500030517578,186.1199951171875,182.67999267578125,183.8000030517578,4365800
2018-02-20,143.50660705566406,182.97999572753903,184.3099975585937,182.13999938964844,182.88999938964844,4078400
2018-02-21,143.0752716064453,182.42999267578125,185.5,182.3999938964844,183.19000244140625,4054600
2018-02-22,143.0908966064453,182.4499969482422,185.1600036621093,182.009994506836,182.509994506836,3868200
2018-02-23,146.4005889892578,186.6699981689453,186.7899932861328,182.7700042724609,183.6300048828125,4163400
2018-02-26,147.83584594726562,188.5,190.3699951171875,187.02999877929688,187.4600067138672,4943600
2018-02-27,145.71041870117188,185.7899932861328,190.1000061035156,185.5500030517578,188.8300018310547,5016100
2018-02-28,144.1261749267578,183.7700042724609,187.38999938964844,183.69000244140625,185.8800048828125,4544000
2018-03-01,143.7497100830078,183.2899932861328,185.57000732421875,180.3800048828125,184.2100067138672,11757800
2018-03-02,145.15353393554688,185.0800018310547,185.8000030517578,181.0500030517578,181.0599975585937,19115500
2018-03-05,149.11416625976562,190.1300048828125,190.69000244140625,185.0,185.0500030517578,15187800
2018-03-06,149.28668212890625,190.3500061035156,191.63999938964844,186.92999267578125,188.1999969482422,18446500
2018-03-07,147.07505798339844,187.52999877929688,190.22000122070312,186.4100036621093,189.72999572753903,7009900
2018-03-08,146.7848663330078,187.1600036621093,188.3999938964844,185.509994506836,187.8999938964844,9192600
2018-03-09,149.8749542236328,191.1000061035156,191.3800048828125,186.32000732421875,188.0,5674100
2018-03-12,148.4633026123047,189.3000030517578,190.38999938964844,188.32000732421875,189.5,6972400
2018-03-13,148.81614685058594,189.75,190.8300018310547,188.6300048828125,189.6000061035156,4712900
2018-03-14,149.45925903320312,190.57000732421875,192.6199951171875,189.8000030517578,191.17999267578125,3613300
2018-03-15,148.81614685058594,189.75,190.8800048828125,187.9100036621093,190.0500030517578,3320500
2018-03-16,147.6319122314453,188.2400054931641,190.25,187.22999572753903,189.75,16878400
2018-03-19,143.16937255859375,182.5500030517578,187.92999267578125,180.6699981689453,187.2899932861328,3970400
2018-03-20,142.76153564453125,182.02999877929688,184.0200042724609,181.1699981689453,183.0599975585937,2582200
2018-03-21,142.4164276123047,181.58999633789065,184.0399932861328,181.3999938964844,181.42999267578125,2531100
2018-03-22,138.09512329101562,176.0800018310547,180.75,176.0,179.9199981689453,3553000
2018-03-23,132.87965393066406,169.42999267578125,179.17999267578125,169.35000610351562,176.57000732421875,4529600
2018-03-26,137.3970947265625,175.19000244140625,175.8699951171875,170.11000061035156,172.77999877929688,4217100
2018-03-27,134.22865295410156,171.14999389648438,176.36000061035156,169.82000732421875,176.16000366210938,3963100
2018-03-28,133.6875,170.4600067138672,172.5,168.02000427246094,171.35000610351562,4545900
2018-03-29,133.70315551757812,170.47999572753906,172.24000549316406,169.63999938964844,170.99000549316406,3769800
2018-04-02,130.22882080078125,166.0500030517578,170.5800018310547,163.30999755859375,169.9199981689453,4759800
2018-04-03,131.93072509765625,168.22000122070312,169.22000122070312,165.0800018310547,166.97000122070312,3374000
2018-04-04,136.0873565673828,173.52000427246094,174.27000427246094,165.8800048828125,166.1699981689453,3796700
2018-04-05,134.89523315429688,172.0,174.42999267578125,170.99000549316406,174.0,2766600
2018-04-06,131.8679656982422,168.13999938964844,171.72000122070312,166.1999969482422,170.86000061035156,3747800
2018-04-09,133.02867126464844,169.6199951171875,172.9499969482422,167.99000549316406,169.1999969482422,3856800
2018-04-10,135.7815399169922,173.1300048828125,173.8800048828125,170.11000061035156,170.88999938964844,2872300
2018-04-11,135.21685791015625,172.41000366210938,174.07000732421875,171.60000610351562,171.8000030517578,2575900
2018-04-12,134.1266632080078,171.02000427246094,174.11000061035156,170.9600067138672,172.67999267578125,3471400
2018-04-13,134.48745727539062,171.47999572753906,172.42999267578125,170.7899932861328,172.11000061035156,2656400
2018-04-16,134.40902709960938,171.3800048828125,173.1300048828125,171.07000732421875,172.75,2656400
2018-04-17,137.15396118164062,174.8800048828125,175.6300048828125,171.5800018310547,173.0,3283900
2018-04-18,137.33438110351562,175.11000061035156,176.16000366210938,174.44000244140625,174.61000061035156,2205600
2018-04-19,135.62461853027344,172.92999267578125,175.39999389648438,171.7899932861328,174.47000122070312,2269400
2018-04-20,134.55018615722656,171.55999755859375,173.47000122070312,170.57000732421875,173.10000610351562,2958600
2018-04-23,136.98141479492188,174.66000366210938,176.97000122070312,171.25,171.6199951171875,3568700
2018-04-24,134.84823608398438,171.94000244140625,175.75999450683594,170.52999877929688,175.5500030517578,4389400
2018-04-25,137.11477661132812,174.8300018310547,175.44000244140625,170.33999633789062,173.66000366210938,4693800
2018-04-26,137.5382843017578,175.3699951171875,176.67999267578125,171.7899932861328,175.4199981689453,3682400
2018-04-27,139.17742919921875,177.4600067138672,177.9199981689453,174.86000061035156,174.9199981689453,2424800
2018-04-30,136.84027099609375,174.47999572753906,178.74000549316406,174.35000610351562,177.91000366210938,3608700
2018-05-01,132.76205444335938,169.27999877929688,173.99000549316406,167.97999572753906,172.14999389648438,4799400
2018-05-02,132.87965393066406,169.42999267578125,171.07000732421875,168.3000030517578,169.3000030517578,4085700
2018-05-03,130.49549865722656,166.38999938964844,170.33999633789062,166.0500030517578,169.27999877929688,4152900
2018-05-04,131.74246215820312,167.97999572753906,169.5,165.22000122070312,165.9600067138672,3430000
2018-05-07,131.8052520751953,168.05999755859375,169.92999267578125,167.5,168.5800018310547,3175800
2018-05-08,132.1425018310547,168.49000549316406,170.5,167.5,168.80999755859375,3937700
2018-05-09,133.04441833496094,169.63999938964844,170.52999877929688,167.08999633789062,168.6999969482422,2861400
2018-05-10,133.93063354492188,170.77000427246094,171.49000549316406,169.36000061035156,170.25999450683594,2947100
2018-05-11,136.37754821777344,173.88999938964844,174.35000610351562,170.02999877929688,170.3800048828125,3740500
2018-05-14,138.00096130371094,175.9600067138672,177.8000030517578,173.0399932861328,174.10000610351562,3370600
2018-05-15,135.1619415283203,172.33999633789062,175.30999755859375,171.10000610351562,174.80999755859375,4491700
2018-05-16,137.3590087890625,173.8000030517578,174.5800018310547,170.6199951171875,171.35000610351562,2494200
2018-05-17,138.03079223632812,174.64999389648438,175.42999267578125,172.52999877929688,173.30999755859375,2268400
2018-05-18,139.33482360839844,176.3000030517578,177.33999633789062,174.69000244140625,176.50999450683594,3377200
2018-05-21,139.46925354003906,176.47000122070312,177.94000244140625,175.89999389648438,177.1199951171875,2557200
2018-05-22,140.96292114257812,178.36000061035156,179.57000732421875,176.50999450683594,176.7100067138672,2742700
2018-05-23,142.21160888671875,179.94000244140625,179.99000549316406,176.66000366210938,177.1199951171875,2242000
2018-05-24,140.64682006835938,177.9600067138672,180.259994506836,176.99000549316406,180.0,2386100
2018-05-25,140.8680877685547,178.24000549316406,179.0800018310547,177.60000610351562,177.9600067138672,1812000
2018-05-29,140.23580932617188,177.44000244140625,178.3800048828125,175.77000427246094,176.99000549316406,2382000
2018-05-30,142.44874572753906,180.2400054931641,181.77999877929688,178.00999450683594,178.2899932861328,3419200
2018-05-31,141.958740234375,179.6199951171875,180.9499969482422,178.3800048828125,180.3099975585937,5247200
2018-06-01,145.0805206298828,183.57000732421875,184.7700042724609,180.3600006103516,180.75,2892800
2018-06-04,146.55848693847656,185.44000244140625,185.97000122070312,182.8300018310547,183.17999267578125,2298800
2018-06-05,143.6263427734375,181.72999572753903,184.7100067138672,179.7899932861328,182.8000030517578,3980800
2018-06-06,145.06472778320312,183.5500030517578,184.1499938964844,180.8699951171875,182.009994506836,2213100
2018-06-07,144.8671417236328,183.3000030517578,184.0500030517578,182.509994506836,183.47000122070312,2729600
2018-06-08,145.65744018554688,184.3000030517578,185.6499938964844,183.6000061035156,183.88999938964844,2865000
2018-06-11,145.90249633789062,184.6100006103516,184.82000732421875,182.92999267578125,184.13999938964844,2409400
2018-06-12,146.2660369873047,185.07000732421875,185.1199951171875,183.4100036621093,184.2700042724609,2045300
2018-06-13,145.16744995117188,183.67999267578125,186.57000732421875,183.4499969482422,185.3600006103516,2243900
2018-06-14,146.8350830078125,185.7899932861328,186.07000732421875,182.6999969482422,184.08999633789065,2289600
2018-06-15,146.21861267089844,185.009994506836,186.7400054931641,184.0200042724609,186.47000122070312,6474500
2018-06-18,145.38088989257812,183.9499969482422,184.5,182.3800048828125,184.1300048828125,2370700
2018-06-19,147.1511993408203,186.19000244140625,186.33999633789065,182.8300018310547,182.8300018310547,2538500
2018-06-20,147.4041290283203,186.509994506836,187.509994506836,184.7400054931641,186.25,2415200
2018-06-21,146.9931182861328,185.9900054931641,186.509994506836,184.4199981689453,186.509994506836,2206400
2018-06-22,146.3292694091797,185.1499938964844,188.08999633789065,184.8300018310547,186.3099975585937,11153100
2018-06-25,146.49525451660156,185.3600006103516,186.69000244140625,184.07000732421875,185.009994506836,2678200
2018-06-26,145.88661193847656,184.58999633789065,185.9499969482422,183.97999572753903,185.33999633789065,2070600
2018-06-27,145.0489044189453,183.52999877929688,187.3600006103516,183.47000122070312,184.9199981689453,2354800
2018-06-28,144.8987274169922,183.33999633789065,184.5800018310547,181.6999969482422,183.1600036621093,2286300
2018-06-29,145.88661193847656,184.58999633789065,186.0500030517578,183.58999633789065,183.58999633789065,2606200
2018-07-02,146.43992614746094,185.2899932861328,185.4600067138672,182.6999969482422,184.08999633789065,2069800
2018-07-03,146.77186584472656,185.7100067138672,187.3999938964844,185.57000732421875,186.4499969482422,1348000
2018-07-05,148.07589721679688,187.3600006103516,188.1699981689453,185.6100006103516,186.13999938964844,1801000
2018-07-06,150.96055603027344,191.009994506836,191.4900054931641,188.009994506836,188.57000732421875,2751600
2018-07-09,153.45802307128906,194.1699981689453,194.38999938964844,191.1699981689453,191.5,3065500
2018-07-10,154.65931701660156,195.69000244140625,196.1499938964844,192.5399932861328,194.1699981689453,2757000
2018-07-11,152.65188598632812,193.1499938964844,195.19000244140625,192.5200042724609,194.6000061035156,2431400
2018-07-12,153.3869171142578,194.0800018310547,194.259994506836,192.5599975585937,194.19000244140625,2251900
2018-07-13,154.83323669433594,195.9100036621093,196.75,193.3800048828125,194.9900054931641,2232000
2018-07-16,154.0191650390625,194.8800048828125,196.57000732421875,194.1100006103516,195.7100067138672,1824800
2018-07-17,153.2604522705078,193.9199981689453,194.8999938964844,192.1100006103516,192.3699951171875,2567300
2018-07-18,152.37527465820312,192.8000030517578,194.0,192.0500030517578,193.25,2215800
2018-07-19,151.55332946777344,191.759994506836,192.8500061035156,190.2899932861328,191.8600006103516,2539200
2018-07-20,150.54959106445312,190.4900054931641,191.47999572753903,189.4900054931641,191.47999572753903,2252200
2018-07-23,150.138671875,189.97000122070312,190.97000122070312,189.1600036621093,190.1100006103516,1767000
2018-07-24,151.268798828125,191.3999938964844,193.1999969482422,190.5,191.25,2440400
2018-07-25,152.56497192382812,193.0399932861328,193.4600067138672,190.7700042724609,191.6199951171875,2009300
2018-07-26,153.3632049560547,194.0500030517578,195.58999633789065,192.67999267578125,195.02999877929688,2835800
2018-07-27,152.09075927734375,192.44000244140625,196.22000122070312,189.57000732421875,196.0,4100200
2018-07-30,150.66030883789062,190.6300048828125,192.2100067138672,189.94000244140625,191.5,2984700
2018-07-31,155.33900451660156,196.5500030517578,197.4900054931641,190.8699951171875,191.0,4429300
2018-08-01,154.77789306640625,195.83999633789065,196.97999572753903,194.6999969482422,196.3300018310547,2632800
2018-08-02,155.20465087890625,196.3800048828125,197.4199981689453,192.72999572753903,194.63999938964844,2500400
2018-08-03,156.47706604003906,197.9900054931641,198.4100036621093,196.1000061035156,196.2700042724609,2176200
2018-08-06,156.17674255371094,197.6100006103516,199.8300018310547,196.5200042724609,197.44000244140625,1913800
2018-08-07,158.38177490234375,200.3999938964844,200.8999938964844,197.63999938964844,197.69000244140625,2349800
2018-08-08,155.0623779296875,196.1999969482422,198.5,195.07000732421875,198.5,3145900
2018-08-09,153.29995727539062,193.97000122070312,196.32000732421875,193.8300018310547,195.42999267578125,2766500
2018-08-10,153.65560913085938,194.4199981689453,195.17999267578125,192.259994506836,193.3000030517578,1769100
2018-08-13,154.59608459472656,195.6100006103516,196.32000732421875,193.72000122070312,194.69000244140625,1802900
2018-08-14,154.7146453857422,195.759994506836,196.9600067138672,194.88999938964844,195.94000244140625,1240200
2018-08-15,154.3195037841797,195.259994506836,195.47999572753903,192.88999938964844,194.8300018310547,1900200
2018-08-16,156.30874633789062,196.44000244140625,197.1300048828125,192.72999572753903,194.4600067138672,2361700
2018-08-17,157.0885467529297,197.4199981689453,198.509994506836,195.27999877929688,196.2400054931641,2183800
2018-08-20,157.19993591308594,197.5599975585937,198.5,196.8699951171875,197.88999938964844,1747900
2018-08-21,157.0010528564453,197.3099975585937,198.3999938964844,196.72999572753903,197.92999267578125,1666900
2018-08-22,157.42274475097656,197.83999633789065,198.75,195.8300018310547,197.1499938964844,1709300
2018-08-23,156.43606567382812,196.6000061035156,197.75,195.6199951171875,197.3699951171875,1351200
2018-08-24,156.46788024902344,196.63999938964844,197.5,195.6000061035156,196.8800048828125,1358500
2018-08-27,158.02749633789062,198.6000061035156,198.6600036621093,196.7899932861328,197.5200042724609,2034400
2018-08-28,158.0433807373047,198.6199951171875,199.8300018310547,198.0,199.0200042724609,1644200
2018-08-29,158.94253540039062,199.75,200.0,196.9199981689453,197.7899932861328,1775100
2018-08-30,159.41998291015625,200.3500061035156,200.69000244140625,198.6999969482422,199.5800018310547,1992500
2018-08-31,158.99029541015625,199.8099975585937,200.47000122070312,198.38999938964844,199.8300018310547,2981400
2018-09-04,156.53955078125,196.72999572753903,199.75,195.3300018310547,199.25,2293500
2018-09-05,157.35113525390625,197.75,198.6699981689453,196.8500061035156,197.1300048828125,1809000
2018-09-06,156.07797241210938,196.1499938964844,198.58999633789065,195.1199951171875,197.5500030517578,1797300
2018-09-07,156.1973419189453,196.3000030517578,197.5500030517578,194.75,195.42999267578125,2604100
2018-09-10,161.13070678710938,202.5,203.69000244140625,196.38999938964844,197.3600006103516,4310800
2018-09-11,158.7198028564453,199.47000122070312,203.0,199.2700042724609,201.0,3386000
2018-09-12,158.7436065673828,199.5,201.5,198.13999938964844,199.67999267578125,2133500
2018-09-13,161.472900390625,202.92999267578125,203.08999633789065,199.4100036621093,200.2400054931641,2780200
2018-09-14,159.6029815673828,200.5800018310547,204.4199981689453,200.0,203.63999938964844,2504200
2018-09-17,159.78599548339844,200.8099975585937,201.4499969482422,199.509994506836,200.2899932861328,1950100
2018-09-18,161.00344848632812,202.33999633789065,203.8699951171875,199.1999969482422,200.4199981689453,1982300
2018-09-19,161.68772888183594,203.1999969482422,204.3999938964844,201.57000732421875,202.69000244140625,2204600
2018-09-20,163.19956970214844,205.1000061035156,205.25,203.0200042724609,203.6000061035156,2225000
2018-09-21,163.19956970214844,205.1000061035156,206.6199951171875,204.1699981689453,205.6600036621093,7314000
2018-09-24,164.8784942626953,207.2100067138672,207.6699981689453,204.1100006103516,204.52999877929688,2642000
2018-09-25,164.28179931640625,206.4600067138672,208.8999938964844,206.259994506836,208.27999877929688,2556200
2018-09-26,164.57614135742188,206.8300018310547,208.8800048828125,206.2899932861328,206.2899932861328,2162600
2018-09-27,166.21530151367188,208.88999938964844,210.19000244140625,206.83999633789065,207.4100036621093,2571200
2018-09-28,164.94215393066406,207.2899932861328,208.8000030517578,206.7700042724609,208.5399932861328,3238200
2018-10-01,164.63978576660156,206.9100036621093,209.33999633789065,206.6199951171875,207.72999572753903,2518100
2018-10-02,165.2445526123047,207.6699981689453,208.1000061035156,206.08999633789065,206.4199981689453,2172100
2018-10-03,164.63186645507812,206.8999938964844,208.25,206.63999938964844,208.25,2258800
2018-10-04,161.902587890625,203.47000122070312,207.1499938964844,200.8099975585937,206.08999633789065,3219800
2018-10-05,162.34019470214844,204.0200042724609,206.08999633789065,201.8300018310547,204.4499969482422,2481000
2018-10-08,163.5735626220703,205.57000732421875,206.1300048828125,203.22999572753903,203.3699951171875,2878100
2018-10-09,163.91574096679688,206.0,208.0800018310547,204.4900054931641,205.75,2509100
2018-10-10,160.09632873535156,201.1999969482422,206.3500061035156,200.7700042724609,205.0,4148000
2018-10-11,154.24790954589844,193.8500061035156,202.9600067138672,192.3800048828125,201.5500030517578,4175000
2018-10-12,157.06468200683594,197.38999938964844,198.08999633789065,194.1499938964844,195.6199951171875,3231400
2018-10-15,155.63241577148438,195.58999633789065,198.4100036621093,195.0,196.1999969482422,2091100
2018-10-16,161.00344848632812,202.33999633789065,202.67999267578125,196.22000122070312,197.22000122070312,2261500
2018-10-17,161.34559631347656,202.7700042724609,203.3099975585937,198.94000244140625,201.4100036621093,2459700
2018-10-18,161.30580139160156,202.72000122070312,204.509994506836,200.27999877929688,203.1699981689453,2433600
2018-10-19,160.57376098632812,201.8000030517578,205.1199951171875,201.4499969482422,202.7400054931641,2692500
2018-10-22,157.56600952148438,198.0200042724609,201.8000030517578,197.47000122070312,201.1600036621093,2717500
2018-10-23,157.26358032226562,197.63999938964844,199.08999633789065,193.72000122070312,196.3000030517578,2553500
2018-10-24,149.49749755859375,187.8800048828125,197.9600067138672,187.3699951171875,196.94000244140625,4288300
2018-10-25,149.67254638671875,188.1000061035156,190.5,181.3099975585937,188.6600036621093,4983700
2018-10-26,147.9856414794922,185.97999572753903,187.3300018310547,183.27999877929688,185.3999938964844,4580400
2018-10-29,149.7442169189453,188.19000244140625,190.9100036621093,184.8000030517578,189.32000732421875,3829500
2018-10-30,150.4523468017578,189.0800018310547,191.0,187.02999877929688,189.42999267578125,4040600
2018-10-31,153.40443420410156,192.7899932861328,195.3300018310547,189.0399932861328,189.0800018310547,4541000
2018-11-01,153.49195861816406,192.8999938964844,194.3800048828125,190.9600067138672,192.8099975585937,2827300
2018-11-02,148.84503173828125,187.0599975585937,195.3500061035156,185.8300018310547,194.2899932861328,3696300
2018-11-05,151.12074279785156,189.9199981689453,190.72000122070312,187.5500030517578,187.67999267578125,2713500
2018-11-06,151.7811737060547,190.75,192.6999969482422,189.5200042724609,190.2100067138672,2139000
2018-11-07,157.24765014648438,197.6199951171875,197.72999572753903,192.009994506836,192.8099975585937,3077800
2018-11-08,155.97454833984375,196.0200042724609,198.27999877929688,195.27999877929688,197.5399932861328,2636600
2018-11-09,153.6988525390625,193.1600036621093,196.9100036621093,192.17999267578125,195.3699951171875,2344900
2018-11-12,152.4256591796875,191.5599975585937,194.72000122070312,190.47999572753903,193.6499938964844,2109100
2018-11-13,152.41775512695312,191.5500030517578,194.82000732421875,191.02999877929688,192.9100036621093,2232200
2018-11-14,151.4709014892578,190.3600006103516,193.3999938964844,189.6600036621093,192.02999877929688,2850300
2018-11-15,154.20315551757812,192.4499969482422,192.6300048828125,187.1199951171875,188.33999633789065,2607100
2018-11-16,155.58934020996094,194.17999267578125,195.2400054931641,191.69000244140625,192.3600006103516,3862300
2018-11-19,156.1742706298828,194.9100036621093,196.7700042724609,192.8699951171875,194.9199981689453,2629900
2018-11-20,157.40020751953125,196.44000244140625,198.67999267578125,192.759994506836,196.32000732421875,3288800
2018-11-21,154.45957946777344,192.7700042724609,197.5500030517578,192.6100006103516,195.1699981689453,2173600
2018-11-23,154.29933166503906,192.57000732421875,194.47999572753903,190.7700042724609,191.25,1349200
2018-11-26,155.68548583984375,194.3000030517578,196.3099975585937,192.4900054931641,194.94000244140625,2194600
2018-11-27,157.92906188964844,197.1000061035156,197.22999572753903,191.8699951171875,193.1600036621093,2329200
2018-11-28,161.39047241210938,201.4199981689453,202.0200042724609,196.0599975585937,196.9600067138672,2617800
2018-11-29,162.15167236328125,202.3699951171875,204.0,199.52999877929688,199.77999877929688,1937800
2018-11-30,166.86312866210938,208.25,208.9900054931641,201.7899932861328,202.1499938964844,4537200
2018-12-03,162.6003875732422,202.92999267578125,208.3000030517578,200.3800048828125,208.1000061035156,4035300
2018-12-04,158.45787048339844,197.759994506836,205.7400054931641,197.2899932861328,204.6000061035156,3881100
2018-12-06,159.45944213867188,199.009994506836,199.009994506836,193.1999969482422,195.72000122070312,3437300
2018-12-07,153.39390563964844,191.44000244140625,198.3999938964844,191.0500030517578,197.88999938964844,3152400
2018-12-10,155.5172119140625,194.08999633789065,194.7899932861328,188.19000244140625,193.02999877929688,2718300
2018-12-11,157.19187927246094,196.17999267578125,198.4100036621093,194.33999633789065,195.9100036621093,3047500
2018-12-12,157.3761749267578,196.4100036621093,199.44000244140625,196.3000030517578,198.08999633789065,2665600
2018-12-13,158.2736053466797,197.52999877929688,197.6600036621093,195.22000122070312,196.7700042724609,2129800
2018-12-14,153.89869689941406,192.07000732421875,196.1499938964844,191.6600036621093,195.0399932861328,2981300
2018-12-17,152.30416870117188,190.0800018310547,194.4499969482422,188.63999938964844,192.2400054931641,2919400
2018-12-18,149.91636657714844,187.1000061035156,191.94000244140625,184.4100036621093,191.44000244140625,3164300
2018-12-19,148.6263427734375,185.4900054931641,191.759994506836,182.52999877929688,187.0200042724609,3995400
2018-12-20,148.2017059326172,184.9600067138672,186.5399932861328,182.72000122070312,185.0599975585937,3806200
2018-12-21,144.3956756591797,180.2100067138672,187.6100006103516,179.2100067138672,183.8500061035156,7829800
2018-12-24,142.94537353515625,178.39999389648438,182.92999267578125,178.2899932861328,179.5,2205100
2018-12-26,150.52536010742188,187.8600006103516,188.02999877929688,178.8800048828125,179.0399932861328,2868200
2018-12-27,152.50450134277344,190.3300018310547,190.4100036621093,183.6199951171875,185.3600006103516,3137900
2018-12-28,152.8250274658203,190.72999572753903,194.58999633789065,190.0599975585937,191.6300048828125,2477500
2018-12-31,155.98196411132812,194.6699981689453,195.8000030517578,191.6100006103516,191.92999267578125,2764800
2019-01-02,153.762451171875,191.8999938964844,193.1999969482422,188.9499969482422,192.5200042724609,3009100
2019-01-03,151.4227752685547,188.97999572753903,194.17999267578125,188.6699981689453,192.1499938964844,3973900
2019-01-04,156.59893798828125,195.44000244140625,196.5200042724609,190.83999633789065,191.4600067138672,4193400
2019-01-07,158.70628356933594,198.07000732421875,199.3600006103516,194.0,194.759994506836,3032500
2019-01-08,160.74148559570312,200.6100006103516,201.1199951171875,196.67999267578125,199.1999969482422,3290300
2019-01-09,160.54913330078125,200.3699951171875,202.8999938964844,199.6300048828125,202.3600006103516,2869700
2019-01-10,162.40011596679688,202.67999267578125,203.5200042724609,199.47000122070312,200.3699951171875,3131300
2019-01-11,160.70138549804688,200.5599975585937,200.9900054931641,198.0,200.63999938964844,3379700
2019-01-14,157.672607421875,196.77999877929688,200.0,196.6600036621093,199.4900054931641,3378600
2019-01-15,159.7559356689453,199.3800048828125,199.9900054931641,196.0399932861328,196.3000030517578,2859800
2019-01-16,159.36331176757812,198.88999938964844,200.44000244140625,197.6000061035156,199.3000030517578,3302400
2019-01-17,161.7910919189453,201.9199981689453,202.52999877929688,197.97999572753903,198.3800048828125,2440200
2019-01-18,163.36158752441406,203.8800048828125,204.3300018310547,201.0399932861328,203.3300018310547,3095000
2019-01-22,161.83921813964844,201.97999572753903,203.47999572753903,200.77999877929688,202.6199951171875,3173100
2019-01-23,161.50267028808594,201.5599975585937,203.9499969482422,200.1300048828125,201.9900054931641,1917500
2019-01-24,161.02989196777344,200.97000122070312,202.3999938964844,199.7400054931641,201.6100006103516,2390800
2019-01-25,159.2671356201172,198.7700042724609,202.22999572753903,196.8800048828125,201.9499969482422,4383600
2019-01-28,153.80252075195312,191.9499969482422,194.97000122070312,190.009994506836,194.97000122070312,4186200
2019-01-29,153.93075561523438,192.1100006103516,193.6699981689453,190.8000030517578,192.17999267578125,3182100
2019-01-30,148.12159729003906,184.8600006103516,189.759994506836,179.64999389648438,188.88999938964844,8089100
2019-01-31,149.92440795898438,187.1100006103516,187.6000061035156,183.9100036621093,184.77999877929688,4397900
2019-02-01,149.8924102783203,187.07000732421875,187.8300018310547,185.5599975585937,186.509994506836,2488900
2019-02-04,149.1792449951172,186.17999267578125,187.13999938964844,184.2899932861328,186.9600067138672,2930900
2019-02-05,150.8859405517578,188.3099975585937,189.0599975585937,185.72000122070312,186.1999969482422,4933300
2019-02-06,152.84901428222656,190.759994506836,191.8699951171875,188.1100006103516,188.3099975585937,3322400
2019-02-07,147.61676025390625,184.22999572753903,190.6699981689453,182.6699981689453,190.6699981689453,4188100
2019-02-08,149.0350341796875,186.0,186.0500030517578,183.4100036621093,183.4100036621093,2601000
2019-02-11,148.86669921875,185.7899932861328,187.1100006103516,185.509994506836,186.7899932861328,2867300
2019-02-12,150.9821014404297,188.42999267578125,188.9600067138672,186.42999267578125,187.3300018310547,2412400
2019-02-13,151.4227752685547,188.97999572753903,190.1199951171875,188.3999938964844,189.22000122070312,2166000
2019-02-14,150.7364501953125,186.67999267578125,187.8000030517578,185.759994506836,187.58999633789065,2611500
2019-02-15,152.0767822265625,188.33999633789065,189.1000061035156,185.9900054931641,188.07000732421875,3314600
2019-02-19,150.97061157226562,186.97000122070312,188.47000122070312,186.8500061035156,187.7899932861328,2267500
2019-02-20,150.93020629882812,186.9199981689453,189.22000122070312,186.47999572753903,187.19000244140625,3046400
2019-02-21,149.78359985351562,185.5,187.3999938964844,184.75,186.38999938964844,2947600
2019-02-22,151.39854431152344,187.5,188.8600006103516,185.8099975585937,185.88999938964844,2774100
2019-02-25,153.26380920410156,189.8099975585937,190.47000122070312,187.88999938964844,188.6600036621093,3182600
2019-02-26,153.48184204101562,190.0800018310547,191.6499938964844,189.3600006103516,189.5599975585937,2431000
2019-02-27,154.5637664794922,191.4199981689453,192.19000244140625,188.6600036621093,188.7400054931641,1886200
2019-02-28,153.48184204101562,190.0800018310547,191.6300048828125,189.72999572753903,191.3800048828125,2776200
2019-03-01,154.35385131835938,191.1600036621093,192.0599975585937,190.47000122070312,191.38999938964844,2409400
2019-03-04,153.23956298828125,189.77999877929688,192.1199951171875,187.4100036621093,191.82000732421875,2274800
2019-03-05,152.46435546875,188.82000732421875,190.6699981689453,188.7899932861328,190.0,3445200
2019-03-06,147.88609313964844,183.1499938964844,189.3699951171875,182.42999267578125,188.8800048828125,3956100
2019-03-07,146.52149963378906,181.4600067138672,183.1600036621093,180.6000061035156,182.9199981689453,3421700
2019-03-08,146.0450897216797,180.8699951171875,181.3099975585937,179.00999450683594,180.6000061035156,2750900
2019-03-11,148.6855010986328,184.13999938964844,184.6000061035156,181.3999938964844,181.83999633789065,2816900
2019-03-12,148.71778869628906,184.17999267578125,184.9499969482422,183.5200042724609,184.6100006103516,2677500
2019-03-13,151.27748107910156,187.3500061035156,188.33999633789065,184.19000244140625,184.6999969482422,2719700
2019-03-14,151.6084747314453,187.759994506836,188.8600006103516,185.88999938964844,187.52999877929688,2909600
2019-03-15,154.41847229003906,191.2400054931641,191.63999938964844,188.1000061035156,188.4600067138672,6865000
2019-03-18,154.4749755859375,191.3099975585937,192.5200042724609,190.19000244140625,191.0800018310547,2430200
2019-03-19,154.62033081054688,191.4900054931641,192.759994506836,190.9199981689453,191.92999267578125,2268700
2019-03-20,154.321533203125,191.1199951171875,192.7700042724609,189.8699951171875,191.5,2378700
2019-03-21,154.9432830810547,191.88999938964844,192.3699951171875,189.17999267578125,189.72999572753903,2292900
2019-03-22,150.7525634765625,186.6999969482422,192.8699951171875,186.5500030517578,190.9600067138672,3144700
2019-03-25,150.66375732421875,186.58999633789065,187.77999877929688,185.0399932861328,186.63999938964844,2523700
2019-03-26,152.02027893066406,188.2700042724609,189.58999633789065,187.02999877929688,187.5500030517578,2359100
2019-03-27,150.44573974609375,186.32000732421875,188.6000061035156,185.22000122070312,188.25,2022600
2019-03-28,151.51966857910156,187.6499938964844,187.88999938964844,186.0,187.0800018310547,1885600
2019-03-29,153.40103149414062,189.97999572753903,191.0,188.5,189.3699951171875,3189700
2019-04-01,154.84645080566406,191.7700042724609,192.5599975585937,190.509994506836,191.13999938964844,2660500
2019-04-02,155.37933349609375,192.42999267578125,192.82000732421875,191.1999969482422,191.8099975585937,2141800
2019-04-03,155.7749481201172,192.9199981689453,193.8699951171875,191.7100067138672,193.17999267578125,1948100
2019-04-04,155.29856872558594,192.3300018310547,194.42999267578125,190.9900054931641,192.8500061035156,1785900
2019-04-05,157.7855682373047,195.4100036621093,196.8699951171875,193.3000030517578,193.8800048828125,2163300
2019-04-08,157.3575897216797,194.8800048828125,195.3099975585937,192.5599975585937,194.52999877929688,1629800
2019-04-09,155.8234405517578,192.97999572753903,194.0,192.509994506836,193.58999633789065,1872600
2019-04-10,156.5582275390625,193.88999938964844,195.0,192.33999633789065,194.1499938964844,1653200
2019-04-11,155.12094116210938,192.1100006103516,194.7899932861328,190.6499938964844,194.57000732421875,2082600
2019-04-12,154.5637664794922,191.4199981689453,193.47999572753903,190.7899932861328,193.0200042724609,2060800
2019-04-15,154.38613891601562,191.1999969482422,193.17999267578125,189.8500061035156,191.83999633789065,2038300
2019-04-16,151.8426513671875,188.0500030517578,192.57000732421875,187.44000244140625,192.2700042724609,2727300
2019-04-17,147.33702087402344,182.47000122070312,188.7400054931641,181.52999877929688,188.3500061035156,5242100
2019-04-18,143.29977416992188,177.47000122070312,183.4900054931641,176.85000610351562,183.2400054931641,8266600
2019-04-22,142.40347290039062,176.36000061035156,177.57000732421875,174.8699951171875,177.10000610351562,3215800
2019-04-23,145.14883422851562,179.75999450683594,180.6499938964844,175.75,176.94000244140625,3471700
2019-04-24,143.96990966796875,178.3000030517578,180.8300018310547,178.25999450683594,180.13999938964844,2711600
2019-04-25,145.73019409179688,180.47999572753903,181.0200042724609,175.9199981689453,177.0800018310547,2453700
2019-04-26,146.52960205078125,181.47000122070312,181.8500061035156,180.02999877929688,180.6999969482422,2445400
2019-04-29,146.28732299804688,181.1699981689453,182.47000122070312,179.58999633789062,181.4499969482422,2662500
2019-04-30,144.79351806640625,179.32000732421875,182.0399932861328,177.8800048828125,181.6300048828125,3963000
2019-05-01,142.225830078125,176.13999938964844,178.5,171.25,175.39999389648438,6109100
2019-05-02,142.51649475097656,176.5,178.3000030517578,174.3000030517578,176.05999755859375,3014000
2019-05-03,143.17056274414062,177.30999755859375,177.77000427246094,176.47000122070312,176.92999267578125,2944500
2019-05-06,142.9687042236328,177.05999755859375,177.24000549316406,173.8800048828125,175.49000549316406,2735000
2019-05-07,140.3928985595703,173.8699951171875,176.41000366210938,172.5,175.13999938964844,2797000
2019-05-08,139.00404357910156,172.14999389648438,175.5,171.6999969482422,173.5,3368400
2019-05-09,139.58543395996094,172.8699951171875,173.17999267578125,169.44000244140625,171.24000549316406,2854400
2019-05-10,138.76181030273438,171.85000610351562,172.4600067138672,168.44000244140625,172.4600067138672,2942300
2019-05-13,135.33013916015625,167.60000610351562,169.60000610351562,167.1699981689453,169.24000549316406,3371800
2019-05-14,135.49966430664062,167.80999755859375,169.72000122070312,167.3000030517578,167.67999267578125,2525300
2019-05-15,137.1630401611328,169.8699951171875,170.60000610351562,166.3000030517578,167.22999572753906,2860200
2019-05-16,138.3846435546875,169.9199981689453,172.02000427246094,169.33999633789062,169.39999389648438,2716200
2019-05-17,138.3765106201172,169.91000366210938,171.24000549316406,169.11000061035156,169.27000427246094,2266600
2019-05-20,137.1386260986328,168.38999938964844,170.39999389648438,168.14999389648438,168.67999267578125,2144300
2019-05-21,138.1973876953125,169.69000244140625,170.02000427246094,168.52999877929688,169.77000427246094,2249300
2019-05-22,139.508544921875,171.3000030517578,172.0500030517578,168.5800018310547,169.35000610351562,2615500
2019-05-23,140.1682586669922,172.11000061035156,173.05999755859375,170.49000549316406,171.33999633789062,2902500
2019-05-24,139.49227905273438,171.27999877929688,173.77000427246094,171.08999633789062,172.6199951171875,2417100
2019-05-28,137.51324462890625,168.85000610351562,172.77000427246094,168.75999450683594,171.55999755859375,4066200
2019-05-29,137.78199768066406,169.17999267578125,169.75999450683594,167.3300018310547,168.0,2671600
2019-05-30,137.66799926757812,169.0399932861328,170.0500030517578,168.1999969482422,169.44000244140625,1943300
2019-05-31,135.7622528076172,166.6999969482422,168.8699951171875,166.67999267578125,168.05999755859375,2808900
2019-06-03,140.37184143066406,172.36000061035156,176.80999755859375,170.55999755859375,172.0,5774800
2019-06-04,142.30197143554688,174.72999572753906,175.36000061035156,170.55999755859375,174.02999877929688,4553200
2019-06-05,142.15541076660156,174.5500030517578,175.77000427246094,173.08999633789062,175.67999267578125,2606400
2019-06-06,142.0739288330078,174.4499969482422,176.05999755859375,174.08999633789062,174.77999877929688,2396800
2019-06-07,142.937255859375,175.50999450683594,176.0,173.27999877929688,175.6300048828125,2072000
2019-06-10,142.9942169189453,175.5800018310547,176.16000366210938,174.0500030517578,175.9499969482422,2091400
2019-06-11,142.21240234375,174.6199951171875,177.14999389648438,174.1999969482422,176.27000427246094,2313800
2019-06-12,143.01052856445312,175.60000610351562,176.69000244140625,174.16000366210938,175.3000030517578,1888600
2019-06-13,143.91452026367188,176.7100067138672,177.4499969482422,175.22999572753906,175.8300018310547,1675800
2019-06-14,143.40142822265625,176.0800018310547,177.89999389648438,175.5500030517578,176.97000122070312,1621800
2019-06-17,145.28273010253906,178.38999938964844,178.5500030517578,175.39999389648438,176.0399932861328,1916800
2019-06-18,147.90513610839844,181.6100006103516,182.82000732421875,179.1199951171875,179.27000427246094,3125500
2019-06-19,148.84983825683594,182.7700042724609,183.1199951171875,180.63999938964844,181.47999572753903,2396500
2019-06-20,149.9167022705078,184.0800018310547,185.2899932861328,182.1100006103516,184.77999877929688,2780400
2019-06-21,152.38441467285156,187.1100006103516,187.1300048828125,182.9100036621093,183.88999938964844,6948100
2019-06-24,150.52755737304688,184.8300018310547,187.0,184.6999969482422,186.07000732421875,2948300
2019-06-25,150.2099151611328,184.44000244140625,186.77999877929688,183.1699981689453,184.6000061035156,2264700
2019-06-26,149.17562866210938,183.1699981689453,184.94000244140625,182.7400054931641,184.7100067138672,2124600
2019-06-27,149.86782836914062,184.0200042724609,185.44000244140625,183.02999877929688,183.3500061035156,2193700
2019-06-28,150.07962036132812,184.27999877929688,186.1000061035156,183.6600036621093,184.1699981689453,3753200
2019-07-01,151.7654571533203,186.3500061035156,187.3000030517578,185.1000061035156,186.8800048828125,2079800
2019-07-02,152.00157165527344,186.63999938964844,186.6699981689453,184.1999969482422,186.02999877929688,1796300
2019-07-03,153.58154296875,188.5800018310547,189.4199981689453,187.1999969482422,187.5800018310547,1932600
2019-07-05,151.4315643310547,185.94000244140625,188.8800048828125,185.2400054931641,187.42999267578125,2225800
2019-07-08,148.4181671142578,182.2400054931641,185.009994506836,180.5200042724609,184.6600036621093,2700900
2019-07-09,147.8888397216797,181.58999633789065,182.2700042724609,180.509994506836,181.2100067138672,2273700
2019-07-10,148.44264221191406,182.2700042724609,183.2899932861328,181.02999877929688,182.1699981689453,1775700
2019-07-11,144.96511840820312,178.0,181.0,175.9499969482422,180.8600006103516,3621900
2019-07-12,142.4648895263672,174.92999267578125,178.08999633789062,174.19000244140625,177.82000732421875,4488700
2019-07-15,143.4340057373047,176.1199951171875,177.44000244140625,174.61000061035156,174.89999389648438,3256800
2019-07-16,144.5334930419922,177.47000122070312,177.77000427246094,175.91000366210938,176.33999633789062,2260100
2019-07-17,144.19956970214844,177.05999755859375,179.4499969482422,177.00999450683594,178.13999938964844,1945200
2019-07-18,146.2192840576172,179.5399932861328,180.42999267578125,176.8000030517578,177.1300048828125,2374400
2019-07-19,145.28273010253906,178.38999938964844,181.5800018310547,178.19000244140625,180.6699981689453,2987200
2019-07-22,143.2467041015625,175.88999938964844,178.80999755859375,175.72000122070312,177.8300018310547,2556800
2019-07-23,143.34442138671875,176.00999450683594,176.77000427246094,175.52000427246094,176.42999267578125,2081800
2019-07-24,143.14894104003906,175.77000427246094,176.75,174.8800048828125,176.02000427246094,1898000
2019-07-25,141.79705810546875,174.11000061035156,176.5,173.77000427246094,175.77999877929688,2145500
2019-07-26,142.7987518310547,175.33999633789062,175.50999450683594,173.1199951171875,174.27000427246094,3070400
2019-07-29,143.40142822265625,176.0800018310547,177.16000366210938,174.83999633789062,175.27000427246094,1985400
2019-07-30,143.70272827148438,176.4499969482422,176.72000122070312,174.27000427246094,174.9199981689453,2005100
2019-07-31,151.9527587890625,186.5800018310547,188.0,177.89999389648438,180.0,7157600
2019-08-01,151.48037719726562,186.0,189.4600067138672,184.13999938964844,186.3999938964844,3484700
2019-08-02,152.4739532470703,187.22000122070312,187.8600006103516,185.009994506836,186.0,2966500
2019-08-05,147.8155517578125,181.5,185.9600067138672,180.5200042724609,185.5800018310547,4060000
2019-08-06,150.22618103027344,184.4600067138672,184.6000061035156,180.02999877929688,181.1000061035156,3172900
2019-08-07,149.4769287109375,183.5399932861328,184.13999938964844,179.61000061035156,183.0399932861328,3308900
2019-08-08,150.85325622558594,185.22999572753903,185.4199981689453,183.0500030517578,183.47000122070312,2449000
2019-08-09,159.828125,196.25,200.0,182.82000732421875,185.1499938964844,8417100
2019-08-12,167.58938598632812,205.77999877929688,208.77999877929688,197.25,197.8999938964844,10599300
2019-08-13,167.86634826660156,206.1199951171875,211.8999938964844,203.0,203.42999267578125,5586400
2019-08-14,163.1092987060547,198.8699951171875,205.3999938964844,198.72000122070312,202.8099975585937,4507100
2019-08-15,163.47012329101562,199.3099975585937,201.0,198.6300048828125,200.0,3065800
2019-08-16,167.3332061767578,204.0200042724609,205.4600067138672,200.3600006103516,201.8300018310547,2922500
2019-08-19,168.9571533203125,206.0,206.5,201.1100006103516,203.22999572753903,2974900
2019-08-20,166.63601684570312,203.1699981689453,206.1199951171875,202.9499969482422,205.8999938964844,2710800
2019-08-21,167.26760864257812,203.94000244140625,205.3699951171875,203.5800018310547,204.4499969482422,1755200
2019-08-22,166.84109497070312,203.4199981689453,206.3500061035156,202.0,205.2700042724609,2677600
2019-08-23,163.281494140625,199.0800018310547,203.6199951171875,198.009994506836,203.08999633789065,3416200
2019-08-26,168.47325134277344,205.4100036621093,206.3999938964844,199.6699981689453,200.6000061035156,4005200
2019-08-27,169.35906982421875,206.4900054931641,208.9499969482422,205.2700042724609,206.5399932861328,3394000
2019-08-28,170.203857421875,207.5200042724609,210.13999938964844,205.3300018310547,205.509994506836,3789300
2019-08-29,169.7609405517578,206.97999572753903,209.83999633789065,205.259994506836,209.0,2391600
2019-08-30,171.1060028076172,208.6199951171875,210.97000122070312,206.8800048828125,208.9900054931641,2621300
2019-09-03,168.56350708007812,205.5200042724609,207.88999938964844,204.67999267578125,207.3000030517578,2193000
2019-09-04,169.21963500976562,206.32000732421875,207.3699951171875,203.0,206.6999969482422,1935700
2019-09-05,170.31045532226562,207.6499938964844,208.47000122070312,205.97000122070312,206.6300048828125,1685300
2019-09-06,170.37606811523438,207.72999572753903,209.3500061035156,206.1000061035156,208.63999938964844,2388000
2019-09-09,165.95530700683594,202.33999633789065,202.9499969482422,198.7899932861328,202.52999877929688,4353200
2019-09-10,161.46890258789062,196.8699951171875,201.97000122070312,195.3600006103516,200.8099975585937,4866300
2019-09-11,160.62413024902344,195.83999633789065,198.4600067138672,195.1699981689453,197.1300048828125,2875300
2019-09-12,159.11500549316406,194.0,196.8300018310547,193.8999938964844,196.08999633789065,4448000
2019-09-13,160.32064819335938,195.47000122070312,196.6699981689453,194.3300018310547,194.4100036621093,2428800
2019-09-16,159.18063354492188,194.0800018310547,196.1600036621093,193.509994506836,196.1600036621093,1597400
2019-09-17,161.34588623046875,196.72000122070312,196.77999877929688,194.0399932861328,194.0399932861328,2447400
2019-09-18,159.96798706054688,195.0399932861328,196.8300018310547,193.259994506836,196.3600006103516,1897800
2019-09-19,160.46829223632812,195.6499938964844,196.3699951171875,194.5200042724609,195.72000122070312,1483400
2019-09-20,161.52635192871094,196.94000244140625,199.32000732421875,195.75,196.0,6680400
2019-09-23,162.19886779785156,197.759994506836,198.8099975585937,197.3099975585937,197.75,1683900
2019-09-24,161.2064666748047,196.5500030517578,199.8000030517578,195.6100006103516,198.97999572753903,2322500
2019-09-25,160.8045654296875,196.0599975585937,198.3300018310547,195.9199981689453,197.5800018310547,1779900
2019-09-26,160.2468719482422,195.3800048828125,196.3099975585937,193.0800018310547,195.9100036621093,1877800
2019-09-27,159.88595581054688,194.94000244140625,196.8500061035156,193.83999633789065,195.5599975585937,1770300
2019-09-30,158.71307373046875,193.509994506836,196.67999267578125,191.69000244140625,192.8000030517578,2492300
2019-10-01,158.45065307617188,193.19000244140625,195.8800048828125,192.1000061035156,192.5800018310547,2331000
2019-10-02,155.1863555908203,189.2100067138672,193.5800018310547,188.77999877929688,193.5800018310547,2250800
2019-10-03,157.983154296875,192.6199951171875,192.6699981689453,189.0,189.6000061035156,1888500
2019-10-04,160.41912841796875,195.58999633789065,196.009994506836,193.13999938964844,193.13999938964844,2158200
2019-10-07,161.7149658203125,197.1699981689453,198.82000732421875,194.4499969482422,194.5399932861328,2199300
2019-10-08,160.8209686279297,196.0800018310547,198.0,195.0,196.5500030517578,2032600
2019-10-09,161.32131958007812,196.69000244140625,198.67999267578125,195.9600067138672,198.67999267578125,1292900
2019-10-10,162.95343017578125,198.67999267578125,199.3600006103516,197.0200042724609,198.0,1297500
2019-10-11,164.69224548339844,200.8000030517578,203.88999938964844,199.97999572753903,200.22999572753903,2472200
2019-10-14,166.40643310546875,202.88999938964844,204.8999938964844,201.22999572753903,201.25,1638200
2019-10-15,167.8581085205078,204.6600036621093,204.8000030517578,202.6000061035156,203.4600067138672,1492800
2019-10-16,166.66888427734375,203.2100067138672,204.97999572753903,202.17999267578125,204.1499938964844,1758500
2019-10-17,166.95591735839844,203.5599975585937,204.75,201.5200042724609,201.58999633789065,1380800
2019-10-18,166.2669677734375,202.72000122070312,204.1199951171875,200.8099975585937,204.1100006103516,2043400
2019-10-21,166.439208984375,202.92999267578125,203.6100006103516,200.77999877929688,203.57000732421875,1564000
2019-10-22,167.99754333496094,204.8300018310547,206.0599975585937,203.22000122070312,204.6300048828125,2136700
2019-10-23,166.75914001464844,203.32000732421875,205.88999938964844,203.0399932861328,204.22999572753903,1805800
2019-10-24,166.5458526611328,203.0599975585937,204.3000030517578,201.6600036621093,203.9499969482422,1220800
2019-10-25,166.5376434326172,203.0500030517578,203.7100067138672,201.509994506836,202.58999633789065,1321500
2019-10-28,168.14515686035156,205.009994506836,205.97999572753903,202.67999267578125,203.1699981689453,1652800
2019-10-29,171.4095001220703,208.9900054931641,211.25,204.9100036621093,205.259994506836,4460000
2019-10-30,172.9596405029297,210.8800048828125,211.0,204.1600036621093,206.3500061035156,3793500
2019-10-31,174.90345764160156,213.25,213.6699981689453,209.6000061035156,210.1000061035156,3255800
2019-11-01,178.7583465576172,217.9499969482422,219.3800048828125,214.0,214.259994506836,3685500
2019-11-04,175.85488891601562,214.4100036621093,219.83999633789065,214.3500061035156,218.72999572753903,2646600
2019-11-05,176.40438842773438,215.0800018310547,219.4900054931641,213.19000244140625,215.9199981689453,3012000
2019-11-06,177.48704528808594,216.3999938964844,218.5800018310547,215.4499969482422,215.4499969482422,2540200
2019-11-07,178.79112243652344,217.9900054931641,218.509994506836,215.4600067138672,216.9100036621093,2498300
2019-11-08,181.3500823974609,221.1100006103516,221.25,217.4600067138672,218.2100067138672,2069900
2019-11-11,181.0138092041016,220.6999969482422,221.3800048828125,218.6999969482422,220.2400054931641,1364300
2019-11-12,181.5141143798828,221.3099975585937,225.259994506836,219.8699951171875,221.3099975585937,2704500
2019-11-13,180.1690216064453,219.6699981689453,221.69000244140625,218.5399932861328,220.42999267578125,2333000
2019-11-14,180.40020751953125,218.5,218.7400054931641,213.5500030517578,218.22000122070312,2749300
2019-11-15,182.34866333007807,220.8600006103516,220.92999267578125,217.2100067138672,219.58999633789065,2028600
2019-11-18,182.1918334960937,220.6699981689453,221.58999633789065,219.2100067138672,221.0599975585937,2239500
2019-11-19,185.3539886474609,224.5,224.67999267578125,220.6999969482422,221.2400054931641,2551600
2019-11-20,186.18785095214844,225.509994506836,226.5500030517578,223.1300048828125,224.3800048828125,3524300
2019-11-21,188.0950927734375,227.82000732421875,228.8000030517578,225.0200042724609,227.1199951171875,2659300
2019-11-22,190.5059356689453,230.7400054931641,230.8699951171875,227.8300018310547,228.0800018310547,1975000
2019-11-25,193.643310546875,234.5399932861328,235.8000030517578,231.0800018310547,231.0800018310547,2637400
2019-11-26,193.5194702148437,234.38999938964844,234.88999938964844,232.009994506836,233.97999572753903,3300800
2019-11-27,193.643310546875,234.5399932861328,235.27999877929688,231.8500061035156,234.6499938964844,1579800
2019-11-29,193.7919464111328,234.72000122070312,235.47000122070312,233.75,234.1300048828125,945600
2019-12-02,192.76817321777344,233.47999572753903,235.8000030517578,232.6300048828125,234.5399932861328,1633600
2019-12-03,192.1819610595703,232.7700042724609,233.17999267578125,230.77999877929688,231.47999572753903,1825400
2019-12-04,193.0984039306641,233.8800048828125,234.88999938964844,232.0,232.72999572753903,1908500
2019-12-05,192.7103729248047,233.4100036621093,233.7700042724609,231.4600067138672,233.69000244140625,2083600
2019-12-06,193.00762939453125,233.7700042724609,235.0,233.19000244140625,234.67999267578125,1860900
2019-12-09,192.2232360839844,232.82000732421875,235.0500030517578,232.6300048828125,234.9600067138672,1867900
2019-12-10,193.0653839111328,233.83999633789065,235.1199951171875,231.509994506836,231.9199981689453,1494700
2019-12-11,193.2057342529297,234.009994506836,234.97000122070312,233.02999877929688,234.02999877929688,1754100
2019-12-12,194.8404998779297,235.9900054931641,237.2400054931641,234.0599975585937,234.5800018310547,1851500
2019-12-13,195.45968627929688,236.7400054931641,238.1199951171875,235.13999938964844,235.6000061035156,2041200
2019-12-16,200.79327392578125,243.1999969482422,244.52999877929688,239.5,239.5,3047600
2019-12-17,200.49606323242188,242.83999633789065,244.9900054931641,241.27999877929688,243.5800018310547,2382500
2019-12-18,199.7529754638672,241.94000244140625,243.22000122070312,241.0200042724609,242.2100067138672,2956700
2019-12-19,199.67041015625,241.83999633789065,243.3000030517578,239.92999267578125,242.77999877929688,2070800
2019-12-20,200.6776885986328,243.0599975585937,244.57000732421875,240.6999969482422,244.57000732421875,5091600
2019-12-23,200.65293884277344,243.02999877929688,244.0,241.58999633789065,243.97999572753903,1686200
2019-12-24,200.07498168945312,242.3300018310547,243.1000061035156,241.72000122070312,242.82000732421875,612800
2019-12-26,199.7199249267578,241.8999938964844,243.63999938964844,241.32000732421875,242.72000122070312,1098300
2019-12-27,199.4144897460937,241.52999877929688,242.9900054931641,240.1600036621093,242.2400054931641,1085000
2019-12-30,198.37420654296875,240.2700042724609,242.97999572753903,239.3999938964844,241.3999938964844,1454400
2019-12-31,199.03468322753903,241.07000732421875,241.4600067138672,238.5,240.27999877929688,1748300
2020-01-02,198.2338104248047,240.1000061035156,243.19000244140625,238.97999572753903,243.0,2088000
2020-01-03,196.88804626464844,238.47000122070312,240.259994506836,236.2400054931641,237.1600036621093,1879000
2020-01-06,198.39895629882807,240.3000030517578,240.4499969482422,236.5599975585937,237.1999969482422,1802800
2020-01-07,196.5330047607422,238.0399932861328,240.0,237.58999633789065,239.3099975585937,1518900
2020-01-08,196.681640625,238.22000122070312,239.5800018310547,236.6100006103516,237.92999267578125,2214700
2020-01-09,197.267822265625,238.92999267578125,239.69000244140625,237.97000122070312,239.69000244140625,1629000
2020-01-10,196.7146759033203,238.259994506836,240.92999267578125,237.6100006103516,238.67999267578125,1777600
2020-01-13,195.6083374023437,236.9199981689453,238.3300018310547,234.7899932861328,238.259994506836,2004400
2020-01-14,198.1512145996093,240.0,240.67999267578125,235.1699981689453,235.8000030517578,2239100
2020-01-15,199.55484008789065,241.6999969482422,242.6000061035156,240.0500030517578,240.6699981689453,1920700
2020-01-16,198.5640869140625,240.5,243.8500061035156,239.8500061035156,242.17999267578125,2085700
2020-01-17,199.38145446777344,241.4900054931641,242.13999938964844,239.2700042724609,242.1100006103516,2582800
2020-01-21,196.1697235107422,237.6000061035156,242.009994506836,237.259994506836,240.97000122070312,3094200
2020-01-22,195.4679412841797,236.75,239.6999969482422,235.759994506836,238.75,1998200
2020-01-23,194.05615234375,235.0399932861328,237.0599975585937,233.07000732421875,237.0599975585937,2088700
2020-01-24,186.25392150878903,225.58999633789065,235.8800048828125,224.5,235.8000030517578,5019900
2020-01-27,184.07423400878903,222.9499969482422,224.92999267578125,221.1699981689453,223.67999267578125,2843600
2020-01-28,185.63473510742188,224.83999633789065,226.6999969482422,222.8500061035156,223.57000732421875,2103900
2020-01-29,187.5419311523437,227.1499938964844,228.92999267578125,225.0,225.5,2001100
2020-01-30,186.71627807617188,226.1499938964844,226.97000122070312,223.3099975585937,226.0,2581600
2020-01-31,178.37741088867188,216.0500030517578,219.0800018310547,210.009994506836,218.759994506836,5968900
2020-02-03,179.0626983642578,216.8800048828125,219.6199951171875,215.5599975585937,216.38999938964844,2565400
2020-02-04,183.13302612304688,221.8099975585937,223.8500061035156,220.47999572753903,220.7700042724609,2765300
2020-02-05,191.4966735839844,231.94000244140625,234.63999938964844,223.7400054931641,223.7400054931641,3669500
2020-02-06,191.09210205078125,231.4499969482422,233.88999938964844,229.33999633789065,233.72000122070312,2007500
2020-02-07,189.3417358398437,229.3300018310547,232.17999267578125,227.6699981689453,231.4100036621093,2295100
2020-02-10,187.7648162841797,227.4199981689453,228.9600067138672,226.259994506836,228.1499938964844,2144700
2020-02-11,189.0362701416016,228.9600067138672,229.47000122070312,226.8000030517578,227.6999969482422,1934500
2020-02-12,187.41807556152344,227.0,230.22999572753903,225.8800048828125,229.47000122070312,2501300
2020-02-13,185.4557342529297,223.0399932861328,226.5200042724609,222.82000732421875,224.9900054931641,1946500
2020-02-14,185.8216247558593,223.47999572753903,223.4900054931641,221.33999633789065,222.92999267578125,1611900
2020-02-18,184.333236694336,221.69000244140625,224.3500061035156,220.9199981689453,224.1499938964844,1936400
2020-02-19,185.38926696777344,222.9600067138672,224.0500030517578,222.0500030517578,222.94000244140625,1322900
2020-02-20,184.70741271972656,222.13999938964844,223.47999572753903,218.509994506836,223.1999969482422,1638000
2020-02-21,185.2478790283203,222.7899932861328,223.8000030517578,220.9900054931641,222.2400054931641,2047500
2020-02-24,181.165283203125,217.8800048828125,223.9900054931641,215.759994506836,219.8800048828125,3049600
2020-02-25,174.92909240722656,210.3800048828125,219.5599975585937,209.82000732421875,218.0800018310547,3915500
2020-02-26,178.3881072998047,214.5399932861328,216.6999969482422,212.0200042724609,216.17999267578125,3314000
2020-02-27,169.2084197998047,203.5,215.27999877929688,203.22000122070312,214.9199981689453,4071100
2020-02-28,166.07366943359375,199.72999572753903,203.0,195.17999267578125,198.0500030517578,5316100
2020-03-02,176.4423828125,212.1999969482422,212.3699951171875,198.7100067138672,199.8999938964844,4245700
2020-03-03,169.973388671875,204.4199981689453,216.1600036621093,202.6600036621093,210.33999633789065,3975100
2020-03-04,178.8620147705078,215.1100006103516,215.2899932861328,207.6199951171875,209.52999877929688,3880200
2020-03-05,176.3758544921875,212.1199951171875,216.38999938964844,207.5800018310547,207.6600036621093,3185400
2020-03-06,175.15357971191406,210.6499938964844,211.6100006103516,203.82000732421875,203.97000122070312,3100500
2020-03-09,164.94288635253906,198.3699951171875,203.6199951171875,190.75,197.7400054931641,4065600
2020-03-10,171.9523468017578,206.8000030517578,207.1000061035156,194.6699981689453,203.3600006103516,3928700
2020-03-11,165.17567443847656,198.6499938964844,203.9199981689453,195.8099975585937,201.0,3777000
2020-03-12,151.53091430664062,182.2400054931641,196.259994506836,181.7700042724609,184.6300048828125,4902600
2020-03-13,168.04432678222656,202.1000061035156,203.1699981689453,188.5200042724609,189.759994506836,6903900
2020-03-16,156.8857421875,188.67999267578125,204.72000122070312,182.9600067138672,184.6699981689453,4932400
2020-03-17,172.78382873535156,207.8000030517578,210.9100036621093,191.6499938964844,192.2100067138672,5912800
2020-03-18,170.3558807373047,204.8800048828125,210.8999938964844,196.7400054931641,198.5599975585937,5597900
2020-03-19,165.26712036132812,198.759994506836,208.75,195.2700042724609,201.0,4796500
2020-03-20,156.52818298339844,188.25,201.97000122070312,186.0,198.88999938964844,5726800
2020-03-23,154.59912109375,185.92999267578125,191.9600067138672,177.0500030517578,188.88999938964844,4396600
2020-03-24,168.24388122558594,202.33999633789065,202.8500061035156,190.009994506836,191.47000122070312,5288200
2020-03-25,160.5941619873047,193.13999938964844,201.3600006103516,190.009994506836,197.7700042724609,5301000
2020-03-26,165.0426788330078,198.4900054931641,199.72000122070312,190.5,193.1199951171875,5162200
2020-03-27,164.8597412109375,198.2700042724609,205.8699951171875,194.009994506836,194.4199981689453,4119600
2020-03-30,173.34922790527344,208.47999572753903,209.4499969482422,200.0500030517578,200.0500030517578,3219000
2020-03-31,168.5681915283203,202.72999572753903,207.25,200.6999969482422,203.4900054931641,2929000
2020-04-01,164.4772186279297,197.8099975585937,201.3800048828125,194.9900054931641,197.5599975585937,2747900
2020-04-02,173.6818389892578,208.8800048828125,209.52999877929688,194.2100067138672,194.4100036621093,3867300
2020-04-03,170.79656982421875,205.4100036621093,209.75,203.02999877929688,207.42999267578125,2281400
2020-04-06,175.92686462402344,211.5800018310547,212.7100067138672,206.8500061035156,212.0,3702100
2020-04-07,173.59869384765625,208.77999877929688,215.17999267578125,207.3300018310547,213.4499969482422,2447500
2020-04-08,182.2545166015625,219.19000244140625,219.82000732421875,207.33999633789065,208.8999938964844,2861500
2020-04-09,181.43966674804688,218.2100067138672,219.3500061035156,215.6999969482422,217.3999938964844,2503300
2020-04-13,181.48953247070312,218.2700042724609,219.17999267578125,215.1499938964844,216.97999572753903,2168000
2020-04-14,188.58213806152344,226.8000030517578,228.32000732421875,220.25,221.009994506836,3029000
2020-04-15,184.4247131347656,221.8000030517578,225.509994506836,219.3099975585937,224.9900054931641,3107000
2020-04-16,191.99124145507807,230.8999938964844,232.1000061035156,223.22000122070312,225.0,2617300
2020-04-17,195.3754119873047,234.97000122070312,236.9900054931641,229.22000122070312,236.8300018310547,2864200
2020-04-20,196.73077392578125,236.6000061035156,239.5599975585937,232.38999938964844,234.1999969482422,2824000
2020-04-21,191.8665771484375,230.75,235.7700042724609,229.0,235.0,2672900
2020-04-22,190.652587890625,229.2899932861328,234.0,227.58999633789065,233.3500061035156,2845100
2020-04-23,193.3133544921875,232.4900054931641,235.6499938964844,228.8800048828125,229.08999633789065,3226400
2020-04-24,196.46466064453125,236.27999877929688,236.92999267578125,230.8000030517578,234.0399932861328,1946200
2020-04-27,201.578369140625,242.42999267578125,243.0,235.0,236.6300048828125,2472600
2020-04-28,197.62046813964844,237.6699981689453,244.9499969482422,236.8600006103516,243.0,2548900
2020-04-29,195.97412109375,235.69000244140625,239.3099975585937,235.2400054931641,238.8999938964844,3365100
2020-04-30,198.90928649902344,239.22000122070312,240.07000732421875,231.9100036621093,236.0200042724609,5704500
2020-05-01,192.0577850341797,230.97999572753903,237.0500030517578,228.0,233.0,3045400
2020-05-04,191.99961853027344,230.9100036621093,232.9199981689453,228.1000061035156,232.44000244140625,2035800
2020-05-05,196.53121948242188,236.3600006103516,237.97999572753903,229.1699981689453,231.27999877929688,1975500
2020-05-06,196.7224578857422,236.58999633789065,239.67999267578125,235.69000244140625,237.3099975585937,1980500
2020-05-07,194.01177978515625,233.3300018310547,237.97000122070312,232.1000061035156,236.8999938964844,2451200
2020-05-08,195.2507476806641,234.82000732421875,235.72999572753903,231.6000061035156,234.9499969482422,1534300
2020-05-11,201.8361053466797,242.7400054931641,243.4900054931641,232.509994506836,233.07000732421875,2163700
2020-05-12,197.238021850586,237.2100067138672,244.5,237.0500030517578,242.67999267578125,2241000
2020-05-13,196.92202758789065,236.8300018310547,243.94000244140625,235.22000122070312,235.22000122070312,2292700
2020-05-14,197.8782501220703,237.97999572753903,238.97000122070312,233.8000030517578,235.9499969482422,3322700
2020-05-15,201.07603454589844,240.1999969482422,240.42999267578125,233.88999938964844,234.42999267578125,3111500
2020-05-18,195.20779418945312,233.19000244140625,244.38999938964844,231.8000030517578,243.6600036621093,5631400
2020-05-19,190.3860015869141,227.42999267578125,233.44000244140625,227.1699981689453,232.63999938964844,3835800
2020-05-20,190.75436401367188,227.8699951171875,230.1199951171875,225.63999938964844,229.2700042724609,3714600
2020-05-21,188.16766357421875,224.77999877929688,228.2400054931641,224.0,228.1100006103516,2377500
2020-05-22,189.5489044189453,226.42999267578125,226.7700042724609,223.6100006103516,224.1699981689453,2334300
2020-05-26,186.17532348632807,222.3999938964844,228.3500061035156,221.72999572753903,227.52999877929688,2397800
2020-05-27,188.19276428222656,224.8099975585937,225.1300048828125,217.47000122070312,222.32000732421875,2932100
2020-05-28,187.6235198974609,224.1300048828125,226.6199951171875,222.25,226.259994506836,2591000
2020-05-29,192.2862701416016,229.6999969482422,230.57000732421875,222.0599975585937,225.0,4251200
2020-06-01,189.95071411132807,226.9100036621093,230.5399932861328,225.7100067138672,228.88999938964844,1816700
2020-06-02,187.28028869628903,223.72000122070312,226.3600006103516,222.5800018310547,225.8000030517578,3198900
2020-06-03,185.0033264160156,221.0,224.2899932861328,218.25,223.4900054931641,3660500
2020-06-04,184.9029083251953,220.8800048828125,223.4499969482422,219.2100067138672,220.7700042724609,2392800
2020-06-05,188.9126739501953,225.6699981689453,225.9499969482422,218.1999969482422,219.6999969482422,3714600
2020-06-08,188.9796600341797,225.75,226.25,221.75,223.2700042724609,2270500
2020-06-09,188.2680511474609,224.8999938964844,228.3099975585937,224.57000732421875,226.0,2403600
2020-06-10,190.12649536132807,227.1199951171875,229.4900054931641,225.5200042724609,226.67999267578125,2851300
2020-06-11,183.2453765869141,218.8999938964844,229.77999877929688,218.6699981689453,228.0599975585937,3900700
2020-06-12,182.4082794189453,217.8999938964844,222.3500061035156,214.1999969482422,221.1000061035156,2426600
2020-06-15,183.98204040527344,219.77999877929688,221.0,213.8600006103516,215.8099975585937,2471800
2020-06-16,189.917236328125,226.8699951171875,228.8800048828125,222.6199951171875,222.8300018310547,2581600
2020-06-17,189.163818359375,225.97000122070312,228.8099975585937,224.52999877929688,228.5399932861328,2751100
2020-06-18,192.8052673339844,230.32000732421875,231.47999572753903,225.67999267578125,226.8600006103516,2469800
2020-06-19,199.82037353515625,238.6999969482422,239.07000732421875,231.3099975585937,233.3800048828125,5319500
2020-06-22,196.04493713378903,234.19000244140625,237.6499938964844,233.0599975585937,236.3099975585937,2337000
2020-06-23,197.35086059570312,235.75,239.1699981689453,233.44000244140625,234.8699951171875,2171500
2020-06-24,194.6385803222656,232.509994506836,237.0,231.3999938964844,235.2100067138672,1972900
2020-06-25,196.8150634765625,235.1100006103516,235.44000244140625,230.38999938964844,231.5,2080300
2020-06-26,194.914794921875,232.83999633789065,236.8600006103516,231.82000732421875,235.3699951171875,3613300
2020-06-29,193.84329223632807,231.5599975585937,234.13999938964844,229.97999572753903,233.3999938964844,1938000
2020-06-30,197.4429168701172,235.8600006103516,237.32000732421875,231.8000030517578,233.3099975585937,2589000
2020-07-01,213.5658264160156,255.1199951171875,256.2300109863281,232.5800018310547,235.5200042724609,6575800
2020-07-02,216.1776123046875,258.239990234375,261.4599914550781,252.8699951171875,252.8699951171875,3338000
2020-07-06,214.51171875,256.25,264.9700012207031,253.8999938964844,260.0299987792969,3460400
2020-07-07,211.91668701171875,253.1499938964844,258.9100036621094,252.08999633789065,253.6000061035156,2365900
2020-07-08,210.6107940673828,251.58999633789065,253.97999572753903,249.25,253.1499938964844,1993700
2020-07-09,210.66943359375,251.6600036621093,253.8300018310547,248.83999633789065,250.25,1739600
2020-07-10,208.47613525390625,249.0399932861328,251.57000732421875,247.07000732421875,250.6499938964844,1326100
2020-07-13,209.313232421875,250.0399932861328,255.42999267578125,249.27999877929688,249.8300018310547,2528100
2020-07-14,211.8664703369141,253.08999633789065,253.7899932861328,240.47999572753903,242.759994506836,2368300
2020-07-15,212.0506591796875,253.3099975585937,254.57000732421875,250.7700042724609,254.57000732421875,1650100
2020-07-16,213.6328125,255.1999969482422,255.2899932861328,249.9199981689453,252.0599975585937,1530900
2020-07-17,216.36183166503903,258.4599914550781,259.95001220703125,254.759994506836,256.70001220703125,2044800
2020-07-20,218.4462432861328,260.95001220703125,262.82000732421875,258.32000732421875,260.0799865722656,1497400
2020-07-21,215.9013671875,257.9100036621094,260.0299987792969,257.2799987792969,258.6199951171875,1821600
2020-07-22,215.1228942871093,256.9800109863281,260.0,255.8000030517578,259.7900085449219,1598100
2020-07-23,211.1549530029297,252.2400054931641,260.0,251.6000061035156,259.5400085449219,2532000
2020-07-24,207.5887756347656,247.97999572753903,251.8300018310547,245.5,251.259994506836,2187900
2020-07-27,212.3352813720703,253.6499938964844,255.1000061035156,247.02999877929688,247.3000030517578,2155700
2020-07-28,213.6913909912109,255.2700042724609,258.3999938964844,253.7700042724609,254.4600067138672,2266600
2020-07-29,208.317123413086,248.8500061035156,252.8500061035156,245.7400054931641,250.3999938964844,3286700
2020-07-30,206.04849243164065,246.13999938964844,247.82000732421875,245.1999969482422,246.3999938964844,1967400
2020-07-31,204.8179473876953,244.6699981689453,246.1000061035156,239.38999938964844,245.6300048828125,2830100
2020-08-03,207.0697784423828,247.3600006103516,249.0200042724609,244.52999877929688,244.8500061035156,1853900
2020-08-04,203.9138946533203,243.58999633789065,246.1699981689453,241.33999633789065,245.97000122070312,1912100
2020-08-05,202.13922119140625,241.47000122070312,245.4100036621093,240.8000030517578,243.9100036621093,1736400
2020-08-06,202.2061462402344,241.5500030517578,242.1999969482422,239.1100006103516,240.8500061035156,1747000
2020-08-07,201.4862060546875,240.69000244140625,243.6199951171875,238.57000732421875,243.5800018310547,1352300
2020-08-10,199.37664794921875,238.1699981689453,240.6699981689453,236.2100067138672,240.259994506836,1533200
2020-08-11,196.4300231933593,234.6499938964844,238.8999938964844,234.3600006103516,238.17999267578125,2296200
2020-08-12,202.3484649658203,241.72000122070312,243.0,234.69000244140625,234.69000244140625,2325500
2020-08-13,201.293685913086,240.4600067138672,242.7700042724609,239.6100006103516,241.3099975585937,1362800
2020-08-14,202.00997924804688,239.7100067138672,240.0599975585937,238.6199951171875,239.2100067138672,1225000
2020-08-17,204.79098510742188,243.009994506836,244.7400054931641,240.2100067138672,240.2100067138672,1697500
2020-08-18,203.51841735839844,241.5,244.3099975585937,240.0200042724609,243.5200042724609,1123800
2020-08-19,202.66729736328125,240.4900054931641,243.72999572753903,238.5,241.0200042724609,1900500
2020-08-20,201.18411254882807,238.72999572753903,240.69000244140625,237.3000030517578,240.1300048828125,1172800
2020-08-21,200.2655487060547,237.63999938964844,238.8800048828125,235.509994506836,238.8800048828125,1959900
2020-08-24,198.5210723876953,235.57000732421875,238.44000244140625,233.5599975585937,237.72999572753903,1565300
2020-08-25,209.1815948486328,248.22000122070312,249.9600067138672,240.8000030517578,242.8999938964844,6392100
2020-08-26,210.8333435058593,250.17999267578125,251.3800048828125,245.759994506836,248.3300018310547,3125000
2020-08-27,213.0497131347656,252.8099975585937,256.9100036621094,250.4100036621093,252.2400054931641,3928300
2020-08-28,213.3109436035156,253.1199951171875,254.13999938964844,247.7899932861328,253.3999938964844,12838400
2020-08-31,213.4794921875,253.32000732421875,256.04998779296875,250.1000061035156,252.92999267578125,4053900
2020-09-01,211.4063873291016,250.8600006103516,252.0399932861328,248.67999267578125,250.0500030517578,2869000
2020-09-02,217.52459716796875,258.1199951171875,258.79998779296875,251.22000122070312,251.22000122070312,2871600
2020-09-03,208.9203491210937,247.9100036621093,260.0599975585937,246.3500061035156,259.2900085449219,3137700
2020-09-04,209.33331298828125,248.3999938964844,252.2700042724609,244.5800018310547,251.3300018310547,2910200
2020-09-08,203.2487945556641,241.17999267578125,246.9900054931641,239.52999877929688,246.22999572753903,3358600
2020-09-09,206.94839477539065,245.57000732421875,247.4900054931641,241.82000732421875,242.63999938964844,2244300
2020-09-10,202.7937469482422,240.63999938964844,246.13999938964844,238.8999938964844,244.5599975585937,2126400
2020-09-11,204.9595184326172,243.2100067138672,245.4900054931641,241.07000732421875,241.6999969482422,1899400
2020-09-14,207.9427490234375,246.75,247.83999633789065,244.25,244.83999633789065,2086500
2020-09-15,209.2911529541016,248.3500061035156,251.9199981689453,248.1000061035156,248.6999969482422,2243900
2020-09-16,208.79391479492188,247.759994506836,251.3500061035156,247.0,251.3500061035156,2325300
2020-09-17,209.0635986328125,248.0800018310547,249.72000122070312,243.0200042724609,243.52999877929688,2801100
2020-09-18,208.7602386474609,247.72000122070312,249.83999633789065,242.3500061035156,248.69000244140625,6042400
2020-09-21,204.9426727294922,243.19000244140625,247.0399932861328,238.1999969482422,247.0399932861328,2745300
2020-09-22,208.57485961914065,247.5,248.2899932861328,240.8999938964844,241.5500030517578,2172600
2020-09-23,204.43704223632807,242.58999633789065,249.22999572753903,241.47999572753903,247.3000030517578,2104300
2020-09-24,202.5240478515625,240.32000732421875,242.67999267578125,237.77999877929688,242.1499938964844,1827200
2020-09-25,205.4735717773437,243.82000732421875,244.17999267578125,237.8099975585937,239.509994506836,2635700
2020-09-28,208.17874145507807,247.02999877929688,249.0399932861328,244.7700042724609,247.67999267578125,2213900
2020-09-29,209.2490081787109,248.3000030517578,249.0500030517578,245.47999572753903,247.5500030517578,2008000
2020-09-30,214.1873779296875,254.1600036621093,256.1199951171875,248.1000061035156,249.8099975585937,3526600
2020-10-01,215.2239532470703,255.38999938964844,258.510009765625,254.0500030517578,255.07000732421875,2428300
2020-10-02,206.8135223388672,245.4100036621093,254.6600036621093,244.009994506836,252.3999938964844,2514100
2020-10-05,215.7464141845703,256.010009765625,256.6499938964844,246.2400054931641,246.5200042724609,2852300
2020-10-06,212.9485778808593,252.69000244140625,257.3999938964844,252.13999938964844,257.3999938964844,2431400
2020-10-07,217.1453552246093,257.6700134277344,258.3999938964844,253.1000061035156,253.9600067138672,1842800
2020-10-08,202.3302459716797,240.08999633789065,250.0599975585937,239.0,249.2700042724609,5592300
2020-10-09,199.47341918945312,236.6999969482422,239.5800018310547,234.0200042724609,238.5,4183000
2020-10-12,201.84141540527344,239.509994506836,241.9199981689453,235.759994506836,237.72999572753903,2881600
2020-10-13,201.6981964111328,239.33999633789065,241.8699951171875,238.8699951171875,239.1999969482422,2065600
2020-10-14,200.27394104003903,237.6499938964844,242.2700042724609,237.1999969482422,240.3999938964844,2693600
2020-10-15,198.0491638183593,235.009994506836,236.9900054931641,232.8699951171875,236.0,2531000
2020-10-16,198.64749145507807,235.72000122070312,239.1600036621093,233.8000030517578,235.3500061035156,2059300
2020-10-19,194.4254302978516,230.7100067138672,237.44000244140625,230.009994506836,236.2100067138672,2749800
2020-10-20,194.754135131836,231.1000061035156,232.8999938964844,229.3600006103516,231.0599975585937,1950100
2020-10-21,192.9591217041016,228.97000122070312,231.1100006103516,227.5399932861328,229.4600067138672,1978700
2020-10-22,192.124755859375,227.97999572753903,229.92999267578125,226.1600036621093,228.1000061035156,2172900
2020-10-23,191.43374633789065,227.1600036621093,230.07000732421875,226.3000030517578,228.72000122070312,2104200
2020-10-26,189.52081298828125,224.88999938964844,228.22999572753903,221.7899932861328,226.0200042724609,3087100
2020-10-27,188.3157196044922,223.4600067138672,225.9499969482422,223.13999938964844,225.0599975585937,1934400
2020-10-28,182.3491973876953,216.3800048828125,221.0599975585937,215.92999267578125,219.0200042724609,2874000
2020-10-29,183.5626983642578,217.82000732421875,220.3300018310547,210.27999877929688,213.6300048828125,2994100
2020-10-30,182.82107543945312,216.94000244140625,217.2700042724609,213.9600067138672,216.22000122070312,3262500
2020-11-02,185.57684326171875,220.2100067138672,222.3699951171875,217.1999969482422,221.5599975585937,2029000
2020-11-03,185.450439453125,220.0599975585937,223.0800018310547,218.4600067138672,221.759994506836,2533600
2020-11-04,194.105209350586,230.3300018310547,235.97999572753903,225.1000061035156,226.2899932861328,3810000
2020-11-05,195.48727416992188,231.97000122070312,233.8300018310547,230.0,233.7700042724609,2070300
2020-11-06,195.2344512939453,231.6699981689453,233.2100067138672,230.0399932861328,232.6600036621093,2028500
2020-11-09,198.0407257080078,235.0,244.8000030517578,234.0,242.94000244140625,2996200
2020-11-10,203.60275268554688,241.6000061035156,245.83999633789065,239.47000122070312,244.0,3742800
2020-11-11,202.83590698242188,240.69000244140625,245.6699981689453,238.5,242.5200042724609,2244800
2020-11-12,199.8441619873047,237.13999938964844,240.88999938964844,235.63999938964844,240.5500030517578,2438200
2020-11-13,201.38839721679688,237.3600006103516,238.58999633789065,235.0,236.88999938964844,1767100
2020-11-16,200.79443359375,236.6600036621093,239.82000732421875,235.259994506836,237.4199981689453,2069200
2020-11-17,197.2139587402344,232.44000244140625,236.92999267578125,232.1199951171875,235.009994506836,1935100
2020-11-18,193.24317932128903,227.759994506836,234.3699951171875,227.63999938964844,234.0500030517578,2466200
2020-11-19,190.6215209960937,224.6699981689453,226.97000122070312,223.58999633789065,226.97000122070312,2595700
2020-11-20,189.34884643554688,223.1699981689453,225.08999633789065,221.47999572753903,223.22000122070312,2956200
2020-11-23,188.5428161621093,222.22000122070312,223.1699981689453,220.33999633789065,222.0599975585937,2032600
2020-11-24,187.04953002929688,220.4600067138672,223.0500030517578,219.82000732421875,222.4499969482422,3198300
2020-11-25,186.92225646972656,220.3099975585937,223.7700042724609,218.9199981689453,221.1000061035156,2550300
2020-11-27,190.74029541015625,224.8099975585937,226.2100067138672,221.38999938964844,221.4100036621093,1698300
2020-11-30,188.3900909423828,222.0399932861328,225.27999877929688,219.4499969482422,224.3300018310547,4857700
2020-12-01,190.9693603515625,225.0800018310547,225.77999877929688,222.72000122070312,224.8800048828125,3050600
2020-12-02,192.2250823974609,226.5599975585937,230.0800018310547,224.6100006103516,225.0800018310547,2641200
2020-12-03,192.52207946777344,226.9100036621093,228.4499969482422,225.5200042724609,226.0,2167800
2020-12-04,194.4734802246093,229.2100067138672,230.3300018310547,225.75,225.75,2008800
2020-12-07,192.1317443847656,226.4499969482422,229.2100067138672,225.1100006103516,229.0,2250300
2020-12-08,194.24441528320312,228.94000244140625,229.1000061035156,226.3500061035156,229.009994506836,2124500
2020-12-09,195.01649475097656,229.8500061035156,231.58999633789065,227.8800048828125,229.77999877929688,2210000
2020-12-10,193.5826110839844,228.1600036621093,230.0,227.5200042724609,229.6199951171875,1558100
2020-12-11,192.9377593994141,227.3999938964844,227.8000030517578,225.5,226.47000122070312,2019300
2020-12-14,194.68560791015625,229.4600067138672,232.19000244140625,227.5800018310547,229.47999572753903,2904700
2020-12-15,195.5934295654297,230.52999877929688,231.27999877929688,227.0,229.009994506836,2566600
2020-12-16,193.82017517089844,228.44000244140625,231.27999877929688,228.1100006103516,229.9900054931641,2589100
2020-12-17,196.19583129882807,231.2400054931641,231.3800048828125,228.8300018310547,229.1199951171875,2510400
2020-12-18,193.8626251220703,228.4900054931641,232.0399932861328,227.25,232.0399932861328,5888900
2020-12-21,192.8614196777344,227.3099975585937,227.94000244140625,221.5800018310547,225.67999267578125,2311400
2020-12-22,187.49923706054688,220.9900054931641,226.47999572753903,220.0800018310547,225.72000122070312,3571600
2020-12-23,189.1537170410156,222.94000244140625,223.5800018310547,220.6600036621093,221.47999572753903,1763500
2020-12-24,189.14520263671875,222.92999267578125,224.5800018310547,222.2899932861328,223.2400054931641,955400
2020-12-28,189.75607299804688,223.6499938964844,226.8999938964844,223.02999877929688,223.02999877929688,1495100
2020-12-29,192.4881134033203,226.8699951171875,229.47000122070312,225.2700042724609,225.8800048828125,1564400
2020-12-30,192.7426605224609,227.1699981689453,229.02999877929688,226.5800018310547,227.97999572753903,1891400
2020-12-31,195.075912475586,229.9199981689453,230.25,225.88999938964844,227.3099975585937,1821000
