date,adjclose,close,high,low,open,volume
2015-01-02,102.57989501953124,120.09848022460938,122.01545715332033,119.18791961669922,121.44036102294922,8538620
2015-01-05,100.6969757080078,117.89395904541016,119.85885620117188,117.51056671142578,119.85885620117188,8770735
2015-01-06,98.52748107910156,115.35396575927734,117.75018310546876,114.68302917480467,117.22301483154295,13304295
2015-01-07,98.56842041015624,115.40189361572266,116.8875503540039,114.92264556884766,116.02490997314452,9106535
2015-01-08,99.75548553466795,116.7917022705078,116.8396224975586,115.64151763916016,116.55207824707033,9019294
2015-01-09,98.36375427246094,115.16226959228516,117.55848693847656,114.77887725830078,117.51056671142578,9000055
2015-01-12,98.15906524658205,114.92264556884766,115.68943786621094,113.9162368774414,115.35396575927734,8945573
2015-01-13,97.6678695678711,114.3475570678711,116.5999984741211,113.24529266357422,116.26453399658205,8591202
2015-01-14,97.34040069580078,113.96416473388672,114.29962921142578,112.19095611572266,113.34114074707033,8732675
2015-01-15,96.52172088623048,113.00567626953124,114.87472534179688,112.90982818603516,114.3475570678711,6568703
2015-01-16,96.5626220703125,113.05359649658205,113.34114074707033,112.38265991210938,112.67020416259766,10390099
2015-01-20,97.6269302368164,114.29962921142578,114.39547729492188,112.86190032958984,114.251708984375,9298421
2015-01-21,98.4046630859375,115.21019744873048,115.40189361572266,113.62869262695312,114.20378112792967,7849930
2015-01-22,99.3870849609375,116.36038208007812,116.7437744140625,114.82679748535156,116.45623016357422,9834098
2015-01-23,100.20575714111328,117.3188705444336,119.28376770019533,116.4083023071289,117.0792465209961,13299850
2015-01-26,100.6560287475586,117.84603118896484,118.56490325927734,116.93547058105467,118.46905517578124,8174317
2015-01-27,99.7964096069336,116.8396224975586,117.22301483154295,115.97698211669922,116.8875503540039,8012228
2015-01-28,97.58599853515624,114.251708984375,117.36679077148438,114.1079330444336,117.27094268798828,10360866
2015-01-29,98.56842041015624,115.40189361572266,115.97698211669922,113.96416473388672,114.251708984375,8437544
2015-01-30,97.7906494140625,114.49132537841795,115.54566192626952,114.1558609008789,114.4434051513672,11416362
2015-02-02,99.10054779052734,116.02490997314452,116.07283020019533,114.53925323486328,115.01849365234376,8263540
2015-02-03,100.1648178100586,117.27094268798828,117.55848693847656,116.26453399658205,116.4083023071289,7871527
2015-02-04,98.89590454101562,115.78528594970705,117.0792465209961,115.40189361572266,116.9833984375,6935093
2015-02-05,100.28762817382812,117.41471862792967,117.41471862792967,116.1686782836914,116.21660614013672,5351640
2015-02-06,100.3695068359375,117.51056671142578,118.61282348632812,117.27094268798828,117.60641479492188,5732365
2015-02-09,100.86068725585938,118.08565521240234,118.61282348632812,117.1750946044922,117.27094268798828,5693136
2015-02-10,101.18815612792967,118.46905517578124,118.85244750976562,117.65433502197266,118.70867156982422,5649693
2015-02-11,101.39283752441406,118.70867156982422,118.94829559326172,117.89395904541016,118.42112731933594,5102894
2015-02-12,101.88401794433594,119.28376770019533,119.76300811767578,118.42112731933594,118.9003677368164,5534199
2015-02-13,102.94834899902344,120.52980041503906,120.62564849853516,119.5233917236328,119.76300811767578,6901749
2015-02-17,103.03018951416016,120.62564849853516,120.81734466552734,119.715087890625,120.38602447509766,7509644
2015-02-18,103.35767364501952,121.00904083251952,121.20074462890624,120.52980041503906,121.20074462890624,6414440
2015-02-19,103.31634521484376,119.85885620117188,120.81734466552734,119.5713119506836,119.95470428466795,6934446
2015-02-20,104.14256286621094,120.81734466552734,120.86527252197266,118.85244750976562,119.23583984375,8323489
2015-02-23,103.97731018066406,120.62564849853516,121.24866485595705,120.29017639160156,120.86527252197266,6421471
2015-02-24,104.88612365722656,121.67998504638672,121.967529296875,120.24225616455078,120.38602447509766,8860648
2015-02-25,107.03424835205078,124.17205047607422,124.8909149169922,121.91960906982422,121.967529296875,14234844
2015-02-26,106.95162963867188,124.07620239257812,124.65129852294922,123.69281005859376,124.31582641601562,7980741
2015-02-27,107.3647232055664,124.55545043945312,125.89733123779295,123.40526580810548,123.78865814208984,10752733
2015-03-02,107.86043548583984,125.13053894042967,125.178466796875,123.88450622558594,124.02828216552734,6762530
2015-03-03,106.82770538330078,123.93243408203124,124.9867706298828,123.54903411865234,124.8429946899414,6373020
2015-03-04,106.00147247314452,122.97394561767578,123.50111389160156,122.0633773803711,123.45318603515624,6581995
2015-03-05,106.66244506835938,123.74073028564452,123.74073028564452,122.59054565429688,122.7822494506836,5920536
2015-03-06,105.01007080078124,121.82376098632812,123.54903411865234,121.39244079589844,123.21356201171876,6737031
2015-03-09,105.91887664794922,122.87809753417967,123.16564178466795,122.1592254638672,122.3030014038086,6591865
2015-03-10,103.97731018066406,120.62564849853516,122.87809753417967,120.62564849853516,122.2071533203125,7812747
2015-03-11,104.05992889404295,120.72149658203124,122.1592254638672,120.48187255859376,121.15281677246094,7553171
2015-03-12,104.92743682861328,121.7279052734375,121.7758331298828,120.62564849853516,121.10489654541016,6128301
2015-03-13,103.4402847290039,120.00263214111328,121.53620910644533,118.9003677368164,121.15281677246094,9453853
2015-03-16,105.1339874267578,121.967529296875,122.1113052368164,119.6192398071289,120.09848022460938,7221878
2015-03-17,104.5556411743164,121.29659271240234,121.67998504638672,120.24225616455078,121.24866485595705,7148555
2015-03-18,105.91887664794922,122.87809753417967,123.88450622558594,120.33810424804688,120.67357635498048,7992342
2015-03-19,104.63825988769533,121.39244079589844,122.73432159423828,121.05696868896484,121.91960906982422,7994846
2015-03-20,104.92743682861328,121.7279052734375,122.3509292602539,121.24866485595705,121.44036102294922,10565104
2015-03-23,105.21661376953124,122.0633773803711,123.35733795166016,121.967529296875,122.1113052368164,6673953
2015-03-24,104.390380859375,121.10489654541016,122.1113052368164,121.10489654541016,121.6320571899414,5383753
2015-03-25,102.90322875976562,119.3796157836914,121.39244079589844,119.3796157836914,120.91319274902344,7281764
2015-03-26,102.44886779785156,118.85244750976562,119.42754364013672,118.22943115234376,118.85244750976562,6782436
2015-03-27,102.69669342041016,119.1399917602539,119.42754364013672,118.42112731933594,119.42754364013672,5909436
2015-03-30,103.770751953125,120.38602447509766,120.76942443847656,119.66716003417967,119.715087890625,5692594
2015-03-31,102.49012756347656,118.9003677368164,120.24225616455078,118.9003677368164,120.24225616455078,7290841
2015-04-01,102.61408233642578,119.0441436767578,119.42754364013672,117.75018310546876,118.46905517578124,8085552
2015-04-02,103.02719116210938,119.5233917236328,119.8109359741211,118.37319946289062,118.9003677368164,6095667
2015-04-06,104.01860809326172,120.67357635498048,121.7758331298828,118.80451965332033,119.3316879272461,6978724
2015-04-07,103.3576889038086,119.9067840576172,121.15281677246094,119.8109359741211,120.62564849853516,4436490
2015-04-08,103.31634521484376,119.85885620117188,120.38602447509766,119.18791961669922,120.05055236816406,4682210
2015-04-09,106.2906723022461,123.30941772460938,123.78865814208984,119.42754364013672,120.24225616455078,12551004
2015-04-10,117.77482604980467,136.63238525390625,137.4470977783203,129.39581298828125,130.01882934570312,73595516
2015-04-13,114.13957977294922,132.4150390625,135.09881591796875,131.79202270507812,134.47579956054688,32130811
2015-04-14,114.55265045166016,132.894287109375,133.4214630126953,131.21693420410156,131.69618225097656,11638587
2015-04-15,113.43729400634766,131.60032653808594,133.46937561035156,131.45655822753906,132.7025909423828,11772736
2015-04-16,112.69371032714844,130.73768615722656,131.79202270507812,130.25845336914062,130.8814697265625,13012815
2015-04-17,112.5697784423828,130.5939178466797,132.75051879882812,129.01242065429688,131.3127899169922,18319384
2015-04-20,111.6196746826172,129.4916534423828,131.50448608398438,129.44374084472656,130.92938232421875,12871738
2015-04-21,109.96725463867188,127.5746841430664,129.683349609375,127.2392120361328,129.53958129882812,16040335
2015-04-22,111.16524505615234,128.96449279785156,129.4916534423828,127.47883605957033,127.95807647705078,9818824
2015-04-23,110.91736602783205,128.67694091796875,129.7312774658203,128.00599670410156,128.3414764404297,7963756
2015-04-24,110.71084594726562,128.43731689453125,129.10826110839844,127.95807647705078,128.8207244873047,5782861
2015-04-27,111.04132843017578,128.8207244873047,129.39581298828125,128.48524475097656,129.20411682128906,7557261
2015-04-28,112.03276824951172,129.9709014892578,130.16259765625,127.6705322265625,129.15618896484375,8018175
2015-04-29,111.9088134765625,129.82713317871094,130.5939178466797,128.91656494140625,129.15618896484375,7752631
2015-04-30,111.86754608154295,129.77920532226562,131.0731658935547,129.2520294189453,129.683349609375,8969340
2015-05-01,112.81766510009766,130.8814697265625,130.92938232421875,129.34788513183594,129.82713317871094,5905826
2015-05-04,112.65242767333984,130.6897735595703,132.31919860839844,130.5939178466797,131.12109375,5467301
2015-05-05,111.2065658569336,129.01242065429688,131.12109375,128.67694091796875,130.5939178466797,6332331
2015-05-06,110.75212860107422,128.48524475097656,130.25845336914062,127.5267562866211,129.39581298828125,5792668
2015-05-07,111.70225524902344,129.58750915527344,129.9709014892578,127.7663803100586,128.3414764404297,6476496
2015-05-08,113.0241928100586,131.12109375,131.74411010742188,130.4501495361328,130.5939178466797,7766716
2015-05-11,111.2065658569336,129.01242065429688,130.8335418701172,128.72486877441406,130.5939178466797,6771794
2015-05-12,111.66094207763672,129.53958129882812,129.82713317871094,128.19769287109375,128.53317260742188,6216002
2015-05-13,112.40455627441406,130.4022216796875,130.54598999023438,129.01242065429688,129.4916534423828,7756053
2015-05-14,113.23074340820312,131.36070251464844,131.45655822753906,130.1146697998047,130.92938232421875,5628889
2015-05-15,112.65242767333984,130.6897735595703,131.50448608398438,130.5939178466797,131.21693420410156,7463572
2015-05-18,112.81766510009766,130.8814697265625,131.26486206054688,130.4022216796875,130.4022216796875,4692706
2015-05-19,112.9828872680664,131.0731658935547,131.26486206054688,130.4022216796875,130.6897735595703,6082667
2015-05-20,114.18090057373048,132.4629669189453,132.75051879882812,130.3542938232422,131.02523803710938,8382707
2015-05-21,114.51136779785156,132.8463592529297,133.1818389892578,132.03164672851562,132.6546630859375,8411398
2015-05-22,114.34610748291016,132.6546630859375,133.1339111328125,132.36712646484375,132.7025909423828,4859594
2015-05-26,113.68514251708984,131.88787841796875,132.17543029785156,131.21693420410156,131.88787841796875,9904188
2015-05-27,113.68514251708984,131.88787841796875,132.36712646484375,131.60032653808594,132.12750244140625,5284743
2015-05-28,114.13957977294922,132.4150390625,132.4150390625,130.8335418701172,131.79202270507812,5512498
2015-05-29,112.65242767333984,130.6897735595703,131.79202270507812,130.6897735595703,131.79202270507812,8693071
2015-06-01,112.69371032714844,130.73768615722656,131.02523803710938,129.7312774658203,130.641845703125,6953122
2015-06-02,112.90026092529295,130.97731018066406,131.40863037109375,130.1146697998047,130.4501495361328,5493092
2015-06-03,113.72644805908205,131.93580627441406,132.07957458496094,131.12109375,131.45655822753906,5489128
2015-06-04,112.61112213134766,130.641845703125,132.36712646484375,130.4022216796875,131.40863037109375,6961072
2015-06-05,112.73500061035156,130.78561401367188,131.21693420410156,130.16259765625,130.641845703125,6395013
2015-06-08,112.52847290039062,130.54598999023438,131.12109375,130.4022216796875,130.92938232421875,6220801
2015-06-09,112.90026092529295,130.97731018066406,131.64825439453125,130.2105255126953,130.73768615722656,6492291
2015-06-10,114.13957977294922,132.4150390625,132.6546630859375,130.92938232421875,131.12109375,6922511
2015-06-11,113.64383697509766,131.83995056152344,132.4629669189453,131.12109375,132.12750244140625,6549569
2015-06-12,113.1481475830078,131.26486206054688,131.69618225097656,130.73768615722656,131.50448608398438,4626164
2015-06-15,112.40455627441406,130.4022216796875,131.26486206054688,129.9229736328125,131.26486206054688,5946598
2015-06-16,112.44586181640624,130.4501495361328,130.54598999023438,129.39581298828125,130.2105255126953,5752709
2015-06-17,112.65242767333984,130.6897735595703,131.3127899169922,129.9229736328125,130.30636596679688,7626245
2015-06-18,114.02723693847656,131.16900634765625,131.36070251464844,129.53958129882812,129.77920532226562,7862534
2015-06-19,113.4856185913086,130.54598999023438,131.21693420410156,130.25845336914062,130.6897735595703,12575563
2015-06-22,114.2355499267578,131.40863037109375,131.79202270507812,130.78561401367188,130.8335418701172,5739188
2015-06-23,114.7771453857422,132.03164672851562,132.27127075195312,131.26486206054688,131.40863037109375,6783792
2015-06-24,113.5689697265625,130.641845703125,132.2233428955078,130.5939178466797,132.03164672851562,6772483
2015-06-25,112.65239715576172,129.58750915527344,131.0731658935547,129.4916534423828,130.73768615722656,4870611
2015-06-26,112.86070251464844,129.82713317871094,130.01882934570312,128.96449279785156,129.58750915527344,5378766
2015-06-29,110.98596954345705,127.6705322265625,129.2520294189453,127.14336395263672,128.91656494140625,6963534
2015-06-30,110.69430541992188,127.3350601196289,129.20411682128906,127.14336395263672,128.53317260742188,7419565
2015-07-01,111.0692901611328,127.7663803100586,128.77279663085938,126.85581970214844,127.8143081665039,6349045
2015-07-02,111.56919860839844,128.3414764404297,128.5811004638672,127.47883605957033,127.95807647705078,5425694
2015-07-06,109.6111297607422,126.08902740478516,127.6705322265625,125.56185913085938,127.14336395263672,5812929
2015-07-07,110.27770233154295,126.85581970214844,127.2392120361328,124.26789855957033,126.42449951171876,6812212
2015-07-08,107.86134338378906,124.07620239257812,125.75355529785156,124.02828216552734,125.0346908569336,6683593
2015-07-09,108.4029769897461,124.69921875,126.52034759521484,124.65129852294922,125.41808319091795,6345706
2015-07-10,109.44449615478516,125.89733123779295,126.71204376220705,124.7950668334961,126.47241973876952,5291629
2015-07-13,110.27770233154295,126.85581970214844,127.14336395263672,125.75355529785156,126.95166778564452,5075622
2015-07-14,111.0692901611328,127.7663803100586,128.1018524169922,126.28072357177734,126.28072357177734,4652038
2015-07-15,111.52757263183594,128.29354858398438,128.389404296875,127.47883605957033,127.5267562866211,5826910
2015-07-16,112.65239715576172,129.58750915527344,129.58750915527344,128.62901306152344,129.29995727539062,6392447
2015-07-17,113.4856185913086,130.54598999023438,130.97731018066406,129.53958129882812,130.641845703125,8595000
2015-07-20,113.06900787353516,130.06675720214844,130.4022216796875,129.44374084472656,129.9709014892578,5151158
2015-07-21,111.86083221435548,128.67694091796875,130.1146697998047,128.43731689453125,129.44374084472656,6110106
2015-07-22,110.94428253173828,127.6226043701172,129.20411682128906,127.3350601196289,128.8207244873047,5035726
2015-07-23,109.4028091430664,125.84940338134766,127.47883605957033,125.56185913085938,127.38298797607422,4841211
2015-07-24,107.27810668945312,123.40526580810548,126.13695526123048,123.02186584472656,126.08902740478516,6494441
2015-07-27,108.1112823486328,124.3637466430664,124.5075225830078,122.3030014038086,122.39884948730467,7569635
2015-07-28,108.73625946044922,125.0826187133789,125.75355529785156,124.3637466430664,125.0826187133789,5792105
2015-07-29,109.4028091430664,125.84940338134766,125.94525146484376,124.8429946899414,125.0346908569336,5005365
2015-07-30,108.81956481933594,125.178466796875,125.75355529785156,124.65129852294922,125.70563507080078,4615376
2015-07-31,108.73625946044922,125.0826187133789,125.99317932128906,124.8429946899414,125.70563507080078,4840439
2015-08-03,107.77803802490234,123.98035430908205,125.22638702392578,122.68639373779295,125.178466796875,6798273
2015-08-04,107.90302276611328,124.12413024902344,124.8909149169922,123.78865814208984,124.07620239257812,4587478
2015-08-05,108.73625946044922,125.0826187133789,126.18487548828124,124.74714660644533,125.0346908569336,5314916
2015-08-06,108.44461822509766,124.74714660644533,125.46601104736328,124.41167449951172,125.32223510742188,3609479
2015-08-07,107.44470977783205,123.59696197509766,124.8909149169922,122.73432159423828,124.3637466430664,5407728
2015-08-10,109.31949615478516,125.75355529785156,126.04109954833984,124.12413024902344,124.12413024902344,4899219
2015-08-11,107.11141204833984,123.21356201171876,124.74714660644533,122.87809753417967,124.74714660644533,5891637
2015-08-12,107.73635864257812,123.93243408203124,124.02828216552734,121.48828887939452,122.39884948730467,6567598
2015-08-13,107.44470977783205,123.59696197509766,124.17205047607422,122.7822494506836,123.50111389160156,3425960
2015-08-14,108.65290832519533,124.9867706298828,125.0826187133789,122.7822494506836,122.92601776123048,4337313
2015-08-17,109.19452667236328,125.60978698730467,125.75355529785156,123.64488220214844,124.3637466430664,4011257
2015-08-18,108.61125946044922,124.9388427734375,125.60978698730467,124.31582641601562,125.41808319091795,4246023
2015-08-19,107.19476318359376,123.30941772460938,124.74714660644533,122.7822494506836,124.12413024902344,6082479
2015-08-20,104.9450454711914,120.72149658203124,122.87809753417967,120.67357635498048,122.2550811767578,7229265
2015-08-21,102.44536590576172,117.84603118896484,120.43395233154295,117.70226287841795,119.3316879272461,13584299
2015-08-24,99.44573211669922,114.39547729492188,115.21019744873048,92.82951354980467,109.45926666259766,19037599
2015-08-25,96.9460678100586,111.52001953125,118.56490325927734,111.52001953125,118.51697540283205,12682065
2015-08-26,100.02899932861328,115.06642150878906,115.35396575927734,111.52001953125,114.29962921142578,16477190
2015-08-27,104.19515228271484,119.85885620117188,119.85885620117188,116.8396224975586,117.0792465209961,13540959
2015-08-28,104.820068359375,120.57772064208984,120.62564849853516,118.75659942626952,119.42754364013672,6873851
2015-08-31,103.40359497070312,118.94829559326172,119.715087890625,117.79811096191406,119.715087890625,7721916
2015-09-01,99.48741149902344,114.4434051513672,116.7437744140625,113.48491668701172,116.1686782836914,13634816
2015-09-02,102.362060546875,117.75018310546876,117.79811096191406,114.20378112792967,115.68943786621094,10533429
2015-09-03,102.112060546875,117.46263885498048,119.5713119506836,116.8875503540039,118.66075134277344,7003701
2015-09-04,99.9873275756836,115.01849365234376,115.88113403320312,114.29962921142578,115.88113403320312,7434296
2015-09-08,103.98684692382812,119.6192398071289,119.715087890625,116.3124542236328,117.46263885498048,9642859
2015-09-09,102.2787094116211,117.65433502197266,120.86527252197266,117.3188705444336,120.76942443847656,7222045
2015-09-10,102.8202896118164,118.27735137939452,119.1399917602539,117.41471862792967,117.70226287841795,7312166
2015-09-11,103.94519805908205,119.5713119506836,119.6192398071289,117.41471862792967,118.56490325927734,6656947
2015-09-14,103.19524383544922,118.70867156982422,119.715087890625,117.89395904541016,119.66716003417967,5474792
2015-09-15,105.40330505371094,121.24866485595705,121.967529296875,118.37319946289062,119.3316879272461,9668295
2015-09-16,108.02799224853516,124.26789855957033,124.74714660644533,121.82376098632812,122.3509292602539,12841086
2015-09-17,106.55680847167967,121.48828887939452,124.26789855957033,121.10489654541016,122.2071533203125,10191912
2015-09-18,104.24494171142578,118.85244750976562,120.81734466552734,118.42112731933594,120.52980041503906,16248371
2015-09-21,105.46389770507812,120.24225616455078,120.76942443847656,119.0441436767578,119.28376770019533,6180342
2015-09-22,105.54798126220705,120.33810424804688,120.57772064208984,117.89395904541016,118.66075134277344,9223908
2015-09-23,105.67406463623048,120.48187255859376,121.39244079589844,119.715087890625,119.85885620117188,8594791
2015-09-24,104.70730590820312,119.3796157836914,121.967529296875,118.13358306884766,119.18791961669922,11109065
2015-09-25,104.74933624267578,119.42754364013672,120.00263214111328,119.1399917602539,119.8109359741211,8127409
2015-09-28,102.18523406982422,116.504150390625,118.56490325927734,116.504150390625,118.32527923583984,8897623
2015-09-29,103.27813720703124,117.75018310546876,117.89395904541016,116.26453399658205,116.5999984741211,8677797
2015-09-30,106.01036834716795,120.86527252197266,120.96112060546876,118.32527923583984,118.51697540283205,9130698
2015-10-01,105.8842544555664,120.72149658203124,121.29659271240234,118.80451965332033,120.52980041503906,8288809
2015-10-02,107.06121063232422,122.0633773803711,122.1592254638672,118.99622344970705,119.18791961669922,8904905
2015-10-05,112.73583221435548,128.53317260742188,130.3542938232422,125.65770721435548,126.37657165527344,21997846
2015-10-06,114.71142578125,130.78561401367188,131.36070251464844,129.20411682128906,129.34788513183594,15004766
2015-10-07,116.72905731201172,133.0859832763672,133.0859832763672,130.92938232421875,131.79202270507812,13703048
2015-10-08,117.82193756103516,134.33201599121094,135.146728515625,131.45655822753906,132.4150390625,10665700
2015-10-09,117.99010467529295,134.52371215820312,135.00296020507812,133.66107177734375,134.09239196777344,9875476
2015-10-12,118.07416534423828,134.61956787109375,135.00296020507812,133.75692749023438,134.09239196777344,5266548
2015-10-13,117.14942932128906,133.5652313232422,135.53013610839844,133.5652313232422,134.0444793701172,9014870
2015-10-14,116.0145034790039,132.27127075195312,133.4214630126953,131.69618225097656,132.9422149658203,8160336
2015-10-15,117.82193756103516,134.33201599121094,135.00296020507812,132.4629669189453,133.22975158691406,16062516
2015-10-16,121.81522369384766,138.8848419189453,139.89125061035156,135.24258422851562,137.11163330078125,29634440
2015-10-19,121.85725402832033,138.93275451660156,141.66444396972656,137.78257751464844,138.02220153808594,27342329
2015-10-20,120.97453308105467,137.9263458251953,138.98068237304688,137.54295349121094,138.1180419921875,15681999
2015-10-21,121.26881408691406,138.26182556152344,140.13087463378906,137.9263458251953,137.97427368164062,13647356
2015-10-22,124.33731079101562,141.7602996826172,142.52708435058594,138.5493621826172,138.74105834960938,17001036
2015-10-23,124.04304504394533,141.42481994628906,142.95840454101562,140.99351501464844,142.33538818359375,16039271
2015-10-26,124.21115112304688,141.6165313720703,142.14369201660156,140.94558715820312,141.47274780273438,10173821
2015-10-27,123.83284759521484,141.18521118164062,142.0478515625,140.08294677734375,140.94558715820312,14106851
2015-10-28,123.53863525390624,140.8497314453125,141.7602996826172,139.69955444335938,140.56219482421875,14831180
2015-10-29,123.32845306396484,140.610107421875,140.8018035888672,139.2682342529297,139.79539489746094,8841827
2015-10-30,121.5630111694336,138.5972900390625,140.56219482421875,138.5493621826172,140.03501892089844,14819474
2015-11-02,123.58064270019533,140.8976593017578,140.8976593017578,138.4055938720703,138.69313049316406,12416375
2015-11-03,124.37932586669922,141.8082275390625,142.76670837402344,139.84332275390625,139.98709106445312,19996067
2015-11-04,124.16913604736328,141.568603515625,142.76670837402344,141.18521118164062,141.6165313720703,21937459
2015-11-05,124.58952331542967,142.0478515625,142.52708435058594,140.46633911132812,141.23312377929688,25580616
2015-11-06,125.76646423339844,143.3897247314453,143.5334930419922,140.1787872314453,141.08935546875,26314334
2015-11-09,125.05188751220705,142.57501220703125,143.5334930419922,140.8018035888672,142.62294006347656,30352447
2015-11-10,126.60711669921876,144.3482208251953,145.06707763671875,141.90406799316406,141.9999237060547,49967267
2015-11-11,128.91897583007812,146.9840545654297,147.7029266357422,144.7316131591797,144.7316131591797,41231379
2015-11-12,126.77530670166016,144.5399169921875,148.08631896972656,144.30029296875,145.73802185058594,61094507
2015-11-13,127.27967834472656,145.11500549316406,146.1214141845703,142.86256408691406,143.1021728515625,51571608
2015-11-16,127.6159210205078,145.49839782714844,146.64859008789062,142.67086791992188,143.19802856445312,59427840
2015-11-17,127.44780731201172,145.30670166015625,147.36744689941406,143.7731170654297,146.5048065185547,90002762
2015-11-18,128.2884979248047,146.2651824951172,146.5048065185547,144.2523651123047,144.82745361328125,37094987
2015-11-19,127.23762512207033,145.06707763671875,146.21726989746094,144.9712371826172,145.59425354003906,20642961
2015-11-20,128.87693786621094,146.93612670898438,148.51763916015625,144.77952575683594,145.01914978027344,43977100
2015-11-23,128.58270263671875,146.6006622314453,147.7029266357422,145.01914978027344,146.6006622314453,28251073
2015-11-24,128.87693786621094,146.93612670898438,147.94253540039062,145.11500549316406,145.35462951660156,30438937
2015-11-25,127.6159210205078,145.49839782714844,146.88819885253906,145.21084594726562,146.8402862548828,11301076
2015-11-27,127.6159210205078,145.49839782714844,145.59425354003906,144.68368530273438,145.06707763671875,6915875
2015-11-30,125.85055541992188,143.48558044433594,145.92971801757812,143.48558044433594,145.35462951660156,16633832
2015-12-01,126.81730651855467,144.58782958984375,144.9712371826172,143.1501007080078,143.72520446777344,11318854
2015-12-02,125.97665405273438,143.6293487548828,144.87538146972656,143.19802856445312,144.20443725585938,9206923
2015-12-03,126.22882080078124,143.91690063476562,144.9712371826172,143.6293487548828,144.20443725585938,13139431
2015-12-04,128.16238403320312,146.1214141845703,146.2651824951172,143.5814208984375,144.1085968017578,12144801
2015-12-07,127.657958984375,145.54632568359375,145.8817901611328,144.3482208251953,145.78594970703125,13913859
2015-12-08,126.90135192871094,144.68368530273438,145.59425354003906,143.341796875,144.1085968017578,11114491
2015-12-09,128.07833862304688,146.02557373046875,146.6006622314453,143.5814208984375,143.8689727783203,10550039
2015-12-10,128.83497619628906,146.88819885253906,148.23008728027344,145.54632568359375,145.8817901611328,9824333
2015-12-11,127.19561767578124,145.01914978027344,146.69650268554688,144.4919891357422,145.30670166015625,13126452
2015-12-14,127.19561767578124,145.01914978027344,145.97764587402344,142.67086791992188,145.01914978027344,13575410
2015-12-15,127.44780731201172,145.30670166015625,146.69650268554688,144.82745361328125,145.69009399414062,12383177
2015-12-16,130.22210693359375,148.46971130371094,149.66781616210938,145.78594970703125,145.97764587402344,15405835
2015-12-17,129.37513732910156,146.40896606445312,148.80517578125,146.3131103515625,148.27801513671875,12107430
2015-12-18,128.23170471191406,145.11500549316406,146.552734375,145.11500549316406,145.6421661376953,17349168
2015-12-21,128.7398681640625,145.69009399414062,146.64859008789062,144.4919891357422,145.78594970703125,8496553
2015-12-22,129.1210479736328,146.1214141845703,146.7923583984375,144.5399169921875,146.1214141845703,8817309
2015-12-23,131.0690155029297,148.32594299316406,148.5655517578125,146.2651824951172,146.2651824951172,7464970
2015-12-24,130.56085205078125,147.75083923339844,148.23008728027344,147.0799102783203,148.08631896972656,2820882
2015-12-28,130.85733032226562,148.08631896972656,148.5655517578125,146.69650268554688,147.31951904296875,5541585
2015-12-29,132.46653747558594,149.90744018554688,150.86593627929688,148.5655517578125,148.6134796142578,6969397
2015-12-30,131.49258422851562,148.80517578125,150.67422485351562,148.6134796142578,149.90744018554688,6077847
2015-12-31,131.91603088378906,149.284423828125,150.91384887695312,147.55914306640625,147.89462280273438,10914634
2016-01-04,130.05270385742188,147.17575073242188,147.41537475585938,144.9712371826172,146.40896606445312,13120985
2016-01-05,130.17967224121094,147.31951904296875,147.79876708984375,145.92971801757812,147.031982421875,11513181
2016-01-06,128.1046600341797,144.9712371826172,147.2236785888672,144.0127410888672,145.06707763671875,13073243
2016-01-07,122.6840362548828,138.8369140625,143.5814208984375,138.26182556152344,142.09576416015625,19252709
2016-01-08,120.48192596435548,136.3448486328125,140.4184112548828,135.8176727294922,139.93917846679688,15544512
2016-01-11,121.03244018554688,136.96786499023438,143.3897247314453,135.3863525390625,136.7761688232422,12192835
2016-01-12,121.2864990234375,137.25540161132812,138.4055938720703,135.8176727294922,137.83050537109375,9949593
2016-01-13,119.59259033203124,135.3384246826172,139.2682342529297,135.146728515625,138.5493621826172,11626172
2016-01-14,123.06515502929688,139.2682342529297,140.1787872314453,135.5780487060547,135.6739044189453,13612468
2016-01-15,120.65129089355467,136.5365447998047,137.83050537109375,134.66749572753906,134.85919189453125,14486324
2016-01-19,120.65129089355467,136.5365447998047,138.45352172851562,135.146728515625,137.63880920410156,10847674
2016-01-20,118.5762176513672,134.18824768066406,136.24899291992188,131.69618225097656,133.852783203125,18375368
2016-01-21,121.07476043701172,137.01577758789062,138.93275451660156,134.81126403808594,134.81126403808594,11692923
2016-01-22,119.59259033203124,135.3384246826172,136.87200927734375,132.79844665527344,136.82408142089844,18335013
2016-01-25,118.74559783935548,134.37994384765625,136.5365447998047,134.18824768066406,135.72183227539062,9358244
2016-01-26,119.8890151977539,135.6739044189453,136.7761688232422,134.42787170410156,134.52371215820312,8854138
2016-01-27,118.5762176513672,134.18824768066406,136.96786499023438,133.3256072998047,135.146728515625,9622744
2016-01-28,119.46551513671876,135.1946563720703,135.8656005859375,133.852783203125,135.24258422851562,8361069
2016-01-29,123.23453521728516,139.45993041992188,139.5078582763672,135.8176727294922,136.39276123046875,10761998
2016-02-01,121.2864990234375,137.25540161132812,139.12445068359375,136.87200927734375,139.0286102294922,9065575
2016-02-02,119.59259033203124,135.3384246826172,135.5780487060547,133.8048553466797,135.48220825195312,8361466
2016-02-03,121.41356658935548,137.39918518066406,137.49502563476562,133.5652313232422,136.0572967529297,9235718
2016-02-04,123.5733413696289,139.84332275390625,141.18521118164062,136.5365447998047,137.30332946777344,11267398
2016-02-05,120.863037109375,136.7761688232422,139.93917846679688,135.6259765625,139.69955444335938,10847236
2016-02-08,119.29612731933594,135.00296020507812,135.48220825195312,133.03805541992188,135.24258422851562,10035895
2016-02-09,119.7620086669922,135.53013610839844,136.7761688232422,132.99014282226562,132.99014282226562,7727091
2016-02-10,119.84667205810548,135.6259765625,137.54295349121094,135.3863525390625,135.96144104003906,6779974
2016-02-11,116.24700927734376,131.55239868164062,134.33201599121094,129.8750457763672,132.99014282226562,16807731
2016-02-12,119.6772689819336,135.4342803955078,135.4342803955078,131.12109375,132.12750244140625,12028451
2016-02-16,122.21819305419922,138.3097381591797,139.12445068359375,136.20106506347656,136.96786499023438,9852773
2016-02-17,124.2508773803711,140.610107421875,141.90406799316406,139.55577087402344,139.65162658691406,7982327
2016-02-18,123.14986419677734,139.36407470703125,140.6580352783203,138.93275451660156,140.4184112548828,6479855
2016-02-19,122.89576721191406,139.0765380859375,139.60369873046875,137.4470977783203,138.69313049316406,7525419
2016-02-22,124.54737091064452,140.94558715820312,141.3289794921875,139.0765380859375,139.0765380859375,8036224
2016-02-23,123.7427749633789,140.03501892089844,140.70596313476562,139.36407470703125,139.98709106445312,6500074
2016-02-24,122.64170837402344,138.7889862060547,139.22030639648438,136.105224609375,138.50143432617188,9374875
2016-02-25,124.77608489990234,140.08294677734375,140.32257080078125,137.9263458251953,138.02220153808594,7487067
2016-02-26,125.50173950195312,140.8976593017578,141.66444396972656,140.3704833984375,140.4184112548828,6123210
2016-02-29,124.3918685913086,139.65162658691406,141.6165313720703,139.55577087402344,141.08935546875,7129232
2016-03-01,127.55075073242188,143.19802856445312,143.6293487548828,140.46633911132812,140.94558715820312,6746609
2016-03-02,128.83139038085938,144.63575744628906,144.63575744628906,142.62294006347656,142.71878051757812,7765401
2016-03-03,129.0021514892578,144.82745361328125,145.69009399414062,144.0606689453125,144.7316131591797,5866096
2016-03-04,130.026611328125,145.97764587402344,146.6006622314453,144.82745361328125,144.82745361328125,6893131
2016-03-07,129.3009490966797,145.16293334960938,145.92971801757812,144.39613342285156,145.01914978027344,5476796
2016-03-08,128.3191375732422,144.0606689453125,144.82745361328125,143.6293487548828,144.15650939941406,6499386
2016-03-09,128.27645874023438,144.0127410888672,144.7316131591797,143.6293487548828,144.5399169921875,5179181
2016-03-10,127.80689239501952,143.48558044433594,145.16293334960938,142.76670837402344,144.58782958984375,6916710
2016-03-11,129.514404296875,145.40255737304688,146.552734375,144.44406127929688,144.44406127929688,6710489
2016-03-14,129.215576171875,145.06707763671875,145.54632568359375,144.15650939941406,144.82745361328125,4624015
2016-03-15,129.25823974609375,145.11500549316406,145.54632568359375,143.91690063476562,143.91690063476562,6030126
2016-03-16,128.78868103027344,144.58782958984375,145.25877380371094,144.1085968017578,144.92330932617188,6853924
2016-03-17,132.1610565185547,148.3738555908203,149.0927276611328,144.63575744628906,144.82745361328125,12653958
2016-03-18,131.99026489257812,148.18215942382812,149.284423828125,148.08631896972656,148.9968719482422,10928447
2016-03-21,132.71597290039062,148.9968719482422,149.5240478515625,147.55914306640625,147.84669494628906,5710727
2016-03-22,132.58787536621094,148.8531036376953,149.7157440185547,148.42178344726562,148.46971130371094,5432726
2016-03-23,132.63059997558594,148.90103149414062,149.7157440185547,148.6134796142578,148.75726318359375,5682933
2016-03-24,132.8013153076172,149.0927276611328,149.0927276611328,147.7029266357422,148.1342315673828,5759700
2016-03-28,134.42347717285156,150.91384887695312,151.92025756835938,149.0447998046875,149.2364959716797,8239398
2016-03-29,134.3807373046875,150.86593627929688,151.3451690673828,149.90744018554688,150.77008056640625,8043882
2016-03-30,135.87484741210938,152.5432891845703,153.11837768554688,152.0640411376953,152.2078094482422,7322787
2016-03-31,135.70407104492188,152.35157775878906,153.5976104736328,152.2078094482422,152.83082580566406,7685922
2016-04-01,136.3016815185547,153.02252197265625,153.45384216308594,150.72215270996094,150.96177673339844,8221203
2016-04-04,133.3135528564453,149.66781616210938,151.9681854248047,148.9968719482422,151.87234497070312,9374979
2016-04-05,132.24644470214844,148.46971130371094,149.18858337402344,147.51123046875,148.32594299316406,6527388
2016-04-06,131.90484619140625,148.08631896972656,150.96177673339844,146.8402862548828,148.03839111328125,7646047
2016-04-07,130.7523651123047,146.7923583984375,147.51123046875,146.21726989746094,147.2236785888672,7003430
2016-04-08,131.43533325195312,147.55914306640625,148.94895935058594,147.0799102783203,148.08631896972656,5594001
2016-04-11,131.0938262939453,147.17575073242188,148.5655517578125,147.17575073242188,147.75083923339844,5242948
2016-04-12,131.52069091796875,147.65499877929688,148.23008728027344,146.552734375,147.031982421875,5749746
2016-04-13,132.24644470214844,148.46971130371094,149.0447998046875,148.27801513671875,148.46971130371094,4943768
2016-04-14,132.4171905517578,148.66140747070312,148.94895935058594,147.89462280273438,148.51763916015625,4485692
2016-04-15,132.45985412597656,148.70933532714844,149.0447998046875,148.23008728027344,148.90103149414062,5099722
2016-04-18,132.58787536621094,148.8531036376953,149.4761199951172,148.08631896972656,148.08631896972656,4397428
2016-04-19,132.9720916748047,149.284423828125,149.5719757080078,148.6134796142578,149.2364959716797,4772603
2016-04-20,132.9720916748047,149.284423828125,150.24290466308594,148.80517578125,149.5240478515625,5540166
2016-04-21,132.24644470214844,148.46971130371094,149.90744018554688,147.84669494628906,149.14065551757812,8273744
2016-04-22,131.30723571777344,147.41537475585938,149.42819213867188,145.25877380371094,148.70933532714844,11788886
2016-04-25,130.96572875976562,147.031982421875,147.89462280273438,145.69009399414062,147.65499877929688,7402601
2016-04-26,131.90484619140625,148.08631896972656,148.46971130371094,147.31951904296875,147.79876708984375,5985451
2016-04-27,132.03297424316406,148.23008728027344,148.6134796142578,147.7029266357422,148.27801513671875,4787522
2016-04-28,131.90484619140625,148.08631896972656,149.61988830566406,147.12782287597656,147.31951904296875,6015060
2016-04-29,131.26458740234375,147.36744689941406,148.42178344726562,146.64859008789062,147.36744689941406,6030877
2016-05-02,131.86221313476562,148.03839111328125,148.51763916015625,146.7923583984375,146.8402862548828,3587131
2016-05-03,130.7523651123047,146.7923583984375,147.17575073242188,145.45046997070312,146.8402862548828,5783174
2016-05-04,128.36181640625,144.1085968017578,145.78594970703125,143.24595642089844,145.69009399414062,8303624
2016-05-05,127.59346771240234,143.24595642089844,144.92330932617188,142.81463623046875,144.44406127929688,6614421
2016-05-06,128.5752410888672,144.3482208251953,144.92330932617188,140.94558715820312,142.2395477294922,5905429
2016-05-09,127.508056640625,143.1501007080078,144.20443725585938,141.9999237060547,144.0127410888672,5666073
2016-05-10,130.1120147705078,146.073486328125,146.45687866210938,143.67727661132812,143.72520446777344,5661086
2016-05-11,129.514404296875,145.40255737304688,147.36744689941406,145.40255737304688,146.16934204101562,4926616
2016-05-12,128.44720458984375,144.20443725585938,144.7316131591797,143.00633239746094,143.00633239746094,9863374
2016-05-13,126.52627563476562,142.0478515625,144.30029296875,141.568603515625,143.6293487548828,7358865
2016-05-16,127.89221954345705,143.5814208984375,144.39613342285156,141.47274780273438,141.6165313720703,5362261
2016-05-17,126.82504272460938,142.38331604003906,144.20443725585938,141.7602996826172,143.24595642089844,6994374
2016-05-18,126.398193359375,141.90406799316406,143.05426025390625,141.0414276123047,142.33538818359375,5801954
2016-05-19,125.33097076416016,140.70596313476562,141.1372833251953,139.2682342529297,140.56219482421875,7103859
2016-05-20,126.18473815917967,141.66444396972656,142.2395477294922,141.0414276123047,141.5206756591797,7304112
2016-05-23,125.88594818115234,141.3289794921875,142.19161987304688,140.94558715820312,141.47274780273438,4927639
2016-05-24,127.42267608642578,143.05426025390625,143.6293487548828,142.28746032714844,142.43124389648438,5053858
2016-05-25,128.44720458984375,144.20443725585938,145.30670166015625,143.5814208984375,143.7731170654297,5771239
2016-05-26,128.14837646484375,143.8689727783203,144.87538146972656,143.7731170654297,144.1085968017578,4725654
2016-05-27,128.5752410888672,144.3482208251953,144.68368530273438,143.96481323242188,144.44406127929688,4068723
2016-05-31,129.04481506347656,144.87538146972656,145.40255737304688,144.1085968017578,144.3482208251953,6321689
2016-06-01,128.53256225585938,144.30029296875,144.44406127929688,143.24595642089844,143.96481323242188,4408341
2016-06-02,128.27645874023438,144.0127410888672,144.0127410888672,143.05426025390625,143.821044921875,3971111
2016-06-03,127.80689239501952,143.48558044433594,144.0127410888672,142.86256408691406,143.8689727783203,4966679
2016-06-06,128.5752410888672,144.3482208251953,144.87538146972656,143.5334930419922,143.7731170654297,3894073
2016-06-07,128.66065979003906,144.44406127929688,145.73802185058594,144.39613342285156,144.44406127929688,5352370
2016-06-08,129.3862762451172,145.25877380371094,146.16934204101562,144.5399169921875,144.87538146972656,6080685
2016-06-09,129.0875244140625,144.92330932617188,145.35462951660156,143.8689727783203,144.5399169921875,5535221
2016-06-10,128.23373413085938,143.96481323242188,145.11500549316406,143.43765258789062,143.8689727783203,6140925
2016-06-13,127.33734130859376,142.95840454101562,144.39613342285156,142.76670837402344,143.67727661132812,6877502
2016-06-14,129.94126892089844,145.8817901611328,145.97764587402344,142.76670837402344,142.9104766845703,9118638
2016-06-15,130.58160400390625,146.6006622314453,148.1342315673828,146.02557373046875,146.073486328125,9132138
2016-06-16,131.78587341308594,146.8402862548828,147.31951904296875,144.15650939941406,144.44406127929688,14109334
2016-06-17,131.6138153076172,146.64859008789062,147.2236785888672,145.92971801757812,146.88819885253906,11609103
2016-06-20,132.60308837890625,147.75083923339844,150.09913635253906,147.75083923339844,147.84669494628906,9993057
2016-06-21,133.07620239257812,148.27801513671875,148.6134796142578,147.94253540039062,147.99046325683594,7518992
2016-06-22,132.3880157470703,147.51123046875,149.0447998046875,147.4633026123047,148.5655517578125,7514297
2016-06-23,134.15147399902344,149.4761199951172,149.5719757080078,148.42178344726562,148.8531036376953,8394267
2016-06-24,128.25901794433594,142.9104766845703,146.40896606445312,142.57501220703125,144.30029296875,17875914
2016-06-27,126.10843658447266,140.51426696777344,141.95199584960938,139.79539489746094,141.568603515625,11276120
2016-06-28,128.77511596679688,143.48558044433594,143.7731170654297,142.19161987304688,142.86256408691406,7972665
2016-06-29,131.3988037109375,146.40896606445312,146.7444305419922,145.21084594726562,146.21726989746094,7484334
2016-06-30,135.39878845214844,150.86593627929688,150.96177673339844,146.88819885253906,146.93612670898438,11375110
2016-07-01,135.4418182373047,150.91384887695312,151.5847930908203,150.09913635253906,150.86593627929688,6823313
2016-07-05,135.26979064941406,150.72215270996094,151.1055450439453,149.14065551757812,149.763671875,6752410
2016-07-06,136.51710510253906,152.11196899414062,152.39950561523438,149.85951232910156,149.85951232910156,6699284
2016-07-07,136.8612518310547,152.495361328125,153.8372344970703,152.11196899414062,152.4474334716797,7828563
2016-07-08,138.49560546875,154.3164825439453,154.65194702148438,153.31007385253906,153.31007385253906,8040105
2016-07-11,138.53860473632812,154.36441040039062,155.75421142578125,154.22064208984375,154.60403442382812,7924798
2016-07-12,138.75367736816406,154.60403442382812,155.70628356933594,153.98101806640625,154.84365844726562,7948148
2016-07-13,139.18380737304688,155.08326721191406,155.6583709716797,154.5561065673828,154.60403442382812,6774090
2016-07-14,140.34506225585938,156.37722778320312,156.8085479736328,155.70628356933594,155.75421142578125,7069013
2016-07-15,141.42037963867188,157.57534790039062,157.9108123779297,156.90440368652344,157.000244140625,8828243
2016-07-18,141.54945373535156,157.7191162109375,157.86288452148438,156.52101135253906,157.62326049804688,7984476
2016-07-19,141.6354522705078,157.81495666503906,157.9108123779297,156.8085479736328,156.95233154296875,7002220
2016-07-20,140.99021911621094,157.09609985351562,158.1504364013672,156.71270751953125,157.958740234375,7419565
2016-07-21,140.17306518554688,156.18553161621094,157.4315643310547,155.70628356933594,156.85647583007812,8848608
2016-07-22,137.89346313476562,153.64553833007812,153.69346618652344,151.87234497070312,152.0640411376953,12053115
2016-07-25,136.0870361328125,151.63272094726562,153.74139404296875,150.38668823242188,153.69346618652344,9541846
2016-07-26,135.35585021972656,150.81800842285156,152.0640411376953,150.05120849609375,151.7764892578125,7700445
2016-07-27,134.53857421875,149.90744018554688,151.24932861328125,149.14065551757812,150.91384887695312,8191343
2016-07-28,134.40957641601562,149.763671875,150.05120849609375,148.94895935058594,149.5240478515625,6321940
2016-07-29,133.93646240234375,149.2364959716797,150.62631225585938,149.0927276611328,149.90744018554688,10443997
2016-08-01,133.97947692871094,149.284423828125,149.61988830566406,148.66140747070312,149.14065551757812,6500847
2016-08-02,133.5493621826172,148.80517578125,149.3323516845703,148.5655517578125,149.0927276611328,5634002
2016-08-03,133.89344787597656,149.18858337402344,149.7157440185547,148.70933532714844,148.70933532714844,4174494
2016-08-04,134.06552124023438,149.38027954101562,149.763671875,148.9968719482422,149.5240478515625,4234526
2016-08-05,134.53857421875,149.90744018554688,150.72215270996094,149.61988830566406,149.85951232910156,4502365
2016-08-08,134.49554443359375,149.85951232910156,150.48252868652344,149.5719757080078,150.0032958984375,4263822
2016-08-09,134.62461853027344,150.0032958984375,150.24290466308594,149.284423828125,149.66781616210938,4195944
2016-08-10,134.49554443359375,149.85951232910156,150.1949920654297,149.5240478515625,149.763671875,3868199
2016-08-11,134.58160400390625,149.9553680419922,150.33876037597656,149.5240478515625,150.05120849609375,7926280
2016-08-12,134.36654663085938,149.7157440185547,149.90744018554688,149.42819213867188,149.5240478515625,4450136
2016-08-15,134.36654663085938,149.7157440185547,150.24290466308594,149.61988830566406,150.0032958984375,4080032
2016-08-16,134.15147399902344,149.4761199951172,149.9553680419922,148.94895935058594,149.2364959716797,4670609
2016-08-17,134.58160400390625,149.9553680419922,150.14706420898438,149.42819213867188,149.8115997314453,3672056
2016-08-18,135.1837615966797,150.62631225585938,150.62631225585938,149.4761199951172,149.763671875,5851135
2016-08-19,134.40957641601562,149.763671875,150.48252868652344,149.42819213867188,150.09913635253906,5162884
2016-08-22,134.7106170654297,150.09913635253906,150.62631225585938,148.94895935058594,149.38027954101562,4269331
2016-08-23,134.32350158691406,149.66781616210938,151.2972412109375,149.66781616210938,150.72215270996094,6701538
2016-08-24,134.28053283691406,149.61988830566406,150.24290466308594,149.38027954101562,149.85951232910156,4599977
2016-08-25,134.237548828125,149.5719757080078,150.0032958984375,149.18858337402344,149.4761199951172,3553077
2016-08-26,134.32350158691406,149.66781616210938,150.77008056640625,149.2364959716797,149.85951232910156,4645987
2016-08-29,134.8826904296875,150.29083251953125,150.72215270996094,149.38027954101562,149.42819213867188,4433840
2016-08-30,134.92567443847656,150.33876037597656,150.81800842285156,150.0032958984375,150.1949920654297,3784692
2016-08-31,134.36654663085938,149.7157440185547,150.24290466308594,149.4761199951172,149.9553680419922,6972715
2016-09-01,134.1945037841797,149.5240478515625,149.9553680419922,148.3738555908203,149.284423828125,8608480
2016-09-02,134.58160400390625,149.9553680419922,150.72215270996094,149.66781616210938,149.763671875,4341736
2016-09-06,133.5493621826172,148.80517578125,150.1949920654297,147.60707092285156,150.05120849609375,8545902
2016-09-07,133.5923614501953,148.8531036376953,148.8531036376953,147.60707092285156,148.51763916015625,5689568
2016-09-08,133.5063018798828,148.75726318359375,148.80517578125,148.08631896972656,148.5655517578125,6313322
2016-09-09,129.5063018798828,144.30029296875,147.7029266357422,144.30029296875,147.7029266357422,9310440
2016-09-12,131.14073181152344,146.1214141845703,146.5048065185547,143.00633239746094,143.7731170654297,8640134
2016-09-13,128.38800048828125,143.05426025390625,144.9712371826172,142.43124389648438,144.82745361328125,9403607
2016-09-14,127.74283599853516,142.33538818359375,143.7731170654297,142.19161987304688,142.86256408691406,10657959
2016-09-15,128.95654296875,142.57501220703125,143.05426025390625,140.99351501464844,141.6165313720703,7324018
2016-09-16,128.65313720703125,142.2395477294922,142.57501220703125,141.568603515625,141.9999237060547,13549410
2016-09-19,127.56941223144533,141.0414276123047,143.5814208984375,140.8976593017578,142.71878051757812,6364465
2016-09-20,128.6098175048828,142.19161987304688,142.81463623046875,141.95199584960938,142.19161987304688,6186101
2016-09-21,129.3900146484375,143.05426025390625,143.3897247314453,141.8082275390625,142.57501220703125,6057794
2016-09-22,130.2136688232422,143.96481323242188,144.30029296875,143.43765258789062,143.5814208984375,6130471
2016-09-23,129.56341552734375,143.24595642089844,144.0127410888672,142.86256408691406,143.8689727783203,4762024
2016-09-26,128.0463104248047,141.568603515625,142.86256408691406,141.47274780273438,142.81463623046875,5405558
2016-09-27,129.5200653076172,143.19802856445312,143.6293487548828,141.23312377929688,141.85614013671875,5319193
2016-09-28,129.60675048828125,143.29388427734375,143.48558044433594,141.85614013671875,143.3897247314453,5581836
2016-09-29,128.00289916992188,141.5206756591797,144.2523651123047,141.08935546875,142.86256408691406,8111467
2016-09-30,128.39303588867188,141.95199584960938,143.05426025390625,141.7602996826172,141.85614013671875,7536875
2016-10-03,128.47972106933594,142.0478515625,142.33538818359375,140.8976593017578,141.18521118164062,4130278
2016-10-04,127.87288665771484,141.3769073486328,142.57501220703125,141.1372833251953,142.38331604003906,6495171
2016-10-05,127.87288665771484,141.3769073486328,142.33538818359375,140.8976593017578,141.47274780273438,5203386
2016-10-06,126.8759307861328,140.27464294433594,141.3769073486328,139.65162658691406,140.8976593017578,5860880
2016-10-07,126.05229949951172,139.36407470703125,139.98709106445312,138.5972900390625,139.2682342529297,7895794
2016-10-10,125.09870147705078,138.3097381591797,140.46633911132812,138.0701141357422,138.98068237304688,7090734
2016-10-11,125.3587875366211,138.5972900390625,139.12445068359375,137.49502563476562,137.78257751464844,6456464
2016-10-12,125.27208709716795,138.50143432617188,139.0765380859375,138.0701141357422,138.5972900390625,4748043
2016-10-13,124.70855712890624,137.87841796875,138.50143432617188,137.35125732421875,137.9263458251953,5924459
2016-10-14,125.22876739501952,138.45352172851562,139.12445068359375,138.1180419921875,138.7889862060547,5880390
2016-10-17,125.05534362792967,138.26182556152344,138.93275451660156,137.54295349121094,138.50143432617188,8290687
2016-10-18,125.61886596679688,138.8848419189453,139.36407470703125,138.50143432617188,139.12445068359375,5751228
2016-10-19,125.96562957763672,139.2682342529297,140.03501892089844,139.12445068359375,139.2682342529297,6090429
2016-10-20,126.00900268554688,139.316162109375,139.93917846679688,138.7889862060547,139.45993041992188,5932952
2016-10-21,125.61886596679688,138.8848419189453,138.98068237304688,135.76974487304688,136.2969207763672,13386341
2016-10-24,125.3587875366211,138.5972900390625,139.98709106445312,138.50143432617188,138.98068237304688,6497675
2016-10-25,124.18839263916016,137.30332946777344,139.0286102294922,137.15956115722656,138.69313049316406,5525518
2016-10-26,125.14203643798828,138.357666015625,139.316162109375,136.82408142089844,137.01577758789062,5082424
2016-10-27,124.10173034667967,137.20748901367188,138.7889862060547,137.11163330078125,138.45352172851562,5306882
2016-10-28,126.65921783447266,140.03501892089844,141.8082275390625,138.357666015625,138.4055938720703,14162063
2016-10-31,126.1389617919922,139.45993041992188,142.09576416015625,139.41200256347656,141.2810516357422,9090093
2016-11-01,125.18541717529295,138.4055938720703,139.93917846679688,137.59088134765625,138.98068237304688,6679440
2016-11-02,123.4948501586914,136.5365447998047,138.3097381591797,136.105224609375,138.3097381591797,6442087
2016-11-03,122.58458709716795,135.53013610839844,137.06370544433594,135.09881591796875,137.06370544433594,4799374
2016-11-04,123.27816009521484,136.2969207763672,138.0701141357422,135.24258422851562,135.24258422851562,7483645
2016-11-07,127.0492935180664,140.46633911132812,140.56219482421875,138.1659698486328,138.26182556152344,8608188
2016-11-08,127.52611541748048,140.99351501464844,141.95199584960938,140.3704833984375,140.75389099121094,7476237
2016-11-09,128.43643188476562,141.9999237060547,142.86256408691406,139.316162109375,140.51426696777344,11277456
2016-11-10,131.8174285888672,145.73802185058594,147.79876708984375,142.95840454101562,143.05426025390625,16969403
2016-11-11,133.11781311035156,147.17575073242188,147.4633026123047,145.54632568359375,146.1214141845703,8912459
2016-11-14,132.2509002685547,146.21726989746094,147.84669494628906,146.1214141845703,147.31951904296875,7875012
2016-11-15,133.2911834716797,147.36744689941406,147.4633026123047,144.92330932617188,146.073486328125,8385295
2016-11-16,133.2478790283203,147.31951904296875,147.51123046875,146.3610382080078,146.88819885253906,5272015
2016-11-17,133.4646453857422,147.55914306640625,147.94253540039062,146.93612670898438,147.12782287597656,3721301
2016-11-18,132.94444274902344,146.9840545654297,148.08631896972656,146.2651824951172,147.36744689941406,5964376
2016-11-21,133.81141662597656,147.94253540039062,147.99046325683594,146.552734375,147.0799102783203,4619007
2016-11-22,135.15516662597656,149.42819213867188,149.7157440185547,147.99046325683594,148.23008728027344,5784384
2016-11-23,135.84866333007812,150.1949920654297,150.38668823242188,149.42819213867188,149.7157440185547,5064876
2016-11-25,136.28211975097656,150.67422485351562,150.91384887695312,149.9553680419922,150.72215270996094,2746306
2016-11-28,135.4586181640625,149.763671875,150.62631225585938,149.5719757080078,150.14706420898438,4609909
2016-11-29,134.59161376953125,148.80517578125,150.24290466308594,148.46971130371094,149.90744018554688,6556935
2016-11-30,133.33460998535156,147.41537475585938,149.85951232910156,147.36744689941406,149.42819213867188,9522691
2016-12-01,136.06544494628906,150.4346160888672,150.77008056640625,146.7444305419922,146.8402862548828,9327613
2016-12-02,135.84866333007812,150.1949920654297,150.91384887695312,149.8115997314453,150.29083251953125,4465577
2016-12-05,134.85174560546875,149.0927276611328,150.72215270996094,148.8531036376953,150.62631225585938,4619424
2016-12-06,135.11181640625,149.38027954101562,149.7157440185547,148.6134796142578,149.4761199951172,3666882
2016-12-07,136.97569274902344,151.44102478027344,151.44102478027344,148.23008728027344,148.6134796142578,6864357
2016-12-08,136.67230224609375,151.1055450439453,151.92025756835938,150.48252868652344,151.44102478027344,5872815
2016-12-09,137.7559356689453,152.3036651611328,152.97459411621094,150.24290466308594,150.72215270996094,6515975
2016-12-12,138.10272216796875,152.6870574951172,153.31007385253906,151.7285614013672,151.7764892578125,6477017
2016-12-13,137.58258056640625,152.11196899414062,153.35800170898438,151.48895263671875,152.87875366210938,7198926
2016-12-14,136.54220581054688,150.96177673339844,153.26214599609375,150.67422485351562,151.48895263671875,9113379
2016-12-15,135.50192260742188,149.8115997314453,153.11837768554688,149.18858337402344,150.91384887695312,9051219
2016-12-16,137.6259307861328,152.15988159179688,152.7349853515625,150.77008056640625,151.05763244628906,15018704
2016-12-19,138.3628387451172,152.97459411621094,153.35800170898438,151.9681854248047,152.2078094482422,7293116
2016-12-20,139.79324340820312,154.5561065673828,155.1791229248047,152.9266815185547,152.97459411621094,8308549
2016-12-21,139.27310180664062,153.98101806640625,154.5081787109375,153.5976104736328,154.3164825439453,5835173
2016-12-22,138.9674072265625,152.495361328125,153.11837768554688,152.3036651611328,152.9266815185547,5048329
2016-12-23,139.22943115234375,152.78289794921875,153.07044982910156,152.2557373046875,152.7349853515625,3127553
2016-12-27,139.31675720214844,152.87875366210938,153.5976104736328,152.63912963867188,152.83082580566406,3266793
2016-12-28,138.44332885742188,151.92025756835938,153.21421813964844,151.7764892578125,152.59120178222656,3940730
2016-12-29,138.48699951171875,151.9681854248047,152.78289794921875,151.92025756835938,152.11196899414062,3357811
2016-12-30,138.006591796875,151.44102478027344,152.39950561523438,151.00970458984375,151.5847930908203,5311535
2017-01-03,138.39964294433594,151.87234497070312,152.59120178222656,150.48252868652344,151.7764892578125,6708382
2017-01-04,138.44332885742188,151.92025756835938,152.5432891845703,151.536865234375,152.15988159179688,4474320
2017-01-05,137.65719604492188,151.05763244628906,152.15988159179688,150.05120849609375,151.2972412109375,5395334
2017-01-06,138.05027770996094,151.48895263671875,152.2557373046875,150.29083251953125,151.3451690673828,4615772
2017-01-09,137.3952178955078,150.77008056640625,151.7285614013672,150.62631225585938,151.63272094726562,4436678
2017-01-10,137.0020751953125,150.33876037597656,151.536865234375,150.33876037597656,150.77008056640625,5676131
2017-01-11,137.4388427734375,150.81800842285156,151.05763244628906,149.7157440185547,149.7157440185547,5922894
2017-01-12,137.08938598632812,150.4346160888672,150.81800842285156,149.18858337402344,150.72215270996094,6242356
2017-01-13,136.95838928222656,150.29083251953125,150.72215270996094,149.763671875,150.29083251953125,5075455
2017-01-17,136.56536865234375,149.85951232910156,150.72215270996094,149.3323516845703,149.38027954101562,6015165
2017-01-18,136.3906707763672,149.66781616210938,150.1949920654297,149.18858337402344,149.5719757080078,5154246
2017-01-19,136.30337524414062,149.5719757080078,150.1949920654297,148.80517578125,149.763671875,7866123
2017-01-20,133.33355712890625,146.3131103515625,148.08631896972656,145.21084594726562,147.41537475585938,17434281
2017-01-23,129.9270477294922,142.57501220703125,146.21726989746094,141.7602996826172,146.16934204101562,12330552
2017-01-24,131.0189208984375,143.7731170654297,144.0606689453125,142.9104766845703,143.1021728515625,7029095
2017-01-25,132.63479614257812,145.54632568359375,146.02557373046875,144.82745361328125,145.78594970703125,7956640
2017-01-26,132.4164581298828,145.30670166015625,146.1214141845703,144.39613342285156,145.8817901611328,5585279
2017-01-27,131.0625762939453,143.821044921875,145.8817901611328,143.48558044433594,145.69009399414062,6261031
2017-01-30,130.8441925048828,143.5814208984375,144.2523651123047,142.67086791992188,143.5814208984375,5469409
2017-01-31,129.70870971679688,142.33538818359375,143.29388427734375,141.3769073486328,143.05426025390625,8075932
2017-02-01,129.6649627685547,142.28746032714844,142.86256408691406,141.66444396972656,142.47915649414062,5358922
2017-02-02,129.621337890625,142.2395477294922,142.38331604003906,141.3769073486328,141.7602996826172,4529950
2017-02-03,129.70870971679688,142.33538818359375,142.81463623046875,141.568603515625,142.76670837402344,6490288
2017-02-06,129.5340118408203,142.14369201660156,142.57501220703125,141.71237182617188,142.2395477294922,4950529
2017-02-07,129.0972900390625,141.66444396972656,142.86256408691406,141.5206756591797,142.57501220703125,4961630
2017-02-08,128.52947998046875,141.0414276123047,141.568603515625,140.22671508789062,141.42481994628906,6715038
2017-02-09,129.2283172607422,141.8082275390625,142.33538818359375,141.18521118164062,141.47274780273438,4520873
2017-02-10,129.79608154296875,142.43124389648438,142.57501220703125,141.6165313720703,142.52708435058594,4754804
2017-02-13,131.1936492919922,143.96481323242188,144.0606689453125,142.47915649414062,143.19802856445312,7724671
2017-02-14,132.24172973632812,145.11500549316406,145.11500549316406,143.3897247314453,144.39613342285156,7309078
2017-02-15,132.54742431640625,145.45046997070312,145.45046997070312,144.63575744628906,145.16293334960938,5315103
2017-02-16,132.9841766357422,145.92971801757812,146.02557373046875,145.21084594726562,145.45046997070312,5411130
2017-02-17,132.63479614257812,145.54632568359375,145.8817901611328,144.7316131591797,145.73802185058594,4559141
2017-02-21,133.2898406982422,146.2651824951172,146.6006622314453,145.40255737304688,145.73802185058594,6310150
2017-02-22,132.46009826660156,145.35462951660156,146.40896606445312,145.01914978027344,146.2651824951172,6285841
2017-02-23,132.15194702148438,143.8689727783203,144.15650939941406,143.05426025390625,143.96481323242188,6040329
2017-02-24,132.90029907226562,144.68368530273438,144.68368530273438,142.71878051757812,143.00633239746094,5701420
2017-02-27,131.79977416992188,143.48558044433594,144.4919891357422,143.29388427734375,144.0127410888672,4918541
2017-02-28,131.22752380371094,142.86256408691406,144.15650939941406,142.19161987304688,143.72520446777344,8161171
2017-03-01,132.90029907226562,144.68368530273438,145.45046997070312,142.9104766845703,143.67727661132812,7696084
2017-03-02,132.90029907226562,144.68368530273438,144.87538146972656,143.7731170654297,144.87538146972656,5767504
2017-03-03,132.59217834472656,144.3482208251953,144.82745361328125,144.0127410888672,144.68368530273438,4164269
2017-03-06,132.06387329101562,143.7731170654297,144.15650939941406,143.3897247314453,143.7731170654297,4886991
2017-03-07,131.4476318359375,143.1021728515625,143.72520446777344,142.76670837402344,143.43765258789062,6256295
2017-03-08,131.18345642089844,142.81463623046875,143.48558044433594,142.47915649414062,143.24595642089844,6741538
2017-03-09,130.5672149658203,142.14369201660156,142.95840454101562,141.66444396972656,142.57501220703125,5412736
2017-03-10,133.29653930664062,145.11500549316406,145.8338623046875,141.9999237060547,143.00633239746094,12355279
2017-03-13,131.4476318359375,143.1021728515625,145.01914978027344,142.76670837402344,144.87538146972656,6299049
2017-03-14,130.03887939453125,141.568603515625,142.76670837402344,141.23312377929688,142.62294006347656,4757830
2017-03-15,131.0074005126953,142.62294006347656,142.95840454101562,141.23312377929688,141.6165313720703,5246349
2017-03-16,130.96339416503906,142.57501220703125,142.9104766845703,141.95199584960938,142.81463623046875,4425097
2017-03-17,131.53564453125,143.19802856445312,143.96481323242188,142.67086791992188,143.05426025390625,9105805
2017-03-20,130.91937255859375,142.52708435058594,143.3897247314453,142.28746032714844,143.29388427734375,3938998
2017-03-21,129.3786163330078,140.8497314453125,143.1021728515625,140.610107421875,143.1021728515625,5599405
2017-03-22,129.99490356445312,141.5206756591797,142.38331604003906,140.46633911132812,141.66444396972656,5425360
2017-03-23,130.39112854003906,141.95199584960938,142.47915649414062,140.8018035888672,141.3769073486328,5148737
2017-03-24,130.83132934570312,142.43124389648438,142.86256408691406,141.5206756591797,141.8082275390625,5817541
2017-03-27,129.5987091064453,141.08935546875,141.42481994628906,140.1787872314453,141.1372833251953,6048425
2017-03-28,130.39112854003906,141.95199584960938,142.47915649414062,140.1787872314453,140.46633911132812,5810759
2017-03-29,130.6552276611328,142.2395477294922,142.38331604003906,141.18521118164062,141.47274780273438,5750477
2017-03-30,131.4915771484375,143.1501007080078,143.72520446777344,141.9999237060547,142.14369201660156,7503760
2017-03-31,131.18345642089844,142.81463623046875,143.96481323242188,142.52708435058594,143.1021728515625,10599304
2017-04-03,131.53564453125,143.19802856445312,143.7731170654297,142.57501220703125,142.62294006347656,6241563
2017-04-04,132.15194702148438,143.8689727783203,144.20443725585938,142.33538818359375,143.29388427734375,5228488
2017-04-05,131.9318389892578,143.6293487548828,145.78594970703125,143.5334930419922,144.20443725585938,5391307
2017-04-06,131.7557830810547,143.43765258789062,144.63575744628906,143.3897247314453,143.7731170654297,4496668
2017-04-07,132.01991271972656,143.72520446777344,144.68368530273438,143.3897247314453,143.3897247314453,3959509
2017-04-10,132.1079559326172,143.821044921875,144.87538146972656,143.5814208984375,144.1085968017578,3861334
2017-04-11,132.239990234375,143.96481323242188,144.2523651123047,143.00633239746094,143.7731170654297,4598954
2017-04-12,131.05137634277344,142.67086791992188,143.29388427734375,142.09576416015625,143.19802856445312,5642494
2017-04-13,130.12698364257812,141.66444396972656,142.81463623046875,141.6165313720703,142.33538818359375,4172824
2017-04-17,130.47918701171875,142.0478515625,142.33538818359375,141.6165313720703,141.95199584960938,4543951
2017-04-18,131.3595733642578,143.00633239746094,143.29388427734375,141.7602996826172,141.85614013671875,5363993
2017-04-19,132.06387329101562,143.7731170654297,144.0606689453125,143.1501007080078,143.24595642089844,5549243
2017-04-20,133.2524871826172,145.06707763671875,146.3610382080078,143.91690063476562,144.0127410888672,7737524
2017-04-21,130.0830078125,141.6165313720703,145.59425354003906,141.1372833251953,145.06707763671875,15096994
2017-04-24,130.0830078125,141.6165313720703,143.43765258789062,141.3289794921875,143.05426025390625,10137889
2017-04-25,129.64273071289062,141.1372833251953,141.85614013671875,140.51426696777344,141.1372833251953,8316040
2017-04-26,128.8063201904297,140.22671508789062,141.6165313720703,140.22671508789062,141.47274780273438,7797368
2017-04-27,128.013916015625,139.36407470703125,140.46633911132812,139.0765380859375,140.3704833984375,6873288
2017-04-28,127.61775207519533,138.93275451660156,139.74746704101562,138.6452178955078,139.45993041992188,5024416
2017-05-01,127.3976593017578,138.69313049316406,139.79539489746094,138.6452178955078,139.0286102294922,5011187
2017-05-02,127.61775207519533,138.93275451660156,139.22030639648438,138.5493621826172,139.0286102294922,7044432
2017-05-03,128.67431640625,140.08294677734375,140.3704833984375,138.26182556152344,138.5972900390625,5611612
2017-05-04,128.54220581054688,139.93917846679688,140.46633911132812,139.22030639648438,140.27464294433594,4092740
2017-05-05,128.63027954101562,140.03501892089844,140.13087463378906,139.5078582763672,139.60369873046875,3532044
2017-05-08,127.9699249267578,139.316162109375,140.1787872314453,138.98068237304688,139.74746704101562,4513424
2017-05-09,127.35360717773438,138.6452178955078,139.41200256347656,138.3097381591797,139.36407470703125,4974233
2017-05-10,126.34112548828124,137.54295349121094,138.6452178955078,137.06370544433594,138.5972900390625,5435063
2017-05-11,127.08948516845705,138.357666015625,138.45352172851562,136.58445739746094,137.4470977783203,5845752
2017-05-12,124.44822692871094,135.48220825195312,136.3448486328125,133.46937561035156,135.9135284423828,14279415
2017-05-15,124.05198669433594,135.05088806152344,135.3384246826172,134.0444793701172,134.52371215820312,8297970
2017-05-16,123.43576049804688,134.37994384765625,135.53013610839844,134.18824768066406,135.3863525390625,6157451
2017-05-17,120.66238403320312,131.36070251464844,137.9263458251953,131.36070251464844,133.3256072998047,10946789
2017-05-18,120.97052764892578,131.69618225097656,132.51089477539062,129.8750457763672,130.641845703125,10109177
2017-05-19,123.47975158691406,134.42787170410156,135.00296020507812,131.79202270507812,132.03164672851562,10117753
2017-05-22,124.05198669433594,135.05088806152344,135.6259765625,134.47579956054688,135.29051208496094,5803039
2017-05-23,124.49224090576172,135.53013610839844,135.53013610839844,134.7154083251953,135.1946563720703,4982246
2017-05-24,122.5112533569336,133.37353515625,136.58445739746094,132.36712646484375,135.72183227539062,11205008
2017-05-25,121.01453399658205,131.74411010742188,133.70899963378906,131.40863037109375,133.1818389892578,8190905
2017-05-26,120.83848571777344,131.55239868164062,132.03164672851562,130.78561401367188,131.60032653808594,6390068
2017-05-30,120.44232177734376,131.12109375,131.55239868164062,130.16259765625,130.8814697265625,7602749
2017-05-31,120.5303192138672,131.21693420410156,131.50448608398438,130.30636596679688,130.97731018066406,7430561
2017-06-01,122.0270538330078,132.8463592529297,133.6131591796875,131.79202270507812,131.83995056152344,6758085
2017-06-02,122.73138427734376,133.6131591796875,133.90069580078125,132.36712646484375,133.5652313232422,7722083
2017-06-05,123.17160034179688,134.09239196777344,134.52371215820312,133.27767944335938,133.70899963378906,9078783
2017-06-06,122.95149230957033,133.852783203125,134.37994384765625,133.27767944335938,134.09239196777344,7036336
2017-06-07,121.85095977783205,132.6546630859375,133.99655151367188,131.3127899169922,133.94862365722656,9084960
2017-06-08,121.45475006103516,132.2233428955078,133.3256072998047,131.93580627441406,132.6546630859375,8538411
2017-06-09,122.99551391601562,133.90069580078125,134.0444793701172,132.2233428955078,132.4150390625,5292255
2017-06-12,127.3976593017578,138.69313049316406,141.23312377929688,137.6867218017578,140.13087463378906,29022706
2017-06-13,125.24066162109376,136.3448486328125,139.74746704101562,135.8176727294922,139.55577087402344,12274276
2017-06-14,126.2970962524414,137.49502563476562,138.02220153808594,135.96144104003906,136.48861694335938,8580248
2017-06-15,128.47232055664062,138.69313049316406,138.74105834960938,136.24899291992188,136.48861694335938,9988258
2017-06-16,128.7387237548828,138.98068237304688,139.0286102294922,137.15956115722656,138.8848419189453,17019649
2017-06-19,127.85084533691406,138.02220153808594,138.98068237304688,137.73464965820312,138.7889862060547,6365174
2017-06-20,124.87653350830078,134.81126403808594,137.63880920410156,134.57164001464844,137.59088134765625,9920401
2017-06-21,123.3227996826172,133.1339111328125,135.09881591796875,132.51089477539062,135.05088806152344,7044036
2017-06-22,122.30176544189452,132.03164672851562,133.37353515625,131.9837188720703,133.0859832763672,7592087
2017-06-23,122.39059448242188,132.12750244140625,133.1818389892578,131.79202270507812,133.1818389892578,6622204
2017-06-26,122.56815338134766,132.31919860839844,132.6546630859375,131.79202270507812,132.2233428955078,5947203
2017-06-27,120.79242706298828,130.4022216796875,132.2233428955078,130.3542938232422,131.88787841796875,8623879
2017-06-28,120.21532440185548,129.77920532226562,131.3127899169922,129.63543701171875,130.641845703125,6471822
2017-06-29,119.94894409179688,129.4916534423828,131.36070251464844,128.389404296875,130.16259765625,7664597
2017-06-30,119.90460205078124,129.44374084472656,130.30636596679688,128.96449279785156,129.82713317871094,5478256
2017-07-03,121.8578643798828,131.55239868164062,132.2233428955078,129.683349609375,130.16259765625,4312002
2017-07-05,121.4139175415039,131.0731658935547,132.07957458496094,130.49807739257812,131.9837188720703,4438284
2017-07-06,116.7970962524414,126.08902740478516,129.63543701171875,125.0826187133789,128.72486877441406,15993094
2017-07-07,116.08680725097656,125.32223510742188,126.04109954833984,124.5075225830078,125.80148315429688,8459808
2017-07-10,115.59848022460938,124.7950668334961,125.51393127441406,123.88450622558594,125.22638702392578,9756038
2017-07-11,117.10782623291016,126.42449951171876,126.75997161865234,124.17205047607422,124.74714660644533,8607645
2017-07-12,117.99571228027344,127.38298797607422,128.48524475097656,126.37657165527344,127.19129180908205,10638908
2017-07-13,118.9279327392578,128.389404296875,128.5811004638672,126.99958801269533,127.38298797607422,5794045
2017-07-14,118.88352966308594,128.3414764404297,128.91656494140625,128.1018524169922,128.1497802734375,4394069
2017-07-17,119.06108856201172,128.53317260742188,128.8207244873047,128.05392456054688,128.24562072753906,5779022
2017-07-18,119.37185668945312,128.86863708496094,129.01242065429688,128.1497802734375,128.24562072753906,5455700
2017-07-19,119.59378814697266,129.10826110839844,129.53958129882812,128.62901306152344,128.67694091796875,5173234
2017-07-20,118.48401641845705,127.91015625,129.63543701171875,127.47883605957033,129.4916534423828,11509404
2017-07-21,115.02136993408205,124.17205047607422,124.65129852294922,121.05696868896484,121.6320571899414,18915198
2017-07-24,112.89054107666016,121.8716812133789,123.88450622558594,121.48828887939452,123.54903411865234,11867093
2017-07-25,112.93492126464844,121.91960906982422,123.30941772460938,121.53620910644533,122.5426254272461,9636328
2017-07-26,113.60081481933594,122.6384735107422,123.11771392822266,121.58413696289062,122.6384735107422,8499516
2017-07-27,114.4886703491211,123.59696197509766,123.64488220214844,122.3030014038086,122.6384735107422,8323113
2017-07-28,113.33446502685548,122.3509292602539,124.02828216552734,121.7279052734375,123.93243408203124,5902383
2017-07-31,113.68959045410156,122.73432159423828,123.11771392822266,122.1592254638672,122.39884948730467,6388461
2017-08-01,112.93492126464844,121.91960906982422,122.97394561767578,121.39244079589844,122.83016967773438,8745299
2017-08-02,113.29005432128906,122.3030014038086,122.5426254272461,121.67998504638672,121.91960906982422,5714629
2017-08-03,114.35548400878906,123.45318603515624,123.54903411865234,121.58413696289062,122.6384735107422,6451143
2017-08-04,114.44427490234376,123.54903411865234,123.88450622558594,122.7822494506836,123.40526580810548,4864539
2017-08-07,113.77840423583984,122.83016967773438,123.59696197509766,122.44677734375,123.35733795166016,3937537
2017-08-08,113.46763610839844,122.49469757080078,124.07620239257812,122.3030014038086,122.83016967773438,5663840
2017-08-09,114.13355255126952,123.21356201171876,123.26148986816406,122.01545715332033,122.44677734375,6191213
2017-08-10,112.3134307861328,121.24866485595705,123.21356201171876,121.10489654541016,123.21356201171876,6192861
2017-08-11,111.86951446533205,120.76942443847656,121.967529296875,120.72149658203124,121.7279052734375,4009922
2017-08-14,112.57978057861328,121.53620910644533,122.44677734375,121.00904083251952,121.15281677246094,5068840
2017-08-15,111.60313415527344,120.48187255859376,121.34451293945312,120.29017639160156,120.81734466552734,5703757
2017-08-16,111.42557525634766,120.29017639160156,121.00904083251952,120.05055236816406,120.38602447509766,5732741
2017-08-17,109.87183380126952,118.61282348632812,120.29017639160156,118.46905517578124,120.14640808105467,6514785
2017-08-18,108.98397064208984,117.65433502197266,118.56490325927734,117.12716674804688,118.03773498535156,7151497
2017-08-21,108.7176513671875,117.36679077148438,117.89395904541016,116.55207824707033,117.36679077148438,9609933
2017-08-22,109.20594024658205,117.89395904541016,118.56490325927734,117.3188705444336,117.75018310546876,6253415
2017-08-23,108.27371215820312,116.8875503540039,117.70226287841795,116.6479263305664,117.51056671142578,7205853
2017-08-24,107.87416076660156,116.45623016357422,117.60641479492188,116.45623016357422,117.0792465209961,5330878
2017-08-25,108.7176513671875,117.36679077148438,117.89395904541016,116.6958465576172,116.8875503540039,4771643
2017-08-28,108.62882995605467,117.27094268798828,118.22943115234376,116.6958465576172,117.55848693847656,4994870
2017-08-29,108.4956512451172,117.12716674804688,117.22301483154295,116.36038208007812,116.5999984741211,4989131
2017-08-30,107.785400390625,116.36038208007812,117.36679077148438,115.73736572265624,117.36679077148438,7068637
2017-08-31,108.98397064208984,117.65433502197266,118.37319946289062,116.36038208007812,116.9833984375,11535738
2017-09-01,111.60313415527344,120.48187255859376,121.24866485595705,117.36679077148438,117.89395904541016,12279368
2017-09-05,109.87183380126952,118.61282348632812,120.09848022460938,117.75018310546876,120.09848022460938,9293476
2017-09-06,110.62649536132812,119.42754364013672,119.9067840576172,118.94829559326172,119.28376770019533,11481632
2017-09-07,106.63115692138672,115.11434936523438,117.65433502197266,114.20378112792967,117.46263885498048,16715628
2017-09-08,105.74333953857422,114.1558609008789,115.01849365234376,113.00567626953124,114.77887725830078,9307268
2017-09-11,105.29940795898438,113.6766128540039,114.49132537841795,113.19737243652344,114.0600128173828,9036446
2017-09-12,106.14285278320312,114.5871810913086,114.5871810913086,113.62869262695312,114.1558609008789,10362702
2017-09-13,107.03070831298828,115.54566192626952,115.88113403320312,114.63510131835938,114.68302917480467,8060554
2017-09-14,107.6965789794922,116.26453399658205,116.3124542236328,114.73094940185548,115.49774169921876,8781440
2017-09-15,107.29307556152344,114.68302917480467,115.83321380615234,113.82038879394533,115.49774169921876,13888549
2017-09-18,109.66937255859376,117.22301483154295,117.65433502197266,114.68302917480467,114.82679748535156,10955699
2017-09-19,108.50364685058594,115.97698211669922,117.27094268798828,115.11434936523438,117.22301483154295,9460843
2017-09-20,109.04167938232422,116.55207824707033,116.9833984375,115.92906188964844,115.97698211669922,8298554
2017-09-21,110.96963500976562,118.61282348632812,119.0441436767578,115.83321380615234,116.5999984741211,10874529
2017-09-22,111.50768280029295,119.18791961669922,120.00263214111328,118.70867156982422,119.0441436767578,8287537
2017-09-25,112.58370208740234,120.33810424804688,120.67357635498048,119.09207153320312,119.42754364013672,8865635
2017-09-26,111.77668762207033,119.4754638671875,120.81734466552734,119.42754364013672,120.52980041503906,8503648
2017-09-27,109.26586151123048,116.7917022705078,120.05055236816406,116.36038208007812,119.8109359741211,11787113
2017-09-28,108.68299102783205,116.1686782836914,117.1750946044922,115.78528594970705,116.8875503540039,7544053
2017-09-29,108.41397857666016,115.88113403320312,116.4083023071289,115.06642150878906,116.07283020019533,7026425
2017-10-02,110.16261291503906,117.75018310546876,117.94188690185548,115.49774169921876,116.07283020019533,8868389
2017-10-03,111.19381713867188,118.85244750976562,118.99622344970705,116.5999984741211,117.94188690185548,7075210
2017-10-04,109.75906372070312,117.3188705444336,119.28376770019533,117.0792465209961,119.23583984375,6708361
2017-10-05,110.02809143066406,117.60641479492188,117.75018310546876,115.73736572265624,116.8875503540039,7252865
2017-10-06,109.35554504394533,116.8875503540039,117.60641479492188,115.64151763916016,116.9833984375,8498765
2017-10-09,105.05125427246094,112.28680419921876,115.73736572265624,111.4241714477539,115.49774169921876,29275875
2017-10-10,104.73738861083984,111.95133972167967,114.3475570678711,111.7596435546875,113.5807647705078,16812134
2017-10-11,103.4371566772461,110.56153106689452,111.52001953125,109.74681854248048,110.8490753173828,16937707
2017-10-12,103.34747314453124,110.46568298339844,110.65737915039062,109.41134643554688,110.46568298339844,12509021
2017-10-13,103.03363037109376,110.13021087646484,111.3283233642578,110.03436279296876,110.9449234008789,8428237
2017-10-16,104.73738861083984,111.95133972167967,112.52642822265624,109.89058685302734,110.17813873291016,10382567
2017-10-17,103.97518157958984,111.1366195678711,111.4241714477539,110.22605895996094,111.2803955078125,12235757
2017-10-18,103.66132354736328,110.80115509033205,111.56793975830078,110.56153106689452,111.1845474243164,7297059
2017-10-19,105.72380065917967,113.00567626953124,113.96416473388672,110.46568298339844,110.89700317382812,15769450
2017-10-20,106.84469604492188,114.20378112792967,114.251708984375,105.9128646850586,106.10456085205078,40147504
2017-10-23,100.0744400024414,106.96720123291016,112.33473205566406,106.2962646484375,112.33473205566406,39090944
2017-10-24,98.14649200439452,104.90645599365234,106.91928100585938,104.23551177978516,106.00871276855467,27880573
2017-10-25,96.39785766601562,103.03740692138672,104.90645599365234,102.07891845703124,104.66683197021484,23060959
2017-10-26,95.5908203125,102.17476654052734,103.75627136230467,101.59967041015624,103.37287139892578,18004137
2017-10-27,93.21449279785156,99.63477325439452,102.07891845703124,98.91590881347656,101.88722229003906,20560436
2017-10-30,91.5107192993164,97.81364440917967,99.29930114746094,97.09477996826172,98.82006072998048,20529324
2017-10-31,90.38983154296876,96.61553955078124,97.7657241821289,96.08837127685548,97.09477996826172,20450366
2017-11-01,89.76210021972656,95.94459533691406,98.34081268310548,95.65705108642578,96.18421936035156,19137318
2017-11-02,89.40342712402344,95.56120300292967,96.23213958740234,94.07554626464844,96.08837127685548,17012575
2017-11-03,90.30014038085938,96.51969146728516,97.43025207519533,95.17780303955078,95.4653549194336,14160018
2017-11-06,90.25531005859376,96.47176361083984,98.38874053955078,96.23213958740234,98.34081268310548,12661511
2017-11-07,90.61399841308594,96.85515594482422,97.04685974121094,96.42384338378906,96.66345977783205,8693113
2017-11-08,90.21047973632812,96.42384338378906,97.38232421875,96.18421936035156,96.85515594482422,8280233
2017-11-09,89.62760162353516,95.80081939697266,96.18421936035156,95.1298828125,96.04044342041016,10610572
2017-11-10,91.8694076538086,98.1970443725586,99.10760498046876,95.3695068359375,95.75289916992188,21019137
2017-11-13,85.27848815917969,91.15216064453124,99.44307708740234,89.85820007324219,97.09477996826172,54577114
2017-11-14,80.2568130493164,85.78462982177734,90.48121643066406,83.67595672607422,90.04989624023438,65218755
2017-11-15,81.87094116210938,87.5099105834961,88.08499908447266,83.8676528930664,83.91558074951172,30124129
2017-11-16,81.82609558105469,87.46198272705078,88.56423950195312,86.50349426269531,88.56423950195312,18649508
2017-11-17,81.64675903320312,87.2702865600586,88.51631927490234,87.2702865600586,87.89330291748047,12615126
2017-11-20,80.6155014038086,86.16802215576172,86.88688659667969,85.44915771484375,86.02425384521484,13340623
2017-11-21,79.9429702758789,85.44915771484375,86.5993423461914,84.82614135742188,86.02425384521484,16258721
2017-11-22,81.37773895263672,86.98273468017578,87.46198272705078,85.49708557128906,86.98273468017578,11444448
2017-11-24,81.55708312988281,87.1744384765625,88.08499908447266,86.98273468017578,88.08499908447266,5195206
2017-11-27,81.24322509765625,86.8389663696289,88.66009521484375,86.6951904296875,87.89330291748047,16453507
2017-11-28,82.54346466064453,88.22877502441406,88.37254333496094,86.55142211914062,87.0785903930664,11709157
2017-11-29,82.8573226928711,88.56423950195312,88.85179138183594,87.74952697753906,88.42047119140625,11509697
2017-11-30,82.00542449951172,87.65367889404297,89.0914077758789,87.12651062011719,88.94763946533203,14200582
2017-12-01,80.16716003417969,85.68878173828125,87.60575866699219,85.59293365478516,87.60575866699219,17116050
2017-12-04,80.48102569580078,86.02425384521484,86.55142211914062,85.68878173828125,86.26387023925781,14261616
2017-12-05,79.62911224365234,85.11368560791016,86.31179809570312,84.68236541748047,85.20953369140625,13733075
2017-12-06,79.18077850341797,84.63444519042969,85.49708557128906,84.3469009399414,84.39482116699219,9163104
2017-12-07,79.40497589111328,84.87406921386719,86.55142211914062,84.49066925048828,85.35330963134766,11598420
2017-12-08,79.40497589111328,84.87406921386719,85.40123748779297,84.63444519042969,84.92198944091797,11360294
2017-12-11,79.13591766357422,84.58651733398438,85.25746154785156,84.01142883300781,84.39482116699219,12138124
2017-12-12,80.30167388916016,85.83255004882812,86.45556640625,84.58651733398438,86.02425384521484,13945388
2017-12-13,79.62911224365234,85.11368560791016,86.21595001220703,85.11368560791016,85.88047790527344,8785613
2017-12-14,79.0910873413086,84.5385971069336,85.40123748779297,84.5385971069336,85.16161346435547,10129668
2017-12-15,79.89813995361328,85.40123748779297,85.44915771484375,84.63444519042969,85.20953369140625,18441952
2017-12-18,79.62911224365234,85.11368560791016,86.50349426269531,85.06576538085938,85.64085388183594,11249683
2017-12-19,78.8669204711914,84.2989730834961,85.30538177490234,84.1072769165039,85.16161346435547,13666553
2017-12-20,78.23920440673828,83.6280288696289,84.58651733398438,83.19671630859375,84.49066925048828,15725818
2017-12-21,78.328857421875,83.72388458251953,84.77821350097656,83.58010864257812,83.67595672607422,14163503
2017-12-22,78.4633560180664,83.8676528930664,84.15519714355469,83.38841247558594,83.91558074951172,9675745
2017-12-26,78.68910217285156,83.53218078613281,84.63444519042969,83.38841247558594,83.6280288696289,11546922
2017-12-27,78.46337127685547,83.29256439208984,84.49066925048828,82.95709228515625,83.67595672607422,12546163
2017-12-28,78.37309265136719,83.19671630859375,83.38841247558594,82.66954803466797,83.14878845214844,12714804
2017-12-29,78.7793960571289,83.6280288696289,84.01142883300781,82.76539611816406,82.76539611816406,15889514
2018-01-02,81.172119140625,86.16802215576172,86.21595001220703,84.01142883300781,84.25104522705078,16185981
2018-01-03,81.93960571289062,86.98273468017578,87.89330291748047,86.40764617919922,87.70160675048828,17000180
2018-01-04,83.6551284790039,88.80386352539062,89.23518371582031,87.70160675048828,88.08499908447266,17225995
2018-01-05,83.70028686523438,88.85179138183594,90.43329620361328,88.66009521484375,90.38536834716795,16667865
2018-01-08,82.52651977539062,87.60575866699219,89.61857604980469,86.74311828613281,89.47480773925781,17130657
2018-01-09,83.79058837890625,88.94763946533203,89.4268798828125,86.7910385131836,87.84537506103516,13855205
2018-01-10,85.46097564697266,90.72084045410156,91.34385681152344,89.04348754882812,89.0914077758789,17177522
2018-01-11,85.8672866821289,91.15216064453124,92.92536163330078,91.05631256103516,92.1585693359375,20808952
2018-01-12,84.6935043334961,89.9061279296875,91.77517700195312,89.61857604980469,91.63140106201172,18169606
2018-01-16,82.2104721069336,87.2702865600586,88.70801544189453,86.07217407226562,87.79745483398438,42912819
2018-01-17,78.32794189453125,83.14878845214844,84.82614135742188,82.71746826171875,84.58651733398438,39131904
2018-01-18,75.70948028564453,80.36917877197266,83.77180480957031,80.32125091552734,83.38841247558594,35944841
2018-01-19,73.40704345703125,77.92503356933594,80.17747497558594,76.77484893798828,79.79408264160156,44851332
2018-01-22,73.000732421875,77.49371337890625,78.26050567626953,75.72051239013672,76.19975280761719,28005019
2018-01-23,76.25123596191406,80.94426727294922,81.6152114868164,77.97295379638672,78.11672973632812,25714786
2018-01-24,74.21966552734375,78.78767395019531,83.19671630859375,77.87710571289062,81.471435546875,34850262
2018-01-25,73.0458755493164,77.54163360595703,79.65030670166016,77.30201721191406,79.0752182006836,19834813
2018-01-26,72.8201675415039,77.30201721191406,77.44578552246094,76.3435287475586,77.30201721191406,18965005
2018-01-29,73.49734497070312,78.02088165283203,78.73974609375,76.53522491455078,76.77484893798828,15469060
2018-01-30,72.0075454711914,76.43937683105469,77.97295379638672,76.43937683105469,77.15824127197266,14242064
2018-01-31,73.000732421875,77.49371337890625,77.97295379638672,76.63107299804688,76.96654510498047,16018822
2018-02-01,72.32353973388672,76.77484893798828,77.20616912841797,76.29560089111328,76.96654510498047,11022366
2018-02-02,70.60801696777344,74.95372009277344,76.3435287475586,74.76202392578125,76.1518325805664,17171805
2018-02-05,67.3123779296875,71.45523834228516,74.90579223632812,71.45523834228516,74.18692779541016,25715850
2018-02-06,68.9376220703125,73.1805191040039,73.5159912109375,70.49675750732422,71.02392578125,26462505
2018-02-07,68.84732055664062,73.08467102050781,74.37863159179688,73.08467102050781,73.3722152709961,15859821
2018-02-08,65.23567962646484,69.25071716308594,72.89297485351562,69.25071716308594,72.79712677001953,28928098
2018-02-09,67.44781494140625,71.59901428222656,72.03033447265625,68.19638061523438,70.4009017944336,26929053
2018-02-12,66.90607452392578,71.02392578125,72.55750274658203,70.83222198486328,72.17411041259766,15771182
2018-02-13,66.22887420654297,70.3050537109375,70.8801498413086,69.63411712646484,70.6405258178711,15378459
2018-02-14,67.26721954345703,71.40731811523438,72.03033447265625,70.16128540039062,70.4009017944336,17926577
2018-02-15,67.0415267944336,71.16769409179688,72.55750274658203,70.7843017578125,71.55108642578125,11452419
2018-02-16,67.94439697265625,72.12618255615234,72.98882293701172,70.97599792480469,71.16769409179688,13505612
2018-02-20,66.5448989868164,70.6405258178711,71.74279022216797,70.06543731689453,71.50316619873047,12867294
2018-02-21,65.41624450683594,69.44242095947266,70.59260559082031,69.25071716308594,70.49675750732422,20472151
2018-02-22,66.00314331054688,70.06543731689453,72.22203063964844,69.44242095947266,69.63411712646484,16379390
2018-02-23,65.9576416015625,69.44242095947266,70.3050537109375,69.44242095947266,69.63411712646484,11040854
2018-02-26,66.6859130859375,70.2092056274414,70.35298156738281,66.85449981689453,68.96317291259766,30302034
2018-02-27,66.00313568115234,69.49034118652344,72.74919891357422,69.49034118652344,70.3050537109375,19410582
2018-02-28,64.2278823852539,67.62129211425781,70.06543731689453,67.52544403076172,69.96958923339844,18490403
2018-03-01,63.8182258605957,67.18997192382812,68.34015655517578,66.85449981689453,67.86091613769531,19170976
2018-03-02,64.27342224121094,67.6692123413086,68.24430847167969,66.95034790039062,67.04619598388672,15572368
2018-03-05,65.63899993896484,69.10694885253906,70.2092056274414,67.6692123413086,67.9567642211914,18247395
2018-03-06,66.64041137695312,70.16128540039062,70.3050537109375,69.53826904296875,69.96958923339844,12124707
2018-03-07,66.04867553710938,69.53826904296875,69.92166137695312,67.9567642211914,69.39449310302734,17318787
2018-03-08,66.09414672851562,69.58618927001953,70.16128540039062,69.05902099609375,69.49034118652344,10348638
2018-03-09,68.00601959228516,71.59901428222656,71.64694213867188,69.53826904296875,70.06543731689453,13386967
2018-03-12,68.73429107666016,72.36580657958984,73.46806335449219,71.69486236572266,71.98240661621094,14653629
2018-03-13,65.68449401855469,69.15486907958984,70.6405258178711,68.72354888916016,70.4009017944336,24772029
2018-03-14,64.95618438720703,68.3880844116211,69.92166137695312,68.24430847167969,69.29864501953125,11907699
2018-03-15,65.36589813232422,68.81940460205078,69.72996520996094,68.34015655517578,68.57978057861328,9895779
2018-03-16,65.13827514648438,68.57978057861328,69.10694885253906,67.9567642211914,68.72354888916016,23889514
2018-03-19,64.04581451416016,67.42959594726562,68.43600463867188,67.09412384033203,68.34015655517578,13810133
2018-03-20,62.08847427368164,65.36884307861328,67.62129211425781,65.27299499511719,67.5733642578125,18554546
2018-03-21,63.180931091308594,66.51902770996094,66.90242767333984,65.03337860107422,65.4646987915039,13592791
2018-03-22,60.76841354370117,63.97903823852539,66.08770751953125,63.83526611328125,65.89601135253906,14862500
2018-03-23,59.49385833740234,62.63715744018555,64.45828247070312,62.39753341674805,64.21865844726562,17536442
2018-03-26,58.67451858520508,61.77451705932617,63.45186996459961,61.00772857666016,63.40394592285156,22000434
2018-03-27,61.1780891418457,64.41035461425781,65.75224304199219,61.43904876708984,61.91828918457031,32336072
2018-03-28,62.27056121826172,65.56053924560547,66.85449981689453,62.73300552368164,64.79375457763672,29025877
2018-03-29,61.36016845703125,64.60205841064453,65.4646987915039,63.97903823852539,65.081298828125,15548310
2018-04-02,59.72146987915039,62.87677764892578,64.88960266113281,62.109989166259766,64.45828247070312,15041824
2018-04-03,59.7669792175293,62.92470169067383,62.97262573242188,61.34319686889648,62.87677764892578,12474884
2018-04-04,60.44977188110352,63.6435661315918,63.73941802978516,61.29527282714844,61.43904876708984,11929712
2018-04-05,61.132568359375,64.36243438720703,64.9854507446289,63.11640167236328,63.69149398803711,11168889
2018-04-06,59.44833755493164,62.5892333984375,64.55413055419922,61.96621322631836,63.83526611328125,13242927
2018-04-09,58.401397705078125,61.48697280883789,63.068477630615234,61.43904876708984,62.78092956542969,14258423
2018-04-10,59.40282440185547,62.54130935668945,62.97262573242188,62.06206512451172,62.349609375,11982984
2018-04-11,59.038673400878906,62.15791320800781,62.6850814819336,61.582820892333984,61.870365142822266,10479010
2018-04-12,59.99458694458008,63.16432571411133,63.499794006347656,62.15791320800781,62.445457458496094,13277419
2018-04-13,61.40567398071289,64.64997863769531,65.56053924560547,64.02696228027344,64.26658630371094,14850168
2018-04-16,60.677371978759766,63.8831901550293,65.081298828125,63.40394592285156,64.69790649414062,12160618
2018-04-17,62.771270751953125,66.08770751953125,66.47110748291016,64.02696228027344,64.12281036376953,15050609
2018-04-18,62.17951583862305,65.4646987915039,66.71073150634766,65.27299499511719,66.51902770996094,8969027
2018-04-19,63.68162536621094,67.04619598388672,67.38166809082031,65.3209228515625,65.51261901855469,18316838
2018-04-20,66.18521881103516,69.68203735351562,72.12618255615234,68.72354888916016,71.59901428222656,39371615
2018-04-23,66.09414672851562,69.58618927001953,70.83222198486328,68.96317291259766,70.6884536743164,15298437
2018-04-24,66.82249450683594,70.35298156738281,70.7843017578125,69.68203735351562,70.25713348388672,15495602
2018-04-25,63.95476150512695,67.33374786376953,70.59260559082031,66.66280364990234,70.544677734375,23216120
2018-04-26,65.45691680908203,68.91525268554688,69.49034118652344,67.38166809082031,67.62129211425781,13533448
2018-04-27,65.45691680908203,68.91525268554688,69.39449310302734,68.00468444824219,68.1484603881836,10188469
2018-04-30,64.04581451416016,67.42959594726562,68.96317291259766,67.42959594726562,68.86732482910156,10127373
2018-05-01,63.95476150512695,67.33374786376953,67.52544403076172,66.27941131591797,67.4775161743164,10719493
2018-05-02,64.5465316772461,67.9567642211914,68.91525268554688,67.4775161743164,67.5733642578125,10783239
2018-05-03,63.40855026245117,66.75865173339844,68.00468444824219,66.37525939941406,68.00468444824219,12665163
2018-05-04,64.18238067626953,67.5733642578125,67.7171401977539,65.99185943603516,66.47110748291016,8744820
2018-05-07,64.04581451416016,67.42959594726562,67.9567642211914,67.09412384033203,67.52544403076172,6858410
2018-05-08,64.95618438720703,68.3880844116211,69.44242095947266,67.52544403076172,67.9567642211914,12381195
2018-05-09,66.54938507080078,70.06543731689453,70.35298156738281,68.53185272216797,68.77147674560547,10614202
2018-05-10,66.86800384521484,70.4009017944336,70.73637390136719,69.49034118652344,70.73637390136719,7820843
2018-05-11,66.45834350585938,69.96958923339844,70.7843017578125,69.58618927001953,70.6405258178711,5970052
2018-05-14,66.95905303955078,70.49675750732422,70.92807006835938,70.16128540039062,70.4488296508789,8562032
2018-05-15,66.95905303955078,70.49675750732422,70.544677734375,69.82581329345703,70.4488296508789,7357154
2018-05-16,68.4156723022461,72.03033447265625,72.36580657958984,70.4009017944336,70.49675750732422,11397833
2018-05-17,68.4156723022461,72.03033447265625,73.0367431640625,71.50316619873047,72.46165466308594,10585136
2018-05-18,68.14254760742188,71.74279022216797,72.36580657958984,71.50316619873047,72.26995849609375,7170422
2018-05-21,69.46258544921875,73.1325912475586,74.52239990234375,72.84504699707031,73.6118392944336,16258282
2018-05-22,69.59917449951172,73.2763671875,74.71409606933594,73.2763671875,73.75560760498047,13717258
2018-05-23,64.5465316772461,67.9567642211914,72.89297485351562,67.62129211425781,72.84504699707031,30743980
2018-05-24,66.45834350585938,69.96958923339844,70.544677734375,68.24430847167969,68.72354888916016,21995906
2018-05-25,66.59488677978516,70.11335754394531,70.3050537109375,69.05902099609375,70.01750946044922,10370235
2018-05-29,64.5465316772461,67.9567642211914,69.58618927001953,67.18997192382812,69.39449310302734,15867583
2018-05-30,64.5009994506836,67.9088363647461,68.24430847167969,67.18997192382812,67.76506805419922,10893914
2018-05-31,64.09132385253906,67.4775161743164,67.7171401977539,66.85449981689453,67.5733642578125,11571648
2018-06-01,64.18238067626953,67.5733642578125,67.81298828125,66.85449981689453,67.5733642578125,11870536
2018-06-04,62.4071159362793,65.70431518554688,68.10053253173828,65.56053924560547,67.7171401977539,17197157
2018-06-05,62.8167839050293,66.13563537597656,66.75865173339844,64.79375457763672,65.70431518554688,14699910
2018-06-06,62.08847427368164,65.36884307861328,66.56695556640625,65.3209228515625,66.23148345947266,12967368
2018-06-07,62.72576904296875,66.03978729248047,66.13563537597656,65.2250747680664,65.3209228515625,14811336
2018-06-08,63.40855026245117,66.75865173339844,67.42959594726562,65.70431518554688,66.03978729248047,10484206
2018-06-11,63.63613510131836,66.99827575683594,67.23789978027344,66.37525939941406,67.04619598388672,9098022
2018-06-12,63.63613510131836,66.99827575683594,67.76506805419922,66.66280364990234,67.23789978027344,8663462
2018-06-13,63.2264518737793,66.56695556640625,67.38166809082031,66.27941131591797,67.18997192382812,7407462
2018-06-14,62.08847427368164,65.36884307861328,66.66280364990234,64.9854507446289,66.47110748291016,12659759
2018-06-15,61.07815933227539,63.73941802978516,64.79375457763672,63.73941802978516,64.7458267211914,20069141
2018-06-18,60.61892318725586,63.26017379760742,63.40394592285156,62.78092956542969,63.30809783935547,14260009
2018-06-19,59.4708366394043,62.06206512451172,62.63715744018555,61.82244110107422,62.5892333984375,16249456
2018-06-20,59.14936828613281,61.726593017578125,62.82885360717773,61.10357666015625,61.1515007019043,20120367
2018-06-21,58.59828567504883,61.1515007019043,61.43904876708984,60.43263626098633,61.3911247253418,14750782
2018-06-22,59.93006896972656,62.54130935668945,62.6850814819336,61.1515007019043,61.1515007019043,14178026
2018-06-25,58.552364349365234,61.10357666015625,62.54130935668945,61.0556526184082,62.445457458496094,16029380
2018-06-26,63.09878158569336,65.84809112548828,66.80657958984375,64.17073822021484,64.50621032714844,44618882
2018-06-27,64.10907745361328,66.90242767333984,69.20279693603516,66.13563537597656,66.42317962646484,28252972
2018-06-28,63.5120849609375,66.27941131591797,67.09412384033203,65.56053924560547,66.80657958984375,13444307
2018-06-29,62.50178146362305,65.2250747680664,66.61488342285156,65.03337860107422,66.27941131591797,15015178
2018-07-02,61.39962005615234,64.07489013671875,64.93753051757812,63.212249755859375,64.60205841064453,13098533
2018-07-03,61.39962005615234,64.07489013671875,64.64997863769531,63.73941802978516,63.97903823852539,6721507
2018-07-05,61.6751708984375,64.36243438720703,64.41035461425781,62.49338150024414,64.12281036376953,11172227
2018-07-06,63.60395050048828,66.37525939941406,66.61488342285156,63.83526611328125,64.07489013671875,12524399
2018-07-09,64.06318664550781,66.85449981689453,67.76506805419922,66.66280364990234,66.80657958984375,13993109
2018-07-10,65.07350158691406,67.9088363647461,67.9567642211914,66.99827575683594,67.09412384033203,12585475
2018-07-11,64.24687194824219,67.04619598388672,68.48393249511719,67.04619598388672,67.38166809082031,9862643
2018-07-12,64.24687194824219,67.04619598388672,67.76506805419922,66.75865173339844,67.33374786376953,8309863
2018-07-13,63.787628173828125,66.56695556640625,67.42959594726562,66.51902770996094,66.95034790039062,10121259
2018-07-16,63.83356094360352,66.61488342285156,66.85449981689453,66.13563537597656,66.56695556640625,8943299
2018-07-17,62.86915969848633,65.60846710205078,66.56695556640625,65.4167709350586,66.37525939941406,12334350
2018-07-18,63.14469909667969,65.89601135253906,66.18356323242188,65.6563949584961,65.84809112548828,8562449
2018-07-19,63.052860260009766,65.80016326904297,66.51902770996094,65.27299499511719,65.75224304199219,15641895
2018-07-20,60.25153350830078,62.87677764892578,66.03978729248047,62.20583724975586,65.75224304199219,35732423
2018-07-23,59.654518127441406,62.25376129150391,62.87677764892578,61.82244110107422,62.39753341674805,18849031
2018-07-24,60.25153350830078,62.87677764892578,62.92470169067383,61.582820892333984,61.91828918457031,11824171
2018-07-25,60.20561218261719,62.82885360717773,63.02055358886719,62.109989166259766,62.92470169067383,11132811
2018-07-26,60.38930892944336,63.02055358886719,63.595645904541016,62.5892333984375,62.78092956542969,11374588
2018-07-27,59.97599029541016,62.5892333984375,63.16432571411133,62.20583724975586,62.87677764892578,8206805
2018-07-30,60.43523025512695,63.068477630615234,63.30809783935547,62.349609375,62.49338150024414,8255716
2018-07-31,62.593631744384766,65.3209228515625,65.4167709350586,63.068477630615234,63.212249755859375,14959799
2018-08-01,60.80261993408203,63.45186996459961,64.93753051757812,63.45186996459961,64.93753051757812,9291368
2018-08-02,60.48115158081055,63.11640167236328,63.30809783935547,62.5892333984375,63.11640167236328,7631879
2018-08-03,60.3433837890625,62.97262573242188,63.499794006347656,62.78092956542969,63.02055358886719,7354316
2018-08-06,60.1596908569336,62.78092956542969,63.16432571411133,62.5892333984375,62.87677764892578,6779285
2018-08-07,60.43523025512695,63.068477630615234,63.499794006347656,62.39753341674805,62.87677764892578,11811088
2018-08-08,59.93006896972656,62.54130935668945,63.212249755859375,62.15791320800781,63.212249755859375,8429823
2018-08-09,59.42491149902344,62.01414108276367,62.445457458496094,61.870365142822266,62.349609375,6778847
2018-08-10,58.64421081542969,61.19942474365234,61.870365142822266,60.91188049316406,61.870365142822266,10110158
2018-08-13,57.17466735839844,59.66584396362305,61.00772857666016,59.378299713134766,60.95980453491211,14001101
2018-08-14,56.7154426574707,59.18660354614258,60.38471221923828,59.04282760620117,59.80961990356445,10349974
2018-08-15,56.11842346191406,58.56358337402344,59.23452758789063,57.2217025756836,58.80320739746094,13501919
2018-08-16,56.485816955566406,58.94697952270508,59.23452758789063,58.51565933227539,58.75528335571289,10847153
2018-08-17,56.485816955566406,58.94697952270508,59.13867568969727,58.51565933227539,58.75528335571289,9795746
2018-08-20,56.485816955566406,58.94697952270508,59.378299713134766,58.18019104003906,58.80320739746094,7878350
2018-08-21,58.00127029418945,60.52848434448242,60.8160285949707,59.09075164794922,59.13867568969727,12091467
2018-08-22,57.26652145385742,59.761695861816406,60.480560302734375,59.522071838378906,60.43263626098633,9065575
2018-08-23,57.587982177734375,60.097164154052734,60.19301223754883,59.378299713134766,59.47414779663086,7940552
2018-08-24,57.40427780151367,59.90546798706055,60.19301223754883,59.761695861816406,60.00131607055664,8068963
2018-08-27,58.64421081542969,61.19942474365234,61.24734878540039,59.66584396362305,59.80961990356445,9324212
2018-08-28,58.59828567504883,61.1515007019043,61.77451705932617,60.95980453491211,61.19942474365234,12325524
2018-08-29,59.56267929077149,62.15791320800781,62.20583724975586,60.72018051147461,61.19942474365234,9971648
2018-08-30,58.64421081542969,61.19942474365234,62.15791320800781,61.10357666015625,61.67866897583008,9320414
2018-08-31,59.42491149902344,62.01414108276367,62.06206512451172,60.863956451416016,61.00772857666016,10517216
2018-09-04,58.18498611450195,60.72018051147461,61.726593017578125,60.52848434448242,61.726593017578125,9355782
2018-09-05,57.67982864379883,60.19301223754883,60.28886032104492,58.6594352722168,59.66584396362305,11491355
2018-09-06,57.45020294189453,59.953392028808594,61.34319686889648,59.90546798706055,59.90546798706055,8475812
2018-09-07,56.94503402709961,59.42622375488281,59.617919921875,58.80320739746094,59.378299713134766,9570746
2018-09-10,57.45020294189453,59.953392028808594,60.863956451416016,59.18660354614258,59.23452758789063,9050656
2018-09-11,56.623573303222656,59.09075164794922,59.761695861816406,58.61150741577149,59.617919921875,8378597
2018-09-12,57.90943908691406,60.43263626098633,60.52848434448242,58.61150741577149,58.94697952270508,8385211
2018-09-13,58.36867141723633,60.91188049316406,61.10357666015625,59.56999588012695,60.72018051147461,11408558
2018-09-14,58.785919189453125,60.768104553222656,61.10357666015625,59.33037567138672,60.04924011230469,14600045
2018-09-17,58.87864685058594,60.863956451416016,61.77451705932617,60.38471221923828,60.43263626098633,10573242
2018-09-18,58.69320297241211,60.67225646972656,61.10357666015625,60.19301223754883,60.72018051147461,8950101
2018-09-19,59.620418548583984,61.63074493408203,62.25376129150391,60.19301223754883,60.480560302734375,12958354
2018-09-20,57.76597213745117,59.71377182006836,60.8160285949707,59.23452758789063,60.33678817749024,18430204
2018-09-21,56.4215087890625,58.3239631652832,60.19301223754883,58.27603912353516,59.42622375488281,19910349
2018-09-24,54.427978515625,56.263214111328125,57.98849105834961,55.5922737121582,57.98849105834961,31005079
2018-09-25,52.249000549316406,54.01076889038086,56.35906219482422,53.77114868164063,56.21529006958008,27896911
2018-09-26,52.80534744262695,54.58586120605469,55.400577545166016,53.72322463989258,53.914920806884766,19483739
2018-09-27,53.45439147949219,55.25680160522461,56.31113815307617,54.44208908081055,54.490013122558594,17151231
2018-09-28,52.34172439575195,54.10661697387695,55.16095352172852,53.914920806884766,54.82548522949219,15978112
2018-10-01,56.05062103271485,57.94056701660156,62.63715744018555,57.2217025756836,62.39753341674805,64290209
2018-10-02,57.11692428588867,59.04282760620117,59.80961990356445,56.406986236572266,59.04282760620117,31029263
2018-10-03,57.85870361328125,59.80961990356445,60.52848434448242,58.85113143920898,59.13867568969727,17311880
2018-10-04,58.69320297241211,60.67225646972656,60.768104553222656,59.13867568969727,59.47414779663086,15631315
2018-10-05,61.10398483276367,63.16432571411133,63.73941802978516,61.63074493408203,61.726593017578125,31541445
2018-10-08,63.09750747680664,65.2250747680664,65.36884307861328,63.54772186279297,64.79375457763672,36025406
2018-10-09,62.81936264038086,64.93753051757812,66.03978729248047,64.26658630371094,65.70431518554688,23046331
2018-10-10,61.56758499145508,63.6435661315918,65.4646987915039,63.40394592285156,64.17073822021484,19185019
2018-10-11,58.97137451171875,60.95980453491211,63.69149398803711,60.67225646972656,62.87677764892578,24238585
2018-10-12,57.11692428588867,59.04282760620117,61.48697280883789,58.467735290527344,60.04924011230469,25708943
2018-10-15,56.32878875732422,58.22811508178711,59.90546798706055,58.18019104003906,58.70735931396485,13070635
2018-10-16,56.09697723388672,57.98849105834961,58.89905548095703,57.50925064086914,58.61150741577149,18046308
2018-10-17,56.51422882080078,58.4198112487793,60.19301223754883,58.0843391418457,58.70735931396485,17409325
2018-10-18,57.39509201049805,59.33037567138672,59.56999588012695,57.79679489135742,58.18019104003906,17010175
2018-10-19,58.22959899902344,60.19301223754883,61.00772857666016,58.75528335571289,58.85113143920898,18108844
2018-10-22,57.39509201049805,59.33037567138672,60.52848434448242,59.09075164794922,60.33678817749024,10483914
2018-10-23,58.832279205322266,60.8160285949707,61.0556526184082,57.89264297485352,58.22811508178711,17086295
2018-10-24,56.4215087890625,58.3239631652832,61.3911247253418,58.18019104003906,60.91188049316406,17394134
2018-10-25,54.70615005493164,56.55076217651367,58.85113143920898,56.16736602783203,58.467735290527344,18412572
2018-10-26,52.388092041015625,54.154541015625,55.83189392089844,53.531524658203125,55.54434967041016,24541312
2018-10-29,51.73903274536133,53.48360061645508,56.21529006958008,52.38134002685547,54.77755737304688,25007880
2018-10-30,47.19563674926758,48.78701400756836,54.633785247802734,47.30135726928711,50.60813903808594,71983559
2018-10-31,46.82474899291992,48.40361785888672,49.79342269897461,46.96588516235352,48.78701400756836,42124411
2018-11-01,44.41397476196289,45.91154861450195,49.026634216308594,45.719852447509766,47.97229766845703,49320916
2018-11-02,43.06949615478516,44.52174377441406,46.2949447631836,43.4674072265625,46.103248596191406,54985507
2018-11-05,43.02314376831055,44.473819732666016,45.67192840576172,44.42589569091797,45.0009880065918,25955269
2018-11-06,43.67218780517578,45.14476013183594,45.719852447509766,44.857215881347656,44.857215881347656,23563834
2018-11-07,42.65224456787109,44.090423583984375,45.336456298828125,43.802879333496094,45.28853225708008,25878418
2018-11-08,42.18863677978516,43.61117935180664,44.7613639831543,43.371559143066406,43.802879333496094,33760858
2018-11-09,39.7778549194336,41.11911392211914,42.94023895263672,39.05836486816406,42.125526428222656,57077908
2018-11-12,37.04254531860352,38.29157638549805,40.49609756469727,36.99761581420898,40.35232162475586,51161628
2018-11-13,39.91693878173828,41.26288604736328,43.371559143066406,38.19572448730469,38.43534851074219,42945997
2018-11-14,38.57246780395508,39.873077392578125,42.41307067871094,39.25006103515625,41.98175048828125,35507986
2018-11-15,37.87704849243164,39.15421295166016,41.214962005615234,38.627044677734375,39.48968505859375,26807841
2018-11-16,37.18162536621094,38.43534851074219,39.29798889160156,37.04553985595703,38.72289276123047,36851582
2018-11-19,36.34714126586914,37.57270812988281,39.48968505859375,37.33308792114258,38.29157638549805,30898119
2018-11-20,35.46628189086914,36.662147521972656,37.668556213378906,36.08705139160156,36.75799560546875,29903260
2018-11-21,36.20805358886719,37.42893600463867,38.0040283203125,37.04553985595703,37.33308792114258,17620011
2018-11-23,35.09538269042969,36.278751373291016,37.668556213378906,36.18290328979492,37.28516387939453,9070771
2018-11-26,35.14174270629883,36.32667541503906,37.09346389770508,34.793094635009766,36.4704475402832,33103782
2018-11-27,34.49269485473633,35.65573501586914,36.5662956237793,35.32026290893555,35.895355224609375,23037755
2018-11-28,35.883514404296875,37.09346389770508,37.23723983764648,35.32026290893555,35.41611099243164,25938200
2018-11-29,36.81074142456055,38.05195236206055,38.339500427246094,35.895355224609375,36.662147521972656,25745417
2018-11-30,34.770851135253906,35.94327926635742,36.8059196472168,35.46403884887695,36.7100715637207,39037109
2018-12-03,36.20805358886719,37.42893600463867,38.099876403808594,36.08705139160156,36.13497924804688,27268484
2018-12-04,33.750911712646484,34.88894271850586,37.42893600463867,34.88894271850586,37.14139175415039,27820875
2018-12-06,34.075435638427734,35.22441482543945,35.41611099243164,34.265926361083984,34.505550384521484,23571659
2018-12-07,32.4991569519043,33.59498596191406,35.368186950683594,33.49913787841797,34.98479461669922,23887657
2018-12-10,32.128265380859375,33.21158981323242,34.122154235839844,32.34895324707031,33.403289794921875,23545806
2018-12-11,31.340133666992188,32.39687728881836,34.17007827758789,31.917633056640625,33.7387580871582,25995248
2018-12-12,31.10832595825196,32.15725326538086,33.69083404541016,32.10932922363281,32.7802734375,22080622
2018-12-13,33.38002395629883,34.505550384521484,35.94327926635742,34.122154235839844,35.895355224609375,43251895
2018-12-14,32.91640853881836,34.02630615234375,34.74517059326172,33.547061920166016,33.930458068847656,26875823
2018-12-17,33.148216247558594,34.265926361083984,34.649322509765625,33.59498596191406,33.9783821105957,27069962
2018-12-18,33.750911712646484,34.88894271850586,36.5662956237793,34.31385040283203,34.409698486328125,30626065
2018-12-19,35.56148147583008,36.7100715637207,38.099876403808594,36.18290328979492,36.61422348022461,45795945
2018-12-20,34.540122985839844,35.65573501586914,37.47686004638672,35.2723388671875,36.662147521972656,38050283
2018-12-21,33.193809509277344,34.265926361083984,35.70365905761719,34.02630615234375,35.08064270019531,38738388
2018-12-24,32.12602615356445,33.163665771484375,34.17007827758789,33.06781768798828,33.8346061706543,14608516
2018-12-26,34.30800247192383,35.41611099243164,35.511962890625,32.444801330566406,33.49913787841797,27092394
2018-12-27,33.750911712646484,34.84101867675781,34.84101867675781,33.30744171142578,34.409698486328125,24993253
2018-12-28,34.865108489990234,35.99120330810547,36.662147521972656,34.45762634277344,34.45762634277344,25388083
2018-12-31,35.143646240234375,36.278751373291016,36.51837158203125,35.22441482543945,36.03912734985352,22610937
2019-01-02,37.3720588684082,38.57912063598633,39.2021369934082,35.511962890625,35.751583099365234,26991297
2019-01-03,37.41848373413086,38.627044677734375,39.29798889160156,37.28516387939453,38.43534851074219,25654795
2019-01-04,38.207706451416016,39.4417610168457,39.58553314208984,38.243648529052734,39.25006103515625,25056937
2019-01-07,40.57537078857422,41.88590240478516,42.125526428222656,39.729305267333984,40.975341796875,37493322
2019-01-08,39.739723205566406,41.02326583862305,43.32363510131836,40.8315658569336,42.70061874389648,30669237
2019-01-09,39.46117782592773,40.7357177734375,41.98175048828125,39.2021369934082,40.8315658569336,24268716
2019-01-10,41.50386428833008,42.84439086914063,42.89231491088867,40.68779373168945,40.7357177734375,23441412
2019-01-11,41.50386428833008,42.84439086914063,42.89231491088867,41.79005432128906,42.50891876220703,16832625
2019-01-14,41.31816482543945,42.65269470214844,43.131935119628906,41.98175048828125,42.22137451171875,17043123
2019-01-15,40.528953552246094,41.83797836303711,42.79646682739258,41.69420623779297,42.70061874389648,19626381
2019-01-16,41.689571380615234,43.03608703613281,43.131935119628906,41.50250625610352,41.742130279541016,17583057
2019-01-17,42.43236541748047,43.802879333496094,44.04249954223633,41.9338264465332,42.65269470214844,22074822
2019-01-18,42.06097030639648,43.41948318481445,44.33004760742188,43.27571105957031,44.23419570922852,19350175
2019-01-22,40.2039680480957,41.50250625610352,43.08401107788086,41.02326583862305,43.03608703613281,22571396
2019-01-23,40.528953552246094,41.83797836303711,42.36514663696289,41.26288604736328,41.64628219604492,15104193
2019-01-24,40.76108169555664,42.077598571777344,42.988162994384766,41.26288604736328,41.358734130859375,18848780
2019-01-25,42.52521514892578,43.89872741699219,44.13834762573242,42.36514663696289,42.41307067871094,23434130
2019-01-28,41.45744323730469,42.79646682739258,43.131935119628906,41.9338264465332,43.03608703613281,19120938
2019-01-29,41.31816482543945,42.65269470214844,43.75495147705078,41.45458221435547,42.65269470214844,23885070
2019-01-30,42.24666976928711,43.61117935180664,44.473819732666016,42.55684280395508,43.03608703613281,18035624
2019-01-31,47.1677131652832,48.691162109375,51.61455154418945,46.77418899536133,47.6368293762207,72747847
2019-02-01,47.30698394775391,48.834938049316406,49.98512268066406,47.7326774597168,48.88286209106445,33002372
2019-02-04,47.39983367919922,48.9307861328125,49.553802490234375,48.40361785888672,49.21833038330078,21543088
2019-02-05,49.34967422485352,50.943607330322266,51.039459228515625,48.73908615112305,49.12248229980469,21455283
2019-02-06,48.60688400268555,50.17681884765625,52.285491943359375,49.98512268066406,51.13530731201172,25140965
2019-02-07,46.703460693359375,48.21192169189453,50.03304672241211,47.78060150146485,49.937198638916016,22682446
2019-02-08,45.54282379150391,47.01380920410156,48.40361785888672,45.719852447509766,47.97229766845703,24736786
2019-02-11,46.56417083740234,48.068145751953125,48.64323806762695,47.109657287597656,47.30135726928711,14749801
2019-02-12,46.332061767578125,47.82852554321289,48.64323806762695,47.4930534362793,48.25984573364258,14005879
2019-02-13,48.14262390136719,49.69757461547852,49.937198638916016,47.68475341796875,47.82852554321289,20644401
2019-02-14,46.610599517822266,48.11606979370117,49.36210632324219,47.68475341796875,49.31418228149414,19486347
2019-02-15,46.84272384643555,48.35569381713867,49.26625442504883,48.21192169189453,48.49946594238281,16347527
2019-02-19,47.02842712402344,48.54738998413086,48.64323806762695,47.68475341796875,48.068145751953125,13264315
2019-02-20,46.889156341552734,48.40361785888672,48.54738998413086,47.97229766845703,48.35569381713867,10151119
2019-02-21,46.56417083740234,48.068145751953125,48.88286209106445,47.92437362670898,48.068145751953125,10335701
2019-02-22,47.2141227722168,48.73908615112305,48.78701400756836,47.87644958496094,48.16399765014648,10587786
2019-02-25,50.23173522949219,51.85417175292969,56.31113815307617,51.6624755859375,55.44850158691406,60560499
2019-02-26,51.46851348876953,53.13087844848633,54.32706832885742,52.482940673828125,53.77881622314453,20864323
2019-02-27,52.530704498291016,54.227386474609375,54.476593017578125,53.03119659423828,53.97817993164063,21835966
2019-02-28,50.16489410400391,51.78516006469727,54.07786178588867,51.486114501953125,53.92833709716797,18230265
2019-03-01,49.58550643920898,51.18706512451172,52.43309783935547,50.09055709838867,52.08420944213867,17856700
2019-03-04,50.11662292480469,51.73532104492188,52.43309783935547,50.93785858154297,51.43627166748047,13996993
2019-03-05,47.75081253051758,49.293094635009766,52.68230438232422,47.74801254272461,51.73532104492188,35870538
2019-03-06,43.98481369018555,45.40546798706055,48.04705810546875,45.106422424316406,46.1530876159668,41286543
2019-03-07,45.62639617919922,47.100074768066406,47.100074768066406,45.20610427856445,45.25594329833984,25577378
2019-03-08,46.30306243896485,47.74801254272461,48.24642562866211,46.25277328491211,46.50197982788086,17559457
2019-03-11,47.8497200012207,49.34293365478516,49.94103240966797,46.50197982788086,47.100074768066406,21277594
2019-03-12,47.17305374145508,48.64515686035156,50.53912734985352,48.14674377441406,49.49245834350586,19937161
2019-03-13,48.42972183227539,49.94103240966797,50.09055709838867,48.34610748291016,48.49563217163086,14880115
2019-03-14,49.783050537109375,51.33658981323242,52.33341598510742,50.83817672729492,51.33658981323242,26859385
2019-03-15,48.13970947265625,49.64198303222656,52.08420944213867,49.34293365478516,51.286746978759766,37959266
2019-03-18,49.29972457885742,50.83817672729492,51.38643264770508,49.69182586669922,49.79150772094727,18387845
2019-03-19,49.25138092041016,50.788333892822266,51.53595352172852,50.53912734985352,50.93785858154297,10970991
2019-03-20,49.39637756347656,50.93785858154297,51.486114501953125,50.43944549560547,50.48928451538086,9704794
2019-03-21,49.63803482055664,51.18706512451172,51.486114501953125,50.48928451538086,50.83817672729492,10135942
2019-03-22,48.23639297485352,49.74166488647461,51.037540435791016,49.44261932373047,50.93785858154297,16364625
2019-03-25,47.753055572509766,49.24325180053711,50.48928451538086,48.89436340332031,49.64198303222656,9977198
2019-03-26,48.81639099121094,50.33976364135742,50.58897018432617,49.49245834350586,49.59214019775391,9555279
2019-03-27,48.13970947265625,49.64198303222656,50.73849487304688,49.34293365478516,50.240081787109375,11064769
2019-03-28,47.801395416259766,49.293094635009766,49.89118957519531,48.844520568847656,49.64198303222656,9068655
2019-03-29,48.28473281860352,49.79150772094727,49.99087142944336,49.44261932373047,49.74166488647461,9734708
2019-04-01,48.81639099121094,50.33976364135742,50.48928451538086,49.84135055541992,49.94103240966797,10301888
2019-04-02,49.493045806884766,51.037540435791016,51.236907958984375,50.040714263916016,50.14039611816406,10382584
2019-04-03,48.81639099121094,50.33976364135742,51.236907958984375,49.84135055541992,51.13722229003906,11263640
2019-04-04,48.47805404663086,49.99087142944336,50.43944549560547,49.69182586669922,50.33976364135742,8232943
2019-04-05,48.3813705444336,49.89118957519531,50.53912734985352,49.74166488647461,50.19023895263672,8678979
2019-04-08,45.86805725097656,47.2994384765625,47.54864883422852,45.60483551025391,47.39912414550781,35313691
2019-04-09,44.56307220458984,45.9537239074707,46.90070724487305,45.4553108215332,46.601661682128906,16687089
2019-04-10,44.273075103759766,45.6546745300293,46.1530876159668,45.25594329833984,46.103248596191406,10808576
2019-04-11,44.07975387573242,45.4553108215332,46.1530876159668,45.35562515258789,45.4553108215332,10997856
2019-04-12,43.49974822998047,44.857215881347656,45.90388107299805,44.807373046875,45.60483551025391,13735824
2019-04-15,43.403076171875,44.75753021240234,45.106422424316406,43.810546875,44.90705490112305,16642146
2019-04-16,44.17642211914063,45.55499267578125,45.80419921875,44.807373046875,45.05657958984375,12085548
2019-04-17,44.07975387573242,45.4553108215332,45.754356384277344,45.1562614440918,45.6546745300293,9643619
2019-04-18,45.1913948059082,46.601661682128906,46.601661682128906,45.35562515258789,45.505149841308594,10334612
2019-04-22,45.04640197753906,46.4521369934082,46.601661682128906,45.754356384277344,46.103248596191406,13467232
2019-04-23,45.09474563598633,46.50197982788086,46.70134353637695,45.9537239074707,46.35245513916016,8126706
2019-04-24,45.04640197753906,46.4521369934082,46.601661682128906,45.90388107299805,46.40229415893555,5775345
2019-04-25,44.07975387573242,45.4553108215332,46.00356674194336,44.75753021240234,45.9537239074707,12515311
2019-04-26,46.25472259521485,47.69816970825195,47.7978515625,45.40546798706055,45.4553108215332,14905235
2019-04-29,47.02806091308594,48.49563217163086,48.54547500610352,47.54864883422852,47.69816970825195,13243923
2019-04-30,49.15471649169922,50.68865203857422,52.482940673828125,49.64198303222656,50.987701416015625,35549901
2019-05-01,48.81639099121094,50.33976364135742,51.93468475341797,50.289920806884766,50.58897018432617,19938144
2019-05-02,49.5413818359375,51.08738327026367,51.83500289916992,50.240081787109375,50.58897018432617,15895597
2019-05-03,50.74970626831055,52.33341598510742,52.33341598510742,51.037540435791016,51.33658981323242,13806910
2019-05-06,50.411376953125,51.98452758789063,52.283573150634766,50.88801574707031,51.037540435791016,8754137
2019-05-07,48.86471939086914,50.38960266113281,51.63563537597656,50.14039611816406,51.53595352172852,11415060
2019-05-08,49.10637664794922,50.63880920410156,51.08738327026367,50.240081787109375,50.240081787109375,9500004
2019-05-09,48.5263900756836,50.040714263916016,50.88801574707031,49.94103240966797,50.38960266113281,11937839
2019-05-10,48.96137237548828,50.48928451538086,50.73849487304688,48.69499969482422,49.94103240966797,12666230
2019-05-13,47.70472717285156,49.19341278076172,50.19023895263672,48.9442024230957,49.093727111816406,12065484
2019-05-14,49.87970733642578,51.43627166748047,51.58579635620117,49.39277648925781,49.54230117797852,14148995
2019-05-15,49.58971405029297,51.13722229003906,51.78516006469727,50.43944549560547,50.58897018432617,10777477
2019-05-16,48.96137237548828,50.48928451538086,51.286746978759766,50.14039611816406,50.93785858154297,10935800
2019-05-17,48.33305740356445,49.84135055541992,50.63880920410156,49.74166488647461,49.89118957519531,7436095
2019-05-20,47.753055572509766,49.24325180053711,50.14039611816406,48.74483871459961,49.39277648925781,10474656
2019-05-21,48.13970947265625,49.64198303222656,49.64198303222656,48.844520568847656,49.64198303222656,12121141
2019-05-22,47.8497200012207,49.34293365478516,50.43944549560547,49.24325180053711,49.59214019775391,10361698
2019-05-23,46.20640182495117,47.64833068847656,48.99404525756836,47.19975662231445,48.89436340332031,11404487
2019-05-24,45.67472839355469,47.100074768066406,48.24642562866211,47.05023193359375,47.9473762512207,9536881
2019-05-28,45.2397346496582,46.6515007019043,47.54864883422852,46.20293045043945,46.90070724487305,14488312
2019-05-29,45.28807830810547,46.70134353637695,46.801025390625,45.60483551025391,46.40229415893555,8945986
2019-05-30,45.77141571044922,47.19975662231445,47.39912414550781,46.3026123046875,46.70134353637695,10138450
2019-05-31,45.62639617919922,47.05023193359375,47.19975662231445,46.35245513916016,46.55181884765625,9297080
2019-06-03,46.06139755249024,47.49880599975586,47.54864883422852,46.103248596191406,46.35245513916016,9484896
2019-06-04,48.33305740356445,49.84135055541992,49.84135055541992,47.7978515625,47.89753723144531,12320032
2019-06-05,47.801395416259766,49.293094635009766,50.289920806884766,48.9442024230957,50.19023895263672,8258886
2019-06-06,47.94638442993164,49.44261932373047,49.84135055541992,48.69499969482422,49.293094635009766,7730128
2019-06-07,48.23639297485352,49.74166488647461,50.09055709838867,48.9442024230957,49.34293365478516,8243075
2019-06-10,48.5747184753418,50.09055709838867,51.58579635620117,49.84135055541992,50.09055709838867,10486695
2019-06-11,48.913047790527344,50.43944549560547,50.83817672729492,49.64198303222656,50.33976364135742,7816341
2019-06-12,49.68637466430664,51.236907958984375,51.78516006469727,49.94103240966797,50.240081787109375,11029015
2019-06-13,49.83139419555664,51.38643264770508,52.43309783935547,51.08738327026367,51.63563537597656,12462684
2019-06-14,49.4447135925293,50.987701416015625,51.53595352172852,50.73849487304688,51.236907958984375,6892891
2019-06-17,48.5747184753418,50.09055709838867,51.037540435791016,49.94103240966797,50.83817672729492,9239377
2019-06-18,50.363037109375,51.93468475341797,51.98452758789063,50.289920806884766,50.38960266113281,14759552
2019-06-19,49.97637176513672,51.53595352172852,52.88167190551758,51.486114501953125,52.18389129638672,12161930
2019-06-20,51.378047943115234,52.981353759765625,53.33024215698242,52.18389129638672,52.18389129638672,13234293
2019-06-21,50.65303039550781,52.233734130859375,53.38008499145508,52.08420944213867,53.18071746826172,13156947
2019-06-24,49.68637466430664,51.236907958984375,52.482940673828125,51.18706512451172,52.13405227661133,7343060
2019-06-25,49.39637756347656,50.93785858154297,51.236907958984375,50.33976364135742,51.13722229003906,7121838
2019-06-26,49.63803482055664,51.18706512451172,51.78516006469727,50.83817672729492,50.93785858154297,6847327
2019-06-27,50.26637649536133,51.83500289916992,52.034366607666016,51.037540435791016,51.037540435791016,6677849
2019-06-28,50.79854965209961,52.33341598510742,52.33341598510742,51.68547821044922,51.78516006469727,8832104
2019-07-01,51.42749786376953,52.981353759765625,53.42992782592773,52.482940673828125,52.93151092529297,8010518
2019-07-02,51.37910461425781,52.93151092529297,53.42992782592773,52.68230438232422,52.981353759765625,6043516
2019-07-03,51.33071899414063,52.88167190551758,53.13087844848633,52.53278350830078,53.13087844848633,4449238
2019-07-05,50.79854965209961,52.33341598510742,52.58262252807617,51.68547821044922,52.53278350830078,6072809
2019-07-08,49.34717178344727,50.83817672729492,51.98452758789063,50.53912734985352,51.93468475341797,9659269
2019-07-09,49.58906173706055,51.08738327026367,51.286746978759766,50.040714263916016,50.43944549560547,7113732
2019-07-10,49.34717178344727,50.83817672729492,51.98452758789063,50.73849487304688,51.286746978759766,7845233
2019-07-11,48.91175079345703,50.38960266113281,51.38643264770508,50.33976364135742,50.93785858154297,6755455
2019-07-12,50.169620513916016,51.68547821044922,51.78516006469727,50.53912734985352,50.73849487304688,7864053
2019-07-15,49.68581008911133,51.18706512451172,51.53595352172852,50.83817672729492,51.08738327026367,8445819
2019-07-16,50.21799850463867,51.73532104492188,51.83500289916992,50.88801574707031,50.987701416015625,7931808
2019-07-17,48.282814025878906,49.74166488647461,51.68547821044922,49.74166488647461,51.68547821044922,10770776
2019-07-18,48.66985321044922,50.14039611816406,50.788333892822266,49.64198303222656,49.89118957519531,9059787
2019-07-19,48.57309722900391,50.040714263916016,50.788333892822266,49.99087142944336,50.240081787109375,6952842
2019-07-22,49.39554214477539,50.88801574707031,50.987701416015625,50.09055709838867,50.09055709838867,8692963
2019-07-23,51.52424621582031,53.08103561401367,53.230560302734375,51.18706512451172,51.236907958984375,14906960
2019-07-24,51.66938018798828,53.230560302734375,53.33024215698242,52.53278350830078,52.73214721679688,9008083
2019-07-25,50.45989608764648,51.98452758789063,53.18071746826172,51.63563537597656,52.981353759765625,9253562
2019-07-26,50.846927642822266,52.38325881958008,52.58262252807617,51.83500289916992,52.18389129638672,5420359
2019-07-29,50.21799850463867,51.73532104492188,52.73214721679688,51.73532104492188,52.33341598510742,7497670
2019-07-30,50.89531326293945,52.43309783935547,52.73214721679688,51.236907958984375,51.78516006469727,9091748
2019-07-31,50.5566520690918,52.08420944213867,53.77881622314453,50.09055709838867,53.62929153442383,34604621
2019-08-01,48.76660537719727,50.240081787109375,52.283573150634766,49.74166488647461,51.68547821044922,17640313
2019-08-02,48.37957382202149,49.84135055541992,50.240081787109375,48.9442024230957,49.89118957519531,12900213
2019-08-05,46.73466491699219,48.14674377441406,48.89436340332031,47.89753723144531,48.794681549072266,14093359
2019-08-06,46.29924392700195,47.69816970825195,48.595314025878906,47.24959945678711,48.39595031738281,13321830
2019-08-07,45.76708221435547,47.14991760253906,47.19975662231445,46.00356674194336,47.05023193359375,15406967
2019-08-08,45.91220474243164,47.2994384765625,47.49880599975586,46.4521369934082,47.39912414550781,9912773
2019-08-09,44.26730728149414,45.60483551025391,47.24959945678711,45.4553108215332,47.19975662231445,15393002
2019-08-12,43.78351974487305,45.106422424316406,45.3057861328125,44.60800552368164,45.05657958984375,13156727
2019-08-13,45.23488998413086,46.601661682128906,47.7978515625,45.90388107299805,46.00356674194336,14852407
2019-08-14,43.686744689941406,45.00673675537109,46.35245513916016,44.6578483581543,46.05340576171875,17895704
2019-08-15,38.75203704833984,39.92292022705078,43.01308441162109,38.12863159179688,42.56451034545898,80465058
2019-08-16,42.52565383911133,43.810546875,43.86038589477539,41.71720886230469,41.91657257080078,49935166
2019-08-19,41.94508361816406,43.21244812011719,44.3089599609375,42.91340255737305,44.25911712646485,22398591
2019-08-20,40.54207611083984,41.767051696777344,42.86355972290039,41.517845153808594,42.76387786865234,20525588
2019-08-21,39.47771835327149,40.67053985595703,42.26546478271485,40.57085800170898,41.6673698425293,17105978
2019-08-22,39.62287139892578,40.82006454467773,41.41815948486328,40.42133331298828,40.77022171020508,13672704
2019-08-23,38.55852508544922,39.72355651855469,40.371490478515625,38.67688751220703,40.32165145874024,25801529
2019-08-26,38.9455451965332,40.12228775024414,40.371490478515625,39.47434616088867,40.17212677001953,11634356
2019-08-27,38.36499786376953,39.52418899536133,40.42133331298828,39.42450714111328,40.32165145874024,13255982
2019-08-28,38.41337966918945,39.574031829833984,39.823238372802734,38.67688751220703,39.47434616088867,11576392
2019-08-29,39.23582458496094,40.42133331298828,40.86990737915039,39.873077392578125,40.07244491577149,11785596
2019-08-30,39.91313552856445,41.11911392211914,41.16895294189453,40.42133331298828,40.57085800170898,9494847
2019-09-03,40.30017852783203,41.517845153808594,41.816890716552734,40.27180862426758,40.371490478515625,13572847
2019-09-04,42.57401657104492,43.86038589477539,44.20927429199219,41.86673355102539,41.91657257080078,18790362
2019-09-05,42.62240982055664,43.91022872924805,46.00356674194336,43.86038589477539,44.807373046875,17433537
2019-09-06,42.13860321044922,43.41181564331055,43.9600715637207,42.71403503417969,43.9600715637207,8596517
2019-09-09,43.34809875488281,44.6578483581543,45.106422424316406,43.511497497558594,43.61117935180664,10023906
2019-09-10,44.218936920166016,45.55499267578125,46.20293045043945,44.35879898071289,44.40864181518555,12563304
2019-09-11,45.28327560424805,46.6515007019043,46.6515007019043,45.1562614440918,45.60483551025391,11455328
2019-09-12,44.79948425292969,46.1530876159668,47.4489631652832,45.9537239074707,46.850868225097656,13666384
2019-09-13,45.2353744506836,46.55181884765625,47.100074768066406,45.55499267578125,46.40229415893555,9146903
2019-09-16,45.429107666015625,46.75118637084961,46.9505500793457,45.70451736450195,46.35245513916016,9178805
2019-09-17,45.33222961425781,46.6515007019043,46.801025390625,46.103248596191406,46.35245513916016,7614962
2019-09-18,45.429107666015625,46.75118637084961,46.801025390625,45.754356384277344,46.40229415893555,8079777
2019-09-19,45.62281799316406,46.9505500793457,47.34928131103516,46.55181884765625,46.601661682128906,6808664
2019-09-20,45.38067626953125,46.70134353637695,47.54864883422852,46.55181884765625,47.14991760253906,11542705
2019-09-23,45.2353744506836,46.55181884765625,46.801025390625,45.854042053222656,45.9537239074707,6723554
2019-09-24,43.44337844848633,44.70769119262695,46.601661682128906,44.6578483581543,46.40229415893555,10702559
2019-09-25,44.36359786987305,45.6546745300293,45.854042053222656,44.55816650390625,44.6578483581543,8799802
2019-09-26,43.6855583190918,44.9568977355957,45.90388107299805,44.6578483581543,45.754356384277344,7469661
2019-09-27,43.78241729736328,45.05657958984375,45.70451736450195,44.807373046875,45.05657958984375,6121624
2019-09-30,43.29809188842773,44.55816650390625,45.35562515258789,44.55816650390625,45.25594329833984,7040620
2019-10-01,41.6998405456543,42.91340255737305,45.05657958984375,42.41498947143555,44.6578483581543,13799506
2019-10-02,41.215518951416016,42.41498947143555,42.96324157714844,41.91657257080078,42.6641960144043,9534413
2019-10-03,42.18415832519531,43.41181564331055,43.41181564331055,41.11911392211914,42.36514663696289,11762643
2019-10-04,41.50611877441406,42.71403503417969,43.36197280883789,42.56451034545898,42.91340255737305,10487838
2019-10-07,41.45769882202149,42.6641960144043,43.11276626586914,42.26546478271485,42.61435317993164,6454560
2019-10-08,40.10158920288086,41.26863861083984,42.36514663696289,41.21879577636719,42.26546478271485,9129448
2019-10-09,40.44061279296875,41.61752700805664,41.71720886230469,41.06927108764648,41.41815948486328,6589067
2019-10-10,40.924930572509766,42.11594009399414,42.46482849121094,41.41815948486328,41.567684173583984,6128666
2019-10-11,42.62004470825195,43.86038589477539,44.4584846496582,42.76387786865234,42.813720703125,11202546
2019-10-14,42.23259353637695,43.46165466308594,44.10959243774414,43.06292343139648,44.05975341796875,6832219
2019-10-15,43.055938720703125,44.3089599609375,44.4584846496582,42.91340255737305,43.56134033203125,7791583
2019-10-16,43.10436248779297,44.35879898071289,45.20610427856445,44.05975341796875,44.1594352722168,11605123
2019-10-17,43.78241729736328,45.05657958984375,45.3057861328125,44.25911712646485,44.4584846496582,6552993
2019-10-18,43.394962310791016,44.6578483581543,45.35562515258789,44.60800552368164,44.90705490112305,7827417
2019-10-21,42.571624755859375,43.810546875,45.4553108215332,43.6610221862793,44.807373046875,12155530
2019-10-22,43.8792724609375,45.1562614440918,45.1562614440918,42.91340255737305,43.71086120605469,11459381
2019-10-23,44.266746520996094,45.55499267578125,45.60483551025391,44.5083236694336,44.75753021240234,9547274
2019-10-24,43.34651947021485,44.60800552368164,45.60483551025391,44.25911712646485,45.4553108215332,6848069
2019-10-25,43.58868408203125,44.857215881347656,45.3057861328125,44.4584846496582,44.4584846496582,8458780
2019-10-28,43.927711486816406,45.20610427856445,45.4553108215332,44.807373046875,44.9568977355957,6371196
2019-10-29,43.927711486816406,45.20610427856445,45.55499267578125,44.5083236694336,44.90705490112305,9180931
2019-10-30,48.96462631225586,50.38960266113281,51.68547821044922,48.39595031738281,48.74483871459961,43326155
2019-10-31,48.33501434326172,49.74166488647461,50.88801574707031,49.14356994628906,50.09055709838867,17381933
2019-11-01,50.27228927612305,51.73532104492188,51.78516006469727,50.14039611816406,50.240081787109375,16462897
2019-11-04,52.93603515625,54.476593017578125,54.57627868652344,51.93468475341797,51.93468475341797,19618249
2019-11-05,53.1297607421875,54.67596054077149,54.67596054077149,53.42992782592773,54.426753997802734,14321783
2019-11-06,53.37192916870117,54.92516708374024,55.32389831542969,53.77881622314453,54.476593017578125,15650118
2019-11-07,54.6795768737793,56.27088165283203,56.420406341552734,55.27405548095703,55.32389831542969,14261713
2019-11-08,55.79351043701172,57.41723251342773,57.56675720214844,55.52326202392578,55.97183609008789,12535897
2019-11-11,54.970176696777344,56.56993103027344,57.31755065917969,56.02167510986328,56.81913757324219,9144135
2019-11-12,55.3091926574707,56.91881942749024,57.71628189086914,56.27088165283203,56.420406341552734,9819738
2019-11-13,54.6795768737793,56.27088165283203,56.619773864746094,55.72262954711914,56.27088165283203,10830626
2019-11-14,54.6795768737793,56.27088165283203,56.56993103027344,55.72262954711914,55.72262954711914,6177722
2019-11-15,55.79351043701172,57.41723251342773,57.56675720214844,56.47024917602539,56.52008819580078,7671582
2019-11-18,55.40605926513672,57.01850128173828,57.31755065917969,56.47024917602539,56.86898040771485,10226930
2019-11-19,55.696659088134766,57.31755065917969,57.56675720214844,56.121360778808594,56.96866226196289,9396375
2019-11-20,55.16390228271485,56.76929473876953,57.2677116394043,56.121360778808594,57.01850128173828,9367744
2019-11-21,55.841941833496094,57.46707534790039,57.915645599365234,56.37056350708008,56.47024917602539,8364300
2019-11-22,55.93881607055664,57.56675720214844,58.4140625,57.2677116394043,57.2677116394043,7720858
2019-11-25,56.0841064453125,57.71628189086914,59.01215744018555,57.66644287109375,58.115013122558594,11378143
2019-11-26,54.970176696777344,56.56993103027344,58.164852142333984,56.37056350708008,57.915645599365234,12879647
2019-11-27,54.6795768737793,56.27088165283203,57.16802597045898,56.121360778808594,56.76929473876953,9128706
2019-11-29,54.58271408081055,56.171199798583984,56.619773864746094,55.921993255615234,56.22104263305664,4562336
2019-12-02,54.04996871948242,55.62294387817383,57.41723251342773,55.52326202392578,56.37056350708008,13785963
2019-12-03,53.22661972045898,54.77564239501953,55.37373733520508,53.87849807739258,54.82548522949219,12850515
2019-12-04,52.79073715209961,54.32706832885742,55.72262954711914,54.177547454833984,55.67278671264648,8777551
2019-12-05,52.25798797607422,53.77881622314453,54.62611770629883,53.62929153442383,54.27722930908203,9484775
2019-12-06,53.759376525878906,55.32389831542969,55.37373733520508,54.07786178588867,54.32706832885742,10151591
2019-12-09,53.22661972045898,54.77564239501953,55.473419189453125,54.67596054077149,54.72579956054688,5356135
2019-12-10,53.323490142822266,54.87532424926758,54.975006103515625,54.426753997802734,54.77564239501953,4971956
2019-12-11,53.1297607421875,54.67596054077149,55.27405548095703,54.57627868652344,54.67596054077149,7365872
2019-12-12,55.40605926513672,57.01850128173828,57.66644287109375,56.02167510986328,56.56993103027344,20039606
2019-12-13,54.9217414855957,56.52008819580078,57.81596374511719,56.47024917602539,57.31755065917969,10560930
2019-12-16,54.09839630126953,55.67278671264648,56.619773864746094,55.473419189453125,56.22104263305664,11137921
2019-12-17,53.759376525878906,55.32389831542969,55.97183609008789,55.224212646484375,55.57310485839844,8376439
2019-12-18,53.08132553100586,54.62611770629883,55.52326202392578,54.426753997802734,54.92516708374024,15133639
2019-12-19,53.46879577636719,55.02484893798828,55.57310485839844,54.72579956054688,54.72579956054688,9090163
2019-12-20,53.46879196166992,54.975006103515625,55.52326202392578,54.32706832885742,55.224212646484375,14775102
2019-12-23,54.098968505859375,55.62294387817383,55.67278671264648,54.82548522949219,54.82548522949219,8834673
2019-12-24,54.244407653808594,55.77246856689453,55.82231140136719,55.27405548095703,55.32389831542969,4167022
2019-12-26,54.43830490112305,55.97183609008789,55.97183609008789,55.473419189453125,55.72262954711914,6092672
2019-12-27,54.1959114074707,55.72262954711914,55.87215042114258,55.473419189453125,55.67278671264648,6013441
2019-12-30,53.71116256713867,55.224212646484375,55.62294387817383,54.975006103515625,55.17437362670898,9659851
2019-12-31,54.098968505859375,55.62294387817383,55.62294387817383,54.62611770629883,54.82548522949219,11367670
2020-01-02,57.83161544799805,59.46072769165039,59.61025238037109,55.97183609008789,55.97183609008789,17540015
2020-01-03,58.025516510009766,59.66009521484375,59.80961990356445,57.46707534790039,57.66644287109375,17231837
2020-01-06,58.84959411621094,60.50739669799805,60.85628509521485,59.01215744018555,59.01215744018555,22461009
2020-01-07,58.41331100463867,60.0588264465332,61.00580978393555,59.410888671875,60.5572395324707,14160793
2020-01-08,57.88007354736328,59.51057052612305,60.0588264465332,59.16168212890625,59.7597770690918,11115771
2020-01-09,57.734657287597656,59.36104583740234,60.2581901550293,58.96231460571289,60.15850830078125,7900488
2020-01-10,56.57123947143555,58.164852142333984,59.36104583740234,57.7661247253418,59.01215744018555,11767739
2020-01-13,58.75265121459961,60.40771484375,60.5572395324707,58.21469497680664,58.51374435424805,13274420
2020-01-14,58.316368103027344,59.95914459228516,60.7566032409668,59.7597770690918,60.607078552246094,9034667
2020-01-15,57.540748596191406,59.16168212890625,59.9093017578125,58.96231460571289,59.9093017578125,9239517
2020-01-16,57.39532470703125,59.01215744018555,59.70993423461914,58.9124755859375,59.51057052612305,7358067
2020-01-17,57.24989700317383,58.86263275146485,59.46072769165039,58.613426208496094,59.06199645996094,9345794
2020-01-21,56.52276611328125,58.115013122558594,58.81279373168945,57.86580657958984,58.51374435424805,8775485
2020-01-22,55.11696243286133,56.66961288452149,58.364219665527344,56.56993103027344,58.364219665527344,12428998
2020-01-23,57.055999755859375,58.66326522827149,59.06199645996094,57.81596374511719,58.46390151977539,14679157
2020-01-24,56.76514434814453,58.364219665527344,59.2613639831543,57.915645599365234,59.21152114868164,11912960
2020-01-27,55.45629501342773,57.01850128173828,57.7661247253418,56.71945571899414,57.06834411621094,9602991
2020-01-28,56.86208724975586,58.46390151977539,58.9124755859375,57.16802597045898,57.41723251342773,12625782
2020-01-29,62.72765350341797,64.49470520019531,64.79375457763672,62.25184631347656,62.65057373046875,44278356
2020-01-30,61.70967483520508,63.448036193847656,64.74391174316406,62.30168533325195,64.24549865722656,19154638
2020-01-31,60.35235595703125,62.0524787902832,63.49787902832031,61.50422286987305,63.198829650878906,15646447
2020-02-03,59.43130874633789,61.10549545288086,63.198829650878906,61.0556526184082,62.10232162475586,10105766
2020-02-04,60.9825325012207,62.700416564941406,62.8997802734375,61.7534294128418,62.25184631347656,8905297
2020-02-05,62.33985900878906,64.09597778320312,64.09597778320312,62.65057373046875,63.59756088256836,10046658
2020-02-06,62.77614212036133,64.54454803466797,64.79375457763672,63.94644927978516,64.49470520019531,12763278
2020-02-07,62.19443130493164,63.94644927978516,65.24232482910156,63.84676742553711,64.8934326171875,13369743
2020-02-10,62.58224105834961,64.34518432617188,64.64422607421875,63.647403717041016,63.99629211425781,6720424
2020-02-11,62.2913818359375,64.04613494873047,64.6940689086914,63.697242736816406,64.54454803466797,8202487
2020-02-12,63.79412841796875,65.59121704101562,66.08963012695312,64.1956558227539,64.54454803466797,13184414
2020-02-13,62.72765350341797,64.49470520019531,65.59121704101562,64.29534149169922,65.1924819946289,10234936
2020-02-14,62.19443130493164,63.94644927978516,65.14264678955078,63.54772186279297,64.64422607421875,7416954
2020-02-18,61.806617736816406,63.54772186279297,64.54454803466797,63.14899063110352,63.34835433959961,8820688
2020-02-19,61.127960205078125,62.84994125366211,64.49470520019531,62.75025939941406,63.29851150512695,11010597
2020-02-20,60.74014663696289,62.451210021972656,63.198829650878906,61.85311508178711,63.0493049621582,7937566
2020-02-21,59.38282775878906,61.0556526184082,62.10232162475586,60.9061279296875,62.0524787902832,8611565
2020-02-24,57.49227523803711,59.1118392944336,60.108665466308594,57.81596374511719,58.2645378112793,14240786
2020-02-25,54.87457656860352,56.420406341552734,59.80961990356445,55.72262954711914,59.66009521484375,16269102
2020-02-26,53.08098220825195,54.57627868652344,57.51691436767578,53.82865524291992,56.66961288452149,18682881
2020-02-27,50.3663444519043,51.78516006469727,54.57627868652344,51.38643264770508,52.93151092529297,18910102
2020-02-28,52.74164962768555,54.227386474609375,55.77246856689453,49.14356994628906,49.59214019775391,30359552
2020-03-02,54.34135055541992,55.87215042114258,56.52008819580078,53.62929153442383,55.87215042114258,25039892
2020-03-03,52.74164962768555,54.227386474609375,56.71945571899414,53.18071746826172,56.07151794433594,21919391
2020-03-04,53.08098220825195,54.57627868652344,55.42358016967773,53.33024215698242,55.12453079223633,16665500
2020-03-05,48.86359405517578,50.240081787109375,53.479766845703125,49.59214019775391,52.83182907104492,21686251
2020-03-06,45.61248016357422,46.850868225097656,48.64515686035156,45.754356384277344,48.54547500610352,29787216
2020-03-09,39.83812713623047,40.91974639892578,43.1626091003418,40.42133331298828,41.517845153808594,24558063
2020-03-10,42.94366455078125,44.10959243774414,44.10959243774414,40.67053985595703,43.760704040527344,19850767
2020-03-11,39.83812713623047,40.91974639892578,43.1626091003418,40.67053985595703,42.96324157714844,20746329
2020-03-12,35.08279800415039,36.03529357910156,38.77656936645508,34.04164123535156,36.03529357910156,31583435
2020-03-13,38.091270446777344,39.12545776367188,40.07244491577149,35.83592987060547,38.876251220703125,22099041
2020-03-16,32.31693649291992,33.194339752197266,35.63656234741211,33.14449691772461,34.83910369873047,23255932
2020-03-17,34.35493087768555,35.28767395019531,36.53371047973633,31.400049209594727,34.440372467041016,24121739
2020-03-18,32.025787353515625,32.89529037475586,33.89211654663086,29.406396865844727,32.44671630859375,27873844
2020-03-19,31.44350242614746,32.29719543457031,34.440372467041016,30.65242958068848,31.898462295532227,19861762
2020-03-20,31.637596130371094,32.496559143066406,35.13814926147461,32.14767074584961,34.93878555297852,25306037
2020-03-23,29.648113250732425,30.45306396484375,33.04481506347656,30.054332733154297,32.14767074584961,21193467
2020-03-24,34.01526641845703,34.93878555297852,35.187992095947266,32.247352600097656,33.194339752197266,23974833
2020-03-25,36.68408203125,37.68006134033203,39.873077392578125,34.689579010009766,37.13180541992188,27665082
2020-03-26,39.40142440795898,40.47117614746094,41.36832046508789,37.43085479736328,38.02894973754883,24714600
2020-03-27,36.97522735595703,37.97910690307617,39.22513961791992,37.58037567138672,38.27815628051758,18719196
2020-03-30,38.28536224365234,39.324825286865234,39.574031829833984,36.633392333984375,37.58037567138672,17425331
2020-03-31,38.52799224853516,39.574031829833984,40.77022171020508,38.97593688964844,39.22513961791992,24307107
2020-04-01,34.16083526611328,35.08831024169922,37.630218505859375,34.88894271850586,37.48069381713867,19974760
2020-04-02,33.48150634765625,34.39052963256836,36.83275604248047,33.74259185791016,34.98862838745117,19561750
2020-04-03,32.65659713745117,33.54322814941406,35.13814926147461,32.79560852050781,35.03846740722656,19622924
2020-04-06,35.08279800415039,36.03529357910156,36.384185791015625,34.58989715576172,35.23783493041992,19672140
2020-04-07,34.112308502197266,35.03846740722656,38.627044677734375,34.88894271850586,38.32799530029297,19278732
2020-04-08,35.42246627807617,36.384185791015625,36.78291320800781,35.187992095947266,35.78608703613281,18589124
2020-04-09,34.64608383178711,35.58672332763672,37.58037567138672,35.33751678466797,37.13180541992188,25701070
2020-04-13,34.06378936767578,34.98862838745117,35.53688049316406,33.692752838134766,35.53688049316406,18874790
2020-04-14,33.627071380615234,34.54005432128906,36.08513641357422,34.09148406982422,35.387359619140625,21481602
2020-04-15,31.54054832458496,32.39687728881836,33.54322814941406,31.64925575256348,33.54322814941406,27732155
2020-04-16,30.2789249420166,31.10100173950196,32.59624099731445,30.901636123657227,32.29719543457031,33241115
2020-04-17,33.19036102294922,34.09148406982422,34.58989715576172,31.599414825439453,32.247352600097656,33287181
2020-04-20,31.58906936645508,32.44671630859375,33.64291000366211,32.197509765625,32.94513320922852,20001786
2020-04-21,31.44350242614746,32.29719543457031,32.79560852050781,31.400049209594727,31.848621368408203,15539929
2020-04-22,31.20088195800781,32.04798889160156,33.09465789794922,31.898462295532227,32.8454475402832,15398901
2020-04-23,31.637596130371094,32.496559143066406,33.59306716918945,32.04798889160156,32.197509765625,16611930
2020-04-24,30.3759765625,31.20068359375,32.89529037475586,31.150842666625977,32.8454475402832,31222349
2020-04-27,31.20088195800781,32.04798889160156,32.247352600097656,31.54957389831543,31.79878044128418,21475783
2020-04-28,32.99626922607422,33.89211654663086,34.490211486816406,32.74576568603516,32.74576568603516,28223273
2020-04-29,31.92874336242676,32.79560852050781,34.39052963256836,32.496559143066406,33.29402160644531,45188986
2020-04-30,32.99626922607422,33.89211654663086,33.991798400878906,31.948305130004883,32.695926666259766,35254082
2020-05-01,31.54054832458496,32.39687728881836,33.59306716918945,31.948305130004883,33.244178771972656,24151935
2020-05-04,30.13335227966309,30.95147705078125,31.44989013671875,30.65242958068848,31.400049209594727,27457604
2020-05-05,30.0848331451416,30.901636123657227,32.197509765625,30.7022705078125,31.30036735534668,23474184
2020-05-06,29.017305374145508,29.805126190185547,31.150842666625977,29.755285263061523,30.901636123657227,23525367
2020-05-07,29.648113250732425,30.45306396484375,31.20068359375,30.203857421875,30.203857421875,20196745
2020-05-08,30.52154922485352,31.350208282470703,31.54957389831543,30.7022705078125,30.95147705078125,18787072
2020-05-11,30.03631401062012,30.851795196533203,31.150842666625977,30.55274772644043,31.10100173950196,14414337
2020-05-12,29.114351272583008,29.904809951782227,31.30036735534668,29.904809951782227,31.001319885253903,19191335
2020-05-13,28.095348358154297,28.85814094543457,30.00449180603028,27.31305885314941,29.904809951782227,47299141
2020-05-14,27.65863609313965,28.409568786621094,29.406396865844727,27.31305885314941,28.01083755493164,28130338
2020-05-15,26.63963508605957,27.36289978027344,28.210203170776367,27.31305885314941,27.960996627807617,25779038
2020-05-18,30.424503326416016,31.250526428222656,32.3470344543457,28.60893440246582,28.60893440246582,51073738
2020-05-19,30.13335227966309,30.95147705078125,31.74893951416016,30.35338020324707,31.350208282470703,21766084
2020-05-20,31.152359008789062,31.998146057128903,32.247352600097656,31.350208282470703,31.54957389831543,18315596
2020-05-21,31.44350242614746,32.29719543457031,32.64608383178711,31.54957389831543,31.998146057128903,19827132
2020-05-22,31.103836059570312,31.948305130004883,32.29719543457031,31.250526428222656,32.29719543457031,13961540
2020-05-26,32.99626922607422,33.89211654663086,34.58989715576172,33.84227752685547,33.84227752685547,25984590
2020-05-27,35.37393951416016,36.33434295654297,37.03212356567383,35.33751678466797,36.13497924804688,29644242
2020-05-28,32.89922332763672,33.79243469238281,37.33116912841797,33.59306716918945,37.33116912841797,27831269
2020-05-29,31.88021850585937,32.74576568603516,33.493385314941406,32.09782791137695,32.695926666259766,25942336
2020-06-01,32.80217361450195,33.692752838134766,33.991798400878906,32.3470344543457,32.79560852050781,15083601
2020-06-02,34.209354400634766,35.13814926147461,35.78608703613281,34.191165924072266,34.39052963256836,22787385
2020-06-03,35.7136116027832,36.683231353759766,36.98228073120117,35.78608703613281,35.98545455932617,24642090
2020-06-04,37.55752182006836,38.57720565795898,38.627044677734375,35.73624801635742,36.434024810791016,25118482
2020-06-05,38.2368392944336,39.27498245239258,42.6641960144043,39.02577590942383,42.11594009399414,33669153
2020-06-08,41.05123901367188,42.16577911376953,42.71403503417969,40.42133331298828,40.96958923339844,31792699
2020-06-09,38.91619491577149,39.97276306152344,40.91974639892578,39.37466430664063,40.82006454467773,23603936
2020-06-10,36.92670822143555,37.92926788330078,39.77339553833008,37.48069381713867,39.72355651855469,23465356
2020-06-11,33.724117279052734,34.63973617553711,36.633392333984375,34.09148406982422,35.187992095947266,24979842
2020-06-12,35.179840087890625,36.13497924804688,37.03212356567383,35.28767395019531,36.58354949951172,20261430
2020-06-15,35.13131332397461,36.08513641357422,36.633392333984375,34.14132308959961,34.63973617553711,20497800
2020-06-16,36.24736785888672,37.23148727416992,38.57720565795898,36.33434295654297,38.52736282348633,19694772
2020-06-17,35.13131332397461,36.08513641357422,37.53053665161133,35.885772705078125,37.38101196289063,15090141
2020-06-18,35.325408935546875,36.28450012207031,36.48386764526367,34.98862838745117,35.53688049316406,15729550
2020-06-19,34.694602966308594,35.63656234741211,37.13180541992188,35.33751678466797,36.98228073120117,17792356
2020-06-22,34.16083526611328,35.08831024169922,35.78608703613281,34.689579010009766,35.73624801635742,15707761
2020-06-23,33.96674346923828,34.88894271850586,35.53688049316406,34.73942184448242,35.33751678466797,16168082
2020-06-24,31.686119079589844,32.54640197753906,34.39052963256836,32.496559143066406,34.39052963256836,29025298
2020-06-25,32.41398620605469,33.29402160644531,33.39370346069336,31.998146057128903,32.39687728881836,14836396
2020-06-26,31.490642547607425,32.29719543457031,33.14449691772461,32.14767074584961,32.994972229003906,17938840
2020-06-29,33.045738220214844,33.89211654663086,33.89211654663086,32.39687728881836,32.74576568603516,15103383
2020-06-30,33.1915283203125,34.04164123535156,34.24100875854492,33.194339752197266,33.443546295166016,13947676
2020-07-01,32.7541618347168,33.59306716918945,34.93878555297852,33.443546295166016,34.54005432128906,24202957
2020-07-02,33.14291763305664,33.991798400878906,35.08831024169922,33.94195938110352,34.191165924072266,14877567
2020-07-06,34.017669677734375,34.88894271850586,35.28767395019531,34.34069061279297,34.78926086425781,15133900
2020-07-07,32.85134506225586,33.692752838134766,34.34069061279297,33.64291000366211,34.34069061279297,12526487
2020-07-08,33.33731460571289,34.191165924072266,34.24100875854492,33.493385314941406,33.991798400878906,12928884
2020-07-09,31.97661590576172,32.79560852050781,34.04164123535156,32.79560852050781,34.04164123535156,14997186
2020-07-10,32.511165618896484,33.3438606262207,33.493385314941406,32.54640197753906,32.59624099731445,12725057
2020-07-13,32.55977249145508,33.39370346069336,33.991798400878906,33.09465789794922,33.692752838134766,13742084
2020-07-14,33.43451690673828,34.29084777832031,34.34069061279297,32.74576568603516,33.194339752197266,13946091
2020-07-15,34.69802474975586,35.58672332763672,35.93561172485352,35.03846740722656,35.33751678466797,18022606
2020-07-16,34.26064682006836,35.13814926147461,35.78608703613281,34.83910369873047,35.187992095947266,10502384
2020-07-17,34.35783767700195,35.23783493041992,35.63656234741211,34.78926086425781,35.187992095947266,12029771
2020-07-20,33.38591384887695,34.24100875854492,35.187992095947266,34.191165924072266,34.93878555297852,9844356
2020-07-21,34.21205139160156,35.08831024169922,35.63656234741211,34.39052963256836,34.58989715576172,14019625
2020-07-22,34.30924224853516,35.187992095947266,35.33751678466797,34.39052963256836,34.83910369873047,13143364
2020-07-23,34.21205139160156,35.08831024169922,35.48704147338867,34.73942184448242,35.187992095947266,13769391
2020-07-24,33.33731460571289,34.191165924072266,35.437198638916016,33.991798400878906,34.98862838745117,13131567
2020-07-27,32.608367919921875,33.443546295166016,34.14132308959961,33.3438606262207,34.09148406982422,14185812
2020-07-28,33.48310470581055,34.34069061279297,34.689579010009766,33.3438606262207,33.39370346069336,15255125
2020-07-29,32.02520751953125,32.8454475402832,34.88894271850586,32.496559143066406,34.83910369873047,29782982
2020-07-30,30.4215145111084,31.20068359375,32.44671630859375,31.20068359375,32.39687728881836,25586567
2020-07-31,29.4981746673584,30.253698348999023,31.350208282470703,29.904809951782227,31.150842666625977,28609840
2020-08-03,29.69256401062012,30.45306396484375,30.851795196533203,30.00449180603028,30.602588653564453,18011050
2020-08-04,29.83835220336914,30.602588653564453,30.901636123657227,30.403223037719727,30.403223037719727,14253587
2020-08-05,31.10186767578125,31.898462295532227,31.898462295532227,30.602588653564453,30.752111434936523,21286984
2020-08-06,30.761690139770508,31.54957389831543,31.998146057128903,31.30036735534668,31.54957389831543,14027650
2020-08-07,31.10186767578125,31.898462295532227,32.197509765625,31.150842666625977,31.350208282470703,16665861
2020-08-10,32.41396713256836,33.244178771972656,33.39370346069336,31.79878044128418,32.04798889160156,18929062
2020-08-11,32.7055549621582,33.54322814941406,34.88894271850586,33.3438606262207,34.24100875854492,18687596
2020-08-12,32.65695571899414,33.493385314941406,34.29084777832031,32.79560852050781,34.24100875854492,14073295
2020-08-13,32.07380676269531,32.89529037475586,33.692752838134766,32.8454475402832,32.8454475402832,10719714
2020-08-14,32.365386962890625,33.194339752197266,33.493385314941406,32.247352600097656,32.59624099731445,10111524
2020-08-17,31.44204330444336,32.247352600097656,33.3438606262207,32.14767074584961,33.244178771972656,11843460
2020-08-18,31.29624938964844,32.09782791137695,32.74576568603516,31.948305130004883,32.3470344543457,8564375
2020-08-19,31.00467109680176,31.79878044128418,32.74576568603516,31.64925575256348,32.247352600097656,10907008
2020-08-20,30.47011375427246,31.250526428222656,31.79878044128418,30.95147705078125,31.54957389831543,12793394
2020-08-21,30.66449928283692,31.44989013671875,31.79878044128418,31.05116081237793,31.150842666625977,12008403
2020-08-24,32.2195930480957,33.04481506347656,33.09465789794922,31.400049209594727,31.64925575256348,20622516
2020-08-25,32.02520751953125,32.8454475402832,33.39370346069336,32.29719543457031,33.14449691772461,13934033
2020-08-26,31.490642547607425,32.29719543457031,32.994972229003906,32.09782791137695,32.994972229003906,11497281
2020-08-27,31.490642547607425,32.29719543457031,33.04481506347656,32.14767074584961,32.496559143066406,14724301
2020-08-28,32.122398376464844,32.94513320922852,32.994972229003906,32.247352600097656,32.44671630859375,11870004
2020-08-31,30.810285568237305,31.599414825439453,33.3438606262207,31.20068359375,32.44671630859375,28464920
2020-09-01,30.081342697143555,30.851795196533203,31.898462295532227,30.65242958068848,31.250526428222656,18695642
2020-09-02,31.29624938964844,32.09782791137695,32.14767074584961,30.752111434936523,30.901636123657227,16816680
2020-09-03,30.713090896606445,31.499731063842773,33.14449691772461,31.30036735534668,31.848621368408203,18884902
2020-09-04,31.19906234741211,31.998146057128903,32.695926666259766,31.20068359375,32.04798889160156,17992270
2020-09-08,29.83835220336914,30.602588653564453,31.699098587036133,30.55274772644043,31.499731063842773,24206006
2020-09-09,29.935550689697266,30.7022705078125,30.901636123657227,30.00449180603028,30.901636123657227,21878280
2020-09-10,29.15800094604492,29.904809951782227,30.901636123657227,29.904809951782227,30.752111434936523,19526919
2020-09-11,28.915019989013672,29.65560340881348,30.154016494750977,29.5559196472168,30.10417556762696,14429505
2020-09-14,29.88694953918457,30.65242958068848,30.7022705078125,29.7054443359375,29.85496711730957,14847532
2020-09-15,29.64396858215332,30.403223037719727,31.001319885253903,30.00449180603028,30.752111434936523,17325133
2020-09-16,32.80276107788086,33.64291000366211,33.94195938110352,30.154016494750977,30.403223037719727,51360267
2020-09-17,34.26064682006836,35.13814926147461,35.78608703613281,33.244178771972656,33.94195938110352,52374245
2020-09-18,33.43451690673828,34.29084777832031,35.58672332763672,34.24100875854492,34.490211486816406,29148649
2020-09-21,30.8588809967041,31.64925575256348,33.14449691772461,31.05116081237793,33.04481506347656,32651524
2020-09-22,30.3729190826416,31.150842666625977,32.79560852050781,30.95147705078125,31.898462295532227,28269901
2020-09-23,29.69256401062012,30.45306396484375,31.998146057128903,30.403223037719727,31.30036735534668,17785373
2020-09-24,29.449581146240234,30.203857421875,30.80195426940918,29.904809951782227,30.403223037719727,19154738
2020-09-25,29.741641998291016,30.45306396484375,30.752111434936523,30.00449180603028,30.203857421875,16006529
2020-09-28,30.17973518371582,30.901636123657227,31.44989013671875,30.80195426940918,31.05116081237793,16711586
2020-09-29,29.79031753540039,30.502904891967773,31.05116081237793,30.203857421875,30.95147705078125,14761158
2020-09-30,30.325767517089844,31.05116081237793,31.350208282470703,30.602588653564453,30.602588653564453,19417934
2020-10-01,30.37444305419922,31.10100173950196,31.350208282470703,30.45306396484375,31.250526428222656,15885525
2020-10-02,31.104597091674805,31.848621368408203,31.898462295532227,30.154016494750977,30.154016494750977,18072625
2020-10-05,31.201953887939453,31.948305130004883,32.14767074584961,31.499731063842773,31.848621368408203,11693825
2020-10-06,30.0337028503418,30.752111434936523,32.79560852050781,30.45306396484375,32.04798889160156,34121508
2020-10-07,30.71518325805664,31.44989013671875,31.898462295532227,30.95147705078125,31.001319885253903,16710242
2020-10-08,32.370201110839844,33.14449691772461,33.244178771972656,31.599414825439453,31.699098587036133,20699139
2020-10-09,33.29506301879883,34.09148406982422,35.23783493041992,33.39370346069336,35.23783493041992,34410686
2020-10-12,33.24639129638672,34.04164123535156,34.490211486816406,33.59306716918945,34.490211486816406,17863963
2020-10-13,32.710933685302734,33.493385314941406,33.991798400878906,33.194339752197266,33.84227752685547,15105450
2020-10-14,33.19770050048828,33.991798400878906,34.34069061279297,33.493385314941406,33.493385314941406,19652097
2020-10-15,33.441097259521484,34.24100875854492,34.29084777832031,32.94513320922852,33.39370346069336,17907361
2020-10-16,35.485530853271484,36.33434295654297,36.633392333984375,34.58989715576172,34.689579010009766,33937143
2020-10-19,35.485530853271484,36.33434295654297,37.23148727416992,36.03529357910156,36.83275604248047,26250714
2020-10-20,35.72890853881836,36.58354949951172,36.98228073120117,36.23466110229492,36.633392333984375,19746677
2020-10-21,35.63156509399414,36.48386764526367,36.93243789672852,36.23466110229492,36.28450012207031,14809210
2020-10-22,37.578643798828125,38.47751998901367,38.627044677734375,36.48386764526367,36.53371047973633,19214348
2020-10-23,37.14054870605469,38.02894973754883,40.02260208129883,37.68006134033203,39.52418899536133,26597033
2020-10-26,35.923622131347656,36.78291320800781,37.68006134033203,36.28450012207031,37.18164443969727,20917251
2020-10-27,34.56067657470703,35.387359619140625,36.882598876953125,35.33751678466797,36.882598876953125,19696497
2020-10-28,36.11832809448242,36.98228073120117,39.17530059814453,36.93243789672852,37.43085479736328,50860201
2020-10-29,35.87494659423828,36.73307418823242,38.57720565795898,36.434024810791016,38.17847442626953,24738095
2020-10-30,36.11832809448242,36.98228073120117,37.58037567138672,36.33434295654297,36.58354949951172,20539191
2020-11-02,36.605106353759766,37.48069381713867,37.77974319458008,36.53371047973633,37.38101196289063,21844975
2020-11-03,38.21142959594727,39.12545776367188,39.47434616088867,37.58037567138672,38.12863159179688,19636808
2020-11-04,38.21142959594727,39.12545776367188,39.97276306152344,37.53053665161133,38.32799530029297,25465824
2020-11-05,38.89291000366211,39.823238372802734,40.12228775024414,39.42450714111328,39.623870849609375,17215987
2020-11-06,39.37968063354492,40.32165145874024,40.57085800170898,39.67371368408203,39.97276306152344,16878656
2020-11-09,42.446327209472656,43.46165466308594,46.90070724487305,42.91340255737305,46.601661682128906,38779589
2020-11-10,43.7119369506836,44.75753021240234,45.35562515258789,43.61117935180664,43.9600715637207,33051594
2020-11-11,43.27385711669922,44.3089599609375,45.4553108215332,44.009910583496094,45.40546798706055,17543666
2020-11-12,42.64104461669922,43.6610221862793,44.20927429199219,43.21244812011719,43.6610221862793,15954303
2020-11-13,45.02621841430664,46.103248596191406,46.103248596191406,44.10959243774414,44.1594352722168,26078809
2020-11-16,46.58388137817383,47.69816970825195,48.04705810546875,46.9505500793457,47.89753723144531,23830013
2020-11-17,47.11932373046875,48.24642562866211,48.54547500610352,46.50197982788086,47.100074768066406,18127238
2020-11-18,47.36272048950195,48.49563217163086,50.09055709838867,48.49563217163086,49.69182586669922,29867932
2020-11-19,47.0219841003418,48.14674377441406,48.64515686035156,47.39912414550781,47.9473762512207,17490999
2020-11-20,47.50874710083008,48.64515686035156,48.99404525756836,47.7978515625,48.04705810546875,16078116
2020-11-23,49.01773071289063,50.19023895263672,51.18706512451172,49.14356994628906,49.14356994628906,21708341
2020-11-24,50.8674430847168,52.08420944213867,54.07786178588867,51.83500289916992,53.38008499145508,35369990
2020-11-25,51.11084365844727,52.33341598510742,52.63246536254883,51.53595352172852,52.482940673828125,22044528
2020-11-27,50.62407684326172,51.83500289916992,52.63246536254883,51.38643264770508,52.58262252807617,10865436
2020-11-30,49.55318069458008,50.73849487304688,51.78516006469727,49.64198303222656,51.78516006469727,25100464
2020-12-01,49.40715408325195,50.58897018432617,52.233734130859375,50.38960266113281,51.486114501953125,17408658
2020-12-02,50.77009963989258,51.98452758789063,52.233734130859375,49.89118957519531,50.240081787109375,15496290
2020-12-03,51.597618103027344,52.83182907104492,53.33024215698242,51.78516006469727,51.83500289916992,18348801
2020-12-04,52.960567474365234,54.227386474609375,54.476593017578125,52.38325881958008,53.18071746826172,27090138
2020-12-07,52.86321640014648,54.12770462036133,55.32389831542969,53.62929153442383,54.27722930908203,19542810
2020-12-08,53.34998321533203,54.62611770629883,54.975006103515625,53.77881622314453,53.92833709716797,18735107
2020-12-09,55.44309997558594,56.76929473876953,57.2677116394043,54.82548522949219,54.82548522949219,25307401
2020-12-10,55.102352142333984,56.420406341552734,57.21786880493164,55.12453079223633,55.224212646484375,19195227
2020-12-11,54.32352066040039,55.62294387817383,56.86898040771485,54.92516708374024,56.22104263305664,17853791
2020-12-14,52.71718597412109,53.97817993164063,56.56993103027344,53.77881622314453,56.171199798583984,15913996
2020-12-15,54.08013153076172,55.37373733520508,55.57310485839844,53.08103561401367,54.57627868652344,17377921
2020-12-16,53.20396423339844,54.476593017578125,55.57310485839844,54.32706832885742,55.473419189453125,11800604
2020-12-17,52.960567474365234,54.227386474609375,54.77564239501953,53.82865524291992,54.52643585205078,12528955
2020-12-18,52.66823959350586,53.87849807739258,55.42358016967773,53.52960968017578,53.72897338867188,23023775
2020-12-21,52.47335052490234,53.67913436889648,54.177547454833984,51.63563537597656,52.18389129638672,17218374
2020-12-22,51.69380187988281,52.88167190551758,53.62929153442383,52.283573150634766,53.38008499145508,17858164
2020-12-23,52.91184997558594,54.12770462036133,54.72579956054688,52.93151092529297,53.230560302734375,12139419
2020-12-24,51.88868713378906,53.08103561401367,54.07786178588867,52.93151092529297,54.07786178588867,6029070
2020-12-28,51.8399658203125,53.03119659423828,53.72897338867188,52.73214721679688,53.33024215698242,10793588
2020-12-29,51.450191497802734,52.63246536254883,53.67913436889648,52.53278350830078,53.13087844848633,10640944
2020-12-30,52.1810188293457,53.38008499145508,54.07786178588867,52.58262252807617,52.73214721679688,10156427
2020-12-31,52.6195182800293,53.82865524291992,53.97817993164063,52.73214721679688,53.08103561401367,9570828
