date,adjclose,close,high,low,open,volume
2007-01-03,11.605530738830566,11.701451301574707,11.928427696228027,11.539289474487305,11.661662101745605,307951740
2007-01-04,11.994458198547363,12.09359359741211,12.110860824584961,11.720470428466797,11.736737251281738,315188496
2007-01-05,12.092000007629395,12.19194221496582,12.199700355529785,11.964715003967285,12.074575424194336,274609116
2007-01-08,12.002402305603027,12.101601600646973,12.25900936126709,12.06706714630127,12.20445442199707,189985824
2007-01-09,12.050055503845215,12.149649620056152,12.218467712402344,12.042041778564453,12.148398399353027,215040744
2007-01-10,12.14834213256836,12.248748779296875,12.35110092163086,12.06306266784668,12.122873306274414,238501260
2007-01-11,12.402995109558105,12.505505561828613,12.556305885314941,12.416916847229004,12.442441940307617,288039672
2007-01-12,12.53404426574707,12.637638092041016,12.637638092041016,12.512513160705566,12.562312126159668,178769052
2007-01-16,12.516173362731934,12.619620323181152,12.837838172912598,12.595094680786133,12.701451301574707,302453244
2007-01-17,12.342434883117676,12.444443702697754,12.70695686340332,12.371871948242188,12.597347259521484,267696036
2007-01-18,12.10788631439209,12.207958221435547,12.424424171447754,12.197948455810547,12.375374794006348,237042720
2007-01-19,12.15554141998291,12.256006240844727,12.281281471252441,12.180681228637695,12.211711883544922,198932868
2007-01-22,11.934395790100098,12.03303337097168,12.32857894897461,11.97447395324707,12.324825286865234,215955828
2007-01-23,11.889967918395996,11.988238334655762,12.130881309509277,11.944193840026855,12.031782150268555,186433380
2007-01-24,12.386861801147461,12.489238739013672,12.501001358032227,12.094344139099121,12.123373031616211,242129628
2007-01-25,12.114337921142578,12.21446418762207,12.62512493133545,12.153654098510742,12.537537574768066,254485260
2007-01-26,12.306694030761719,12.408408164978027,12.459959983825684,12.18793773651123,12.28553581237793,219640140
2007-01-29,12.223050117492676,12.324073791503906,12.481230735778809,12.274774551391602,12.462462425231934,190836972
2007-01-30,12.26896858215332,12.370369911193848,12.462462425231934,12.292793273925781,12.362361907958984,167052780
2007-01-31,12.447174072265625,12.550049781799316,12.637638092041016,12.400150299072266,12.424674987792969,487755756
2007-02-01,11.956981658935547,12.055806159973145,12.66291332244873,12.050299644470215,12.662663459777832,625721652
2007-02-02,11.950776100158691,12.04955005645752,12.137137413024902,11.957206726074219,12.077326774597168,251208540
2007-02-05,11.59485912322998,11.690690994262695,11.96196174621582,11.66641616821289,11.949448585510254,287987724
2007-02-06,11.702081680297852,11.798798561096191,11.844344139099121,11.693193435668945,11.714214324951172,212663124
2007-02-07,11.665595054626465,11.762011528015137,11.870620727539062,11.731230735778809,11.857357025146484,164627208
2007-02-08,11.690911293029785,11.787537574768066,11.855606079101562,11.640390396118164,11.712963104248047,162904932
2007-02-09,11.464057922363281,11.558809280395508,11.828828811645508,11.549049377441406,11.80305290222168,194149656
2007-02-12,11.374706268310547,11.468718528747559,11.571320533752441,11.386886596679688,11.528529167175293,229949820
2007-02-13,11.39480972290039,11.488988876342773,11.58108139038086,11.44294261932373,11.490240097045898,162341496
2007-02-14,11.5643310546875,11.659910202026367,11.739990234375,11.491991996765137,11.51151180267334,227724048
2007-02-15,11.453634262084961,11.548297882080078,11.664915084838867,11.529529571533203,11.661662101745605,161534304
2007-02-16,11.663856506347656,11.760259628295898,11.76551628112793,11.56306266784668,11.581582069396973,246832920
2007-02-20,11.71746826171875,11.814313888549805,11.830580711364746,11.629379272460938,11.723472595214844,162541296
2007-02-21,11.810791969299316,11.908408164978027,11.978979110717773,11.705204963684082,11.757758140563965,225398376
2007-02-22,11.810544967651367,11.908158302307129,12.118118286132812,11.871622085571289,11.979228973388672,229526244
2007-02-23,11.680737495422363,11.777276992797852,11.935686111450195,11.706707000732422,11.905655860900879,155148696
2007-02-26,11.539511680603027,11.63488483428955,11.893142700195312,11.605355262756348,11.8325834274292,158637204
2007-02-27,11.138422012329102,11.230480194091797,11.50650691986084,11.19044017791748,11.386385917663574,372139488
2007-02-28,11.155299186706543,11.247496604919434,11.353102684020996,11.08708667755127,11.27152156829834,320970708
2007-03-01,11.125017166137695,11.21696662902832,11.321822166442871,11.011011123657227,11.077828407287598,347060592
2007-03-02,10.887988090515137,10.977977752685547,11.228729248046875,10.977977752685547,11.13888931274414,263080656
2007-03-05,10.944330215454102,11.034785270690918,11.148649215698242,10.935935974121094,10.93643569946289,253949796
2007-03-06,11.356339454650879,11.450200080871582,11.486486434936523,11.195695877075195,11.197948455810547,301046652
2007-03-07,11.30893325805664,11.4024019241333,11.590089797973633,11.368618965148926,11.578828811645508,261102636
2007-03-08,11.286101341247559,11.379379272460938,11.649148941040039,11.363863945007324,11.491991996765137,214297488
2007-03-09,11.242416381835938,11.335334777832031,11.471470832824707,11.263764381408691,11.461461067199707,198908892
2007-03-12,11.286845207214355,11.38012981414795,11.392642974853516,11.28903865814209,11.325575828552246,138477384
2007-03-13,10.995955467224121,11.086836814880371,11.30955982208252,11.081831932067871,11.26401424407959,254836908
2007-03-14,11.11931037902832,11.211211204528809,11.227727890014648,10.98598575592041,11.091841697692871,320355324
2007-03-15,11.074386596679688,11.165916442871094,11.256756782531738,11.109609603881836,11.207708358764648,157610232
2007-03-16,10.941847801208496,11.032281875610352,11.178679466247559,11.008257865905762,11.1524019241333,226137636
2007-03-19,11.100198745727539,11.19194221496582,11.223724365234375,11.026777267456055,11.092342376708984,207700092
2007-03-20,11.051798820495605,11.143142700195312,11.201201438903809,11.10110092163086,11.155905723571777,136723140
2007-03-21,11.331520080566406,11.425174713134766,11.425676345825195,11.141390800476074,11.143644332885742,231700068
2007-03-22,11.467782020568848,11.562562942504883,11.565815925598145,11.324575424194336,11.401652336120605,227000772
2007-03-23,11.462569236755371,11.557307243347168,11.596345901489258,11.438438415527344,11.547798156738281,164287548
2007-03-26,11.541248321533203,11.636636734008789,11.636636734008789,11.401902198791504,11.525275230407715,188223588
2007-03-27,11.506997108459473,11.602102279663086,11.6423921585083,11.52001953125,11.600350379943848,149498352
2007-03-28,11.463810920715332,11.55855941772461,11.647647857666016,11.515265464782715,11.558307647705078,183480336
2007-03-29,11.439985275268555,11.53453540802002,11.661662101745605,11.386385917663574,11.625374794006348,159380460
2007-03-30,11.371479034423828,11.46546459197998,11.596596717834473,11.414915084838867,11.564064025878906,135072792
2007-04-02,11.380663871765137,11.474724769592285,11.474724769592285,11.314313888549805,11.45545482635498,137802060
2007-04-03,11.729879379272461,11.826827049255371,11.868118286132812,11.611612319946289,11.612862586975098,259811928
2007-04-04,11.690665245056152,11.787286758422852,11.836836814880371,11.751251220703125,11.815315246582031,151000848
2007-04-05,11.702827453613281,11.79955005645752,11.814064025878906,11.752251625061035,11.794294357299805,108523368
2007-04-09,11.62092113494873,11.71696662902832,11.836836814880371,11.651400566101074,11.836336135864258,122361516
2007-04-10,11.578476905822754,11.674174308776855,11.781532287597656,11.640641212463379,11.688939094543457,119052828
2007-04-11,11.529583930969238,11.62487506866455,11.746747016906738,11.576827049255371,11.663163185119629,152327520
2007-04-12,11.600567817687988,11.696446418762207,11.711711883544922,11.567567825317383,11.611612319946289,108207684
2007-04-13,11.573264122009277,11.66891860961914,11.73098087310791,11.595596313476562,11.722972869873047,111680208
2007-04-16,11.771328926086426,11.868618965148926,11.936687469482422,11.71546459197998,11.723222732543945,202912884
2007-04-17,11.734843254089355,11.831831932067871,11.921671867370605,11.801801681518555,11.856857299804688,128275596
2007-04-18,11.81451416015625,11.912161827087402,12.009510040283203,11.75,11.793292999267578,226593180
2007-04-19,11.706300735473633,11.80305290222168,12.060811042785645,11.75150203704834,11.874374389648438,439943616
2007-04-20,11.975099563598633,12.074073791503906,12.324825286865234,12.062562942504883,12.275275230407715,485973540
2007-04-23,11.890713691711426,11.988988876342773,12.137137413024902,11.968467712402344,12.014514923095703,226757016
2007-04-24,11.852240562438965,11.950200080871582,12.01151180267334,11.900650978088379,11.977227210998535,147640212
2007-04-25,11.86365795135498,11.961711883544922,12.046296119689941,11.914665222167969,12.012011528015137,158513328
2007-04-26,11.942835807800293,12.041542053222656,12.123373031616211,11.939689636230469,11.96446418762207,164831004
2007-04-27,11.8889741897583,11.987236976623535,12.07207202911377,11.970219612121582,12.013764381408691,116910972
2007-04-30,11.699599266052246,11.796296119689941,12.045796394348145,11.796296119689941,11.990740776062012,145502352
2007-05-01,11.640527725219727,11.736737251281738,11.83208179473877,11.615865707397461,11.816567420959473,146181672
2007-05-02,11.56060791015625,11.656155586242676,11.788788795471191,11.654905319213867,11.727977752685547,122385492
2007-05-03,11.745514869689941,11.8425931930542,11.863614082336426,11.64389419555664,11.667166709899902,143624232
2007-05-04,11.693147659301758,11.789790153503418,11.882883071899414,11.658658981323242,11.764764785766602,157842000
2007-05-07,11.597589492797852,11.693443298339844,11.832331657409668,11.673422813415527,11.815315246582031,120683196
2007-05-08,11.586173057556152,11.68193244934082,11.71596622467041,11.62987995147705,11.664915084838867,116087796
2007-05-09,11.646733283996582,11.742993354797363,11.805054664611816,11.608609199523926,11.665414810180664,155440404
2007-05-10,11.453634262084961,11.548297882080078,11.748998641967773,11.537036895751953,11.687687873840332,147304548
2007-05-11,11.58443546295166,11.680179595947266,11.686687469482422,11.536537170410156,11.557307243347168,117646236
2007-05-14,11.461328506469727,11.556056022644043,11.699448585510254,11.51151180267334,11.648649215698242,154753092
2007-05-15,11.367508888244629,11.461461067199707,11.575075149536133,11.446697235107422,11.560561180114746,164595240
2007-05-16,11.730128288269043,11.82707691192627,11.840339660644531,11.486987113952637,11.561561584472656,261905832
2007-05-17,11.68917465209961,11.785785675048828,11.8923921585083,11.782032012939453,11.823323249816895,186237576
2007-05-18,11.673290252685547,11.769769668579102,11.829328536987305,11.755505561828613,11.812562942504883,147688164
2007-05-21,11.680238723754883,11.776777267456055,11.991991996765137,11.679679870605469,11.75,246125628
2007-05-22,11.810791969299316,11.908408164978027,11.987236976623535,11.836836814880371,11.836836814880371,153406440
2007-05-23,11.763882637023926,11.86111068725586,12.097347259521484,11.855606079101562,12.032532691955566,202205592
2007-05-24,11.772818565368652,11.87012004852295,11.991991996765137,11.799299240112305,11.890641212463379,166777056
2007-05-25,12.0009126663208,12.100099563598633,12.135886192321777,11.943694114685059,12.004505157470703,213726060
2007-05-29,12.090017318725586,12.189940452575684,12.307307243347168,12.112112045288086,12.137137413024902,208511280
2007-05-30,12.37519645690918,12.477477073669434,12.48348331451416,12.08708667755127,12.124625205993652,289542168
2007-05-31,12.358071327209473,12.460209846496582,12.732232093811035,12.438939094543457,12.526527404785156,356615028
2007-06-01,12.419872283935547,12.522522926330566,12.638137817382812,12.460710525512695,12.537537574768066,191768040
2007-06-04,12.585420608520508,12.689438819885254,12.77552604675293,12.452201843261719,12.460209846496582,283755960
2007-06-05,12.877552032470703,12.983983993530273,12.987988471984863,12.67792797088623,12.75650691986084,417466116
2007-06-06,12.862905502319336,12.969219207763672,13.032532691955566,12.894393920898438,12.931681632995605,315152532
2007-06-07,12.783731460571289,12.889389038085938,13.175676345825195,12.825575828552246,13.006756782531738,424794780
2007-06-08,12.794404983520508,12.900150299072266,13.004003524780273,12.749249458312988,12.91791820526123,254073672
2007-06-11,12.691402435302734,12.796296119689941,12.969219207763672,12.762763023376465,12.863363265991211,185722092
2007-06-12,12.528334617614746,12.631881713867188,12.80455493927002,12.591841697692871,12.730480194091797,256523220
2007-06-13,12.54000186920166,12.643644332885742,12.726225852966309,12.479729652404785,12.689940452575684,281078640
2007-06-14,12.48043441772461,12.58358383178711,12.659660339355469,12.555054664611816,12.647147178649902,184663152
2007-06-15,12.556132316589355,12.659910202026367,12.737737655639648,12.543292999267578,12.717467308044434,246717036
2007-06-18,12.78720760345459,12.892892837524414,12.91291332244873,12.618618965148926,12.667166709899902,193242564
2007-06-19,12.765116691589355,12.870620727539062,12.944193840026855,12.801301002502441,12.863113403320312,174037788
2007-06-20,12.657397270202637,12.762011528015137,12.981732368469238,12.739238739013672,12.93693733215332,173354472
2007-06-21,12.760151863098145,12.865615844726562,12.895145416259766,12.669670104980469,12.787286758422852,176211612
2007-06-22,13.029945373535156,13.137638092041016,13.137887954711914,12.915414810180664,12.923422813415527,287859852
2007-06-25,13.090506553649902,13.198698997497559,13.388137817382812,13.0975980758667,13.237737655639648,316683000
2007-06-26,13.160994529724121,13.269769668579102,13.343342781066895,13.169169425964355,13.331582069396973,227352420
2007-06-27,13.062459945678711,13.170419692993164,13.212963104248047,13.002001762390137,13.138137817382812,244679076
2007-06-28,13.030688285827637,13.138387680053711,13.250750541687012,13.108107566833496,13.13513469696045,166569264
2007-06-29,12.973356246948242,13.080580711364746,13.198198318481445,12.999499320983887,13.163663864135742,155068776
2007-07-02,13.163972854614258,13.272772789001465,13.30955982208252,13.118118286132812,13.150400161743164,139364496
2007-07-03,13.262260437011719,13.371871948242188,13.373373031616211,13.200700759887695,13.289790153503418,74797128
2007-07-05,13.443194389343262,13.554304122924805,13.623623847961426,13.31706714630127,13.4024019241333,197518284
2007-07-06,13.387846946716309,13.49849796295166,13.610360145568848,13.481732368469238,13.544795036315918,109770120
2007-07-09,13.466279029846191,13.577577590942383,13.732232093811035,13.52001953125,13.58858871459961,149042808
2007-07-10,13.485638618469238,13.597097396850586,13.688689231872559,13.554804801940918,13.608358383178711,154085760
2007-07-11,13.513684272766113,13.625374794006348,13.676176071166992,13.513764381408691,13.603854179382324,132239628
2007-07-12,13.535029411315918,13.646897315979004,13.696697235107422,13.51901912689209,13.660160064697266,137526336
2007-07-13,13.704548835754395,13.817817687988281,13.830580711364746,13.694945335388184,13.711461067199707,209274516
2007-07-16,13.725150108337402,13.83858871459961,13.97847843170166,13.746496200561523,13.771270751953125,263716020
2007-07-17,13.775038719177246,13.88888931274414,13.957206726074219,13.823323249816895,13.88988971710205,172970856
2007-07-18,13.638528823852539,13.751251220703125,13.876376152038574,13.608859062194824,13.86111068725586,242956800
2007-07-19,13.61594295501709,13.72847843170166,13.851852416992188,13.56956958770752,13.850350379943848,444642912
2007-07-20,12.909319877624512,13.016016006469727,13.0925931930542,12.750249862670898,12.810310363769531,710181108
2007-07-23,12.720440864562988,12.825575828552246,13.013012886047363,12.816567420959473,12.988238334655762,254013732
2007-07-24,12.757423400878906,12.862862586975098,12.980230331420898,12.69044017791748,12.745244979858398,222661116
2007-07-25,12.65218734741211,12.756756782531738,12.938438415527344,12.651652336120605,12.937437057495117,221578200
2007-07-26,12.608504295349121,12.712713241577148,12.827577590942383,12.48448371887207,12.731230735778809,275060664
2007-07-27,12.70505428314209,12.810059547424316,12.928427696228027,12.650150299072266,12.72597599029541,220143636
2007-07-30,12.809792518615723,12.915665626525879,12.996496200561523,12.775275230407715,12.835836410522461,158373468
2007-07-31,12.65814208984375,12.762763023376465,13.02402400970459,12.762763023376465,13.018769264221191,170649180
2007-08-01,12.731114387512207,12.836336135864258,12.925676345825195,12.716216087341309,12.775275230407715,176950872
2007-08-02,12.683211326599121,12.78803825378418,12.887638092041016,12.737737655639648,12.855855941772461,126069804
2007-08-03,12.484405517578125,12.5875883102417,12.842843055725098,12.5875883102417,12.76401424407959,126920952
2007-08-06,12.65814208984375,12.762763023376465,12.76651668548584,12.575075149536133,12.5875883102417,145913940
2007-08-07,12.8075590133667,12.913413047790527,13.010009765625,12.738739013671875,12.75650691986084,170401428
2007-08-08,13.04980182647705,13.157657623291016,13.157657623291016,12.940190315246582,12.996496200561523,162589248
2007-08-09,12.775542259216309,12.881131172180176,13.183684349060059,12.878628730773926,13.03303337097168,193666140
2007-08-10,12.800857543945312,12.906657218933105,12.98098087310791,12.653403282165527,12.767267227172852,234772992
2007-08-13,12.794652938842773,12.900400161743164,13.006756782531738,12.83858871459961,13.00150203704834,127044828
2007-08-14,12.623395919799805,12.727727890014648,12.947948455810547,12.712713241577148,12.905905723571777,145202652
2007-08-15,12.349135398864746,12.451201438903809,12.805054664611816,12.430179595947266,12.737737655639648,216163620
2007-08-16,12.199471473693848,12.300299644470215,12.423172950744629,12.023524284362793,12.312812805175781,345478176
2007-08-17,12.41093921661377,12.513513565063477,12.537537574768066,12.303553581237793,12.448448181152344,218956824
2007-08-20,12.358318328857422,12.46045970916748,12.576577186584473,12.4124116897583,12.574073791503906,107784108
2007-08-21,12.574005126953125,12.67792797088623,12.716716766357422,12.456707000732422,12.48598575592041,144279576
2007-08-22,12.726398468017578,12.831582069396973,12.919169425964355,12.743993759155273,12.761761665344238,129977892
2007-08-23,12.712499618530273,12.817567825317383,12.916166305541992,12.687687873840332,12.91291332244873,122944932
2007-08-24,12.782242774963379,12.887887954711914,12.901652336120605,12.725225448608398,12.828078269958496,98809092
2007-08-27,12.739055633544922,12.844344139099121,12.949198722839355,12.797798156738281,12.873623847961426,92910996
2007-08-28,12.568791389465332,12.672673225402832,12.8873872756958,12.6574068069458,12.801051139831543,130825044
2007-08-29,12.72962474822998,12.834835052490234,12.845344543457031,12.693443298339844,12.708708763122559,101870028
2007-08-30,12.692892074584961,12.797798156738281,12.897897720336914,12.777276992797852,12.821822166442871,105961932
2007-08-31,12.788447380065918,12.894144058227539,12.925424575805664,12.79955005645752,12.840339660644531,118984896
2007-09-04,13.03416633605957,13.141892433166504,13.213212966918945,12.878377914428711,12.888387680053711,147600252
2007-09-05,13.099936485290527,13.208208084106445,13.250249862670898,13.069318771362305,13.098097801208496,132383484
2007-09-06,12.993708610534668,13.10110092163086,13.25900936126709,12.968969345092773,13.247246742248535,144890964
2007-09-07,12.890209197998047,12.996747016906738,13.04404354095459,12.93293285369873,12.95945930480957,146397456
2007-09-10,12.76933765411377,12.87487506866455,13.064814567565918,12.784785270690918,13.045044898986816,128902968
2007-09-11,12.939352989196777,13.046296119689941,13.054304122924805,12.906155586242676,12.937687873840332,108035856
2007-09-12,12.972114562988281,13.079328536987305,13.212713241577148,12.987988471984863,13.026275634765625,119320560
2007-09-13,13.024982452392578,13.132633209228516,13.193443298339844,13.09359359741211,13.114615440368652,75568356
2007-09-14,13.123516082763672,13.231982231140137,13.27001953125,13.06856918334961,13.093092918395996,110485404
2007-09-17,13.037887573242188,13.145646095275879,13.245244979858398,13.11486530303955,13.17642593383789,87812100
2007-09-18,13.285343170166016,13.395145416259766,13.444695472717285,13.11987018585205,13.176176071166992,168459372
2007-09-19,13.572755813598633,13.684934616088867,13.75,13.4849853515625,13.495244979858398,220854924
2007-09-20,13.721179962158203,13.834585189819336,13.933934211730957,13.664414405822754,13.688689231872559,220779000
2007-09-21,13.901619911193848,14.01651668548584,14.033783912658691,13.834585189819336,13.922422409057617,320147532
2007-09-24,14.098193168640137,14.214715003967285,14.300801277160645,14.01401424407959,14.03903865814209,211668120
2007-09-25,14.122517585754395,14.239238739013672,14.253252983093262,14.085585594177246,14.114113807678223,109114776
2007-09-26,14.101667404174805,14.218217849731445,14.309059143066406,14.109358787536621,14.274273872375488,133710156
2007-09-27,14.085287094116211,14.201702117919922,14.307807922363281,14.158658981323242,14.307558059692383,82169748
2007-09-28,14.079577445983887,14.195945739746094,14.253003120422363,14.117116928100586,14.189188957214355,105474420
2007-10-01,14.458826065063477,14.578328132629395,14.623373031616211,14.254505157470703,14.263513565063477,188263548
2007-10-02,14.504496574401855,14.624374389648438,14.935185432434082,14.514764785766602,14.599099159240723,282417300
2007-10-03,14.495311737060547,14.61511516571045,14.73948860168457,14.523524284362793,14.670921325683594,155024820
2007-10-04,14.371460914611816,14.490240097045898,14.641892433166504,14.440940856933594,14.641892433166504,119348532
2007-10-05,14.744256019592285,14.86611557006836,14.914915084838867,14.689940452575684,14.692441940307617,202545252
2007-10-08,15.130701065063477,15.255756378173828,15.271772384643555,14.863614082336426,14.88988971710205,200918880
2007-10-09,15.268698692321777,15.39489459991455,15.61011028289795,15.224974632263184,15.393142700195312,350361288
2007-10-10,15.522109031677246,15.650400161743164,15.657657623291016,15.43543529510498,15.54955005645752,215208576
2007-10-11,15.437973022460938,15.565566062927246,16.051300048828125,15.240240097045898,15.856857299804688,471488040
2007-10-12,15.819950103759766,15.950700759887695,15.97597599029541,15.471470832824707,15.61511516571045,272675052
2007-10-15,15.391059875488281,15.518267631530762,16.01251220703125,15.404153823852539,15.977727890014648,277474248
2007-10-16,15.28904914855957,15.415414810180664,15.663663864135742,15.315065383911133,15.477727890014648,240770988
2007-10-17,15.722902297973633,15.852852821350098,15.865865707397461,15.555304527282715,15.777027130126953,240978780
2007-10-18,15.875299453735352,16.006507873535156,16.05030059814453,15.728227615356445,15.901150703430176,491076432
2007-10-19,16.00162696838379,16.13388442993164,16.478729248046875,16.096847534179688,16.380380630493164,630928440
2007-10-22,16.151540756225586,16.2850341796875,16.39139175415039,15.92292308807373,15.982732772827148,266309424
2007-10-23,16.772537231445312,16.911161422729492,16.95695686340332,16.516517639160156,16.54779815673828,271476252
2007-10-24,16.773780822753906,16.912412643432617,16.953704833984375,16.50550651550293,16.834585189819336,295871832
2007-10-25,16.592344284057617,16.72947883605957,16.991241455078125,16.60535430908203,16.983983993530273,231588180
2007-10-26,16.74349594116211,16.881881713867188,16.930429458618164,16.718217849731445,16.867618560791016,134021844
2007-10-29,16.85841178894043,16.99774742126465,17.017017364501953,16.819068908691406,16.961210250854492,122529348
2007-10-30,17.244115829467773,17.38663673400879,17.5152645111084,16.95470428466797,16.95470428466797,275747976
2007-10-31,17.54766273498535,17.69269371032715,17.69269371032715,17.418418884277344,17.5347843170166,274796928
2007-11-01,17.453594207763672,17.597848892211914,17.86086082458496,17.562061309814453,17.587337493896484,260826912
2007-11-02,17.653146743774414,17.799049377441406,17.857357025146484,17.450950622558594,17.78053092956543,233426340
2007-11-05,18.010549545288086,18.159408569335938,18.274023056030273,17.669418334960938,17.692441940307617,354992652
2007-11-06,18.41114616394043,18.563312530517578,18.563312530517578,18.143142700195312,18.457456588745117,337114548
2007-11-07,18.19148826599121,18.341842651367188,18.69969940185547,18.09659767150879,18.546796798706055,330609060
2007-11-08,17.221031188964844,17.36336326599121,18.390640258789062,16.94644546508789,18.38338279724121,659827512
2007-11-09,16.479663848876953,16.61586570739746,17.064064025878906,16.546796798706055,16.91141128540039,455068476
2007-11-12,15.687907218933105,15.817567825317383,16.7650146484375,15.670921325683594,16.4599609375,408682908
2007-11-13,16.394777297973633,16.5302791595459,16.539539337158203,15.817567825317383,16.14089012145996,337478184
2007-11-14,15.92642593383789,16.05805778503418,16.90415382385254,15.922673225402832,16.848848342895508,323464212
2007-11-15,15.627843856811523,15.757006645202637,16.203704833984375,15.615615844726562,15.980230331420898,278429292
2007-11-16,15.726625442504883,15.856607437133789,15.903153419494629,15.415916442871094,15.864363670349121,361350288
2007-11-19,15.533528327941895,15.661911964416504,15.935185432434082,15.477977752685547,15.755505561828613,220874904
2007-11-20,16.096691131591797,16.2297306060791,16.493993759155273,15.8375883102417,15.92792797088623,393230376
2007-11-21,16.394033432006836,16.529529571533203,16.766016006469727,16.06806755065918,16.11035919189453,280259460
2007-11-23,16.795618057250977,16.93443489074707,16.973974227905273,16.71946907043457,16.766767501831055,109438452
2007-11-26,16.530044555664062,16.666667938232422,17.352352142333984,16.64164161682129,17.022022247314453,271332396
2007-11-27,16.71793556213379,16.85610580444336,16.927677154541016,16.27277374267578,16.886886596679688,355823820
2007-11-28,17.18181610107422,17.323823928833008,17.374874114990234,16.82032012939453,17.069820404052734,316343340
2007-11-29,17.29945945739746,17.442441940307617,17.587337493896484,17.21146011352539,17.286035537719727,248071680
2007-11-30,17.20018196105957,17.342342376708984,17.794294357299805,17.069820404052734,17.79279327392578,315504180
2007-12-03,16.915498733520508,17.05530548095703,17.392391204833984,17.04554557800293,17.292543411254883,172830996
2007-12-04,16.980775833129883,17.12112045288086,17.31731605529785,16.944944381713867,16.9747257232666,169102728
2007-12-05,17.336938858032227,17.4802303314209,17.490741729736328,17.20470428466797,17.335586547851562,168215616
2007-12-06,17.752674102783203,17.899398803710938,17.93193244934082,17.44269371032715,17.462461471557617,196163640
2007-12-07,17.742998123168945,17.88964080810547,17.967967987060547,17.7802791595459,17.892642974853516,153929916
2007-12-10,17.831106185913086,17.978477478027344,18.138137817382812,17.867868423461914,17.917667388916016,154093752
2007-12-11,17.35406494140625,17.49749755859375,18.04279327392578,17.48698616027832,18.016517639160156,245318436
2007-12-12,17.357789993286133,17.501251220703125,17.87587547302246,17.2297306060791,17.867868423461914,246117636
2007-12-13,17.226245880126953,17.368619918823242,17.457958221435547,17.04729652404785,17.425174713134766,201430368
2007-12-14,17.124731063842773,17.266265869140625,17.510009765625,17.198699951171875,17.204954147338867,146793060
2007-12-17,16.61021614074707,16.74749755859375,17.402902603149414,16.60835838317871,17.21721649169922,219220560
2007-12-18,16.712474822998047,16.850601196289062,16.93468475341797,16.328828811645508,16.87087059020996,286381332
2007-12-19,16.8122501373291,16.951200485229492,17.004505157470703,16.741741180419922,16.872121810913086,176667156
2007-12-20,17.118030548095703,17.259510040283203,17.29229164123535,17.03228187561035,17.162912368774414,176711112
2007-12-21,17.291770935058594,17.43468475341797,17.498998641967773,17.34834861755371,17.46446418762207,215064720
2007-12-24,17.392040252685547,17.535785675048828,17.535785675048828,17.343843460083008,17.392141342163086,65070864
2007-12-26,17.64297103881836,17.788789749145508,17.84834861755371,17.47272300720215,17.49224281311035,101098800
2007-12-27,17.392288208007812,17.536035537719727,17.917917251586914,17.536035537719727,17.69444465637207,117582300
2007-12-28,17.436717987060547,17.58083152770996,17.716466903686523,17.430931091308594,17.64089012145996,102405492
2007-12-31,17.162456512451172,17.304304122924805,17.579830169677734,17.281782150268555,17.481731414794922,94952952
2008-01-02,17.006338119506836,17.146896362304688,17.451702117919922,16.9602108001709,17.339088439941406,172103724
2008-01-03,17.00981330871582,17.150400161743164,17.188438415527344,16.929929733276367,17.148649215698242,129969900
2008-01-04,16.306665420532227,16.44144058227539,17.041040420532227,16.39139175415039,17.009258270263672,214177608
2008-01-07,16.114315032958984,16.24749755859375,16.57357406616211,15.949700355529785,16.364864349365234,255879864
2008-01-08,15.678228378295898,15.807807922363281,16.51551628112793,15.790790557861328,16.341341018676758,213350436
2008-01-09,16.21234893798828,16.346345901489258,16.349849700927734,15.578328132629395,15.766766548156738,269318412
2008-01-10,16.0517635345459,16.18443489074707,16.44644546508789,16.018768310546875,16.14139175415039,253114632
2008-01-11,15.841294288635254,15.972222328186035,16.253002166748047,15.768519401550293,16.08358383178711,198880920
2008-01-14,16.227741241455078,16.361862182617188,16.45145034790039,16.147396087646484,16.2947940826416,177722100
2008-01-15,15.826400756835938,15.957206726074219,16.24249267578125,15.900400161743164,16.163663864135742,222505272
2008-01-16,15.287810325622559,15.414163589477539,16.015766143798828,15.063312530517578,15.739990234375,421977600
2008-01-17,14.911541938781738,15.034785270690918,15.659158706665039,14.965214729309082,15.53453540802002,328343328
2008-01-18,14.898138046264648,15.021270751953125,15.2650146484375,14.976225852966309,15.224224090576172,341242416
2008-01-22,14.503500938415527,14.623373031616211,14.952451705932617,14.04404354095459,14.064814567565918,379679940
2008-01-23,13.616687774658203,13.729228973388672,14.214214324951172,12.987988471984863,14.031782150268555,677949372
2008-01-24,14.25877857208252,14.376626968383789,14.506756782531738,13.867366790771484,13.983983993530273,375659964
2008-01-25,14.057985305786133,14.174174308776855,14.88988971710205,14.168668746948242,14.810059547424316,278361360
2008-01-28,13.799362182617188,13.913413047790527,14.320320129394531,13.728729248046875,14.288538932800293,232435332
2008-01-29,13.663846969604492,13.776777267456055,14.047296524047852,13.530280113220215,14.025775909423828,251068680
2008-01-30,13.607999801635742,13.720470428466797,14.024774551391602,13.601350784301758,13.74349308013916,317266416
2008-01-31,14.005864143371582,14.121622085571289,14.339339256286621,13.370620727539062,13.488739013671875,594257148
2008-02-01,12.804579734802246,12.910409927368164,13.430179595947266,12.762763023376465,13.22998046875,703315980
2008-02-04,12.296517372131348,12.398147583007812,12.832331657409668,12.326075553894043,12.73948860168457,525757716
2008-02-05,12.578720092773438,12.682682991027832,12.737737655639648,12.225225448608398,12.247998237609863,447683868
2008-02-06,12.452386856079102,12.555304527282715,12.792041778564453,12.460710525512695,12.791291236877441,305150544
2008-02-07,12.53280258178711,12.636385917663574,12.8676176071167,12.381381034851074,12.433934211730957,316838844
2008-02-08,12.824189186096191,12.930179595947266,12.956206321716309,12.730230331420898,12.747998237609863,272882844
2008-02-11,12.93513298034668,13.042041778564453,13.105855941772461,12.847847938537598,13.026025772094727,232806960
2008-02-12,12.858935356140137,12.965214729309082,13.278278350830078,12.83858871459961,13.097847938537598,266225508
2008-02-13,13.269207954406738,13.378878593444824,13.388137817382812,12.980230331420898,13.075575828552246,264723012
2008-02-14,13.210386276245117,13.31956958770752,13.53954029083252,13.288288116455078,13.472222328186035,258808932
2008-02-15,13.145605087280273,13.254254341125488,13.329830169677734,13.121371269226074,13.22097110748291,209394396
2008-02-19,12.632083892822266,12.736486434936523,13.38988971710205,12.675174713134766,13.386886596679688,253761984
2008-02-20,12.633323669433594,12.737737655639648,12.78803825378418,12.482982635498047,12.600350379943848,266221512
2008-02-21,12.480927467346191,12.584083557128906,12.843092918395996,12.5,12.834083557128906,226884888
2008-02-22,12.603540420532227,12.707708358764648,12.737737655639648,12.451201438903809,12.564064025878906,220415364
2008-02-25,12.073387145996094,12.173172950744629,12.675174713134766,12.155655860900879,12.66141128540039,334577088
2008-02-26,11.521142959594727,11.616366386413574,11.673422813415527,11.182432174682617,11.541542053222656,930560508
2008-02-27,11.736332893371582,11.833333015441895,11.899148941040039,11.502503395080566,11.514764785766602,404471124
2008-02-28,11.799128532409668,11.896647453308105,11.989238739013672,11.695695877075195,11.774273872375488,263212524
2008-02-29,11.694635391235352,11.791291236877441,12.005505561828613,11.627878189086914,11.80855941772461,376638984
2008-03-03,11.343186378479004,11.43693733215332,11.829830169677734,11.26401424407959,11.79955005645752,301877820
2008-03-04,11.034923553466797,11.126126289367676,11.345344543457031,10.905405044555664,11.285035133361816,544323132
2008-03-05,11.111865043640137,11.203703880310059,11.365615844726562,11.11111068725586,11.1423921585083,297166536
2008-03-06,10.7395658493042,10.828328132629395,11.343844413757324,10.790289878845215,11.203453063964844,298505196
2008-03-07,10.75570011138916,10.844594955444336,11.011011123657227,10.666666984558105,10.732732772827148,322549128
2008-03-10,10.266003608703613,10.350851058959961,10.785785675048828,10.336336135864258,10.731480598449707,319184496
2008-03-11,10.916779518127441,11.007006645202637,11.014764785766602,10.626876831054688,10.642142295837402,352722924
2008-03-12,10.92521858215332,11.01551628112793,11.208208084106445,10.962713241577148,11.011260986328125,265809924
2008-03-13,10.995458602905273,11.086336135864258,11.185686111450195,10.730230331420898,10.827577590942383,308754936
2008-03-14,10.869126319885254,10.958958625793457,11.244745254516602,10.776275634765625,11.085585594177246,262713024
2008-03-17,10.421127319335938,10.507257461547852,10.853604316711426,10.31306266784668,10.71045970916748,315212472
2008-03-18,10.89990234375,10.989990234375,11.032032012939453,10.64889907836914,10.735235214233398,289198512
2008-03-19,10.72219181060791,10.810811042785645,11.198698997497559,10.802553176879883,11.038788795471191,246912840
2008-03-20,10.760663032531738,10.849599838256836,10.903403282165527,10.447948455810547,10.693694114685059,396139464
2008-03-24,11.431048393249512,11.52552604675293,11.656155586242676,10.953953742980957,10.971721649169922,270269460
2008-03-25,11.188310623168945,11.280780792236328,11.448198318481445,11.161161422729492,11.447948455810547,233030736
2008-03-26,11.372224807739258,11.466216087341309,11.583333015441895,11.24349308013916,11.326075553894043,208818972
2008-03-27,11.022016525268555,11.113113403320312,11.226475715637207,11.023273468017578,11.161161422729492,233054712
2008-03-28,10.873096466064453,10.962963104248047,11.350601196289062,10.868618965148926,11.197697639465332,174872952
2008-03-31,10.932415962219238,11.022772789001465,11.078328132629395,10.811060905456543,10.901902198791504,177678144
2008-04-01,11.558869361877441,11.654403686523438,11.674174308776855,11.18293285369873,11.204705238342285,243480276
2008-04-02,11.558621406555176,11.654153823852539,11.905405044555664,11.521270751953125,11.759259223937988,239720040
2008-04-03,11.296028137207031,11.389389038085938,11.593844413757324,11.21446418762207,11.554804801940918,270864864
2008-04-04,11.692400932312012,11.78903865814209,11.957708358764648,11.41641616821289,11.436687469482422,235652112
2008-04-07,11.834619522094727,11.932432174682617,12.148147583007812,11.850099563598633,11.937687873840332,237502260
2008-04-08,11.610992431640625,11.70695686340332,11.865365028381348,11.561812400817871,11.837838172912598,181698120
2008-04-09,11.521142959594727,11.616366386413574,11.811812400817871,11.449950218200684,11.739990234375,241682076
2008-04-10,11.642513275146484,11.738739013671875,11.858358383178711,11.557807922363281,11.635636329650879,202693104
2008-04-11,11.353858947753906,11.447697639465332,11.693193435668945,11.386636734008789,11.613363265991211,166621212
2008-04-14,11.210150718688965,11.302803039550781,11.447697639465332,11.2650146484375,11.44044017791748,153550296
2008-04-15,11.090519905090332,11.182182312011719,11.504505157470703,11.104104042053223,11.464715003967285,182920896
2008-04-16,11.293793678283691,11.387137413024902,11.468467712402344,11.036035537719727,11.121121406555176,304922772
2008-04-17,11.157533645629883,11.249750137329102,11.495745658874512,11.174174308776855,11.402152061462402,533585880
2008-04-18,13.388097763061523,13.498748779296875,13.706206321716309,13.1323823928833,13.393644332885742,728694576
2008-04-21,13.347887992858887,13.458208084106445,13.578328132629395,13.27052116394043,13.498248100280762,297290412
2008-04-22,13.775038719177246,13.88888931274414,14.034785270690918,13.452451705932617,13.452703475952148,317222460
2008-04-23,13.563821792602539,13.675926208496094,13.996747016906738,13.537286758422852,13.962462425231934,196663140
2008-04-24,13.478192329406738,13.589590072631836,13.876126289367676,13.51401424407959,13.796046257019043,165238596
2008-04-25,13.503507614135742,13.61511516571045,13.838838577270508,13.581831932067871,13.739238739013672,166409424
2008-04-28,13.703557968139648,13.816817283630371,13.934184074401855,13.48848819732666,13.660660743713379,160183656
2008-04-29,13.861163139343262,13.975726127624512,14.099099159240723,13.76401424407959,13.78453540802002,173666160
2008-04-30,14.253815650939941,14.371622085571289,14.636136054992676,13.975726127624512,14.069318771362305,315803880
2008-05-01,14.720179557800293,14.841841697692871,14.888137817382812,14.438689231872559,14.472222328186035,263847888
2008-05-02,14.427553176879883,14.546796798706055,15.076326370239258,14.496996879577637,14.977227210998535,279672048
2008-05-05,14.765352249145508,14.8873872756958,14.989990234375,14.69294261932373,14.986486434936523,250988760
2008-05-06,14.553389549255371,14.673673629760742,14.814814567565918,14.589590072631836,14.789790153503418,184986828
2008-05-07,14.370713233947754,14.48948860168457,15.002251625061035,14.425174713134766,14.77152156829834,264255480
2008-05-08,14.470244407653809,14.589839935302734,14.747246742248535,14.487236976623535,14.669670104980469,204711084
2008-05-09,14.226760864257812,14.344344139099121,14.639639854431152,14.296796798706055,14.48948860168457,179216604
2008-05-12,14.518144607543945,14.638137817382812,14.683432579040527,14.236987113952637,14.383132934570312,194361444
2008-05-13,14.469995498657227,14.589590072631836,14.713462829589844,14.478227615356445,14.670419692993164,206333460
2008-05-14,14.303701400756836,14.421921730041504,14.79454517364502,14.395646095275879,14.676926612854004,174856968
2008-05-15,14.420355796813965,14.53954029083252,14.588337898254395,14.404655456542969,14.48948860168457,173534292
2008-05-16,14.397273063659668,14.516265869140625,14.631631851196289,14.472472190856934,14.550299644470215,170793036
2008-05-19,14.33398151397705,14.452451705932617,14.736737251281738,14.352352142333984,14.478227615356445,223955820
2008-05-20,14.360787391662598,14.47947883605957,14.576577186584473,14.33708667755127,14.38012981414795,132411456
2008-05-21,13.650691986083984,13.763513565063477,14.549799919128418,13.71096134185791,14.477477073669434,258465276
2008-05-22,13.637535095214844,13.750249862670898,13.869118690490723,13.519769668579102,13.812562942504883,202848948
2008-05-23,13.51740837097168,13.629129409790039,13.838838577270508,13.458708763122559,13.687687873840332,177082740
2008-05-27,13.921475410461426,14.036537170410156,14.079078674316406,13.60986042022705,13.637638092041016,154465380
2008-05-28,14.103652954101562,14.220219612121582,14.301551818847656,14.041542053222656,14.212713241577148,161853984
2008-05-29,14.469995498657227,14.589590072631836,14.661662101745605,14.344344139099121,14.384134292602539,193606200
2008-05-30,14.539491653442383,14.659660339355469,14.762763023376465,14.547046661376953,14.601350784301758,128878992
2008-06-02,14.27143669128418,14.389389038085938,14.611862182617188,14.296046257019043,14.57707691192627,146821032
2008-06-03,14.08032512664795,14.196697235107422,14.527027130126953,14.029278755187988,14.426926612854004,172039788
2008-06-04,14.202438354492188,14.319820404052734,14.46446418762207,14.127878189086914,14.1473970413208,134393472
2008-06-05,14.551900863647461,14.672171592712402,14.715716361999512,14.419670104980469,14.44144058227539,156511332
2008-06-06,14.072876930236816,14.189188957214355,14.532532691955566,14.189188957214355,14.508257865905762,189190620
2008-06-09,13.846270561218262,13.960710525512695,14.264264106750488,13.648649215698242,14.215716361999512,211320468
2008-06-10,13.754436492919922,13.868118286132812,13.98448371887207,13.683182716369629,13.752753257751465,146149704
2008-06-11,13.531803131103516,13.643644332885742,13.947446823120117,13.62512493133545,13.919919967651367,152363484
2008-06-12,13.724159240722656,13.8375883102417,13.963964462280273,13.685686111450195,13.732732772827148,219444336
2008-06-13,14.184815406799316,14.302051544189453,14.406907081604004,14.047548294067383,14.051301002502441,247128624
2008-06-16,14.217082023620605,14.334585189819336,14.491991996765137,14.176676750183105,14.176676750183105,141570288
2008-06-17,14.133933067321777,14.250750541687012,14.466216087341309,14.223724365234375,14.423172950744629,138377484
2008-06-18,13.958211898803711,14.07357406616211,14.238988876342773,13.992993354797363,14.126876831054688,135112752
2008-06-19,13.904102325439453,14.01901912689209,14.108609199523926,13.78403377532959,13.897647857666016,227096676
2008-06-20,13.562331199645996,13.674424171447754,13.938438415527344,13.626376152038574,13.938438415527344,239084676
2008-06-23,13.532052040100098,13.64389419555664,13.8425931930542,13.564064025878906,13.647647857666016,145290564
2008-06-24,13.45982551574707,13.571070671081543,13.793543815612793,13.390891075134277,13.642142295837402,186717096
2008-06-25,13.675758361816406,13.788788795471191,13.958958625793457,13.605355262756348,13.637887954711914,164723112
2008-06-26,13.125255584716797,13.233734130859375,13.636886596679688,13.219719886779785,13.61611557006836,226153620
2008-06-27,13.106637001037598,13.214964866638184,13.263262748718262,12.89013957977295,13.205204963684082,217682100
2008-06-30,13.06568717956543,13.173673629760742,13.463462829589844,13.089590072631836,13.325075149536133,150461388
2008-07-01,13.271939277648926,13.381631851196289,13.43143081665039,12.93793773651123,13.002503395080566,198197604
2008-07-02,13.081073760986328,13.189188957214355,13.523022651672363,13.164665222167969,13.426176071166992,168751080
2008-07-03,13.328279495239258,13.438438415527344,13.494243621826172,13.200700759887695,13.285284996032715,95923980
2008-07-07,13.499784469604492,13.611360549926758,13.738739013671875,13.403403282165527,13.571070671081543,170037792
2008-07-08,13.763372421264648,13.877126693725586,13.893644332885742,13.513513565063477,13.663413047790527,197098704
2008-07-09,13.441210746765137,13.552302360534668,13.905905723571777,13.531782150268555,13.782782554626465,165993840
2008-07-10,13.416886329650879,13.527777671813965,13.751251220703125,13.281281471252441,13.638639450073242,173094732
2008-07-11,13.248855590820312,13.358358383178711,13.501001358032227,12.998748779296875,13.425926208496094,199056744
2008-07-14,12.946551322937012,13.053553581237793,13.5150146484375,12.899148941040039,13.48848819732666,176815008
2008-07-15,12.809297561645508,12.915164947509766,13.200700759887695,12.540040016174316,12.919919967651367,242597160
2008-07-16,13.29353141784668,13.403403282165527,13.425926208496094,12.777777671813965,12.863863945007324,189498312
2008-07-17,13.239921569824219,13.349349021911621,13.439689636230469,13.125625610351562,13.367366790771484,351144504
2008-07-18,11.946309089660645,12.045044898986816,12.486987113952637,11.966716766357422,12.471220970153809,451244304
2008-07-21,11.635563850402832,11.731732368469238,12.114363670349121,11.654153823852539,12.03403377532959,235823940
2008-07-22,11.841816902160645,11.939689636230469,12.018267631530762,11.651652336120605,11.679679870605469,187472340
2008-07-23,12.142386436462402,12.242742538452148,12.443193435668945,11.96446418762207,12.052302360534668,195568236
2008-07-24,11.804835319519043,11.9024019241333,12.434184074401855,11.9024019241333,12.429929733276367,141494364
2008-07-25,12.210890769958496,12.311812400817871,12.340591430664062,12.04955005645752,12.174424171447754,127212660
2008-07-28,11.842066764831543,11.939940452575684,12.31456470489502,11.89013957977295,12.31456470489502,126273600
2008-07-29,11.99073600769043,12.089839935302734,12.193694114685059,11.96196174621582,11.994494438171387,111999888
2008-07-30,11.980561256408691,12.079580307006836,12.162663459777832,11.83208179473877,12.149649620056152,139488372
2008-07-31,11.758423805236816,11.855606079101562,12.034283638000488,11.797798156738281,11.875876426696777,114489396
2008-08-01,11.61223316192627,11.708208084106445,11.842342376708984,11.574073791503906,11.824575424194336,120195684
2008-08-04,11.491609573364258,11.586586952209473,11.83708667755127,11.559059143066406,11.714715003967285,99380520
2008-08-05,11.90982437133789,12.008257865905762,12.01401424407959,11.669919967651367,11.701451301574707,143236620
2008-08-06,12.070905685424805,12.170671463012695,12.25650691986084,11.824575424194336,11.971220970153809,134896968
2008-08-07,11.891706466674805,11.989990234375,12.112112045288086,11.922171592712402,12.06206226348877,110841048
2008-08-08,12.286093711853027,12.387638092041016,12.406155586242676,11.904153823852539,12.015766143798828,149422428
2008-08-11,12.430793762207031,12.533534049987793,12.734734535217285,12.306806564331055,12.324073791503906,169402428
2008-08-12,12.474725723266602,12.577828407287598,12.665916442871094,12.462462425231934,12.562562942504883,110117772
2008-08-13,12.410688400268555,12.513262748718262,12.60110092163086,12.359358787536621,12.552553176879883,144874980
2008-08-14,12.546205520629883,12.649900436401367,12.702953338623047,12.419670104980469,12.454955101013184,116627256
2008-08-15,12.661867141723633,12.76651668548584,12.779278755187988,12.650150299072266,12.687437057495117,141686172
2008-08-18,12.367751121520996,12.469969749450684,12.762763023376465,12.400150299072266,12.758758544921875,133222644
2008-08-19,12.174155235290527,12.274774551391602,12.46946907043457,12.17792797088623,12.273022651672363,121738140
2008-08-20,12.037646293640137,12.137137413024902,12.429679870605469,12.076326370239258,12.380379676818848,159124716
2008-08-21,12.075618743896484,12.175424575805664,12.259759902954102,11.993743896484375,12.085084915161133,140423436
2008-08-22,12.176389694213867,12.277027130126953,12.384384155273438,12.249249458312988,12.299799919128418,91796112
2008-08-25,11.988255500793457,12.087336540222168,12.437437057495117,12.04955005645752,12.164915084838867,80491428
2008-08-26,11.768598556518555,11.865865707397461,12.098599433898926,11.776527404785156,12.098599433898926,132195672
2008-08-27,11.63010311126709,11.726225852966309,11.882633209228516,11.632633209228516,11.85510540008545,175308516
2008-08-28,11.759166717529297,11.856355667114258,11.923172950744629,11.77001953125,11.824073791503906,121066812
2008-08-29,11.498806953430176,11.593844413757324,11.787036895751953,11.569820404052734,11.755505561828613,153774072
2008-09-02,11.547452926635742,11.642892837524414,12.066567420959473,11.547046661376953,11.931180953979492,244215540
2008-09-03,11.526604652404785,11.621871948242188,11.869118690490723,11.501001358032227,11.72998046875,172411416
2008-09-04,11.175403594970703,11.267767906188965,11.5925931930542,11.246246337890625,11.51151180267334,193746060
2008-09-05,11.02623462677002,11.117366790771484,11.322822570800781,11.013012886047363,11.148398399353027,181190628
2008-09-08,10.423112869262695,10.509259223937988,11.334835052490234,10.449198722839355,11.311812400817871,360355284
2008-09-09,10.391095161437988,10.476977348327637,10.820320129394531,10.385384559631348,10.589839935302734,288894816
2008-09-10,10.279403686523438,10.364363670349121,10.622623443603516,10.252251625061035,10.622371673583984,248822928
2008-09-11,10.76562786102295,10.854604721069336,10.888137817382812,10.169670104980469,10.218969345092773,258597144
2008-09-12,10.862671852111816,10.952451705932617,11.060811042785645,10.735735893249512,10.766016006469727,240878880
2008-09-15,10.768355369567871,10.857357025146484,11.060310363769531,10.603352546691895,10.610610961914062,262433304
2008-09-16,10.993473052978516,11.084334373474121,11.243243217468262,10.647897720336914,10.659660339355469,279348372
2008-09-17,10.287595748901367,10.372623443603516,10.98948860168457,10.346345901489258,10.972972869873047,364710924
2008-09-18,10.897917747497559,10.987988471984863,10.990489959716797,10.272772789001465,10.576577186584473,343232424
2008-09-19,11.147852897644043,11.239990234375,11.563312530517578,11.093092918395996,11.536537170410156,399839760
2008-09-22,10.676027297973633,10.764264106750488,11.364615440368652,10.735735893249512,11.364615440368652,176115708
2008-09-23,10.65443229675293,10.742491722106934,11.030780792236328,10.653654098510742,10.84209156036377,207959832
2008-09-24,10.799384117126465,10.888639450073242,11.136136054992676,10.763513565063477,10.769268989562988,169510320
2008-09-25,10.910822868347168,11.001001358032227,11.261260986328125,10.910409927368164,10.981982231140137,200611188
2008-09-26,10.698365211486816,10.786787033081055,10.939940452575684,10.536286354064941,10.710710525512695,211488300
2008-09-29,9.456377983093262,9.53453540802002,10.598347663879395,9.527276992797852,10.498248100280762,430085484
2008-09-30,9.940861701965332,10.023022651672363,10.637638092041016,9.817817687988281,9.909408569335938,123328548
2008-10-01,10.218844413757324,10.303302764892578,10.434934616088867,10.0875883102417,10.28903865814209,249142608
2008-10-02,9.69191837310791,9.772022247314453,10.259759902954102,9.659660339355469,10.2550048828125,239156604
2008-10-03,9.603063583374023,9.682432174682617,10.322822570800781,9.586336135864258,9.943694114685059,319396284
2008-10-06,9.213391304016113,9.28954029083252,9.409158706665039,8.93793773651123,9.358859062194824,448375176
2008-10-07,8.587930679321289,8.65890884399414,9.38388442993164,8.642892837524414,9.3425931930542,441733824
2008-10-08,8.391854286193848,8.461211204528809,8.983734130859375,8.160910606384277,8.262262344360352,472582944
2008-10-09,8.165247917175293,8.232732772827148,8.722972869873047,8.049799919128418,8.621622085571289,322677000
2008-10-10,8.240201950073242,8.308307647705078,8.555806159973145,7.765264987945557,7.836836814880371,423488088
2008-10-13,9.45687484741211,9.535035133361816,9.558307647705078,8.6524019241333,8.903654098510742,355863780
2008-10-14,9.002422332763672,9.076827049255371,9.872371673583984,8.933934211730957,9.848097801208496,311080608
2008-10-15,8.418161392211914,8.487737655639648,8.983983993530273,8.479228973388672,8.87512493133545,268587144
2008-10-16,8.761917114257812,8.834334373474121,8.92142105102539,7.743743896484375,8.327326774597168,648938412
2008-10-17,9.246402740478516,9.322822570800781,9.659660339355469,9.097847938537598,9.48348331451416,569398032
2008-10-20,9.414680480957031,9.492491722106934,9.53403377532959,8.998748779296875,9.503252983093262,269865864
2008-10-21,9.00341510772705,9.077828407287598,9.604104042053223,9.059059143066406,9.319068908691406,231048720
2008-10-22,8.827691078186035,8.900650978088379,9.25150203704834,8.608609199523926,8.933684349060059,262137600
2008-10-23,8.744543075561523,8.816817283630371,8.958958625793457,8.458208084106445,8.850099563598633,258896844
2008-10-24,8.421138763427734,8.490740776062012,8.77052116394043,8.126626968383789,8.169919967651367,294065640
2008-10-27,8.177905082702637,8.245494842529297,8.58358383178711,8.148147583007812,8.378628730773926,247779972
2008-10-28,9.15233325958252,9.227977752685547,9.241991996765137,8.22097110748291,8.484734535217285,323891784
2008-10-29,8.885519027709961,8.958958625793457,9.284283638000488,8.81806755065918,9.15390396118164,389873736
2008-10-30,8.927464485168457,9.001251220703125,9.309309005737305,8.968217849731445,9.220721244812012,319236444
2008-10-31,8.919275283813477,8.992993354797363,9.308307647705078,8.865615844726562,8.91291332244873,296635068
2008-11-03,8.599842071533203,8.670921325683594,9.083833694458008,8.544294357299805,8.948448181152344,237941820
2008-11-04,9.107409477233887,9.182682991027832,9.318318367004395,8.646145820617676,8.844844818115234,293702004
2008-11-05,8.494359016418457,8.56456470489502,9.231230735778809,8.541291236877441,9.062812805175781,277582140
2008-11-06,8.220844268798828,8.288788795471191,8.619118690490723,8.153403282165527,8.507758140563965,342649008
2008-11-07,8.218857765197754,8.286787033081055,8.537286758422852,8.141390800476074,8.336336135864258,187064748
2008-11-10,7.912083625793457,7.977477073669434,8.244243621826172,7.7444939613342285,8.208208084106445,322880796
2008-11-11,7.73040246963501,7.7942938804626465,7.915414810180664,7.52052116394043,7.724975109100342,405458136
2008-11-12,7.2225871086120605,7.282281875610352,7.820069789886475,7.20120096206665,7.55880880355835,401641956
2008-11-13,7.745790958404541,7.809810161590576,7.8328328132629395,7.007007122039795,7.301551818847656,528858612
2008-11-14,7.6946611404418945,7.758257865905762,8.132883071899414,7.5715718269348145,7.588839054107666,380303316
2008-11-17,7.448945045471191,7.5105109214782715,7.7617621421813965,7.45620584487915,7.582582950592041,301450248
2008-11-18,7.381931304931641,7.442943096160889,7.600851058959961,7.140891075134277,7.546796798706055,333510156
2008-11-19,6.954036235809326,7.01151180267334,7.512261867523193,6.971470832824707,7.392141819000244,313070616
2008-11-20,6.442249298095703,6.495494842529297,7.080581188201904,6.482481956481934,6.879128932952881,390784824
2008-11-21,6.513483047485352,6.567317008972168,6.740991115570068,6.188689231872559,6.569318771362305,409370220
2008-11-24,6.389631748199463,6.442441940307617,6.7555060386657715,6.231481075286865,6.7382378578186035,401785812
2008-11-25,7.000448703765869,7.058308124542236,7.1736741065979,6.689690113067627,6.723723888397217,430417152
2008-11-26,7.249641418457031,7.3095598220825195,7.393894195556641,6.911911964416504,7.014013767242432,254009736
2008-11-28,7.271234512329102,7.3313307762146,7.4186692237854,7.214213848114014,7.2717719078063965,102517380
2008-12-01,6.601841926574707,6.656405925750732,7.191691875457764,6.656156063079834,7.174173831939697,228219552
2008-12-02,6.828200817108154,6.884634971618652,6.951450824737549,6.571071147918701,6.75,233354412
2008-12-03,6.935420989990234,6.992743015289307,7.041040897369385,6.640140056610107,6.753003120422363,235955808
2008-12-04,6.809088230133057,6.865365028381348,7.094344139099121,6.72597599029541,6.920169830322266,195268536
2008-12-05,7.048600196838379,7.106856822967529,7.113112926483154,6.607107162475586,6.782281875610352,260587152
2008-12-08,7.498336315155029,7.560309886932373,7.743743896484375,7.057056903839111,7.257007122039795,325446228
2008-12-09,7.594141483306885,7.656907081604004,7.957958221435547,7.432682991027832,7.449699878692627,275320404
2008-12-10,7.664877891540527,7.7282280921936035,7.880380153656006,7.620369911193848,7.738739013671875,209270520
2008-12-11,7.4514265060424805,7.513012886047363,7.829830169677734,7.452452182769775,7.6118621826171875,246920832
2008-12-12,7.837128639221191,7.901902198791504,7.919670104980469,7.357357025146484,7.400149822235107,228655116
2008-12-15,7.7107954025268555,7.774525165557861,7.97022008895874,7.635385036468506,7.858108043670654,269246484
2008-12-16,8.07341480255127,8.14013957977295,8.245745658874512,7.789539813995361,7.870871067047119,282101616
2008-12-17,7.824222087860107,7.888888835906982,8.061310768127441,7.818317890167236,7.973974227905273,231356412
2008-12-18,7.701114654541016,7.764764785766602,8.016766548156738,7.735485076904297,7.925425052642822,190349460
2008-12-19,7.6983842849731445,7.762012004852295,7.95270299911499,7.732732772827148,7.782533168792725,224279496
2008-12-22,7.374237060546875,7.435184955596924,7.745244979858398,7.2730231285095215,7.72172212600708,156547296
2008-12-23,7.396822929382324,7.457958221435547,7.5903401374816895,7.424173831939697,7.51826810836792,150956892
2008-12-24,7.5191850662231445,7.5813307762146,7.666165828704834,7.4669671058654785,7.5445451736450195,76783140
2008-12-26,7.454902648925781,7.516517162322998,7.639139175415039,7.46521520614624,7.609358787536621,78285636
2008-12-29,7.381931304931641,7.442943096160889,7.542041778564453,7.296796798706055,7.513012886047363,147927924
2008-12-30,7.52315616607666,7.585334777832031,7.6779279708862305,7.47522497177124,7.527527809143066,153586260
2008-12-31,7.635838508605957,7.698948860168457,7.782783031463623,7.5728230476379395,7.612613201141357,115356528
2009-01-02,7.97512674331665,8.041041374206543,8.053553581237793,7.645144939422607,7.722723007202148,144275580
2009-01-05,8.14216423034668,8.20945930480957,8.289289474487305,7.882883071899414,8.03303337097168,195364440
2009-01-06,8.291332244873047,8.35986042022705,8.528529167175293,8.16791820526123,8.332833290100098,256750992
2009-01-07,7.992251396179199,8.058307647705078,8.281030654907227,7.97672700881958,8.216216087341309,179600220
2009-01-08,8.071179389953613,8.137887954711914,8.137887954711914,7.941441059112549,7.964964866638184,143883972
2009-01-09,7.820002555847168,7.884634971618652,8.195695877075195,7.842843055725098,8.195695877075195,173446380
2009-01-12,7.760931491851807,7.825075149536133,7.98173189163208,7.763514041900635,7.915666103363037,132039828
2009-01-13,7.801388263702393,7.865866184234619,8.023022651672363,7.767518043518066,7.802052021026611,177122700
2009-01-14,7.470041751861572,7.531782150268555,7.852852821350098,7.45120096206665,7.757758140563965,218497284
2009-01-15,7.420898914337158,7.482232093811035,7.597096920013428,7.176927089691162,7.446697235107422,237142620
2009-01-16,7.4377760887146,7.49924898147583,7.713963985443115,7.399899959564209,7.6331329345703125,208767024
2009-01-20,7.017823696136475,7.075826168060303,7.4949951171875,7.075826168060303,7.485986232757568,201726072
2009-01-21,7.5224127769470215,7.584585189819336,7.595095157623291,7.21596622467041,7.21596622467041,196783020
2009-01-22,7.607295036315918,7.670169830322266,7.741490840911865,7.386136054992676,7.458457946777344,330349320
2009-01-23,8.059017181396484,8.125625610351562,8.307307243347168,7.613112926483154,7.7394890785217285,428882688
2009-01-26,8.038416862487793,8.104854583740234,8.208208084106445,8.022022247314453,8.129379272460938,184243572
2009-01-27,8.227296829223633,8.295294761657715,8.35510540008545,8.11486530303955,8.169419288635254,196894908
2009-01-28,8.653948783874512,8.725475311279297,8.81706714630127,8.416166305541992,8.457958221435547,307348344
2009-01-29,8.521164894104004,8.591591835021973,8.63488483428955,8.511260986328125,8.622121810913086,291060648
2009-01-30,8.402276039123535,8.471721649169922,8.728729248046875,8.408408164978027,8.625876426696777,186693120
2009-02-02,8.452910423278809,8.522772789001465,8.633633613586426,8.308307647705078,8.365615844726562,208067724
2009-02-03,8.449931144714355,8.519769668579102,8.58358383178711,8.354104042053223,8.572822570800781,261997740
2009-02-04,8.513222694396973,8.58358383178711,8.86987018585205,8.487737655639648,8.510259628295898,272423304
2009-02-05,8.779292106628418,8.851852416992188,8.893392562866211,8.433432579040527,8.531281471252441,290285424
2009-02-06,9.215127944946289,9.291291236877441,9.354604721069336,8.89489459991455,8.920419692993164,281242476
2009-02-09,9.401030540466309,9.478729248046875,9.53453540802002,9.191692352294922,9.291291236877441,198892908
2009-02-10,8.898179054260254,8.971721649169922,9.44694709777832,8.956206321716309,9.40890884399414,283863852
2009-02-11,8.886513710021973,8.959959983825684,9.134134292602539,8.833833694458008,8.982732772827148,209054736
2009-02-12,9.010859489440918,9.085334777832031,9.099599838256836,8.795796394348145,8.837838172912598,221789988
2009-02-13,8.877578735351562,8.950950622558594,9.083833694458008,8.889639854431152,9.063814163208008,165702132
2009-02-17,8.504782676696777,8.575075149536133,8.685935974121094,8.500750541687012,8.67142105102539,226988784
2009-02-18,8.764152526855469,8.836586952209473,8.843342781066895,8.52152156829834,8.689689636230469,240739020
2009-02-19,8.504287719726562,8.574575424194336,9.004003524780273,8.543793678283691,8.945695877075195,199348452
2009-02-20,8.598852157592773,8.669919967651367,8.731732368469238,8.383382797241211,8.459710121154785,248435316
2009-02-23,8.19205379486084,8.259759902954102,8.753753662109375,8.246996879577637,8.683684349060059,208635156
2009-02-24,8.574029922485352,8.64489459991455,8.749249458312988,8.28053092956543,8.283783912658691,243592164
2009-02-25,8.47946834564209,8.54955005645752,8.816315650939941,8.481480598449707,8.562312126159668,257306436
2009-02-26,8.368770599365234,8.43793773651123,8.821070671081543,8.437437057495117,8.657657623291016,223999776
2009-02-27,8.388875007629395,8.458208084106445,8.604104042053223,8.286035537719727,8.33208179473877,216583200
2009-03-02,8.120074272155762,8.187187194824219,8.526025772094727,8.158158302307129,8.341591835021973,231308460
2009-03-03,8.078377723693848,8.145145416259766,8.350601196289062,8.066817283630371,8.260009765625,260731008
2009-03-04,7.915558815002441,7.98098087310791,8.233233451843262,7.892392158508301,8.08708667755127,312423264
2009-03-05,7.585951328277588,7.648649215698242,7.984984874725342,7.573574066162109,7.919919967651367,260934804
2009-03-06,7.658673286437988,7.7219719886779785,7.762513160705566,7.363614082336426,7.688188076019287,289078632
2009-03-09,7.219857215881348,7.279530048370361,7.671922206878662,7.24349308013916,7.507007122039795,258593148
2009-03-10,7.648745059967041,7.7119622230529785,7.770269870758057,7.363614082336426,7.463714122772217,268938792
2009-03-11,7.890491008758545,7.9557061195373535,8.008008003234863,7.650400161743164,7.760260105133057,236707056
2009-03-12,8.02997875213623,8.096345901489258,8.133132934570312,7.849099159240723,7.946445941925049,200763036
2009-03-13,8.052068710327148,8.118618965148926,8.194695472717285,7.983734130859375,8.160660743713379,156099744
2009-03-16,7.9346699714660645,8.000249862670898,8.25150203704834,7.972723007202148,8.15790843963623,197674128
2009-03-17,8.323101043701172,8.391892433166504,8.391892433166504,7.985235214233398,8.012513160705566,188311500
2009-03-18,8.267504692077637,8.335836410522461,8.508508682250977,8.20945930480957,8.378628730773926,200287512
2009-03-19,8.18907356262207,8.256756782531738,8.408408164978027,8.192692756652832,8.300299644470215,164283552
2009-03-20,8.194535255432129,8.262262344360352,8.333083152770996,8.166666984558105,8.265766143798828,189326484
2009-03-23,8.652213096618652,8.723724365234375,8.7449951171875,8.334083557128906,8.347347259521484,170689140
2009-03-24,8.616721153259277,8.68793773651123,8.854854583740234,8.608609199523926,8.671171188354492,152647200
2009-03-25,8.539778709411621,8.610360145568848,8.792291641235352,8.414665222167969,8.768769264221191,173278548
2009-03-26,8.768616676330566,8.84109115600586,8.987988471984863,8.721220970153809,8.83708667755127,239891868
2009-03-27,8.629875183105469,8.701201438903809,8.808809280395508,8.645395278930664,8.758758544921875,132779088
2009-03-30,8.505526542663574,8.575825691223145,8.603854179382324,8.409660339355469,8.572321891784668,123640236
2009-03-31,8.638811111450195,8.710209846496582,8.846596717834473,8.663163185119629,8.731982231140137,146065788
2009-04-01,8.788474082946777,8.86111068725586,8.88988971710205,8.523774147033691,8.603102684020996,131915952
2009-04-02,8.997210502624512,9.071572303771973,9.253252983093262,9.017017364501953,9.091841697692871,179340480
2009-04-03,9.177897453308105,9.253753662109375,9.302302360534668,8.958958625793457,9.121622085571289,151440408
2009-04-06,9.139676094055176,9.215214729309082,9.254755020141602,9.04404354095459,9.184184074401855,131080788
2009-04-07,8.901652336120605,8.975225448608398,9.102852821350098,8.891641616821289,9.074073791503906,147056796
2009-04-08,8.984800338745117,9.059059143066406,9.134134292602539,8.914163589477539,9.096596717834473,110497392
2009-04-09,9.245409965515137,9.321822166442871,9.368118286132812,9.165414810180664,9.246747016906738,135168696
2009-04-13,9.384648323059082,9.462211608886719,9.486987113952637,9.266766548156738,9.292543411254883,121881996
2009-04-14,9.156304359436035,9.231982231140137,9.434184074401855,9.149148941040039,9.43293285369873,137006856
2009-04-15,9.419147491455078,9.496996879577637,9.536035537719727,9.113113403320312,9.186687469482422,197030772
2009-04-16,9.648482322692871,9.728227615356445,9.832331657409668,9.535035133361816,9.547046661376953,406996596
2009-04-17,9.735352516174316,9.815815925598145,10.005505561828613,9.62987995147705,9.660160064697266,428802768
2009-04-20,9.414183616638184,9.491991996765137,9.776025772094727,9.406657218933105,9.663413047790527,176978844
2009-04-21,9.46804141998291,9.546296119689941,9.617116928100586,9.411911964416504,9.413663864135742,147668184
2009-04-22,9.527362823486328,9.60610580444336,9.759759902954102,9.484734535217285,9.553302764892578,139931928
2009-04-23,9.54796314239502,9.626876831054688,9.753503799438477,9.537286758422852,9.697446823120117,104255640
2009-04-24,9.667098999023438,9.746996879577637,9.839339256286621,9.522022247314453,9.660910606384277,135280584
2009-04-27,9.579236030578613,9.658408164978027,9.746996879577637,9.578328132629395,9.618118286132812,91532376
2009-04-28,9.523638725280762,9.602352142333984,9.73598575592041,9.54804801940918,9.603352546691895,117626256
2009-04-29,9.716241836547852,9.796546936035156,9.884134292602539,9.655405044555664,9.65890884399414,144255600
2009-04-30,9.827930450439453,9.909158706665039,10.103854179382324,9.87987995147705,9.90390396118164,174053772
2009-05-01,9.771342277526855,9.852102279663086,9.949700355529785,9.798548698425293,9.885636329650879,97010892
2009-05-04,9.977099418640137,10.05955982208252,10.070070266723633,9.879630088806152,9.964214324951172,127991880
2009-05-05,10.002166748046875,10.084835052490234,10.13513469696045,9.941190719604492,10.009510040283203,95935968
2009-05-06,10.014080047607422,10.096846580505371,10.217217445373535,10.035035133361816,10.179929733276367,105210684
2009-05-07,9.843815803527832,9.925174713134766,10.13488483428955,9.822321891784668,10.1126127243042,119872008
2009-05-08,10.109885215759277,10.193443298339844,10.263513565063477,9.88488483428955,10.081331253051758,154449396
2009-05-11,10.126019477844238,10.209710121154785,10.310310363769531,10.040040016174316,10.080080032348633,102269628
2009-05-12,9.9033842086792,9.985235214233398,10.285035133361816,9.887638092041016,10.26051139831543,151480368
2009-05-13,9.66833782196045,9.748248100280762,9.919670104980469,9.718467712402344,9.862112045288086,113598288
2009-05-14,9.617708206176758,9.697196960449219,9.815065383911133,9.626876831054688,9.729729652404785,117362520
2009-05-15,9.679756164550781,9.759759902954102,9.8626127243042,9.736987113952637,9.787286758422852,120227652
2009-05-18,9.849525451660156,9.930931091308594,9.942692756652832,9.644644737243652,9.878128051757812,133933932
2009-05-19,9.90015697479248,9.981982231140137,10.051051139831543,9.834835052490234,9.9124116897583,113386500
2009-05-20,9.857963562011719,9.939438819885254,10.151902198791504,9.88488483428955,10.062312126159668,91268640
2009-05-21,9.841085433959961,9.922422409057617,10.08108139038086,9.855855941772461,9.9174165725708,108683208
2009-05-22,9.76662540435791,9.847347259521484,9.976225852966309,9.809809684753418,9.92642593383789,68675256
2009-05-26,10.036169052124023,10.119118690490723,10.13513469696045,9.759759902954102,9.80855941772461,124055820
2009-05-27,10.065953254699707,10.149148941040039,10.306806564331055,10.130379676818848,10.151150703430176,121250628
2009-05-28,10.18608283996582,10.270270347595215,10.300801277160645,10.125374794006348,10.227227210998535,106645248
2009-05-29,10.35560131072998,10.441190719604492,10.441190719604492,10.277777671813965,10.31306266784668,105822072
2009-06-01,10.58717155456543,10.674674987792969,10.750750541687012,10.473724365234375,10.478729248046875,132763104
2009-06-02,10.632841110229492,10.720721244812012,10.759759902954102,10.595596313476562,10.666916847229004,104839056
2009-06-03,10.713505744934082,10.802051544189453,10.822321891784668,10.610610961914062,10.660660743713379,141170688
2009-06-04,10.927700996398926,11.018017768859863,11.042041778564453,10.873373031616211,10.893392562866211,145378476
2009-06-05,11.027973175048828,11.119118690490723,11.194695472717285,10.997496604919434,11.137887954711914,147084768
2009-06-08,10.89022159576416,10.980230331420898,11.03403377532959,10.863863945007324,10.99849796295166,123824052
2009-06-09,10.812040328979492,10.901400566101074,11.023524284362793,10.804804801940918,10.975475311279297,130065804
2009-06-10,10.737082481384277,10.825825691223145,10.958208084106445,10.677427291870117,10.916666984558105,134221644
2009-06-11,10.647732734680176,10.735735893249512,10.854104042053223,10.719969749450684,10.805054664611816,114493392
2009-06-12,10.544483184814453,10.631631851196289,10.703203201293945,10.540790557861328,10.682182312011719,116619264
2009-06-15,10.344183921813965,10.429679870605469,10.54804801940918,10.360360145568848,10.54804801940918,149326524
2009-06-16,10.325072288513184,10.410409927368164,10.537788391113281,10.395895957946777,10.493243217468262,121866012
2009-06-17,10.304224014282227,10.389389038085938,10.503503799438477,10.299299240112305,10.415164947509766,139464396
2009-06-18,10.276923179626465,10.361862182617188,10.477727890014648,10.335334777832031,10.4024019241333,123284592
2009-06-19,10.42658805847168,10.512763023376465,10.522022247314453,10.37487506866455,10.465716361999512,170193636
2009-06-22,10.110382080078125,10.193943977355957,10.447697639465332,10.057307243347168,10.434184074401855,164811024
2009-06-23,10.06893253326416,10.152152061462402,10.2349853515625,10.073823928833008,10.17642593383789,115868016
2009-06-24,10.158531188964844,10.242491722106934,10.316065788269043,10.174174308776855,10.228729248046875,98213688
2009-06-25,10.319366455078125,10.404655456542969,10.40790843963623,10.17292308807373,10.185185432434082,121658220
2009-06-26,10.556396484375,10.643644332885742,10.716465950012207,10.338088035583496,10.352352142333984,130137732
2009-06-29,10.527107238769531,10.614113807678223,10.705705642700195,10.566567420959473,10.660660743713379,86685228
2009-06-30,10.46381664276123,10.550299644470215,10.690940856933594,10.46596622467041,10.610610961914062,103652244
2009-07-01,10.399284362792969,10.485235214233398,10.670671463012695,10.464214324951172,10.615615844726562,92339568
2009-07-02,10.138675689697266,10.222472190856934,10.395646095275879,10.18043041229248,10.395646095275879,100603296
2009-07-06,10.166476249694824,10.250500679016113,10.276275634765625,10.051551818847656,10.172673225402832,90413496
2009-07-07,9.84431266784668,9.925676345825195,10.239990234375,9.909408569335938,10.216216087341309,130241628
2009-07-08,9.98975658416748,10.072321891784668,10.160160064697266,9.961461067199707,10.010009765625,137510352
2009-07-09,10.185832023620605,10.27001953125,10.371622085571289,10.155155181884766,10.163163185119629,130892976
2009-07-10,10.285361289978027,10.370369911193848,10.444695472717285,10.227727890014648,10.249750137329102,116946936
2009-07-13,10.531079292297363,10.618118286132812,10.623623847961426,10.38988971710205,10.414665222167969,161666172
2009-07-14,10.540757179260254,10.627878189086914,10.678929328918457,10.532281875610352,10.603352546691895,115716168
2009-07-15,10.875329971313477,10.965214729309082,10.977977752685547,10.722972869873047,10.752251625061035,150928920
2009-07-16,10.985282897949219,11.076075553894043,11.154905319213867,10.863363265991211,10.92792797088623,261917820
2009-07-17,10.678756713867188,10.767017364501953,10.897897720336914,10.678177833557129,10.835836410522461,273889836
2009-07-20,10.67677116394043,10.7650146484375,10.83208179473877,10.666916847229004,10.757758140563965,126013860
2009-07-21,10.620429992675781,10.708208084106445,10.808307647705078,10.653654098510742,10.784283638000488,118609272
2009-07-22,10.615217208862305,10.702953338623047,10.765766143798828,10.598097801208496,10.710710525512695,103364532
2009-07-23,10.854730606079102,10.944443702697754,11.041291236877441,10.648147583007812,10.727727890014648,138988872
2009-07-24,11.087541580200195,11.179179191589355,11.273524284362793,10.885886192321777,10.906155586242676,144930924
2009-07-27,11.039887428283691,11.131131172180176,11.179929733276367,10.951201438903809,11.162161827087402,100075824
2009-07-28,10.91702938079834,11.007257461547852,11.081331253051758,10.913413047790527,11.036035537719727,101198700
2009-07-29,10.827427864074707,10.916916847229004,10.95595645904541,10.80805778503418,10.941692352294922,79400520
2009-07-30,11.060734748840332,11.152152061462402,11.29804801940918,11.076326370239258,11.076326370239258,127816056
2009-07-31,10.99644947052002,11.087336540222168,11.328828811645508,11.071822166442871,11.260761260986328,114301584
2009-08-03,11.223801612854004,11.316567420959473,11.358859062194824,11.202201843261719,11.229729652404785,103508388
2009-08-04,11.261527061462402,11.354604721069336,11.361360549926758,11.221972465515137,11.245494842529297,95496408
2009-08-05,11.197244644165039,11.289790153503418,11.434184074401855,11.208208084106445,11.41141128540039,93586320
2009-08-06,11.177885055541992,11.270270347595215,11.383382797241211,11.22447395324707,11.368868827819824,84351564
2009-08-07,11.345171928405762,11.438939094543457,11.496996879577637,11.386136054992676,11.403153419494629,101622276
2009-08-10,11.333009719848633,11.426676750183105,11.471721649169922,11.35610580444336,11.38988971710205,69610320
2009-08-11,11.266741752624512,11.35986042022705,11.442192077636719,11.320820808410645,11.353102684020996,68431500
2009-08-12,11.381905555725098,11.47597599029541,11.555304527282715,11.384384155273438,11.396647453308105,93562344
2009-08-13,11.473739624023438,11.56856918334961,11.629630088806152,11.484233856201172,11.565315246582031,79728192
2009-08-14,11.41714859008789,11.51151180267334,11.59109115600586,11.433684349060059,11.58108139038086,66936996
2009-08-17,11.042118072509766,11.133382797241211,11.311060905456543,11.089089393615723,11.298798561096191,104703192
2009-08-18,11.051798820495605,11.143142700195312,11.203703880310059,11.069068908691406,11.138639450073242,93949956
2009-08-19,11.019286155700684,11.110360145568848,11.136136054992676,10.974974632263184,11.010761260986328,90109800
2009-08-20,11.427326202392578,11.521772384643555,11.566065788269043,11.292041778564453,11.311310768127441,159796044
2009-08-21,11.547204971313477,11.642642974853516,11.66391372680664,11.577828407287598,11.650150299072266,142277580
2009-08-24,11.63382625579834,11.72998046875,11.76401424407959,11.622121810913086,11.69544506072998,98037864
2009-08-25,11.69935131072998,11.796046257019043,11.870620727539062,11.729729652404785,11.739990234375,93546360
2009-08-26,11.615707397460938,11.711711883544922,11.836836814880371,11.679179191589355,11.830830574035645,79432488
2009-08-27,11.567556381225586,11.663163185119629,11.726225852966309,11.529780387878418,11.726225852966309,79876044
2009-08-28,11.535042762756348,11.630379676818848,11.821070671081543,11.59609603881836,11.743243217468262,70793136
2009-08-31,11.458597183227539,11.553302764892578,11.55805778503418,11.461461067199707,11.506256103515625,78237684
2009-09-01,11.311911582946777,11.405405044555664,11.682182312011719,11.371871948242188,11.503503799438477,103692204
2009-09-02,11.243659019470215,11.336586952209473,11.469719886779785,11.326075553894043,11.406907081604004,72119808
2009-09-03,11.355594635009766,11.449448585510254,11.467718124389648,11.386385917663574,11.406907081604004,65782152
2009-09-04,11.449414253234863,11.54404354095459,11.576577186584473,11.405905723571777,11.450700759887695,59908032
2009-09-08,11.382899284362793,11.476977348327637,11.68643569946289,11.4074068069458,11.618868827819824,106161732
2009-09-09,11.515684127807617,11.610860824584961,11.668417930603027,11.481480598449707,11.487988471984863,87728184
2009-09-10,11.688678741455078,11.785284996032715,11.785284996032715,11.561561584472656,11.67792797088623,101282616
2009-09-11,11.718462944030762,11.815315246582031,11.844344139099121,11.702451705932617,11.771772384643555,76039884
2009-09-14,11.792425155639648,11.88988971710205,11.93193244934082,11.763012886047363,11.774524688720703,78948972
2009-09-15,11.852489471435547,11.95044994354248,11.984734535217285,11.829580307006836,11.88888931274414,95828076
2009-09-16,12.119300842285156,12.21946907043457,12.246496200561523,11.973974227905273,12.007006645202637,103308588
2009-09-17,12.204434394836426,12.305304527282715,12.446697235107422,12.190940856933594,12.276527404785156,179144676
2009-09-18,12.197981834411621,12.298798561096191,12.43693733215332,12.29304313659668,12.431681632995605,131208660
2009-09-21,12.335484504699707,12.437437057495117,12.4849853515625,12.167668342590332,12.205705642700195,84571344
2009-09-22,12.386613845825195,12.488988876342773,12.562312126159668,12.457708358764648,12.53553581237793,121526352
2009-09-23,12.371722221374512,12.473974227905273,12.687687873840332,12.455204963684082,12.532032012939453,108059832
2009-09-24,12.3297758102417,12.431681632995605,12.547798156738281,12.337336540222168,12.524273872375488,101002896
2009-09-25,12.223299026489258,12.324323654174805,12.510761260986328,12.312312126159668,12.369620323181152,81902016
2009-09-28,12.373458862304688,12.475726127624512,12.550049781799316,12.344844818115234,12.383382797241211,73498428
2009-09-29,12.373458862304688,12.475726127624512,12.506256103515625,12.3375883102417,12.500750541687012,83884032
2009-09-30,12.306941986083984,12.408658981323242,12.516016006469727,12.193193435668945,12.512513160705566,125542332
2009-10-01,12.092248916625977,12.192192077636719,12.424174308776855,12.187187194824219,12.337336540222168,112415472
2009-10-02,12.027222633361816,12.126626968383789,12.305806159973145,12.07707691192627,12.105606079101562,103927968
2009-10-05,12.125012397766113,12.225225448608398,12.323073387145996,12.095596313476562,12.203453063964844,85698216
2009-10-06,12.37867259979248,12.48098087310791,12.496747016906738,12.304804801940918,12.304804801940918,109182708
2009-10-07,12.845284461975098,12.951451301574707,12.987737655639648,12.457708358764648,12.487486839294434,194773032
2009-10-08,12.761890411376953,12.867366790771484,13.094344139099121,12.846345901489258,13.002251625061035,171979848
2009-10-09,12.813267707824707,12.919169425964355,13.050801277160645,12.875374794006348,12.929179191589355,109414476
2009-10-12,13.006613731384277,13.114113807678223,13.157156944274902,12.995996475219727,13.098599433898926,132755112
2009-10-13,13.057991027832031,13.165916442871094,13.199700355529785,13.047548294067383,13.122873306274414,121374504
2009-10-14,13.28658390045166,13.396395683288574,13.402902603149414,13.263262748718262,13.324825286865234,130205664
2009-10-15,13.152307510375977,13.261011123657227,13.435935974121094,13.194945335388184,13.357107162475586,243771984
2009-10-16,13.647215843200684,13.760009765625,13.882633209228516,13.626876831054688,13.69694709777832,353322324
2009-10-19,13.702812194824219,13.816065788269043,13.853854179382324,13.731982231140137,13.83108139038086,128587284
2009-10-20,13.69363021850586,13.806806564331055,13.8375883102417,13.531030654907227,13.804804801940918,161586252
2009-10-21,13.678240776062012,13.791291236877441,13.997748374938965,13.738739013671875,13.76151180267334,146677176
2009-10-22,13.75245189666748,13.86611557006836,13.88888931274414,13.713713645935059,13.763764381408691,93366540
2009-10-23,13.742525100708008,13.85610580444336,13.961211204528809,13.793793678283691,13.895145416259766,95612292
2009-10-26,13.755431175231934,13.869118690490723,14.055054664611816,13.786035537719727,13.907657623291016,118697184
2009-10-27,13.608498573303223,13.72097110748291,13.877878189086914,13.6176176071167,13.78803825378418,128531340
2009-10-28,13.410184860229492,13.521020889282227,13.763764381408691,13.469719886779785,13.71045970916748,102609288
2009-10-29,13.677000045776367,13.790040016174316,13.80955982208252,13.538538932800293,13.588838577270508,100803096
2009-10-30,13.306439399719238,13.41641616821289,13.768017768859863,13.369368553161621,13.763764381408691,138601260
2009-11-02,13.253573417663574,13.363113403320312,13.5,13.219219207763672,13.44044017791748,127955916
2009-11-03,13.335478782653809,13.445695877075195,13.450950622558594,13.220721244812012,13.263513565063477,95112792
2009-11-04,13.410930633544922,13.521772384643555,13.651150703430176,13.423924446105957,13.533534049987793,93214692
2009-11-05,13.617431640625,13.72998046875,13.758008003234863,13.580080032348633,13.600851058959961,73834092
2009-11-06,13.678240776062012,13.791291236877441,13.808307647705078,13.651150703430176,13.706707000732422,72994932
2009-11-09,13.961434364318848,14.076827049255371,14.07857894897461,13.869620323181152,13.900150299072266,105890004
2009-11-10,14.066920280456543,14.183182716369629,14.233734130859375,14.064064025878906,14.082331657409668,89142768
2009-11-11,14.161234855651855,14.278278350830078,14.351852416992188,14.160660743713379,14.276275634765625,92695212
2009-11-12,14.093973159790039,14.21045970916748,14.336836814880371,14.151652336120605,14.253252983093262,75376548
2009-11-13,14.19821834564209,14.315566062927246,14.32707691192627,14.179429054260254,14.246496200561523,66605328
2009-11-16,14.303206443786621,14.42142105102539,14.439188957214355,14.333833694458008,14.389389038085938,87880032
2009-11-17,14.333237648010254,14.451702117919922,14.45195198059082,14.357357025146484,14.386136054992676,76591332
2009-11-18,14.312389373779297,14.430681228637695,14.483983993530273,14.316065788269043,14.430681228637695,61922016
2009-11-19,14.221549034118652,14.339089393615723,14.364363670349121,14.264264106750488,14.358609199523926,86633280
2009-11-20,14.146342277526855,14.263262748718262,14.304304122924805,14.249249458312988,14.251751899719238,80167752
2009-11-23,14.453861236572266,14.573323249816895,14.679679870605469,14.410910606384277,14.426676750183105,101798100
2009-11-24,14.472229957580566,14.591841697692871,14.621871948242188,14.42792797088623,14.577577590942383,64143792
2009-11-25,14.538002014160156,14.658158302307129,14.691190719604492,14.581831932067871,14.674924850463867,58389552
2009-11-27,14.38957691192627,14.508508682250977,14.576075553894043,14.288538932800293,14.314313888549805,55328616
2009-11-30,14.469995498657227,14.589590072631836,14.606355667114258,14.442192077636719,14.530280113220215,68934996
2009-12-01,14.640507698059082,14.76151180267334,14.795294761657715,14.589590072631836,14.717967987060547,92719188
2009-12-02,14.581930160522461,14.702451705932617,14.840089797973633,14.670169830322266,14.789790153503418,66461472
2009-12-03,14.538002014160156,14.658158302307129,14.801051139831543,14.639639854431152,14.740740776062012,57090852
2009-12-04,14.519882202148438,14.63988971710205,14.885636329650879,14.493993759155273,14.840339660644531,100443456
2009-12-07,14.550661087036133,14.670921325683594,14.731982231140137,14.53954029083252,14.61987018585205,65382552
2009-12-08,14.570515632629395,14.690940856933594,14.781281471252441,14.56456470489502,14.602102279663086,60899040
2009-12-09,14.61941146850586,14.740240097045898,14.747998237609863,14.604104042053223,14.702201843261719,71168760
2009-12-10,14.680963516235352,14.802302360534668,14.882633209228516,14.775025367736816,14.775775909423828,66665268
2009-12-11,14.656392097473145,14.777527809143066,14.883633613586426,14.707958221435547,14.881881713867188,68731200
2009-12-14,14.785951614379883,14.908158302307129,14.947697639465332,14.830080032348633,14.898649215698242,76459464
2009-12-15,14.721668243408203,14.843342781066895,14.924424171447754,14.78954029083252,14.847347259521484,91124784
2009-12-16,14.836337089538574,14.958958625793457,15.024273872375488,14.930931091308594,14.97998046875,112263624
2009-12-17,14.741524696350098,14.863363265991211,14.95595645904541,14.858859062194824,14.925926208496094,105446448
2009-12-18,14.803077697753906,14.925424575805664,14.988238334655762,14.88988971710205,14.915665626525879,141118740
2009-12-21,14.859171867370605,14.981982231140137,15.011011123657227,14.906657218933105,14.955204963684082,102745152
2009-12-22,14.919732093811035,15.04304313659668,15.052553176879883,14.986235618591309,15.048548698425293,75156768
2009-12-23,15.181831359863281,15.307307243347168,15.33708667755127,15.086336135864258,15.1026029586792,82825092
2009-12-24,15.350605010986328,15.477477073669434,15.503503799438477,15.32207202911377,15.33858871459961,34313652
2009-12-28,15.459563255310059,15.587336540222168,15.665414810180664,15.477477073669434,15.55705738067627,67848084
2009-12-29,15.373437881469727,15.500500679016113,15.636636734008789,15.472723007202148,15.634134292602539,56935008
2009-12-30,15.456088066101074,15.583833694458008,15.583833694458008,15.465716361999512,15.477977752685547,58565376
2009-12-31,15.387834548950195,15.5150146484375,15.650650978088379,15.5150146484375,15.634384155273438,48743208
2010-01-04,15.555865287780762,15.684433937072754,15.753503799438477,15.621622085571289,15.689438819885254,78169752
2010-01-05,15.487361907958984,15.615365028381348,15.711711883544922,15.554054260253906,15.695195198059082,120067812
2010-01-06,15.096944808959961,15.221721649169922,15.662161827087402,15.174174308776855,15.662161827087402,158988852
2010-01-07,14.745495796203613,14.867366790771484,15.265265464782715,14.83108139038086,15.250249862670898,256315428
2010-01-08,14.942070007324219,15.065566062927246,15.096345901489258,14.742491722106934,14.814814567565918,188783028
2010-01-11,14.91948413848877,15.042793273925781,15.126626968383789,14.865865707397461,15.126626968383789,288227484
2010-01-12,14.655648231506348,14.776777267456055,14.968969345092773,14.714715003967285,14.956206321716309,193937868
2010-01-13,14.57150936126709,14.69194221496582,14.724224090576172,14.361862182617188,14.426676750183105,259604136
2010-01-14,14.640012741088867,14.761011123657227,14.86987018585205,14.584835052490234,14.612112045288086,169434396
2010-01-15,14.395535469055176,14.514514923095703,14.853854179382324,14.46546459197998,14.848347663879395,217162620
2010-01-19,14.584663391113281,14.705204963684082,14.775275230407715,14.421671867370605,14.54454517364502,172495332
2010-01-20,14.40571117401123,14.524774551391602,14.664163589477539,14.396647453308105,14.664163589477539,129897972
2010-01-21,14.469499588012695,14.589089393615723,14.685185432434082,14.320570945739746,14.600601196289062,252055692
2010-01-22,13.6511869430542,13.76401424407959,14.279278755187988,13.38488483428955,14.126626968383789,271743984
2010-01-25,13.402739524841309,13.513513565063477,13.760761260986328,13.401150703430176,13.678427696228027,176619204
2010-01-26,13.46280574798584,13.574073791503906,13.753753662109375,13.420671463012695,13.462713241577148,174045780
2010-01-27,13.454859733581543,13.566065788269043,13.704955101013184,13.396145820617676,13.545294761657715,158417424
2010-01-28,13.261019706726074,13.370620727539062,13.688689231872559,13.278278350830078,13.625876426696777,129034836
2010-01-29,13.153050422668457,13.261761665344238,13.538288116455078,13.153403282165527,13.475726127624512,165454380
2010-02-01,13.229497909545898,13.338838577270508,13.408658981323242,13.270771026611328,13.378377914428711,89941968
2010-02-02,13.182340621948242,13.291291236877441,13.3873872756958,13.203453063964844,13.3873872756958,163684152
2010-02-03,13.423093795776367,13.53403377532959,13.566065788269043,13.218969345092773,13.22998046875,119844036
2010-02-04,13.074621200561523,13.182682991027832,13.463462829589844,13.152152061462402,13.438438415527344,134972892
2010-02-05,13.186559677124023,13.29554557800293,13.350851058959961,13.074575424194336,13.223222732543945,126113760
2010-02-08,13.240665435791016,13.350099563598633,13.56356430053711,13.301551818847656,13.325825691223145,107664228
2010-02-09,13.31438159942627,13.424424171447754,13.551801681518555,13.39013957977295,13.502001762390137,112671216
2010-02-10,13.26499080657959,13.374625205993652,13.458208084106445,13.20545482635498,13.36511516571045,106873020
2010-02-11,13.313386917114258,13.423422813415527,13.525775909423828,13.250750541687012,13.346345901489258,96303600
2010-02-12,13.231979370117188,13.341341018676758,13.442192077636719,13.275775909423828,13.3375883102417,91096812
2010-02-16,13.435006141662598,13.546046257019043,13.616867065429688,13.370870590209961,13.435185432434082,146029824
2010-02-17,13.358312606811523,13.468718528747559,13.598599433898926,13.453703880310059,13.56356430053711,81106812
2010-02-18,13.482661247253418,13.594094276428223,13.63888931274414,13.416916847229004,13.45195198059082,93382524
2010-02-19,13.42160415649414,13.532532691955566,13.614363670349121,13.506006240844727,13.526777267456055,102021876
2010-02-22,13.472235679626465,13.58358383178711,13.701201438903809,13.538538932800293,13.697446823120117,85698216
2010-02-23,13.280378341674805,13.39013957977295,13.604353904724121,13.320570945739746,13.58858871459961,114789096
2010-02-24,13.191025733947754,13.300049781799316,13.47447395324707,13.276025772094727,13.362862586975098,92970936
2010-02-25,13.065933227539062,13.173924446105957,13.225475311279297,13.013012886047363,13.191190719604492,132235632
2010-02-26,13.075118064880371,13.183182716369629,13.30705738067627,13.100099563598633,13.198698997497559,81890028
2010-03-01,13.221306800842285,13.330580711364746,13.345596313476562,13.206707000732422,13.243243217468262,89426484
2010-03-02,13.429048538208008,13.540040016174316,13.655155181884766,13.388639450073242,13.400400161743164,174097728
2010-03-03,13.534782409667969,13.646647453308105,13.716716766357422,13.494745254516602,13.572572708129883,123452424
2010-03-04,13.764863014221191,13.878628730773926,13.917166709899902,13.668668746948242,13.676176071166992,127224648
2010-03-05,14.003628730773926,14.119368553161621,14.20595645904541,14.01151180267334,14.047798156738281,156331512
2010-03-08,13.96069049835205,14.076075553894043,14.143644332885742,14.039289474487305,14.133633613586426,95360544
2010-03-09,13.903854370117188,14.018769264221191,14.130631446838379,13.92642593383789,14.010259628295898,126936936
2010-03-10,14.307426452636719,14.425676345825195,14.476977348327637,14.069318771362305,14.108107566833496,225969804
2010-03-11,14.42383098602295,14.54304313659668,14.669919967651367,14.369368553161621,14.370870590209961,169162668
2010-03-12,14.38411808013916,14.503003120422363,14.721721649169922,14.49349308013916,14.718217849731445,110025864
2010-03-15,13.978065490722656,14.09359359741211,14.250500679016113,13.91391372680664,14.181180953979492,185969844
2010-03-16,14.028200149536133,14.144144058227539,14.224724769592285,14.03303337097168,14.059809684753418,137122740
2010-03-17,14.03713607788086,14.153153419494629,14.300551414489746,14.120369911193848,14.221721649169922,132731136
2010-03-18,14.057985305786133,14.174174308776855,14.225225448608398,14.088088035583496,14.132131576538086,71016912
2010-03-19,13.899137496948242,14.01401424407959,14.214214324951172,13.945945739746094,14.01401424407959,191576232
2010-03-22,13.837088584899902,13.951451301574707,14.18543529510498,13.870870590209961,13.916666984558105,160031808
2010-03-23,13.626118659973145,13.738739013671875,13.971721649169922,13.56356430053711,13.939940452575684,219831948
2010-03-24,13.832866668701172,13.947196960449219,14.010259628295898,13.506006240844727,13.651400566101074,262345392
2010-03-25,13.970621109008789,14.08608627319336,14.314313888549805,13.980480194091797,13.98948860168457,157078764
2010-03-26,13.965903282165527,14.081331253051758,14.198948860168457,14.014514923095703,14.145895957946777,107740152
2010-03-29,13.959946632385254,14.075325012207031,14.132131576538086,14.028278350830078,14.089089393615723,124055820
2010-03-30,14.065678596496582,14.18193244934082,14.204955101013184,14.021020889282227,14.084835052490234,79036884
2010-03-31,14.075855255126953,14.192192077636719,14.257758140563965,14.084334373474121,14.140390396118164,121110768
2010-04-01,14.117552757263184,14.234233856201172,14.350601196289062,14.152902603149414,14.29804801940918,84023892
2010-04-05,14.172406196594238,14.28954029083252,14.386385917663574,14.239238739013672,14.286787033081055,75983940
2010-04-06,14.103157997131348,14.219719886779785,14.286537170410156,14.149148941040039,14.250750541687012,82321596
2010-04-07,13.987001419067383,14.1026029586792,14.232982635498047,14.060561180114746,14.196697235107422,103136760
2010-04-08,14.085038185119629,14.201451301574707,14.26051139831543,14.015265464782715,14.097097396850586,77822100
2010-04-09,14.05351734161377,14.169670104980469,14.23348331451416,14.114113807678223,14.201451301574707,82181736
2010-04-12,14.215095520019531,14.3325834274292,14.364363670349121,14.169670104980469,14.197948455810547,94001904
2010-04-13,14.563568115234375,14.683934211730957,14.736737251281738,14.292543411254883,14.327577590942383,156335508
2010-04-14,14.618915557861328,14.739740371704102,14.823323249816895,14.61486530303955,14.766265869140625,135971892
2010-04-15,14.775279998779297,14.8973970413208,14.96096134185791,14.721972465515137,14.819068908691406,270201528
2010-04-16,13.6546630859375,13.767518043518066,14.23448371887207,13.754505157470703,14.089089393615723,488930580
2010-04-19,13.653420448303223,13.766265869140625,13.863614082336426,13.638639450073242,13.732481956481934,155604240
2010-04-20,13.776031494140625,13.88988971710205,14.005505561828613,13.790289878845215,13.868118286132812,118976904
2010-04-21,13.75766372680664,13.871371269226074,14.020270347595215,13.817817687988281,13.925424575805664,95564340
2010-04-22,13.57796859741211,13.690190315246582,13.826326370239258,13.597347259521484,13.813814163208008,131096772
2010-04-23,13.526592254638672,13.638387680053711,13.746747016906738,13.570320129394531,13.694945335388184,83492424
2010-04-26,13.195244789123535,13.304304122924805,13.638387680053711,13.24349308013916,13.637887954711914,174577248
2010-04-27,13.131211280822754,13.239740371704102,13.471721649169922,13.193943977355957,13.236987113952637,153634212
2010-04-28,13.134438514709473,13.242993354797363,13.384134292602539,13.038788795471191,13.315815925598145,136107756
2010-04-29,13.204178810119629,13.313312530517578,13.425926208496094,13.179929733276367,13.3475980758667,122233644
2010-04-30,13.04781436920166,13.155655860900879,13.45545482635498,13.149148941040039,13.291542053222656,97318584
2010-05-03,13.169432640075684,13.278278350830078,13.336336135864258,13.14013957977295,13.175676345825195,74237688
2010-05-04,12.568047523498535,12.671921730041504,13.181681632995605,12.617868423461914,13.176176071166992,242808948
2010-05-05,12.65218734741211,12.756756782531738,12.905905723571777,12.524273872375488,12.537036895751953,183104712
2010-05-06,12.376934051513672,12.479228973388672,12.950950622558594,11.51151180267334,12.731480598449707,199803996
2010-05-07,12.239680290222168,12.340841293334961,12.645646095275879,12.045294761657715,12.511761665344238,203356440
2010-05-10,12.947295188903809,13.054304122924805,13.08358383178711,12.827828407287598,12.862112045288086,164954880
2010-05-11,12.634563446044922,12.738988876342773,13.010009765625,12.718217849731445,12.904655456542969,132771096
2010-05-12,12.543722152709961,12.6473970413208,12.813814163208008,12.562562942504883,12.813814163208008,153917928
2010-05-13,12.679986000061035,12.784785270690918,13.06306266784668,12.772022247314453,12.925424575805664,132898968
2010-05-14,12.596837997436523,12.700950622558594,12.787537574768066,12.418668746948242,12.757006645202637,164475360
2010-05-17,12.607759475708008,12.71196174621582,12.721721649169922,12.471220970153809,12.682182312011719,111640248
2010-05-18,12.369488716125488,12.471721649169922,12.787036895751953,12.439188957214355,12.762763023376465,112906980
2010-05-19,12.271697998046875,12.373123168945312,12.49849796295166,12.205705642700195,12.41891860961914,137690172
2010-05-20,11.78969669342041,11.887137413024902,12.151652336120605,11.856857299804688,12.13888931274414,196335468
2010-05-21,11.716228485107422,11.81306266784668,12.137137413024902,11.621622085571289,11.738238334655762,387244368
2010-05-24,11.843056678771973,11.940940856933594,12.257006645202637,11.93193244934082,12.030280113220215,173650176
2010-05-25,11.840825080871582,11.938689231872559,11.948198318481445,11.611862182617188,11.71546459197998,120575304
2010-05-26,11.801112174987793,11.898649215698242,12.256256103515625,11.886886596679688,12.063814163208008,138884976
2010-05-27,12.173163414001465,12.273774147033691,12.320070266723633,12.038288116455078,12.135886192321777,112251636
2010-05-28,12.053282737731934,12.152902603149414,12.348599433898926,12.08708667755127,12.330830574035645,115676208
2010-06-01,11.972370147705078,12.071320533752441,12.288788795471191,12.0150146484375,12.022772789001465,106565328
2010-06-02,12.245388984680176,12.346596717834473,12.359108924865723,12.048548698425293,12.179179191589355,101530368
2010-06-03,12.548935890197754,12.652652740478516,12.712713241577148,12.37987995147705,12.39013957977295,145881972
2010-06-04,12.378174781799316,12.480480194091797,12.743993759155273,12.429929733276367,12.505505561828613,156655188
2010-06-07,12.050553321838379,12.150150299072266,12.535284996032715,12.090841293334961,12.488988876342773,145162692
2010-06-08,12.032186508178711,12.131631851196289,12.233233451843262,11.95044994354248,12.208457946777344,107296596
2010-06-09,11.765125274658203,11.862361907958984,12.234233856201172,11.811812400817871,12.192692756652832,109050840
2010-06-10,12.087533950805664,12.187437057495117,12.224724769592285,11.90790843963623,12.021270751953125,103012884
2010-06-11,12.124515533447266,12.224724769592285,12.22998046875,12.052553176879883,12.074575424194336,71196732
2010-06-14,11.992722511291504,12.091841697692871,12.37487506866455,12.091841697692871,12.374374389648438,81534384
2010-06-15,12.360054016113281,12.462211608886719,12.522522926330566,12.066567420959473,12.089089393615723,170213616
2010-06-16,12.441466331481934,12.544294357299805,12.6126127243042,12.415164947509766,12.416666984558105,91480428
2010-06-17,12.411930084228516,12.514514923095703,12.659408569335938,12.429679870605469,12.598849296569824,79012908
2010-06-18,12.410688400268555,12.513262748718262,12.599349021911621,12.465716361999512,12.575325012207031,114801084
2010-06-21,12.12600326538086,12.226225852966309,12.536787033081055,12.134384155273438,12.510009765625,119220660
2010-06-22,12.068671226501465,12.168417930603027,12.427427291870117,12.155405044555664,12.259759902954102,88699212
2010-06-23,11.96442699432373,12.063312530517578,12.184433937072754,11.96596622467041,12.184433937072754,81082836
2010-06-24,11.7919282913208,11.889389038085938,12.080830574035645,11.843342781066895,12.003503799438477,75668256
2010-06-25,11.731865882873535,11.828828811645508,11.953203201293945,11.775775909423828,11.938438415527344,89718192
2010-06-28,11.716974258422852,11.813814163208008,11.950700759887695,11.736987113952637,11.826577186584473,70421508
2010-06-29,11.274682998657227,11.367868423461914,11.625374794006348,11.289289474487305,11.5975980758667,139943916
2010-06-30,11.043608665466309,11.13488483428955,11.457206726074219,11.129129409790039,11.385384559631348,143983872
2010-07-01,10.908092498779297,10.998248100280762,11.221220970153809,10.851601600646973,11.143392562866211,140403456
2010-07-02,10.835122108459473,10.924674987792969,11.06806755065918,10.910910606384277,11.051551818847656,77362560
2010-07-06,10.823208808898926,10.912663459777832,11.202953338623047,10.851601600646973,11.11111068725586,102301596
2010-07-07,11.173913955688477,11.266265869140625,11.293543815612793,10.895395278930664,10.968718528747559,125062812
2010-07-08,11.331768989562988,11.425424575805664,11.444695472717285,11.252753257751465,11.350099563598633,106649244
2010-07-09,11.603049278259277,11.698948860168457,11.843342781066895,11.58108139038086,11.810811042785645,173086740
2010-07-12,11.81004810333252,11.907657623291016,11.997998237609863,11.788788795471191,11.821070671081543,133242624
2010-07-13,12.141889572143555,12.242241859436035,12.33708667755127,12.01901912689209,12.068318367004395,158892948
2010-07-14,12.1950044631958,12.295796394348145,12.358107566833496,12.173673629760742,12.259259223937988,124595280
2010-07-15,12.261521339416504,12.362862586975098,12.37987995147705,12.079078674316406,12.305556297302246,194133672
2010-07-16,11.407468795776367,11.501751899719238,11.775775909423828,11.499499320983887,11.739740371704102,312679008
2010-07-19,11.570535659790039,11.666166305541992,11.753003120422363,11.449448585510254,11.536787033081055,181829988
2010-07-20,11.953009605407715,12.051801681518555,12.086836814880371,11.526527404785156,11.537286758422852,162017820
2010-07-21,11.851496696472168,11.949448585510254,12.154655456542969,11.897647857666016,12.112112045288086,131052816
2010-07-22,12.032931327819824,12.1323823928833,12.236737251281738,12.074073791503906,12.092843055725098,85822092
2010-07-23,12.16323471069336,12.263764381408691,12.277027130126953,12.012262344360352,12.031281471252441,90485424
2010-07-26,12.136181831359863,12.236486434936523,12.281030654907227,12.134134292602539,12.23948860168457,79728192
2010-07-27,12.227022171020508,12.328078269958496,12.449950218200684,12.26651668548584,12.276777267456055,97949952
2010-07-28,12.021512031555176,12.120870590209961,12.393644332885742,12.078828811645508,12.385886192321777,99740160
2010-07-29,12.037397384643555,12.136886596679688,12.234233856201172,11.995244979858398,12.160910606384277,106912980
2010-07-30,12.03392219543457,12.133382797241211,12.196195602416992,11.990489959716797,12.003252983093262,85678236
2010-08-02,12.17192268371582,12.272522926330566,12.344344139099121,12.185686111450195,12.236987113952637,74273652
2010-08-03,12.157525062561035,12.258008003234863,12.323823928833008,12.181180953979492,12.274774551391602,72019908
2010-08-04,12.566807746887207,12.670671463012695,12.687687873840332,12.288538932800293,12.316817283630371,152347500
2010-08-05,12.610983848571777,12.715214729309082,12.727727890014648,12.601601600646973,12.659910202026367,96719184
2010-08-06,12.415404319763184,12.518017768859863,12.656155586242676,12.413663864135742,12.647647857666016,132647220
2010-08-09,12.542731285095215,12.646395683288574,12.650150299072266,12.546546936035156,12.568819046020508,74813112
2010-08-10,12.502026557922363,12.605355262756348,12.662663459777832,12.476726531982422,12.571320533752441,82877040
2010-08-11,12.20493221282959,12.305806159973145,12.462462425231934,12.299799919128418,12.455705642700195,88831080
2010-08-12,12.211634635925293,12.312562942504883,12.381131172180176,12.074825286865234,12.110610961914062,88095816
2010-08-13,12.071155548095703,12.170921325683594,12.292041778564453,12.1624116897583,12.237236976623535,77310612
2010-08-16,12.052289962768555,12.151902198791504,12.25900936126709,12.024524688720703,12.104104042053223,52147800
2010-08-17,12.174652099609375,12.275275230407715,12.37987995147705,12.16291332244873,12.225475311279297,75552372
2010-08-18,11.966910362243652,12.065815925598145,12.28403377532959,12.050801277160645,12.273273468017578,107348544
2010-08-19,11.61496353149414,11.71096134185791,12.074825286865234,11.69294261932373,12.037286758422852,156843000
2010-08-20,11.46728515625,11.56206226348877,11.801551818847656,11.537036895751953,11.71096134185791,156547296
2010-08-23,11.518165588378906,11.613363265991211,11.717967987060547,11.454705238342285,11.549049377441406,119328552
2010-08-24,11.203447341918945,11.296046257019043,11.470721244812012,11.284283638000488,11.453953742980957,110397492
2010-08-25,11.283617973327637,11.376876831054688,11.456707000732422,11.261260986328125,11.261260986328125,103580316
2010-08-26,11.193273544311523,11.285785675048828,11.44294261932373,11.272272109985352,11.41291332244873,71008920
2010-08-27,11.388111114501953,11.482232093811035,11.511260986328125,11.202451705932617,11.325325012207031,92403504
2010-08-30,11.23571491241455,11.32857894897461,11.505505561828613,11.321822166442871,11.490240097045898,49206744
2010-08-31,11.16944694519043,11.261761665344238,11.383132934570312,11.211211204528809,11.26401424407959,77794128
2010-09-01,11.425339698791504,11.519769668579102,11.63513469696045,11.323823928833008,11.385886192321777,129002868
2010-09-02,11.496074676513672,11.59109115600586,11.622371673583984,11.519268989562988,11.5825834274292,67300632
2010-09-03,11.6727933883667,11.769268989562988,11.808809280395508,11.697697639465332,11.774774551391602,101514384
2010-09-07,11.526357650756836,11.621622085571289,11.701451301574707,11.58708667755127,11.624123573303223,68327604
2010-09-08,11.679742813110352,11.776275634765625,11.824323654174805,11.624374389648438,11.641390800476074,95975928
2010-09-09,11.818734169006348,11.91641616821289,12.022022247314453,11.776275634765625,11.957708358764648,97126776
2010-09-10,11.817741394042969,11.915414810180664,12.006756782531738,11.88888931274414,11.987486839294434,78893028
2010-09-13,11.969887733459473,12.068819046020508,12.120870590209961,12.000249862670898,12.03453540802002,89570340
2010-09-14,11.924219131469727,12.022772789001465,12.130881309509277,12.01401424407959,12.062312126159668,88571340
2010-09-15,11.929430961608887,12.028027534484863,12.059309005737305,11.97447395324707,12.010761260986328,96015888
2010-09-16,11.939855575561523,12.038538932800293,12.073323249816895,11.997246742248535,12.010761260986328,78701220
2010-09-17,12.165470123291016,12.266016006469727,12.292291641235352,12.041542053222656,12.105855941772461,225438336
2010-09-20,12.615452766418457,12.719719886779785,12.773022651672363,12.313814163208008,12.324825286865234,175963860
2010-09-21,12.744019508361816,12.849349021911621,13.012513160705566,12.735485076904297,12.754755020141602,178473348
2010-09-22,12.807064056396484,12.91291332244873,12.957456588745117,12.804804801940918,12.834334373474121,101382516
2010-09-23,12.744516372680664,12.849849700927734,13.005254745483398,12.795294761657715,12.878128051757812,92603304
2010-09-24,13.087279319763184,13.19544506072998,13.208958625793457,12.96946907043457,13.056556701660156,134141724
2010-09-27,13.164717674255371,13.273524284362793,13.434684753417969,13.23448371887207,13.23448371887207,124171704
2010-09-28,13.084299087524414,13.192441940307617,13.353102684020996,12.974224090576172,13.350350379943848,146041812
2010-09-29,13.097206115722656,13.20545482635498,13.336836814880371,13.130881309509277,13.20945930480957,86801112
2010-09-30,13.050050735473633,13.15790843963623,13.310059547424316,12.98598575592041,13.242241859436035,129634236
2010-10-01,13.045830726623535,13.153654098510742,13.278779029846191,13.088088035583496,13.263262748718262,88911000
2010-10-04,12.964669227600098,13.071822166442871,13.21946907043457,12.984233856201172,13.136886596679688,77542380
2010-10-05,13.358808517456055,13.469219207763672,13.513513565063477,13.176926612854004,13.222723007202148,140143716
2010-10-06,13.262507438659668,13.372121810913086,13.512262344360352,13.261761665344238,13.4949951171875,110381508
2010-10-07,13.154789924621582,13.263513565063477,13.443443298339844,13.241742134094238,13.418668746948242,95736168
2010-10-08,13.31214714050293,13.422171592712402,13.453453063964844,13.203703880310059,13.3325834274292,114253632
2010-10-11,13.373948097229004,13.48448371887207,13.628628730773926,13.442692756652832,13.475475311279297,104946948
2010-10-12,13.437239646911621,13.548297882080078,13.663413047790527,13.458208084106445,13.51651668548584,149993856
2010-10-13,13.484643936157227,13.59609603881836,13.700950622558594,13.571822166442871,13.688689231872559,122101776
2010-10-14,13.425822257995605,13.536787033081055,13.64489459991455,13.441190719604492,13.618118286132812,265098636
2010-10-15,14.927922248840332,15.051301002502441,15.056056022644043,14.804804801940918,14.996747016906738,592399008
2010-10-18,15.331493377685547,15.458208084106445,15.507758140563965,15.028779029846191,15.028779029846191,283644072
2010-10-19,15.086272239685059,15.21096134185791,15.385886192321777,15.086586952209473,15.236486434936523,183332484
2010-10-20,15.089995384216309,15.214715003967285,15.449950218200684,15.202703475952148,15.218718528747559,140862996
2010-10-21,15.18952465057373,15.315065383911133,15.415414810180664,15.165164947509766,15.30305290222168,116703180
2010-10-22,15.202925682067871,15.32857894897461,15.385886192321777,15.26651668548584,15.313312530517578,90153756
2010-10-25,15.301461219787598,15.42792797088623,15.634134292602539,15.389639854431152,15.405155181884766,126209664
2010-10-26,15.353582382202148,15.480480194091797,15.546296119689941,15.291041374206543,15.342843055725098,100415484
2010-10-27,15.3007173538208,15.427177429199219,15.51551628112793,15.32357406616211,15.409660339355469,89586324
2010-10-28,15.35308837890625,15.47998046875,15.54054069519043,15.347847938537598,15.516766548156738,87284628
2010-10-29,15.231965065002441,15.357857704162598,15.490489959716797,15.340089797973633,15.442192077636719,91040868
2010-11-01,15.264230728149414,15.390390396118164,15.532032012939453,15.29554557800293,15.408658981323242,123360516
2010-11-02,15.279122352600098,15.405405044555664,15.51551628112793,15.37987995147705,15.482232093811035,79824096
2010-11-03,15.39279842376709,15.52001953125,15.561310768127441,15.352852821350098,15.452953338623047,135084780
2010-11-04,15.494312286376953,15.622371673583984,15.763764381408691,15.56806755065918,15.631631851196289,142689168
2010-11-05,15.514416694641113,15.642642974853516,15.652902603149414,15.543292999267578,15.595094680786133,70557372
2010-11-08,15.55636215209961,15.684934616088867,15.753003120422363,15.593844413757324,15.61611557006836,83967948
2010-11-09,15.507964134216309,15.636136054992676,15.787036895751953,15.528278350830078,15.765766143798828,89398512
2010-11-10,15.459813117980957,15.5875883102417,15.590591430664062,15.453203201293945,15.567567825317383,99780120
2010-11-11,15.318589210510254,15.445195198059082,15.511761665344238,15.370620727539062,15.508008003234863,90373536
2010-11-12,14.973591804504395,15.097347259521484,15.43793773651123,15.045294761657715,15.36511516571045,135584280
2010-11-15,14.779499053955078,14.901652336120605,15.11511516571045,14.86611557006836,15.09209156036377,139016844
2010-11-16,14.487866401672363,14.6076078414917,14.962211608886719,14.600851058959961,14.833833694458008,132163704
2010-11-17,14.48364543914795,14.603352546691895,14.752251625061035,14.548798561096191,14.639639854431152,97602300
2010-11-18,14.80655288696289,14.928929328918457,15.014514923095703,14.728729248046875,14.739740371704102,103496400
2010-11-19,14.664336204528809,14.78553581237793,14.962211608886719,14.773273468017578,14.939940452575684,91808100
2010-11-22,14.6740140914917,14.795294761657715,14.850851058959961,14.583333015441895,14.701451301574707,87376536
2010-11-23,14.470244407653809,14.589839935302734,14.739990234375,14.46946907043457,14.689940452575684,86417496
2010-11-24,14.767088890075684,14.889139175415039,14.929929733276367,14.690940856933594,14.697446823120117,95760144
2010-11-26,14.643733978271484,14.764764785766602,14.839339256286621,14.689689636230469,14.776275634765625,52391556
2010-11-29,14.447904586791992,14.567317008972168,14.759759902954102,14.513262748718262,14.743993759155273,114273612
2010-11-30,13.792661666870117,13.906657218933105,14.372371673583984,13.846596717834473,14.372371673583984,284411304
2010-12-01,14.00710391998291,14.122873306274414,14.303553581237793,14.074073791503906,14.089089393615723,150013836
2010-12-02,14.192509651184082,14.309809684753418,14.3475980758667,14.147897720336914,14.230731010437012,101814084
2010-12-03,14.221796035766602,14.339339256286621,14.42642593383789,14.214214324951172,14.250500679016113,105142752
2010-12-06,14.354828834533691,14.473472595214844,14.56456470489502,14.429679870605469,14.528779029846191,83668248
2010-12-07,14.572749137878418,14.693193435668945,14.839839935302734,14.664665222167969,14.796546936035156,121566312
2010-12-08,14.657137870788574,14.778278350830078,14.827828407287598,14.606857299804688,14.814064025878906,70205724
2010-12-09,14.680963516235352,14.802302360534668,14.904403686523438,14.739740371704102,14.861862182617188,74681244
2010-12-10,14.698586463928223,14.820070266723633,14.864615440368652,14.772022247314453,14.843342781066895,68119812
2010-12-13,14.758401870727539,14.880379676818848,15.090089797973633,14.867116928100586,14.94294261932373,95844060
2010-12-14,14.76560115814209,14.887638092041016,14.972222328186035,14.826827049255371,14.942192077636719,65666268
2010-12-15,14.651180267333984,14.772272109985352,14.926176071166992,14.74349308013916,14.86987018585205,86621292
2010-12-16,14.686176300048828,14.807558059692383,14.859108924865723,14.716465950012207,14.83608627319336,63812124
2010-12-17,14.663591384887695,14.784785270690918,14.828828811645508,14.706456184387207,14.789790153503418,123360516
2010-12-20,14.76932144165039,14.891390800476074,14.96196174621582,14.731230735778809,14.881131172180176,78853068
2010-12-21,14.96812915802002,15.091841697692871,15.133132934570312,14.955204963684082,14.979228973388672,75104820
2010-12-22,15.028194427490234,15.1524019241333,15.190190315246582,15.097097396850586,15.11511516571045,48251700
2010-12-23,14.996922492980957,15.120870590209961,15.165164947509766,15.065815925598145,15.148649215698242,44387568
2010-12-27,14.951005935668945,15.074575424194336,15.109609603881836,15.002503395080566,15.08358383178711,48275676
2010-12-28,14.865128517150879,14.987988471984863,15.111862182617188,14.965214729309082,15.066315650939941,42549408
2010-12-29,14.916751861572266,15.040040016174316,15.075325012207031,14.987988471984863,15.065065383911133,40727232
2010-12-30,14.863637924194336,14.986486434936523,15.048297882080078,14.949700355529785,14.964964866638184,39540420
2010-12-31,14.742268562316895,14.864113807678223,14.975475311279297,14.815566062927246,14.933432579040527,61510428
