date,adjclose,close,high,low,open,volume
2015-01-02,26.27894401550293,26.477500915527344,26.790000915527344,26.393999099731445,26.6299991607666,26480000
2015-01-05,25.778226852416992,25.972999572753903,26.39949989318848,25.887500762939453,26.357500076293945,41182000
2015-01-06,25.14203453063965,25.332000732421875,26.06049919128418,25.27750015258789,26.02499961853028,54456000
2015-01-07,25.068092346191406,25.25749969482422,25.574499130249023,25.1825008392334,25.54750061035156,46918000
2015-01-08,25.15543556213379,25.34550094604492,25.375,24.7509994506836,25.07550048828125,73054000
2015-01-09,24.84825134277344,25.035999298095703,25.43000030517578,24.9325008392334,25.40900039672852,42000000
2015-01-12,24.666627883911133,24.85300064086914,25.013999938964844,24.545499801635746,24.96199989318848,57138000
2015-01-13,24.90184783935547,25.09000015258789,25.43000030517578,24.863000869750977,25.12849998474121,60958000
2015-01-14,25.106800079345703,25.296499252319336,25.413000106811523,24.90800094604492,25.020999908447266,52800000
2015-01-15,25.011518478393555,25.20050048828125,25.487499237060547,25.100500106811523,25.444499969482425,51068000
2015-01-16,25.331602096557617,25.52300071716309,25.542499542236328,25.15449905395508,25.15749931335449,49658000
2015-01-20,25.305797576904297,25.496999740600582,25.780500411987305,25.4685001373291,25.638500213623047,46796000
2015-01-21,25.82437896728516,26.019500732421875,26.092500686645508,25.47949981689453,25.54199981689453,46356000
2015-01-22,26.663537979125977,26.864999771118164,26.941999435424805,26.09550094604492,26.14999961853028,56068000
2015-01-23,26.89429473876953,27.09749984741211,27.27050018310547,26.787500381469727,26.901500701904297,45966000
2015-01-26,26.63475799560547,26.836000442504883,27.075000762939453,26.603500366210938,27.075000762939453,30932000
2015-01-27,25.86407852172852,26.059499740600582,26.638999938964844,26.042999267578125,26.56999969482422,39148000
2015-01-28,25.429363250732425,25.62150001525879,26.284500122070312,25.61750030517578,26.25,35822000
2015-01-29,25.46906280517578,25.661500930786133,25.75950050354004,25.17399978637696,25.645000457763672,79018000
2015-01-30,26.675945281982425,26.877500534057617,27.155000686645508,25.90900039672852,25.950000762939453,121108000
2015-02-02,26.41045188903809,26.61000061035156,26.825000762939453,26.086000442504883,26.715999603271484,75378000
2015-02-03,26.465038299560547,26.665000915527344,26.872499465942383,26.340499877929688,26.496999740600582,47062000
2015-02-04,26.10773658752441,26.30500030517578,26.83749961853028,26.25149917602539,26.65699958801269,33896000
2015-02-05,26.29283905029297,26.491500854492188,26.534500122070312,26.28199958801269,26.396499633789062,33176000
2015-02-06,26.493820190429688,26.694000244140625,27.01099967956543,26.4325008392334,26.550500869750977,42938000
2015-02-09,26.265544891357425,26.464000701904297,26.694000244140625,26.377500534057617,26.55299949645996,30314000
2015-02-10,26.80546760559082,27.007999420166016,27.049999237060547,26.458499908447266,26.607500076293945,47430000
2015-02-11,26.69827461242676,26.89999961853028,27.09749984741211,26.799999237060547,26.98649978637696,38306000
2015-02-12,27.09577178955078,27.300500869750977,27.41699981689453,26.850000381469727,26.982999801635746,48590000
2015-02-13,27.3513412475586,27.558000564575195,27.62700080871582,27.32999992370605,27.3754997253418,47382000
2015-02-17,27.046146392822266,27.2504997253418,27.64999961853028,27.163000106811523,27.558000564575195,39174000
2015-02-18,26.929031372070312,27.13249969482422,27.377500534057617,26.977500915527344,27.19099998474121,31164000
2015-02-19,27.11760711669922,27.32250022888184,27.343000411987305,27.037500381469727,27.12350082397461,30834000
2015-02-20,26.886852264404297,27.09000015258789,27.378999710083008,26.905000686645508,27.378999710083008,38234000
2015-02-23,26.54939842224121,26.75,26.96500015258789,26.600000381469727,26.950000762939453,32906000
2015-02-24,26.730531692504883,26.9325008392334,26.96999931335449,26.549999237060547,26.57749938964844,28406000
2015-02-25,27.161277770996094,27.366500854492188,27.478500366210938,26.90049934387207,26.92200088500977,40836000
2015-02-26,27.75479316711425,27.964500427246094,28.006500244140625,27.254499435424805,27.28700065612793,54032000
2015-02-27,27.92053985595703,28.131500244140625,28.47100067138672,27.85149955749512,27.90749931335449,68328000
2015-03-02,28.5353946685791,28.7509994506836,28.79949951171875,28.15749931335449,28.350000381469727,50406000
2015-03-03,28.72248077392578,28.93950080871582,29.042499542236328,28.52499961853028,28.8174991607666,50526000
2015-03-04,28.69965362548828,28.91650009155273,29.081499099731445,28.6259994506836,28.848499298095703,37964000
2015-03-05,28.85348892211914,29.07150077819824,29.15999984741211,28.911500930786133,28.981000900268555,35918000
2015-03-06,28.4301872253418,28.645000457763672,29.138999938964844,28.60300064086914,29.100000381469727,37592000
2015-03-09,28.4897403717041,28.70499992370605,28.772499084472656,28.45249938964844,28.54599952697754,23478000
2015-03-10,27.782583236694336,27.99250030517578,28.488000869750977,27.99099922180176,28.42399978637696,40080000
2015-03-11,27.576143264770508,27.784500122070312,28.208999633789062,27.77050018310547,27.989999771118164,40524000
2015-03-12,27.84808921813965,28.058500289916992,28.09199905395508,27.776500701904297,27.92399978637696,35602000
2015-03-13,27.44265365600586,27.64999961853028,28.218000411987305,27.51650047302246,27.96150016784668,35428000
2015-03-16,27.871414184570312,28.082000732421875,28.1875,27.56599998474121,27.84650039672852,36856000
2015-03-17,27.671424865722656,27.88050079345703,28.03199958801269,27.72050094604492,27.91449928283692,28892000
2015-03-18,28.09571647644043,28.308000564575195,28.32550048828125,27.674999237060547,27.886499404907227,35324000
2015-03-19,27.972150802612305,28.183500289916992,28.347999572753903,28.106000900268555,28.22599983215332,24660000
2015-03-20,28.0356674194336,28.247499465942383,28.354999542236328,28.224000930786133,28.33550071716309,44320000
2015-03-23,28.0565128326416,28.26849937438965,28.48200035095215,28.152999877929688,28.299999237060547,30234000
2015-03-24,28.66045188903809,28.87700080871582,29.0939998626709,28.40449905395508,28.427000045776367,79156000
2015-03-25,28.13739967346192,28.350000381469727,29.00349998474121,28.350000381469727,28.87849998474121,53070000
2015-03-26,27.97066116333008,28.18199920654297,28.35950088500977,27.91550064086914,28.232500076293945,49842000
2015-03-27,27.66844367980957,27.877500534057617,28.203500747680664,27.84650039672852,28.09149932861328,34552000
2015-03-30,27.84659767150879,28.05699920654297,28.107999801635746,27.839500427246094,28.012500762939453,24788000
2015-03-31,27.52701759338379,27.73500061035156,28.122499465942383,27.73349952697754,27.89699935913086,34932000
2015-04-01,27.26846694946289,27.47450065612793,27.924999237060547,27.30150032043457,27.741500854492188,38902000
2015-04-02,26.862533569335938,27.06550025939941,27.39999961853028,27.02199935913086,27.370500564575195,47760000
2015-04-06,26.99354362487793,27.19750022888184,27.277000427246094,26.78499984741211,26.941999435424805,33718000
2015-04-07,27.03870391845703,27.24300003051757,27.507999420166016,27.179500579833984,27.249500274658203,27318000
2015-04-08,27.236207962036133,27.441999435424805,27.575000762939453,27.299999237060547,27.299999237060547,28386000
2015-04-09,27.19551658630371,27.400999069213867,27.4685001373291,27.09749984741211,27.46050071716309,32366000
2015-04-10,27.221323013305664,27.427000045776367,27.49250030517578,27.249000549316406,27.478500366210938,26104000
2015-04-13,27.226282119750977,27.43199920654297,27.66349983215332,27.315000534057617,27.352500915527344,29326000
2015-04-14,26.78660774230957,26.98900032043457,27.328500747680664,26.78700065612793,27.328500747680664,47206000
2015-04-15,26.84913444519043,27.052000045776367,27.159500122070312,26.61849975585937,26.89800071716309,46962000
2015-04-16,26.972204208374023,27.176000595092773,27.261499404907227,26.905000686645508,26.917499542236328,31722000
2015-04-17,26.43724822998047,26.636999130249023,26.989999771118164,26.450000762939453,26.86549949645996,49234000
2015-04-20,27.022327423095703,27.22649955749512,27.290000915527344,26.667499542236328,26.6875,38508000
2015-04-21,26.942428588867188,27.145999908447266,27.388500213623047,27.11050033569336,27.31550025939941,29128000
2015-04-22,27.25308418273925,27.458999633789062,27.549999237060547,27.06599998474121,27.152999877929688,31806000
2015-04-23,27.663976669311523,27.87299919128418,28.058500289916992,27.503999710083008,27.52050018310547,78184000
2015-04-24,28.467905044555664,28.683000564575195,29.23500061035156,28.417499542236328,29.002500534057617,92168000
2015-04-27,28.093730926513672,28.30599975585937,28.775999069213867,28.114999771118164,28.638500213623047,48062000
2015-04-28,28.00688743591309,28.2185001373291,28.39150047302246,28.04800033569336,28.215999603271484,37178000
2015-04-29,27.859004974365234,28.069499969482425,28.29199981689453,27.950000762939453,28.02549934387207,33622000
2015-04-30,27.232738494873047,27.4384994506836,28.05550003051757,27.336000442504883,27.92799949645996,47240000
2015-05-01,27.3513412475586,27.558000564575195,27.56100082397461,27.1924991607666,27.52549934387207,36572000
2015-05-04,27.434709548950195,27.64200019836425,27.83449935913086,27.36949920654297,27.54949951171875,35260000
2015-05-05,26.94838523864746,27.152000427246094,27.63050079345703,27.11849975585937,27.507999420166016,28528000
2015-05-06,26.553369522094727,26.753999710083008,27.19650077819824,26.61199951171875,27.131999969482425,39034000
2015-05-07,26.89876174926757,27.10199928283692,27.26000022888184,26.67250061035156,26.795000076293945,31844000
2015-05-08,27.241670608520508,27.44750022888184,27.63999938964844,27.401500701904297,27.443500518798828,28226000
2015-05-11,27.0843563079834,27.28899955749512,27.668500900268555,27.280000686645508,27.42449951171875,21858000
2015-05-12,26.73450469970703,26.936500549316406,27.14800071716309,26.75,27.140499114990234,35282000
2015-05-13,26.77221870422364,26.97450065612793,27.191999435424805,26.948999404907227,27.023500442504883,24238000
2015-05-14,27.254074096679688,27.459999084472656,27.48450088500977,27.125,27.19849967956543,31736000
2015-05-15,27.119592666625977,27.324499130249023,27.530000686645508,27.125,27.519500732421875,33440000
2015-05-18,27.12852478027344,27.333499908447266,27.41699981689453,27.112499237060547,27.19099998474121,26706000
2015-05-19,27.258045196533203,27.464000701904297,27.670000076293945,27.356000900268555,27.39999961853028,47126000
2015-05-20,27.418333053588867,27.6254997253418,27.80349922180176,27.2549991607666,27.54599952697754,30840000
2015-05-21,27.631723403930664,27.840499877929688,27.88050079345703,27.46500015258789,27.51000022888184,34170000
2015-05-22,27.51807975769043,27.72599983215332,27.91200065612793,27.68099975585937,27.722999572753903,24266000
2015-05-26,27.15433120727539,27.35950088500977,27.66650009155273,27.148500442504883,27.628999710083008,37474000
2015-05-27,27.50467872619629,27.71249961853028,27.76449966430664,27.32900047302246,27.43400001525879,34844000
2015-05-28,27.50120735168457,27.708999633789062,27.788000106811523,27.540000915527344,27.68950080871582,23544000
2015-05-29,27.0615291595459,27.266000747680664,27.69700050354004,27.25200080871582,27.65999984741211,43446000
2015-06-01,27.25457191467285,27.46050071716309,27.528499603271484,27.179000854492188,27.436500549316406,33210000
2015-06-02,27.489795684814453,27.69750022888184,27.93950080871582,27.32749938964844,27.37150001525879,31842000
2015-06-03,27.556291580200195,27.76449966430664,27.89949989318848,27.607500076293945,27.7549991607666,26710000
2015-06-04,27.377641677856445,27.58449935913086,27.79800033569336,27.45599937438965,27.608999252319336,26866000
2015-06-05,27.27045440673828,27.47649955749512,27.66650009155273,27.36899948120117,27.600000381469727,24396000
2015-06-08,26.970218658447266,27.17399978637696,27.49349975585937,27.147499084472656,27.480499267578125,27336000
2015-06-09,26.904714584350582,27.107999801635746,27.242000579833984,26.9424991607666,27.17099952697754,30016000
2015-06-10,27.422801971435547,27.6299991607666,27.73900032043457,27.25550079345703,27.28499984741211,30316000
2015-06-11,27.29576110839844,27.50200080871582,27.741500854492188,27.458499908447266,27.72450065612793,25872000
2015-06-12,27.168228149414062,27.37350082397461,27.4424991607666,27.2814998626709,27.357500076293945,25468000
2015-06-15,26.946401596069336,27.14999961853028,27.20249938964844,26.96050071716309,27.136499404907227,27150000
2015-06-16,27.03919982910156,27.24349975585937,27.33449935913086,27.078500747680664,27.224000930786133,32526000
2015-06-17,27.12505149841309,27.32999992370605,27.417999267578125,27.090499877929688,27.270999908447266,24440000
2015-06-18,27.600460052490234,27.80900001525879,27.862499237060547,27.39999961853028,27.39999961853028,41192000
2015-06-19,27.666954040527344,27.8759994506836,27.89550018310547,27.613000869750977,27.826000213623047,59290000
2015-06-22,27.774145126342773,27.983999252319336,28.280500411987305,27.945499420166016,27.97050094604492,34752000
2015-06-23,27.958255767822266,28.16950035095215,28.2450008392334,27.857500076293945,27.989500045776367,31396000
2015-06-24,27.71906089782715,27.92849922180176,28.131999969482425,27.840499877929688,28.124000549316406,28924000
2015-06-25,27.68829345703125,27.897499084472656,28.15699958801269,27.87299919128418,28.01499938964844,26684000
2015-06-26,27.445629119873047,27.652999877929688,28.0,27.592500686645508,27.98550033569336,43676000
2015-06-29,26.85955619812012,27.0625,27.545000076293945,27.011999130249023,27.33749961853028,37756000
2015-06-30,26.79950904846192,27.00200080871582,27.295000076293945,26.97699928283692,27.254499435424805,34510000
2015-07-01,26.96129035949707,27.165000915527344,27.29050064086914,26.988000869750977,27.183000564575195,30760000
2015-07-02,27.161771774291992,27.367000579833984,27.39999961853028,27.17849922180176,27.23699951171875,28124000
2015-07-06,27.07641792297364,27.2810001373291,27.429000854492188,27.104999542236328,27.112499237060547,25614000
2015-07-07,27.295265197753903,27.50149917602539,27.549999237060547,26.99250030517578,27.37150001525879,33578000
2015-07-08,26.88188934326172,27.084999084472656,27.41399955749512,27.059999465942383,27.280000686645508,27662000
2015-07-09,27.02828025817871,27.232500076293945,27.444000244140625,27.231000900268555,27.4325008392334,29766000
2015-07-10,27.59698486328125,27.80550003051757,27.964500427246094,27.600000381469727,27.68549919128418,43436000
2015-07-13,28.372127532958984,28.58650016784668,28.64249992370605,27.934999465942383,27.975500106811523,41792000
2015-07-14,28.989959716796875,29.208999633789062,29.48550033569336,28.708499908447266,28.725000381469727,74832000
2015-07-15,28.979042053222656,29.19799995422364,29.434499740600582,29.01049995422364,29.187000274658203,41466000
2015-07-16,29.863359451293945,30.089000701904297,30.225000381469727,29.395999908447266,29.475000381469727,112642000
2015-07-17,34.71866989135742,34.98099899291992,35.150001525878906,33.900001525878906,34.0,257162000
2015-07-20,34.3822135925293,34.641998291015625,34.88999938964844,34.0885009765625,34.44900131225586,102436000
2015-07-21,34.50677490234375,34.76750183105469,35.279998779296875,34.20750045776367,34.24399948120117,75604000
2015-07-22,34.49436950683594,34.755001068115234,35.666500091552734,34.58100128173828,34.70100021362305,83100000
2015-07-23,33.48351287841797,33.73649978637695,34.80350112915039,33.579498291015625,34.592498779296875,76232000
2015-07-24,32.49298858642578,32.73849868774414,33.88949966430664,32.65900039672852,33.8385009765625,82622000
2015-07-27,32.66667938232422,32.91350173950195,33.35350036621094,32.57749938964844,32.57849884033203,58382000
2015-07-28,32.73565673828125,32.983001708984375,33.20500183105469,32.670501708984375,33.0880012512207,34364000
2015-07-29,32.8234977722168,33.07149887084961,33.166500091552734,32.641998291015625,33.112998962402344,36756000
2015-07-30,32.97882843017578,33.22800064086914,33.40250015258789,32.58449935913086,32.87200164794922,39606000
2015-07-31,32.62846755981445,32.875,33.25,32.86000061035156,33.23500061035156,34922000
2015-08-03,32.986759185791016,33.23600006103516,33.333499908447266,32.882999420166016,32.882999420166016,31348000
2015-08-04,32.8160514831543,33.06399917602539,33.400001525878906,33.0255012512207,33.21699905395508,26188000
2015-08-05,33.412052154541016,33.66450119018555,33.99549865722656,33.27899932861328,33.287498474121094,36448000
2015-08-06,33.2562255859375,33.50749969482422,33.73749923706055,33.0364990234375,33.699501037597656,40660000
2015-08-07,32.97038269042969,33.21950149536133,33.439998626708984,32.94350051879883,33.388999938964844,27544000
2015-08-10,32.90835189819336,33.15700149536133,33.58100128173828,33.01150131225586,33.35449981689453,34458000
2015-08-11,34.25616836547852,34.51499938964844,35.20000076293945,34.215999603271484,34.979000091552734,109880000
2015-08-12,34.31422805786133,34.57350158691406,34.79999923706055,34.0255012512207,34.7244987487793,58498000
2015-08-13,34.068092346191406,34.32550048828125,34.701499938964844,34.10900115966797,34.459999084472656,36354000
2015-08-14,34.210018157958984,34.46849822998047,34.612998962402344,34.14500045776367,34.20199966430664,27598000
2015-08-17,34.44524383544922,34.705501556396484,34.73699951171875,34.15299987792969,34.402000427246094,24680000
2015-08-18,34.17825698852539,34.436500549316406,34.78799819946289,34.26599884033203,34.55350112915039,27710000
2015-08-19,34.441768646240234,34.70199966430664,35.0099983215332,34.34000015258789,34.50550079345703,50194000
2015-08-20,33.7192268371582,33.9739990234375,34.80799865722656,33.763999938964844,34.45500183105469,57798000
2015-08-21,31.960023880004883,32.201499938964844,33.644500732421875,32.154998779296875,33.551998138427734,91880000
2015-08-24,30.67373847961425,30.905500411987305,31.38400077819824,29.65449905395508,30.030000686645508,129788000
2015-08-25,30.393857955932617,30.62350082397461,32.349998474121094,30.583499908447266,32.32350158691406,71430000
2015-08-26,32.739627838134766,32.98699951171875,33.124000549316406,31.51849937438965,32.154998779296875,87740000
2015-08-27,33.14754867553711,33.39799880981445,33.69900131225586,32.55500030517578,33.5994987487793,58974000
2015-08-28,32.73715591430664,32.984500885009766,33.349998474121094,32.6875,33.28799819946289,38836000
2015-08-31,32.14809799194336,32.39099884033203,33.22050094604492,32.317501068115234,32.71699905395508,38936000
2015-09-01,31.241947174072266,31.47800064086914,32.22200012207031,31.25300025939941,31.69050025939941,51458000
2015-09-02,32.00368118286133,32.24549865722656,32.25299835205078,31.53199958801269,31.89999961853028,37630000
2015-09-03,31.61363983154297,31.852500915527344,32.5625,31.69050025939941,32.39649963378906,34572000
2015-09-04,31.2121696472168,31.44799995422364,31.725000381469727,31.325000762939453,31.48500061035156,40478000
2015-09-08,31.95257568359375,32.194000244140625,32.25199890136719,31.645000457763672,32.04999923706055,39092000
2015-09-09,31.92925453186035,32.170501708984375,32.86800003051758,32.04499816894531,32.59400177001953,40978000
2015-09-10,32.30987548828125,32.55400085449219,32.744998931884766,32.084999084472656,32.19499969482422,27850000
2015-09-11,32.5192985534668,32.76499938964844,32.765499114990234,32.37049865722656,32.510501861572266,34892000
2015-09-14,32.37885665893555,32.62350082397461,32.79600143432617,32.474998474121094,32.78150177001953,29942000
2015-09-15,33.00413513183594,33.253501892089844,33.442501068115234,32.66699981689453,32.83549880981445,35546000
2015-09-16,33.026458740234375,33.2760009765625,33.403499603271484,33.11000061035156,33.27750015258789,26252000
2015-09-17,33.331661224365234,33.583499908447266,34.0994987487793,33.25,33.3745002746582,47752000
2015-09-18,32.798179626464844,33.04600143432617,33.492000579833984,33.00149917602539,33.25299835205078,72544000
2015-09-21,33.09891128540039,33.3489990234375,33.45000076293945,32.900001525878906,33.2755012512207,39094000
2015-09-22,32.41508102416992,32.65999984741211,32.941001892089844,32.25149917602539,32.87350082397461,54362000
2015-09-23,32.4195442199707,32.66450119018555,33.013999938964844,32.5364990234375,32.64500045776367,29160000
2015-09-24,32.499935150146484,32.74549865722656,32.8385009765625,32.10850143432617,32.44850158691406,38692000
2015-09-25,31.767475128173828,32.00749969482422,32.92900085449219,31.982999801635746,32.92900085449219,48480000
2015-09-28,30.97843170166016,31.21249961853028,32.14250183105469,30.89200019836425,31.95249938964844,47646000
2015-09-29,30.89705276489257,31.13050079345703,31.733999252319336,30.901500701904297,31.27499961853028,42130000
2015-09-30,31.679141998291016,31.918500900268555,31.965499877929688,31.457500457763672,31.59149932861328,52954000
2015-10-01,31.859277725219727,32.099998474121094,32.19200134277344,31.55599975585937,31.89699935913086,42506000
2015-10-02,32.603153228759766,32.8494987487793,32.849998474121094,31.674999237060547,31.90049934387207,48788000
2015-10-05,33.33214569091797,33.58399963378906,33.6515007019043,32.79349899291992,33.08000183105469,37960000
2015-10-06,33.330169677734375,33.582000732421875,33.939998626708984,33.15399932861328,33.467498779296875,42774000
2015-10-07,33.248779296875,33.5,33.9370002746582,32.90549850463867,33.869998931884766,44354000
2015-10-08,33.09989929199219,33.349998474121094,33.59450149536133,32.7244987487793,33.47249984741211,39308000
2015-10-09,33.31031799316406,33.5620002746582,33.704498291015625,33.11800003051758,33.3745002746582,32124000
2015-10-12,33.567867279052734,33.82149887084961,33.89899826049805,33.36199951171875,33.45949935913086,26684000
2015-10-13,33.902347564697266,34.15850067138672,34.42300033569336,33.65549850463867,33.7130012512207,42446000
2015-10-14,33.765377044677734,34.02050018310547,34.50199890136719,33.94499969482422,34.186500549316406,31292000
2015-10-15,34.39114761352539,34.6510009765625,34.70800018310547,34.21950149536133,34.26250076293945,47156000
2015-10-16,34.50528717041016,34.76599884033203,34.81100082397461,34.45500183105469,34.77000045776367,36316000
2015-10-19,34.73505401611328,34.997501373291016,35.012001037597656,34.61050033569336,34.70000076293945,30172000
2015-10-20,33.74503326416016,34.0,34.900001525878906,33.68399810791016,34.894500732421875,52434000
2015-10-21,33.338104248046875,33.59000015258789,34.244998931884766,33.53499984741211,34.160499572753906,31952000
2015-10-22,33.801605224609375,34.05699920654297,34.40250015258789,33.584999084472656,33.77199935913086,88632000
2015-10-23,35.6967887878418,35.96649932861328,37.625,35.89699935913086,37.50299835205078,126726000
2015-10-26,36.281864166259766,36.555999755859375,36.747501373291016,36.000999450683594,36.000999450683594,48776000
2015-10-27,36.3662223815918,36.64099884033203,36.79800033569336,36.20700073242188,36.32849884033203,38778000
2015-10-28,36.5696907043457,36.84600067138672,36.868499755859375,36.36349868774414,36.650001525878906,39604000
2015-10-29,36.96321487426758,37.24250030517578,37.339500427246094,36.757999420166016,36.83150100708008,36520000
2015-10-30,36.593017578125,36.86949920654297,37.31549835205078,36.82649993896485,37.27799987792969,39984000
2015-11-02,37.106632232666016,37.387001037597656,37.40900039672852,36.5724983215332,36.72650146484375,39914000
2015-11-03,37.16022872924805,37.44100189208984,37.584999084472656,37.05799865722656,37.27149963378906,36306000
2015-11-04,37.48229598999024,37.76549911499024,37.994998931884766,37.459999084472656,37.494998931884766,41840000
2015-11-05,37.74828338623047,38.03350067138672,38.317501068115234,37.87350082397461,37.94049835205078,45486000
2015-11-06,37.79443740844727,38.08000183105469,38.1510009765625,37.75149917602539,37.96950149536133,33544000
2015-11-09,37.45549774169922,37.73849868774414,38.165000915527344,37.45550155639648,37.92599868774414,35538000
2015-11-10,37.628684997558594,37.91299819946289,38.02999877929688,37.420501708984375,37.67399978637695,29798000
2015-11-11,37.975563049316406,38.26250076293945,38.45399856567383,37.98749923706055,38.11899948120117,41866000
2015-11-12,37.54283142089844,37.82649993896485,38.290000915527344,37.792999267578125,38.00899887084961,35452000
2015-11-13,36.72601318359375,37.00350189208984,37.76649856567383,36.9734992980957,37.70199966430664,48188000
2015-11-16,37.239627838134766,37.52099990844727,37.58549880981445,36.71649932861328,37.010501861572266,50704000
2015-11-17,37.019290924072266,37.29899978637695,37.747501373291016,37.20249938964844,37.62350082397461,38864000
2015-11-18,37.71553039550781,38.0004997253418,38.05500030517578,37.36949920654297,37.47850036621094,36266000
2015-11-19,37.71205520629883,37.99700164794922,38.1614990234375,37.86149978637695,37.98899841308594,28078000
2015-11-20,38.55865859985352,38.84999847412109,38.96599960327149,38.20500183105469,38.46500015258789,55478000
2015-11-23,38.54377746582031,38.834999084472656,39.14500045776367,38.67549896240234,38.87350082397461,34648000
2015-11-24,38.19292831420898,38.48149871826172,38.79949951171875,37.90549850463867,38.64799880981445,47880000
2015-11-25,38.174560546875,38.4630012512207,38.650001525878906,38.32649993896485,38.58449935913086,23612000
2015-11-27,38.30904769897461,38.5984992980957,38.70000076293945,38.34999847412109,38.45800018310547,14434000
2015-11-30,37.8564682006836,38.14250183105469,38.75149917602539,38.055999755859375,38.59349822998047,33586000
2015-12-01,38.89561462402344,39.18949890136719,39.25,38.29750061035156,38.34700012207031,40398000
2015-12-02,38.60083770751953,38.89250183105469,39.65250015258789,38.82149887084961,39.26250076293945,46876000
2015-12-03,38.1219596862793,38.40999984741211,39.2239990234375,38.122501373291016,39.02799987792969,41950000
2015-12-04,38.66833114624024,38.96049880981445,39.12099838256836,38.2755012512207,38.48550033569336,49800000
2015-12-07,38.35966110229492,38.64950180053711,39.04999923706055,38.33599853515625,39.00299835205078,36626000
2015-12-08,38.46635818481445,38.75699996948242,38.932498931884766,38.1259994506836,38.22499847412109,31082000
2015-12-09,37.84157943725586,38.12749862670898,38.804500579833984,37.60049819946289,38.55500030517578,46550000
2015-12-10,37.71702194213867,38.00199890136719,38.30350112915039,37.75,38.179500579833984,32458000
2015-12-11,37.239627838134766,37.52099990844727,37.87200164794922,37.432498931884766,37.45000076293945,43184000
2015-12-14,37.84107971191406,38.12699890136719,38.20750045776367,36.8129997253418,37.5629997253418,53864000
2015-12-15,37.719505310058594,38.00450134277344,38.73749923706055,37.900001525878906,38.38949966430664,49386000
2015-12-16,38.53831100463867,38.829498291015625,39.07500076293945,37.852500915527344,38.32849884033203,53120000
2015-12-17,38.20285034179688,38.49150085449219,39.079498291015625,38.46500015258789,39.05799865722656,36510000
2015-12-18,37.5587158203125,37.84249877929688,38.70700073242188,37.829498291015625,38.36149978637695,67794000
2015-12-21,37.75473403930664,38.040000915527344,38.317501068115234,37.70750045776367,38.15250015258789,34848000
2015-12-22,38.0688591003418,38.35649871826172,38.516998291015625,38.060001373291016,38.2135009765625,36338000
2015-12-23,38.13734436035156,38.42549896240234,38.595001220703125,37.88249969482422,38.53450012207031,30594000
2015-12-24,38.004844665527344,38.29199981689453,38.459999084472656,38.21950149536133,38.42599868774414,10412000
2015-12-28,38.81869888305664,39.11199951171875,39.14099884033203,38.38650131225586,38.5,31156000
2015-12-29,39.40031051635742,39.698001861572266,39.93450164794922,39.310001373291016,39.3494987487793,38430000
2015-12-30,39.21866989135742,39.51499938964844,39.823001861572266,39.36000061035156,39.698001861572266,28566000
2015-12-31,38.60878753662109,38.9005012512207,39.416500091552734,38.86600112915039,39.39099884033203,32752000
2016-01-04,37.68724822998047,37.97200012207031,38.11000061035156,37.37699890136719,38.11000061035156,67382000
2016-01-05,37.79096603393555,38.07649993896485,38.459999084472656,37.782501220703125,38.20500183105469,45216000
2016-01-06,37.681785583496094,37.96649932861328,38.2864990234375,37.400001525878906,37.51850128173828,48206000
2016-01-07,36.772159576416016,37.04999923706055,37.76549911499024,36.76399993896485,37.324501037597656,63132000
2016-01-08,36.27144241333008,36.545501708984375,37.50600051879883,36.44599914550781,37.38999938964844,47506000
2016-01-11,36.37863159179688,36.65349960327149,36.75400161743164,35.97800064086914,36.59749984741211,50896000
2016-01-12,36.9875373840332,37.266998291015625,37.41699981689453,36.82149887084961,37.03749847412109,46816000
2016-01-13,35.70869445800781,35.97850036621094,37.650001525878906,35.8390007019043,37.46699905395508,51728000
2016-01-14,36.29526519775391,36.56949996948242,36.99449920654297,35.25,36.22200012207031,55558000
2016-01-15,35.25809860229492,35.52450180053711,36.20800018310547,35.07550048828125,35.4995002746582,76676000
2016-01-19,35.68437576293945,35.95399856567383,36.26750183105469,35.49250030517578,36.00749969482422,48724000
2016-01-20,35.65857696533203,35.928001403808594,36.34749984741211,34.388999938964844,35.29499816894531,82440000
2016-01-21,36.061031341552734,36.33349990844727,36.88349914550781,35.55550003051758,36.00849914550781,51938000
2016-01-22,36.99348831176758,37.27299880981445,37.428001403808594,37.025001525878906,37.09999847412109,47146000
2016-01-25,36.40592575073242,36.680999755859375,37.62300109863281,36.625,37.19200134277344,45340000
2016-01-26,36.414363861083984,36.68949890136719,36.97299957275391,36.3484992980957,36.760501861572266,30940000
2016-01-27,35.60994338989258,35.87900161743164,36.79449844360352,35.67250061035156,36.79449844360352,42428000
2016-01-28,37.134422302246094,37.415000915527344,37.55799865722656,36.52999877929688,36.90950012207031,62104000
2016-01-29,37.78203201293945,38.067501068115234,38.25550079345703,37.209999084472656,37.448001861572266,75808000
2016-02-01,38.2495002746582,38.53850173950195,38.87950134277344,38.06900024414063,38.5629997253418,111522000
2016-02-02,38.7526969909668,39.045501708984375,40.51750183105469,39.02999877929688,40.025001525878906,135846000
2016-02-03,37.188018798828125,37.46900177001953,39.57149887084961,36.8129997253418,39.31399917602539,131114000
2016-02-04,36.2277717590332,36.50149917602539,37.262001037597656,36.130001068115234,37.22949981689453,104922000
2016-02-05,34.924129486083984,35.1879997253418,36.33599853515625,35.00699996948242,36.275001525878906,109556000
2016-02-08,34.943973541259766,35.20800018310547,35.22600173950195,34.10049819946289,34.38399887084961,89410000
2016-02-09,34.78815078735352,35.05099868774414,36.04800033569336,34.42499923706055,34.647499084472656,84300000
2016-02-10,35.07746505737305,35.342498779296875,36.1609992980957,35.269500732421875,35.589500427246094,60314000
2016-02-11,35.05314636230469,35.31800079345703,35.61600112915039,34.55950164794922,34.81700134277344,65004000
2016-02-12,35.07945251464844,35.34450149536133,35.79999923706055,35.07899856567383,35.61050033569336,46538000
2016-02-16,35.612918853759766,35.88199996948242,36.14400100708008,35.50899887084961,35.932498931884766,43444000
2016-02-17,36.32404327392578,36.5984992980957,36.6879997253418,35.830501556396484,36.34999847412109,49154000
2016-02-18,35.60647201538086,35.8754997253418,36.79999923706055,35.77750015258789,36.698001861572266,47276000
2016-02-19,35.834739685058594,36.105499267578125,36.20149993896485,35.65599822998047,35.79499816894531,34918000
2016-02-22,36.17913818359375,36.45249938964844,36.74250030517578,36.17250061035156,36.47549819946289,37516000
2016-02-23,35.59554672241211,35.864498138427734,36.54499816894531,35.78350067138672,36.30500030517578,41332000
2016-02-24,35.77469253540039,36.04499816894531,36.06100082397461,35.10100173950195,35.53049850463867,37092000
2016-02-25,36.1826171875,36.45600128173828,36.47549819946289,35.6614990234375,36.14649963378906,36146000
2016-02-26,35.971214294433594,36.24300003051758,36.80799865722656,36.09700012207031,36.68000030517578,42474000
2016-02-29,35.592071533203125,35.86100006103516,36.52999877929688,35.84199905395508,36.04999923706055,45068000
2016-03-01,36.830223083496094,37.10850143432617,37.11650085449219,35.93199920654297,36.06499862670898,60112000
2016-03-02,36.69672775268555,36.9739990234375,37.15599822998047,36.66249847412109,37.14350128173828,36292000
2016-03-03,36.30518341064453,36.579498291015625,37.04999923706055,36.48149871826172,36.9739990234375,40534000
2016-03-04,36.23719787597656,36.51100158691406,36.75,36.28099822998047,36.7400016784668,48516000
2016-03-07,35.37273406982422,35.63999938964844,36.36050033569336,35.25699996948242,36.25749969482422,61690000
2016-03-08,35.408958435058594,35.67649841308594,36.11249923706055,35.20000076293945,35.41949844360352,52530000
2016-03-09,35.998504638671875,36.27050018310547,36.3120002746582,35.632999420166016,35.75849914550781,39544000
2016-03-10,36.3339729309082,36.60850143432617,36.82699966430664,36.16450119018555,36.38949966430664,44616000
2016-03-11,36.96421051025391,37.243499755859375,37.244998931884766,36.834999084472656,36.997501373291016,35380000
2016-03-14,37.23069381713867,37.512001037597656,37.7130012512207,37.18299865722656,37.24850082397461,32824000
2016-03-15,37.2470703125,37.52849960327149,37.6505012512207,37.141998291015625,37.30099868774414,29832000
2016-03-16,37.58402633666992,37.86800003051758,37.95000076293945,37.32500076293945,37.45249938964844,29306000
2016-03-17,37.63960266113281,37.92399978637695,38.266998291015625,37.86800003051758,37.88249969482422,44564000
2016-03-18,37.48725509643555,37.77050018310547,38.10699844360352,37.59099960327149,38.08150100708008,56222000
2016-03-21,37.82223129272461,38.108001708984375,38.16699981689453,37.5634994506836,37.695499420166016,28774000
2016-03-22,37.71751403808594,38.00249862670898,38.25,37.89400100708008,37.922000885009766,22096000
2016-03-23,37.59395217895508,37.87799835205078,38.26950073242188,37.80149841308594,38.16749954223633,24678000
2016-03-24,37.4589729309082,37.742000579833984,37.87799835205078,37.525001525878906,37.560001373291016,31116000
2016-03-28,37.38155746459961,37.66400146484375,37.915000915527344,37.60200119018555,37.80849838256836,21676000
2016-03-29,38.00732803344727,38.29449844360352,38.35900115966797,37.41450119018555,37.68399810791016,40062000
2016-03-30,38.12891006469727,38.41699981689453,38.865501403808594,38.37900161743164,38.41049957275391,40396000
2016-03-31,37.85895156860352,38.14500045776367,38.45399856567383,37.91249847412109,38.41699981689453,32554000
2016-04-01,38.19491195678711,38.48350143432617,38.50199890136719,37.7599983215332,37.858001708984375,31674000
2016-04-04,37.9691162109375,38.25600051879883,38.62200164794922,38.089500427246094,38.47549819946289,26924000
2016-04-05,37.644073486328125,37.92850112915039,38.14350128173828,37.77999877929688,37.90650177001953,24478000
2016-04-06,38.115509033203125,38.40349960327149,38.42100143432617,37.81499862670898,37.891998291015625,25312000
2016-04-07,37.72098922729492,38.00600051879883,38.46799850463867,37.875,38.26599884033203,25498000
2016-04-08,37.6887321472168,37.9734992980957,38.35649871826172,37.78850173950195,38.29349899291992,23434000
2016-04-11,37.59295654296875,37.87699890136719,38.36100006103516,37.867000579833984,38.272499084472656,31774000
2016-04-12,37.92941284179688,38.21599960327149,38.24599838256836,37.57849884033203,37.92150115966797,27388000
2016-04-13,38.30606460571289,38.59550094604492,38.78749847412109,38.22949981689453,38.51549911499024,35426000
2016-04-14,38.478763580322266,38.76950073242188,38.980499267578125,38.6609992980957,38.76800155639648,26992000
2016-04-15,38.70753479003906,39.0,39.04650115966797,38.74649810791016,38.775001525878906,31712000
2016-04-18,39.088653564453125,39.38399887084961,39.4275016784668,38.88050079345703,39.009498596191406,33540000
2016-04-19,38.52144241333008,38.8125,39.54750061035156,38.51350021362305,39.525001525878906,43952000
2016-04-20,38.45543670654297,38.74599838256836,38.983001708984375,38.5634994506836,38.95800018310547,34262000
2016-04-21,38.70753479003906,39.0,39.08399963378906,38.57749938964844,38.865501403808594,77628000
2016-04-22,36.61186599731445,36.88850021362305,37.69599914550781,36.51850128173828,37.195499420166016,140798000
2016-04-25,36.83220672607422,37.11050033569336,37.24399948120117,36.755001068115234,36.76750183105469,49442000
2016-04-26,35.99652099609375,36.26850128173828,37.27949905395508,36.01599884033203,37.22100067138672,55864000
2016-04-27,35.802494049072266,36.073001861572266,36.35749816894531,35.45399856567383,36.26599884033203,66262000
2016-04-28,34.98863220214844,35.25299835205078,36.4630012512207,35.15999984741211,36.16450119018555,62590000
2016-04-29,35.128570556640625,35.39400100708008,35.605499267578125,35.18899917602539,35.20600128173828,58278000
2016-05-02,35.45262908935547,35.72050094604492,35.77050018310547,35.31800079345703,35.59600067138672,33476000
2016-05-03,35.1563720703125,35.422000885009766,35.66849899291992,35.36650085449219,35.625,38620000
2016-05-04,35.30177307128906,35.56850051879883,35.752498626708984,35.20249938964844,35.3385009765625,34172000
2016-05-05,35.4675178527832,35.73550033569336,35.877498626708984,35.47249984741211,35.75,29668000
2016-05-06,35.98708724975586,36.25899887084961,36.29949951171875,35.59749984741211,35.61000061035156,39952000
2016-05-09,36.18310928344727,36.45650100708008,36.714500427246094,36.17499923706055,36.334999084472656,38074000
2016-05-10,36.69176864624024,36.96900177001953,37.0,36.58050155639648,36.74800109863281,32634000
2016-05-11,36.25358200073242,36.52750015258789,37.040000915527344,36.39500045776367,37.0260009765625,29834000
2016-05-12,36.13050842285156,36.40349960327149,36.76850128173828,36.2135009765625,36.59999847412109,27094000
2016-05-13,35.96971893310547,36.24150085449219,36.56449890136719,36.17549896240234,36.33100128173828,25244000
2016-05-16,36.241172790527344,36.51499938964844,36.63399887084961,36.0,36.21599960327149,22538000
2016-05-17,35.73946762084961,36.009498596191406,36.79249954223633,35.900001525878906,36.553001403808594,33404000
2016-05-18,35.81836700439453,36.0890007019043,36.27849960327149,35.750999450683594,35.92499923706055,32536000
2016-05-19,35.497291564941406,35.765499114990234,36.025001525878906,35.515499114990234,35.915000915527344,30598000
2016-05-20,35.81489181518555,36.08549880981445,36.3849983215332,35.7504997253418,35.823001861572266,34798000
2016-05-23,35.59356689453125,35.86249923706055,36.17499923706055,35.84700012207031,35.999000549316406,24816000
2016-05-24,36.37664794921875,36.6515007019043,36.709999084472656,35.98249816894531,35.99250030517578,37884000
2016-05-25,36.62824249267578,36.90499877929688,36.99449920654297,36.630001068115234,36.75,32216000
2016-05-26,36.57018280029297,36.84650039672852,37.05500030517578,36.650001525878906,36.79999923706055,27202000
2016-05-27,37.09968566894531,37.380001068115234,37.39550018310547,36.85049819946289,36.8754997253418,34802000
2016-05-31,37.161720275878906,37.442501068115234,37.67399978637695,37.27849960327149,37.4379997253418,42484000
2016-06-01,37.14236068725586,37.42300033569336,37.56850051879883,37.21699905395508,37.42350006103516,20788000
2016-06-02,36.93443298339844,37.2135009765625,37.3650016784668,36.84999847412109,37.30500030517578,33916000
2016-06-03,36.517086029052734,36.792999267578125,37.074501037597656,36.695499420166016,37.074501037597656,24608000
2016-06-06,36.22926330566406,36.50299835205078,36.92499923706055,36.41450119018555,36.92499923706055,29992000
2016-06-07,36.280372619628906,36.554500579833984,36.83549880981445,36.540000915527344,36.66350173950195,24314000
2016-06-08,36.86793518066406,37.14649963378906,37.19049835205078,36.78850173950195,36.97499847412109,32314000
2016-06-09,36.84759140014648,37.1259994506836,37.19649887084961,36.82500076293945,36.85350036621094,19180000
2016-06-10,36.38459014892578,36.65950012207031,36.98199844360352,36.5255012512207,36.79750061035156,29050000
2016-06-13,36.319580078125,36.59400177001953,36.95000076293945,36.49100112915039,36.49100112915039,23354000
2016-06-14,36.38756942749024,36.66249847412109,36.79999923706055,36.32500076293945,36.46549987792969,26584000
2016-06-15,36.33496475219727,36.609500885009766,36.85749816894531,36.56549835205078,36.74599838256836,23234000
2016-06-16,35.940940856933594,36.212501525878906,36.51950073242188,35.777000427246094,36.39799880981445,45002000
2016-06-17,34.94844055175781,35.212501525878906,36.06949996948242,35.055999755859375,36.06949996948242,82262000
2016-06-20,35.0417366027832,35.30649948120117,35.79349899291992,35.27050018310547,35.515499114990234,45654000
2016-06-21,35.178199768066406,35.444000244140625,35.76900100708008,35.233001708984375,35.502498626708984,30318000
2016-06-22,35.25710678100586,35.52349853515625,35.71049880981445,35.29399871826172,35.70249938964844,29058000
2016-06-23,35.475460052490234,35.743499755859375,35.74399948120117,35.01250076293945,35.52750015258789,42500000
2016-06-24,34.00307846069336,34.2599983215332,35.25,34.24549865722656,34.50849914550781,95436000
2016-06-27,33.801605224609375,34.05699920654297,34.166500091552734,33.632999420166016,34.1245002746582,58146000
2016-06-28,34.30381774902344,34.5629997253418,34.637001037597656,34.24250030517578,34.56850051879883,38246000
2016-06-29,34.498836517333984,34.759498596191406,34.974998474121094,34.63399887084961,34.7130012512207,43124000
2016-06-30,34.9127082824707,35.17649841308594,35.188499450683594,34.744998931884766,34.88249969482422,42250000
2016-07-01,35.246192932128906,35.51250076293945,35.62649917602539,35.186500549316406,35.255001068115234,30984000
2016-07-05,34.98019790649414,35.24449920654297,35.40599822998047,34.95650100708008,35.2504997253418,28440000
2016-07-06,35.182674407958984,35.44850158691406,35.650001525878906,34.95000076293945,34.992000579833984,28902000
2016-07-07,35.09781265258789,35.362998962402344,35.50849914550781,35.03350067138672,35.50550079345703,21174000
2016-07-08,35.61986541748047,35.888999938964844,35.89500045776367,35.40549850463867,35.52799987792969,29946000
2016-07-11,36.08733367919922,36.36000061035156,36.44649887084961,35.94350051879883,35.97100067138672,28822000
2016-07-12,36.35084533691406,36.6254997253418,36.77999877929688,36.375,36.59600067138672,26468000
2016-07-13,36.20048141479492,36.4739990234375,36.7760009765625,36.45100021362305,36.7760009765625,20436000
2016-07-14,36.51411056518555,36.790000915527344,36.80699920654297,36.52949905395508,36.696998596191406,21408000
2016-07-15,36.505672454833984,36.78150177001953,37.04999923706055,36.73199844360352,37.04999923706055,32342000
2016-07-18,37.377586364746094,37.65999984741211,37.75699996948242,36.82550048828125,36.89550018310547,38698000
2016-07-19,37.38800811767578,37.670501708984375,37.829498291015625,37.42449951171875,37.493499755859375,30436000
2016-07-20,37.57013320922852,37.854000091552734,38.03200149536133,37.70249938964844,37.70249938964844,22502000
2016-07-21,37.43763732910156,37.72050094604492,37.907501220703125,37.57600021362305,37.84999847412109,19062000
2016-07-22,37.6793098449707,37.9640007019043,37.97249984741211,37.632999420166016,37.86600112915039,20920000
2016-07-25,37.59196090698242,37.8759994506836,37.99100112915039,37.70349884033203,37.88399887084961,21466000
2016-07-26,37.59841537475586,37.88249969482422,37.9630012512207,37.63750076293945,37.8759994506836,23792000
2016-07-27,37.81279373168945,38.0984992980957,38.22249984741211,37.79650115966797,37.94850158691406,32172000
2016-07-28,38.004844665527344,38.29199981689453,38.44850158691406,37.954498291015625,38.44200134277344,73464000
2016-07-29,39.27028274536133,39.56700134277344,40.196998596191406,39.5,39.885501861572266,101810000
2016-08-01,39.74668502807617,40.047000885009766,40.3745002746582,39.25199890136719,39.33349990844727,60594000
2016-08-02,39.70599365234375,40.00600051879883,40.11600112915039,39.72650146484375,39.86650085449219,39928000
2016-08-03,39.64644241333008,39.94599914550781,39.97700119018555,39.6510009765625,39.82350158691406,29206000
2016-08-04,39.563568115234375,39.86249923706055,40.0099983215332,39.69599914550781,39.9119987487793,21520000
2016-08-05,40.04393768310547,40.34650039672852,40.36100006103516,39.89049911499024,40.00550079345703,36146000
2016-08-08,39.95957565307617,40.26150131225586,40.380001068115234,40.08449935913086,40.29999923706055,24426000
2016-08-09,40.07123565673828,40.374000549316406,40.666500091552734,40.20299911499024,40.2244987487793,32154000
2016-08-10,40.12135314941406,40.42449951171875,40.54399871826172,40.324501037597656,40.352500915527344,18370000
2016-08-11,40.106964111328125,40.40999984741211,40.69400024414063,40.29999923706055,40.52349853515625,25646000
2016-08-12,40.04990005493164,40.352500915527344,40.359500885009766,40.18199920654297,40.25450134277344,17946000
2016-08-15,39.99580001831055,40.29800033569336,40.56800079345703,40.20149993896485,40.36050033569336,18596000
2016-08-16,39.75908660888672,40.05950164794922,40.2130012512207,39.84999847412109,40.17499923706055,21158000
2016-08-17,39.9690055847168,40.27099990844727,40.28150177001953,39.81499862670898,40.0,21322000
2016-08-18,39.83650970458984,40.13750076293945,40.400001525878906,40.08150100708008,40.26800155639648,17292000
2016-08-19,39.68266677856445,39.98249816894531,40.061500549316406,39.84400177001953,39.98949813842773,22416000
2016-08-22,39.54868698120117,39.84749984741211,39.96500015258789,39.71649932861328,39.92549896240234,17056000
2016-08-23,39.53081130981445,39.829498291015625,40.04999923706055,39.79949951171875,40.02399826049805,18350000
2016-08-24,39.38243865966797,39.68000030517578,39.92300033569336,39.53799819946289,39.84299850463867,25672000
2016-08-25,39.2682991027832,39.56499862670898,39.73600006103516,39.36149978637695,39.59999847412109,24054000
2016-08-26,39.363582611083984,39.6609992980957,39.970001220703125,39.47050094604492,39.6245002746582,24978000
2016-08-29,39.49260711669922,39.79100036621094,39.92599868774414,39.51599884033203,39.65250015258789,15474000
2016-08-30,39.2990608215332,39.59600067138672,39.900001525878906,39.4734992980957,39.64400100708008,23348000
2016-08-31,39.19634246826172,39.49250030517578,39.57849884033203,39.36000061035156,39.47999954223633,21428000
2016-09-01,39.27326583862305,39.56999969482422,39.64450073242188,39.31650161743164,39.5989990234375,26070000
2016-09-02,39.544708251953125,39.84349822998047,39.85499954223633,39.66299819946289,39.76350021362305,26998000
2016-09-06,40.09803009033203,40.4010009765625,40.54449844360352,39.77149963378906,39.91949844360352,39790000
2016-09-07,40.09654998779297,40.39950180053711,40.52999877929688,40.18600082397461,40.39649963378906,22906000
2016-09-08,39.84096908569336,40.141998291015625,40.42100143432617,40.05049896240234,40.26100158691406,23554000
2016-09-09,39.12836456298828,39.42399978637695,40.087501525878906,39.40250015258789,39.9384994506836,37752000
2016-09-12,39.64148712158203,39.94100189208984,40.00849914550781,39.17499923706055,39.22600173950195,37274000
2016-09-13,39.14026641845703,39.43600082397461,39.78950119018555,39.21649932861328,39.70050048828125,36180000
2016-09-14,39.22661209106445,39.52299880981445,39.81650161743164,39.37649917602539,39.37649917602539,25842000
2016-09-15,39.761077880859375,40.061500549316406,40.182498931884766,39.43299865722656,39.5004997253418,31144000
2016-09-16,39.59929656982422,39.89849853515625,39.95100021362305,39.680999755859375,39.95100021362305,42612000
2016-09-19,39.47126388549805,39.76950073242188,40.199501037597656,39.678001403808594,40.05550003051758,22990000
2016-09-20,39.68911743164063,39.98899841308594,40.13750076293945,39.91299819946289,40.0,20984000
2016-09-21,39.949649810791016,40.25149917602539,40.295501708984375,39.80149841308594,40.0629997253418,26970000
2016-09-22,40.49156188964844,40.79750061035156,40.95299911499024,40.385501861572266,40.5,35186000
2016-09-23,40.44242477416992,40.74800109863281,40.84999847412109,40.63650131225586,40.75699996948242,28234000
2016-09-26,39.83154678344727,40.13249969482422,40.50400161743164,40.022499084472656,40.49100112915039,29454000
2016-09-27,40.232513427734375,40.5364990234375,40.67449951171875,40.09149932861328,40.09149932861328,27346000
2016-09-28,40.19926834106445,40.50299835205078,40.51250076293945,40.13899993896485,40.20399856567383,29406000
2016-09-29,39.83104705810547,40.13199996948242,40.695499420166016,40.042999267578125,40.36149978637695,27000000
2016-09-30,39.901512145996094,40.20299911499024,40.40449905395508,40.07500076293945,40.18000030517578,33204000
2016-10-03,39.71889877319336,40.01900100708008,40.17699813842773,39.811500549316406,40.12749862670898,29784000
2016-10-04,39.8384895324707,40.13949966430664,40.32500076293945,39.98350143432617,40.25,25174000
2016-10-05,39.761077880859375,40.061500549316406,40.42499923706055,40.03549957275391,40.29999923706055,24276000
2016-10-06,39.85287857055664,40.15399932861328,40.34749984741211,40.0255012512207,40.20399856567383,21998000
2016-10-07,39.73527526855469,40.03549957275391,40.297000885009766,39.84099960327149,40.29650115966797,23262000
2016-10-10,40.40322113037109,40.70849990844727,40.86899948120117,40.11199951171875,40.19649887084961,29922000
2016-10-11,40.174949645996094,40.47850036621094,40.99300003051758,40.368499755859375,40.70849990844727,34432000
2016-10-12,40.28412628173828,40.5885009765625,40.72499847412109,40.4275016784668,40.59799957275391,18158000
2016-10-13,39.90250778198242,40.20399856567383,40.32799911499024,39.930999755859375,40.30350112915039,27380000
2016-10-14,39.92830657958984,40.22999954223633,40.50450134277344,40.11600112915039,40.372501373291016,22238000
2016-10-17,40.03947067260742,40.34199905395508,40.67449951171875,40.19150161743164,40.29949951171875,21128000
2016-10-18,40.766483306884766,41.074501037597656,41.44049835205078,40.666500091552734,40.71049880981445,45786000
2016-10-19,41.0319709777832,41.34199905395508,41.4900016784668,41.14400100708008,41.14400100708008,30002000
2016-10-20,40.7734260559082,41.08150100708008,41.42350006103516,41.02750015258789,41.37799835205078,27878000
2016-10-21,40.89401626586914,41.20299911499024,41.214500427246094,40.91550064086914,41.0,32316000
2016-10-24,41.47363662719727,41.7869987487793,41.89699935913086,41.45199966430664,41.50450134277344,28952000
2016-10-25,41.1168327331543,41.4275016784668,41.92499923706055,41.26499938964844,41.92499923706055,37814000
2016-10-26,40.7967529296875,41.10499954223633,41.385501861572266,40.817501068115234,41.35599899291992,35898000
2016-10-27,40.561031341552734,40.86750030517578,41.32899856567383,40.730499267578125,41.1505012512207,59470000
2016-10-28,40.67070388793945,40.97800064086914,41.95000076293945,40.84999847412109,41.49700164794922,87098000
2016-10-31,40.19131851196289,40.494998931884766,41.13150024414063,40.400001525878906,41.12149810791016,44854000
2016-11-01,39.971981048583984,40.27399826049805,40.698001861572266,39.91299819946289,40.54349899291992,47118000
2016-11-02,39.12538146972656,39.42100143432617,40.3380012512207,39.25,40.3380012512207,47014000
2016-11-03,38.81621551513672,39.109500885009766,39.5,38.93149948120117,39.22499847412109,43504000
2016-11-04,38.76212692260742,39.05500030517578,39.42399978637695,38.54999923706055,38.56499862670898,39412000
2016-11-07,39.80077362060547,40.10150146484375,40.25,39.64500045776367,39.747501373291016,39852000
2016-11-08,40.2945442199707,40.5989990234375,40.80199813842773,39.98099899291992,40.10150146484375,35382000
2016-11-09,39.977447509765625,40.27949905395508,40.58549880981445,39.60200119018555,40.09149932861328,61970000
2016-11-10,38.721927642822266,39.01449966430664,40.50299835205078,38.4114990234375,40.5,118192000
2016-11-11,38.298133850097656,38.587501525878906,38.86449813842773,38.277000427246094,38.84049987792969,71852000
2016-11-14,37.37858200073242,37.6609992980957,38.5890007019043,37.179500579833984,38.5880012512207,73766000
2016-11-15,38.46735382080078,38.757999420166016,39.012001037597656,38.26100158691406,38.27349853515625,58878000
2016-11-16,38.70654678344727,38.999000549316406,39.17499923706055,38.31650161743164,38.52099990844727,35968000
2016-11-17,39.01322937011719,39.30799865722656,39.44499969482422,38.99250030517578,39.125,30674000
2016-11-18,38.50755310058594,38.79850006103516,39.56449890136719,38.76750183105469,39.35850143432617,36126000
2016-11-21,38.94573974609375,39.2400016784668,39.32749938964844,38.81499862670898,38.90499877929688,32616000
2016-11-22,38.95566177368164,39.25,39.6884994506836,39.1870002746582,39.449501037597656,27884000
2016-11-23,38.65790557861328,38.95000076293945,39.47600173950195,38.63249969482422,39.47600173950195,26260000
2016-11-25,38.71895599365234,39.01150131225586,39.14500045776367,38.90950012207031,39.13050079345703,12270000
2016-11-28,38.9948616027832,39.28950119018555,39.98699951171875,38.90499877929688,38.91749954223633,51508000
2016-11-29,39.17599487304688,39.47200012207031,39.821998596191406,39.266998291015625,39.41899871826172,31240000
2016-11-30,38.50308227539063,38.79399871826172,39.57550048828125,38.657501220703125,39.45500183105469,45582000
2016-12-01,37.92991256713867,38.21649932861328,38.93000030517578,37.667999267578125,38.9275016784668,57342000
2016-12-02,37.93636322021485,38.22299957275391,38.525001525878906,37.95000076293945,38.095001220703125,34376000
2016-12-05,38.61920547485352,38.9109992980957,39.0,38.3484992980957,38.5,33770000
2016-12-06,38.51795959472656,38.80899810791016,39.26399993896485,38.66600036621094,39.009498596191406,34682000
2016-12-07,39.276737213134766,39.57350158691406,39.59999847412109,38.67649841308594,38.997501373291016,40588000
2016-12-08,39.46034622192383,39.75849914550781,39.95000076293945,39.39550018310547,39.647499084472656,32250000
2016-12-09,40.16899490356445,40.47249984741211,40.497501373291016,39.90250015258789,39.96500015258789,38090000
2016-12-12,40.09207534790039,40.39500045776367,40.567501068115234,40.22650146484375,40.24100112915039,32572000
2016-12-13,40.46128463745117,40.766998291015625,41.21500015258789,40.59700012207031,40.61949920654297,42564000
2016-12-14,40.58782958984375,40.89450073242188,41.2130012512207,40.63899993896485,40.79600143432617,35994000
2016-12-15,40.47666931152344,40.782501220703125,41.150001525878906,40.59999847412109,40.86800003051758,35394000
2016-12-16,40.18834686279297,40.492000579833984,40.959999084472656,40.40599822998047,40.91550064086914,51978000
2016-12-19,40.32034683227539,40.625,40.81100082397461,40.22499847412109,40.4640007019043,25272000
2016-12-20,40.45433044433594,40.7599983215332,40.824501037597656,40.54999923706055,40.66849899291992,25438000
2016-12-21,40.30546569824219,40.61000061035156,40.7859992980957,40.255001068115234,40.7859992980957,29192000
2016-12-22,40.1804084777832,40.48400115966797,40.55350112915039,40.30149841308594,40.45500183105469,22632000
2016-12-23,40.08711242675781,40.38999938964844,40.54850006103516,40.25550079345703,40.4005012512207,15310000
2016-12-27,40.192813873291016,40.49649810791016,40.79999923706055,40.290000915527344,40.43399810791016,19520000
2016-12-28,39.92682647705078,40.22850036621094,40.666500091552734,40.12200164794922,40.666500091552734,24296000
2016-12-29,39.842960357666016,40.14400100708008,40.28749847412109,39.90700149536133,40.11650085449219,21148000
2016-12-30,39.32537078857422,39.622501373291016,40.16450119018555,39.48099899291992,40.16049957275391,34718000
2017-01-03,40.09753036499024,40.4005012512207,40.571998596191406,39.84450149536133,40.03099822998047,39180000
2017-01-04,40.08562088012695,40.38850021362305,40.67150115966797,40.20550155639648,40.49449920654297,30306000
2017-01-05,40.34615707397461,40.6510009765625,40.6870002746582,40.29600143432617,40.375,26810000
2017-01-06,40.95108413696289,41.260501861572266,41.448001861572266,40.57500076293945,40.7495002746582,40342000
2017-01-09,41.04884338378906,41.35900115966797,41.52149963378906,41.08100128173828,41.31850051879883,28178000
2017-01-10,40.99078369140625,41.30049896240234,41.47050094604492,41.15700149536133,41.35350036621094,23948000
2017-01-11,41.18184280395508,41.49300003051758,41.494998931884766,41.07350158691406,41.33100128173828,26508000
2017-01-12,41.165470123291016,41.47650146484375,41.51900100708008,41.05049896240234,41.41899871826172,26990000
2017-01-13,41.23543548583984,41.547000885009766,41.73249816894531,41.47600173950195,41.54999923706055,25804000
2017-01-17,41.062744140625,41.37300109863281,41.50899887084961,41.15999984741211,41.5,28818000
2017-01-18,41.14015197753906,41.45100021362305,41.490501403808594,41.20399856567383,41.4900016784668,20554000
2017-01-19,40.90939712524414,41.21849822998047,41.650001525878906,41.198001861572266,41.45000076293945,21410000
2017-01-20,41.09797668457031,41.40850067138672,41.46200180053711,41.22999954223633,41.454498291015625,26124000
2017-01-23,41.90488052368164,42.22150039672852,42.277000427246094,41.435001373291016,41.58050155639648,49148000
2017-01-24,42.15796661376953,42.47650146484375,42.57600021362305,42.11399841308594,42.3489990234375,33768000
2017-01-25,42.600624084472656,42.92250061035156,42.93949890136719,42.48699951171875,42.6775016784668,33108000
2017-01-26,42.52767181396485,42.8489990234375,43.04999923706055,42.5260009765625,42.95249938964844,69866000
2017-01-27,41.93465423583984,42.25149917602539,43.34999847412109,42.095001220703125,42.95000076293945,75050000
2017-01-30,40.882606506347656,41.19150161743164,41.86149978637695,41.05149841308594,41.85300064086914,70338000
2017-01-31,40.70196533203125,41.009498596191406,41.15349960327149,40.66999816894531,40.97499847412109,40404000
2017-02-01,40.45632553100586,40.762001037597656,41.20000076293945,40.61249923706055,41.20000076293945,45020000
2017-02-02,40.60619354248047,40.91299819946289,41.22800064086914,40.602500915527344,40.75,33784000
2017-02-03,40.69898986816406,41.00650024414063,41.30649948120117,40.96749877929688,41.15650177001953,30562000
2017-02-06,40.77293014526367,41.08100128173828,41.11949920654297,40.714500427246094,41.04600143432617,27018000
2017-02-07,41.150577545166016,41.46149826049805,41.59600067138672,41.16450119018555,41.275001525878906,33332000
2017-02-08,41.18283081054688,41.49399948120117,41.712501525878906,41.25550079345703,41.5265007019043,26044000
2017-02-09,41.19176864624024,41.50299835205078,41.5989990234375,41.32500076293945,41.58649826049805,23884000
2017-02-10,41.429473876953125,41.74250030517578,41.85749816894531,41.5255012512207,41.647499084472656,28302000
2017-02-13,41.6334342956543,41.948001861572266,42.08700180053711,41.8125,41.8849983215332,25914000
2017-02-14,41.68652725219727,42.00149917602539,42.09999847412109,41.791500091552734,41.98849868774414,27266000
2017-02-15,41.55204772949219,41.86600112915039,42.0885009765625,41.81100082397461,41.94049835205078,27144000
2017-02-16,41.792728424072266,42.10850143432617,42.134498596191406,41.86299896240234,41.92499923706055,20102000
2017-02-17,42.01007843017578,42.32749938964844,42.34700012207031,41.98899841308594,42.06549835205078,29224000
2017-02-21,42.145057678222656,42.4635009765625,42.61000061035156,42.32749938964844,42.39950180053711,25206000
2017-02-22,42.248779296875,42.56800079345703,42.68949890136719,42.33549880981445,42.400001525878906,24488000
2017-02-23,42.23091506958008,42.54999923706055,42.63100051879883,42.125,42.55400085449219,27734000
2017-02-24,42.07261276245117,42.39049911499024,42.417999267578125,42.14799880981445,42.38249969482422,26924000
2017-02-27,42.16491317749024,42.48350143432617,42.53350067138672,42.1505012512207,42.247501373291016,20206000
2017-02-28,41.9296875,42.24649810791016,42.44150161743164,42.071998596191406,42.36750030517578,27662000
2017-03-01,42.51626205444336,42.837501525878906,42.900001525878906,42.45100021362305,42.56900024414063,36374000
2017-03-02,42.17384719848633,42.49250030517578,42.824501037597656,42.43600082397461,42.81549835205078,25018000
2017-03-03,42.13563537597656,42.45399856567383,42.54100036621094,42.23550033569336,42.446998596191406,20100000
2017-03-06,42.04581451416016,42.36349868774414,42.446998596191406,42.05849838256836,42.34299850463867,20958000
2017-03-07,42.23835372924805,42.557498931884766,42.666500091552734,42.2760009765625,42.36299896240234,20774000
2017-03-08,42.36192321777344,42.68199920654297,42.84650039672852,42.5625,42.65599822998047,20576000
2017-03-09,42.57034683227539,42.891998291015625,43.03549957275391,42.63349914550781,42.68450164794922,26954000
2017-03-10,42.74750900268555,43.070499420166016,43.21149826049805,42.88050079345703,43.1349983215332,26732000
2017-03-13,42.904823303222656,43.229000091552734,43.35649871826172,43.04100036621094,43.041500091552734,23332000
2017-03-14,42.970829010009766,43.295501708984375,43.37900161743164,43.00650024414063,43.1875,21234000
2017-03-15,43.093894958496094,43.41949844360352,43.49399948120117,43.06499862670898,43.39699935913086,26658000
2017-03-16,43.173789978027344,43.5,43.635501861572266,43.3759994506836,43.5265007019043,22090000
2017-03-17,43.29140090942383,43.618499755859375,43.72100067138672,43.41849899291992,43.68399810791016,37366000
2017-03-20,43.0700798034668,43.39550018310547,43.516998291015625,43.23350143432617,43.4739990234375,30844000
2017-03-21,42.188236236572266,42.50699996948242,43.67350006103516,42.384498596191406,43.50299835205078,50760000
2017-03-22,42.17136764526367,42.4900016784668,42.76750183105469,42.34999847412109,42.4739990234375,27334000
2017-03-23,41.66767120361328,41.98249816894531,42.08449935913086,41.650001525878906,42.06949996948242,65754000
2017-03-24,41.44386672973633,41.75699996948242,42.20000076293945,41.45500183105469,42.09999847412109,42114000
2017-03-27,41.6110954284668,41.92549896240234,42.06900024414063,41.21500015258789,41.40449905395508,38692000
2017-03-28,41.716304779052734,42.03150177001953,42.27000045776367,41.61349868774414,41.984500885009766,30384000
2017-03-29,42.174835205078125,42.493499755859375,42.579498291015625,42.06900024414063,42.13750076293945,29146000
2017-03-30,42.15548706054688,42.4739990234375,42.59999847412109,42.3385009765625,42.5989990234375,18988000
2017-03-31,42.07212066650391,42.38999938964844,42.47800064086914,42.262001037597656,42.34149932861328,28820000
2017-04-03,42.51626205444336,42.837501525878906,42.95000076293945,42.37649917602539,42.4375,39388000
2017-04-04,42.3088264465332,42.62850189208984,42.650001525878906,42.3754997253418,42.400001525878906,26970000
2017-04-05,42.127201080322266,42.445499420166016,43.02949905395508,42.3759994506836,42.73550033569336,37104000
2017-04-06,41.93812561035156,42.255001068115234,42.679500579833984,42.20000076293945,42.47499847412109,30672000
2017-04-07,41.789249420166016,42.10499954223633,42.29399871826172,41.8650016784668,42.25,22232000
2017-04-10,41.76940155029297,42.084999084472656,42.33700180053711,42.03950119018555,42.07699966430664,20924000
2017-04-11,41.679080963134766,41.99399948120117,42.23149871826172,41.72999954223633,42.084999084472656,19486000
2017-04-12,41.75749588012695,42.073001861572266,42.18600082397461,41.87950134277344,41.92300033569336,22716000
2017-04-13,41.6939697265625,42.00899887084961,42.186500549316406,41.89250183105469,42.05199813842773,21474000
2017-04-17,42.43587112426758,42.75650024414063,42.78200149536133,42.05149841308594,42.06900024414063,20982000
2017-04-18,42.37929916381836,42.699501037597656,42.86949920654297,42.5625,42.62699890136719,18724000
2017-04-19,42.50435256958008,42.82550048828125,43.0099983215332,42.67649841308594,42.86949920654297,21606000
2017-04-20,42.68151092529297,43.00400161743164,43.19649887084961,42.875,42.98699951171875,23776000
2017-04-21,42.62543487548828,42.9474983215332,43.12200164794922,42.88650131225586,43.03099822998047,23458000
2017-04-24,43.61693954467773,43.94649887084961,43.99800109863281,43.30550003051758,43.422000885009766,33930000
2017-04-25,44.10873031616211,44.44200134277344,44.61249923706055,43.9640007019043,44.11299896240234,40760000
2017-04-26,44.12361526489258,44.45700073242188,44.64950180053711,44.25749969482422,44.56949996948242,26466000
2017-04-27,44.23775100708008,44.571998596191406,44.66899871826172,44.35900115966797,44.5,46846000
2017-04-28,45.87935256958008,46.22600173950195,46.79499816894531,46.1609992980957,46.45000076293945,76918000
2017-05-01,46.29123306274414,46.64099884033203,46.79100036621094,46.040000915527344,46.20750045776367,46556000
2017-05-02,46.50313949584961,46.85449981689453,47.14950180053711,46.54999923706055,46.66350173950195,35026000
2017-05-03,47.06687545776367,47.42250061035156,47.5099983215332,46.760501861572266,46.8025016784668,36496000
2017-05-04,47.37802505493164,47.73600006103516,47.95700073242188,47.368499755859375,47.51449966430664,38752000
2017-05-05,47.157691955566406,47.51399993896485,47.922000885009766,47.40499877929688,47.83599853515625,32310000
2017-05-08,47.57503509521485,47.93450164794922,48.04949951171875,47.369998931884766,47.372501373291016,37534000
2017-05-09,47.47677612304688,47.83549880981445,48.11000061035156,47.720001220703125,48.06650161743164,33758000
2017-05-10,47.38397979736328,47.742000579833984,47.83549880981445,47.492000579833984,47.81100082397461,22920000
2017-05-11,47.43608093261719,47.79449844360352,47.89950180053711,47.43050003051758,47.56449890136719,20622000
2017-05-12,47.39886474609375,47.75699996948242,47.89899826049805,47.60300064086914,47.89250183105469,24298000
2017-05-15,47.60133743286133,47.96099853515625,48.1349983215332,47.64099884033203,47.76449966430664,26754000
2017-05-16,47.86881637573242,48.230499267578125,48.29499816894531,48.01750183105469,48.1775016784668,22030000
2017-05-17,46.75523376464844,47.10850143432617,48.04949951171875,47.00299835205078,47.98500061035156,48982000
2017-05-18,47.16860580444336,47.525001525878906,47.70899963378906,47.0634994506836,47.15999984741211,36010000
2017-05-19,47.374549865722656,47.73249816894531,47.97800064086914,47.59999847412109,47.64099884033203,27206000
2017-05-22,47.842018127441406,48.20349884033203,48.24100112915039,47.82799911499024,47.84999847412109,27748000
2017-05-23,48.16358184814453,48.52750015258789,48.72549819946289,48.22499847412109,48.49800109863281,30908000
2017-05-24,48.51394271850586,48.88050079345703,48.90599822998047,48.58150100708008,48.76300048828125,22660000
2017-05-25,49.221099853515625,49.59299850463867,49.78900146484375,48.89099884033203,48.95000076293945,39082000
2017-05-26,49.29107284545898,49.66350173950195,49.81949996948242,49.36800003051758,49.59999847412109,32728000
2017-05-30,49.43497848510742,49.80849838256836,49.88100051879883,49.56800079345703,49.625,30324000
2017-05-31,48.9843864440918,49.35449981689453,49.97999954223633,49.08399963378906,49.81050109863281,34482000
2017-06-01,49.0439338684082,49.41450119018555,49.65700149536133,49.06449890136719,49.54800033569336,26128000
2017-06-02,49.43250274658203,49.805999755859375,49.82400131225586,49.35350036621094,49.429500579833984,34710000
2017-06-05,49.81759643554688,50.19400024414063,50.369998931884766,49.772499084472656,49.89450073242188,27578000
2017-06-06,49.46029281616211,49.83399963378906,50.43050003051758,49.7400016784668,50.16550064086914,31042000
2017-06-07,49.69948959350586,50.07500076293945,50.195499420166016,49.79349899291992,49.954498291015625,27482000
2017-06-08,49.83744430541992,50.2140007019043,50.27999877929688,49.83100128173828,50.21149826049805,33758000
2017-06-09,48.14225006103516,48.50600051879883,50.275001525878906,47.66849899291992,50.27450180053711,72958000
2017-06-12,47.72986602783203,48.09049987792969,48.400001525878906,46.84000015258789,47.93600082397461,84042000
2017-06-13,48.161109924316406,48.525001525878906,48.89550018310547,48.10049819946289,48.60200119018555,40108000
2017-06-14,48.03357696533203,48.39649963378906,48.98500061035156,47.97549819946289,48.775001525878906,30110000
2017-06-15,47.64897918701172,48.00899887084961,48.03400039672852,47.01850128173828,47.4010009765625,48552000
2017-06-16,47.57155990600586,47.930999755859375,47.997501373291016,47.435001373291016,47.89550018310547,51184000
2017-06-19,48.39533996582031,48.76100158691406,48.96500015258789,48.40999984741211,48.48249816894531,29376000
2017-06-20,48.08617782592773,48.449501037597656,49.03950119018555,48.40999984741211,48.76549911499024,25946000
2017-06-21,48.56257629394531,48.929500579833984,48.977500915527344,48.47249984741211,48.53950119018555,23232000
2017-06-22,48.46481323242188,48.83100128173828,49.025001525878906,48.66550064086914,48.84349822998047,20190000
2017-06-23,48.93476104736328,49.304500579833984,49.33100128173828,48.72299957275391,48.775001525878906,31280000
2017-06-26,48.24000549316406,48.60449981689453,49.699501037597656,48.51649856567383,49.5,30358000
2017-06-27,47.04900360107422,47.40449905395508,48.36100006103516,47.35449981689453,48.08000183105469,48872000
2017-06-28,47.690162658691406,48.05049896240234,48.1619987487793,46.80799865722656,47.53300094604492,54912000
2017-06-29,46.539363861083984,46.89099884033203,47.58300018310547,46.47999954223633,47.567501068115234,64134000
2017-06-30,46.13541793823242,46.48400115966797,47.25,46.480499267578125,47.199501037597656,45754000
2017-07-03,45.62824249267578,45.97299957275391,46.71200180053711,45.76549911499024,46.6609992980957,33896000
2017-07-05,46.26344299316406,46.61299896240234,46.81449890136719,45.93149948120117,46.209999084472656,41882000
2017-07-06,46.036659240722656,46.384498596191406,46.80699920654297,45.99250030517578,46.25,40298000
2017-07-07,46.68774032592773,47.04050064086914,47.233001708984375,46.48949813842773,46.54949951171875,33266000
2017-07-10,47.19342422485352,47.54999923706055,47.65650177001953,47.09749984741211,47.09749984741211,29030000
2017-07-11,47.3189697265625,47.67649841308594,47.74449920654297,47.25600051879883,47.5260009765625,29224000
2017-07-12,48.02017593383789,48.382999420166016,48.48149871826172,47.85200119018555,48.042999267578125,32042000
2017-07-13,48.079227447509766,48.442501068115234,48.935001373291016,48.2400016784668,48.540000915527344,30492000
2017-07-14,48.47920608520508,48.84550094604492,48.87699890136719,48.50749969482422,48.70000076293945,21592000
2017-07-17,48.43206024169922,48.79800033569336,49.16749954223633,48.540000915527344,48.81600189208984,33210000
2017-07-18,48.97743988037109,49.34749984741211,49.54249954223633,48.60200119018555,48.667999267578125,28266000
2017-07-19,49.266258239746094,49.63850021362305,49.77999877929688,49.35049819946289,49.5004997253418,28242000
2017-07-20,49.23747634887695,49.609500885009766,49.93399810791016,49.23099899291992,49.84999847412109,28368000
2017-07-21,49.31935501098633,49.69200134277344,49.75550079345703,49.20849990844727,49.45000076293945,29266000
2017-07-24,49.54117965698242,49.91550064086914,50.30950164794922,49.51350021362305,49.70500183105469,79690000
2017-07-25,48.08815383911133,48.45149993896485,48.83649826049805,48.18999862670898,48.53499984741211,118672000
2017-07-26,47.9035530090332,48.26549911499024,48.6974983215332,48.01150131225586,48.63899993896485,44432000
2017-07-27,47.26835250854492,47.6254997253418,48.47600173950195,46.85300064086914,48.45899963378906,74358000
2017-07-28,47.55717086791992,47.916500091552734,48.089500427246094,47.26549911499024,47.39950180053711,36276000
2017-07-31,46.92047882080078,47.275001525878906,48.05950164794922,47.08649826049805,48.0,45670000
2017-08-01,46.97308349609375,47.32799911499024,47.7244987487793,47.24800109863281,47.39049911499024,28052000
2017-08-02,47.02667617797852,47.38199996948242,47.45500183105469,46.6259994506836,47.41849899291992,40788000
2017-08-03,46.66243362426758,47.01499938964844,47.5,46.97200012207031,47.45500183105469,22478000
2017-08-04,46.93487930297852,47.28950119018555,47.37699890136719,46.9900016784668,47.1974983215332,25092000
2017-08-07,46.932884216308594,47.28749847412109,47.448001861572266,47.17499923706055,47.3759994506836,28916000
2017-08-08,46.85547637939453,47.20949935913086,47.6245002746582,47.124000549316406,47.214500427246094,30102000
2017-08-09,46.65151596069336,47.00400161743164,47.1879997253418,46.69599914550781,46.92250061035156,28018000
2017-08-10,45.83319854736328,46.179500579833984,46.81499862670898,46.0890007019043,46.75,54148000
2017-08-11,46.15576934814453,46.50450134277344,46.667999267578125,46.06100082397461,46.18550109863281,32334000
2017-08-14,46.59444046020508,46.94649887084961,47.05199813842773,46.7244987487793,46.95349884033203,23012000
2017-08-15,46.55226516723633,46.90399932861328,47.15349960327149,46.83200073242188,47.05149841308594,22130000
2017-08-16,46.85944366455078,47.2135009765625,47.494998931884766,47.00199890136719,47.0625,26906000
2017-08-17,46.0351676940918,46.382999420166016,47.19049835205078,46.38199996948242,47.147499084472656,33914000
2017-08-18,45.96172332763672,46.30899810791016,46.55099868774414,46.17250061035156,46.3489990234375,26748000
2017-08-21,45.69821548461914,46.04349899291992,46.41249847412109,45.93000030517578,46.28850173950195,26024000
2017-08-22,46.667388916015625,47.02000045776367,47.09799957275391,46.30849838256836,46.34799957275391,35502000
2017-08-23,46.77558135986328,47.12900161743164,47.27149963378906,46.762001037597656,46.84999847412109,22690000
2017-08-24,46.49321746826172,46.84450149536133,47.31549835205078,46.5369987487793,47.18550109863281,25892000
2017-08-25,46.17610549926758,46.525001525878906,47.0364990234375,46.505001068115234,46.96049880981445,23746000
2017-08-28,46.05849838256836,46.40650177001953,46.74250030517578,46.30550003051758,46.59400177001953,20988000
2017-08-29,46.43663787841797,46.78749847412109,46.90950012207031,45.96549987792969,45.997501373291016,23172000
2017-08-30,46.82767868041992,47.18149948120117,47.292999267578125,46.70249938964844,46.78350067138672,22406000
2017-08-31,47.4038314819336,47.762001037597656,47.86000061035156,47.3125,47.31499862670898,33866000
2017-09-01,47.24254608154297,47.5994987487793,47.916500091552734,47.51399993896485,47.87350082397461,20858000
2017-09-05,46.72099304199219,47.07400131225586,47.56949996948242,46.77999877929688,47.34299850463867,29148000
2017-09-06,46.74778747558594,47.10100173950195,47.22499847412109,46.63399887084961,47.19350051879883,27830000
2017-09-07,47.13833236694336,47.49449920654297,47.525001525878906,46.87649917602539,47.212501525878906,22332000
2017-09-08,46.71751403808594,47.070499420166016,47.53499984741211,47.0004997253418,47.48500061035156,19998000
2017-09-11,46.81080627441406,47.16450119018555,47.63399887084961,47.04999923706055,47.36000061035156,26748000
2017-09-12,46.9775505065918,47.33250045776367,47.40449905395508,46.875,47.34600067138672,25696000
2017-09-13,47.165626525878906,47.52199935913086,47.64250183105469,47.23699951171875,47.275001525878906,21908000
2017-09-14,46.65399169921875,47.00650024414063,47.4015007019043,46.917999267578125,47.29999923706055,28548000
2017-09-15,46.41381072998047,46.76449966430664,47.087501525878906,46.5625,47.00450134277344,39886000
2017-09-18,46.13888931274414,46.48749923706055,46.84299850463867,46.27000045776367,46.7504997253418,29474000
2017-09-19,46.4917221069336,46.84299850463867,46.89699935913086,46.33300018310547,46.670501708984375,24854000
2017-09-20,47.0217170715332,47.37699890136719,47.5,46.875,46.88650131225586,40080000
2017-09-21,47.02221298217773,47.37749862670898,47.63999938964844,46.96900177001953,47.40650177001953,27414000
2017-09-22,46.809326171875,47.16299819946289,47.5,47.04199981689453,47.13850021362305,21496000
2017-09-25,46.36368942260742,46.7140007019043,46.98749923706055,46.22549819946289,46.97249984741211,37468000
2017-09-26,46.52000427246094,46.87149810791016,47.20399856567383,46.75600051879883,46.83449935913086,33454000
2017-09-27,47.63508224487305,47.994998931884766,48.27149963378906,47.09749984741211,47.137001037597656,46692000
2017-09-28,47.87873840332031,48.240501403808594,48.30899810791016,47.77750015258789,47.8125,28018000
2017-09-29,48.320899963378906,48.68600082397461,48.79050064086914,48.29999923706055,48.29999923706055,40622000
2017-10-02,48.01074981689453,48.37350082397461,48.887001037597656,48.09749984741211,48.782501220703125,30782000
2017-10-03,48.23950958251953,48.604000091552734,48.62200164794922,48.135501861572266,48.37799835205078,21666000
2017-10-04,47.97650146484375,48.3390007019043,48.720001220703125,48.28049850463867,48.5880012512207,21156000
2017-10-05,48.89010238647461,49.259498596191406,49.32550048828125,48.51350021362305,48.63949966430664,35618000
2017-10-06,49.30942916870117,49.68199920654297,49.7130012512207,48.92549896240234,49.0,31060000
2017-10-09,49.243431091308594,49.615501403808594,50.02299880981445,49.57500076293945,49.75,25910000
2017-10-10,49.019622802734375,49.38999938964844,49.87350082397461,49.05550003051758,49.76499938964844,23268000
2017-10-11,49.90543365478516,50.282501220703125,50.37850189208984,49.39699935913086,49.45199966430664,36300000
2017-10-12,49.90543365478516,50.282501220703125,50.57699966430664,50.05500030517578,50.19200134277344,30614000
2017-10-13,50.01559829711914,50.39350128173828,50.73799896240234,50.35300064086914,50.45550155639648,26552000
2017-10-16,50.08903884887695,50.46749877929688,50.59999847412109,50.07600021362305,50.48149871826172,21420000
2017-10-17,50.17091751098633,50.54999923706055,50.72800064086914,50.3025016784668,50.37200164794922,20260000
2017-10-18,50.257266998291016,50.637001037597656,50.81549835205078,50.26599884033203,50.5525016784668,25596000
2017-10-19,49.71635437011719,50.09199905395508,50.36600112915039,49.8650016784668,50.23749923706055,34284000
2017-10-20,49.87664794921875,50.25350189208984,50.432498931884766,50.11349868774414,50.352500915527344,32120000
2017-10-23,48.907470703125,49.277000427246094,50.28950119018555,49.15499877929688,50.25899887084961,32786000
2017-10-24,49.05386352539063,49.42449951171875,49.4630012512207,48.854000091552734,49.32500076293945,28902000
2017-10-25,49.20125198364258,49.573001861572266,49.72150039672852,48.88600158691406,49.3134994506836,30574000
2017-10-26,49.19926452636719,49.57099914550781,50.32550048828125,49.52349853515625,49.92350006103516,47396000
2017-10-27,51.29591751098633,51.68349838256836,53.180999755859375,51.34249877929688,51.54949951171875,103682000
2017-10-30,51.26913070678711,51.65650177001953,51.99150085449219,51.11650085449219,51.45800018310547,46804000
2017-10-31,51.26466369628906,51.652000427246094,52.04999923706055,51.31499862670898,51.650001525878906,30326000
2017-11-01,51.739070892333984,52.130001068115234,52.39300155639648,51.70000076293945,51.81600189208984,43262000
2017-11-02,51.75743865966797,52.14849853515625,52.2760009765625,51.43299865722656,51.9995002746582,26694000
2017-11-03,52.10579681396485,52.4995002746582,52.53300094604492,51.88249969482422,52.13750076293945,27770000
2017-11-06,51.743045806884766,52.13399887084961,52.62950134277344,52.09999847412109,52.45500183105469,18294000
2017-11-07,52.22489929199219,52.61949920654297,52.670501708984375,52.150001525878906,52.48249816894531,26104000
2017-11-08,52.517696380615234,52.91450119018555,53.134498596191406,52.352500915527344,52.50249862670898,24276000
2017-11-09,51.99314880371094,52.38600158691406,52.54399871826172,51.79249954223633,52.400001525878906,35892000
2017-11-10,51.81599426269531,52.20750045776367,52.33150100708008,52.06100082397461,52.19350051879883,19442000
2017-11-13,51.66960144042969,52.060001373291016,52.4370002746582,51.9630012512207,52.040000915527344,18814000
2017-11-14,51.691436767578125,52.08200073242188,52.1150016784668,51.46649932861328,51.88600158691406,21012000
2017-11-15,51.4318962097168,51.820499420166016,51.98149871826172,51.53799819946289,51.75,18106000
2017-11-16,52.03036880493164,52.42350006103516,52.5880012512207,51.900001525878906,51.9375,23768000
2017-11-17,51.40608978271485,51.79449844360352,52.54999923706055,51.686500549316406,52.4900016784668,26712000
2017-11-20,51.34505081176758,51.733001708984375,51.935001373291016,51.63399887084961,51.79999923706055,17526000
2017-11-21,52.12118911743164,52.51499938964844,52.51950073242188,51.95700073242188,52.00199890136719,22206000
2017-11-22,52.20158004760742,52.59600067138672,52.77149963378906,52.36249923706055,52.55799865722656,14538000
2017-11-24,52.42985916137695,52.82600021362305,53.00350189208984,52.59600067138672,52.71950149536133,16492000
2017-11-27,53.198543548583984,53.60049819946289,53.652000427246094,52.73849868774414,52.92850112915039,35430000
2017-11-28,52.76581954956055,53.16450119018555,54.0,52.72700119018555,53.699501037597656,36424000
2017-11-29,51.48003005981445,51.86899948120117,52.9384994506836,51.48249816894531,52.80899810791016,55866000
2017-11-30,51.41998291015625,51.80849838256836,52.20700073242188,51.50350189208984,51.99700164794922,45092000
2017-12-01,50.86914443969727,51.25350189208984,51.86199951171875,50.845001220703125,51.52050018310547,37762000
2017-12-04,50.214088439941406,50.59349822998047,51.56700134277344,50.46099853515625,51.38999938964844,38778000
2017-12-05,50.59769821166992,50.97999954223633,51.83399963378906,50.11600112915039,50.54949951171875,38998000
2017-12-06,51.248779296875,51.63600158691406,51.979000091552734,50.76549911499024,50.82600021362305,28710000
2017-12-07,51.83683013916016,52.22850036621094,52.44599914550781,51.76800155639648,51.80350112915039,30866000
2017-12-08,52.07553482055664,52.46900177001953,52.82099914550781,52.292999267578125,52.59049987792969,31170000
2017-12-11,52.20405960083008,52.5984992980957,52.79999923706055,52.20600128173828,52.55550003051758,23254000
2017-12-12,52.04526138305664,52.4384994506836,53.125,52.243499755859375,52.5,33882000
2017-12-13,52.17527389526367,52.56949996948242,52.77399826049805,52.32899856567383,52.604000091552734,27680000
2017-12-14,52.47700119018555,52.87350082397461,53.354000091552734,52.68000030517578,52.77450180053711,30962000
2017-12-15,53.19804763793945,53.59999847412109,53.76250076293945,53.00450134277344,53.18899917602539,63760000
2017-12-18,53.84764099121094,54.25450134277344,54.324501037597656,53.51850128173828,53.8224983215332,30292000
2017-12-19,53.58413314819336,53.98899841308594,54.24850082397461,53.61349868774414,54.1510009765625,26350000
2017-12-20,53.27547073364258,53.678001403808594,54.061500549316406,53.43000030517578,54.04600143432617,28728000
2017-12-21,53.1409797668457,53.54249954223633,53.8759994506836,53.45000076293945,53.76950073242188,25640000
2017-12-22,53.04222869873047,53.44300079345703,53.58599853515625,53.38199996948242,53.5,17788000
2017-12-26,52.89285659790039,53.29249954223633,53.44300079345703,52.93199920654297,53.43199920654297,18376000
2017-12-27,52.61247253417969,53.0099983215332,53.41350173950195,52.91899871826172,53.33000183105469,22324000
2017-12-28,52.40156936645508,52.79750061035156,53.242000579833984,52.66899871826172,53.11249923706055,19884000
2017-12-29,52.27501678466797,52.66999816894531,52.90250015258789,52.6349983215332,52.77450180053711,23606000
2018-01-02,53.25809860229492,53.66049957275391,53.79899978637695,52.6510009765625,52.6510009765625,31766000
2018-01-03,54.16673278808594,54.57600021362305,54.80500030517578,53.67150115966797,53.69649887084961,31318000
2018-01-04,54.377140045166016,54.78799819946289,55.20399856567383,54.7130012512207,54.85449981689453,26052000
2018-01-05,55.09819030761719,55.51449966430664,55.67900085449219,55.09000015258789,55.17250061035156,30250000
2018-01-08,55.292728424072266,55.71049880981445,55.95800018310547,55.5,55.54999923706055,24644000
2018-01-09,55.22225570678711,55.63949966430664,55.922000885009766,55.40999984741211,55.922000885009766,26808000
2018-01-10,55.09075164794922,55.50699996948242,55.63899993896485,55.19900131225586,55.34999847412109,20734000
2018-01-11,55.1855354309082,55.602500915527344,55.74250030517578,55.32400131225586,55.615501403808594,22424000
2018-01-12,56.10855865478516,56.532501220703125,56.56499862670898,55.4005012512207,55.505001068115234,38586000
2018-01-16,56.11103820800781,56.53499984741211,57.44400024414063,56.33300018310547,57.01549911499024,36462000
2018-01-17,56.52789688110352,56.95500183105469,56.96599960327149,56.17449951171875,56.81800079345703,27830000
2018-01-18,56.37256240844727,56.79850006103516,57.02949905395508,56.22299957275391,56.96749877929688,27498000
2018-01-19,56.74624252319336,57.17499923706055,57.18899917602539,56.625,56.9015007019043,30552000
2018-01-22,57.77149963378906,58.20800018310547,58.34400177001953,57.09099960327149,57.19100189208984,29550000
2018-01-23,58.36749267578125,58.80849838256836,58.92549896240234,58.36249923706055,58.53099822998047,39138000
2018-01-24,58.12532043457031,58.56449890136719,59.352500915527344,58.369998931884766,59.249000549316406,37128000
2018-01-25,58.66375350952149,59.10699844360352,59.25,58.59199905395508,59.03549957275391,29984000
2018-01-26,58.93272018432617,59.37799835205078,59.37799835205078,58.4015007019043,59.37649917602539,42170000
2018-01-29,58.879127502441406,59.32400131225586,59.900001525878906,59.20299911499024,59.400001525878906,31494000
2018-01-30,58.427040100097656,58.868499755859375,59.39649963378906,58.72549819946289,58.88600158691406,37338000
2018-01-31,58.667724609375,59.11100006103516,59.31600189208984,58.60499954223633,59.19049835205078,36022000
2018-02-01,58.63645553588867,59.079498291015625,59.372501373291016,58.46799850463867,58.79949951171875,73514000
2018-02-02,55.54034423828125,55.959999084472656,56.56499862670898,55.55849838256836,56.37099838256836,117842000
2018-02-05,52.72115707397461,53.11949920654297,55.7495002746582,52.83700180053711,55.03049850463867,83550000
2018-02-06,53.81488800048828,54.22150039672852,54.36899948120117,51.5004997253418,51.69900131225586,76630000
2018-02-07,52.3747673034668,52.77050018310547,54.32649993896485,52.73099899291992,54.24850082397461,51942000
2018-02-08,50.00765609741211,50.385501861572266,53.19649887084961,50.23500061035156,52.993499755859375,66792000
2018-02-09,51.92119598388672,52.3134994506836,52.58599853515625,49.84999847412109,51.29399871826172,98360000
2018-02-12,52.33259201049805,52.72800064086914,53.27849960327149,52.27450180053711,52.83349990844727,56240000
2018-02-13,52.311744689941406,52.70700073242188,53.06100082397461,52.34600067138672,52.5,31586000
2018-02-14,53.23278427124024,53.6349983215332,53.77349853515625,52.4900016784668,52.71599960327149,41304000
2018-02-15,54.15879440307617,54.56800079345703,54.70500183105469,53.36149978637695,54.17250061035156,37396000
2018-02-16,54.36423873901367,54.775001525878906,55.41550064086914,54.57749938964844,54.66899871826172,39948000
2018-02-20,54.76570892333984,55.179500579833984,55.81449890136719,54.5,54.63800048828125,33754000
2018-02-21,55.269901275634766,55.6875,56.810001373291016,55.3754997253418,55.45500183105469,41486000
2018-02-22,55.07883834838867,55.494998931884766,56.27299880981445,55.25749969482422,55.95849990844727,28010000
2018-02-23,55.98152160644531,56.40449905395508,56.45000076293945,55.422000885009766,55.93299865722656,25292000
2018-02-26,56.75617218017578,57.185001373291016,57.209999084472656,56.46699905395508,56.59299850463867,30912000
2018-02-27,55.45648956298828,55.8754997253418,57.212501525878906,55.839500427246094,57.185001373291016,42964000
2018-02-28,54.78208541870117,55.19599914550781,56.38249969482422,55.150001525878906,56.09999847412109,49292000
2018-03-01,53.16877365112305,53.570499420166016,55.5634994506836,53.36449813842773,55.47700119018555,55338000
2018-03-02,53.80050277709961,54.20700073242188,54.34450149536133,52.50550079345703,52.89899826049805,50162000
2018-03-05,54.3275146484375,54.73799896240234,55.05899810791016,53.61349868774414,53.90650177001953,28648000
2018-03-06,54.63220977783203,55.04499816894531,55.28150177001953,54.72499847412109,55.10499954223633,23382000
2018-03-07,55.33390808105469,55.75199890136719,55.810001373291016,54.49549865722656,54.64099884033203,30748000
2018-03-08,56.045536041259766,56.46900177001953,56.571998596191406,55.86000061035156,55.86000061035156,33862000
2018-03-09,57.60673904418945,58.04199981689453,58.04999923706055,56.714500427246094,56.97499847412109,42662000
2018-03-12,57.85932922363281,58.29650115966797,58.90800094604492,57.959999084472656,58.25249862670898,44306000
2018-03-13,56.56808471679688,56.99549865722656,58.900001525878906,56.72850036621094,58.59149932861328,43140000
2018-03-14,57.01372146606445,57.44449996948242,57.98799896240234,57.11750030517578,57.290000915527344,41870000
2018-03-15,57.09907150268555,57.53049850463867,58.125,56.78300094604492,57.47850036621094,33382000
2018-03-16,56.29564666748047,56.72100067138672,57.84049987792969,56.56800079345703,57.76750183105469,58656000
2018-03-19,54.59103012084961,55.00350189208984,55.96849822998047,54.44599914550781,55.88800048828125,63656000
2018-03-20,54.37913131713867,54.790000915527344,55.27750015258789,54.12099838256836,54.91999816894531,54598000
2018-03-21,54.2898063659668,54.70000076293945,55.435001373291016,54.36050033569336,54.62850189208984,44898000
2018-03-22,52.26261901855469,52.657501220703125,54.19599914550781,52.48199844360352,54.0004997253418,69312000
2018-03-23,50.94259643554688,51.32749938964844,53.3390007019043,51.243499755859375,52.56850051879883,49880000
2018-03-26,52.30926132202149,52.704498291015625,52.9635009765625,50.52899932861328,52.52999877929688,65984000
2018-03-27,49.96944808959961,50.34700012207031,53.22700119018555,49.88100051879883,53.19499969482422,60816000
2018-03-28,49.88210678100586,50.25899887084961,51.2495002746582,49.20000076293945,50.09550094604492,77698000
2018-03-29,51.46812057495117,51.85699844360352,52.40250015258789,50.20199966430664,50.56050109863281,69338000
2018-04-02,50.25180816650391,50.63150024414063,51.97650146484375,49.712501525878906,51.38100051879883,65068000
2018-04-03,50.55204772949219,50.93399810791016,51.25,49.86249923706055,50.807498931884766,51322000
2018-04-04,51.09941101074219,51.48550033569336,51.637001037597656,49.82550048828125,49.9114990234375,50724000
2018-04-05,51.24481201171875,51.63199996948242,52.33549880981445,51.20000076293945,52.31949996948242,35836000
2018-04-06,50.11882019042969,50.497501373291016,51.79999923706055,50.3125,51.15499877929688,40134000
2018-04-09,50.62201690673828,51.00450134277344,52.22949981689453,50.959999084472656,51.00199890136719,33220000
2018-04-10,51.43636322021485,51.82500076293945,52.06050109863281,50.77050018310547,51.51300048828125,36620000
2018-04-11,50.8686408996582,51.25299835205078,51.79349899291992,50.959999084472656,51.59999847412109,34060000
2018-04-12,51.475563049316406,51.86449813842773,52.23249816894531,51.3025016784668,51.57350158691406,32896000
2018-04-13,51.41353225708008,51.80199813842773,52.64899826049805,51.50749969482422,52.34450149536133,25410000
2018-04-16,51.91276168823242,52.30500030517578,52.57149887084961,51.69599914550781,52.27750015258789,29776000
2018-04-17,53.56328582763672,53.96799850463867,54.25,52.85449981689453,53.060001373291016,54584000
2018-04-18,53.36627960205078,53.76950073242188,54.09999847412109,53.5260009765625,53.95050048828125,31126000
2018-04-19,54.06401062011719,54.47249984741211,54.8754997253418,53.45100021362305,53.45100021362305,39884000
2018-04-20,53.46206283569336,53.86600112915039,54.73749923706055,53.60499954223633,54.2135009765625,42434000
2018-04-23,53.287872314453125,53.69049835205078,54.400001525878906,53.33399963378906,54.14899826049805,69590000
2018-04-24,50.7485580444336,51.13199996948242,53.2244987487793,50.64300155639648,52.959999084472656,128220000
2018-04-25,50.76592254638672,51.14950180053711,51.80350112915039,50.85049819946289,51.48749923706055,57860000
2018-04-26,51.77430725097656,52.16550064086914,52.60100173950195,51.022499084472656,51.6609992980957,50926000
2018-04-27,51.18575286865234,51.5724983215332,52.584999084472656,51.37950134277344,52.277000427246094,40746000
2018-04-30,50.54708099365234,50.92900085449219,51.91849899291992,50.915000915527344,51.72100067138672,34492000
2018-05-01,51.64727020263672,52.03749847412109,52.08649826049805,50.53049850463867,50.81499862670898,35326000
2018-05-02,50.91777801513672,51.3025016784668,52.19900131225586,51.15800094604492,51.70000076293945,34698000
2018-05-03,50.93019104003906,51.31499862670898,51.53450012207031,50.39450073242188,51.26850128173828,39282000
2018-05-04,52.15592193603516,52.54999923706055,52.59400177001953,50.90250015258789,50.980499267578125,36892000
2018-05-07,52.57574844360352,52.97299957275391,53.25,52.51350021362305,52.69449996948242,34400000
2018-05-08,52.53257751464844,52.929500579833984,53.26150131225586,52.58200073242188,53.23099899291992,26030000
2018-05-09,54.03919219970703,54.4474983215332,54.70000076293945,53.105499267578125,53.20500183105469,47160000
2018-05-10,54.859004974365234,55.27349853515625,55.47050094604492,54.69400024414063,54.75,36414000
2018-05-11,54.75528335571289,55.16899871826172,55.45050048828125,54.86100006103516,55.02050018310547,30504000
2018-05-14,54.91508102416992,55.33000183105469,55.907501220703125,55.2400016784668,55.27849960327149,39338000
2018-05-15,53.83673095703125,54.243499755859375,54.95600128173828,53.93899917602539,54.845001220703125,35738000
2018-05-16,53.79800796508789,54.204498291015625,54.71900177001953,54.08150100708008,54.25450134277344,25628000
2018-05-17,53.6575813293457,54.0629997253418,54.54999923706055,53.82099914550781,54.073001861572266,25738000
2018-05-18,53.08092880249024,53.48199844360352,53.686500549316406,53.23400115966797,53.29999923706055,35482000
2018-05-21,53.79404830932617,54.20050048828125,54.665000915527344,53.900001525878906,53.95000076293945,25180000
2018-05-22,53.36230850219727,53.76549911499024,54.59000015258789,53.61299896240234,54.4900016784668,22226000
2018-05-23,53.890811920166016,54.29800033569336,54.400001525878906,53.34799957275391,53.5,23740000
2018-05-24,53.865509033203125,54.272499084472656,54.35599899291992,53.6150016784668,54.345001220703125,20604000
2018-05-25,53.79752349853516,54.20399856567383,54.47850036621094,54.130001068115234,54.32749938964844,22224000
2018-05-29,53.00302505493164,53.40349960327149,54.06700134277344,53.15399932861328,53.79999923706055,36076000
2018-05-30,53.46950149536133,53.87350082397461,53.949501037597656,53.32749938964844,53.67399978637695,28686000
2018-05-31,54.58755493164063,55.0,55.5,53.900001525878906,54.09999847412109,79368000
2018-06-01,56.32442855834961,56.75,56.90800094604492,55.60049819946289,55.64350128173828,63202000
2018-06-04,57.21966552734375,57.652000427246094,57.89300155639648,56.84999847412109,56.92499923706055,44754000
2018-06-05,57.11941909790039,57.55099868774414,58.05500030517578,57.37300109863281,57.733001708984375,32964000
2018-06-06,56.91744613647461,57.34749984741211,57.73550033569336,56.81600189208984,57.63850021362305,34934000
2018-06-07,56.29564666748047,56.72100067138672,57.29349899291992,56.305999755859375,57.229000091552734,36108000
2018-06-08,56.210784912109375,56.635501861572266,56.93899917602539,56.1614990234375,56.56050109863281,27284000
2018-06-11,56.61722183227539,57.04499816894531,57.387001037597656,56.56999969482422,56.64699935913086,24796000
2018-06-12,56.978981018066406,57.40950012207031,57.4375,57.05099868774414,57.05099868774414,26092000
2018-06-13,56.78246688842773,57.21149826049805,57.78200149536133,57.16899871826172,57.61399841308594,34302000
2018-06-14,57.57051467895508,58.00550079345703,58.29949951171875,57.52999877929688,57.61050033569336,35422000
2018-06-15,57.52882385253906,57.9635009765625,58.195499420166016,57.68450164794922,57.99599838256836,44438000
2018-06-18,58.73521423339844,59.17900085449219,59.20650100708008,57.54999923706055,57.634498596191406,33038000
2018-06-19,58.4925537109375,58.93450164794922,59.14049911499024,58.08050155639648,58.50550079345703,47282000
2018-06-20,58.759521484375,59.20349884033203,60.074501037597656,59.10150146484375,59.165000915527344,51686000
2018-06-21,58.03351211547852,58.47200012207031,59.51649856567383,58.17399978637695,59.2755012512207,44966000
2018-06-22,58.02607345581055,58.464500427246094,58.75,57.98249816894531,58.574501037597656,34220000
2018-06-25,56.53682708740234,56.9640007019043,57.79949951171875,55.994998931884766,57.75,57682000
2018-06-26,56.206321716308594,56.63100051879883,57.34349822998047,56.45000076293945,57.20700073242188,34688000
2018-06-27,55.428199768066406,55.84700012207031,57.31050109863281,55.834999084472656,56.79999923706055,34538000
2018-06-28,55.91651153564453,56.3390007019043,56.70000076293945,55.30350112915039,55.61949920654297,29726000
2018-06-29,56.03610610961914,56.45949935913086,57.06800079345703,56.35100173950195,56.615501403808594,31562000
2018-07-02,56.67726135253906,57.105499267578125,57.14950180053711,55.33000183105469,55.76750183105469,23216000
2018-07-03,55.39544677734375,55.81399917602539,57.49549865722656,55.72150039672852,57.47100067138672,16448000
2018-07-05,56.636566162109375,57.06449890136719,57.20700073242188,56.15599822998047,56.22999954223633,28594000
2018-07-06,57.32090377807617,57.75400161743164,57.810001373291016,56.86199951171875,57.0885009765625,21820000
2018-07-09,57.92631912231445,58.36399841308594,58.39649963378906,57.86149978637695,58.0,21584000
2018-07-10,57.91937255859375,58.35699844360352,58.67499923706055,58.12799835205078,58.4995002746582,21334000
2018-07-11,58.13376235961914,58.573001861572266,59.02199935913086,57.76850128173828,57.78099822998047,33252000
2018-07-12,59.61258316040039,60.0629997253418,60.0994987487793,58.65499877929688,58.74300003051758,44148000
2018-07-13,59.76940155029297,60.22100067138672,60.52199935913086,59.76449966430664,60.13999938964844,32612000
2018-07-16,59.37686538696289,59.82550048828125,60.43550109863281,59.66999816894531,60.19049835205078,26784000
2018-07-17,60.19915390014648,60.65399932861328,60.9379997253418,59.09999847412109,59.137001037597656,40162000
2018-07-18,60.19071578979492,60.64550018310547,61.079498291015625,60.22800064086914,60.42649841308594,38948000
2018-07-19,59.50539779663086,59.95500183105469,60.82400131225586,59.88650131225586,60.33250045776367,38338000
2018-07-20,59.444854736328125,59.89400100708008,60.53850173950195,59.829498291015625,59.96200180053711,37938000
2018-07-23,60.0959358215332,60.54999923706055,60.755001068115234,59.60049819946289,59.78300094604492,65446000
2018-07-24,62.43575286865234,62.907501220703125,63.75,62.20700073242188,63.54999923706055,107600000
2018-07-25,63.31858444213867,63.797000885009766,63.9119987487793,62.45249938964844,62.63100051879883,51104000
2018-07-26,63.792999267578125,64.2750015258789,64.37000274658203,63.150001525878906,63.35900115966797,54686000
2018-07-27,62.17472839355469,62.64450073242188,64.5719985961914,62.2244987487793,64.45600128173828,48362000
2018-07-30,61.040794372558594,61.50199890136719,62.64450073242188,61.20849990844727,62.25249862670898,43896000
2018-07-31,60.90084457397461,61.36100006103516,62.06050109863281,60.80950164794922,61.58549880981445,39382000
2018-08-01,61.18718719482422,61.64950180053711,62.29499816894531,61.24700164794922,61.95550155639648,36994000
2018-08-02,61.59113693237305,62.05649948120117,62.22050094604492,60.90299987792969,60.92499923706055,34704000
2018-08-03,61.44374465942383,61.90800094604492,62.32600021362305,61.47100067138672,62.25899887084961,21264000
2018-08-06,61.41943359375,61.88349914550781,62.12300109863281,61.5265007019043,62.08050155639648,22114000
2018-08-07,62.32112121582031,62.79199981689453,63.30400085449219,62.59000015258789,62.60049819946289,42506000
2018-08-08,62.59355926513672,63.06650161743164,63.58599853515625,62.60599899291992,62.83599853515625,34344000
2018-08-09,62.74888229370117,63.22299957275391,63.59799957275391,63.005001068115234,63.13650131225586,27326000
2018-08-10,62.15586853027344,62.6254997253418,63.060001373291016,62.358001708984375,62.95899963378906,26602000
2018-08-13,61.96381759643555,62.43199920654297,63.29850006103516,62.35150146484375,62.560001373291016,27500000
2018-08-14,62.43525695800781,62.90700149536133,63.02949905395508,61.97700119018555,62.625,28080000
2018-08-15,61.14897537231445,61.61100006103516,62.5989990234375,61.3120002746582,62.2140007019043,37052000
2018-08-16,60.74403762817383,61.20299911499024,62.185001373291016,60.98149871826172,62.0994987487793,32176000
2018-08-17,60.33661651611328,60.79249954223633,61.34749984741211,60.20000076293945,61.10200119018555,33092000
2018-08-20,60.63932418823242,61.09749984741211,61.295501708984375,60.435001373291016,61.03300094604492,22218000
2018-08-21,60.41402816772461,60.87049865722656,61.63800048828125,60.75149917602539,61.1510009765625,23082000
2018-08-22,60.62940216064453,61.087501525878906,61.32649993896485,60.6609992980957,60.71099853515625,22296000
2018-08-23,60.6001205444336,61.05799865722656,61.75849914550781,60.96749877929688,60.99399948120117,24666000
2018-08-24,61.37377548217773,61.837501525878906,61.869998931884766,61.07099914550781,61.29999923706055,24454000
2018-08-27,62.34245681762695,62.8134994506836,62.89350128173828,62.03400039672852,62.20700073242188,28580000
2018-08-28,61.82586288452149,62.292999267578125,62.82799911499024,62.14849853515625,62.79499816894531,27330000
2018-08-29,62.75831604003906,63.23249816894531,63.35850143432617,62.63999938964844,62.75,36926000
2018-08-30,62.25164794921875,62.72200012207031,63.4744987487793,62.36050033569336,63.16999816894531,30104000
2018-08-31,61.12813568115234,61.59000015258789,62.62749862670898,61.28749847412109,62.61050033569336,42308000
2018-09-04,60.1113166809082,60.56549835205078,61.39350128173828,60.32799911499024,61.1259994506836,41458000
2018-09-05,59.50539779663086,59.95500183105469,60.743499755859375,58.766998291015625,60.46099853515625,53988000
2018-09-06,58.75556182861328,59.199501037597656,59.949501037597656,58.18050003051758,59.92850112915039,46854000
2018-09-07,58.43796157836914,58.87950134277344,59.4275016784668,58.4635009765625,58.59999847412109,32658000
2018-09-10,58.31240463256836,58.75299835205078,59.33300018310547,58.53049850463867,59.209999084472656,27670000
2018-09-11,59.053314208984375,59.4995002746582,59.547000885009766,58.29750061035156,58.55500030517578,29254000
2018-09-12,58.14070892333984,58.58000183105469,59.53450012207031,58.30799865722656,59.09999847412109,35716000
2018-09-13,58.66375350952149,59.10699844360352,59.39300155639648,58.46099853515625,58.98500061035156,40068000
2018-09-14,58.45730972290039,58.89899826049805,59.400001525878906,58.67599868774414,59.400001525878906,24176000
2018-09-17,57.55662536621094,57.99150085449219,59.09099960327149,57.92300033569336,58.88850021362305,34096000
2018-09-18,57.91788864135742,58.355499267578125,59.06650161743164,58.07149887084961,58.132999420166016,32314000
2018-09-19,58.27320861816406,58.7135009765625,58.8134994506836,57.930999755859375,58.448001861572266,25962000
2018-09-20,59.131717681884766,59.57849884033203,59.70000076293945,58.8125,59.03350067138672,29244000
2018-09-21,58.16650772094727,58.60599899291992,59.82899856567383,58.60300064086914,59.74599838256836,91222000
2018-09-24,58.53572463989258,58.97800064086914,59.259498596191406,57.57500076293945,57.97050094604492,31150000
2018-09-25,59.246849060058594,59.69449996948242,59.84299850463867,58.704498291015625,59.212501525878906,33152000
2018-09-26,59.25528335571289,59.70299911499024,60.36199951171875,59.27000045776367,59.68450164794922,37650000
2018-09-27,59.9152946472168,60.36800003051758,60.84299850463867,59.90250015258789,60.0,36274000
2018-09-28,59.901405334472656,60.354000091552734,60.42250061035156,59.89149856567383,60.204498291015625,35612000
2018-10-01,59.97335433959961,60.42649841308594,61.209999084472656,60.15950012207031,60.650001525878906,33164000
2018-10-02,59.929195404052734,60.38199996948242,61.22600173950195,59.983001708984375,60.33349990844727,40180000
2018-10-03,60.12223434448242,60.57649993896485,60.70899963378906,60.10749816894531,60.59999847412109,26246000
2018-10-04,58.41215515136719,58.85350036621094,60.29499816894531,58.192501068115234,60.25149917602539,46576000
2018-10-05,57.95362091064453,58.39149856567383,59.09999847412109,57.71599960327149,58.79999923706055,31852000
2018-10-08,57.362579345703125,57.79600143432617,58.792999267578125,56.77000045776367,58.0,46190000
2018-10-09,56.82911682128906,57.25849914550781,58.07749938964844,57.20849990844727,57.56549835205078,33690000
2018-10-10,54.19849395751953,54.608001708984375,56.85100173950195,54.57550048828125,56.81999969482422,58980000
2018-10-11,54.12802505493164,54.5369987487793,55.803001403808594,53.79449844360352,53.95199966430664,67696000
2018-10-12,55.60684967041016,56.027000427246094,56.291500091552734,54.75149917602539,55.98199844360352,49370000
2018-10-15,54.70863723754883,55.12200164794922,56.09000015258789,54.9109992980957,55.900001525878906,30074000
2018-10-16,56.22914505004883,56.65399932861328,56.81850051879883,55.587501525878906,55.67399978637695,38378000
2018-10-17,55.95670700073242,56.37950134277344,57.34999847412109,55.70000076293945,57.0,35652000
2018-10-18,54.48383712768555,54.89550018310547,56.61750030517578,54.31700134277344,56.5,46152000
2018-10-19,54.84461212158203,55.25899887084961,56.04750061035156,54.85150146484375,55.18550109863281,41286000
2018-10-22,55.15179061889648,55.56850051879883,56.08449935913086,55.0,55.6254997253418,27116000
2018-10-23,55.32745361328125,55.74549865722656,55.900001525878906,53.95050048828125,54.56449890136719,37686000
2018-10-24,52.45963287353516,52.85599899291992,55.83100128173828,52.75299835205078,55.75,49286000
2018-10-25,54.76570892333984,55.179500579833984,55.89099884033203,53.77750015258789,54.01499938964844,72956000
2018-10-26,53.78113555908203,54.1875,55.84999847412109,52.11149978637695,52.416500091552734,106438000
2018-10-29,51.3485221862793,51.73649978637695,55.44150161743164,50.36000061035156,54.82699966430664,81290000
2018-10-30,52.08198165893555,52.47549819946289,52.54499816894531,50.69850158691406,51.0004997253418,59768000
2018-10-31,54.12008285522461,54.52899932861328,55.400001525878906,53.40999984741211,53.40999984741211,70916000
2018-11-01,53.89180755615234,54.29899978637695,54.994998931884766,53.89099884033203,54.56999969482422,40132000
2018-11-02,53.1727409362793,53.574501037597656,54.900001525878906,53.382999420166016,54.45000076293945,43438000
2018-11-05,52.3906478881836,52.7864990234375,53.66749954223633,51.70000076293945,53.62649917602539,45358000
2018-11-06,53.07746505737305,53.47850036621094,53.99100112915039,52.68050003051758,52.7509994506836,28660000
2018-11-07,54.9964599609375,55.4119987487793,55.49649810791016,54.02949905395508,54.17449951171875,43388000
2018-11-08,54.32106018066406,54.73149871826172,55.4109992980957,54.21799850463867,55.3650016784668,33694000
2018-11-09,53.44717025756836,53.85100173950195,54.41749954223633,53.2130012512207,54.20100021362305,34860000
2018-11-12,52.07453918457031,52.46799850463867,53.70500183105469,52.01750183105469,53.65650177001953,34002000
2018-11-13,52.00556182861328,52.39849853515625,53.33349990844727,52.02000045776367,52.740501403808594,25750000
2018-11-14,52.33358383178711,52.729000091552734,53.28950119018555,52.05550003051758,53.0,34666000
2018-11-15,53.150909423828125,53.5525016784668,53.94350051879883,52.06449890136719,52.573001861572266,41584000
2018-11-16,53.0129508972168,53.41350173950195,53.62200164794922,52.744998931884766,53.26150131225586,35366000
2018-11-19,50.98576354980469,51.37099838256836,53.400001525878906,51.14350128173828,53.16949844360352,45684000
2018-11-20,51.13612747192383,51.522499084472656,51.86750030517578,50.11050033569336,50.36449813842773,54458000
2018-11-21,51.78026580810547,52.17150115966797,52.73550033569336,51.97299957275391,52.26549911499024,29698000
2018-11-23,51.11876678466797,51.505001068115234,52.150001525878906,51.42599868774414,51.67499923706055,14178000
2018-11-26,52.40106964111328,52.797000885009766,52.84999847412109,51.98849868774414,52.20000076293945,31558000
2018-11-27,52.21944427490234,52.61399841308594,53.3380012512207,52.275001525878906,52.56700134277344,33048000
2018-11-28,54.18013381958008,54.589500427246094,54.64300155639648,52.147499084472656,52.87300109863281,46042000
2018-11-29,54.31858444213867,54.729000091552734,55.00749969482422,54.09999847412109,54.17649841308594,31004000
2018-11-30,55.06643295288086,55.48249816894531,55.48249816894531,54.15900039672852,54.78150177001953,59668000
2018-12-03,55.3994140625,55.81800079345703,56.75,55.58649826049805,56.608001708984375,57532000
2018-12-04,52.72512435913086,53.12350082397461,55.71200180053711,53.03900146484375,55.64950180053711,45630000
2018-12-06,53.4997673034668,53.90399932861328,53.97100067138672,52.124000549316406,52.25,47436000
2018-12-07,51.93657684326172,52.32899856567383,54.25149917602539,51.96849822998047,53.61149978637695,42682000
2018-12-10,52.26411056518555,52.65900039672852,52.97999954223633,51.650001525878906,52.14699935913086,33652000
2018-12-11,52.6844367980957,53.08250045776367,53.52000045776367,52.505001068115234,53.34700012207031,33852000
2018-12-12,53.28390502929688,53.686500549316406,54.58649826049805,53.5984992980957,53.854000091552734,28960000
2018-12-13,53.27447128295898,53.67699813842773,54.42100143432617,53.2495002746582,53.78350067138672,24986000
2018-12-14,52.19115829467773,52.58549880981445,53.58599853515625,52.46849822998047,53.0009994506836,36358000
2018-12-17,50.89792251586914,51.282501220703125,53.11899948120117,50.83150100708008,52.35049819946289,49932000
2018-12-18,51.779273986816406,52.170501708984375,52.984500885009766,51.52399826049805,51.70000076293945,43640000
2018-12-19,51.38475036621094,51.77299880981445,53.78549957275391,50.97150039672852,52.36449813842773,58264000
2018-12-20,50.79520797729492,51.17900085449219,52.37200164794922,50.39300155639648,51.29999923706055,53674000
2018-12-21,49.190826416015625,49.5625,51.88349914550781,49.05950164794922,51.60200119018555,104656000
2018-12-24,48.864295959472656,49.23350143432617,50.60599899291992,48.882999420166016,49.21599960327149,36360000
2018-12-26,51.99960708618164,52.39250183105469,52.42250061035156,49.63249969482422,49.89950180053711,46318000
2018-12-27,52.25021362304688,52.64500045776367,52.66699981689453,50.34999847412109,51.310001373291016,45996000
2018-12-28,51.94154739379883,52.33399963378906,53.21149826049805,52.09999847412109,52.97499847412109,34398000
2018-12-31,51.85619354248047,52.24800109863281,53.14950180053711,51.652000427246094,52.89149856567383,33110000
2019-01-02,52.33854293823242,52.73400115966797,53.03950119018555,51.26399993896485,51.36000061035156,31868000
2019-01-03,50.88899230957031,51.27349853515625,53.3129997253418,51.118499755859375,52.53350067138672,41960000
2019-01-04,53.499271392822266,53.90349960327149,54.0,51.84299850463867,52.12799835205078,46022000
2019-01-07,53.39258575439453,53.79600143432617,54.1349983215332,53.13199996948242,54.04850006103516,47446000
2019-01-08,53.86153793334961,54.26850128173828,54.66749954223633,53.41749954223633,54.29999923706055,35414000
2019-01-09,53.67693710327149,54.08250045776367,54.58200073242188,53.71849822998047,54.39950180053711,26998000
2019-01-10,53.5369873046875,53.94150161743164,53.990501403808594,53.23400115966797,53.74700164794922,26598000
2019-01-11,52.82437515258789,53.2234992980957,53.66849899291992,52.82149887084961,53.494998931884766,30864000
2019-01-14,52.18123245239258,52.57550048828125,52.92250061035156,52.4275016784668,52.66699981689453,28490000
2019-01-15,53.918113708496094,54.32550048828125,54.41350173950195,52.72200012207031,52.9005012512207,37518000
2019-01-16,54.06698226928711,54.47549819946289,55.11800003051758,54.4005012512207,54.5,38280000
2019-01-17,54.543888092041016,54.95600128173828,55.03499984741211,54.16299819946289,54.39950180053711,24896000
2019-01-18,54.94981384277344,55.3650016784668,55.900001525878906,54.9640007019043,55.429500579833984,44892000
2019-01-22,53.52706146240234,53.93149948120117,54.94850158691406,53.54449844360352,54.79999923706055,39632000
2019-01-23,53.81389999389648,54.22050094604492,54.647499084472656,53.37850189208984,54.34299850463867,25194000
2019-01-24,53.793556213378906,54.20000076293945,54.400001525878906,53.5009994506836,54.1254997253418,29114000
2019-01-25,54.6624870300293,55.07550048828125,55.167999267578125,54.59000015258789,54.71149826049805,23260000
2019-01-28,53.58810806274414,53.99300003051758,54.66849899291992,53.730499267578125,54.50350189208984,29334000
2019-01-29,53.10177612304688,53.50299835205078,54.23649978637695,53.30099868774414,54.05199813842773,19704000
2019-01-30,54.48780822753906,54.89950180053711,54.97600173950195,53.83200073242188,53.86800003051758,29452000
2019-01-31,55.87234115600586,56.29449844360352,56.38349914550781,55.26250076293945,55.61199951171875,40232000
2019-02-01,55.51156997680664,55.930999755859375,56.720001220703125,55.712501525878906,56.11449813842773,33116000
2019-02-04,56.64302062988281,57.07099914550781,57.117000579833984,55.8754997253418,55.95050048828125,78408000
2019-02-05,57.161598205566406,57.59349822998047,57.63850021362305,56.18000030517578,56.48149871826172,82296000
2019-02-06,55.72346878051758,56.14450073242188,57.70000076293945,55.917999267578125,57.4635009765625,48256000
2019-02-07,54.88084030151367,55.295501708984375,55.5994987487793,54.679500579833984,55.59099960327149,38298000
2019-02-08,54.70566177368164,55.11899948120117,55.255001068115234,54.71200180053711,54.74399948120117,21766000
2019-02-11,54.6927604675293,55.10599899291992,55.67150115966797,55.0,55.1875,18498000
2019-02-12,55.95621109008789,56.37900161743164,56.64300155639648,55.55049896240234,55.55049896240234,35036000
2019-02-13,56.0083122253418,56.43149948120117,57.14250183105469,56.29999923706055,56.652000427246094,28042000
2019-02-14,56.036598205566406,56.459999084472656,56.80649948120117,55.85449981689453,56.25,21106000
2019-02-15,55.56169128417969,55.98149871826172,56.96500015258789,55.83599853515625,56.96500015258789,27826000
2019-02-19,55.903114318847656,56.32550048828125,56.48199844360352,55.83200073242188,55.83200073242188,21980000
2019-02-20,55.60932922363281,56.02949905395508,56.54650115966797,55.587501525878906,56.44400024414063,24090000
2019-02-21,54.79647064208984,55.21049880981445,55.95750045776367,54.89899826049805,55.93899917602539,33272000
2019-02-22,55.40933990478516,55.82799911499024,55.86249923706055,55.025001525878906,55.48500061035156,29436000
2019-02-25,55.44755554199219,55.86650085449219,56.27000045776367,55.70550155639648,56.09650039672852,26208000
2019-02-26,55.6797981262207,56.10049819946289,56.321998596191406,55.334999084472656,55.71849822998047,35026000
2019-02-27,55.72346878051758,56.14450073242188,56.2864990234375,55.428001403808594,55.70050048828125,22092000
2019-02-28,55.90509414672852,56.32749938964844,56.699501037597656,55.920501708984375,55.95000076293945,27422000
2019-03-01,56.99535751342773,57.42599868774414,57.5,56.54999923706055,56.54999923706055,34086000
2019-03-04,57.23852157592773,57.67100143432617,58.2760009765625,56.91249847412109,57.72800064086914,35490000
2019-03-05,58.0211067199707,58.45949935913086,58.824501037597656,57.6510009765625,57.79999923706055,40094000
2019-03-06,57.810203552246094,58.24700164794922,58.73699951171875,58.15250015258789,58.5880012512207,23602000
2019-03-07,57.11098098754883,57.54249954223633,58.17900085449219,57.08549880981445,58.025001525878906,30086000
2019-03-08,57.06732177734375,57.49850082397461,57.67250061035156,56.5099983215332,56.69499969482422,23694000
2019-03-11,58.52083206176758,58.9630012512207,58.99549865722656,57.57849884033203,57.59999847412109,30032000
2019-03-12,59.4135856628418,59.86249923706055,60.28549957275391,59.1150016784668,59.1150016784668,42220000
2019-03-13,59.50341033935547,59.95299911499024,60.35599899291992,59.89550018310547,60.29650115966797,25888000
2019-03-14,59.17935180664063,59.62649917602539,60.23500061035156,59.561500549316406,59.95100021362305,27302000
2019-03-15,59.06869125366211,59.51499938964844,60.08599853515625,59.35049819946289,59.900001525878906,51886000
2019-03-18,58.98184967041016,59.4275016784668,59.747501373291016,59.07400131225586,59.484500885009766,24442000
2019-03-19,59.67213439941406,60.12300109863281,60.170501708984375,59.47299957275391,59.58599853515625,29788000
2019-03-20,60.86164474487305,61.32149887084961,61.4995002746582,59.97949981689453,60.06999969482422,41508000
2019-03-21,61.3430061340332,61.80649948120117,61.821998596191406,60.82899856567383,61.0,28150000
2019-03-22,59.92969131469727,60.38249969482422,61.68149948120117,60.29999923706055,61.442501068115234,34422000
2019-03-25,59.42003631591797,59.86899948120117,60.47200012207031,59.5,59.97800064086914,27576000
2019-03-26,59.04586791992188,59.492000579833984,60.38249969482422,59.0880012512207,60.259498596191406,30752000
2019-03-27,58.45880126953125,58.9005012512207,59.59600067138672,58.21149826049805,59.59600067138672,29428000
2019-03-28,58.173954010009766,58.61349868774414,58.86249923706055,58.17150115966797,58.775001525878906,22402000
2019-03-29,58.40322494506836,58.84450149536133,59.19850158691406,58.31900024414063,59.00899887084961,30890000
2019-04-01,59.49944305419922,59.94900131225586,60.0099983215332,59.31800079345703,59.37699890136719,27706000
2019-04-02,59.82497787475586,60.277000427246094,60.29050064086914,59.5620002746582,60.00249862670898,18288000
2019-04-03,60.08650588989258,60.54050064086914,61.02999877929688,60.25400161743164,60.6349983215332,22180000
2019-04-04,60.51526641845703,60.97249984741211,61.02750015258789,60.45199966430664,60.56449890136719,21022000
2019-04-05,60.11825942993164,60.5724983215332,61.01950073242188,60.50149917602539,60.96500015258789,20012000
2019-04-08,59.96095275878906,60.41400146484375,60.6974983215332,60.23500061035156,60.55550003051758,21750000
2019-04-09,59.68354415893555,60.134498596191406,60.35749816894531,59.91899871826172,60.09450149536133,19668000
2019-04-10,59.87013626098633,60.3224983215332,60.446998596191406,60.03300094604492,60.25450134277344,15510000
2019-04-11,60.02595901489258,60.47949981689453,60.637001037597656,60.22700119018555,60.44499969482422,16998000
2019-04-12,60.678035736083984,61.13650131225586,61.15250015258789,60.66450119018555,60.78099822998047,24312000
2019-04-15,60.866607666015625,61.32649993896485,61.46500015258789,60.72800064086914,61.204498291015625,23796000
2019-04-16,61.13359069824219,61.59550094604492,61.79899978637695,61.25199890136719,61.5,22622000
2019-04-17,61.5420036315918,62.00699996948242,62.255001068115234,61.64500045776367,61.84999847412109,30366000
2019-04-18,61.60801315307617,62.07350158691406,62.297000885009766,61.97050094604492,62.25,24750000
2019-04-22,62.217899322509766,62.6879997253418,62.71699905395508,61.66849899291992,61.83349990844727,19084000
2019-04-23,63.05308151245117,63.52949905395508,63.72150039672852,62.5984992980957,62.83200073242188,31868000
2019-04-24,62.5300407409668,63.00249862670898,63.70000076293945,62.990501403808594,63.52949905395508,23396000
2019-04-25,62.89180755615234,63.367000579833984,63.63999938964844,62.900001525878906,63.51499938964844,31344000
2019-04-26,63.39202499389648,63.87099838256836,63.945499420166016,63.25,63.66899871826172,27228000
2019-04-29,64.32398986816406,64.80999755859375,64.84850311279297,63.58549880981445,64.02549743652344,72368000
2019-04-30,59.498443603515625,59.948001861572266,60.04899978637695,59.150001525878906,59.53150177001953,133178000
2019-05-01,58.22605895996094,58.66600036621094,59.962501525878906,58.58399963378906,59.875,74340000
2019-05-02,57.88811492919922,58.32550048828125,58.96900177001953,57.916500091552734,58.630001068115234,45098000
2019-05-03,59.03147506713867,59.477500915527344,59.56999969482422,58.6775016784668,58.87049865722656,41588000
2019-05-06,59.22551727294922,59.67300033569336,59.77149963378906,58.55799865722656,58.59999847412109,31774000
2019-05-07,58.50098419189453,58.94300079345703,59.73849868774414,58.25,59.29050064086914,36604000
2019-05-08,58.10001754760742,58.53900146484375,59.2135009765625,58.38150024414063,58.86449813842773,25520000
2019-05-09,57.960567474365234,58.39849853515625,58.70349884033203,57.73199844360352,58.130001068115234,29556000
2019-05-10,57.94419479370117,58.38199996948242,58.81399917602539,57.31850051879883,58.44200134277344,31650000
2019-05-13,56.40332794189453,56.829498291015625,57.5984992980957,56.275001525878906,57.262001037597656,45626000
2019-05-14,55.821231842041016,56.24300003051758,57.243499755859375,56.17649841308594,57.11600112915039,40392000
2019-05-15,58.10100555419922,58.540000915527344,58.915000915527344,56.06999969482422,56.12749862670898,59302000
2019-05-16,58.78086853027344,59.22499847412109,59.70800018310547,58.42250061035156,58.59199905395508,35308000
2019-05-17,58.00076675415039,58.43899917602539,59.31449890136719,58.32099914550781,58.791500091552734,25362000
2019-05-20,56.80380630493164,57.233001708984375,57.650001525878906,56.90700149536133,57.650001525878906,30602000
2019-05-21,57.28914260864258,57.72200012207031,57.900001525878906,57.16550064086914,57.7239990234375,20562000
2019-05-22,57.359107971191406,57.79249954223633,58.18899917602539,57.54999923706055,57.5625,18826000
2019-05-23,56.837547302246094,57.266998291015625,57.50249862670898,56.65800094604492,57.30350112915039,25214000
2019-05-24,56.50357437133789,56.93050003051758,57.71799850463867,56.83549880981445,57.59999847412109,18554000
2019-05-28,56.55072021484375,56.97800064086914,57.824501037597656,56.93349838256836,57.07400131225586,20948000
2019-05-29,55.57707595825195,55.99700164794922,56.75,55.59749984741211,56.6349983215332,36230000
2019-05-30,55.650020599365234,56.070499420166016,56.34000015258789,55.79499816894531,56.00749969482422,18088000
2019-05-31,54.91011428833008,55.32500076293945,55.66999816894531,55.16749954223633,55.28200149536133,31582000
2019-06-03,51.54752349853516,51.9370002746582,53.34999847412109,51.35150146484375,53.34650039672852,96890000
2019-06-04,52.3291130065918,52.7244987487793,52.922000885009766,51.80149841308594,52.2244987487793,60512000
2019-06-05,51.84030532836914,52.23199844360352,52.84049987792969,51.650001525878906,52.75,46988000
2019-06-06,51.99514389038086,52.38800048828125,52.5,51.7755012512207,52.31050109863281,29020000
2019-06-07,53.01790618896485,53.41849899291992,53.67150115966797,52.557498931884766,52.7140007019043,43828000
2019-06-10,53.73200988769531,54.13800048828125,54.742000579833984,53.76399993896485,53.84999847412109,28510000
2019-06-11,53.64665603637695,54.05199813842773,55.20050048828125,53.97850036621094,54.8494987487793,33508000
2019-06-12,53.550392150878906,53.95500183105469,54.1259994506836,53.47999954223633,53.997501373291016,23670000
2019-06-13,54.14142227172852,54.55049896240234,54.829498291015625,54.12850189208984,54.23550033569336,20814000
2019-06-14,53.90768432617188,54.31499862670898,54.73799896240234,54.07400131225586,54.48699951171875,24582000
2019-06-17,54.28434371948242,54.69449996948242,55.06399917602539,54.400001525878906,54.45500183105469,19770000
2019-06-18,54.84758758544922,55.262001037597656,55.93899917602539,55.03950119018555,55.57500076293945,34526000
2019-06-19,54.81135559082031,55.22549819946289,55.47150039672852,54.80149841308594,55.36199951171875,26714000
2019-06-20,55.24260330200195,55.65999984741211,56.13600158691406,55.34999847412109,56.084999084472656,24018000
2019-06-21,55.84654235839844,56.26850128173828,56.32849884033203,55.48600006103516,55.49300003051758,50774000
2019-06-24,55.416290283203125,55.834999084472656,56.17850112915039,55.66550064086914,56.0,24236000
2019-06-25,53.97121047973633,54.37900161743164,55.78499984741211,54.22999954223633,55.75400161743164,31644000
2019-06-26,53.61093521118164,54.01599884033203,54.75600051879883,53.68450164794922,54.54999923706055,34698000
2019-06-27,53.42781448364258,53.83150100708008,54.42300033569336,53.79249954223633,54.337501525878906,24078000
2019-06-28,53.734004974365234,54.13999938964844,54.13999938964844,53.68999862670898,53.86149978637695,33672000
2019-07-01,54.58755493164063,55.0,55.429500579833984,54.76649856567383,55.05199813842773,29196000
2019-07-02,55.21282958984375,55.630001068115234,55.64450073242188,54.98350143432617,55.24150085449219,20630000
2019-07-03,55.72843551635742,56.14950180053711,56.39950180053711,55.74250030517578,55.92499923706055,20154000
2019-07-05,56.20880126953125,56.63349914550781,56.73249816894531,55.875,55.96849822998047,29794000
2019-07-08,55.42075729370117,55.839500427246094,56.36050033569336,55.5880012512207,56.29349899291992,29888000
2019-07-09,55.792945861816406,56.214500427246094,56.39300155639648,55.35749816894531,55.51599884033203,29472000
2019-07-10,56.61771774291992,57.045501708984375,57.117000579833984,56.53300094604492,56.61600112915039,30710000
2019-07-11,56.7750244140625,57.20399856567383,57.6619987487793,56.97650146484375,57.30799865722656,26004000
2019-07-12,56.837547302246094,57.266998291015625,57.375,56.928001403808594,57.14649963378906,21878000
2019-07-15,57.09411239624024,57.5255012512207,57.53400039672852,57.0,57.266998291015625,21164000
2019-07-16,57.24050521850586,57.67300033569336,57.92900085449219,57.33649826049805,57.33649826049805,25352000
2019-07-17,56.90702438354492,57.33700180053711,57.922000885009766,57.33100128173828,57.54600143432617,19538000
2019-07-18,56.93183898925781,57.36199951171875,57.40850067138672,56.64300155639648,57.09999847412109,25450000
2019-07-19,56.15322494506836,56.57749938964844,57.57899856567383,56.5625,57.46599960327149,23184000
2019-07-22,56.53334426879883,56.96049880981445,57.0009994506836,56.260501861572266,56.77349853515625,28914000
2019-07-23,56.9720344543457,57.40250015258789,57.44300079345703,56.64250183105469,57.17250061035156,20648000
2019-07-24,56.55915069580078,56.98649978637695,57.27299880981445,56.42549896240234,56.63100051879883,27192000
2019-07-25,56.37107849121094,56.797000885009766,57.179500579833984,56.18550109863281,56.9474983215332,54762000
2019-07-26,61.79410552978516,62.26100158691406,63.41949844360352,61.400001525878906,61.400001525878906,121216000
2019-07-29,61.62636566162109,62.09199905395508,62.449501037597656,61.5099983215332,62.125,41382000
2019-07-30,60.9395637512207,61.400001525878906,61.84550094604492,61.26599884033203,61.34999847412109,28616000
2019-07-31,60.45323181152344,60.90999984741211,61.74549865722656,60.40900039672852,61.243499755859375,39960000
2019-08-01,60.13463973999024,60.5890007019043,61.81499862670898,60.34999847412109,60.88150024414063,35426000
2019-08-02,59.36743927001953,59.81600189208984,60.47499847412109,59.5,60.150001525878906,34910000
2019-08-05,57.30452728271485,57.73749923706055,58.84400177001953,57.13750076293945,58.64849853515625,47840000
2019-08-06,58.11489868164063,58.55400085449219,59.06999969482422,58.07649993896485,58.2760009765625,36014000
2019-08-07,58.35459518432617,58.795501708984375,58.993499755859375,57.54199981689453,57.88999938964844,30686000
2019-08-08,59.85723876953125,60.30950164794922,60.31399917602539,58.70000076293945,59.32149887084961,30116000
2019-08-09,58.99921798706055,59.44499969482422,60.22299957275391,59.24449920654297,59.9995002746582,20418000
2019-08-12,58.28461837768555,58.72499847412109,59.28049850463867,58.43600082397461,59.0,22064000
2019-08-13,59.387786865234375,59.83649826049805,60.27149963378906,58.64950180053711,58.71749877929688,28434000
2019-08-14,57.77595520019531,58.212501525878906,59.13949966430664,58.05350112915039,58.80350112915039,35430000
2019-08-15,58.02756118774414,58.46599960327149,58.82099914550781,58.150001525878906,58.42150115966797,28506000
2019-08-16,58.51835250854492,58.96049880981445,59.19200134277344,58.650001525878906,59.03950119018555,24916000
2019-08-19,59.5718879699707,60.02199935913086,60.46950149536133,59.52000045776367,59.59149932861328,24450000
2019-08-20,58.73273086547852,59.17649841308594,59.900001525878906,59.15250015258789,59.76750183105469,20206000
2019-08-21,59.1322135925293,59.57899856567383,60.02799987792969,59.39599990844727,59.79100036621094,14152000
2019-08-22,59.12923812866211,59.57600021362305,59.93899917602539,58.945499420166016,59.68999862670898,17352000
2019-08-23,57.24646759033203,57.67900085449219,59.78350067138672,57.5,59.25849914550781,36254000
2019-08-26,58.1198616027832,58.55899810791016,58.59299850463867,57.74250030517578,57.97249984741211,21166000
2019-08-27,58.10199737548828,58.54100036621094,59.25,58.22800064086914,59.150001525878906,23460000
2019-08-28,58.24739837646485,58.6875,58.92499923706055,58.01250076293945,58.243499755859375,16810000
2019-08-29,59.26421737670898,59.71200180053711,59.95949935913086,59.26399993896485,59.32099914550781,19636000
2019-08-30,59.08010482788086,59.5265007019043,60.01750183105469,59.2859992980957,60.01750183105469,18064000
2019-09-03,58.03897476196289,58.477500915527344,59.45399856567383,58.18550109863281,59.09249877929688,25908000
2019-09-04,58.670204162597656,59.11349868774414,59.24399948120117,58.57649993896485,58.97249984741211,21312000
2019-09-05,60.15498733520508,60.609500885009766,60.70000076293945,59.634498596191406,59.68299865722656,26394000
2019-09-06,59.86368942260742,60.31600189208984,60.647499084472656,60.16299819946289,60.45700073242188,18972000
2019-09-09,59.81158065795898,60.26350021362305,61.02750015258789,59.65850067138672,60.354000091552734,31854000
2019-09-10,59.832916259765625,60.28499984741211,60.5,59.80049896240234,59.804500579833984,27922000
2019-09-11,60.54256057739258,61.0,61.12350082397461,60.11399841308594,60.19449996948242,23522000
2019-09-12,61.28544235229492,61.74850082397461,62.12099838256836,61.12799835205078,61.17350006103516,31644000
2019-09-13,61.53654098510742,62.00149917602539,62.0525016784668,61.354000091552734,61.605499267578125,23676000
2019-09-16,61.11969757080078,61.58150100708008,61.95100021362305,61.259498596191406,61.52199935913086,28218000
2019-09-17,61.03285217285156,61.49399948120117,61.75,61.16749954223633,61.58150100708008,20806000
2019-09-18,61.17031478881836,61.63249969482422,61.8120002746582,60.82350158691406,61.512001037597656,17440000
2019-09-19,61.473026275634766,61.9375,62.21699905395508,61.615501403808594,61.61600112915039,16554000
2019-09-20,61.03086853027344,61.492000579833984,62.13999938964844,61.17900085449219,61.68199920654297,37692000
2019-09-23,61.27154922485352,61.734500885009766,61.98400115966797,61.18899917602539,61.32849884033203,20798000
2019-09-24,60.45968627929688,60.916500091552734,62.355499267578125,60.53200149536133,62.0,35804000
2019-09-25,61.829833984375,62.297000885009766,62.4010009765625,60.459999084472656,60.80049896240234,26798000
2019-09-26,61.64869689941406,62.11449813842773,62.23350143432617,61.59099960327149,62.10699844360352,23166000
2019-09-27,60.83782577514648,61.29750061035156,62.2495002746582,60.7599983215332,62.14149856567383,34122000
2019-09-30,60.5991325378418,61.05699920654297,61.37049865722656,60.67100143432617,61.02999877929688,24470000
2019-10-01,59.84780883789063,60.29999923706055,61.64300155639648,60.27750015258789,61.1245002746582,24504000
2019-10-02,58.45433807373047,58.89599990844727,59.9379997253418,58.63150024414063,59.82500076293945,33030000
2019-10-03,59.02552032470703,59.47150039672852,59.54999923706055,58.15700149536133,59.16699981689453,28368000
2019-10-04,60.09394454956055,60.54800033569336,60.62300109863281,59.54850006103516,59.714500427246094,24282000
2019-10-07,59.9594612121582,60.41249847412109,60.945499420166016,60.21799850463867,60.34999847412109,17040000
2019-10-08,59.06025314331055,59.50650024414063,60.34349822998047,59.4739990234375,59.9384994506836,20086000
2019-10-09,59.66915512084961,60.119998931884766,60.42300033569336,59.90599822998047,60.06650161743164,15948000
2019-10-10,60.02000427246094,60.4734992980957,60.78099822998047,59.89300155639648,59.93000030517578,12842000
2019-10-11,60.32966613769531,60.78549957275391,61.4375,60.68199920654297,61.20149993896485,22330000
2019-10-14,60.43189239501953,60.88850021362305,61.29399871826172,60.59400177001953,60.69449996948242,13296000
2019-10-15,61.646217346191406,62.11199951171875,62.35649871826172,61.04600143432617,61.07500076293945,27584000
2019-10-16,61.68393707275391,62.150001525878906,62.70949935913086,61.92649841308594,62.09049987792969,22986000
2019-10-17,62.170257568359375,62.63999938964844,63.1875,62.493499755859375,62.56999969482422,20958000
2019-10-18,61.75390625,62.22050094604492,62.90549850463867,62.00699996948242,62.734500885009766,31624000
2019-10-21,61.74745559692383,62.2140007019043,62.67549896240234,61.9995002746582,62.435001373291016,18094000
2019-10-22,61.5946159362793,62.060001373291016,62.436500549316406,61.99250030517578,62.2239990234375,22862000
2019-10-23,62.40994644165039,62.88150024414063,62.902000427246094,62.010501861572266,62.010501861572266,21282000
2019-10-24,62.483394622802734,62.95550155639648,63.14500045776367,62.61750030517578,62.95550155639648,20224000
2019-10-25,62.74095153808594,63.21500015258789,63.400001525878906,62.45750045776367,62.59999847412109,27104000
2019-10-28,63.9656982421875,64.4489974975586,64.96199798583984,63.615501403808594,63.75,65428000
2019-10-29,62.56031799316406,63.03300094604492,64.04000091552734,62.78049850463867,63.79999923706055,52654000
2019-10-30,62.562294006347656,63.03499984741211,63.4010009765625,62.532501220703125,62.75749969482422,29204000
2019-10-31,62.4680061340332,62.93999862670898,63.32600021362305,62.4739990234375,63.0,31904000
2019-11-01,63.13546752929688,63.61249923706055,63.650001525878906,62.98550033569336,63.290000915527344,28812000
2019-11-04,63.99695587158203,64.48049926757812,64.625,63.80550003051758,63.80550003051758,30632000
2019-11-05,64.08776092529297,64.5719985961914,64.86199951171875,64.46900177001953,64.55999755859375,25148000
2019-11-06,64.06643676757812,64.55049896240234,64.64949798583984,64.1135025024414,64.50450134277344,24626000
2019-11-07,64.8569564819336,65.34700012207031,66.13249969482422,64.6875,64.71399688720703,45140000
2019-11-08,64.95919036865234,65.44999694824219,65.85549926757812,65.07599639892578,65.07599639892578,30392000
2019-11-11,64.42720031738281,64.91400146484375,65.24500274658203,64.79350280761719,65.19999694824219,17234000
2019-11-12,64.37409973144531,64.8604965209961,65.46749877929688,64.71199798583984,64.92849731445312,28852000
2019-11-13,64.32299041748047,64.80899810791016,65.1259994506836,64.60749816894531,64.65899658203125,20538000
2019-11-14,64.96662139892578,65.4574966430664,65.78600311279297,64.6969985961914,64.75,28948000
2019-11-15,66.17698669433594,66.677001953125,66.677001953125,65.59449768066406,65.75250244140625,39286000
2019-11-18,65.49711608886719,65.99199676513672,66.69599914550781,65.80799865722656,66.61699676513672,27984000
2019-11-19,65.13733673095703,65.62950134277344,66.33149719238281,65.5885009765625,66.33149719238281,21864000
2019-11-20,64.60486602783203,65.09300231933594,65.6604995727539,64.46050262451172,65.56800079345703,28892000
2019-11-21,64.5195083618164,65.00700378417969,65.55599975585938,64.5374984741211,64.9625015258789,25546000
2019-11-22,64.19844818115234,64.68350219726562,65.34500122070312,64.46800231933594,65.1500015258789,27776000
2019-11-25,64.79244995117188,65.28199768066406,65.52050018310547,64.78050231933594,64.81300354003906,23590000
2019-11-26,65.15769958496094,65.6500015258789,65.70050048828125,65.2020034790039,65.49549865722656,21910000
2019-11-27,65.114501953125,65.60649871826172,65.88200378417969,65.47350311279297,65.77100372314453,18808000
2019-11-29,64.71552276611328,65.20449829101562,65.49749755859375,65.1614990234375,65.33000183105469,12802000
2019-12-02,63.95975112915039,64.44300079345703,65.27200317382812,64.01899719238281,65.12799835205078,26538000
2019-12-03,64.25154113769531,64.73699951171875,64.86150360107422,63.852500915527344,63.93299865722656,25270000
2019-12-04,65.45245361328125,65.9469985961914,66.2135009765625,65.15249633789062,65.30500030517578,35506000
2019-12-05,65.85044860839844,66.3479995727539,66.39900207519531,65.71600341796875,66.3499984741211,24408000
2019-12-06,66.46728515625,66.96949768066406,67.12349700927734,66.5615005493164,66.63749694824219,32968000
2019-12-09,66.64594268798828,67.14949798583984,67.87750244140625,66.80349731445312,66.94300079345703,30842000
2019-12-10,66.64097595214844,67.14450073242188,67.4000015258789,66.69999694824219,66.99700164794922,17606000
2019-12-11,66.7084732055664,67.2125015258789,67.49449920654297,67.05500030517578,67.41500091552734,20480000
2019-12-12,66.91887664794922,67.42449951171875,67.72899627685547,66.91000366210938,67.1604995727539,29114000
2019-12-13,66.83848571777344,67.34349822998047,67.56749725341797,67.08300018310547,67.3949966430664,33170000
2019-12-16,67.52481079101562,68.03500366210938,68.17649841308594,67.53050231933594,67.75,28128000
2019-12-17,67.23648071289062,67.74449920654297,68.21649932861328,67.53849792480469,68.12049865722656,32948000
2019-12-18,67.08859252929688,67.59549713134766,67.97149658203125,67.52300262451172,67.8499984741211,23330000
2019-12-19,67.31340026855469,67.8219985961914,67.87650299072266,67.4375,67.59549713134766,28922000
2019-12-20,67.05435943603516,67.56099700927734,68.19999694824219,67.5364990234375,68.15499877929688,50090000
2019-12-23,67.02508544921875,67.53150177001953,68.09249877929688,67.4000015258789,67.9365005493164,19936000
2019-12-24,66.71739196777344,67.22149658203125,67.60050201416016,67.20850372314453,67.510498046875,13468000
2019-12-26,67.61262512207031,68.12349700927734,68.16000366210938,67.27549743652344,67.32749938964844,23662000
2019-12-27,67.22408294677734,67.73200225830078,68.35250091552734,67.6500015258789,68.19999694824219,23212000
2019-12-30,66.48316955566406,66.9854965209961,67.8499984741211,66.89199829101562,67.84049987792969,19994000
2019-12-31,66.46728515625,66.96949768066406,67.03299713134766,66.60649871826172,66.78949737548828,19514000
2020-01-02,67.92080688476562,68.43399810791016,68.43399810791016,67.32450103759766,67.42050170898438,27278000
2020-01-03,67.56548309326172,68.07599639892578,68.6875,67.36599731445312,67.4000015258789,23408000
2020-01-06,69.36638641357422,69.8905029296875,69.91600036621094,67.55000305175781,67.58149719238281,46768000
2020-01-07,69.23239135742188,69.75550079345703,70.17500305175781,69.5780029296875,70.02300262451172,34330000
2020-01-08,69.72517395019531,70.25199890136719,70.59249877929688,69.63150024414062,69.74099731445312,35314000
2020-01-09,70.45714569091797,70.989501953125,71.43399810791016,70.510498046875,71.09649658203125,33200000
2020-01-10,70.91219329833984,71.447998046875,71.74700164794922,70.9800033569336,71.47350311279297,26258000
2020-01-13,71.46155548095703,72.00150299072266,72.0739974975586,71.26850128173828,71.76249694824219,30730000
2020-01-14,70.99309539794922,71.52950286865234,72.13150024414062,71.38849639892578,72.0,26076000
2020-01-15,71.42037963867188,71.95999908447266,72.03900146484375,71.58300018310547,71.6510009765625,21550000
2020-01-16,71.96426391601562,72.50800323486328,72.53500366210938,72.0,72.27249908447266,26080000
2020-01-17,73.4212417602539,73.97599792480469,74.02749633789062,72.82749938964844,73.12699890136719,52424000
2020-01-21,73.55672454833984,74.11250305175781,74.49400329589844,73.510498046875,73.94999694824219,48930000
2020-01-22,73.63711547851562,74.19349670410156,75.02899932861328,74.13300323486328,74.48650360107422,28458000
2020-01-23,73.67780303955078,74.2344970703125,74.67500305175781,74.01599884033203,74.37750244140625,26650000
2020-01-24,72.7587661743164,73.30850219726562,74.70999908447266,73.15899658203125,74.64099884033203,29786000
2020-01-27,71.0496826171875,71.58650207519531,71.8290023803711,70.9749984741211,71.5770034790039,34132000
2020-01-28,71.98114013671875,72.5250015258789,72.73999786376953,71.51799774169922,72.08699798583984,29724000
2020-01-29,72.28880310058594,72.83499908447266,73.20700073242188,72.26950073242188,72.9229965209961,21566000
2020-01-30,72.167236328125,72.7125015258789,72.76249694824219,71.75,71.90499877929688,27110000
2020-01-31,71.10177612304688,71.63899993896484,73.4834976196289,71.35299682617188,73.39299774169922,43822000
2020-02-03,73.57408905029297,74.12999725341797,74.31500244140625,72.83049774169922,73.0824966430664,71636000
2020-02-04,71.72853088378906,72.27050018310547,73.36699676513672,71.10150146484375,72.72450256347656,95880000
2020-02-05,71.76029205322266,72.30249786376953,73.22899627685547,71.48400115966797,73.18049621582031,36376000
2020-02-06,73.24508666992188,73.79850006103516,74.0780029296875,72.52400207519531,72.5989990234375,37822000
2020-02-07,73.4009017944336,73.95549774169922,74.26249694824219,73.27050018310547,73.36949920654297,28360000
2020-02-10,74.86731719970703,75.43299865722656,75.44400024414062,73.76000213623047,73.86150360107422,38302000
2020-02-11,74.93680572509766,75.50299835205078,76.49400329589844,75.27249908447266,75.66349792480469,34852000
2020-02-12,75.3620834350586,75.93150329589844,76.01499938964844,75.43350219726562,75.79299926757812,31042000
2020-02-13,75.10205841064453,75.66950225830078,76.29750061035156,75.19999694824219,75.5,22914000
2020-02-14,75.36705017089844,75.9365005493164,76.00250244140625,75.27749633789062,75.72650146484375,23198000
2020-02-18,75.40228271484375,75.97200012207031,76.52799987792969,75.55049896240234,75.71700286865234,25642000
2020-02-19,75.6717529296875,76.24349975585938,76.53700256347656,76.04900360107422,76.36000061035156,22746000
2020-02-20,75.28070831298828,75.84950256347656,76.35350036621094,75.21299743652344,75.95050048828125,25962000
2020-02-21,73.61676788330078,74.1729965209961,75.54750061035156,73.92449951171875,75.22899627685547,42520000
2020-02-24,70.46062469482422,70.99299621582031,71.81900024414062,70.3395004272461,71.15249633789062,49560000
2020-02-25,68.79618835449219,69.31600189208984,71.84249877929688,69.02100372314453,71.55000305175781,51580000
2020-02-26,69.00213623046875,69.52349853515625,70.68350219726562,68.82749938964844,69.7490005493164,49776000
2020-02-27,65.25444793701172,65.74749755859375,68.47000122070312,65.71199798583984,67.95700073242188,62290000
2020-02-28,66.46034240722656,66.9625015258789,67.12249755859375,63.41049957275391,63.71549987792969,80198000
2020-03-02,68.79618835449219,69.31600189208984,69.37349700927734,66.26000213623047,67.56950378417969,55430000
2020-03-03,66.38441467285156,66.88600158691406,70.40950012207031,66.46199798583984,69.88400268554688,56602000
2020-03-04,68.56196594238281,69.08000183105469,69.13899993896484,66.8499984741211,67.947998046875,47598000
2020-03-05,65.24503326416016,65.73799896240234,67.68150329589844,65.08200073242188,67.27749633789062,54380000
2020-03-06,64.30115509033203,64.78700256347656,65.13749694824219,62.86050033569336,63.497501373291016,64640000
2020-03-09,60.33364486694336,60.78950119018555,62.63650131225586,59.902000427246094,60.24800109863281,69252000
2020-03-10,63.28037643432617,63.75849914550781,63.79249954223633,60.72549819946289,62.71950149536133,54872000
2020-03-11,60.090965270996094,60.54499816894531,62.84650039672852,59.55699920654297,62.41350173950195,54732000
2020-03-12,55.16072845458984,55.57749938964844,59.4375,55.42350006103516,56.13100051879883,94326000
2020-03-13,60.25820541381836,60.7135009765625,60.720001220703125,55.61449813842773,58.7495002746582,79400000
2020-03-16,53.247676849365234,53.650001525878906,57.27349853515625,53.354000091552734,54.480499267578125,96520000
2020-03-17,55.48377990722656,55.90299987792969,56.29999923706055,52.45500183105469,54.53200149536133,83194000
2020-03-18,54.15036010742188,54.55950164794922,55.2495002746582,51.84999847412109,52.99700164794922,93044000
2020-03-19,55.16667556762695,55.58349990844727,57.63050079345703,52.77750015258789,54.4109992980957,74064000
2020-03-20,53.00997161865234,53.41049957275391,56.92399978637695,53.10499954223633,56.54499816894531,82878000
2020-03-23,52.31125259399414,52.70650100708008,53.34550094604492,50.44350051879883,52.81850051879883,83672000
2020-03-24,56.07679748535156,56.5004997253418,56.666500091552734,54.32149887084961,55.19900131225586,72468000
2020-03-25,54.66794204711914,55.08100128173828,57.30849838256836,54.1505012512207,56.229000091552734,90324000
2020-03-26,57.70995330810547,58.14599990844727,58.57400131225586,54.60150146484375,55.73600006103516,76562000
2020-03-27,55.09670639038086,55.51300048828125,57.5525016784668,55.20000076293945,56.37350082397461,62794000
2020-03-30,56.885684967041016,57.31549835205078,57.54999923706055,54.92449951171875,56.63199996948242,58736000
2020-03-31,57.66182708740234,58.09749984741211,58.66999816894531,56.83599853515625,57.436500549316406,65228000
2020-04-01,54.6917610168457,55.10499954223633,56.47100067138672,54.67449951171875,56.20000076293945,51970000
2020-04-02,55.43267059326172,55.85150146484375,56.13850021362305,54.65650177001953,55.0,56410000
2020-04-03,54.22528839111328,54.6349983215332,55.93949890136719,53.75400161743164,55.73550033569336,51374000
2020-04-06,58.71586227416992,59.15950012207031,59.53749847412109,56.25,56.650001525878906,63320000
2020-04-07,58.68459701538086,59.12799835205078,61.03900146484375,58.86249923706055,60.85049819946289,61620000
2020-04-08,59.89743041992188,60.34999847412109,60.744998931884766,59.1974983215332,60.15499877929688,40334000
2020-04-09,59.87609100341797,60.32849884033203,61.0994987487793,59.62099838256836,60.90900039672852,54028000
2020-04-13,60.066650390625,60.52050018310547,60.72600173950195,59.11650085449219,60.07500076293945,38702000
2020-04-14,62.78710174560547,63.26150131225586,63.78749847412109,61.42699813842773,61.99850082397461,63358000
2020-04-15,62.39357376098633,62.8650016784668,63.75550079345703,61.70000076293945,62.32550048828125,42236000
2020-04-16,62.400020599365234,62.87149810791016,63.667999267578125,61.90999984741211,63.35699844360352,57896000
2020-04-17,63.470436096191406,63.95000076293945,64.5,63.29999923706055,64.08499908447266,51050000
2020-04-20,62.58463287353516,63.057498931884766,63.84099960327149,62.821998596191406,63.49449920654297,35292000
2020-04-21,60.15349578857422,60.608001708984375,62.5,60.25,62.135501861572266,49648000
2020-04-22,62.44865798950195,62.920501708984375,63.99399948120117,61.86000061035156,62.05550003051758,46296000
2020-04-23,63.08186721801758,63.55849838256836,64.40750122070312,63.0265007019043,63.2869987487793,34202000
2020-04-24,63.35133361816406,63.83000183105469,63.885501861572266,62.20000076293945,62.75,37402000
2020-04-27,63.06648635864258,63.542999267578125,64.70500183105469,63.25299835205078,64.5999984741211,44186000
2020-04-28,61.16733551025391,61.62950134277344,64.23799896240234,61.51900100708008,64.16000366210938,80700000
2020-04-29,66.60575103759766,67.10900115966797,68.00749969482422,66.33650207519531,67.25,108358000
2020-04-30,66.83004760742188,67.33499908447266,67.5,66.07499694824219,66.56800079345703,55842000
2020-05-01,65.37206268310547,65.86599731445312,67.57150268554688,65.48300170898438,66.20449829101562,48872000
2020-05-04,65.64896392822266,66.1449966430664,66.22350311279297,64.80049896240234,65.40650177001953,30806000
2020-05-05,66.9451675415039,67.45099639892578,68.55049896240234,66.75150299072266,66.875,39666000
2020-05-06,66.76703643798828,67.27149963378906,68.43450164794922,67.25650024414062,67.9000015258789,31732000
2020-05-07,67.9505844116211,68.46399688720703,68.80000305175781,67.62699890136719,68.06549835205078,30652000
2020-05-08,68.69793701171875,69.21700286865234,69.83200073242188,68.60050201416016,69.09100341796875,33326000
2020-05-11,69.65322875976562,70.17949676513672,70.77649688720703,68.7750015258789,68.8395004272461,32718000
2020-05-12,68.24337768554688,68.75900268554688,70.71649932861328,68.72550201416016,70.41100311279297,33918000
2020-05-13,66.91092681884766,67.41649627685547,69.2665023803711,66.40049743652344,68.80799865722656,40368000
2020-05-14,67.33424377441406,67.84300231933594,67.86849975585938,66.16500091552734,66.6760025024414,36660000
2020-05-15,68.13816833496094,68.65299987792969,68.72899627685547,66.94999694824219,67.41300201416016,41544000
2020-05-18,68.73963928222656,69.25900268554688,69.63800048828125,67.70999908447266,68.0790023803711,47094000
2020-05-19,68.20465850830078,68.72000122070312,69.62449645996094,68.68800354003906,69.27400207519531,31586000
2020-05-20,69.92963409423828,70.45800018310547,70.60150146484375,69.37100219726562,69.45800018310547,38262000
2020-05-21,69.8100357055664,70.3375015258789,70.822998046875,69.71949768066406,70.54949951171875,30894000
2020-05-22,70.13209533691406,70.66200256347656,70.8499984741211,69.79750061035156,70.19499969482422,28544000
2020-05-26,70.53555297851562,71.06849670410156,72.25550079345703,70.97000122070312,72.0979995727539,44590000
2020-05-27,70.48145294189453,71.01399993896484,71.26750183105469,69.7300033569336,71.0,31684000
2020-05-28,70.38023376464844,70.91200256347656,72.2229995727539,69.9540023803711,70.0,35170000
2020-05-29,71.13849639892578,71.6760025024414,71.83650207519531,70.79900360107422,71.02149963378906,37044000
2020-06-01,71.20549011230469,71.74349975585938,72.0790023803711,71.11399841308594,71.28500366210938,25162000
2020-06-02,71.57469177246094,72.1155014038086,72.1500015258789,71.08049774169922,71.75,23442000
2020-06-03,71.42284393310547,71.9625015258789,72.45050048828125,71.58100128173828,72.13500213623047,27732000
2020-06-04,70.18470001220703,70.71499633789062,72.06600189208984,70.30049896240234,71.83899688720703,26982000
2020-06-05,71.46106719970703,72.0009994506836,72.31500244140625,70.38099670410156,70.78199768066406,42642000
2020-06-08,71.85904693603516,72.4020004272461,72.44999694824219,71.2239990234375,71.31400299072266,33878000
2020-06-09,72.05952453613281,72.60399627685547,73.38999938964844,72.11799621582031,72.26200103759766,33624000
2020-06-10,72.68580627441406,73.23500061035156,73.63849639892578,72.71800231933594,73.07550048828125,31762000
2020-06-11,69.56934356689453,70.09500122070312,72.58000183105469,69.92050170898438,72.05149841308594,47144000
2020-06-12,70.1162338256836,70.64600372314453,71.72550201416016,69.29000091552734,71.29299926757812,36676000
2020-06-15,70.50428771972656,71.03700256347656,71.25,69.36000061035156,69.47450256347656,30468000
2020-06-16,71.78114318847656,72.32350158691406,72.8584976196289,71.44950103759766,72.44999694824219,30648000
2020-06-17,72.08236694335938,72.62699890136719,73.11000061035156,71.75650024414062,72.64700317382812,30610000
2020-06-18,71.16828155517578,71.70600128173828,72.64849853515625,71.31199645996094,72.49250030517578,34862000
2020-06-19,70.69784545898438,71.23200225830078,72.2249984741211,70.94999694824219,72.0,52784000
2020-06-22,71.98908233642578,72.53299713134766,72.54750061035156,70.95950317382812,71.25050354003906,29442000
2020-06-23,72.65007019042969,73.1989974975586,73.76000213623047,72.25,72.5999984741211,37752000
2020-06-24,71.0978012084961,71.63500213623047,73.78949737548828,71.5,73.16400146484375,31592000
2020-06-25,71.51464080810547,72.05500030517578,72.11599731445312,70.97699737548828,71.56099700927734,23958000
2020-06-26,67.6161117553711,68.12699890136719,71.85099792480469,67.75,71.63150024414062,97640000
2020-06-29,69.33463287353516,69.8584976196289,69.9000015258789,67.5824966430664,68.01699829101562,45074000
2020-06-30,70.37079620361328,70.90249633789062,71.19999694824219,69.34649658203125,69.84400177001953,40286000
2020-07-01,71.559326171875,72.0999984741211,72.42400360107422,70.70899963378906,70.95850372314453,42182000
2020-07-02,72.94534301757812,73.49649810791016,74.4260025024414,72.55349731445312,72.59200286865234,57218000
2020-07-06,74.42020416259766,74.98249816894531,75.5,73.8489990234375,74.40750122070312,44712000
2020-07-07,73.93734741210938,74.49600219726562,76.06600189208984,74.48500061035156,74.80650329589844,42364000
2020-07-08,74.61621856689453,75.18000030517578,75.55850219726562,74.61499786376953,75.04000091552734,31766000
2020-07-09,75.36357116699219,75.93299865722656,76.45700073242188,74.77950286865234,75.49649810791016,41836000
2020-07-10,76.37345123291016,76.95050048828125,77.06700134277344,75.03600311279297,75.6624984741211,35918000
2020-07-13,75.04449462890625,75.61150360107422,78.81800079345703,75.3280029296875,77.49700164794922,42954000
2020-07-14,75.47274780273438,76.04299926757812,76.13999938964844,74.29650115966797,74.6395034790039,38108000
2020-07-15,75.2752456665039,75.84400177001953,76.81649780273438,74.8915023803711,76.1614990234375,31026000
2020-07-16,75.17797088623047,75.74600219726562,75.79550170898438,74.41349792480469,75.07499694824219,26484000
2020-07-17,75.27375030517578,75.84249877929688,76.17150115966797,74.90499877929688,75.84549713134766,34264000
2020-07-20,77.60562896728516,78.19200134277344,78.45050048828125,75.13500213623047,75.75,30166000
2020-07-21,77.21260833740234,77.7959976196289,79.35250091552734,77.63099670410156,79.25150299072266,27486000
2020-07-22,77.65575408935547,78.24250030517578,78.3489990234375,77.1614990234375,77.7854995727539,24482000
2020-07-23,75.26879119873047,75.8375015258789,78.51750183105469,75.42949676513672,78.29650115966797,33910000
2020-07-24,74.8449935913086,75.4104995727539,75.77149963378906,74.37950134277344,74.95950317382812,29902000
2020-07-27,75.89802551269531,76.47149658203125,76.87799835205078,75.61650085449219,75.66300201416016,27124000
2020-07-28,74.61871337890625,75.18250274658203,76.30049896240234,75.0260009765625,76.25,30910000
2020-07-29,75.60425567626953,76.17549896240234,76.66649627685547,75.15049743652344,75.25,22676000
2020-07-30,76.34168243408203,76.91850280761719,77.04450225830078,74.75849914550781,74.89849853515625,36042000
2020-07-31,73.83958435058594,74.39749908447266,75.2509994506836,72.69999694824219,74.85250091552734,91468000
2020-08-03,73.58203125,74.13800048828125,74.8864974975586,73.58599853515625,74.55000305175781,45482000
2020-08-04,73.11258697509766,73.66500091552734,74.65550231933594,73.20149993896484,74.33550262451172,37212000
2020-08-05,73.39990234375,73.95449829101562,74.5,73.56099700927734,73.84100341796875,29134000
2020-08-06,74.6832046508789,75.24749755859375,75.3134994506836,73.59500122070312,73.80750274658203,33306000
2020-08-07,74.356689453125,74.91850280761719,76.00450134277344,74.3134994506836,75.4520034790039,27718000
2020-08-10,74.27976989746094,74.84100341796875,75.35749816894531,73.87449645996094,74.54000091552734,20546000
2020-08-11,73.47187042236328,74.0270004272461,75.52200317382812,73.90950012207031,74.69999694824219,31098000
2020-08-12,74.7968521118164,75.36199951171875,75.58350372314453,74.25,74.35600280761719,22512000
2020-08-13,75.26382446289062,75.8324966430664,76.84850311279297,75.4104995727539,75.4104995727539,22388000
2020-08-14,74.66732788085938,75.23149871826172,75.989501953125,74.94999694824219,75.68049621582031,21942000
2020-08-17,75.24347686767578,75.81199645996094,76.18900299072266,75.25,75.79850006103516,19990000
2020-08-18,77.2056655883789,77.78900146484375,77.86849975585938,76.08350372314453,76.30599975585938,28378000
2020-08-19,76.6513442993164,77.23049926757812,78.44300079345703,77.0,77.62449645996094,30472000
2020-08-20,78.22148132324219,78.8125,79.00849914550781,76.7229995727539,76.99849700927734,26382000
2020-08-21,78.187744140625,78.77850341796875,79.59400177001953,78.1155014038086,78.58999633789062,34838000
2020-08-24,78.66314697265625,79.25749969482422,80.43900299072266,78.75199890136719,79.62349700927734,25638000
2020-08-25,79.69038391113281,80.2925033569336,80.44400024414062,78.89399719238281,79.00499725341797,25150000
2020-08-26,81.59003448486328,82.20649719238281,82.6395034790039,80.04900360107422,80.31500244140625,52188000
2020-08-27,80.81538391113281,81.4260025024414,82.39949798583984,80.94049835205078,82.33049774169922,31350000
2020-08-28,81.3567886352539,81.97149658203125,82.06749725341797,81.28050231933594,81.47350311279297,22418000
2020-08-31,80.8655014038086,81.47650146484375,82.2249984741211,81.2665023803711,82.17849731445312,26422000
2020-09-01,82.13341522216797,82.75399780273438,82.96099853515625,81.47650146484375,81.60800170898438,22652000
2020-09-02,85.22554779052734,85.86949920654297,86.30500030517578,83.0094985961914,83.40049743652344,49522000
2020-09-03,80.86450958251953,81.47550201416016,85.0,80.385498046875,84.97599792480469,63726000
2020-09-04,78.4676284790039,79.06050109863281,81.74949645996094,76.89849853515625,80.44999694824219,55850000
2020-09-08,75.60872650146484,76.18000030517578,77.77749633789062,75.82499694824219,76.25,54032000
2020-09-09,76.78136444091797,77.36150360107422,77.93599700927734,76.25849914550781,77.44499969482422,39242000
2020-09-10,75.73030090332031,76.30249786376953,78.68299865722656,76.0,77.50900268554688,33024000
2020-09-11,75.21966552734375,75.78800201416016,76.93499755859375,74.6510009765625,76.40750122070312,30706000
2020-09-14,74.87576293945312,75.44149780273438,77.8499984741211,75.25550079345703,76.5824966430664,42660000
2020-09-15,76.1803970336914,76.75599670410156,77.54949951171875,76.1050033569336,76.39450073242188,23042000
2020-09-16,75.03754425048828,75.60449981689453,77.71849822998047,75.57949829101562,77.1240005493164,22128000
2020-09-17,73.79442596435547,74.35199737548828,74.93299865722656,73.12300109863281,74.29049682617188,40008000
2020-09-18,72.01040649414062,72.55449676513672,74.76000213623047,71.58100128173828,74.41500091552734,63056000
2020-09-21,70.97076416015625,71.50700378417969,72.00299835205078,70.13400268554688,71.58100128173828,56908000
2020-09-22,72.4436264038086,72.99099731445312,73.19850158691406,71.4749984741211,72.51599884033203,33950000
2020-09-23,69.94104766845703,70.46949768066406,72.65399932861328,70.13400268554688,72.60449981689453,37726000
2020-09-24,70.60948944091797,71.14299774169922,71.89949798583984,70.10749816894531,70.13400268554688,34552000
2020-09-25,71.4134292602539,71.9530029296875,72.2969970703125,70.38400268554688,71.25250244140625,30326000
2020-09-28,72.38606262207031,72.93299865722656,73.64949798583984,72.31400299072266,73.59950256347656,30784000
2020-09-29,72.7513198852539,73.3010025024414,73.5999984741211,72.69999694824219,73.19550323486328,31816000
2020-09-30,72.73045349121094,73.27999877929688,74.30999755859375,72.78800201416016,73.0469970703125,40924000
2020-10-01,73.83711242675781,74.3949966430664,74.75350189208984,73.83999633789062,74.18299865722656,32884000
2020-10-02,72.23422241210938,72.77999877929688,73.95149993896484,72.36750030517578,72.98149871826172,31222000
2020-10-05,73.58551025390625,74.1415023803711,74.23500061035156,73.00450134277344,73.13249969482422,21602000
2020-10-06,72.0069351196289,72.5510025024414,74.22599792480469,72.25050354003906,73.7750015258789,26096000
2020-10-07,72.4098892211914,72.95700073242188,73.44850158691406,71.6614990234375,72.96549987792969,36108000
2020-10-08,73.61528778076172,74.17150115966797,74.40149688720703,73.27249908447266,73.27249908447266,26076000
2020-10-09,74.95616149902344,75.52249908447266,75.59249877929688,74.3499984741211,74.64299774169922,32966000
2020-10-12,77.64286041259766,78.22949981689453,79.4209976196289,76.46499633789062,76.9000015258789,55344000
2020-10-13,77.76591491699219,78.35350036621094,79.25800323486328,77.93150329589844,78.85050201416016,39072000
2020-10-14,77.58577728271484,78.1719970703125,79.19249725341797,77.29499816894531,78.7300033569336,33174000
2020-10-15,77.19026184082031,77.77349853515625,78.56999969482422,77.05650329589844,77.2249984741211,31210000
2020-10-16,77.79718780517578,78.38500213623047,78.885498046875,77.88300323486328,78.09149932861328,34194000
2020-10-19,75.92383575439453,76.49749755859375,79.19650268554688,76.14600372314453,78.79650115966797,29734000
2020-10-20,76.97241973876953,77.55400085449219,78.69200134277344,76.0250015258789,76.15550231933594,41670000
2020-10-21,78.70481872558594,79.29949951171875,80.75700378417969,78.35700225830078,78.49250030517578,60322000
2020-10-22,79.7305679321289,80.33300018310547,80.6709976196289,78.8740005493164,79.25,30512000
2020-10-23,81.03670501708984,81.64900207519531,81.70600128173828,80.59549713134766,80.75250244140625,30548000
2020-10-26,78.62046813964844,79.2145004272461,81.47899627685547,78.38899993896484,80.75,35826000
2020-10-27,79.34449768066406,79.94400024414062,80.0999984741211,78.84950256347656,79.44650268554688,25902000
2020-10-28,74.97351837158203,75.54000091552734,77.69049835205078,75.42400360107422,77.50050354003906,45174000
2020-10-29,77.26024627685547,77.84400177001953,79.43699645996094,75.82749938964844,75.85099792480469,55406000
2020-10-30,80.19953918457031,80.80549621582031,84.06600189208984,80.07849884033203,83.37200164794922,99878000
2020-11-02,80.6069564819336,81.21600341796875,82.91200256347656,80.71199798583984,81.177001953125,44228000
2020-11-03,81.66594696044922,82.28299713134766,82.94999694824219,80.60549926757812,81.53800201416016,31432000
2020-11-04,86.63789367675781,87.2925033569336,88.50150299072266,85.1500015258789,85.27899932861328,71342000
2020-11-05,87.46414947509766,88.125,89.59100341796875,87.05149841308594,88.52249908447266,39758000
2020-11-06,87.32669067382812,87.98650360107422,88.42500305175781,86.83399963378906,87.56700134277344,28622000
2020-11-09,87.41055297851562,88.07099914550781,90.84449768066406,87.87750244140625,89.79900360107422,53440000
2020-11-10,86.23443603515625,86.88600158691406,87.96900177001953,85.80599975585938,86.4885025024414,43022000
2020-11-11,86.70637512207031,87.36150360107422,88.1449966430664,87.15299987792969,87.41999816894531,31838000
2020-11-12,86.4875259399414,87.14099884033203,88.2490005493164,86.89849853515625,87.0999984741211,26474000
2020-11-13,87.948486328125,88.61299896240234,88.85649871826172,86.79900360107422,87.4000015258789,29744000
2020-11-16,88.03632354736328,88.70149993896484,89.71700286865234,88.06649780273438,88.20700073242188,25468000
2020-11-17,87.42247009277344,88.08300018310547,88.85700225830078,87.97450256347656,88.39299774169922,21314000
2020-11-18,86.37934112548828,87.03199768066406,88.25,86.92849731445312,87.83200073242188,20108000
2020-11-19,87.26911926269531,87.92849731445312,88.17449951171875,86.5009994506836,86.6614990234375,20106000
2020-11-20,86.16793823242188,86.81900024414062,88.41799926757812,86.75,88.0999984741211,27694000
2020-11-23,85.73023986816406,86.37799835205078,87.29949951171875,85.50900268554688,87.01100158691406,22530000
2020-11-24,87.53361511230469,88.19499969482422,88.3239974975586,86.0364990234375,86.375,27984000
2020-11-25,87.54502868652344,88.20649719238281,88.51899719238281,87.41799926757812,88.3905029296875,19600000
2020-11-27,88.68094635009766,89.35099792480469,89.85050201416016,88.22699737548828,88.22699737548828,14790000
2020-11-30,87.06218719482422,87.72000122070312,89.01699829101562,87.39199829101562,88.78250122070312,32418000
2020-12-01,89.09481811523438,89.76799774169922,91.08599853515624,88.15149688720703,88.33300018310547,37350000
2020-12-02,90.56422424316406,91.24849700927734,91.63700103759766,89.25849914550781,89.76799774169922,29424000
2020-12-03,90.4088897705078,91.09200286865234,92.19149780273438,90.8499984741211,91.0270004272461,24728000
2020-12-04,90.50418853759766,91.18800354003906,91.4749984741211,90.67949676513672,91.01100158691406,20544000
2020-12-07,90.1701889038086,90.85150146484376,91.4645004272461,90.1520004272461,90.77749633789062,22288000
2020-12-08,89.8873291015625,90.56649780273438,90.79850006103516,89.56400299072266,90.4260025024414,19936000
2020-12-09,88.22637939453125,88.89299774169922,91.4185028076172,88.0999984741211,90.51799774169922,31728000
2020-12-10,87.7197265625,88.38249969482422,88.74949645996094,86.67649841308594,88.12999725341797,28688000
2020-12-11,88.07453155517578,88.73999786376953,88.8655014038086,87.63700103759766,88.0,18628000
2020-12-14,86.95598602294922,87.61299896240234,89.48999786376953,87.45649719238281,88.53600311279297,33050000
2020-12-15,87.39368438720703,88.05400085449219,88.19999694824219,87.08350372314453,87.99299621582031,21352000
2020-12-16,87.20063781738281,87.8594970703125,88.45549774169922,87.4530029296875,88.45549774169922,24676000
2020-12-17,86.37288665771484,87.02549743652344,88.33550262451172,86.55750274658203,88.19650268554688,34880000
2020-12-18,85.66374969482422,86.31099700927734,87.41799926757812,85.75,87.30850219726562,85256000
2020-12-21,86.07762145996094,86.72799682617188,86.8499984741211,84.69999694824219,85.45649719238281,33974000
2020-12-22,85.36600494384766,86.01100158691406,86.63050079345703,85.28900146484375,86.46649932861328,20370000
2020-12-23,85.76349639892578,86.4114990234375,87.20549774169922,86.05999755859375,86.19650268554688,22974000
2020-12-24,86.05776977539062,86.70800018310547,87.12049865722656,86.21749877929688,86.44999694824219,9312000
2020-12-28,88.03284454345703,88.697998046875,89.3499984741211,87.09100341796875,87.24549865722656,27650000
2020-12-29,87.22891235351562,87.88800048828125,89.42350006103516,87.75550079345703,89.36150360107422,19726000
2020-12-30,86.16149139404297,86.8125,88.38800048828125,86.4000015258789,88.25,21026000
2020-12-31,86.974853515625,87.63200378417969,87.875,86.80449676513672,86.8635025024414,21070000
