unnamed:0,unnamed:0.13,unnamed:0.12,unnamed:0.11,unnamed:0.10,unnamed:0.9,unnamed:0.8,unnamed:0.7,unnamed:0.6,unnamed:0.5,unnamed:0.4,unnamed:0.3,unnamed:0.2,unnamed:0.1,date,adjclose,close,high,low,open,volume
0,0,0,0,0,0,0,0,0,0,0,0,0,0,2015-01-02,46.511138916015625,62.4900016784668,62.959999084472656,62.06999969482422,62.18000030517578,12600000
1,1,1,1,1,1,1,1,1,1,1,1,1,1,2015-01-05,45.067195892333984,60.54999923706055,62.27999877929688,60.22999954223633,62.060001373291016,20100600
2,2,2,2,2,2,2,2,2,2,2,2,2,2,2015-01-06,43.89865112304688,58.97999954223633,60.75,58.34999847412109,60.63999938964844,29074100
3,3,3,3,3,3,3,3,3,3,3,3,3,3,2015-01-07,43.96564865112305,59.06999969482422,59.88999938964844,58.66999816894531,59.88999938964844,23843200
4,4,4,4,4,4,4,4,4,4,4,4,4,4,2015-01-08,44.94810485839844,60.38999938964844,60.900001525878906,59.970001220703125,59.970001220703125,16971100
5,5,5,5,5,5,5,5,5,5,5,5,5,5,2015-01-09,44.16658782958984,59.34000015258789,60.790000915527344,59.290000915527344,60.720001220703125,15396200
6,6,6,6,6,6,6,6,6,6,6,6,6,6,2015-01-12,43.78701019287109,58.83000183105469,59.400001525878906,58.27000045776367,59.27999877929688,15455200
7,7,7,7,7,7,7,7,7,7,7,7,7,7,2015-01-13,43.7944450378418,58.84000015258789,59.70000076293945,58.369998931884766,59.2599983215332,21644700
8,8,8,8,8,8,8,8,8,8,8,8,8,8,2015-01-14,42.28351974487305,56.810001373291016,58.84000015258789,55.27000045776367,58.84000015258789,49602300
9,9,9,9,9,9,9,9,9,9,9,9,9,9,2015-01-15,40.92889404296875,54.9900016784668,56.61000061035156,54.5,55.72999954223633,42458100
10,10,10,10,10,10,10,10,10,10,10,10,10,10,2015-01-16,41.628543853759766,55.93000030517578,56.0,54.63999938964844,54.65999984741211,29368900
11,11,11,11,11,11,11,11,11,11,11,11,11,11,2015-01-20,41.46479797363281,55.709999084472656,56.38999938964844,55.41999816894531,56.040000915527344,23477700
12,12,12,12,12,12,12,12,12,12,12,12,12,12,2015-01-21,41.59877395629883,55.88999938964844,56.41999816894531,55.18999862670898,55.45000076293945,21842400
13,13,13,13,13,13,13,13,13,13,13,13,13,13,2015-01-22,42.86406707763672,57.59000015258789,57.72999954223633,55.959999084472656,56.380001068115234,31423500
14,14,14,14,14,14,14,14,14,14,14,14,14,14,2015-01-23,42.18676376342773,56.68000030517578,57.869998931884766,56.65999984741211,57.720001220703125,15458300
15,15,15,15,15,15,15,15,15,15,15,15,15,15,2015-01-26,42.253753662109375,56.77000045776367,56.9900016784668,56.20000076293945,56.40999984741211,12577700
16,16,16,16,16,16,16,16,16,16,16,16,16,16,2015-01-27,41.829498291015625,56.20000076293945,56.61000061035156,55.7599983215332,56.04999923706055,15220500
17,17,17,17,17,17,17,17,17,17,17,17,17,17,2015-01-28,40.75027847290039,54.75,56.68000030517578,54.75,56.619998931884766,24354400
18,18,18,18,18,18,18,18,18,18,18,18,18,18,2015-01-29,41.43503952026367,55.66999816894531,55.88999938964844,54.68000030517578,55.27000045776367,20393300
19,19,19,19,19,19,19,19,19,19,19,19,19,19,2015-01-30,40.474884033203125,54.380001068115234,55.5,54.369998931884766,54.9900016784668,26943700
20,20,20,20,20,20,20,20,20,20,20,20,20,20,2015-02-02,41.286163330078125,55.470001220703125,55.650001525878906,54.27000045776367,54.52999877929688,20308900
21,21,21,21,21,21,21,21,21,21,21,21,21,21,2015-02-03,42.2165412902832,56.720001220703125,56.77999877929688,55.869998931884766,55.90999984741211,18812500
22,22,22,22,22,22,22,22,22,22,22,22,22,22,2015-02-04,41.963478088378906,56.380001068115234,57.06999969482422,56.27999877929688,56.31999969482422,14934100
23,23,23,23,23,23,23,23,23,23,23,23,23,23,2015-02-05,42.253753662109375,56.77000045776367,57.040000915527344,56.459999084472656,56.86000061035156,11293900
24,24,24,24,24,24,24,24,24,24,24,24,24,24,2015-02-06,43.08737182617188,57.88999938964844,58.72999954223633,57.540000915527344,57.75,25214000
25,25,25,25,25,25,25,25,25,25,25,25,25,25,2015-02-09,43.03527069091797,57.81999969482422,58.09999847412109,57.22999954223633,57.41999816894531,14372400
26,26,26,26,26,26,26,26,26,26,26,26,26,26,2015-02-10,43.51161575317383,58.459999084472656,58.709999084472656,58.04999923706055,58.41999816894531,16367300
27,27,27,27,27,27,27,27,27,27,27,27,27,27,2015-02-11,43.44463348388672,58.369998931884766,58.65999984741211,57.84000015258789,58.060001373291016,13061900
28,28,28,28,28,28,28,28,28,28,28,28,28,28,2015-02-12,44.33777618408203,59.56999969482422,59.709999084472656,58.54999923706055,58.93000030517578,23211300
29,29,29,29,29,29,29,29,29,29,29,29,29,29,2015-02-13,44.412208557128906,59.66999816894531,60.220001220703125,59.34000015258789,59.459999084472656,16479100
30,30,30,30,30,30,30,30,30,30,30,30,30,30,2015-02-17,44.73226165771485,60.09999847412109,60.13999938964844,59.31999969482422,59.36000061035156,15308800
31,31,31,31,31,31,31,31,31,31,31,31,31,31,2015-02-18,44.18892288208008,59.369998931884766,60.09999847412109,59.119998931884766,60.09999847412109,14278100
32,32,32,32,32,32,32,32,32,32,32,32,32,32,2015-02-19,44.08470916748047,59.22999954223633,59.47999954223633,58.79999923706055,59.150001525878906,11256500
33,33,33,33,33,33,33,33,33,33,33,33,33,33,2015-02-20,44.50897216796875,59.79999923706055,59.88999938964844,58.34999847412109,58.959999084472656,15379000
34,34,34,34,34,34,34,34,34,34,34,34,34,34,2015-02-23,44.17403793334961,59.34999847412109,59.52999877929688,58.79999923706055,59.5,16814000
35,35,35,35,35,35,35,35,35,35,35,35,35,35,2015-02-24,45.26814651489258,60.81999969482422,61.25,60.08000183105469,60.25,22937700
36,36,36,36,36,36,36,36,36,36,36,36,36,36,2015-02-25,45.50632858276367,61.13999938964844,61.27000045776367,60.75,60.7599983215332,18307900
37,37,37,37,37,37,37,37,37,37,37,37,37,37,2015-02-26,45.83382415771485,61.58000183105469,61.70000076293945,60.90999984741211,61.02999877929688,15444800
38,38,38,38,38,38,38,38,38,38,38,38,38,38,2015-02-27,45.610538482666016,61.27999877929688,61.91999816894531,61.130001068115234,61.130001068115234,15225900
39,39,39,39,39,39,39,39,39,39,39,39,39,39,2015-03-02,45.97522735595703,61.77000045776367,61.83000183105469,61.02999877929688,61.27999877929688,13047300
40,40,40,40,40,40,40,40,40,40,40,40,40,40,2015-03-03,46.12408828735352,61.970001220703125,61.9900016784668,61.5,61.650001525878906,13706900
41,41,41,41,41,41,41,41,41,41,41,41,41,41,2015-03-04,46.24318313598633,62.130001068115234,62.16999816894531,61.34999847412109,61.63999938964844,16625500
42,42,42,42,42,42,42,42,42,42,42,42,42,42,2015-03-05,46.146427154541016,62.0,62.22999954223633,61.59999847412109,62.20000076293945,10931300
43,43,43,43,43,43,43,43,43,43,43,43,43,43,2015-03-06,45.32024765014648,60.88999938964844,62.869998931884766,60.79999923706055,62.15999984741211,22719200
44,44,44,44,44,44,44,44,44,44,44,44,44,44,2015-03-09,45.7742805480957,61.5,61.630001068115234,60.79999923706055,60.84000015258789,13001500
45,45,45,45,45,45,45,45,45,45,45,45,45,45,2015-03-10,44.62805938720703,59.959999084472656,61.0099983215332,59.959999084472656,60.7599983215332,16357700
46,46,46,46,46,46,46,46,46,46,46,46,46,46,2015-03-11,44.83646774291992,60.2400016784668,60.650001525878906,59.959999084472656,60.130001068115234,13015600
47,47,47,47,47,47,47,47,47,47,47,47,47,47,2015-03-12,45.67751693725586,61.369998931884766,61.45000076293945,60.650001525878906,60.650001525878906,18159600
48,48,48,48,48,48,48,48,48,48,48,48,48,48,2015-03-13,45.402137756347656,61.0,61.86000061035156,60.43000030517578,61.400001525878906,16506200
49,49,49,49,49,49,49,49,49,49,49,49,49,49,2015-03-16,46.0347785949707,61.84999847412109,61.91999816894531,61.25,61.5,15182900
50,50,50,50,50,50,50,50,50,50,50,50,50,50,2015-03-17,45.85615158081055,61.61000061035156,61.65999984741211,60.91999816894531,61.34000015258789,11718300
51,51,51,51,51,51,51,51,51,51,51,51,51,51,2015-03-18,45.96036911010742,61.75,62.04999923706055,61.09000015258789,61.38999938964844,15697900
52,52,52,52,52,52,52,52,52,52,52,52,52,52,2015-03-19,45.55097961425781,61.20000076293945,61.650001525878906,60.7599983215332,61.56999969482422,11523800
53,53,53,53,53,53,53,53,53,53,53,53,53,53,2015-03-20,45.96036911010742,61.75,62.09999847412109,61.150001525878906,61.31999969482422,18368300
54,54,54,54,54,54,54,54,54,54,54,54,54,54,2015-03-23,45.50632858276367,61.13999938964844,62.08000183105469,61.119998931884766,61.75,15112900
55,55,55,55,55,55,55,55,55,55,55,55,55,55,2015-03-24,45.00020980834961,60.459999084472656,61.2400016784668,60.45000076293945,60.970001220703125,12128700
56,56,56,56,56,56,56,56,56,56,56,56,56,56,2015-03-25,44.3675537109375,59.61000061035156,60.63999938964844,59.59000015258789,60.52999877929688,14950900
57,57,57,57,57,57,57,57,57,57,57,57,57,57,2015-03-26,44.3154525756836,59.540000915527344,59.790000915527344,58.869998931884766,59.459999084472656,14039600
58,58,58,58,58,58,58,58,58,58,58,58,58,58,2015-03-27,44.32291030883789,59.54999923706055,59.77999877929688,59.0,59.4900016784668,11755800
59,59,59,59,59,59,59,59,59,59,59,59,59,59,2015-03-30,45.37236022949219,60.959999084472656,61.459999084472656,60.61000061035156,60.880001068115234,20656500
60,60,60,60,60,60,60,60,60,60,60,60,60,60,2015-03-31,45.08953857421875,60.58000183105469,60.93999862670898,60.41999816894531,60.720001220703125,17346700
61,61,61,61,61,61,61,61,61,61,61,61,61,61,2015-04-01,44.91720581054688,59.95000076293945,60.56999969482422,59.72999954223633,60.40999984741211,18100600
62,62,62,62,62,62,62,62,62,62,62,62,62,62,2015-04-02,45.34426498413086,60.52000045776367,60.70000076293945,60.0,60.06999969482422,12697800
63,63,63,63,63,63,63,63,63,63,63,63,63,63,2015-04-06,45.30681610107422,60.470001220703125,60.75,59.650001525878906,59.91999816894531,12025200
64,64,64,64,64,64,64,64,64,64,64,64,64,64,2015-04-07,45.59151840209961,60.84999847412109,61.5,60.84999847412109,61.150001525878906,11505500
65,65,65,65,65,65,65,65,65,65,65,65,65,65,2015-04-08,45.74137115478516,61.04999923706055,61.560001373291016,60.93999862670898,61.060001373291016,11734000
66,66,66,66,66,66,66,66,66,66,66,66,66,66,2015-04-09,46.05604934692383,61.470001220703125,61.58000183105469,60.83000183105469,61.27000045776367,11728500
67,67,67,67,67,67,67,67,67,67,67,67,67,67,2015-04-10,46.22837448120117,61.70000076293945,61.77999877929688,61.20000076293945,61.34999847412109,9869700
68,68,68,68,68,68,68,68,68,68,68,68,68,68,2015-04-13,46.50559616088867,62.06999969482422,62.27000045776367,61.5,61.63999938964844,15468700
69,69,69,69,69,69,69,69,69,69,69,69,69,69,2015-04-14,47.23237228393555,63.040000915527344,63.61000061035156,62.7400016784668,62.959999084472656,33775400
70,70,70,70,70,70,70,70,70,70,70,70,70,70,2015-04-15,48.108985900878906,64.20999908447266,64.4800033569336,63.0099983215332,63.08000183105469,28732200
71,71,71,71,71,71,71,71,71,71,71,71,71,71,2015-04-16,47.80928039550781,63.810001373291016,64.2699966430664,63.65999984741211,64.08000183105469,16640500
72,72,72,72,72,72,72,72,72,72,72,72,72,72,2015-04-17,47.082515716552734,62.84000015258789,63.400001525878906,62.4900016784668,63.25,20221200
73,73,73,73,73,73,73,73,73,73,73,73,73,73,2015-04-20,47.382205963134766,63.2400016784668,63.52000045776367,63.13999938964844,63.220001220703125,12755300
74,74,74,74,74,74,74,74,74,74,74,74,74,74,2015-04-21,46.6854133605957,62.310001373291016,63.59999847412109,62.130001068115234,63.33000183105469,14985100
75,75,75,75,75,75,75,75,75,75,75,75,75,75,2015-04-22,47.15743255615234,62.93999862670898,63.150001525878906,62.02999877929688,62.650001525878906,14484700
76,76,76,76,76,76,76,76,76,76,76,76,76,76,2015-04-23,47.05253982543945,62.79999923706055,63.209999084472656,62.59999847412109,62.790000915527344,12851300
77,77,77,77,77,77,77,77,77,77,77,77,77,77,2015-04-24,46.90269088745117,62.59999847412109,62.84000015258789,62.34000015258789,62.630001068115234,9597500
78,78,78,78,78,78,78,78,78,78,78,78,78,78,2015-04-27,46.7078971862793,62.34000015258789,63.150001525878906,62.310001373291016,62.70000076293945,11146400
79,79,79,79,79,79,79,79,79,79,79,79,79,79,2015-04-28,47.0225715637207,62.7599983215332,62.77999877929688,61.77000045776367,62.4900016784668,12307800
80,80,80,80,80,80,80,80,80,80,80,80,80,80,2015-04-29,47.65194320678711,63.59999847412109,63.88999938964844,62.459999084472656,62.560001373291016,17601200
81,81,81,81,81,81,81,81,81,81,81,81,81,81,2015-04-30,47.397193908691406,63.2599983215332,63.880001068115234,62.91999816894531,63.58000183105469,16840900
82,82,82,82,82,82,82,82,82,82,82,82,82,82,2015-05-01,47.65943145751953,63.61000061035156,63.869998931884766,63.33000183105469,63.70000076293945,11640100
83,83,83,83,83,83,83,83,83,83,83,83,83,83,2015-05-04,48.49108505249024,64.72000122070312,64.87000274658203,63.63999938964844,63.68000030517578,14972500
84,84,84,84,84,84,84,84,84,84,84,84,84,84,2015-05-05,48.251346588134766,64.4000015258789,65.31999969482422,64.29000091552734,64.51000213623047,17692400
85,85,85,85,85,85,85,85,85,85,85,85,85,85,2015-05-06,47.891700744628906,63.91999816894531,65.06999969482422,63.41999816894531,64.52999877929688,18087900
86,86,86,86,86,86,86,86,86,86,86,86,86,86,2015-05-07,48.326263427734375,64.5,64.5999984741211,63.25,63.66999816894531,15039900
87,87,87,87,87,87,87,87,87,87,87,87,87,87,2015-05-08,49.06800079345703,65.48999786376953,65.6500015258789,64.5999984741211,64.97000122070312,16802600
88,88,88,88,88,88,88,88,88,88,88,88,88,88,2015-05-11,49.03804016113281,65.44999694824219,65.63999938964844,65.08000183105469,65.26000213623047,13798800
89,89,89,89,89,89,89,89,89,89,89,89,89,89,2015-05-12,48.97060775756836,65.36000061035156,65.54000091552734,64.76000213623047,65.30999755859375,12762200
90,90,90,90,90,90,90,90,90,90,90,90,90,90,2015-05-13,49.090476989746094,65.5199966430664,65.62999725341797,65.05999755859375,65.41999816894531,11874100
91,91,91,91,91,91,91,91,91,91,91,91,91,91,2015-05-14,49.48759460449219,66.05000305175781,66.18000030517578,65.70999908447266,65.83000183105469,11855500
92,92,92,92,92,92,92,92,92,92,92,92,92,92,2015-05-15,49.36020278930664,65.87999725341797,66.16000366210938,65.44000244140625,66.12999725341797,11152100
93,93,93,93,93,93,93,93,93,93,93,93,93,93,2015-05-18,49.76480484008789,66.41999816894531,66.54000091552734,65.80000305175781,65.80000305175781,10510900
94,94,94,94,94,94,94,94,94,94,94,94,94,94,2015-05-19,50.20687103271485,67.01000213623047,67.19000244140625,66.56999969482422,66.7699966430664,14282700
95,95,95,95,95,95,95,95,95,95,95,95,95,95,2015-05-20,49.80978393554688,66.4800033569336,67.02999877929688,66.4000015258789,66.94999694824219,12446000
96,96,96,96,96,96,96,96,96,96,96,96,96,96,2015-05-21,49.9371452331543,66.6500015258789,66.68000030517578,66.01000213623047,66.13999938964844,12934500
97,97,97,97,97,97,97,97,97,97,97,97,97,97,2015-05-22,49.8022575378418,66.47000122070312,66.83000183105469,66.31999969482422,66.62999725341797,9296900
98,98,98,98,98,98,98,98,98,98,98,98,98,98,2015-05-26,49.24782943725586,65.7300033569336,66.29000091552734,65.30999755859375,66.19999694824219,15571300
99,99,99,99,99,99,99,99,99,99,99,99,99,99,2015-05-27,49.8022575378418,66.47000122070312,66.6500015258789,65.81999969482422,65.94999694824219,10963700
100,100,100,100,100,100,100,100,100,100,100,100,100,100,2015-05-28,49.59996795654297,66.19999694824219,66.4000015258789,65.73999786376953,66.36000061035156,11797400
101,101,101,101,101,101,101,101,101,101,101,101,101,101,2015-05-29,49.28530502319336,65.77999877929688,66.22000122070312,65.36000061035156,66.18000030517578,14310700
102,102,102,102,102,102,102,102,102,102,102,102,102,102,2015-06-01,49.51006317138672,66.08000183105469,66.66000366210938,65.97000122070312,65.98999786376953,11899300
103,103,103,103,103,103,103,103,103,103,103,103,103,103,2015-06-02,49.465110778808594,66.0199966430664,66.38999938964844,65.58000183105469,65.83000183105469,12784200
104,104,104,104,104,104,104,104,104,104,104,104,104,104,2015-06-03,49.9745979309082,66.69999694824219,67.12999725341797,66.2699966430664,66.43000030517578,12927300
105,105,105,105,105,105,105,105,105,105,105,105,105,105,2015-06-04,49.69737243652344,66.33000183105469,67.05000305175781,66.01000213623047,66.30999755859375,13863300
106,106,106,106,106,106,106,106,106,106,106,106,106,106,2015-06-05,50.51407241821289,67.41999816894531,67.83999633789062,67.01000213623047,67.37000274658203,20801100
107,107,107,107,107,107,107,107,107,107,107,107,107,107,2015-06-08,50.11695861816406,66.88999938964844,67.55000305175781,66.80999755859375,67.45999908447266,14558700
108,108,108,108,108,108,108,108,108,108,108,108,108,108,2015-06-09,50.33422470092773,67.18000030517578,67.2699966430664,66.47000122070312,66.94999694824219,13263500
109,109,109,109,109,109,109,109,109,109,109,109,109,109,2015-06-10,51.14341735839844,68.26000213623047,68.5,67.47000122070312,67.58999633789062,17478900
110,110,110,110,110,110,110,110,110,110,110,110,110,110,2015-06-11,51.338226318359375,68.5199966430664,68.68000030517578,68.1500015258789,68.36000061035156,13739900
111,111,111,111,111,111,111,111,111,111,111,111,111,111,2015-06-12,51.13594055175781,68.25,68.54000091552734,67.87000274658203,68.30999755859375,11804700
112,112,112,112,112,112,112,112,112,112,112,112,112,112,2015-06-15,50.94110870361328,67.98999786376953,68.20999908447266,67.30000305175781,67.58000183105469,14082300
113,113,113,113,113,113,113,113,113,113,113,113,113,113,2015-06-16,51.225833892822266,68.37000274658203,68.5199966430664,67.62000274658203,67.7699966430664,11692800
114,114,114,114,114,114,114,114,114,114,114,114,114,114,2015-06-17,51.05352020263672,68.13999938964844,68.68000030517578,68.04000091552734,68.41000366210938,14521900
115,115,115,115,115,115,115,115,115,115,115,115,115,115,2015-06-18,51.53303146362305,68.77999877929688,68.81999969482422,67.9000015258789,68.3499984741211,16759600
116,116,116,116,116,116,116,116,116,116,116,116,116,116,2015-06-19,51.008548736572266,68.08000183105469,68.66999816894531,67.91999816894531,68.45999908447266,21606400
117,117,117,117,117,117,117,117,117,117,117,117,117,117,2015-06-22,51.66790008544922,68.95999908447266,69.29000091552734,68.75,68.87000274658203,14306700
118,118,118,118,118,118,118,118,118,118,118,118,118,118,2015-06-23,52.25981140136719,69.75,69.81999969482422,69.19000244140625,69.3499984741211,15736900
119,119,119,119,119,119,119,119,119,119,119,119,119,119,2015-06-24,51.71284484863281,69.0199966430664,69.7699966430664,68.91000366210938,69.51000213623047,16995000
120,120,120,120,120,120,120,120,120,120,120,120,120,120,2015-06-25,51.43562698364258,68.6500015258789,69.47000122070312,68.63999938964844,69.31999969482422,13314300
121,121,121,121,121,121,121,121,121,121,121,121,121,121,2015-06-26,51.66039657592773,68.94999694824219,69.29000091552734,68.7699966430664,68.94000244140625,14489200
122,122,122,122,122,122,122,122,122,122,122,122,122,122,2015-06-29,50.34920883178711,67.19999694824219,68.26000213623047,67.16000366210938,67.68000030517578,19934400
123,123,123,123,123,123,123,123,123,123,123,123,123,123,2015-06-30,50.7687873840332,67.76000213623047,68.11000061035156,67.16000366210938,67.88999938964844,20677400
124,124,124,124,124,124,124,124,124,124,124,124,124,124,2015-07-01,51.33440399169922,68.06999969482422,68.38999938964844,67.77999877929688,68.12000274658203,13964400
125,125,125,125,125,125,125,125,125,125,125,125,125,125,2015-07-02,50.919620513916016,67.5199966430664,68.12999725341797,67.19000244140625,67.94999694824219,12822900
126,126,126,126,126,126,126,126,126,126,126,126,126,126,2015-07-06,50.776344299316406,67.33000183105469,67.45999908447266,66.54000091552734,66.87999725341797,13527100
127,127,127,127,127,127,127,127,127,127,127,127,127,127,2015-07-07,50.37663269042969,66.80000305175781,67.22000122070312,65.30000305175781,67.08999633789062,22421500
128,128,128,128,128,128,128,128,128,128,128,128,128,128,2015-07-08,49.343482971191406,65.43000030517578,66.16000366210938,65.20999908447266,66.0,17707200
129,129,129,129,129,129,129,129,129,129,129,129,129,129,2015-07-09,49.85627746582031,66.11000061035156,66.69999694824219,65.98999786376953,66.48999786376953,14984700
130,130,130,130,130,130,130,130,130,130,130,130,130,130,2015-07-10,50.56517791748047,67.05000305175781,67.4000015258789,66.83000183105469,67.22000122070312,12356100
131,131,131,131,131,131,131,131,131,131,131,131,131,131,2015-07-13,51.34949493408203,68.08999633789062,68.13999938964844,67.68000030517578,67.88999938964844,16175600
132,132,132,132,132,132,132,132,132,132,132,132,132,132,2015-07-14,52.06592559814453,69.04000091552734,69.0999984741211,67.76000213623047,67.9800033569336,20185100
133,133,133,133,133,133,133,133,133,133,133,133,133,133,2015-07-15,52.179046630859375,69.19000244140625,69.43000030517578,68.8499984741211,69.2300033569336,16891600
134,134,134,134,134,134,134,134,134,134,134,134,134,134,2015-07-16,52.45806884765625,69.55999755859375,69.94999694824219,69.41000366210938,69.62999725341797,18035700
135,135,135,135,135,135,135,135,135,135,135,135,135,135,2015-07-17,52.19412612915039,69.20999908447266,69.48999786376953,68.91999816894531,69.3499984741211,14040700
136,136,136,136,136,136,136,136,136,136,136,136,136,136,2015-07-20,52.23183441162109,69.26000213623047,69.7699966430664,69.18000030517578,69.5,11512900
137,137,137,137,137,137,137,137,137,137,137,137,137,137,2015-07-21,52.111175537109375,69.0999984741211,69.54000091552734,68.87000274658203,69.16000366210938,11659900
138,138,138,138,138,138,138,138,138,138,138,138,138,138,2015-07-22,52.850223541259766,70.08000183105469,70.29000091552734,69.19999694824219,69.27999877929688,15493000
139,139,139,139,139,139,139,139,139,139,139,139,139,139,2015-07-23,52.51840591430664,69.63999938964844,70.61000061035156,69.45999908447266,70.19000244140625,14331800
140,140,140,140,140,140,140,140,140,140,140,140,140,140,2015-07-24,51.967891693115234,68.91000366210938,69.55999755859375,68.68000030517578,69.44000244140625,12413900
141,141,141,141,141,141,141,141,141,141,141,141,141,141,2015-07-27,51.28915786743164,68.01000213623047,68.22000122070312,67.56999969482422,68.1500015258789,16801600
142,142,142,142,142,142,142,142,142,142,142,142,142,142,2015-07-28,51.3193244934082,68.05000305175781,68.5999984741211,67.7699966430664,68.55000305175781,14932400
143,143,143,143,143,143,143,143,143,143,143,143,143,143,2015-07-29,51.990501403808594,68.94000244140625,69.0999984741211,68.16000366210938,68.31999969482422,13059200
144,144,144,144,144,144,144,144,144,144,144,144,144,144,2015-07-30,52.06592559814453,69.04000091552734,69.44999694824219,68.54000091552734,68.93000030517578,10197200
145,145,145,145,145,145,145,145,145,145,145,145,145,145,2015-07-31,51.68131256103516,68.52999877929688,69.04000091552734,68.4000015258789,69.01000213623047,11911800
146,146,146,146,146,146,146,146,146,146,146,146,146,146,2015-08-03,51.68131256103516,68.52999877929688,68.83999633789062,68.0,68.58999633789062,9980600
147,147,147,147,147,147,147,147,147,147,147,147,147,147,2015-08-04,51.62850570678711,68.45999908447266,68.94999694824219,68.30999755859375,68.47000122070312,10964000
148,148,148,148,148,148,148,148,148,148,148,148,148,148,2015-08-05,51.8321418762207,68.7300033569336,69.41999816894531,68.55999755859375,69.05000305175781,11302900
149,149,149,149,149,149,149,149,149,149,149,149,149,149,2015-08-06,51.47016143798828,68.25,68.94000244140625,68.0,68.75,10803400
150,150,150,150,150,150,150,150,150,150,150,150,150,150,2015-08-07,51.3193244934082,68.05000305175781,68.73999786376953,67.55000305175781,68.33000183105469,11453300
151,151,151,151,151,151,151,151,151,151,151,151,151,151,2015-08-10,51.95279312133789,68.88999938964844,69.01000213623047,68.22000122070312,68.22000122070312,12661400
152,152,152,152,152,152,152,152,152,152,152,152,152,152,2015-08-11,51.45508193969727,68.2300033569336,68.4000015258789,67.8499984741211,68.2300033569336,14800300
153,153,153,153,153,153,153,153,153,153,153,153,153,153,2015-08-12,50.708473205566406,67.23999786376953,67.55000305175781,66.06999969482422,67.41000366210938,21069000
154,154,154,154,154,154,154,154,154,154,154,154,154,154,2015-08-13,50.94224548339844,67.55000305175781,67.80000305175781,66.97000122070312,67.25,11930600
155,155,155,155,155,155,155,155,155,155,155,155,155,155,2015-08-14,51.19865798950195,67.88999938964844,67.91000366210938,67.4000015258789,67.41999816894531,11248800
156,156,156,156,156,156,156,156,156,156,156,156,156,156,2015-08-17,51.33440399169922,68.06999969482422,68.23999786376953,67.4000015258789,67.62000274658203,10326500
157,157,157,157,157,157,157,157,157,157,157,157,157,157,2015-08-18,51.439979553222656,68.20999908447266,68.36000061035156,67.83999633789062,67.9800033569336,10617500
158,158,158,158,158,158,158,158,158,158,158,158,158,158,2015-08-19,50.979957580566406,67.5999984741211,68.30999755859375,67.36000061035156,67.93000030517578,15198200
159,159,159,159,159,159,159,159,159,159,159,159,159,159,2015-08-20,49.72808837890625,65.94000244140625,67.04000091552734,65.94000244140625,66.80999755859375,20972300
160,160,160,160,160,160,160,160,160,160,160,160,160,160,2015-08-21,47.96338653564453,63.59999847412109,65.44000244140625,63.56999969482422,65.08999633789062,28235500
161,161,161,161,161,161,161,161,161,161,161,161,161,161,2015-08-24,45.43701553344727,60.25,62.91999816894531,50.06999969482422,59.290000915527344,36339100
162,162,162,162,162,162,162,162,162,162,162,162,162,162,2015-08-25,45.18060302734375,59.90999984741211,63.31999969482422,59.72999954223633,63.09999847412109,31772500
163,163,163,163,163,163,163,163,163,163,163,163,163,163,2015-08-26,47.44303512573242,62.90999984741211,62.97999954223633,60.54999923706055,61.79999923706055,33576800
164,164,164,164,164,164,164,164,164,164,164,164,164,164,2015-08-27,48.62705612182617,64.4800033569336,64.7300033569336,63.13999938964844,63.97999954223633,29045700
165,165,165,165,165,165,165,165,165,165,165,165,165,165,2015-08-28,48.36307907104492,64.12999725341797,64.45999908447266,63.59999847412109,64.29000091552734,16687300
166,166,166,166,166,166,166,166,166,166,166,166,166,166,2015-08-31,48.340450286865234,64.0999984741211,64.3499984741211,63.470001220703125,63.61000061035156,14223400
167,167,167,167,167,167,167,167,167,167,167,167,167,167,2015-09-01,46.34199142456055,61.45000076293945,62.84999847412109,60.9900016784668,62.84999847412109,23637300
168,168,168,168,168,168,168,168,168,168,168,168,168,168,2015-09-02,47.18662643432617,62.56999969482422,62.90999984741211,61.540000915527344,62.619998931884766,17757900
169,169,169,169,169,169,169,169,169,169,169,169,169,169,2015-09-03,47.26958084106445,62.68000030517578,63.65999984741211,62.45000076293945,62.880001068115234,17065400
170,170,170,170,170,170,170,170,170,170,170,170,170,170,2015-09-04,46.37969970703125,61.5,61.91999816894531,60.75,61.79999923706055,20189000
171,171,171,171,171,171,171,171,171,171,171,171,171,171,2015-09-08,47.63157653808594,63.15999984741211,63.20000076293945,62.33000183105469,62.77000045776367,13385100
172,172,172,172,172,172,172,172,172,172,172,172,172,172,2015-09-09,46.89251708984375,62.18000030517578,64.33999633789062,62.0,63.93999862670898,13889500
173,173,173,173,173,173,173,173,173,173,173,173,173,173,2015-09-10,47.25450134277344,62.65999984741211,63.0,61.45000076293945,61.86000061035156,15751100
174,174,174,174,174,174,174,174,174,174,174,174,174,174,2015-09-11,47.17909240722656,62.560001373291016,62.65999984741211,61.9900016784668,62.380001068115234,12766700
175,175,175,175,175,175,175,175,175,175,175,175,175,175,2015-09-14,47.04332733154297,62.380001068115234,62.68999862670898,62.119998931884766,62.63999938964844,10202800
176,176,176,176,176,176,176,176,176,176,176,176,176,176,2015-09-15,47.94830703735352,63.58000183105469,63.88999938964844,62.5099983215332,62.7599983215332,14023500
177,177,177,177,177,177,177,177,177,177,177,177,177,177,2015-09-16,48.37063217163086,64.13999938964844,64.29000091552734,63.209999084472656,63.88999938964844,12235900
178,178,178,178,178,178,178,178,178,178,178,178,178,178,2015-09-17,47.24695587158203,62.650001525878906,64.63999938964844,62.38999938964844,64.13999938964844,21249200
179,179,179,179,179,179,179,179,179,179,179,179,179,179,2015-09-18,45.95737457275391,60.93999862670898,61.83000183105469,60.77999877929688,61.83000183105469,31008000
180,180,180,180,180,180,180,180,180,180,180,180,180,180,2015-09-21,46.34199142456055,61.45000076293945,61.90999984741211,61.08000183105469,61.52000045776367,13136400
181,181,181,181,181,181,181,181,181,181,181,181,181,181,2015-09-22,45.93474197387695,60.90999984741211,61.09000015258789,60.41999816894531,60.59999847412109,14811900
182,182,182,182,182,182,182,182,182,182,182,182,182,182,2015-09-23,45.73112869262695,60.63999938964844,61.150001525878906,60.31999969482422,60.79999923706055,11712200
183,183,183,183,183,183,183,183,183,183,183,183,183,183,2015-09-24,45.41439437866211,60.220001220703125,60.380001068115234,59.459999084472656,60.0099983215332,17293400
184,184,184,184,184,184,184,184,184,184,184,184,184,184,2015-09-25,46.35707092285156,61.470001220703125,61.86000061035156,60.869998931884766,61.27000045776367,18384300
185,185,185,185,185,185,185,185,185,185,185,185,185,185,2015-09-28,45.233394622802734,59.97999954223633,61.0099983215332,59.68999862670898,60.91999816894531,17452200
186,186,186,186,186,186,186,186,186,186,186,186,186,186,2015-09-29,45.12782287597656,59.84000015258789,60.130001068115234,58.72999954223633,59.97999954223633,19334900
187,187,187,187,187,187,187,187,187,187,187,187,187,187,2015-09-30,45.9799919128418,60.970001220703125,61.0,60.11000061035156,60.70000076293945,18743800
188,188,188,188,188,188,188,188,188,188,188,188,188,188,2015-10-01,46.3193588256836,61.41999816894531,61.869998931884766,60.540000915527344,61.119998931884766,16863200
189,189,189,189,189,189,189,189,189,189,189,189,189,189,2015-10-02,46.19023895263672,60.810001373291016,60.86000061035156,58.52999877929688,59.59000015258789,20435100
190,190,190,190,190,190,190,190,190,190,190,190,190,190,2015-10-05,47.10932159423828,62.02000045776367,62.2400016784668,61.220001220703125,61.2400016784668,13471100
191,191,191,191,191,191,191,191,191,191,191,191,191,191,2015-10-06,47.13211441040039,62.04999923706055,62.36000061035156,61.619998931884766,62.11000061035156,12134800
192,192,192,192,192,192,192,192,192,192,192,192,192,192,2015-10-07,47.19288635253906,62.130001068115234,63.02999877929688,61.7599983215332,62.54999923706055,12773100
193,193,193,193,193,193,193,193,193,193,193,193,193,193,2015-10-08,47.19288635253906,62.130001068115234,62.25,61.43000030517578,61.84999847412109,13964600
194,194,194,194,194,194,194,194,194,194,194,194,194,194,2015-10-09,47.040977478027344,61.93000030517578,62.54999923706055,61.58000183105469,62.38999938964844,12112000
195,195,195,195,195,195,195,195,195,195,195,195,195,195,2015-10-12,46.88145446777344,61.720001220703125,62.0099983215332,61.400001525878906,61.84000015258789,10857400
196,196,196,196,196,196,196,196,196,196,196,196,196,196,2015-10-13,46.7523193359375,61.54999923706055,62.15999984741211,61.310001373291016,61.38999938964844,15621900
197,197,197,197,197,197,197,197,197,197,197,197,197,197,2015-10-14,45.567378997802734,59.9900016784668,60.970001220703125,59.540000915527344,60.7599983215332,28989400
198,198,198,198,198,198,198,198,198,198,198,198,198,198,2015-10-15,47.01057434082031,61.88999938964844,61.959999084472656,60.09999847412109,60.470001220703125,18147900
199,199,199,199,199,199,199,199,199,199,199,199,199,199,2015-10-16,47.42075729370117,62.43000030517578,62.650001525878906,62.09000015258789,62.43000030517578,17456600
200,200,200,200,200,200,200,200,200,200,200,200,200,200,2015-10-19,47.26123428344727,62.220001220703125,62.77000045776367,61.90999984741211,62.0,14510400
201,201,201,201,201,201,201,201,201,201,201,201,201,201,2015-10-20,47.48911285400391,62.52000045776367,62.81999969482422,62.08000183105469,62.36000061035156,11545100
202,202,202,202,202,202,202,202,202,202,202,202,202,202,2015-10-21,47.13972854614258,62.060001373291016,62.959999084472656,62.04999923706055,62.880001068115234,12113400
203,203,203,203,203,203,203,203,203,203,203,203,203,203,2015-10-22,47.99802780151367,63.18999862670898,63.58000183105469,62.41999816894531,62.41999816894531,15295700
204,204,204,204,204,204,204,204,204,204,204,204,204,204,2015-10-23,48.514556884765625,63.869998931884766,64.19000244140625,63.5,63.630001068115234,16985200
205,205,205,205,205,205,205,205,205,205,205,205,205,205,2015-10-26,48.53733825683594,63.900001525878906,63.9900016784668,63.40999984741211,63.84000015258789,13880200
206,206,206,206,206,206,206,206,206,206,206,206,206,206,2015-10-27,48.33984756469727,63.63999938964844,63.86000061035156,63.310001373291016,63.52999877929688,8831900
207,207,207,207,207,207,207,207,207,207,207,207,207,207,2015-10-28,49.75267028808594,65.5,65.73999786376953,63.68999862670898,63.70000076293945,17962000
208,208,208,208,208,208,208,208,208,208,208,208,208,208,2015-10-29,49.53239440917969,65.20999908447266,65.83000183105469,64.87999725341797,65.26000213623047,12753700
209,209,209,209,209,209,209,209,209,209,209,209,209,209,2015-10-30,48.80320739746094,64.25,65.33999633789062,64.12999725341797,65.30000305175781,15731400
210,210,210,210,210,210,210,210,210,210,210,210,210,210,2015-11-02,49.78305816650391,65.54000091552734,65.75,64.38999938964844,64.44999694824219,15253300
211,211,211,211,211,211,211,211,211,211,211,211,211,211,2015-11-03,49.965370178222656,65.77999877929688,66.0999984741211,65.16999816894531,65.29000091552734,11519500
212,212,212,212,212,212,212,212,212,212,212,212,212,212,2015-11-04,50.018531799316406,65.8499984741211,66.1500015258789,65.62999725341797,66.01000213623047,11388400
213,213,213,213,213,213,213,213,213,213,213,213,213,213,2015-11-05,50.46669387817383,66.44000244140625,66.66999816894531,65.75,65.79000091552734,12715900
214,214,214,214,214,214,214,214,214,214,214,214,214,214,2015-11-06,52.00103378295898,68.45999908447266,69.02999877929688,68.0999984741211,68.37000274658203,23262700
215,215,215,215,215,215,215,215,215,215,215,215,215,215,2015-11-09,51.18828201293945,67.38999938964844,68.72000122070312,67.08000183105469,68.69999694824219,17143800
216,216,216,216,216,216,216,216,216,216,216,216,216,216,2015-11-10,51.40857696533203,67.68000030517578,67.8499984741211,66.93000030517578,67.19000244140625,13239700
217,217,217,217,217,217,217,217,217,217,217,217,217,217,2015-11-11,51.15790557861328,67.3499984741211,68.16999816894531,67.25,68.0999984741211,8513900
218,218,218,218,218,218,218,218,218,218,218,218,218,218,2015-11-12,50.13248062133789,66.0,66.9000015258789,65.94999694824219,66.86000061035156,13576900
219,219,219,219,219,219,219,219,219,219,219,219,219,219,2015-11-13,49.798248291015625,65.55999755859375,66.16999816894531,65.2300033569336,65.83999633789062,11837000
220,220,220,220,220,220,220,220,220,220,220,220,220,220,2015-11-16,50.51985549926758,66.51000213623047,66.58000183105469,65.16999816894531,65.45999908447266,11041100
221,221,221,221,221,221,221,221,221,221,221,221,221,221,2015-11-17,50.23121643066406,66.12999725341797,66.73999786376953,65.88999938964844,66.66999816894531,12354800
222,222,222,222,222,222,222,222,222,222,222,222,222,222,2015-11-18,51.23385238647461,67.44999694824219,67.55000305175781,66.37000274658203,66.4800033569336,12911400
223,223,223,223,223,223,223,223,223,223,223,223,223,223,2015-11-19,51.393367767333984,67.66000366210938,67.81999969482422,67.04000091552734,67.58000183105469,12839500
224,224,224,224,224,224,224,224,224,224,224,224,224,224,2015-11-20,51.302223205566406,67.54000091552734,68.11000061035156,67.37999725341797,67.98999786376953,11209600
225,225,225,225,225,225,225,225,225,225,225,225,225,225,2015-11-23,50.800899505615234,66.87999725341797,67.58000183105469,66.77999877929688,67.30999755859375,11339000
226,226,226,226,226,226,226,226,226,226,226,226,226,226,2015-11-24,50.72493743896485,66.77999877929688,67.13999938964844,66.04000091552734,66.16999816894531,10910000
227,227,227,227,227,227,227,227,227,227,227,227,227,227,2015-11-25,50.78571701049805,66.86000061035156,67.12000274658203,66.55000305175781,66.93000030517578,7772000
228,228,228,228,228,228,228,228,228,228,228,228,228,228,2015-11-27,51.02118682861328,67.16999816894531,67.33000183105469,66.63999938964844,67.0,4052500
229,229,229,229,229,229,229,229,229,229,229,229,229,229,2015-11-30,50.64899063110352,66.68000030517578,67.5199966430664,66.68000030517578,67.27999877929688,15147500
230,230,230,230,230,230,230,230,230,230,230,230,230,230,2015-12-01,51.35539245605469,67.61000061035156,67.83000183105469,66.98999786376953,67.33999633789062,12708800
231,231,231,231,231,231,231,231,231,231,231,231,231,231,2015-12-02,50.6338119506836,66.66000366210938,67.87999725341797,66.4800033569336,67.83000183105469,13440900
232,232,232,232,232,232,232,232,232,232,232,232,232,232,2015-12-03,49.98055267333984,65.80000305175781,67.02999877929688,65.58000183105469,66.83000183105469,14626900
233,233,233,233,233,233,233,233,233,233,233,233,233,233,2015-12-04,51.56808090209961,67.88999938964844,68.0,66.02999877929688,66.0999984741211,17786000
234,234,234,234,234,234,234,234,234,234,234,234,234,234,2015-12-07,50.89204406738281,67.0,67.75,66.4000015258789,67.66000366210938,11686000
235,235,235,235,235,235,235,235,235,235,235,235,235,235,2015-12-08,50.10209274291992,65.95999908447266,66.95999908447266,65.69999694824219,66.25,13084500
236,236,236,236,236,236,236,236,236,236,236,236,236,236,2015-12-09,49.722286224365234,65.45999908447266,66.58000183105469,65.04000091552734,65.61000061035156,16770200
237,237,237,237,237,237,237,237,237,237,237,237,237,237,2015-12-10,49.836238861083984,65.61000061035156,66.5,65.08000183105469,65.54000091552734,12839000
238,238,238,238,238,238,238,238,238,238,238,238,238,238,2015-12-11,48.66647338867188,64.06999969482422,65.16000366210938,63.5099983215332,64.80000305175781,17889300
239,239,239,239,239,239,239,239,239,239,239,239,239,239,2015-12-14,48.818389892578125,64.2699966430664,64.76000213623047,63.59999847412109,64.2300033569336,17638200
240,240,240,240,240,240,240,240,240,240,240,240,240,240,2015-12-15,50.20842742919922,66.0999984741211,66.6500015258789,65.06999969482422,65.06999969482422,18126600
241,241,241,241,241,241,241,241,241,241,241,241,241,241,2015-12-16,51.29461669921875,67.52999877929688,67.73999786376953,65.91000366210938,66.91000366210938,21720000
242,242,242,242,242,242,242,242,242,242,242,242,242,242,2015-12-17,50.34514617919922,66.27999877929688,68.0,66.08000183105469,67.9000015258789,18122100
243,243,243,243,243,243,243,243,243,243,243,243,243,243,2015-12-18,48.91715240478516,64.4000015258789,65.97000122070312,64.4000015258789,65.97000122070312,23819600
244,244,244,244,244,244,244,244,244,244,244,244,244,244,2015-12-21,49.78305816650391,65.54000091552734,65.55999755859375,64.83000183105469,65.0199966430664,18869300
245,245,245,245,245,245,245,245,245,245,245,245,245,245,2015-12-22,49.88940048217773,65.68000030517578,66.0,64.9800033569336,65.91999816894531,12149500
246,246,246,246,246,246,246,246,246,246,246,246,246,246,2015-12-23,50.686973571777344,66.7300033569336,66.8499984741211,66.05000305175781,66.12000274658203,12524500
247,247,247,247,247,247,247,247,247,247,247,247,247,247,2015-12-24,50.58821487426758,66.5999984741211,66.88999938964844,66.31999969482422,66.62000274658203,4468200
248,248,248,248,248,248,248,248,248,248,248,248,248,248,2015-12-28,50.42110824584961,66.37999725341797,66.44999694824219,65.70999908447266,66.29000091552734,6610600
249,249,249,249,249,249,249,249,249,249,249,249,249,249,2015-12-29,50.94521331787109,67.06999969482422,67.30000305175781,66.73999786376953,66.83999633789062,9820800
250,250,250,250,250,250,250,250,250,250,250,250,250,250,2015-12-30,50.58061599731445,66.58999633789062,67.05000305175781,66.44999694824219,67.04000091552734,7190700
251,251,251,251,251,251,251,251,251,251,251,251,251,251,2015-12-31,50.15524673461914,66.02999877929688,66.77999877929688,66.0,66.19000244140625,14654300
252,252,252,252,252,252,252,252,252,252,252,252,252,252,2016-01-04,48.64882659912109,63.619998931884766,64.05999755859375,63.0099983215332,63.95000076293945,25393200
253,253,253,253,253,253,253,253,253,253,253,253,253,253,2016-01-05,48.73295974731445,63.72999954223633,64.12999725341797,63.040000915527344,63.70000076293945,16566700
254,254,254,254,254,254,254,254,254,254,254,254,254,254,2016-01-06,48.02944946289063,62.810001373291016,63.130001068115234,62.34000015258789,62.720001220703125,22961500
255,255,255,255,255,255,255,255,255,255,255,255,255,255,2016-01-07,46.08716583251953,60.27000045776367,62.0,60.08000183105469,61.459999084472656,27630900
256,256,256,256,256,256,256,256,256,256,256,256,256,256,2016-01-08,45.05485153198242,58.91999816894531,61.27000045776367,58.84999847412109,61.130001068115234,22373300
257,257,257,257,257,257,257,257,257,257,257,257,257,257,2016-01-11,44.98603439331055,58.83000183105469,59.220001220703125,58.040000915527344,58.83000183105469,20925500
258,258,258,258,258,258,258,258,258,258,258,258,258,258,2016-01-12,45.08544158935547,58.959999084472656,59.560001373291016,58.09999847412109,59.45000076293945,22971600
259,259,259,259,259,259,259,259,259,259,259,259,259,259,2016-01-13,43.846656799316406,57.34000015258789,59.68000030517578,56.90999984741211,59.459999084472656,28808100
260,260,260,260,260,260,260,260,260,260,260,260,260,260,2016-01-14,44.5042839050293,58.20000076293945,59.380001068115234,57.290000915527344,58.15999984741211,31296300
261,261,261,261,261,261,261,261,261,261,261,261,261,261,2016-01-15,43.61725234985352,57.040000915527344,57.56999969482422,56.220001220703125,56.45000076293945,38131700
262,262,262,262,262,262,262,262,262,262,262,262,262,262,2016-01-19,43.59431838989258,57.0099983215332,57.970001220703125,56.5099983215332,57.72999954223633,22818900
263,263,263,263,263,263,263,263,263,263,263,263,263,263,2016-01-20,42.44729995727539,55.5099983215332,56.18000030517578,54.65999984741211,55.630001068115234,34646100
264,264,264,264,264,264,264,264,264,264,264,264,264,264,2016-01-21,42.24848556518555,55.25,56.52000045776367,55.060001373291016,55.7400016784668,31301100
265,265,265,265,265,265,265,265,265,265,265,265,265,265,2016-01-22,43.548431396484375,56.95000076293945,57.15999984741211,56.29999923706055,56.43999862670898,22732200
266,266,266,266,266,266,266,266,266,266,266,266,266,266,2016-01-25,42.5620002746582,55.65999984741211,56.84999847412109,55.59999847412109,56.47999954223633,21114400
267,267,267,267,267,267,267,267,267,267,267,267,267,267,2016-01-26,43.64785385131836,57.08000183105469,57.150001525878906,55.810001373291016,55.84999847412109,17535700
268,268,268,268,268,268,268,268,268,268,268,268,268,268,2016-01-27,43.61725234985352,57.040000915527344,58.27000045776367,56.560001373291016,57.08000183105469,20560000
269,269,269,269,269,269,269,269,269,269,269,269,269,269,2016-01-28,43.80077362060547,57.27999877929688,57.970001220703125,56.630001068115234,57.52000045776367,15497900
270,270,270,270,270,270,270,270,270,270,270,270,270,270,2016-01-29,45.498348236083984,59.5,59.540000915527344,57.5099983215332,57.83000183105469,26992200
271,271,271,271,271,271,271,271,271,271,271,271,271,271,2016-02-01,45.00896453857422,58.86000061035156,59.650001525878906,58.43999862670898,59.15999984741211,16807900
272,272,272,272,272,272,272,272,272,272,272,272,272,272,2016-02-02,43.60961151123047,57.02999877929688,57.97999954223633,56.75,57.880001068115234,22448200
273,273,273,273,273,273,273,273,273,273,273,273,273,273,2016-02-03,43.90018081665039,57.40999984741211,57.79999923706055,55.02000045776367,57.369998931884766,31543200
274,274,274,274,274,274,274,274,274,274,274,274,274,274,2016-02-04,44.6572151184082,58.400001525878906,58.52000045776367,57.060001373291016,57.060001373291016,21651300
275,275,275,275,275,275,275,275,275,275,275,275,275,275,2016-02-05,44.16017532348633,57.75,59.13999938964844,57.41999816894531,58.58000183105469,22001300
276,276,276,276,276,276,276,276,276,276,276,276,276,276,2016-02-08,43.23490905761719,56.540000915527344,56.91999816894531,55.540000915527344,56.68999862670898,28267600
277,277,277,277,277,277,277,277,277,277,277,277,277,277,2016-02-09,42.97492980957031,56.20000076293945,56.68999862670898,55.130001068115234,55.290000915527344,26300000
278,278,278,278,278,278,278,278,278,278,278,278,278,278,2016-02-10,42.4549446105957,55.52000045776367,57.40999984741211,55.470001220703125,56.56999969482422,22389600
279,279,279,279,279,279,279,279,279,279,279,279,279,279,2016-02-11,40.58147811889648,53.06999969482422,53.90999984741211,52.5,53.900001525878906,44334700
280,280,280,280,280,280,280,280,280,280,280,280,280,280,2016-02-12,43.96136093139648,57.4900016784668,57.56999969482422,55.16999816894531,55.650001525878906,37011400
281,281,281,281,281,281,281,281,281,281,281,281,281,281,2016-02-16,44.61898040771485,58.34999847412109,58.59999847412109,57.63999938964844,58.22999954223633,23730700
282,282,282,282,282,282,282,282,282,282,282,282,282,282,2016-02-17,44.94014739990234,58.77000045776367,59.25,58.38999938964844,58.84999847412109,21580100
283,283,283,283,283,283,283,283,283,283,283,283,283,283,2016-02-18,44.20605850219727,57.810001373291016,58.86000061035156,57.25,58.84000015258789,17037800
284,284,284,284,284,284,284,284,284,284,284,284,284,284,2016-02-19,44.21370697021485,57.81999969482422,58.16999816894531,57.08000183105469,57.5,15658200
285,285,285,285,285,285,285,285,285,285,285,285,285,285,2016-02-22,44.787208557128906,58.56999969482422,58.880001068115234,58.41999816894531,58.5099983215332,14882800
286,286,286,286,286,286,286,286,286,286,286,286,286,286,2016-02-23,42.91374588012695,56.119998931884766,58.09000015258789,55.959999084472656,57.900001525878906,31772500
287,287,287,287,287,287,287,287,287,287,287,287,287,287,2016-02-24,42.92904281616211,56.13999938964844,56.209999084472656,54.33000183105469,55.20000076293945,25560100
288,288,288,288,288,288,288,288,288,288,288,288,288,288,2016-02-25,43.59431838989258,57.0099983215332,57.02999877929688,56.040000915527344,56.130001068115234,14473300
289,289,289,289,289,289,289,289,289,289,289,289,289,289,2016-02-26,43.99959182739258,57.540000915527344,58.11000061035156,57.13999938964844,57.63999938964844,20947500
290,290,290,290,290,290,290,290,290,290,290,290,290,290,2016-02-29,43.05139923095703,56.29999923706055,57.61000061035156,56.290000915527344,57.40999984741211,19554100
291,291,291,291,291,291,291,291,291,291,291,291,291,291,2016-03-01,45.26896667480469,59.20000076293945,59.20000076293945,56.66999816894531,56.7599983215332,23958100
292,292,292,292,292,292,292,292,292,292,292,292,292,292,2016-03-02,45.69718551635742,59.7599983215332,59.900001525878906,58.959999084472656,59.20000076293945,20943100
293,293,293,293,293,293,293,293,293,293,293,293,293,293,2016-03-03,45.85012435913086,59.959999084472656,59.959999084472656,59.09999847412109,59.58000183105469,15790600
294,294,294,294,294,294,294,294,294,294,294,294,294,294,2016-03-04,45.91893768310547,60.04999923706055,60.54999923706055,59.52999877929688,60.09999847412109,18459000
295,295,295,295,295,295,295,295,295,295,295,295,295,295,2016-03-07,45.83481597900391,59.93999862670898,60.04999923706055,59.31999969482422,59.540000915527344,12832400
296,296,296,296,296,296,296,296,296,296,296,296,296,296,2016-03-08,44.947792053222656,58.77999877929688,59.5,58.68000030517578,59.209999084472656,14132900
297,297,297,297,297,297,297,297,297,297,297,297,297,297,2016-03-09,45.20778274536133,59.119998931884766,59.540000915527344,58.68000030517578,59.150001525878906,13238800
298,298,298,298,298,298,298,298,298,298,298,298,298,298,2016-03-10,44.81779479980469,58.61000061035156,59.66999816894531,57.810001373291016,59.59000015258789,21139200
299,299,299,299,299,299,299,299,299,299,299,299,299,299,2016-03-11,45.37601852416992,59.34000015258789,59.5099983215332,58.650001525878906,59.38999938964844,21055000
300,300,300,300,300,300,300,300,300,300,300,300,300,300,2016-03-14,45.20778274536133,59.119998931884766,59.310001373291016,58.59999847412109,59.150001525878906,13436100
301,301,301,301,301,301,301,301,301,301,301,301,301,301,2016-03-15,45.26896667480469,59.20000076293945,59.209999084472656,58.43000030517578,58.540000915527344,10910500
302,302,302,302,302,302,302,302,302,302,302,302,302,302,2016-03-16,45.05485153198242,58.91999816894531,59.75,58.470001220703125,58.97999954223633,17423900
303,303,303,303,303,303,303,303,303,303,303,303,303,303,2016-03-17,44.92484664916992,58.75,59.130001068115234,57.9900016784668,58.77000045776367,19405700
304,304,304,304,304,304,304,304,304,304,304,304,304,304,2016-03-18,46.24775695800781,60.47999954223633,60.970001220703125,59.65999984741211,60.04999923706055,29570200
305,305,305,305,305,305,305,305,305,305,305,305,305,305,2016-03-21,46.232452392578125,60.459999084472656,60.81999969482422,59.959999084472656,60.220001220703125,12684400
306,306,306,306,306,306,306,306,306,306,306,306,306,306,2016-03-22,46.064231872558594,60.2400016784668,60.58000183105469,59.619998931884766,59.9900016784668,12042700
307,307,307,307,307,307,307,307,307,307,307,307,307,307,2016-03-23,45.83481597900391,59.93999862670898,60.5099983215332,59.86000061035156,60.34000015258789,11658700
308,308,308,308,308,308,308,308,308,308,308,308,308,308,2016-03-24,45.48306274414063,59.47999954223633,59.5099983215332,58.869998931884766,59.29999923706055,12921200
309,309,309,309,309,309,309,309,309,309,309,309,309,309,2016-03-28,45.42190933227539,59.400001525878906,59.75,59.18000030517578,59.52999877929688,11159700
310,310,310,310,310,310,310,310,310,310,310,310,310,310,2016-03-29,45.13896179199219,59.02999877929688,59.33000183105469,58.52999877929688,59.33000183105469,15933400
311,311,311,311,311,311,311,311,311,311,311,311,311,311,2016-03-30,45.6589469909668,59.709999084472656,60.22999954223633,59.380001068115234,59.459999084472656,13307100
312,312,312,312,312,312,312,312,312,312,312,312,312,312,2016-03-31,45.28425216674805,59.220001220703125,59.93000030517578,59.11000061035156,59.45000076293945,14904700
313,313,313,313,313,313,313,313,313,313,313,313,313,313,2016-04-01,45.78129196166992,59.869998931884766,60.060001373291016,58.560001373291016,59.02000045776367,15417500
314,314,314,314,314,314,314,314,314,314,314,314,314,314,2016-04-04,45.60411834716797,59.20000076293945,59.56999969482422,58.959999084472656,59.43999862670898,12305000
315,315,315,315,315,315,315,315,315,315,315,315,315,315,2016-04-05,44.957027435302734,58.36000061035156,58.83000183105469,58.209999084472656,58.59000015258789,12886600
316,316,316,316,316,316,316,316,316,316,316,316,316,316,2016-04-06,45.30367660522461,58.810001373291016,58.880001068115234,57.95000076293945,58.18000030517578,12167900
317,317,317,317,317,317,317,317,317,317,317,317,317,317,2016-04-07,44.155879974365234,57.31999969482422,58.43000030517578,57.06999969482422,58.2599983215332,19226800
318,318,318,318,318,318,318,318,318,318,318,318,318,318,2016-04-08,44.47943115234375,57.7400016784668,58.58000183105469,57.68999862670898,57.709999084472656,13547700
319,319,319,319,319,319,319,319,319,319,319,319,319,319,2016-04-11,44.83377456665039,58.20000076293945,58.880001068115234,57.90999984741211,57.90999984741211,17627800
320,320,320,320,320,320,320,320,320,320,320,320,320,320,2016-04-12,45.665748596191406,59.27999877929688,59.38999938964844,58.20000076293945,58.34000015258789,17779200
321,321,321,321,321,321,321,321,321,321,321,321,321,321,2016-04-13,47.59930419921875,61.790000915527344,62.15999984741211,60.380001068115234,60.47999954223633,37516800
322,322,322,322,322,322,322,322,322,322,322,322,322,322,2016-04-14,48.2155647277832,62.59000015258789,62.90999984741211,61.61000061035156,61.68999862670898,24249900
323,323,323,323,323,323,323,323,323,323,323,323,323,323,2016-04-15,47.660919189453125,61.869998931884766,62.900001525878906,61.45000076293945,62.880001068115234,19290700
324,324,324,324,324,324,324,324,324,324,324,324,324,324,2016-04-18,47.96905899047852,62.27000045776367,62.58000183105469,61.52999877929688,61.63999938964844,13813100
325,325,325,325,325,325,325,325,325,325,325,325,325,325,2016-04-19,48.77791595458984,63.31999969482422,63.47999954223633,62.54999923706055,62.54999923706055,19255600
326,326,326,326,326,326,326,326,326,326,326,326,326,326,2016-04-20,49.48661422729492,64.23999786376953,64.30999755859375,63.150001525878906,63.47999954223633,14594400
327,327,327,327,327,327,327,327,327,327,327,327,327,327,2016-04-21,48.99362182617188,63.59999847412109,64.66000366210938,63.34000015258789,64.26000213623047,15395800
328,328,328,328,328,328,328,328,328,328,328,328,328,328,2016-04-22,49.27864456176758,63.970001220703125,64.37999725341797,63.63999938964844,63.63999938964844,12444700
329,329,329,329,329,329,329,329,329,329,329,329,329,329,2016-04-25,48.99362182617188,63.59999847412109,63.95000076293945,63.150001525878906,63.59999847412109,10687200
330,330,330,330,330,330,330,330,330,330,330,330,330,330,2016-04-26,49.247825622558594,63.93000030517578,64.06999969482422,63.33000183105469,63.810001373291016,12048000
331,331,331,331,331,331,331,331,331,331,331,331,331,331,2016-04-27,49.38649368286133,64.11000061035156,64.63999938964844,63.59999847412109,63.86000061035156,15284100
332,332,332,332,332,332,332,332,332,332,332,332,332,332,2016-04-28,48.99362182617188,63.59999847412109,64.41999816894531,63.34999847412109,63.63999938964844,12852500
333,333,333,333,333,333,333,333,333,333,333,333,333,333,2016-04-29,48.68547439575195,63.20000076293945,63.61000061035156,62.70000076293945,63.09000015258789,16376400
334,334,334,334,334,334,334,334,334,334,334,334,334,334,2016-05-02,49.13996505737305,63.790000915527344,64.0,63.13999938964844,63.68999862670898,10247300
335,335,335,335,335,335,335,335,335,335,335,335,335,335,2016-05-03,48.19245910644531,62.560001373291016,62.90999984741211,61.79999923706055,62.900001525878906,19120300
336,336,336,336,336,336,336,336,336,336,336,336,336,336,2016-05-04,47.4298210144043,61.56999969482422,62.2599983215332,61.27000045776367,61.75,17030200
337,337,337,337,337,337,337,337,337,337,337,337,337,337,2016-05-05,47.17560958862305,61.2400016784668,62.0,61.060001373291016,61.59999847412109,14033900
338,338,338,338,338,338,338,338,338,338,338,338,338,338,2016-05-06,47.45292282104492,61.59999847412109,61.68000030517578,60.59000015258789,60.70000076293945,11057900
339,339,339,339,339,339,339,339,339,339,339,339,339,339,2016-05-09,47.15250015258789,61.209999084472656,61.88999938964844,61.04999923706055,61.369998931884766,11197100
340,340,340,340,340,340,340,340,340,340,340,340,340,340,2016-05-10,47.7918815612793,62.040000915527344,62.2599983215332,61.34999847412109,61.54999923706055,11897200
341,341,341,341,341,341,341,341,341,341,341,341,341,341,2016-05-11,47.61470031738281,61.810001373291016,62.59999847412109,61.810001373291016,61.970001220703125,11254000
342,342,342,342,342,342,342,342,342,342,342,342,342,342,2016-05-12,47.58388900756836,61.77000045776367,62.560001373291016,61.369998931884766,62.27000045776367,11071700
343,343,343,343,343,343,343,343,343,343,343,343,343,343,2016-05-13,47.1447868347168,61.20000076293945,62.400001525878906,61.02000045776367,61.70000076293945,15122300
344,344,344,344,344,344,344,344,344,344,344,344,344,344,2016-05-16,47.4991455078125,61.65999984741211,61.9900016784668,61.0,61.209999084472656,10951300
345,345,345,345,345,345,345,345,345,345,345,345,345,345,2016-05-17,47.4991455078125,61.65999984741211,62.15999984741211,61.150001525878906,61.43000030517578,12180900
346,346,346,346,346,346,346,346,346,346,346,346,346,346,2016-05-18,49.33256149291992,64.04000091552734,64.16999816894531,61.68999862670898,61.70000076293945,24007100
347,347,347,347,347,347,347,347,347,347,347,347,347,347,2016-05-19,48.83183670043945,63.38999938964844,64.22000122070312,62.900001525878906,63.52999877929688,16076200
348,348,348,348,348,348,348,348,348,348,348,348,348,348,2016-05-20,48.92427444458008,63.5099983215332,64.19000244140625,63.369998931884766,63.86000061035156,11862000
349,349,349,349,349,349,349,349,349,349,349,349,349,349,2016-05-23,48.88576889038086,63.459999084472656,63.869998931884766,63.15999984741211,63.45000076293945,9347500
350,350,350,350,350,350,350,350,350,350,350,350,350,350,2016-05-24,49.71772766113281,64.54000091552734,64.7699966430664,63.810001373291016,63.93999862670898,13839400
351,351,351,351,351,351,351,351,351,351,351,351,351,351,2016-05-25,50.472652435302734,65.5199966430664,66.19999694824219,64.91999816894531,64.94000244140625,18935200
352,352,352,352,352,352,352,352,352,352,352,352,352,352,2016-05-26,50.09519577026367,65.02999877929688,65.58000183105469,64.91000366210938,65.56999969482422,9428400
353,353,353,353,353,353,353,353,353,353,353,353,353,353,2016-05-27,50.40333938598633,65.43000030517578,65.45999908447266,65.05000305175781,65.20999908447266,10116000
354,354,354,354,354,354,354,354,354,354,354,354,354,354,2016-05-31,50.280067443847656,65.2699966430664,65.81999969482422,64.95999908447266,65.7300033569336,15139400
355,355,355,355,355,355,355,355,355,355,355,355,355,355,2016-06-01,50.603614807128906,65.69000244140625,65.91999816894531,64.26000213623047,64.76000213623047,14031000
356,356,356,356,356,356,356,356,356,356,356,356,356,356,2016-06-02,50.6960563659668,65.80999755859375,65.80999755859375,65.16000366210938,65.5199966430664,10637600
357,357,357,357,357,357,357,357,357,357,357,357,357,357,2016-06-03,49.79476165771485,64.63999938964844,64.86000061035156,63.54999923706055,64.25,20261700
358,358,358,358,358,358,358,358,358,358,358,358,358,358,2016-06-06,50.28777694702149,65.27999877929688,65.76000213623047,64.5999984741211,64.63999938964844,13193500
359,359,359,359,359,359,359,359,359,359,359,359,359,359,2016-06-07,50.11830520629883,65.05999755859375,65.73999786376953,65.04000091552734,65.44999694824219,9924100
360,360,360,360,360,360,360,360,360,360,360,360,360,360,2016-06-08,50.26466751098633,65.25,65.4800033569336,64.91999816894531,64.93000030517578,9428000
361,361,361,361,361,361,361,361,361,361,361,361,361,361,2016-06-09,49.8795051574707,64.75,64.9000015258789,64.2699966430664,64.79000091552734,10817800
362,362,362,362,362,362,362,362,362,362,362,362,362,362,2016-06-10,49.178489685058594,63.84000015258789,64.06999969482422,63.58000183105469,63.93000030517578,16678400
363,363,363,363,363,363,363,363,363,363,363,363,363,363,2016-06-13,48.73940658569336,63.27000045776367,64.33999633789062,63.2599983215332,63.47999954223633,14314900
364,364,364,364,364,364,364,364,364,364,364,364,364,364,2016-06-14,47.822696685791016,62.08000183105469,63.470001220703125,61.68000030517578,62.68000030517578,19509300
365,365,365,365,365,365,365,365,365,365,365,365,365,365,2016-06-15,47.73795700073242,61.970001220703125,62.97999954223633,61.90999984741211,62.40999984741211,16982100
366,366,366,366,366,366,366,366,366,366,366,366,366,366,2016-06-16,47.9305305480957,62.220001220703125,62.29999923706055,60.900001525878906,61.45000076293945,16791200
367,367,367,367,367,367,367,367,367,367,367,367,367,367,2016-06-17,47.97675704956055,62.27999877929688,62.709999084472656,61.93000030517578,62.29999923706055,15751500
368,368,368,368,368,368,368,368,368,368,368,368,368,368,2016-06-20,48.04610443115234,62.369998931884766,63.84999847412109,62.34000015258789,63.45000076293945,12213200
369,369,369,369,369,369,369,369,369,369,369,369,369,369,2016-06-21,48.49288940429688,62.95000076293945,63.0,62.13999938964844,62.72999954223633,11611600
370,370,370,370,370,370,370,370,370,370,370,370,370,370,2016-06-22,48.308013916015625,62.709999084472656,63.709999084472656,62.68000030517578,62.95000076293945,12643500
371,371,371,371,371,371,371,371,371,371,371,371,371,371,2016-06-23,49.34026336669922,64.05000305175781,64.1500015258789,63.52999877929688,63.70000076293945,16583600
372,372,372,372,372,372,372,372,372,372,372,372,372,372,2016-06-24,45.9122428894043,59.59999847412109,61.70000076293945,59.34000015258789,60.47999954223633,44108700
373,373,373,373,373,373,373,373,373,373,373,373,373,373,2016-06-27,44.379276275634766,57.61000061035156,58.75,57.04999923706055,58.709999084472656,37300700
374,374,374,374,374,374,374,374,374,374,374,374,374,374,2016-06-28,45.85062026977539,59.52000045776367,59.54999923706055,58.2599983215332,59.18999862670898,29088700
375,375,375,375,375,375,375,375,375,375,375,375,375,375,2016-06-29,47.1447868347168,61.20000076293945,61.209999084472656,60.0,60.36000061035156,21483000
376,376,376,376,376,376,376,376,376,376,376,376,376,376,2016-06-30,47.8689079284668,62.13999938964844,62.18999862670898,61.02000045776367,61.630001068115234,21343600
377,377,377,377,377,377,377,377,377,377,377,377,377,377,2016-07-01,47.558380126953125,61.2599983215332,62.0099983215332,61.15999984741211,61.65999984741211,14217800
378,378,378,378,378,378,378,378,378,378,378,378,378,378,2016-07-05,46.23085021972656,59.54999923706055,60.59999847412109,59.09999847412109,60.45000076293945,23357700
379,379,379,379,379,379,379,379,379,379,379,379,379,379,2016-07-06,46.72769546508789,60.18999862670898,60.290000915527344,58.7599983215332,59.0099983215332,20429800
380,380,380,380,380,380,380,380,380,380,380,380,380,380,2016-07-07,47.030460357666016,60.58000183105469,61.13999938964844,60.15999984741211,60.52000045776367,13771400
381,381,381,381,381,381,381,381,381,381,381,381,381,381,2016-07-08,48.000885009765625,61.83000183105469,62.16999816894531,61.33000183105469,61.33000183105469,16998800
382,382,382,382,382,382,382,382,382,382,382,382,382,382,2016-07-11,48.34248352050781,62.27000045776367,62.95000076293945,62.13999938964844,62.41999816894531,13151400
383,383,383,383,383,383,383,383,383,383,383,383,383,383,2016-07-12,49.0644760131836,63.20000076293945,63.560001373291016,62.88999938964844,63.02999877929688,16588100
384,384,384,384,384,384,384,384,384,384,384,384,384,384,2016-07-13,49.03342056274414,63.15999984741211,63.43000030517578,62.63999938964844,63.08000183105469,18526900
385,385,385,385,385,385,385,385,385,385,385,385,385,385,2016-07-14,49.77870941162109,64.12000274658203,64.9800033569336,64.05000305175781,64.73999786376953,28985900
386,386,386,386,386,386,386,386,386,386,386,386,386,386,2016-07-15,49.82527542114258,64.18000030517578,64.80000305175781,63.61000061035156,64.75,17607100
387,387,387,387,387,387,387,387,387,387,387,387,387,387,2016-07-18,49.654483795166016,63.959999084472656,64.4000015258789,63.900001525878906,64.12999725341797,10824400
388,388,388,388,388,388,388,388,388,388,388,388,388,388,2016-07-19,49.57683563232422,63.86000061035156,64.0999984741211,63.459999084472656,63.61000061035156,9737400
389,389,389,389,389,389,389,389,389,389,389,389,389,389,2016-07-20,49.63120269775391,63.93000030517578,64.2300033569336,63.709999084472656,64.11000061035156,10411100
390,390,390,390,390,390,390,390,390,390,390,390,390,390,2016-07-21,49.444862365722656,63.68999862670898,64.18000030517578,63.630001068115234,64.0,9808700
391,391,391,391,391,391,391,391,391,391,391,391,391,391,2016-07-22,49.71659469604492,64.04000091552734,64.08999633789062,63.59999847412109,63.900001525878906,8195700
392,392,392,392,392,392,392,392,392,392,392,392,392,392,2016-07-25,49.58461380004883,63.869998931884766,64.16999816894531,63.68000030517578,63.97999954223633,8168300
393,393,393,393,393,393,393,393,393,393,393,393,393,393,2016-07-26,49.78646469116211,64.12999725341797,64.26000213623047,63.709999084472656,63.97999954223633,8067800
394,394,394,394,394,394,394,394,394,394,394,394,394,394,2016-07-27,49.94173049926758,64.33000183105469,64.69000244140625,64.05999755859375,64.08000183105469,11806800
395,395,395,395,395,395,395,395,395,395,395,395,395,395,2016-07-28,49.76316833496094,64.0999984741211,64.19000244140625,63.720001220703125,64.0,10013400
396,396,396,396,396,396,396,396,396,396,396,396,396,396,2016-07-29,49.66225051879883,63.970001220703125,64.29000091552734,63.75,63.79999923706055,13210400
397,397,397,397,397,397,397,397,397,397,397,397,397,397,2016-08-01,49.53026580810547,63.79999923706055,64.30999755859375,63.61000061035156,64.1500015258789,11422600
398,398,398,398,398,398,398,398,398,398,398,398,398,398,2016-08-02,49.4138069152832,63.650001525878906,64.01000213623047,63.380001068115234,63.59000015258789,13550000
399,399,399,399,399,399,399,399,399,399,399,399,399,399,2016-08-03,50.19792556762695,64.66000366210938,64.66999816894531,63.650001525878906,63.68999862670898,13122300
400,400,400,400,400,400,400,400,400,400,400,400,400,400,2016-08-04,50.12028503417969,64.55999755859375,64.81999969482422,64.2699966430664,64.48999786376953,9873000
401,401,401,401,401,401,401,401,401,401,401,401,401,401,2016-08-05,51.47113037109375,66.30000305175781,66.37000274658203,65.06999969482422,65.13999938964844,20752700
402,402,402,402,402,402,402,402,402,402,402,402,402,402,2016-08-08,51.31584167480469,66.0999984741211,66.48999786376953,65.83999633789062,66.06999969482422,11359200
403,403,403,403,403,403,403,403,403,403,403,403,403,403,2016-08-09,51.13729095458984,65.87000274658203,66.27999877929688,65.69000244140625,66.18000030517578,10097000
404,404,404,404,404,404,404,404,404,404,404,404,404,404,2016-08-10,50.67924499511719,65.27999877929688,66.06999969482422,65.16000366210938,65.91999816894531,11556100
405,405,405,405,405,405,405,405,405,405,405,405,405,405,2016-08-11,50.818992614746094,65.45999908447266,65.69000244140625,65.0199966430664,65.2699966430664,9604500
406,406,406,406,406,406,406,406,406,406,406,406,406,406,2016-08-12,50.71030426025391,65.31999969482422,65.3499984741211,64.86000061035156,64.97000122070312,7685400
407,407,407,407,407,407,407,407,407,407,407,407,407,407,2016-08-15,51.02082824707031,65.72000122070312,65.83000183105469,65.45999908447266,65.55999755859375,8371600
408,408,408,408,408,408,408,408,408,408,408,408,408,408,2016-08-16,51.01308059692383,65.70999908447266,65.95999908447266,65.23999786376953,65.36000061035156,10128900
409,409,409,409,409,409,409,409,409,409,409,409,409,409,2016-08-17,51.15281295776367,65.88999938964844,65.9800033569336,65.54000091552734,65.80000305175781,11868100
410,410,410,410,410,410,410,410,410,410,410,410,410,410,2016-08-18,51.19939422607422,65.94999694824219,65.98999786376953,65.52999877929688,65.62000274658203,9313600
411,411,411,411,411,411,411,411,411,411,411,411,411,411,2016-08-19,51.12952423095703,65.86000061035156,65.91000366210938,65.22000122070312,65.72000122070312,9084900
412,412,412,412,412,412,412,412,412,412,412,412,412,412,2016-08-22,51.08294677734375,65.80000305175781,65.87999725341797,65.41000366210938,65.75,9055600
413,413,413,413,413,413,413,413,413,413,413,413,413,413,2016-08-23,51.05964660644531,65.7699966430664,66.33999633789062,65.76000213623047,66.06999969482422,8949600
414,414,414,414,414,414,414,414,414,414,414,414,414,414,2016-08-24,51.19939422607422,65.94999694824219,66.2300033569336,65.7699966430664,65.98999786376953,10167200
415,415,415,415,415,415,415,415,415,415,415,415,415,415,2016-08-25,51.29255294799805,66.06999969482422,66.13999938964844,65.79000091552734,65.91000366210938,9978700
416,416,416,416,416,416,416,416,416,416,416,416,416,416,2016-08-26,51.40900421142578,66.22000122070312,66.87999725341797,65.8499984741211,66.33000183105469,14038600
417,417,417,417,417,417,417,417,417,417,417,417,417,417,2016-08-29,51.97573471069336,66.94999694824219,67.0999984741211,66.45999908447266,66.48999786376953,14583100
418,418,418,418,418,418,418,418,418,418,418,418,418,418,2016-08-30,52.40272521972656,67.5,67.5999984741211,66.94999694824219,66.94999694824219,13791200
419,419,419,419,419,419,419,419,419,419,419,419,419,419,2016-08-31,52.40272521972656,67.5,67.7699966430664,66.86000061035156,67.45999908447266,14952300
420,420,420,420,420,420,420,420,420,420,420,420,420,420,2016-09-01,52.17757797241211,67.20999908447266,67.72000122070312,66.6500015258789,67.63999938964844,12226500
421,421,421,421,421,421,421,421,421,421,421,421,421,421,2016-09-02,52.39495849609375,67.48999786376953,67.58000183105469,66.9800033569336,67.4000015258789,13720700
422,422,422,422,422,422,422,422,422,422,422,422,422,422,2016-09-06,52.35613250732422,67.44000244140625,67.55000305175781,66.70999908447266,67.5,16649400
423,423,423,423,423,423,423,423,423,423,423,423,423,423,2016-09-07,52.138763427734375,67.16000366210938,67.58999633789062,66.95999908447266,67.16000366210938,10070400
424,424,424,424,424,424,424,424,424,424,424,424,424,424,2016-09-08,52.20863342285156,67.25,67.68000030517578,67.0,67.22000122070312,12253000
425,425,425,425,425,425,425,425,425,425,425,425,425,425,2016-09-09,51.74283218383789,66.6500015258789,67.43000030517578,66.63999938964844,67.02999877929688,19686900
426,426,426,426,426,426,426,426,426,426,426,426,426,426,2016-09-12,52.061134338378906,67.05999755859375,67.30000305175781,65.76000213623047,66.13999938964844,16453000
427,427,427,427,427,427,427,427,427,427,427,427,427,427,2016-09-13,51.64967346191406,66.52999877929688,66.86000061035156,65.81999969482422,66.11000061035156,18876100
428,428,428,428,428,428,428,428,428,428,428,428,428,428,2016-09-14,51.54874801635742,66.4000015258789,67.25,66.20999908447266,66.2699966430664,12648600
429,429,429,429,429,429,429,429,429,429,429,429,429,429,2016-09-15,51.73506546020508,66.63999938964844,66.93000030517578,66.08999633789062,66.29000091552734,12531300
430,430,430,430,430,430,430,430,430,430,430,430,430,430,2016-09-16,51.09847259521485,65.81999969482422,66.26000213623047,65.44000244140625,66.08999633789062,25161500
431,431,431,431,431,431,431,431,431,431,431,431,431,431,2016-09-19,51.38571166992188,66.19000244140625,66.63999938964844,65.8499984741211,66.1500015258789,13466900
432,432,432,432,432,432,432,432,432,432,432,432,432,432,2016-09-20,51.595333099365234,66.45999908447266,66.8499984741211,66.23999786376953,66.75,10092200
433,433,433,433,433,433,433,433,433,433,433,433,433,433,2016-09-21,51.89032745361328,66.83999633789062,67.12999725341797,66.30999755859375,66.83999633789062,14116800
434,434,434,434,434,434,434,434,434,434,434,434,434,434,2016-09-22,52.31731796264648,67.38999938964844,67.41999816894531,66.83999633789062,66.98999786376953,12781700
435,435,435,435,435,435,435,435,435,435,435,435,435,435,2016-09-23,52.20863342285156,67.25,67.9000015258789,67.18000030517578,67.38999938964844,13967400
436,436,436,436,436,436,436,436,436,436,436,436,436,436,2016-09-26,51.06742858886719,65.77999877929688,66.80000305175781,65.54000091552734,66.5999984741211,16408100
437,437,437,437,437,437,437,437,437,437,437,437,437,437,2016-09-27,51.517696380615234,66.36000061035156,66.41000366210938,65.11000061035156,65.41000366210938,13711400
438,438,438,438,438,438,438,438,438,438,438,438,438,438,2016-09-28,51.78941345214844,66.70999908447266,66.7699966430664,65.98999786376953,66.58000183105469,11278000
439,439,439,439,439,439,439,439,439,439,439,439,439,439,2016-09-29,50.96650695800781,65.6500015258789,67.20999908447266,65.3499984741211,66.69999694824219,18727200
440,440,440,440,440,440,440,440,440,440,440,440,440,440,2016-09-30,51.69625473022461,66.58999633789062,67.05999755859375,66.08000183105469,66.08000183105469,21680100
441,441,441,441,441,441,441,441,441,441,441,441,441,441,2016-10-03,51.63414764404297,66.51000213623047,66.91999816894531,66.26000213623047,66.3499984741211,14901700
442,442,442,442,442,442,442,442,442,442,442,442,442,442,2016-10-04,52.07986068725586,66.5999984741211,67.18000030517578,66.0999984741211,66.20999908447266,17226900
443,443,443,443,443,443,443,443,443,443,443,443,443,443,2016-10-05,52.93223190307617,67.69000244140625,68.06999969482422,66.80000305175781,66.88999938964844,16280000
444,444,444,444,444,444,444,444,444,444,444,444,444,444,2016-10-06,53.07299423217773,67.87000274658203,67.97000122070312,67.05000305175781,67.7300033569336,17485000
445,445,445,445,445,445,445,445,445,445,445,445,445,445,2016-10-07,53.26066207885742,68.11000061035156,68.18000030517578,67.4000015258789,67.79000091552734,18497000
446,446,446,446,446,446,446,446,446,446,446,446,446,446,2016-10-10,53.67510986328125,68.63999938964844,69.05999755859375,68.2300033569336,68.33999633789062,13027500
447,447,447,447,447,447,447,447,447,447,447,447,447,447,2016-10-11,53.41706848144531,68.30999755859375,68.81999969482422,67.93000030517578,68.5,15657100
448,448,448,448,448,448,448,448,448,448,448,448,448,448,2016-10-12,53.27629470825195,68.12999725341797,68.58999633789062,68.05000305175781,68.26000213623047,11899800
449,449,449,449,449,449,449,449,449,449,449,449,449,449,2016-10-13,52.971317291259766,67.73999786376953,67.87000274658203,66.81999969482422,67.45999908447266,17890000
450,450,450,450,450,450,450,450,450,450,450,450,450,450,2016-10-14,52.79930877685547,67.5199966430664,69.02999877929688,67.30000305175781,68.80000305175781,24163800
451,451,451,451,451,451,451,451,451,451,451,451,451,451,2016-10-17,52.52560806274414,67.16999816894531,67.79000091552734,66.73999786376953,67.41999816894531,14963400
452,452,452,452,452,452,452,452,452,452,452,452,452,452,2016-10-18,52.94005584716797,67.69999694824219,68.20999908447266,67.54000091552734,67.8499984741211,11870300
453,453,453,453,453,453,453,453,453,453,453,453,453,453,2016-10-19,53.44832992553711,68.3499984741211,68.5,67.80999755859375,67.80999755859375,12705800
454,454,454,454,454,454,454,454,454,454,454,454,454,454,2016-10-20,53.377967834472656,68.26000213623047,68.68000030517578,67.94000244140625,68.08000183105469,14122000
455,455,455,455,455,455,455,455,455,455,455,455,455,455,2016-10-21,53.55781936645508,68.48999786376953,68.52999877929688,67.69999694824219,67.80999755859375,12175700
456,456,456,456,456,456,456,456,456,456,456,456,456,456,2016-10-24,53.85496520996094,68.87000274658203,69.05000305175781,68.5,68.97000122070312,10197100
457,457,457,457,457,457,457,457,457,457,457,457,457,457,2016-10-25,53.80022811889648,68.80000305175781,68.93000030517578,68.37999725341797,68.87999725341797,9945100
458,458,458,458,458,458,458,458,458,458,458,458,458,458,2016-10-26,54.05827331542969,69.12999725341797,69.25,68.37000274658203,68.37000274658203,9801300
459,459,459,459,459,459,459,459,459,459,459,459,459,459,2016-10-27,54.136474609375,69.2300033569336,69.7699966430664,69.0999984741211,69.48999786376953,14210700
460,460,460,460,460,460,460,460,460,460,460,460,460,460,2016-10-28,54.04264831542969,69.11000061035156,69.55000305175781,68.47000122070312,69.52999877929688,12766500
461,461,461,461,461,461,461,461,461,461,461,461,461,461,2016-10-31,54.15993118286133,69.26000213623047,69.58000183105469,69.2300033569336,69.43000030517578,14336300
462,462,462,462,462,462,462,462,462,462,462,462,462,462,2016-11-01,53.93315887451172,68.97000122070312,69.77999877929688,68.33000183105469,69.4800033569336,15564500
463,463,463,463,463,463,463,463,463,463,463,463,463,463,2016-11-02,53.70638656616211,68.68000030517578,68.8499984741211,68.01000213623047,68.6500015258789,12449800
464,464,464,464,464,464,464,464,464,464,464,464,464,464,2016-11-03,53.4718017578125,68.37999725341797,69.19000244140625,68.22000122070312,68.86000061035156,10369700
465,465,465,465,465,465,465,465,465,465,465,465,465,465,2016-11-04,52.98696517944336,67.76000213623047,68.55999755859375,67.63999938964844,68.48999786376953,13571300
466,466,466,466,466,466,466,466,466,466,466,466,466,466,2016-11-07,54.64476013183594,69.87999725341797,69.97000122070312,69.0,69.08000183105469,16515100
467,467,467,467,467,467,467,467,467,467,467,467,467,467,2016-11-08,54.76206588745117,70.02999877929688,70.55000305175781,69.23999786376953,69.69999694824219,17531700
468,468,468,468,468,468,468,468,468,468,468,468,468,468,2016-11-09,57.28002548217773,73.25,74.1500015258789,71.31999969482422,71.45999908447266,50948400
469,469,469,469,469,469,469,469,469,469,469,469,469,469,2016-11-10,59.93877410888672,76.6500015258789,77.25,74.22000122070312,74.22000122070312,56192300
470,470,470,470,470,470,470,470,470,470,470,470,470,470,2016-11-11,59.97004699707031,76.69000244140625,76.72000122070312,75.7699966430664,76.30000305175781,27574300
471,471,471,471,471,471,471,471,471,471,471,471,471,471,2016-11-14,62.175235748291016,79.51000213623047,80.44000244140625,77.25,77.25,46130700
472,472,472,472,472,472,472,472,472,472,472,472,472,472,2016-11-15,62.05794143676758,79.36000061035156,79.41000366210938,77.77999877929688,78.37000274658203,28126300
473,473,473,473,473,473,473,473,473,473,473,473,473,473,2016-11-16,60.52526473999024,77.4000015258789,78.3499984741211,76.87999725341797,78.22000122070312,26054900
474,474,474,474,474,474,474,474,474,474,474,474,474,474,2016-11-17,61.01008987426758,78.0199966430664,78.45999908447266,77.5999984741211,77.93000030517578,19306700
475,475,475,475,475,475,475,475,475,475,475,475,475,475,2016-11-18,60.76766586303711,77.70999908447266,78.41999816894531,77.55000305175781,77.95999908447266,19770000
476,476,476,476,476,476,476,476,476,476,476,476,476,476,2016-11-21,61.03355026245117,78.05000305175781,78.16999816894531,77.29000091552734,78.0,11983500
477,477,477,477,477,477,477,477,477,477,477,477,477,477,2016-11-22,61.40888595581055,78.52999877929688,78.55999755859375,77.76000213623047,78.3499984741211,14410100
478,478,478,478,478,478,478,478,478,478,478,478,478,478,2016-11-23,61.66692352294922,78.86000061035156,79.23999786376953,77.88999938964844,78.87000274658203,13373700
479,479,479,479,479,479,479,479,479,479,479,479,479,479,2016-11-25,61.64350128173828,78.83000183105469,79.44999694824219,78.47000122070312,79.0999984741211,6185700
480,480,480,480,480,480,480,480,480,480,480,480,480,480,2016-11-28,61.24467849731445,78.31999969482422,78.87000274658203,78.0199966430664,78.18000030517578,13007200
481,481,481,481,481,481,481,481,481,481,481,481,481,481,2016-11-29,61.71385955810547,78.91999816894531,79.16000366210938,78.38999938964844,78.38999938964844,14144100
482,482,482,482,482,482,482,482,482,482,482,482,482,482,2016-11-30,62.69136047363281,80.16999816894531,80.52999877929688,79.69999694824219,79.91999816894531,25351900
483,483,483,483,483,483,483,483,483,483,483,483,483,483,2016-12-01,63.95814514160156,81.79000091552734,82.27999877929688,80.6500015258789,80.6500015258789,23823600
484,484,484,484,484,484,484,484,484,484,484,484,484,484,2016-12-02,63.80955505371094,81.5999984741211,81.83000183105469,80.9000015258789,81.80000305175781,16931500
485,485,485,485,485,485,485,485,485,485,485,485,485,485,2016-12-05,65.1076431274414,83.26000213623047,83.29000091552734,82.29000091552734,82.30000305175781,18529800
486,486,486,486,486,486,486,486,486,486,486,486,486,486,2016-12-06,65.44390106201172,83.69000244140625,83.80999755859375,82.43000030517578,83.5999984741211,16130000
487,487,487,487,487,487,487,487,487,487,487,487,487,487,2016-12-07,65.74107360839844,84.06999969482422,84.08999633789062,82.8499984741211,83.55000305175781,18996900
488,488,488,488,488,488,488,488,488,488,488,488,488,488,2016-12-08,66.56212615966797,85.12000274658203,85.5,83.94000244140625,84.2300033569336,20844900
489,489,489,489,489,489,489,489,489,489,489,489,489,489,2016-12-09,66.85147094726562,85.48999786376953,85.5,84.13999938964844,85.0199966430664,14567200
490,490,490,490,490,490,490,490,490,490,490,490,490,490,2016-12-12,66.2571792602539,84.7300033569336,85.79000091552734,84.29000091552734,85.36000061035156,14511300
491,491,491,491,491,491,491,491,491,491,491,491,491,491,2016-12-13,66.28060913085938,84.76000213623047,85.66999816894531,83.81999969482422,84.9800033569336,16669000
492,492,492,492,492,492,492,492,492,492,492,492,492,492,2016-12-14,66.2571792602539,84.7300033569336,86.12000274658203,83.76000213623047,83.87999725341797,22622600
493,493,493,493,493,493,493,493,493,493,493,493,493,493,2016-12-15,67.25029754638672,86.0,86.48999786376953,84.9000015258789,85.4000015258789,19438900
494,494,494,494,494,494,494,494,494,494,494,494,494,494,2016-12-16,66.42138671875,84.94000244140625,86.29000091552734,84.88999938964844,86.29000091552734,23008500
495,495,495,495,495,495,495,495,495,495,495,495,495,495,2016-12-19,66.80455780029297,85.43000030517578,85.44000244140625,84.19000244140625,84.80000305175781,21685100
496,496,496,496,496,496,496,496,496,496,496,496,496,496,2016-12-20,67.66474914550781,86.52999877929688,86.54000091552734,85.55000305175781,85.79000091552734,14587300
497,497,497,497,497,497,497,497,497,497,497,497,497,497,2016-12-21,67.83678436279297,86.75,86.80999755859375,86.02999877929688,86.43000030517578,11400500
498,498,498,498,498,498,498,498,498,498,498,498,498,498,2016-12-22,67.94624328613281,86.88999938964844,87.16999816894531,86.20999908447266,86.44000244140625,13924200
499,499,499,499,499,499,499,499,499,499,499,499,499,499,2016-12-23,68.07135772705078,87.05000305175781,87.1500015258789,86.4000015258789,87.0,10759400
500,500,500,500,500,500,500,500,500,500,500,500,500,500,2016-12-27,68.1339340209961,87.12999725341797,87.16000366210938,86.75,87.05000305175781,6946400
501,501,501,501,501,501,501,501,501,501,501,501,501,501,2016-12-28,67.64127349853516,86.5,87.38999938964844,86.3499984741211,87.16000366210938,9455600
502,502,502,502,502,502,502,502,502,502,502,502,502,502,2016-12-29,67.16426086425781,85.88999938964844,86.66999816894531,85.04000091552734,86.58000183105469,14689000
503,503,503,503,503,503,503,503,503,503,503,503,503,503,2016-12-30,67.4770736694336,86.29000091552734,86.41999816894531,85.66000366210938,86.0999984741211,13617800
504,504,504,504,504,504,504,504,504,504,504,504,504,504,2017-01-03,68.2121353149414,87.2300033569336,87.76000213623047,85.9800033569336,87.33999633789062,20550700
505,505,505,505,505,505,505,505,505,505,505,505,505,505,2017-01-04,68.33794403076172,86.91000366210938,87.18000030517578,86.4000015258789,86.95999908447266,15266600
506,506,506,506,506,506,506,506,506,506,506,506,506,506,2017-01-05,67.70889282226562,86.11000061035156,87.11000061035156,85.26000213623047,86.80999755859375,14300800
507,507,507,507,507,507,507,507,507,507,507,507,507,507,2017-01-06,67.71675109863281,86.12000274658203,86.62000274658203,85.94000244140625,86.38999938964844,12893300
508,508,508,508,508,508,508,508,508,508,508,508,508,508,2017-01-09,67.763916015625,86.18000030517578,86.7699966430664,85.5199966430664,85.7300033569336,12806600
509,509,509,509,509,509,509,509,509,509,509,509,509,509,2017-01-10,67.96050262451172,86.43000030517578,86.9000015258789,85.72000122070312,86.06999969482422,13989000
510,510,510,510,510,510,510,510,510,510,510,510,510,510,2017-01-11,68.4715805053711,87.08000183105469,87.08000183105469,85.91000366210938,86.43000030517578,14713100
511,511,511,511,511,511,511,511,511,511,511,511,511,511,2017-01-12,67.81111145019531,86.23999786376953,87.2699966430664,86.0199966430664,86.76000213623047,21337400
512,512,512,512,512,512,512,512,512,512,512,512,512,512,2017-01-13,68.17279815673828,86.69999694824219,88.16999816894531,86.0999984741211,87.11000061035156,28296000
513,513,513,513,513,513,513,513,513,513,513,513,513,513,2017-01-17,65.6959457397461,83.55000305175781,85.22000122070312,83.27999877929688,84.93000030517578,30024600
514,514,514,514,514,514,514,514,514,514,514,514,514,514,2017-01-18,66.00261688232422,83.94000244140625,84.2300033569336,83.02999877929688,83.62999725341797,21270100
515,515,515,515,515,515,515,515,515,515,515,515,515,515,2017-01-19,65.49937438964844,83.30000305175781,84.66999816894531,83.12000274658203,84.05999755859375,16555600
516,516,516,516,516,516,516,516,516,516,516,516,516,516,2017-01-20,65.790283203125,83.66999816894531,83.83000183105469,83.29000091552734,83.43000030517578,18436800
517,517,517,517,517,517,517,517,517,517,517,517,517,517,2017-01-23,65.82173156738281,83.70999908447266,84.0,83.20999908447266,83.30000305175781,12179200
518,518,518,518,518,518,518,518,518,518,518,518,518,518,2017-01-24,66.61592102050781,84.72000122070312,85.0,83.55999755859375,83.91999816894531,15175300
519,519,519,519,519,519,519,519,519,519,519,519,519,519,2017-01-25,67.64599609375,86.02999877929688,86.16999816894531,85.16999816894531,85.83999633789062,17551000
520,520,520,520,520,520,520,520,520,520,520,520,520,520,2017-01-26,68.21212768554688,86.75,86.94999694824219,85.94999694824219,85.94999694824219,15962800
521,521,521,521,521,521,521,521,521,521,521,521,521,521,2017-01-27,68.35366821289062,86.93000030517578,86.9800033569336,86.2699966430664,86.66000366210938,12535400
522,522,522,522,522,522,522,522,522,522,522,522,522,522,2017-01-30,67.64599609375,86.02999877929688,86.5,85.31999969482422,86.19000244140625,13661900
523,523,523,523,523,523,523,523,523,523,523,523,523,523,2017-01-31,66.54515075683594,84.62999725341797,86.1500015258789,84.08999633789062,85.5999984741211,15655100
524,524,524,524,524,524,524,524,524,524,524,524,524,524,2017-02-01,66.7967758178711,84.94999694824219,86.0999984741211,84.68000030517578,85.54000091552734,15430900
525,525,525,525,525,525,525,525,525,525,525,525,525,525,2017-02-02,66.51370239257812,84.58999633789062,84.91000366210938,84.16000366210938,84.33999633789062,11081400
526,526,526,526,526,526,526,526,526,526,526,526,526,526,2017-02-03,68.55023193359375,87.18000030517578,87.30999755859375,85.87000274658203,86.19000244140625,17885200
527,527,527,527,527,527,527,527,527,527,527,527,527,527,2017-02-06,68.22781372070312,86.7699966430664,87.44999694824219,86.61000061035156,86.79000091552734,11828400
528,528,528,528,528,528,528,528,528,528,528,528,528,528,2017-02-07,68.18854522705078,86.72000122070312,87.4000015258789,86.4800033569336,87.13999938964844,9392800
529,529,529,529,529,529,529,529,529,529,529,529,529,529,2017-02-08,67.5909194946289,85.95999908447266,86.30999755859375,85.37000274658203,86.18000030517578,13970900
530,530,530,530,530,530,530,530,530,530,530,530,530,530,2017-02-09,68.5659408569336,87.19999694824219,87.33000183105469,85.95999908447266,85.95999908447266,13749100
531,531,531,531,531,531,531,531,531,531,531,531,531,531,2017-02-10,68.40868377685547,87.0,87.4800033569336,86.88999938964844,87.4800033569336,10992500
532,532,532,532,532,532,532,532,532,532,532,532,532,532,2017-02-13,69.31295776367188,88.1500015258789,88.73999786376953,87.43000030517578,87.44000244140625,18739100
533,533,533,533,533,533,533,533,533,533,533,533,533,533,2017-02-14,70.421630859375,89.55999755859375,89.69999694824219,88.11000061035156,88.30000305175781,17932100
534,534,534,534,534,534,534,534,534,534,534,534,534,534,2017-02-15,71.23153686523438,90.58999633789062,90.87000274658205,89.3499984741211,90.08000183105467,17381800
535,535,535,535,535,535,535,535,535,535,535,535,535,535,2017-02-16,71.18435668945312,90.52999877929688,91.04000091552734,89.7699966430664,90.4000015258789,17672700
536,536,536,536,536,536,536,536,536,536,536,536,536,536,2017-02-17,70.9484634399414,90.2300033569336,90.47000122070312,89.69000244140625,89.81999969482422,15776600
537,537,537,537,537,537,537,537,537,537,537,537,537,537,2017-02-21,71.56177520751953,91.01000213623048,91.1500015258789,90.45999908447266,90.51000213623048,14068300
538,538,538,538,538,538,538,538,538,538,538,538,538,538,2017-02-22,71.60110473632812,91.05999755859376,91.3000030517578,90.41999816894533,90.5199966430664,11839000
539,539,539,539,539,539,539,539,539,539,539,539,539,539,2017-02-23,71.65616607666016,91.12999725341795,91.33999633789062,90.5199966430664,91.18000030517578,11067000
540,540,540,540,540,540,540,540,540,540,540,540,540,540,2017-02-24,71.027099609375,90.33000183105467,90.54000091552734,89.7300033569336,90.18000030517578,15062300
541,541,541,541,541,541,541,541,541,541,541,541,541,541,2017-02-27,71.10572814941406,90.43000030517578,90.7300033569336,90.0199966430664,90.31999969482422,12361000
542,542,542,542,542,542,542,542,542,542,542,542,542,542,2017-02-28,71.25513458251953,90.62000274658205,90.81999969482422,89.58999633789062,89.8499984741211,15183500
543,543,543,543,543,543,543,543,543,543,543,543,543,543,2017-03-01,73.59830474853516,93.5999984741211,93.9800033569336,92.61000061035156,92.79000091552734,24451400
544,544,544,544,544,544,544,544,544,544,544,544,544,544,2017-03-02,72.45030975341797,92.13999938964844,93.91999816894533,92.02999877929688,93.87000274658205,16862500
545,545,545,545,545,545,545,545,545,545,545,545,545,545,2017-03-03,72.9692611694336,92.8000030517578,93.11000061035156,92.13999938964844,92.13999938964844,12817500
546,546,546,546,546,546,546,546,546,546,546,546,546,546,2017-03-06,72.27735137939453,91.91999816894533,92.31999969482422,91.0999984741211,92.25,15059200
547,547,547,547,547,547,547,547,547,547,547,547,547,547,2017-03-07,71.8763427734375,91.41000366210938,92.08999633789062,91.20999908447266,91.63999938964844,11156800
548,548,548,548,548,548,548,548,548,548,548,548,548,548,2017-03-08,71.71903228759766,91.20999908447266,92.8499984741211,91.0999984741211,92.68000030517578,17378400
549,549,549,549,549,549,549,549,549,549,549,549,549,549,2017-03-09,72.00212097167969,91.56999969482422,92.13999938964844,91.1500015258789,91.5999984741211,13726200
550,550,550,550,550,550,550,550,550,550,550,550,550,550,2017-03-10,71.77408599853516,91.27999877929688,92.0,90.52999877929688,91.9499969482422,13729900
551,551,551,551,551,551,551,551,551,551,551,551,551,551,2017-03-13,71.83699798583984,91.36000061035156,91.77999877929688,90.93000030517578,91.30999755859376,10004300
552,552,552,552,552,552,552,552,552,552,552,552,552,552,2017-03-14,71.9549331665039,91.51000213623048,91.6500015258789,90.7699966430664,91.0199966430664,10237700
553,553,553,553,553,553,553,553,553,553,553,553,553,553,2017-03-15,72.1279296875,91.7300033569336,92.5500030517578,91.12999725341795,91.8000030517578,16601400
554,554,554,554,554,554,554,554,554,554,554,554,554,554,2017-03-16,72.05715942382812,91.63999938964844,92.80999755859376,91.56999969482422,92.02999877929688,14492000
555,555,555,555,555,555,555,555,555,555,555,555,555,555,2017-03-17,71.30229187011719,90.68000030517578,92.04000091552734,90.6500015258789,91.83000183105467,21734700
556,556,556,556,556,556,556,556,556,556,556,556,556,556,2017-03-20,70.79121398925781,90.02999877929688,91.16999816894533,89.79000091552734,90.2699966430664,14623600
557,557,557,557,557,557,557,557,557,557,557,557,557,557,2017-03-21,68.71534729003906,87.38999938964844,90.63999938964844,87.05999755859375,90.36000061035156,33089200
558,558,558,558,558,558,558,558,558,558,558,558,558,558,2017-03-22,68.82544708251953,87.52999877929688,88.06999969482422,86.01000213623047,86.88999938964844,21741000
559,559,559,559,559,559,559,559,559,559,559,559,559,559,2017-03-23,68.71534729003906,87.38999938964844,88.5,87.08999633789062,87.20999908447266,16090100
560,560,560,560,560,560,560,560,560,560,560,560,560,560,2017-03-24,68.63672637939453,87.29000091552734,88.08999633789062,86.7699966430664,87.79000091552734,16093200
561,561,561,561,561,561,561,561,561,561,561,561,561,561,2017-03-27,68.59739685058594,87.23999786376953,87.4000015258789,85.2300033569336,85.52999877929688,16689300
562,562,562,562,562,562,562,562,562,562,562,562,562,562,2017-03-28,69.66681671142578,88.5999984741211,89.0199966430664,86.9800033569336,87.0199966430664,16264400
563,563,563,563,563,563,563,563,563,563,563,563,563,563,2017-03-29,69.40731048583984,88.2699966430664,88.81999969482422,88.08000183105469,88.5999984741211,10207600
564,564,564,564,564,564,564,564,564,564,564,564,564,564,2017-03-30,70.0048828125,89.02999877929688,89.45999908447266,88.12000274658203,88.19999694824219,11631000
565,565,565,565,565,565,565,565,565,565,565,565,565,565,2017-03-31,69.06919860839844,87.83999633789062,88.73999786376953,87.75,88.70999908447266,16987600
566,566,566,566,566,566,566,566,566,566,566,566,566,566,2017-04-03,68.81758117675781,87.5199966430664,88.16999816894531,86.5999984741211,87.98999786376953,19831800
567,567,567,567,567,567,567,567,567,567,567,567,567,567,2017-04-04,69.04691314697266,87.30999755859375,87.66999816894531,86.72000122070312,86.88999938964844,14280800
568,568,568,568,568,568,568,568,568,568,568,568,568,568,2017-04-05,68.16120147705078,86.19000244140625,88.54000091552734,86.12999725341797,88.41999816894531,17635500
569,569,569,569,569,569,569,569,569,569,569,569,569,569,2017-04-06,68.39053344726562,86.4800033569336,86.91000366210938,85.25,85.9800033569336,14379600
570,570,570,570,570,570,570,570,570,570,570,570,570,570,2017-04-07,68.15328216552734,86.18000030517578,86.80999755859375,85.70999908447266,85.93000030517578,13097100
571,571,571,571,571,571,571,571,571,571,571,571,571,571,2017-04-10,67.91602325439453,85.87999725341797,86.69000244140625,85.4000015258789,86.08000183105469,15081600
572,572,572,572,572,572,572,572,572,572,572,572,572,572,2017-04-11,67.79743957519531,85.7300033569336,85.79000091552734,84.80000305175781,85.54000091552734,14690500
573,573,573,573,573,573,573,573,573,573,573,573,573,573,2017-04-12,67.53641510009766,85.4000015258789,85.94999694824219,85.02999877929688,85.93000030517578,14730600
574,574,574,574,574,574,574,574,574,574,574,574,574,574,2017-04-13,66.74563598632812,84.4000015258789,86.98999786376953,84.4000015258789,85.5,30529800
575,575,575,575,575,575,575,575,575,575,575,575,575,575,2017-04-17,67.90023040771484,85.86000061035156,86.08000183105469,84.37000274658203,84.44000244140625,19071700
576,576,576,576,576,576,576,576,576,576,576,576,576,576,2017-04-18,67.34664916992188,85.16000366210938,85.62999725341797,84.73999786376953,85.36000061035156,14127000
577,577,577,577,577,577,577,577,577,577,577,577,577,577,2017-04-19,66.79304504394531,84.45999908447266,85.91999816894531,84.36000061035156,85.5,17588500
578,578,578,578,578,578,578,578,578,578,578,578,578,578,2017-04-20,67.65509796142578,85.55000305175781,85.77999877929688,84.55000305175781,84.9800033569336,15635800
579,579,579,579,579,579,579,579,579,579,579,579,579,579,2017-04-21,66.84051513671875,84.5199966430664,85.68000030517578,84.51000213623047,85.5,19820600
580,580,580,580,580,580,580,580,580,580,580,580,580,580,2017-04-24,69.19718170166016,87.5,88.05000305175781,86.41999816894531,86.55000305175781,25468300
581,581,581,581,581,581,581,581,581,581,581,581,581,581,2017-04-25,69.79817962646484,88.26000213623047,89.12999725341797,88.26000213623047,88.55000305175781,18253800
582,582,582,582,582,582,582,582,582,582,582,582,582,582,2017-04-26,69.9326400756836,88.43000030517578,89.05000305175781,88.13999938964844,88.3499984741211,12832200
583,583,583,583,583,583,583,583,583,583,583,583,583,583,2017-04-27,69.2841567993164,87.61000061035156,88.37000274658203,87.01000213623047,88.37000274658203,13329000
584,584,584,584,584,584,584,584,584,584,584,584,584,584,2017-04-28,68.80175018310547,87.0,87.8499984741211,86.94999694824219,87.5999984741211,10755600
585,585,585,585,585,585,585,585,585,585,585,585,585,585,2017-05-01,68.84920501708984,87.05999755859375,87.73999786376953,86.55999755859375,87.36000061035156,15712300
586,586,586,586,586,586,586,586,586,586,586,586,586,586,2017-05-02,68.40633392333984,86.5,86.87999725341797,86.0199966430664,86.70999908447266,14414200
587,587,587,587,587,587,587,587,587,587,587,587,587,587,2017-05-03,68.80175018310547,87.0,87.0999984741211,86.0199966430664,86.05999755859375,11540500
588,588,588,588,588,588,588,588,588,588,588,588,588,588,2017-05-04,68.8808364868164,87.0999984741211,87.7300033569336,86.56999969482422,87.69000244140625,11540100
589,589,589,589,589,589,589,589,589,589,589,589,589,589,2017-05-05,68.80175018310547,87.0,87.33999633789062,86.41999816894531,87.25,9436000
590,590,590,590,590,590,590,590,590,590,590,590,590,590,2017-05-08,68.8808364868164,87.0999984741211,87.31999969482422,86.6500015258789,87.04000091552734,8162200
591,591,591,591,591,591,591,591,591,591,591,591,591,591,2017-05-09,68.60404968261719,86.75,87.83999633789062,86.5,87.26000213623047,10273900
592,592,592,592,592,592,592,592,592,592,592,592,592,592,2017-05-10,69.1418228149414,87.43000030517578,87.4800033569336,86.47000122070312,86.52999877929688,8334900
593,593,593,593,593,593,593,593,593,593,593,593,593,593,2017-05-11,68.92829895019531,87.16000366210938,87.4800033569336,86.3499984741211,87.08999633789062,10907400
594,594,594,594,594,594,594,594,594,594,594,594,594,594,2017-05-12,68.73851013183594,86.91999816894531,87.05000305175781,86.33999633789062,86.68000030517578,8738800
595,595,595,595,595,595,595,595,595,595,595,595,595,595,2017-05-15,69.07063293457031,87.33999633789062,87.48999786376953,86.86000061035156,87.0999984741211,8835600
596,596,596,596,596,596,596,596,596,596,596,596,596,596,2017-05-16,69.2841567993164,87.61000061035156,88.08999633789062,87.33999633789062,87.36000061035156,9795000
597,597,597,597,597,597,597,597,597,597,597,597,597,597,2017-05-17,66.6427993774414,84.2699966430664,87.61000061035156,83.97000122070312,87.61000061035156,24679700
598,598,598,598,598,598,598,598,598,598,598,598,598,598,2017-05-18,66.39763641357422,83.95999908447266,84.80000305175781,83.36000061035156,84.06999969482422,23350100
599,599,599,599,599,599,599,599,599,599,599,599,599,599,2017-05-19,67.046142578125,84.77999877929688,85.33999633789062,84.1500015258789,84.20999908447266,13412900
600,600,600,600,600,600,600,600,600,600,600,600,600,600,2017-05-22,66.98284149169922,84.69999694824219,85.29000091552734,84.20999908447266,85.18000030517578,11636000
601,601,601,601,601,601,601,601,601,601,601,601,601,601,2017-05-23,67.8211441040039,85.76000213623047,86.06999969482422,84.51000213623047,84.75,11753000
602,602,602,602,602,602,602,602,602,602,602,602,602,602,2017-05-24,67.78158569335938,85.70999908447266,85.97000122070312,85.23999786376953,85.87999725341797,9833800
603,603,603,603,603,603,603,603,603,603,603,603,603,603,2017-05-25,67.49691772460938,85.3499984741211,86.08000183105469,85.08000183105469,85.98999786376953,12238500
604,604,604,604,604,604,604,604,604,604,604,604,604,604,2017-05-26,67.50480651855469,85.36000061035156,85.55999755859375,85.0199966430664,85.11000061035156,8113500
605,605,605,605,605,605,605,605,605,605,605,605,605,605,2017-05-30,66.3502197265625,83.9000015258789,85.1500015258789,83.77999877929688,85.12999725341797,12603200
606,606,606,606,606,606,606,606,606,606,606,606,606,606,2017-05-31,64.96625518798828,82.1500015258789,83.81999969482422,81.63999938964844,83.7300033569336,28327900
607,607,607,607,607,607,607,607,607,607,607,607,607,607,2017-06-01,65.6859130859375,83.05999755859375,83.08000183105469,81.6500015258789,82.45999908447266,17123500
608,608,608,608,608,608,608,608,608,608,608,608,608,608,2017-06-02,65.353759765625,82.63999938964844,82.98999786376953,81.9800033569336,82.29000091552734,14998500
609,609,609,609,609,609,609,609,609,609,609,609,609,609,2017-06-05,65.4723892211914,82.79000091552734,83.51000213623047,82.58000183105469,82.63999938964844,9080200
610,610,610,610,610,610,610,610,610,610,610,610,610,610,2017-06-06,65.6068344116211,82.95999908447266,83.22000122070312,82.12999725341797,82.29000091552734,12196800
611,611,611,611,611,611,611,611,611,611,611,611,611,611,2017-06-07,66.35810089111328,83.91000366210938,84.11000061035156,83.0999984741211,83.30999755859375,13711100
612,612,612,612,612,612,612,612,612,612,612,612,612,612,2017-06-08,67.18057250976562,84.94999694824219,85.7300033569336,83.88999938964844,83.91000366210938,17951000
613,613,613,613,613,613,613,613,613,613,613,613,613,613,2017-06-09,68.77012634277344,86.95999908447266,87.05000305175781,85.38999938964844,85.51000213623047,19120200
614,614,614,614,614,614,614,614,614,614,614,614,614,614,2017-06-12,68.78594970703125,86.9800033569336,87.73999786376953,86.88999938964844,86.95999908447266,16053400
615,615,615,615,615,615,615,615,615,615,615,615,615,615,2017-06-13,69.01530456542969,87.2699966430664,87.8499984741211,86.9800033569336,87.55000305175781,12557200
616,616,616,616,616,616,616,616,616,616,616,616,616,616,2017-06-14,68.87294006347656,87.08999633789062,87.30999755859375,85.81999969482422,86.7699966430664,16175700
617,617,617,617,617,617,617,617,617,617,617,617,617,617,2017-06-15,68.46171569824219,86.56999969482422,87.08000183105469,86.23999786376953,86.25,12509700
618,618,618,618,618,618,618,618,618,618,618,618,618,618,2017-06-16,68.15328216552734,86.18000030517578,86.95999908447266,86.0199966430664,86.8499984741211,16936600
619,619,619,619,619,619,619,619,619,619,619,619,619,619,2017-06-19,69.64795684814453,88.06999969482422,88.2300033569336,86.8499984741211,86.97000122070312,15972300
620,620,620,620,620,620,620,620,620,620,620,620,620,620,2017-06-20,69.2129898071289,87.5199966430664,87.91999816894531,87.37000274658203,87.75,11197800
621,621,621,621,621,621,621,621,621,621,621,621,621,621,2017-06-21,68.89664459228516,87.12000274658203,87.55000305175781,86.76000213623047,87.4800033569336,10005900
622,622,622,622,622,622,622,622,622,622,622,622,622,622,2017-06-22,68.81758117675781,87.0199966430664,87.36000061035156,86.6500015258789,86.93000030517578,12180600
623,623,623,623,623,623,623,623,623,623,623,623,623,623,2017-06-23,68.69104766845703,86.86000061035156,88.0,86.61000061035156,87.66000366210938,18812000
624,624,624,624,624,624,624,624,624,624,624,624,624,624,2017-06-26,68.99153137207031,87.23999786376953,87.66999816894531,86.62000274658203,87.01000213623047,10082400
625,625,625,625,625,625,625,625,625,625,625,625,625,625,2017-06-27,69.63214111328125,88.05000305175781,88.94000244140625,87.5,87.70999908447266,15415200
626,626,626,626,626,626,626,626,626,626,626,626,626,626,2017-06-28,71.03187561035156,89.81999969482422,90.06999969482422,88.5999984741211,88.5999984741211,17466200
627,627,627,627,627,627,627,627,627,627,627,627,627,627,2017-06-29,72.08370208740234,91.1500015258789,92.6500015258789,90.30999755859376,92.33999633789062,27697800
628,628,628,628,628,628,628,628,628,628,628,628,628,628,2017-06-30,72.28141021728516,91.4000015258789,92.0,91.16000366210938,91.95999908447266,16892700
629,629,629,629,629,629,629,629,629,629,629,629,629,629,2017-07-03,73.75247955322266,92.75,93.4800033569336,91.41000366210938,91.55999755859376,13208100
630,630,630,630,630,630,630,630,630,630,630,630,630,630,2017-07-05,74.49197387695312,93.68000030517578,93.79000091552734,92.61000061035156,93.12000274658205,17535400
631,631,631,631,631,631,631,631,631,631,631,631,631,631,2017-07-06,74.25341796875,93.37999725341795,94.51000213623048,92.87999725341795,93.54000091552734,16596100
632,632,632,632,632,632,632,632,632,632,632,632,632,632,2017-07-07,74.62715148925781,93.8499984741211,94.16999816894533,93.2300033569336,93.95999908447266,12817800
633,633,633,633,633,633,633,633,633,633,633,633,633,633,2017-07-10,74.10234069824219,93.19000244140624,93.68000030517578,93.08999633789062,93.5,13987200
634,634,634,634,634,634,634,634,634,634,634,634,634,634,2017-07-11,73.81604766845703,92.83000183105467,93.33000183105467,92.27999877929688,93.33000183105467,13262300
635,635,635,635,635,635,635,635,635,635,635,635,635,635,2017-07-12,73.56163024902344,92.51000213623048,92.83000183105467,92.06999969482422,92.61000061035156,13540100
636,636,636,636,636,636,636,636,636,636,636,636,636,636,2017-07-13,74.0307846069336,93.0999984741211,93.37999725341795,92.33999633789062,92.69000244140624,12820100
637,637,637,637,637,637,637,637,637,637,637,637,637,637,2017-07-14,73.35488891601562,92.25,92.61000061035156,90.58000183105467,90.80999755859376,22235200
638,638,638,638,638,638,638,638,638,638,638,638,638,638,2017-07-17,72.67102813720703,91.38999938964844,91.98999786376952,91.25,91.81999969482422,14374200
639,639,639,639,639,639,639,639,639,639,639,639,639,639,2017-07-18,72.41656494140625,91.06999969482422,91.58000183105467,90.31999969482422,90.4499969482422,14719400
640,640,640,640,640,640,640,640,640,640,640,640,640,640,2017-07-19,72.51993560791016,91.1999969482422,91.62000274658205,91.0,91.33999633789062,11651200
641,641,641,641,641,641,641,641,641,641,641,641,641,641,2017-07-20,72.51993560791016,91.1999969482422,91.72000122070312,90.9000015258789,91.1500015258789,11561700
642,642,642,642,642,642,642,642,642,642,642,642,642,642,2017-07-21,72.27344512939453,90.88999938964844,91.36000061035156,90.5199966430664,91.05999755859376,10971300
643,643,643,643,643,643,643,643,643,643,643,643,643,643,2017-07-24,72.58354949951172,91.27999877929688,91.54000091552734,90.91000366210938,90.95999908447266,10725100
644,644,644,644,644,644,644,644,644,644,644,644,644,644,2017-07-25,73.79222106933594,92.8000030517578,93.5199966430664,92.2699966430664,92.37000274658205,16447700
645,645,645,645,645,645,645,645,645,645,645,645,645,645,2017-07-26,73.10042572021484,91.93000030517578,93.19000244140624,91.68000030517578,93.0999984741211,11815500
646,646,646,646,646,646,646,646,646,646,646,646,646,646,2017-07-27,72.79825592041016,91.5500030517578,92.05999755859376,91.16000366210938,91.83000183105467,12332400
647,647,647,647,647,647,647,647,647,647,647,647,647,647,2017-07-28,72.58354949951172,91.27999877929688,91.75,90.91000366210938,91.4499969482422,9351900
648,648,648,648,648,648,648,648,648,648,648,648,648,648,2017-07-31,72.9970703125,91.8000030517578,92.36000061035156,91.5,91.51000213623048,11520300
649,649,649,649,649,649,649,649,649,649,649,649,649,649,2017-08-01,73.97511291503906,93.02999877929688,93.13999938964844,92.27999877929688,92.48999786376952,12523700
650,650,650,650,650,650,650,650,650,650,650,650,650,650,2017-08-02,74.03873443603516,93.11000061035156,93.20999908447266,92.51000213623048,92.87000274658205,10165600
651,651,651,651,651,651,651,651,651,651,651,651,651,651,2017-08-03,73.55367279052734,92.5,93.12999725341795,92.23999786376952,92.6999969482422,11078800
652,652,652,652,652,652,652,652,652,652,652,652,652,652,2017-08-04,74.47608184814453,93.66000366210938,94.4000015258789,93.47000122070312,93.5,14324000
653,653,653,653,653,653,653,653,653,653,653,653,653,653,2017-08-07,74.76233673095703,94.0199966430664,94.19000244140624,93.70999908447266,93.88999938964844,7978300
654,654,654,654,654,654,654,654,654,654,654,654,654,654,2017-08-08,74.49197387695312,93.68000030517578,95.22000122070312,93.5999984741211,93.9499969482422,13745400
655,655,655,655,655,655,655,655,655,655,655,655,655,655,2017-08-09,74.37271881103516,93.52999877929688,93.68000030517578,92.83000183105467,92.9800033569336,11214400
656,656,656,656,656,656,656,656,656,656,656,656,656,656,2017-08-10,73.3071517944336,92.19000244140624,93.06999969482422,92.06999969482422,92.9000015258789,13252300
657,657,657,657,657,657,657,657,657,657,657,657,657,657,2017-08-11,72.69486236572266,91.41999816894533,92.66999816894533,91.23999786376952,92.12999725341795,10679500
658,658,658,658,658,658,658,658,658,658,658,658,658,658,2017-08-14,73.54570007324219,92.48999786376952,92.9000015258789,92.33000183105467,92.37000274658205,10994800
659,659,659,659,659,659,659,659,659,659,659,659,659,659,2017-08-15,73.73658752441406,92.7300033569336,93.55999755859376,92.6500015258789,93.30999755859376,8812700
660,660,660,660,660,660,660,660,660,660,660,660,660,660,2017-08-16,73.2276382446289,92.08999633789062,93.2300033569336,91.87999725341795,93.04000091552734,11085400
661,661,661,661,661,661,661,661,661,661,661,661,661,661,2017-08-17,72.08259582519531,90.6500015258789,91.95999908447266,90.5,91.76000213623048,13837500
662,662,662,662,662,662,662,662,662,662,662,662,662,662,2017-08-18,72.1541519165039,90.73999786376952,91.54000091552734,90.19000244140624,90.30999755859376,13040700
663,663,663,663,663,663,663,663,663,663,663,663,663,663,2017-08-21,72.06668853759766,90.62999725341795,90.94000244140624,90.16000366210938,90.8499984741211,11502100
664,664,664,664,664,664,664,664,664,664,664,664,664,664,2017-08-22,72.80619049072266,91.55999755859376,91.70999908447266,91.0,91.06999969482422,9211800
665,665,665,665,665,665,665,665,665,665,665,665,665,665,2017-08-23,72.8936767578125,91.66999816894533,92.33999633789062,90.83999633789062,90.87000274658205,8811300
666,666,666,666,666,666,666,666,666,666,666,666,666,666,2017-08-24,72.77439880371094,91.5199966430664,92.12000274658205,91.41000366210938,91.93000030517578,8623200
667,667,667,667,667,667,667,667,667,667,667,667,667,667,2017-08-25,73.06861877441406,91.88999938964844,92.4800033569336,91.8000030517578,91.87999725341795,11794600
668,668,668,668,668,668,668,668,668,668,668,668,668,668,2017-08-28,72.83802032470703,91.5999984741211,92.19000244140624,91.12999725341795,92.16000366210938,7292900
669,669,669,669,669,669,669,669,669,669,669,669,669,669,2017-08-29,72.4404296875,91.0999984741211,91.30999755859376,90.30999755859376,90.4499969482422,10886100
670,670,670,670,670,670,670,670,670,670,670,670,670,670,2017-08-30,72.60739135742188,91.30999755859376,91.87999725341795,91.19000244140624,91.25,9165300
671,671,671,671,671,671,671,671,671,671,671,671,671,671,2017-08-31,72.27344512939453,90.88999938964844,91.8499984741211,90.8000030517578,91.80999755859376,13217400
672,672,672,672,672,672,672,672,672,672,672,672,672,672,2017-09-01,72.91752624511719,91.6999969482422,92.36000061035156,90.9499969482422,91.25,9815800
673,673,673,673,673,673,673,673,673,673,673,673,673,673,2017-09-05,71.17611694335938,89.51000213623047,91.11000061035156,89.0199966430664,91.0199966430664,16897300
674,674,674,674,674,674,674,674,674,674,674,674,674,674,2017-09-06,71.65320587158203,90.11000061035156,90.5199966430664,89.63999938964844,90.0,11845700
675,675,675,675,675,675,675,675,675,675,675,675,675,675,2017-09-07,70.39680480957031,88.52999877929688,90.12999725341795,88.08000183105469,90.11000061035156,14592300
676,676,676,676,676,676,676,676,676,676,676,676,676,676,2017-09-08,70.30935668945312,88.41999816894531,89.41999816894531,88.23999786376953,88.30999755859375,14242200
677,677,677,677,677,677,677,677,677,677,677,677,677,677,2017-09-11,71.39874267578125,89.79000091552734,90.25,88.94999694824219,89.38999938964844,13219000
678,678,678,678,678,678,678,678,678,678,678,678,678,678,2017-09-12,72.27344512939453,90.88999938964844,91.25,90.0999984741211,90.16999816894533,14003800
679,679,679,679,679,679,679,679,679,679,679,679,679,679,2017-09-13,72.4802017211914,91.1500015258789,91.5,90.31999969482422,90.61000061035156,12485400
680,680,680,680,680,680,680,680,680,680,680,680,680,680,2017-09-14,72.33708953857422,90.97000122070312,91.52999877929688,90.73999786376952,91.1999969482422,10562800
681,681,681,681,681,681,681,681,681,681,681,681,681,681,2017-09-15,72.85392761230469,91.62000274658205,91.70999908447266,90.76000213623048,91.08000183105467,18171800
682,682,682,682,682,682,682,682,682,682,682,682,682,682,2017-09-18,73.88765716552734,92.91999816894533,93.13999938964844,91.8499984741211,91.93000030517578,11318700
683,683,683,683,683,683,683,683,683,683,683,683,683,683,2017-09-19,74.6987075805664,93.94000244140624,94.36000061035156,92.5199966430664,92.70999908447266,12626100
684,684,684,684,684,684,684,684,684,684,684,684,684,684,2017-09-20,75.22354125976562,94.5999984741211,95.29000091552734,93.70999908447266,94.0999984741211,15311600
685,685,685,685,685,685,685,685,685,685,685,685,685,685,2017-09-21,75.56549835205078,95.02999877929688,95.37000274658205,94.19000244140624,94.45999908447266,10851500
686,686,686,686,686,686,686,686,686,686,686,686,686,686,2017-09-22,75.40642547607422,94.83000183105467,94.9800033569336,94.43000030517578,94.6999969482422,8358300
687,687,687,687,687,687,687,687,687,687,687,687,687,687,2017-09-25,74.84186553955078,94.12000274658205,94.87999725341795,93.4499969482422,94.51000213623048,10463400
688,688,688,688,688,688,688,688,688,688,688,688,688,688,2017-09-26,74.50786590576172,93.6999969482422,94.02999877929688,93.33999633789062,93.77999877929688,9358100
689,689,689,689,689,689,689,689,689,689,689,689,689,689,2017-09-27,75.68473815917969,95.18000030517578,95.72000122070312,94.58000183105467,94.97000122070312,15090200
690,690,690,690,690,690,690,690,690,690,690,690,690,690,2017-09-28,75.84378814697266,95.37999725341795,95.87999725341795,94.91000366210938,95.58999633789062,10270400
691,691,691,691,691,691,691,691,691,691,691,691,691,691,2017-09-29,75.9471435546875,95.51000213623048,95.5199966430664,95.0199966430664,95.3000030517578,11438400
692,692,692,692,692,692,692,692,692,692,692,692,692,692,2017-10-02,77.00475311279297,96.83999633789062,96.87999725341795,95.45999908447266,95.7699966430664,13797200
693,693,693,693,693,693,693,693,693,693,693,693,693,693,2017-10-03,77.41027069091797,97.3499984741211,97.43000030517578,96.7699966430664,96.83000183105467,9633500
694,694,694,694,694,694,694,694,694,694,694,694,694,694,2017-10-04,76.62303924560547,96.36000061035156,97.44000244140624,96.27999877929688,97.3000030517578,12166600
695,695,695,695,695,695,695,695,695,695,695,695,695,695,2017-10-05,77.65481567382812,97.08999633789062,97.4000015258789,95.5500030517578,96.0,14236200
696,696,696,696,696,696,696,696,696,696,696,696,696,696,2017-10-06,77.51884460449219,96.91999816894533,97.63999938964844,96.47000122070312,97.5500030517578,10231900
697,697,697,697,697,697,697,697,697,697,697,697,697,697,2017-10-09,77.11093139648438,96.41000366210938,97.06999969482422,96.13999938964844,96.95999908447266,7765100
698,698,698,698,698,698,698,698,698,698,698,698,698,698,2017-10-10,77.68679809570312,97.12999725341795,97.18000030517578,96.23999786376952,96.45999908447266,10631500
699,699,699,699,699,699,699,699,699,699,699,699,699,699,2017-10-11,77.4548568725586,96.83999633789062,97.01000213623048,96.13999938964844,96.83000183105467,14283600
700,700,700,700,700,700,700,700,700,700,700,700,700,700,2017-10-12,76.77498626708984,95.98999786376952,97.5,95.62000274658205,97.3000030517578,18251600
701,701,701,701,701,701,701,701,701,701,701,701,701,701,2017-10-13,76.67102813720703,95.86000061035156,96.70999908447266,94.95999908447266,95.4800033569336,13190600
702,702,702,702,702,702,702,702,702,702,702,702,702,702,2017-10-16,78.25467681884766,97.83999633789062,97.9499969482422,96.33999633789062,96.33999633789062,12434000
703,703,703,703,703,703,703,703,703,703,703,703,703,703,2017-10-17,78.07872009277344,97.62000274658205,98.18000030517578,97.31999969482422,98.06999969482422,10335700
704,704,704,704,704,704,704,704,704,704,704,704,704,704,2017-10-18,78.3746566772461,97.98999786376952,98.5500030517578,97.62999725341795,98.1500015258789,10158600
705,705,705,705,705,705,705,705,705,705,705,705,705,705,2017-10-19,78.47062683105469,98.11000061035156,98.1999969482422,97.08999633789062,97.19000244140624,9133900
706,706,706,706,706,706,706,706,706,706,706,706,706,706,2017-10-20,79.59040069580078,99.51000213623048,99.88999938964844,98.7300033569336,99.27999877929688,15326600
707,707,707,707,707,707,707,707,707,707,707,707,707,707,2017-10-23,79.45442199707031,99.33999633789062,99.98999786376952,99.23999786376952,99.51000213623048,9238600
708,708,708,708,708,708,708,708,708,708,708,708,708,708,2017-10-24,80.7181167602539,100.91999816894533,101.19000244140624,99.76000213623048,99.87999725341795,13000800
709,709,709,709,709,709,709,709,709,709,709,709,709,709,2017-10-25,80.7981185913086,101.0199966430664,101.4499969482422,100.19000244140624,101.25,14632700
710,710,710,710,710,710,710,710,710,710,710,710,710,710,2017-10-26,81.37398529052734,101.73999786376952,102.41999816894533,101.31999969482422,101.3499984741211,13054400
711,711,711,711,711,711,711,711,711,711,711,711,711,711,2017-10-27,81.39799499511719,101.7699966430664,102.2300033569336,101.0500030517578,101.43000030517578,10400400
712,712,712,712,712,712,712,712,712,712,712,712,712,712,2017-10-30,81.11006164550781,101.41000366210938,101.93000030517578,100.87000274658205,101.12999725341795,8839500
713,713,713,713,713,713,713,713,713,713,713,713,713,713,2017-10-31,80.47023010253906,100.61000061035156,101.6999969482422,100.56999969482422,101.37000274658205,8690200
714,714,714,714,714,714,714,714,714,714,714,714,714,714,2017-11-01,80.7181167602539,100.91999816894533,101.6999969482422,100.7300033569336,101.0999984741211,8418200
715,715,715,715,715,715,715,715,715,715,715,715,715,715,2017-11-02,81.25402069091797,101.58999633789062,101.7699966430664,100.16000366210938,100.87000274658205,8731800
716,716,716,716,716,716,716,716,716,716,716,716,716,716,2017-11-03,81.11006164550781,101.41000366210938,101.52999877929688,100.7300033569336,101.0999984741211,7103500
717,717,717,717,717,717,717,717,717,717,717,717,717,717,2017-11-06,80.60616302490234,100.77999877929688,101.69000244140624,100.66000366210938,101.33999633789062,8121500
718,718,718,718,718,718,718,718,718,718,718,718,718,718,2017-11-07,78.9825439453125,98.75,100.75,98.25,100.55999755859376,18822600
719,719,719,719,719,719,719,719,719,719,719,719,719,719,2017-11-08,78.09473419189453,97.63999938964844,98.37000274658205,97.1500015258789,98.2699966430664,18524700
720,720,720,720,720,720,720,720,720,720,720,720,720,720,2017-11-09,78.08671569824219,97.62999725341795,98.22000122070312,96.80999755859376,97.12000274658205,13697800
721,721,721,721,721,721,721,721,721,721,721,721,721,721,2017-11-10,77.99072265625,97.51000213623048,98.33999633789062,97.5,97.80999755859376,9314000
722,722,722,722,722,722,722,722,722,722,722,722,722,722,2017-11-13,78.27066802978516,97.86000061035156,98.0500030517578,96.62000274658205,96.69000244140624,9303100
723,723,723,723,723,723,723,723,723,723,723,723,723,723,2017-11-14,77.79876708984375,97.2699966430664,97.77999877929688,96.8499984741211,97.33999633789062,11043800
724,724,724,724,724,724,724,724,724,724,724,724,724,724,2017-11-15,78.53463745117188,98.19000244140624,98.73999786376952,95.9499969482422,96.38999938964844,15384100
725,725,725,725,725,725,725,725,725,725,725,725,725,725,2017-11-16,78.75855255126953,98.47000122070312,99.05999755859376,98.30999755859376,98.52999877929688,9808000
726,726,726,726,726,726,726,726,726,726,726,726,726,726,2017-11-17,78.49464416503906,98.13999938964844,98.41000366210938,97.56999969482422,97.81999969482422,9017900
727,727,727,727,727,727,727,727,727,727,727,727,727,727,2017-11-20,79.19047546386719,99.01000213623048,99.1500015258789,97.76000213623048,98.4499969482422,9483200
728,728,728,728,728,728,728,728,728,728,728,728,728,728,2017-11-21,79.12649536132812,98.93000030517578,99.5500030517578,98.91000366210938,99.5,13389400
729,729,729,729,729,729,729,729,729,729,729,729,729,729,2017-11-22,78.89452362060547,98.63999938964844,99.5199966430664,98.58999633789062,99.02999877929688,7342200
730,730,730,730,730,730,730,730,730,730,730,730,730,730,2017-11-24,78.63860321044922,98.31999969482422,98.9000015258789,98.26000213623048,98.83000183105467,3680000
731,731,731,731,731,731,731,731,731,731,731,731,731,731,2017-11-27,78.3266830444336,97.93000030517578,99.12999725341795,97.93000030517578,98.30999755859376,13076200
732,732,732,732,732,732,732,732,732,732,732,732,732,732,2017-11-28,81.07005310058594,101.36000061035156,101.6999969482422,97.97000122070312,98.20999908447266,16773000
733,733,733,733,733,733,733,733,733,733,733,733,733,733,2017-11-29,82.96563720703125,103.7300033569336,104.22000122070312,101.95999908447266,102.41000366210938,21105500
734,734,734,734,734,734,734,734,734,734,734,734,734,734,2017-11-30,83.59749603271484,104.5199966430664,106.66000366210938,104.04000091552734,104.73999786376952,23945900
735,735,735,735,735,735,735,735,735,735,735,735,735,735,2017-12-01,83.8134536743164,104.79000091552734,105.31999969482422,102.1999969482422,104.9000015258789,19683500
736,736,736,736,736,736,736,736,736,736,736,736,736,736,2017-12-04,85.54109191894531,106.9499969482422,108.4000015258789,106.7699966430664,107.7300033569336,23576600
737,737,737,737,737,737,737,737,737,737,737,737,737,737,2017-12-05,84.55728912353516,105.72000122070312,107.41000366210938,104.12000274658205,105.58000183105467,17193900
738,738,738,738,738,738,738,738,738,738,738,738,738,738,2017-12-06,83.92543029785156,104.93000030517578,105.76000213623048,104.52999877929688,105.5500030517578,15476200
739,739,739,739,739,739,739,739,739,739,739,739,739,739,2017-12-07,83.67748260498047,104.62000274658205,105.19000244140624,103.7300033569336,103.9499969482422,13371800
740,740,740,740,740,740,740,740,740,740,740,740,740,740,2017-12-08,84.7252426147461,105.93000030517578,105.94000244140624,104.33999633789062,104.75,13506900
741,741,741,741,741,741,741,741,741,741,741,741,741,741,2017-12-11,84.47728729248047,105.62000274658205,106.05999755859376,105.30999755859376,105.72000122070312,10591200
742,742,742,742,742,742,742,742,742,742,742,742,742,742,2017-12-12,85.4610824584961,106.8499984741211,107.37000274658205,105.54000091552734,106.91000366210938,15508800
743,743,743,743,743,743,743,743,743,743,743,743,743,743,2017-12-13,84.38932037353516,105.51000213623048,107.11000061035156,105.4800033569336,106.6999969482422,15020300
744,744,744,744,744,744,744,744,744,744,744,744,744,744,2017-12-14,83.70948028564453,104.66000366210938,106.4499969482422,104.63999938964844,106.12000274658205,13034200
745,745,745,745,745,745,745,745,745,745,745,745,745,745,2017-12-15,84.89321899414062,106.13999938964844,106.5199966430664,105.1999969482422,105.79000091552734,29350600
746,746,746,746,746,746,746,746,746,746,746,746,746,746,2017-12-18,85.54906463623047,106.95999908447266,107.62999725341795,106.4800033569336,107.19000244140624,12713100
747,747,747,747,747,747,747,747,747,747,747,747,747,747,2017-12-19,85.18914794921875,106.51000213623048,107.48999786376952,106.44000244140624,107.3499984741211,12149900
748,748,748,748,748,748,748,748,748,748,748,748,748,748,2017-12-20,84.89321899414062,106.13999938964844,107.7300033569336,106.08999633789062,107.5999984741211,13091500
749,749,749,749,749,749,749,749,749,749,749,749,749,749,2017-12-21,86.24491119384766,107.83000183105467,108.06999969482422,106.55999755859376,106.58999633789062,12323700
750,750,750,750,750,750,750,750,750,750,750,750,750,750,2017-12-22,85.94097900390625,107.4499969482422,108.45999908447266,106.80999755859376,108.1999969482422,14573400
751,751,751,751,751,751,751,751,751,751,751,751,751,751,2017-12-26,85.59706115722656,107.0199966430664,107.98999786376952,106.4000015258789,107.1999969482422,7403700
752,752,752,752,752,752,752,752,752,752,752,752,752,752,2017-12-27,85.75704193115234,107.22000122070312,107.29000091552734,106.66999816894533,106.66999816894533,9496500
753,753,753,753,753,753,753,753,753,753,753,753,753,753,2017-12-28,86.21292114257812,107.79000091552734,107.83999633789062,107.16000366210938,107.4000015258789,7440600
754,754,754,754,754,754,754,754,754,754,754,754,754,754,2017-12-29,85.53306579589844,106.94000244140624,108.27999877929688,106.94000244140624,108.08999633789062,8925700
755,755,755,755,755,755,755,755,755,755,755,755,755,755,2018-01-02,86.34088134765625,107.9499969482422,108.0199966430664,106.80999755859376,107.62999725341795,13578800
756,756,756,756,756,756,756,756,756,756,756,756,756,756,2018-01-03,86.42887878417969,108.05999755859376,108.48999786376952,107.4800033569336,107.86000061035156,11901000
757,757,757,757,757,757,757,757,757,757,757,757,757,757,2018-01-04,87.66702270507812,109.04000091552734,110.02999877929688,108.1999969482422,108.36000061035156,12953700
758,758,758,758,758,758,758,758,758,758,758,758,758,758,2018-01-05,87.10423278808594,108.33999633789062,109.5500030517578,107.77999877929688,109.26000213623048,14155000
759,759,759,759,759,759,759,759,759,759,759,759,759,759,2018-01-08,87.23285675048828,108.5,108.68000030517578,107.6999969482422,108.1500015258789,12466500
760,760,760,760,760,760,760,760,760,760,760,760,760,760,2018-01-09,87.6750717163086,109.0500030517578,109.62999725341795,108.48999786376952,108.72000122070312,13292300
761,761,761,761,761,761,761,761,761,761,761,761,761,761,2018-01-10,88.63983917236328,110.25,110.6999969482422,109.38999938964844,109.47000122070312,15834500
762,762,762,762,762,762,762,762,762,762,762,762,762,762,2018-01-11,89.11421203613281,110.83999633789062,110.93000030517578,110.0500030517578,110.66999816894533,13676800
763,763,763,763,763,763,763,763,763,763,763,763,763,763,2018-01-12,90.5854949951172,112.66999816894533,112.8499984741211,110.83999633789062,111.6500015258789,18884200
764,764,764,764,764,764,764,764,764,764,764,764,764,764,2018-01-16,90.2638931274414,112.2699966430664,113.43000030517578,111.06999969482422,111.51000213623048,22703300
765,765,765,765,765,765,765,765,765,765,765,765,765,765,2018-01-17,90.84278106689452,112.98999786376952,113.3000030517578,111.30999755859376,111.88999938964844,14940300
766,766,766,766,766,766,766,766,766,766,766,766,766,766,2018-01-18,91.0598602294922,113.26000213623048,113.72000122070312,112.2699966430664,112.76000213623048,14572900
767,767,767,767,767,767,767,767,767,767,767,767,767,767,2018-01-19,90.8588409423828,113.01000213623048,114.33999633789062,112.8000030517578,113.94000244140624,18785500
768,768,768,768,768,768,768,768,768,768,768,768,768,768,2018-01-22,91.9201202392578,114.33000183105467,114.38999938964844,112.5,112.66000366210938,12475700
769,769,769,769,769,769,769,769,769,769,769,769,769,769,2018-01-23,91.82364654541016,114.20999908447266,114.63999938964844,113.3499984741211,113.66999816894533,12320800
770,770,770,770,770,770,770,770,770,770,770,770,770,770,2018-01-24,92.99747467041016,115.66999816894533,116.0,114.66000366210938,114.86000061035156,15904500
771,771,771,771,771,771,771,771,771,771,771,771,771,771,2018-01-25,93.0216064453125,115.6999969482422,116.16999816894533,115.08000183105467,116.04000091552734,13510000
772,772,772,772,772,772,772,772,772,772,772,772,772,772,2018-01-26,93.52005767822266,116.31999969482422,116.31999969482422,114.95999908447266,115.6999969482422,13883900
773,773,773,773,773,773,773,773,773,773,773,773,773,773,2018-01-29,93.42359924316406,116.1999969482422,117.3499984741211,116.0199966430664,116.0199966430664,11679900
774,774,774,774,774,774,774,774,774,774,774,774,774,774,2018-01-30,92.5472412109375,115.11000061035156,116.5999984741211,114.9800033569336,115.52999877929688,14279100
775,775,775,775,775,775,775,775,775,775,775,775,775,775,2018-01-31,92.99747467041016,115.66999816894533,116.66000366210938,115.16000366210938,115.6500015258789,13141400
776,776,776,776,776,776,776,776,776,776,776,776,776,776,2018-02-01,93.96226501464844,116.87000274658205,116.98999786376952,115.4800033569336,115.7699966430664,13800600
777,777,777,777,777,777,777,777,777,777,777,777,777,777,2018-02-02,91.8799057006836,114.27999877929688,116.91999816894533,114.08999633789062,116.48999786376952,16477300
778,778,778,778,778,778,778,778,778,778,778,778,778,778,2018-02-05,87.47406768798828,108.8000030517578,114.58999633789062,103.9800033569336,113.0,30097600
779,779,779,779,779,779,779,779,779,779,779,779,779,779,2018-02-06,90.13528442382812,112.11000061035156,112.4800033569336,106.61000061035156,106.8499984741211,33114800
780,780,780,780,780,780,780,780,780,780,780,780,780,780,2018-02-07,90.74629974365234,112.87000274658205,114.4499969482422,111.1500015258789,111.5500030517578,21878300
781,781,781,781,781,781,781,781,781,781,781,781,781,781,2018-02-08,86.73440551757812,107.87999725341795,113.11000061035156,107.83999633789062,113.11000061035156,27425800
782,782,782,782,782,782,782,782,782,782,782,782,782,782,2018-02-09,88.47102355957031,110.04000091552734,111.0500030517578,106.2300033569336,109.0999984741211,28188000
783,783,783,783,783,783,783,783,783,783,783,783,783,783,2018-02-12,89.83779907226562,111.73999786376952,112.7300033569336,110.06999969482422,111.16999816894533,18043300
784,784,784,784,784,784,784,784,784,784,784,784,784,784,2018-02-13,90.39253997802734,112.43000030517578,113.0500030517578,110.8000030517578,111.31999969482422,16358200
785,785,785,785,785,785,785,785,785,785,785,785,785,785,2018-02-14,92.48291778564452,115.02999877929688,115.2699966430664,112.52999877929688,112.62999725341795,15186900
786,786,786,786,786,786,786,786,786,786,786,786,786,786,2018-02-15,92.8688507080078,115.51000213623048,115.98999786376952,114.22000122070312,115.73999786376952,12130200
787,787,787,787,787,787,787,787,787,787,787,787,787,787,2018-02-16,92.20153045654295,114.68000030517578,116.06999969482422,114.5,114.5500030517578,13214300
788,788,788,788,788,788,788,788,788,788,788,788,788,788,2018-02-20,92.2256317138672,114.70999908447266,115.38999938964844,113.97000122070312,114.6500015258789,13461500
789,789,789,789,789,789,789,789,789,789,789,789,789,789,2018-02-21,92.6115493774414,115.19000244140624,117.4499969482422,114.66999816894533,115.0,14212500
790,790,790,790,790,790,790,790,790,790,790,790,790,790,2018-02-22,92.44269561767578,114.9800033569336,116.43000030517578,114.76000213623048,115.5,17070400
791,791,791,791,791,791,791,791,791,791,791,791,791,791,2018-02-23,94.31599426269533,117.30999755859376,117.38999938964844,115.30999755859376,115.30999755859376,12162500
792,792,792,792,792,792,792,792,792,792,792,792,792,792,2018-02-26,95.48983764648438,118.7699966430664,118.9000015258789,117.31999969482422,118.13999938964844,16511200
793,793,793,793,793,793,793,793,793,793,793,793,793,793,2018-02-27,94.35618591308594,117.36000061035156,119.33000183105467,117.3499984741211,118.91000366210938,17563300
794,794,794,794,794,794,794,794,794,794,794,794,794,794,2018-02-28,92.86078643798828,115.5,118.48999786376952,115.33999633789062,117.81999969482422,17735600
795,795,795,795,795,795,795,795,795,795,795,795,795,795,2018-03-01,91.19654083251952,113.43000030517578,116.63999938964844,112.6500015258789,115.4800033569336,18690000
796,796,796,796,796,796,796,796,796,796,796,796,796,796,2018-03-02,91.10811614990234,113.31999969482422,113.55999755859376,111.12000274658205,112.38999938964844,18353700
797,797,797,797,797,797,797,797,797,797,797,797,797,797,2018-03-05,92.50704956054688,115.05999755859376,115.93000030517578,111.88999938964844,112.0500030517578,13933000
798,798,798,798,798,798,798,798,798,798,798,798,798,798,2018-03-06,92.58744049072266,115.16000366210938,115.81999969482422,114.31999969482422,115.63999938964844,10674400
799,799,799,799,799,799,799,799,799,799,799,799,799,799,2018-03-07,92.2417221069336,114.7300033569336,115.0999984741211,113.11000061035156,113.75,13006500
800,800,800,800,800,800,800,800,800,800,800,800,800,800,2018-03-08,92.249755859375,114.73999786376952,115.2300033569336,113.20999908447266,115.11000061035156,11173700
801,801,801,801,801,801,801,801,801,801,801,801,801,801,2018-03-09,94.90292358398438,118.04000091552734,118.08000183105467,115.66999816894533,116.5500030517578,15366600
802,802,802,802,802,802,802,802,802,802,802,802,802,802,2018-03-12,94.597412109375,117.66000366210938,118.75,117.25,118.0,12339300
803,803,803,803,803,803,803,803,803,803,803,803,803,803,2018-03-13,93.46378326416016,116.25,118.47000122070312,115.83000183105467,118.1999969482422,13312300
804,804,804,804,804,804,804,804,804,804,804,804,804,804,2018-03-14,92.41858673095705,114.9499969482422,116.58999633789062,114.5999984741211,116.55999755859376,12905100
805,805,805,805,805,805,805,805,805,805,805,805,805,805,2018-03-15,92.65174102783205,115.23999786376952,116.0,114.83000183105467,115.87000274658205,8748000
806,806,806,806,806,806,806,806,806,806,806,806,806,806,2018-03-16,92.81256866455078,115.44000244140624,116.5999984741211,115.33999633789062,115.33999633789062,19888900
807,807,807,807,807,807,807,807,807,807,807,807,807,807,2018-03-19,92.08091735839844,114.52999877929688,115.4499969482422,113.3000030517578,115.0999984741211,13214900
808,808,808,808,808,808,808,808,808,808,808,808,808,808,2018-03-20,92.16936492919922,114.63999938964844,115.4499969482422,114.4499969482422,114.87000274658205,9921200
809,809,809,809,809,809,809,809,809,809,809,809,809,809,2018-03-21,92.249755859375,114.73999786376952,116.62999725341795,114.20999908447266,114.80999755859376,13633000
810,810,810,810,810,810,810,810,810,810,810,810,810,810,2018-03-22,88.39865112304688,109.9499969482422,113.5999984741211,109.54000091552734,113.1999969482422,22550400
811,811,811,811,811,811,811,811,811,811,811,811,811,811,2018-03-23,86.0349349975586,107.01000213623048,110.91999816894533,106.76000213623048,110.2699966430664,23081500
812,812,812,812,812,812,812,812,812,812,812,812,812,812,2018-03-26,88.6880874633789,110.30999755859376,111.16000366210938,108.6500015258789,109.19000244140624,20217500
813,813,813,813,813,813,813,813,813,813,813,813,813,813,2018-03-27,86.967529296875,108.16999816894533,111.69000244140624,107.3000030517578,111.06999969482422,18039900
814,814,814,814,814,814,814,814,814,814,814,814,814,814,2018-03-28,86.83087921142578,108.0,109.16999816894533,106.6500015258789,108.27999877929688,19189300
815,815,815,815,815,815,815,815,815,815,815,815,815,815,2018-03-29,88.41474914550781,109.97000122070312,110.77999877929688,107.77999877929688,108.5,13274600
816,816,816,816,816,816,816,816,816,816,816,816,816,816,2018-04-02,86.71026611328125,107.8499984741211,110.7300033569336,106.08000183105467,109.95999908447266,18822500
817,817,817,817,817,817,817,817,817,817,817,817,817,817,2018-04-03,87.90015411376953,109.33000183105467,109.5,107.26000213623048,108.36000061035156,14050700
818,818,818,818,818,818,818,818,818,818,818,818,818,818,2018-04-04,89.23478698730469,110.98999786376952,111.20999908447266,107.0199966430664,107.0999984741211,15302600
819,819,819,819,819,819,819,819,819,819,819,819,819,819,2018-04-05,90.40648651123048,111.87999725341795,112.83000183105467,111.38999938964844,111.62999725341795,16627000
820,820,820,820,820,820,820,820,820,820,820,820,820,820,2018-04-06,88.15198516845703,109.08999633789062,111.5500030517578,107.81999969482422,110.5500030517578,18906000
821,821,821,821,821,821,821,821,821,821,821,821,821,821,2018-04-09,89.21056365966797,110.4000015258789,112.9800033569336,109.88999938964844,110.01000213623048,15974300
822,822,822,822,822,822,822,822,822,822,822,822,822,822,2018-04-10,90.91558074951172,112.51000213623048,112.87000274658205,111.41999816894533,112.12999725341795,13951400
823,823,823,823,823,823,823,823,823,823,823,823,823,823,2018-04-11,89.38833618164062,110.62000274658205,111.80999755859376,110.5199966430664,111.66000366210938,14503300
824,824,824,824,824,824,824,824,824,824,824,824,824,824,2018-04-12,91.61051940917967,113.37000274658205,114.38999938964844,111.5,111.55999755859376,16435500
825,825,825,825,825,825,825,825,825,825,825,825,825,825,2018-04-13,89.12973022460938,110.3000030517578,115.1500015258789,109.0500030517578,115.0199966430664,39152800
826,826,826,826,826,826,826,826,826,826,826,826,826,826,2018-04-16,89.05702209472656,110.20999908447266,111.47000122070312,109.79000091552734,110.94000244140624,16580500
827,827,827,827,827,827,827,827,827,827,827,827,827,827,2018-04-17,89.05702209472656,110.20999908447266,111.91999816894533,109.98999786376952,111.37000274658205,15501400
828,828,828,828,828,828,828,828,828,828,828,828,828,828,2018-04-18,88.33786010742188,109.31999969482422,111.06999969482422,108.88999938964844,110.52999877929688,16081400
829,829,829,829,829,829,829,829,829,829,829,829,829,829,2018-04-19,90.2771987915039,111.72000122070312,111.87000274658205,109.5,109.52999877929688,17911000
830,830,830,830,830,830,830,830,830,830,830,830,830,830,2018-04-20,90.07518005371094,111.47000122070312,112.73999786376952,110.87999725341795,112.3000030517578,15584400
831,831,831,831,831,831,831,831,831,831,831,831,831,831,2018-04-23,89.63883209228516,110.93000030517578,111.9499969482422,110.62999725341795,111.56999969482422,11285800
832,832,832,832,832,832,832,832,832,832,832,832,832,832,2018-04-24,89.21864318847656,110.41000366210938,112.9000015258789,109.58999633789062,111.75,16453100
833,833,833,833,833,833,833,833,833,833,833,833,833,833,2018-04-25,88.8792495727539,109.98999786376952,110.52999877929688,108.5999984741211,110.2699966430664,13548200
834,834,834,834,834,834,834,834,834,834,834,834,834,834,2018-04-26,88.96814727783203,110.0999984741211,110.81999969482422,109.33999633789062,109.97000122070312,10299500
835,835,835,835,835,835,835,835,835,835,835,835,835,835,2018-04-27,88.40248107910156,109.4000015258789,110.16000366210938,109.12999725341795,109.5500030517578,9384000
836,836,836,836,836,836,836,836,836,836,836,836,836,836,2018-04-30,87.90149688720703,108.77999877929688,110.3000030517578,108.75,109.75,13744900
837,837,837,837,837,837,837,837,837,837,837,837,837,837,2018-05-01,87.90149688720703,108.77999877929688,108.97000122070312,107.54000091552734,108.4499969482422,10503400
838,838,838,838,838,838,838,838,838,838,838,838,838,838,2018-05-02,87.20653533935547,107.91999816894533,109.48999786376952,107.7300033569336,108.11000061035156,12162100
839,839,839,839,839,839,839,839,839,839,839,839,839,839,2018-05-03,86.65705108642578,107.23999786376952,107.7699966430664,105.18000030517578,107.58999633789062,15379100
840,840,840,840,840,840,840,840,840,840,840,840,840,840,2018-05-04,87.61865997314453,108.43000030517578,108.73999786376952,105.9800033569336,106.43000030517578,11967900
841,841,841,841,841,841,841,841,841,841,841,841,841,841,2018-05-07,88.37825012207031,109.37000274658205,109.68000030517578,108.36000061035156,108.76000213623048,9356700
842,842,842,842,842,842,842,842,842,842,842,842,842,842,2018-05-08,89.68730163574219,110.98999786376952,111.33999633789062,109.27999877929688,109.52999877929688,12543200
843,843,843,843,843,843,843,843,843,843,843,843,843,843,2018-05-09,91.64285278320312,113.41000366210938,113.63999938964844,111.02999877929688,111.44000244140624,11368100
844,844,844,844,844,844,844,844,844,844,844,844,844,844,2018-05-10,92.35394287109376,114.29000091552734,114.44000244140624,112.75,113.19000244140624,9159700
845,845,845,845,845,845,845,845,845,845,845,845,845,845,2018-05-11,92.00646209716795,113.86000061035156,114.7300033569336,113.66999816894533,114.48999786376952,10253000
846,846,846,846,846,846,846,846,846,846,846,846,846,846,2018-05-14,92.03878021240234,113.9000015258789,114.6999969482422,113.73999786376952,114.11000061035156,8710700
847,847,847,847,847,847,847,847,847,847,847,847,847,847,2018-05-15,91.33576202392578,113.02999877929688,113.91000366210938,112.56999969482422,113.91000366210938,11536200
848,848,848,848,848,848,848,848,848,848,848,848,848,848,2018-05-16,91.58625793457033,113.33999633789062,113.69000244140624,112.62999725341795,112.88999938964844,7571100
849,849,849,849,849,849,849,849,849,849,849,849,849,849,2018-05-17,91.27921295166016,112.95999908447266,113.41000366210938,112.1999969482422,113.1999969482422,8617200
850,850,850,850,850,850,850,850,850,850,850,850,850,850,2018-05-18,89.8004379272461,111.12999725341795,112.8000030517578,110.83999633789062,112.75,11806300
851,851,851,851,851,851,851,851,851,851,851,851,851,851,2018-05-21,90.62467193603516,112.1500015258789,112.54000091552734,111.91999816894533,112.0500030517578,9441900
852,852,852,852,852,852,852,852,852,852,852,852,852,852,2018-05-22,91.31959533691406,113.01000213623048,114.29000091552734,112.29000091552734,112.3499984741211,11507600
853,853,853,853,853,853,853,853,853,853,853,853,853,853,2018-05-23,90.8993911743164,112.48999786376952,112.7699966430664,111.12000274658205,112.51000213623048,11453900
854,854,854,854,854,854,854,854,854,854,854,854,854,854,2018-05-24,89.8812484741211,111.2300033569336,112.1500015258789,110.12000274658205,112.13999938964844,14084800
855,855,855,855,855,855,855,855,855,855,855,855,855,855,2018-05-25,89.42064666748047,110.66000366210938,111.08000183105467,110.1999969482422,110.45999908447266,8283500
856,856,856,856,856,856,856,856,856,856,856,856,856,856,2018-05-29,85.59849548339844,105.93000030517578,109.1999969482422,104.95999908447266,109.18000030517578,30643800
857,857,857,857,857,857,857,857,857,857,857,857,857,857,2018-05-30,87.55400848388672,108.3499984741211,108.5999984741211,106.6500015258789,107.63999938964844,17490800
858,858,858,858,858,858,858,858,858,858,858,858,858,858,2018-05-31,86.47122955322266,107.01000213623048,108.19000244140624,106.41999816894533,107.9499969482422,19808200
859,859,859,859,859,859,859,859,859,859,859,859,859,859,2018-06-01,87.59442901611328,108.4000015258789,108.94000244140624,107.8000030517578,108.33999633789062,13594200
860,860,860,860,860,860,860,860,860,860,860,860,860,860,2018-06-04,87.63483428955078,108.4499969482422,109.26000213623048,108.2699966430664,108.98999786376952,9415400
861,861,861,861,861,861,861,861,861,861,861,861,861,861,2018-06-05,87.14191436767578,107.83999633789062,108.30999755859376,107.06999969482422,108.23999786376952,10415200
862,862,862,862,862,862,862,862,862,862,862,862,862,862,2018-06-06,89.17823028564453,110.36000061035156,110.73999786376952,108.4800033569336,108.66000366210938,15453600
863,863,863,863,863,863,863,863,863,863,863,863,863,863,2018-06-07,89.5337905883789,110.8000030517578,111.5,110.02999877929688,111.18000030517578,13444400
864,864,864,864,864,864,864,864,864,864,864,864,864,864,2018-06-08,89.78429412841797,111.11000061035156,111.13999938964844,110.05999755859376,110.62000274658205,10383200
865,865,865,865,865,865,865,865,865,865,865,865,865,865,2018-06-11,89.55802154541016,110.83000183105467,111.91000366210938,110.7699966430664,111.12000274658205,12642900
866,866,866,866,866,866,866,866,866,866,866,866,866,866,2018-06-12,89.04084777832031,110.19000244140624,111.52999877929688,109.5199966430664,111.13999938964844,15294100
867,867,867,867,867,867,867,867,867,867,867,867,867,867,2018-06-13,88.86311340332031,109.97000122070312,111.4499969482422,109.58000183105467,110.45999908447266,14979700
868,868,868,868,868,868,868,868,868,868,868,868,868,868,2018-06-14,87.29542541503906,108.02999877929688,110.36000061035156,107.77999877929688,110.27999877929688,20487300
869,869,869,869,869,869,869,869,869,869,869,869,869,869,2018-06-15,87.19037628173828,107.9000015258789,108.37999725341795,106.2699966430664,107.8000030517578,26028600
870,870,870,870,870,870,870,870,870,870,870,870,870,870,2018-06-18,87.41663360595703,108.18000030517578,108.4000015258789,106.69000244140624,107.26000213623048,9786800
871,871,871,871,871,871,871,871,871,871,871,871,871,871,2018-06-19,86.90757751464844,107.5500030517578,107.87999725341795,106.5999984741211,106.9000015258789,12707200
872,872,872,872,872,872,872,872,872,872,872,872,872,872,2018-06-20,86.89948272705078,107.54000091552734,108.63999938964844,107.44000244140624,108.18000030517578,8876900
873,873,873,873,873,873,873,873,873,873,873,873,873,873,2018-06-21,86.87522888183594,107.51000213623048,108.20999908447266,106.52999877929688,107.0999984741211,11048700
874,874,874,874,874,874,874,874,874,874,874,874,874,874,2018-06-22,85.45304107666016,105.75,108.37000274658205,105.51000213623048,108.16000366210938,19478900
875,875,875,875,875,875,875,875,875,875,875,875,875,875,2018-06-25,84.67730712890625,104.79000091552734,105.6999969482422,103.95999908447266,105.66000366210938,16907600
876,876,876,876,876,876,876,876,876,876,876,876,876,876,2018-06-26,84.73384857177734,104.86000061035156,105.20999908447266,103.11000061035156,104.70999908447266,17086800
877,877,877,877,877,877,877,877,877,877,877,877,877,877,2018-06-27,83.4247817993164,103.23999786376952,105.91999816894533,103.2300033569336,104.68000030517578,16276800
878,878,878,878,878,878,878,878,878,878,878,878,878,878,2018-06-28,84.7904281616211,104.93000030517578,105.45999908447266,103.51000213623048,103.68000030517578,14491300
879,879,879,879,879,879,879,879,879,879,879,879,879,879,2018-06-29,84.20054626464844,104.1999969482422,106.9000015258789,104.1500015258789,106.68000030517578,18972400
880,880,880,880,880,880,880,880,880,880,880,880,880,880,2018-07-02,84.91161346435547,105.08000183105467,105.08999633789062,103.37999725341795,103.72000122070312,11130000
881,881,881,881,881,881,881,881,881,881,881,881,881,881,2018-07-03,83.7237777709961,103.61000061035156,105.77999877929688,103.5199966430664,105.41000366210938,8311700
882,882,882,882,882,882,882,882,882,882,882,882,882,882,2018-07-05,84.26810455322266,103.72000122070312,104.37999725341795,103.52999877929688,104.12999725341795,10723400
883,883,883,883,883,883,883,883,883,883,883,883,883,883,2018-07-06,84.54436492919922,104.05999755859376,104.5,102.1999969482422,103.12000274658205,12173700
884,884,884,884,884,884,884,884,884,884,884,884,884,884,2018-07-09,87.16047668457031,107.27999877929688,107.45999908447266,104.70999908447266,104.70999908447266,13900800
885,885,885,885,885,885,885,885,885,885,885,885,885,885,2018-07-10,86.624267578125,106.62000274658205,108.4000015258789,106.52999877929688,108.0199966430664,14575900
886,886,886,886,886,886,886,886,886,886,886,886,886,886,2018-07-11,86.4373779296875,106.38999938964844,107.05999755859376,106.20999908447266,106.30999755859376,10186500
887,887,887,887,887,887,887,887,887,887,887,887,887,887,2018-07-12,86.8111343383789,106.8499984741211,107.55999755859376,105.97000122070312,107.41999816894533,12456800
888,888,888,888,888,888,888,888,888,888,888,888,888,888,2018-07-13,86.41303253173828,106.36000061035156,107.8000030517578,105.13999938964844,107.3000030517578,21289100
889,889,889,889,889,889,889,889,889,889,889,889,889,889,2018-07-16,89.84160614013672,110.58000183105467,110.7699966430664,106.9800033569336,107.0500030517578,24662600
890,890,890,890,890,890,890,890,890,890,890,890,890,890,2018-07-17,89.7765884399414,110.5,110.93000030517578,109.75,110.69000244140624,14821900
891,891,891,891,891,891,891,891,891,891,891,891,891,891,2018-07-18,90.61343383789062,111.52999877929688,112.12000274658205,110.1999969482422,110.41999816894533,14244900
892,892,892,892,892,892,892,892,892,892,892,892,892,892,2018-07-19,89.28099060058594,109.88999938964844,111.08999633789062,109.7300033569336,111.05999755859376,16775300
893,893,893,893,893,893,893,893,893,893,893,893,893,893,2018-07-20,90.41031646728516,111.27999877929688,111.73999786376952,109.77999877929688,110.0,13578100
894,894,894,894,894,894,894,894,894,894,894,894,894,894,2018-07-23,92.09210205078124,113.3499984741211,114.23999786376952,110.93000030517578,111.05999755859376,18140000
895,895,895,895,895,895,895,895,895,895,895,895,895,895,2018-07-24,92.7420654296875,114.1500015258789,114.77999877929688,113.41999816894533,113.5500030517578,14000400
896,896,896,896,896,896,896,896,896,896,896,896,896,896,2018-07-25,93.5788803100586,115.18000030517578,115.5199966430664,113.37999725341795,113.87999725341795,13329100
897,897,897,897,897,897,897,897,897,897,897,897,897,897,2018-07-26,93.31078338623048,114.8499984741211,115.58999633789062,114.58000183105467,115.41999816894533,11897800
898,898,898,898,898,898,898,898,898,898,898,898,898,898,2018-07-27,94.2694854736328,116.02999877929688,116.3000030517578,114.80999755859376,115.18000030517578,12802700
899,899,899,899,899,899,899,899,899,899,899,899,899,899,2018-07-30,94.83822631835938,116.7300033569336,117.61000061035156,116.05999755859376,116.27999877929688,13411600
900,900,900,900,900,900,900,900,900,900,900,900,900,900,2018-07-31,93.39202880859376,114.9499969482422,117.08000183105467,114.81999969482422,117.08000183105467,15843800
901,901,901,901,901,901,901,901,901,901,901,901,901,901,2018-08-01,93.96890258789062,115.66000366210938,116.69000244140624,115.27999877929688,115.75,13531600
902,902,902,902,902,902,902,902,902,902,902,902,902,902,2018-08-02,94.3669891357422,116.1500015258789,116.25,114.33000183105467,114.56999969482422,11058100
903,903,903,903,903,903,903,903,903,903,903,903,903,903,2018-08-03,95.13066864013672,117.08999633789062,117.12999725341795,115.94000244140624,116.0,11016100
904,904,904,904,904,904,904,904,904,904,904,904,904,904,2018-08-06,95.15505981445312,117.12000274658205,117.52999877929688,116.18000030517578,116.79000091552734,9857400
905,905,905,905,905,905,905,905,905,905,905,905,905,905,2018-08-07,95.5044403076172,117.5500030517578,118.29000091552734,117.33000183105467,117.73999786376952,10562100
906,906,906,906,906,906,906,906,906,906,906,906,906,906,2018-08-08,95.6994171142578,117.79000091552734,118.2699966430664,117.27999877929688,117.33000183105467,8997100
907,907,907,907,907,907,907,907,907,907,907,907,907,907,2018-08-09,94.96007537841795,116.87999725341795,117.72000122070312,116.6999969482422,117.51000213623048,9694200
908,908,908,908,908,908,908,908,908,908,908,908,908,908,2018-08-10,94.02574920654295,115.7300033569336,115.9499969482422,114.68000030517578,115.5,12630600
909,909,909,909,909,909,909,909,909,909,909,909,909,909,2018-08-13,92.53083038330078,113.88999938964844,115.87999725341795,113.81999969482422,115.55999755859376,10336300
910,910,910,910,910,910,910,910,910,910,910,910,910,910,2018-08-14,93.1482925415039,114.6500015258789,115.04000091552734,113.6500015258789,114.2699966430664,10597600
911,911,911,911,911,911,911,911,911,911,911,911,911,911,2018-08-15,92.37645721435548,113.6999969482422,114.33000183105467,112.97000122070312,113.81999969482422,10152100
912,912,912,912,912,912,912,912,912,912,912,912,912,912,2018-08-16,93.24579620361328,114.7699966430664,115.30999755859376,114.3000030517578,114.3499984741211,10118600
913,913,913,913,913,913,913,913,913,913,913,913,913,913,2018-08-17,93.24579620361328,114.7699966430664,115.06999969482422,114.3000030517578,114.63999938964844,8505100
914,914,914,914,914,914,914,914,914,914,914,914,914,914,2018-08-20,93.1239242553711,114.62000274658205,115.0500030517578,114.11000061035156,114.58999633789062,8618700
915,915,915,915,915,915,915,915,915,915,915,915,915,915,2018-08-21,93.692626953125,115.31999969482422,116.38999938964844,114.87999725341795,115.37000274658205,10976700
916,916,916,916,916,916,916,916,916,916,916,916,916,916,2018-08-22,93.40829467773438,114.97000122070312,115.41000366210938,114.77999877929688,115.30999755859376,8314700
917,917,917,917,917,917,917,917,917,917,917,917,917,917,2018-08-23,93.21329498291016,114.7300033569336,115.1500015258789,114.43000030517578,114.95999908447266,9265400
918,918,918,918,918,918,918,918,918,918,918,918,918,918,2018-08-24,93.17266845703124,114.68000030517578,115.22000122070312,114.4499969482422,114.9800033569336,8845700
919,919,919,919,919,919,919,919,919,919,919,919,919,919,2018-08-27,94.82195281982422,116.70999908447266,117.27999877929688,115.16999816894533,115.22000122070312,13768000
920,920,920,920,920,920,920,920,920,920,920,920,920,920,2018-08-28,94.35884857177734,116.13999938964844,117.02999877929688,115.97000122070312,117.0,8302600
921,921,921,921,921,921,921,921,921,921,921,921,921,921,2018-08-29,94.05013275146484,115.76000213623048,116.37000274658205,115.36000061035156,116.3499984741211,7221700
922,922,922,922,922,922,922,922,922,922,922,922,922,922,2018-08-30,93.58702850341795,115.19000244140624,116.04000091552734,114.9800033569336,115.58999633789062,8991800
923,923,923,923,923,923,923,923,923,923,923,923,923,923,2018-08-31,93.0914077758789,114.58000183105467,114.83999633789062,113.81999969482422,114.83000183105467,13065700
924,924,924,924,924,924,924,924,924,924,924,924,924,924,2018-09-04,93.55451965332033,115.1500015258789,115.23999786376952,113.62999725341795,114.33999633789062,10174200
925,925,925,925,925,925,925,925,925,925,925,925,925,925,2018-09-05,93.0995635986328,114.58999633789062,115.6999969482422,114.25,115.0,11462400
926,926,926,926,926,926,926,926,926,926,926,926,926,926,2018-09-06,92.7014389038086,114.0999984741211,114.6999969482422,113.5,114.5,9877600
927,927,927,927,927,927,927,927,927,927,927,927,927,927,2018-09-07,92.88019561767578,114.31999969482422,114.7699966430664,113.62999725341795,114.5,10955600
928,928,928,928,928,928,928,928,928,928,928,928,928,928,2018-09-10,92.38459014892578,113.70999908447266,114.97000122070312,113.66000366210938,114.8499984741211,8276900
929,929,929,929,929,929,929,929,929,929,929,929,929,929,2018-09-11,92.96954345703124,114.43000030517578,114.58000183105467,113.18000030517578,113.54000091552734,9333800
930,930,930,930,930,930,930,930,930,930,930,930,930,930,2018-09-12,91.87273406982422,113.08000183105467,114.87999725341795,112.8499984741211,114.25,10800800
931,931,931,931,931,931,931,931,931,931,931,931,931,931,2018-09-13,92.23021697998048,113.5199966430664,114.12999725341795,112.66999816894533,113.37000274658205,12470800
932,932,932,932,932,932,932,932,932,932,932,932,932,932,2018-09-14,92.21395874023438,113.5,114.48999786376952,113.2300033569336,113.80999755859376,10337900
933,933,933,933,933,933,933,933,933,933,933,933,933,933,2018-09-17,92.4901885986328,113.83999633789062,114.43000030517578,113.3000030517578,113.79000091552734,9561300
934,934,934,934,934,934,934,934,934,934,934,934,934,934,2018-09-18,92.86393737792967,114.3000030517578,114.66000366210938,113.55999755859376,114.33000183105467,7944200
935,935,935,935,935,935,935,935,935,935,935,935,935,935,2018-09-19,95.5613021850586,117.62000274658205,118.05999755859376,114.44000244140624,114.44000244140624,16052800
936,936,936,936,936,936,936,936,936,936,936,936,936,936,2018-09-20,96.3818588256836,118.62999725341795,119.23999786376952,118.08000183105467,118.5,15590000
937,937,937,937,937,937,937,937,937,937,937,937,937,937,2018-09-21,95.74816131591795,117.8499984741211,119.2300033569336,117.73999786376952,119.12999725341795,24788200
938,938,938,938,938,938,938,938,938,938,938,938,938,938,2018-09-24,94.83008575439452,116.72000122070312,118.45999908447266,116.43000030517578,117.76000213623048,12492500
939,939,939,939,939,939,939,939,939,939,939,939,939,939,2018-09-25,94.5619659423828,116.38999938964844,117.97000122070312,116.31999969482422,117.04000091552734,9308300
940,940,940,940,940,940,940,940,940,940,940,940,940,940,2018-09-26,93.44891357421876,115.0199966430664,116.87000274658205,114.66000366210938,116.75,14023600
941,941,941,941,941,941,941,941,941,941,941,941,941,941,2018-09-27,93.04266357421876,114.5199966430664,115.76000213623048,114.16000366210938,115.41999816894533,13283000
942,942,942,942,942,942,942,942,942,942,942,942,942,942,2018-09-28,91.67774963378906,112.83999633789062,114.23999786376952,112.5199966430664,113.6500015258789,15815100
943,943,943,943,943,943,943,943,943,943,943,943,943,943,2018-10-01,92.21395874023438,113.5,114.61000061035156,113.04000091552734,113.37000274658205,10146300
944,944,944,944,944,944,944,944,944,944,944,944,944,944,2018-10-02,92.5958023071289,113.97000122070312,114.12000274658205,112.80999755859376,113.36000061035156,13753100
945,945,945,945,945,945,945,945,945,945,945,945,945,945,2018-10-03,93.46515655517578,115.04000091552734,115.66000366210938,114.4800033569336,114.94000244140624,17142000
946,946,946,946,946,946,946,946,946,946,946,946,946,946,2018-10-04,94.3078384399414,115.2699966430664,116.80999755859376,114.20999908447266,114.5500030517578,16357400
947,947,947,947,947,947,947,947,947,947,947,947,947,947,2018-10-05,93.77603912353516,114.62000274658205,116.0999984741211,114.0199966430664,115.83000183105467,13777600
948,948,948,948,948,948,948,948,948,948,948,948,948,948,2018-10-08,94.3487548828125,115.31999969482422,115.77999877929688,113.3499984741211,114.25,14370900
949,949,949,949,949,949,949,949,949,949,949,949,949,949,2018-10-09,93.6942367553711,114.5199966430664,115.02999877929688,113.66999816894533,114.66999816894533,14069500
950,950,950,950,950,950,950,950,950,950,950,950,950,950,2018-10-10,91.19889068603516,111.47000122070312,114.9499969482422,111.47000122070312,114.6999969482422,23086400
951,951,951,951,951,951,951,951,951,951,951,951,951,951,2018-10-11,88.46627807617188,108.12999725341795,111.47000122070312,107.37999725341795,110.97000122070312,33705600
952,952,952,952,952,952,952,952,952,952,952,952,952,952,2018-10-12,87.50086212158203,106.9499969482422,110.83000183105467,105.5999984741211,110.37000274658205,32075700
953,953,953,953,953,953,953,953,953,953,953,953,953,953,2018-10-15,87.00178527832031,106.33999633789062,108.8499984741211,106.31999969482422,107.1999969482422,18903200
954,954,954,954,954,954,954,954,954,954,954,954,954,954,2018-10-16,88.86714172363281,108.62000274658205,108.77999877929688,106.7300033569336,107.16000366210938,19302800
955,955,955,955,955,955,955,955,955,955,955,955,955,955,2018-10-17,89.85712432861328,109.83000183105467,110.8000030517578,108.2300033569336,108.37999725341795,18794500
956,956,956,956,956,956,956,956,956,956,956,956,956,956,2018-10-18,88.43355560302734,108.08999633789062,109.83999633789062,107.80999755859376,109.0199966430664,17582500
957,957,957,957,957,957,957,957,957,957,957,957,957,957,2018-10-19,88.28627014160156,107.91000366210938,109.22000122070312,107.2699966430664,107.6500015258789,15234500
958,958,958,958,958,958,958,958,958,958,958,958,958,958,2018-10-22,87.01815795898438,106.36000061035156,108.33999633789062,106.11000061035156,108.1500015258789,16199100
959,959,959,959,959,959,959,959,959,959,959,959,959,959,2018-10-23,86.1100082397461,105.25,106.16000366210938,103.6999969482422,104.1999969482422,21407500
960,960,960,960,960,960,960,960,960,960,960,960,960,960,2018-10-24,84.50643920898438,103.29000091552734,105.02999877929688,102.91000366210938,104.76000213623048,23168900
961,961,961,961,961,961,961,961,961,961,961,961,961,961,2018-10-25,85.7909164428711,104.86000061035156,105.9000015258789,103.72000122070312,104.18000030517578,17464700
962,962,962,962,962,962,962,962,962,962,962,962,962,962,2018-10-26,84.61280822753906,103.41999816894533,104.55999755859376,102.7300033569336,104.0,19174900
963,963,963,963,963,963,963,963,963,963,963,963,963,963,2018-10-29,85.78276062011719,104.8499984741211,106.62999725341795,103.6999969482422,104.45999908447266,18445200
964,964,964,964,964,964,964,964,964,964,964,964,964,964,2018-10-30,87.29631805419922,106.6999969482422,106.9800033569336,104.86000061035156,105.70999908447266,18019700
965,965,965,965,965,965,965,965,965,965,965,965,965,965,2018-10-31,89.19441986083984,109.0199966430664,110.4800033569336,107.79000091552734,108.08000183105467,20860000
966,966,966,966,966,966,966,966,966,966,966,966,966,966,2018-11-01,89.16168975830078,108.9800033569336,110.22000122070312,108.31999969482422,109.62000274658205,13065000
967,967,967,967,967,967,967,967,967,967,967,967,967,967,2018-11-02,88.67080688476562,108.37999725341795,110.80999755859376,107.48999786376952,109.9000015258789,19009200
968,968,968,968,968,968,968,968,968,968,968,968,968,968,2018-11-05,89.2516860961914,109.08999633789062,109.29000091552734,108.41999816894533,108.61000061035156,10276400
969,969,969,969,969,969,969,969,969,969,969,969,969,969,2018-11-06,89.6689682006836,109.5999984741211,109.66999816894533,107.76000213623048,108.66999816894533,10825000
970,970,970,970,970,970,970,970,970,970,970,970,970,970,2018-11-07,91.20708465576172,111.4800033569336,111.7300033569336,109.3499984741211,110.37000274658205,12679600
971,971,971,971,971,971,971,971,971,971,971,971,971,971,2018-11-08,91.9433822631836,112.37999725341795,112.93000030517578,111.0,111.01000213623048,11662500
972,972,972,972,972,972,972,972,972,972,972,972,972,972,2018-11-09,91.05159759521484,111.29000091552734,112.36000061035156,110.83000183105467,112.2300033569336,10432200
973,973,973,973,973,973,973,973,973,973,973,973,973,973,2018-11-12,89.13714599609375,108.9499969482422,111.94000244140624,108.5999984741211,111.41999816894533,13279700
974,974,974,974,974,974,974,974,974,974,974,974,974,974,2018-11-13,89.66075134277344,109.58999633789062,111.12000274658205,109.0999984741211,109.0999984741211,13746100
975,975,975,975,975,975,975,975,975,975,975,975,975,975,2018-11-14,87.81175994873047,107.33000183105467,110.70999908447266,105.9800033569336,110.2300033569336,18361400
976,976,976,976,976,976,976,976,976,976,976,976,976,976,2018-11-15,90.05348205566406,110.06999969482422,110.08000183105467,106.80999755859376,108.23999786376952,19100000
977,977,977,977,977,977,977,977,977,977,977,977,977,977,2018-11-16,89.98802947998047,109.98999786376952,110.76000213623048,108.5500030517578,109.4499969482422,13798600
978,978,978,978,978,978,978,978,978,978,978,978,978,978,2018-11-19,90.67527770996094,110.83000183105467,111.1999969482422,109.52999877929688,109.95999908447266,13987000
979,979,979,979,979,979,979,979,979,979,979,979,979,979,2018-11-20,88.72807312011719,108.4499969482422,110.48999786376952,107.9800033569336,109.77999877929688,18936200
980,980,980,980,980,980,980,980,980,980,980,980,980,980,2018-11-21,88.06538391113281,107.63999938964844,109.61000061035156,107.63999938964844,109.02999877929688,10619600
981,981,981,981,981,981,981,981,981,981,981,981,981,981,2018-11-23,87.2553939819336,106.6500015258789,107.38999938964844,106.05999755859376,106.73999786376952,6488400
982,982,982,982,982,982,982,982,982,982,982,982,982,982,2018-11-26,89.3907699584961,109.26000213623048,109.9800033569336,107.4499969482422,107.72000122070312,13948300
983,983,983,983,983,983,983,983,983,983,983,983,983,983,2018-11-27,89.76710510253906,109.72000122070312,110.02999877929688,108.62999725341795,108.76000213623048,9238200
984,984,984,984,984,984,984,984,984,984,984,984,984,984,2018-11-28,90.76528930664062,110.94000244140624,111.4000015258789,108.87000274658205,109.8000030517578,13977300
985,985,985,985,985,985,985,985,985,985,985,985,985,985,2018-11-29,90.04529571533203,110.05999755859376,110.8000030517578,109.63999938964844,110.2699966430664,11144300
986,986,986,986,986,986,986,986,986,986,986,986,986,986,2018-11-30,90.96979522705078,111.19000244140624,111.31999969482422,109.58000183105467,109.8499984741211,18652700
987,987,987,987,987,987,987,987,987,987,987,987,987,987,2018-12-03,91.82884216308594,112.23999786376952,112.88999938964844,111.73999786376952,112.37999725341795,16034500
988,988,988,988,988,988,988,988,988,988,988,988,988,988,2018-12-04,87.72991943359375,107.2300033569336,111.5999984741211,106.7300033569336,111.5999984741211,23555900
989,989,989,989,989,989,989,989,989,989,989,989,989,989,2018-12-06,86.06092834472656,105.19000244140624,105.36000061035156,102.87999725341795,105.01000213623048,27213900
990,990,990,990,990,990,990,990,990,990,990,990,990,990,2018-12-07,84.50643920898438,103.29000091552734,106.9800033569336,102.91000366210938,105.16000366210938,19248600
991,991,991,991,991,991,991,991,991,991,991,991,991,991,2018-12-10,82.92739868164062,101.36000061035156,103.48999786376952,99.27999877929688,102.87000274658205,23636400
992,992,992,992,992,992,992,992,992,992,992,992,992,992,2018-12-11,82.11743927001953,100.37000274658205,103.66000366210938,100.20999908447266,103.12999725341795,16860700
993,993,993,993,993,993,993,993,993,993,993,993,993,993,2018-12-12,82.64925384521484,101.0199966430664,102.9000015258789,100.05999755859376,101.66000366210938,22621500
994,994,994,994,994,994,994,994,994,994,994,994,994,994,2018-12-13,82.7310562133789,101.12000274658205,101.97000122070312,100.66999816894533,101.5500030517578,17250900
995,995,995,995,995,995,995,995,995,995,995,995,995,995,2018-12-14,82.05198669433594,100.29000091552734,101.94000244140624,99.86000061035156,99.98999786376952,19879500
996,996,996,996,996,996,996,996,996,996,996,996,996,996,2018-12-17,81.0047607421875,99.01000213623048,100.55999755859376,98.44000244140624,99.7699966430664,25113500
997,997,997,997,997,997,997,997,997,997,997,997,997,997,2018-12-18,80.62022399902344,98.54000091552734,100.88999938964844,98.12000274658205,99.41999816894533,20837200
998,998,998,998,998,998,998,998,998,998,998,998,998,998,2018-12-19,79.59754943847656,97.29000091552734,100.58000183105467,96.5999984741211,98.41000366210938,28767900
999,999,999,999,999,999,999,999,999,999,999,999,999,999,2018-12-20,78.91031646728516,96.4499969482422,98.27999877929688,95.69000244140624,96.61000061035156,31825200
1000,1000,1000,1000,1000,1000,1000,1000,1000,1000,1000,1000,1000,1000,2018-12-21,77.044921875,94.16999816894533,98.43000030517578,93.69000244140624,96.68000030517578,41313900
1001,1001,1001,1001,1001,1001,1001,1001,1001,1001,1001,1001,1001,1001,2018-12-24,75.38408660888672,92.13999938964844,94.22000122070312,92.13999938964844,92.88999938964844,17009300
1002,1002,1002,1002,1002,1002,1002,1002,1002,1002,1002,1002,1002,1002,2018-12-26,78.50941467285156,95.95999908447266,95.95999908447266,91.11000061035156,92.69000244140624,22542900
1003,1003,1003,1003,1003,1003,1003,1003,1003,1003,1003,1003,1003,1003,2018-12-27,79.39300537109375,97.04000091552734,97.1500015258789,93.5500030517578,94.81999969482422,20304700
1004,1004,1004,1004,1004,1004,1004,1004,1004,1004,1004,1004,1004,1004,2018-12-28,79.22119903564453,96.83000183105467,98.31999969482422,96.44000244140624,97.9499969482422,17963300
1005,1005,1005,1005,1005,1005,1005,1005,1005,1005,1005,1005,1005,1005,2018-12-31,79.8675537109375,97.62000274658205,98.80999755859376,96.7699966430664,97.58999633789062,13237200
1006,1006,1006,1006,1006,1006,1006,1006,1006,1006,1006,1006,1006,1006,2019-01-02,81.25019836425781,99.30999755859376,99.77999877929688,95.94000244140624,95.9499969482422,15670900
1007,1007,1007,1007,1007,1007,1007,1007,1007,1007,1007,1007,1007,1007,2019-01-03,80.09550476074219,97.11000061035156,98.88999938964844,96.69000244140624,98.63999938964844,16286400
1008,1008,1008,1008,1008,1008,1008,1008,1008,1008,1008,1008,1008,1008,2019-01-04,83.04826354980469,100.69000244140624,100.93000030517578,98.27999877929688,99.11000061035156,16935200
1009,1009,1009,1009,1009,1009,1009,1009,1009,1009,1009,1009,1009,1009,2019-01-07,83.10600280761719,100.76000213623048,101.47000122070312,99.70999908447266,100.43000030517578,15430700
1010,1010,1010,1010,1010,1010,1010,1010,1010,1010,1010,1010,1010,1010,2019-01-08,82.94927978515625,100.56999969482422,101.81999969482422,99.5500030517578,101.62999725341795,13578800
1011,1011,1011,1011,1011,1011,1011,1011,1011,1011,1011,1011,1011,1011,2019-01-09,82.80906677246094,100.4000015258789,101.48999786376952,99.93000030517578,100.80999755859376,14230300
1012,1012,1012,1012,1012,1012,1012,1012,1012,1012,1012,1012,1012,1012,2019-01-10,82.80081176757812,100.38999938964844,100.7300033569336,99.2699966430664,100.0199966430664,14376100
1013,1013,1013,1013,1013,1013,1013,1013,1013,1013,1013,1013,1013,1013,2019-01-11,82.40491485595703,99.91000366210938,100.16999816894533,98.9499969482422,99.88999938964844,15439900
1014,1014,1014,1014,1014,1014,1014,1014,1014,1014,1014,1014,1014,1014,2019-01-14,83.25446319580078,100.94000244140624,101.36000061035156,98.66000366210938,98.87000274658205,21258500
1015,1015,1015,1015,1015,1015,1015,1015,1015,1015,1015,1015,1015,1015,2019-01-15,83.86480712890625,101.68000030517578,102.47000122070312,98.5999984741211,98.88999938964844,26504900
1016,1016,1016,1016,1016,1016,1016,1016,1016,1016,1016,1016,1016,1016,2019-01-16,84.54110717773438,102.5,103.4499969482422,101.8000030517578,102.25,18533000
1017,1017,1017,1017,1017,1017,1017,1017,1017,1017,1017,1017,1017,1017,2019-01-17,84.8875503540039,102.91999816894533,103.5,101.91999816894533,102.11000061035156,14247600
1018,1018,1018,1018,1018,1018,1018,1018,1018,1018,1018,1018,1018,1018,2019-01-18,86.26492309570312,104.58999633789062,104.9000015258789,102.83000183105467,103.7699966430664,16428700
1019,1019,1019,1019,1019,1019,1019,1019,1019,1019,1019,1019,1019,1019,2019-01-22,84.90403747558594,102.94000244140624,103.58999633789062,102.12999725341795,103.08000183105467,17083700
1020,1020,1020,1020,1020,1020,1020,1020,1020,1020,1020,1020,1020,1020,2019-01-23,84.68959045410156,102.68000030517578,103.6999969482422,101.97000122070312,103.44000244140624,12146700
1021,1021,1021,1021,1021,1021,1021,1021,1021,1021,1021,1021,1021,1021,2019-01-24,84.73908233642578,102.73999786376952,103.08999633789062,101.94000244140624,102.12999725341795,11296800
1022,1022,1022,1022,1022,1022,1022,1022,1022,1022,1022,1022,1022,1022,2019-01-25,85.27519989013672,103.38999938964844,104.30999755859376,102.73999786376952,103.51000213623048,14369400
1023,1023,1023,1023,1023,1023,1023,1023,1023,1023,1023,1023,1023,1023,2019-01-28,85.67933654785156,103.87999725341795,104.23999786376952,102.58999633789062,102.88999938964844,12283100
1024,1024,1024,1024,1024,1024,1024,1024,1024,1024,1024,1024,1024,1024,2019-01-29,85.91851806640625,104.16999816894533,105.11000061035156,103.7300033569336,103.87999725341795,9743300
1025,1025,1025,1025,1025,1025,1025,1025,1025,1025,1025,1025,1025,1025,2019-01-30,86.11648559570312,104.41000366210938,105.23999786376952,103.77999877929688,104.13999938964844,12526300
1026,1026,1026,1026,1026,1026,1026,1026,1026,1026,1026,1026,1026,1026,2019-01-31,85.36592102050781,103.5,103.8000030517578,102.7300033569336,103.41000366210938,17520600
1027,1027,1027,1027,1027,1027,1027,1027,1027,1027,1027,1027,1027,1027,2019-02-01,85.67933654785156,103.87999725341795,104.8499984741211,103.5199966430664,104.0,13000800
1028,1028,1028,1028,1028,1028,1028,1028,1028,1028,1028,1028,1028,1028,2019-02-04,85.98453521728516,104.25,104.25,103.01000213623048,103.79000091552734,9871500
1029,1029,1029,1029,1029,1029,1029,1029,1029,1029,1029,1029,1029,1029,2019-02-05,85.60511016845703,103.79000091552734,104.5500030517578,103.29000091552734,104.5199966430664,12763000
1030,1030,1030,1030,1030,1030,1030,1030,1030,1030,1030,1030,1030,1030,2019-02-06,85.5638656616211,103.73999786376952,104.62000274658205,103.47000122070312,103.70999908447266,8745000
1031,1031,1031,1031,1031,1031,1031,1031,1031,1031,1031,1031,1031,1031,2019-02-07,84.44214630126953,102.37999725341795,103.5,101.44000244140624,103.25,13177500
1032,1032,1032,1032,1032,1032,1032,1032,1032,1032,1032,1032,1032,1032,2019-02-08,83.60086059570312,101.36000061035156,102.33999633789062,100.05999755859376,102.08000183105467,12892600
1033,1033,1033,1033,1033,1033,1033,1033,1033,1033,1033,1033,1033,1033,2019-02-11,83.20496368408203,100.87999725341795,102.01000213623048,100.7699966430664,101.76000213623048,10978500
1034,1034,1034,1034,1034,1034,1034,1034,1034,1034,1034,1034,1034,1034,2019-02-12,84.62360382080078,102.5999984741211,102.91999816894533,101.88999938964844,101.9499969482422,12852300
1035,1035,1035,1035,1035,1035,1035,1035,1035,1035,1035,1035,1035,1035,2019-02-13,85.02775573730469,103.08999633789062,103.8499984741211,102.9000015258789,102.9000015258789,10754100
1036,1036,1036,1036,1036,1036,1036,1036,1036,1036,1036,1036,1036,1036,2019-02-14,84.47514343261719,102.41999816894533,103.0999984741211,101.3499984741211,102.47000122070312,11518500
1037,1037,1037,1037,1037,1037,1037,1037,1037,1037,1037,1037,1037,1037,2019-02-15,87.05675506591797,105.5500030517578,105.6999969482422,103.66000366210938,103.9000015258789,14716900
1038,1038,1038,1038,1038,1038,1038,1038,1038,1038,1038,1038,1038,1038,2019-02-19,86.75154876708984,105.18000030517578,105.37000274658205,103.80999755859376,104.91000366210938,12764900
1039,1039,1039,1039,1039,1039,1039,1039,1039,1039,1039,1039,1039,1039,2019-02-20,87.1722183227539,105.69000244140624,105.8000030517578,104.87999725341795,105.20999908447266,10030300
1040,1040,1040,1040,1040,1040,1040,1040,1040,1040,1040,1040,1040,1040,2019-02-21,86.99073791503906,105.47000122070312,105.98999786376952,104.95999908447266,105.4499969482422,8400100
1041,1041,1041,1041,1041,1041,1041,1041,1041,1041,1041,1041,1041,1041,2019-02-22,86.60311126708984,105.0,106.08999633789062,104.77999877929688,105.6999969482422,10647300
1042,1042,1042,1042,1042,1042,1042,1042,1042,1042,1042,1042,1042,1042,2019-02-25,87.51038360595703,106.0999984741211,107.2699966430664,105.69000244140624,105.75,11230700
1043,1043,1043,1043,1043,1043,1043,1043,1043,1043,1043,1043,1043,1043,2019-02-26,86.84229278564453,105.29000091552734,105.47000122070312,103.94000244140624,104.5,15465400
1044,1044,1044,1044,1044,1044,1044,1044,1044,1044,1044,1044,1044,1044,2019-02-27,86.7350845336914,105.16000366210938,105.37999725341795,104.51000213623048,105.18000030517578,9968800
1045,1045,1045,1045,1045,1045,1045,1045,1045,1045,1045,1045,1045,1045,2019-02-28,86.07522583007812,104.36000061035156,105.20999908447266,104.18000030517578,105.01000213623048,15156900
1046,1046,1046,1046,1046,1046,1046,1046,1046,1046,1046,1046,1046,1046,2019-03-01,86.13298797607422,104.43000030517578,105.91000366210938,104.1999969482422,105.0999984741211,13813300
1047,1047,1047,1047,1047,1047,1047,1047,1047,1047,1047,1047,1047,1047,2019-03-04,85.93502044677734,104.19000244140624,105.91999816894533,103.2699966430664,104.91999816894533,12466300
1048,1048,1048,1048,1048,1048,1048,1048,1048,1048,1048,1048,1048,1048,2019-03-05,85.86903381347656,104.11000061035156,104.5500030517578,103.26000213623048,104.12999725341795,10856600
1049,1049,1049,1049,1049,1049,1049,1049,1049,1049,1049,1049,1049,1049,2019-03-06,85.54737091064453,103.72000122070312,104.56999969482422,103.5500030517578,103.86000061035156,9070800
1050,1050,1050,1050,1050,1050,1050,1050,1050,1050,1050,1050,1050,1050,2019-03-07,84.92878723144531,102.97000122070312,103.47000122070312,102.16000366210938,103.25,12705700
1051,1051,1051,1051,1051,1051,1051,1051,1051,1051,1051,1051,1051,1051,2019-03-08,84.96178436279297,103.01000213623048,103.2300033569336,101.98999786376952,101.98999786376952,10582400
1052,1052,1052,1052,1052,1052,1052,1052,1052,1052,1052,1052,1052,1052,2019-03-11,86.06702423095703,104.3499984741211,104.5500030517578,103.66000366210938,103.9800033569336,9763200
1053,1053,1053,1053,1053,1053,1053,1053,1053,1053,1053,1053,1053,1053,2019-03-12,85.8113021850586,104.04000091552734,104.79000091552734,103.75,104.58999633789062,10219100
1054,1054,1054,1054,1054,1054,1054,1054,1054,1054,1054,1054,1054,1054,2019-03-13,86.09999084472656,104.38999938964844,104.9800033569336,103.9499969482422,104.19000244140624,13022200
1055,1055,1055,1055,1055,1055,1055,1055,1055,1055,1055,1055,1055,1055,2019-03-14,86.88353729248047,105.33999633789062,105.87000274658205,104.45999908447266,104.5,10926500
1056,1056,1056,1056,1056,1056,1056,1056,1056,1056,1056,1056,1056,1056,2019-03-15,87.88152313232422,106.5500030517578,106.8000030517578,105.2300033569336,105.41000366210938,24811700
1057,1057,1057,1057,1057,1057,1057,1057,1057,1057,1057,1057,1057,1057,2019-03-18,88.40939331054688,107.19000244140624,107.79000091552734,106.5,106.5500030517578,12935500
1058,1058,1058,1058,1058,1058,1058,1058,1058,1058,1058,1058,1058,1058,2019-03-19,88.08773803710938,106.8000030517578,108.4000015258789,106.5500030517578,108.1999969482422,12889300
1059,1059,1059,1059,1059,1059,1059,1059,1059,1059,1059,1059,1059,1059,2019-03-20,86.20720672607422,104.5199966430664,106.6500015258789,104.41000366210938,106.43000030517578,14920700
1060,1060,1060,1060,1060,1060,1060,1060,1060,1060,1060,1060,1060,1060,2019-03-21,84.84629821777344,102.87000274658205,103.48999786376952,102.27999877929688,103.48999786376952,19751000
1061,1061,1061,1061,1061,1061,1061,1061,1061,1061,1061,1061,1061,1061,2019-03-22,82.28121948242188,99.76000213623048,102.31999969482422,99.5199966430664,101.81999969482422,31115200
1062,1062,1062,1062,1062,1062,1062,1062,1062,1062,1062,1062,1062,1062,2019-03-25,81.59661102294922,98.93000030517578,100.56999969482422,98.08999633789062,99.58999633789062,21032300
1063,1063,1063,1063,1063,1063,1063,1063,1063,1063,1063,1063,1063,1063,2019-03-26,82.41315460205078,99.91999816894533,100.4000015258789,98.81999969482422,99.81999969482422,15987100
1064,1064,1064,1064,1064,1064,1064,1064,1064,1064,1064,1064,1064,1064,2019-03-27,82.13274383544922,99.58000183105467,100.4499969482422,99.08000183105467,99.87999725341795,12753200
1065,1065,1065,1065,1065,1065,1065,1065,1065,1065,1065,1065,1065,1065,2019-03-28,83.06473541259766,100.70999908447266,100.8000030517578,99.73999786376952,100.0,12454100
1066,1066,1066,1066,1066,1066,1066,1066,1066,1066,1066,1066,1066,1066,2019-03-29,83.49365234375,101.2300033569336,101.98999786376952,100.58999633789062,101.54000091552734,14523400
1067,1067,1067,1067,1067,1067,1067,1067,1067,1067,1067,1067,1067,1067,2019-04-01,86.3061752319336,104.63999938964844,104.68000030517578,102.12000274658205,102.1500015258789,17499300
1068,1068,1068,1068,1068,1068,1068,1068,1068,1068,1068,1068,1068,1068,2019-04-02,86.71859741210938,105.13999938964844,105.44000244140624,104.33000183105467,104.5999984741211,10295400
1069,1069,1069,1069,1069,1069,1069,1069,1069,1069,1069,1069,1069,1069,2019-04-03,86.89178466796875,105.3499984741211,106.36000061035156,104.79000091552734,105.80999755859376,11499200
1070,1070,1070,1070,1070,1070,1070,1070,1070,1070,1070,1070,1070,1070,2019-04-04,87.73117065429688,105.55999755859376,105.7300033569336,104.4499969482422,104.5500030517578,11952100
1071,1071,1071,1071,1071,1071,1071,1071,1071,1071,1071,1071,1071,1071,2019-04-05,87.52340698242188,105.30999755859376,106.11000061035156,104.98999786376952,105.8000030517578,9933700
1072,1072,1072,1072,1072,1072,1072,1072,1072,1072,1072,1072,1072,1072,2019-04-08,87.80599212646484,105.6500015258789,105.6500015258789,104.91000366210938,105.11000061035156,8056300
1073,1073,1073,1073,1073,1073,1073,1073,1073,1073,1073,1073,1073,1073,2019-04-09,87.15775299072266,104.87000274658205,105.1999969482422,104.25,105.08000183105467,9092200
1074,1074,1074,1074,1074,1074,1074,1074,1074,1074,1074,1074,1074,1074,2019-04-10,87.54834747314453,105.33999633789062,105.72000122070312,104.47000122070312,105.12999725341795,10882300
1075,1075,1075,1075,1075,1075,1075,1075,1075,1075,1075,1075,1075,1075,2019-04-11,88.2880630493164,106.2300033569336,106.7300033569336,105.55999755859376,105.70999908447266,11183800
1076,1076,1076,1076,1076,1076,1076,1076,1076,1076,1076,1076,1076,1076,2019-04-12,92.42693328857422,111.20999908447266,111.8499984741211,108.87999725341795,109.44000244140624,25834100
1077,1077,1077,1077,1077,1077,1077,1077,1077,1077,1077,1077,1077,1077,2019-04-15,91.37142181396484,109.94000244140624,111.0,109.12000274658205,110.91999816894533,15163800
1078,1078,1078,1078,1078,1078,1078,1078,1078,1078,1078,1078,1078,1078,2019-04-16,92.33552551269533,111.0999984741211,111.38999938964844,109.86000061035156,109.9000015258789,11583200
1079,1079,1079,1079,1079,1079,1079,1079,1079,1079,1079,1079,1079,1079,2019-04-17,94.99504089355467,114.3000030517578,114.66000366210938,111.01000213623048,111.6999969482422,17791900
1080,1080,1080,1080,1080,1080,1080,1080,1080,1080,1080,1080,1080,1080,2019-04-18,94.2968978881836,113.45999908447266,114.9499969482422,113.33000183105467,114.52999877929688,12501900
1081,1081,1081,1081,1081,1081,1081,1081,1081,1081,1081,1081,1081,1081,2019-04-22,94.41326141357422,113.5999984741211,113.93000030517578,112.66000366210938,112.83000183105467,7975900
1082,1082,1082,1082,1082,1082,1082,1082,1082,1082,1082,1082,1082,1082,2019-04-23,94.52963256835938,113.73999786376952,114.37000274658205,112.8499984741211,113.0,9193100
1083,1083,1083,1083,1083,1083,1083,1083,1083,1083,1083,1083,1083,1083,2019-04-24,94.37168884277344,113.5500030517578,114.1500015258789,112.80999755859376,113.26000213623048,9245700
1084,1084,1084,1084,1084,1084,1084,1084,1084,1084,1084,1084,1084,1084,2019-04-25,94.42159271240234,113.61000061035156,114.1500015258789,112.5,113.01000213623048,9311800
1085,1085,1085,1085,1085,1085,1085,1085,1085,1085,1085,1085,1085,1085,2019-04-26,95.13631439208984,114.47000122070312,114.58000183105467,113.5999984741211,113.9499969482422,7889300
1086,1086,1086,1086,1086,1086,1086,1086,1086,1086,1086,1086,1086,1086,2019-04-29,96.50765228271484,116.12000274658205,117.16000366210938,114.4499969482422,114.5999984741211,14242200
1087,1087,1087,1087,1087,1087,1087,1087,1087,1087,1087,1087,1087,1087,2019-04-30,96.4494857788086,116.0500030517578,116.72000122070312,115.26000213623048,116.43000030517578,11389100
1088,1088,1088,1088,1088,1088,1088,1088,1088,1088,1088,1088,1088,1088,2019-05-01,95.70978546142578,115.16000366210938,117.0,115.11000061035156,115.72000122070312,10412900
1089,1089,1089,1089,1089,1089,1089,1089,1089,1089,1089,1089,1089,1089,2019-05-02,95.91756439208984,115.41000366210938,115.77999877929688,114.58000183105467,115.16999816894533,8613300
1090,1090,1090,1090,1090,1090,1090,1090,1090,1090,1090,1090,1090,1090,2019-05-03,96.50765228271484,116.12000274658205,116.68000030517578,115.66999816894533,116.0,8185400
1091,1091,1091,1091,1091,1091,1091,1091,1091,1091,1091,1091,1091,1091,2019-05-06,95.65158081054688,115.08999633789062,115.47000122070312,113.72000122070312,114.18000030517578,9387000
1092,1092,1092,1092,1092,1092,1092,1092,1092,1092,1092,1092,1092,1092,2019-05-07,94.08912658691406,113.20999908447266,114.02999877929688,112.29000091552734,114.02999877929688,15017700
1093,1093,1093,1093,1093,1093,1093,1093,1093,1093,1093,1093,1093,1093,2019-05-08,93.59046936035156,112.61000061035156,113.66999816894533,112.45999908447266,112.66000366210938,9575800
1094,1094,1094,1094,1094,1094,1094,1094,1094,1094,1094,1094,1094,1094,2019-05-09,93.51565551757812,112.5199966430664,112.73999786376952,110.58000183105467,111.13999938964844,12205900
1095,1095,1095,1095,1095,1095,1095,1095,1095,1095,1095,1095,1095,1095,2019-05-10,93.5073471069336,112.51000213623048,112.83999633789062,110.54000091552734,111.75,13189000
1096,1096,1096,1096,1096,1096,1096,1096,1096,1096,1096,1096,1096,1096,2019-05-13,90.96418762207033,109.4499969482422,110.4499969482422,108.9800033569336,110.08000183105467,13783700
1097,1097,1097,1097,1097,1097,1097,1097,1097,1097,1097,1097,1097,1097,2019-05-14,91.68724822998048,110.31999969482422,111.72000122070312,109.5,109.5500030517578,10503600
1098,1098,1098,1098,1098,1098,1098,1098,1098,1098,1098,1098,1098,1098,2019-05-15,91.33818817138672,109.9000015258789,110.9000015258789,108.61000061035156,109.20999908447266,10142000
1099,1099,1099,1099,1099,1099,1099,1099,1099,1099,1099,1099,1099,1099,2019-05-16,92.51001739501952,111.30999755859376,112.16999816894533,110.58999633789062,110.62000274658205,9672700
1100,1100,1100,1100,1100,1100,1100,1100,1100,1100,1100,1100,1100,1100,2019-05-17,92.06124114990234,110.7699966430664,111.75,109.83000183105467,110.0,9570100
1101,1101,1101,1101,1101,1101,1101,1101,1101,1101,1101,1101,1101,1101,2019-05-20,92.54328155517578,111.3499984741211,111.80999755859376,110.37000274658205,110.58000183105467,8518200
1102,1102,1102,1102,1102,1102,1102,1102,1102,1102,1102,1102,1102,1102,2019-05-21,92.85909271240234,111.7300033569336,111.91999816894533,111.22000122070312,111.44000244140624,7967900
1103,1103,1103,1103,1103,1103,1103,1103,1103,1103,1103,1103,1103,1103,2019-05-22,92.10279846191406,110.81999969482422,111.79000091552734,110.75,111.4000015258789,7918900
1104,1104,1104,1104,1104,1104,1104,1104,1104,1104,1104,1104,1104,1104,2019-05-23,90.29097747802734,108.63999938964844,109.79000091552734,107.5,109.63999938964844,14558000
1105,1105,1105,1105,1105,1105,1105,1105,1105,1105,1105,1105,1105,1105,2019-05-24,91.18028259277344,109.70999908447266,109.95999908447266,109.19000244140624,109.5199966430664,8537300
1106,1106,1106,1106,1106,1106,1106,1106,1106,1106,1106,1106,1106,1106,2019-05-28,90.19125366210938,108.5199966430664,109.83000183105467,108.44000244140624,109.1999969482422,11665500
1107,1107,1107,1107,1107,1107,1107,1107,1107,1107,1107,1107,1107,1107,2019-05-29,89.94192504882812,108.22000122070312,108.4000015258789,107.05999755859376,107.4499969482422,9966400
1108,1108,1108,1108,1108,1108,1108,1108,1108,1108,1108,1108,1108,1108,2019-05-30,88.97785186767578,107.05999755859376,109.18000030517578,106.54000091552734,108.6500015258789,10367800
1109,1109,1109,1109,1109,1109,1109,1109,1109,1109,1109,1109,1109,1109,2019-05-31,88.06363677978516,105.95999908447266,106.58999633789062,104.83999633789062,105.55999755859376,10952800
1110,1110,1110,1110,1110,1110,1110,1110,1110,1110,1110,1110,1110,1110,2019-06-03,88.47919464111328,106.45999908447266,106.86000061035156,105.3000030517578,105.8000030517578,11680700
1111,1111,1111,1111,1111,1111,1111,1111,1111,1111,1111,1111,1111,1111,2019-06-04,91.2052001953125,109.73999786376952,109.9000015258789,107.12999725341795,107.8499984741211,12858600
1112,1112,1112,1112,1112,1112,1112,1112,1112,1112,1112,1112,1112,1112,2019-06-05,91.52933502197266,110.12999725341795,110.37999725341795,108.63999938964844,109.86000061035156,8340500
1113,1113,1113,1113,1113,1113,1113,1113,1113,1113,1113,1113,1113,1113,2019-06-06,91.7288055419922,110.37000274658205,110.87000274658205,108.93000030517578,110.1500015258789,8726700
1114,1114,1114,1114,1114,1114,1114,1114,1114,1114,1114,1114,1114,1114,2019-06-07,90.72315979003906,109.16000366210938,110.0199966430664,108.95999908447266,109.6999969482422,10618900
1115,1115,1115,1115,1115,1115,1115,1115,1115,1115,1115,1115,1115,1115,2019-06-10,91.70384979248048,110.33999633789062,111.20999908447266,110.22000122070312,110.75,11380600
1116,1116,1116,1116,1116,1116,1116,1116,1116,1116,1116,1116,1116,1116,2019-06-11,91.98645782470705,110.68000030517578,111.56999969482422,110.37000274658205,110.81999969482422,9847700
1117,1117,1117,1117,1117,1117,1117,1117,1117,1117,1117,1117,1117,1117,2019-06-12,90.8145751953125,109.2699966430664,110.9000015258789,108.88999938964844,110.6999969482422,9670500
1118,1118,1118,1118,1118,1118,1118,1118,1118,1118,1118,1118,1118,1118,2019-06-13,91.03897857666016,109.54000091552734,110.16000366210938,109.0500030517578,109.45999908447266,8406900
1119,1119,1119,1119,1119,1119,1119,1119,1119,1119,1119,1119,1119,1119,2019-06-14,91.27169036865234,109.81999969482422,110.3000030517578,108.62999725341795,109.56999969482422,9077400
1120,1120,1120,1120,1120,1120,1120,1120,1120,1120,1120,1120,1120,1120,2019-06-17,90.77305603027344,109.22000122070312,110.37000274658205,109.05999755859376,109.6999969482422,8128600
1121,1121,1121,1121,1121,1121,1121,1121,1121,1121,1121,1121,1121,1121,2019-06-18,92.01138305664062,110.70999908447266,111.41000366210938,108.9800033569336,109.01000213623048,11057300
1122,1122,1122,1122,1122,1122,1122,1122,1122,1122,1122,1122,1122,1122,2019-06-19,91.34650421142578,109.91000366210938,111.58999633789062,109.6999969482422,110.81999969482422,13126500
1123,1123,1123,1123,1123,1123,1123,1123,1123,1123,1123,1123,1123,1123,2019-06-20,91.5792007446289,110.19000244140624,111.08999633789062,109.02999877929688,110.87999725341795,13638000
1124,1124,1124,1124,1124,1124,1124,1124,1124,1124,1124,1124,1124,1124,2019-06-21,90.95590209960938,109.44000244140624,111.66999816894533,109.08999633789062,110.19000244140624,27089500
1125,1125,1125,1125,1125,1125,1125,1125,1125,1125,1125,1125,1125,1125,2019-06-24,90.30760955810548,108.66000366210938,109.7699966430664,108.54000091552734,109.27999877929688,13039600
1126,1126,1126,1126,1126,1126,1126,1126,1126,1126,1126,1126,1126,1126,2019-06-25,89.55962371826172,107.76000213623048,108.9800033569336,107.66999816894533,108.68000030517578,18660100
1127,1127,1127,1127,1127,1127,1127,1127,1127,1127,1127,1127,1127,1127,2019-06-26,90.1580047607422,108.4800033569336,109.30999755859376,108.16000366210938,108.3000030517578,10324600
1128,1128,1128,1128,1128,1128,1128,1128,1128,1128,1128,1128,1128,1128,2019-06-27,90.45721435546876,108.83999633789062,109.5500030517578,108.44000244140624,108.83999633789062,10906600
1129,1129,1129,1129,1129,1129,1129,1129,1129,1129,1129,1129,1129,1129,2019-06-28,92.91727447509766,111.8000030517578,112.43000030517578,110.9000015258789,111.04000091552734,21634700
1130,1130,1130,1130,1130,1130,1130,1130,1130,1130,1130,1130,1130,1130,2019-07-01,94.47975158691406,113.68000030517578,114.5199966430664,113.08000183105467,113.2300033569336,12724500
1131,1131,1131,1131,1131,1131,1131,1131,1131,1131,1131,1131,1131,1131,2019-07-02,94.57947540283205,113.8000030517578,114.1999969482422,113.22000122070312,113.51000213623048,10174900
1132,1132,1132,1132,1132,1132,1132,1132,1132,1132,1132,1132,1132,1132,2019-07-03,94.42884826660156,112.81999969482422,113.87000274658205,112.26000213623048,113.33999633789062,6849400
1133,1133,1133,1133,1133,1133,1133,1133,1133,1133,1133,1133,1133,1133,2019-07-05,94.9896011352539,113.48999786376952,114.2699966430664,112.91999816894533,113.51000213623048,7929400
1134,1134,1134,1134,1134,1134,1134,1134,1134,1134,1134,1134,1134,1134,2019-07-08,94.4706802368164,112.87000274658205,113.4800033569336,112.5,112.95999908447266,6917200
1135,1135,1135,1135,1135,1135,1135,1135,1135,1135,1135,1135,1135,1135,2019-07-09,94.87242889404295,113.3499984741211,113.48999786376952,112.1500015258789,112.27999877929688,8947300
1136,1136,1136,1136,1136,1136,1136,1136,1136,1136,1136,1136,1136,1136,2019-07-10,94.59622192382812,113.0199966430664,113.83000183105467,112.73999786376952,113.37000274658205,9242300
1137,1137,1137,1137,1137,1137,1137,1137,1137,1137,1137,1137,1137,1137,2019-07-11,95.50016784667967,114.0999984741211,114.36000061035156,113.12000274658205,113.37000274658205,11595200
1138,1138,1138,1138,1138,1138,1138,1138,1138,1138,1138,1138,1138,1138,2019-07-12,96.50454711914062,115.3000030517578,115.3499984741211,113.93000030517578,114.12999725341795,10783400
1139,1139,1139,1139,1139,1139,1139,1139,1139,1139,1139,1139,1139,1139,2019-07-15,95.332763671875,113.9000015258789,115.56999969482422,113.52999877929688,115.54000091552734,12946600
1140,1140,1140,1140,1140,1140,1140,1140,1140,1140,1140,1140,1140,1140,2019-07-16,96.35391235351562,115.12000274658205,115.5,112.91999816894533,113.4800033569336,16945000
1141,1141,1141,1141,1141,1141,1141,1141,1141,1141,1141,1141,1141,1141,2019-07-17,95.4080810546875,113.98999786376952,114.94000244140624,113.7300033569336,114.43000030517578,13120900
1142,1142,1142,1142,1142,1142,1142,1142,1142,1142,1142,1142,1142,1142,2019-07-18,95.9772720336914,114.66999816894533,115.06999969482422,113.5500030517578,113.93000030517578,9397200
1143,1143,1143,1143,1143,1143,1143,1143,1143,1143,1143,1143,1143,1143,2019-07-19,95.0314712524414,113.54000091552734,115.12000274658205,113.4000015258789,114.88999938964844,10402800
1144,1144,1144,1144,1144,1144,1144,1144,1144,1144,1144,1144,1144,1144,2019-07-22,95.64246368408205,114.2699966430664,114.4499969482422,112.7699966430664,112.91000366210938,9061100
1145,1145,1145,1145,1145,1145,1145,1145,1145,1145,1145,1145,1145,1145,2019-07-23,97.39176177978516,116.36000061035156,116.4499969482422,114.81999969482422,114.87999725341795,12752200
1146,1146,1146,1146,1146,1146,1146,1146,1146,1146,1146,1146,1146,1146,2019-07-24,97.78516387939452,116.83000183105467,116.87999725341795,115.5199966430664,115.58000183105467,10011000
1147,1147,1147,1147,1147,1147,1147,1147,1147,1147,1147,1147,1147,1147,2019-07-25,96.84770965576172,115.70999908447266,117.23999786376952,115.31999969482422,116.88999938964844,10138400
1148,1148,1148,1148,1148,1148,1148,1148,1148,1148,1148,1148,1148,1148,2019-07-26,97.27458190917967,116.22000122070312,116.51000213623048,115.52999877929688,115.7699966430664,12800400
1149,1149,1149,1149,1149,1149,1149,1149,1149,1149,1149,1149,1149,1149,2019-07-29,96.9648895263672,115.8499984741211,117.18000030517578,115.79000091552734,116.45999908447266,8500400
1150,1150,1150,1150,1150,1150,1150,1150,1150,1150,1150,1150,1150,1150,2019-07-30,96.7472915649414,115.58999633789062,116.08000183105467,114.76000213623048,115.19000244140624,7121100
1151,1151,1151,1151,1151,1151,1151,1151,1151,1151,1151,1151,1151,1151,2019-07-31,97.0904541015625,116.0,116.18000030517578,114.86000061035156,116.0999984741211,13648000
1152,1152,1152,1152,1152,1152,1152,1152,1152,1152,1152,1152,1152,1152,2019-08-01,94.52925872802734,112.94000244140624,116.8000030517578,112.5999984741211,115.33000183105467,15664500
1153,1153,1153,1153,1153,1153,1153,1153,1153,1153,1153,1153,1153,1153,2019-08-02,94.52090454101562,112.93000030517578,113.43000030517578,111.4000015258789,112.4000015258789,11025500
1154,1154,1154,1154,1154,1154,1154,1154,1154,1154,1154,1154,1154,1154,2019-08-05,91.7086181640625,109.56999969482422,110.9800033569336,108.2699966430664,110.79000091552734,15855300
1155,1155,1155,1155,1155,1155,1155,1155,1155,1155,1155,1155,1155,1155,2019-08-06,92.4284210205078,110.43000030517578,110.5,108.33999633789062,110.0500030517578,10203500
1156,1156,1156,1156,1156,1156,1156,1156,1156,1156,1156,1156,1156,1156,2019-08-07,90.4196548461914,108.02999877929688,108.27999877929688,105.94000244140624,108.0,17320900
1157,1157,1157,1157,1157,1157,1157,1157,1157,1157,1157,1157,1157,1157,2019-08-08,91.95136260986328,109.86000061035156,110.08000183105467,108.72000122070312,109.0500030517578,10903300
1158,1158,1158,1158,1158,1158,1158,1158,1158,1158,1158,1158,1158,1158,2019-08-09,91.85090637207033,109.73999786376952,110.4499969482422,108.29000091552734,109.3499984741211,9980800
1159,1159,1159,1159,1159,1159,1159,1159,1159,1159,1159,1159,1159,1159,2019-08-12,90.12671661376952,107.68000030517578,108.51000213623048,107.20999908447266,108.44000244140624,9393700
1160,1160,1160,1160,1160,1160,1160,1160,1160,1160,1160,1160,1160,1160,2019-08-13,91.51610565185548,109.33999633789062,110.33000183105467,107.02999877929688,107.9499969482422,12124700
1161,1161,1161,1161,1161,1161,1161,1161,1161,1161,1161,1161,1161,1161,2019-08-14,87.71620178222656,104.8000030517578,106.91000366210938,104.4499969482422,106.3000030517578,19491800
1162,1162,1162,1162,1162,1162,1162,1162,1162,1162,1162,1162,1162,1162,2019-08-15,88.05097198486328,105.1999969482422,106.37999725341795,104.33999633789062,104.81999969482422,13365600
1163,1163,1163,1163,1163,1163,1163,1163,1163,1163,1163,1163,1163,1163,2019-08-16,90.16018676757812,107.72000122070312,107.9800033569336,105.87000274658205,106.37000274658205,11830600
1164,1164,1164,1164,1164,1164,1164,1164,1164,1164,1164,1164,1164,1164,2019-08-19,90.97208404541016,108.69000244140624,109.75,108.41999816894533,109.62999725341795,8265400
1165,1165,1165,1165,1165,1165,1165,1165,1165,1165,1165,1165,1165,1165,2019-08-20,89.81703186035156,107.30999755859376,108.44000244140624,107.23999786376952,107.8499984741211,8374000
1166,1166,1166,1166,1166,1166,1166,1166,1166,1166,1166,1166,1166,1166,2019-08-21,90.06812286376953,107.61000061035156,108.43000030517578,107.4499969482422,108.20999908447266,8189300
1167,1167,1167,1167,1167,1167,1167,1167,1167,1167,1167,1167,1167,1167,2019-08-22,90.9971694946289,108.72000122070312,109.2699966430664,107.93000030517578,108.37000274658205,9343400
1168,1168,1168,1168,1168,1168,1168,1168,1168,1168,1168,1168,1168,1168,2019-08-23,88.7373046875,106.0199966430664,108.77999877929688,105.11000061035156,108.0,14762300
1169,1169,1169,1169,1169,1169,1169,1169,1169,1169,1169,1169,1169,1169,2019-08-26,89.44876098632812,106.87000274658205,106.98999786376952,106.01000213623048,106.62000274658205,8209500
1170,1170,1170,1170,1170,1170,1170,1170,1170,1170,1170,1170,1170,1170,2019-08-27,88.50297546386719,105.73999786376952,107.55999755859376,104.83999633789062,107.3499984741211,14331800
1171,1171,1171,1171,1171,1171,1171,1171,1171,1171,1171,1171,1171,1171,2019-08-28,89.39017486572266,106.8000030517578,107.20999908447266,105.04000091552734,105.08000183105467,10585500
1172,1172,1172,1172,1172,1172,1172,1172,1172,1172,1172,1172,1172,1172,2019-08-29,91.41569519042967,109.22000122070312,109.88999938964844,108.0199966430664,108.13999938964844,10002200
1173,1173,1173,1173,1173,1173,1173,1173,1173,1173,1173,1173,1173,1173,2019-08-30,91.95136260986328,109.86000061035156,110.55999755859376,109.47000122070312,109.83999633789062,10170300
1174,1174,1174,1174,1174,1174,1174,1174,1174,1174,1174,1174,1174,1174,2019-09-03,90.8632583618164,108.55999755859376,108.98999786376952,107.31999969482422,108.9800033569336,9868800
1175,1175,1175,1175,1175,1175,1175,1175,1175,1175,1175,1175,1175,1175,2019-09-04,91.95972442626952,109.87000274658205,110.22000122070312,108.55999755859376,109.4499969482422,6929200
1176,1176,1176,1176,1176,1176,1176,1176,1176,1176,1176,1176,1176,1176,2019-09-05,94.05218505859376,112.37000274658205,113.72000122070312,111.1999969482422,111.25,13224700
1177,1177,1177,1177,1177,1177,1177,1177,1177,1177,1177,1177,1177,1177,2019-09-06,94.2530517578125,112.61000061035156,112.9800033569336,111.95999908447266,112.66000366210938,7836600
1178,1178,1178,1178,1178,1178,1178,1178,1178,1178,1178,1178,1178,1178,2019-09-09,96.5882797241211,115.4000015258789,116.05999755859376,113.5999984741211,113.70999908447266,13985100
1179,1179,1179,1179,1179,1179,1179,1179,1179,1179,1179,1179,1179,1179,2019-09-10,97.8186264038086,116.87000274658205,117.2699966430664,115.7300033569336,116.3000030517578,14333100
1180,1180,1180,1180,1180,1180,1180,1180,1180,1180,1180,1180,1180,1180,2019-09-11,98.08647918701172,117.19000244140624,117.1999969482422,115.37999725341795,116.88999938964844,9919200
1181,1181,1181,1181,1181,1181,1181,1181,1181,1181,1181,1181,1181,1181,2019-09-12,98.68907165527344,117.91000366210938,118.47000122070312,115.91999816894533,116.5500030517578,12283500
1182,1182,1182,1182,1182,1182,1182,1182,1182,1182,1182,1182,1182,1182,2019-09-13,100.6309051513672,120.2300033569336,120.4000015258789,118.75,119.0,16257200
1183,1183,1183,1183,1183,1183,1183,1183,1183,1183,1183,1183,1183,1183,2019-09-16,99.73532104492188,119.16000366210938,119.87000274658205,118.37999725341795,118.9000015258789,11993900
1184,1184,1184,1184,1184,1184,1184,1184,1184,1184,1184,1184,1184,1184,2019-09-17,99.24151611328124,118.56999969482422,118.61000061035156,117.23999786376952,118.41999816894533,10735400
1185,1185,1185,1185,1185,1185,1185,1185,1185,1185,1185,1185,1185,1185,2019-09-18,100.2375030517578,119.76000213623048,120.08000183105467,117.75,118.31999969482422,10665600
1186,1186,1186,1186,1186,1186,1186,1186,1186,1186,1186,1186,1186,1186,2019-09-19,99.91946411132812,119.37999725341795,120.33999633789062,119.08999633789062,119.6999969482422,9382600
1187,1187,1187,1187,1187,1187,1187,1187,1187,1187,1187,1187,1187,1187,2019-09-20,99.51770782470705,118.9000015258789,120.33999633789062,118.87000274658205,119.73999786376952,21862800
1188,1188,1188,1188,1188,1188,1188,1188,1188,1188,1188,1188,1188,1188,2019-09-23,99.50094604492188,118.87999725341795,119.12000274658205,117.68000030517578,117.77999877929688,9135100
1189,1189,1189,1189,1189,1189,1189,1189,1189,1189,1189,1189,1189,1189,2019-09-24,98.2036361694336,117.33000183105467,119.26000213623048,117.04000091552734,118.75,11696500
1190,1190,1190,1190,1190,1190,1190,1190,1190,1190,1190,1190,1190,1190,2019-09-25,98.76443481445312,118.0,118.36000061035156,117.12000274658205,117.2699966430664,9389400
1191,1191,1191,1191,1191,1191,1191,1191,1191,1191,1191,1191,1191,1191,2019-09-26,97.95254516601562,117.02999877929688,118.0500030517578,116.9499969482422,117.87999725341795,9899200
1192,1192,1192,1192,1192,1192,1192,1192,1192,1192,1192,1192,1192,1192,2019-09-27,98.53005981445312,117.72000122070312,118.63999938964844,117.27999877929688,117.95999908447266,10207800
1193,1193,1193,1193,1193,1193,1193,1193,1193,1193,1193,1193,1193,1193,2019-09-30,98.50494384765624,117.69000244140624,118.7699966430664,117.22000122070312,118.36000061035156,9755000
1194,1194,1194,1194,1194,1194,1194,1194,1194,1194,1194,1194,1194,1194,2019-10-01,96.71379089355467,115.5500030517578,119.0,115.41000366210938,118.4000015258789,11250300
1195,1195,1195,1195,1195,1195,1195,1195,1195,1195,1195,1195,1195,1195,2019-10-02,94.78873443603516,113.25,114.9000015258789,112.93000030517578,114.80999755859376,12548700
1196,1196,1196,1196,1196,1196,1196,1196,1196,1196,1196,1196,1196,1196,2019-10-03,94.65373229980467,112.19000244140624,112.91000366210938,110.5199966430664,112.2699966430664,12735200
1197,1197,1197,1197,1197,1197,1197,1197,1197,1197,1197,1197,1197,1197,2019-10-04,96.7039031982422,114.62000274658205,114.94000244140624,112.2699966430664,112.33999633789062,9453100
1198,1198,1198,1198,1198,1198,1198,1198,1198,1198,1198,1198,1198,1198,2019-10-07,96.49297332763672,114.37000274658205,115.5,114.06999969482422,114.19000244140624,6771600
1199,1199,1199,1199,1199,1199,1199,1199,1199,1199,1199,1199,1199,1199,2019-10-08,94.34158325195312,111.81999969482422,113.05999755859376,111.66000366210938,113.05999755859376,10806300
1200,1200,1200,1200,1200,1200,1200,1200,1200,1200,1200,1200,1200,1200,2019-10-09,95.02497100830078,112.62999725341795,113.16000366210938,112.06999969482422,112.66999816894533,7273700
1201,1201,1201,1201,1201,1201,1201,1201,1201,1201,1201,1201,1201,1201,2019-10-10,96.3580093383789,114.20999908447266,115.4000015258789,113.0,113.13999938964844,10994100
1202,1202,1202,1202,1202,1202,1202,1202,1202,1202,1202,1202,1202,1202,2019-10-11,97.98631286621094,116.13999938964844,117.98999786376952,115.87000274658205,116.02999877929688,15076500
1203,1203,1203,1203,1203,1203,1203,1203,1203,1203,1203,1203,1203,1203,2019-10-14,98.24787902832033,116.4499969482422,116.87000274658205,115.66000366210938,115.8499984741211,8779000
1204,1204,1204,1204,1204,1204,1204,1204,1204,1204,1204,1204,1204,1204,2019-10-15,101.209228515625,119.95999908447266,121.58999633789062,117.87000274658205,118.8499984741211,23379000
1205,1205,1205,1205,1205,1205,1205,1205,1205,1205,1205,1205,1205,1205,2019-10-16,100.97299194335938,119.68000030517578,120.62000274658205,119.37999725341795,119.95999908447266,11087700
1206,1206,1206,1206,1206,1206,1206,1206,1206,1206,1206,1206,1206,1206,2019-10-17,101.53825378417967,120.3499984741211,121.56999969482422,119.87999725341795,120.75,10818500
1207,1207,1207,1207,1207,1207,1207,1207,1207,1207,1207,1207,1207,1207,2019-10-18,101.7154541015625,120.55999755859376,121.0199966430664,119.86000061035156,120.0,10417400
1208,1208,1208,1208,1208,1208,1208,1208,1208,1208,1208,1208,1208,1208,2019-10-21,104.23809051513672,123.5500030517578,123.7699966430664,121.98999786376952,122.0500030517578,12714600
1209,1209,1209,1209,1209,1209,1209,1209,1209,1209,1209,1209,1209,1209,2019-10-22,105.28427124023438,124.79000091552734,125.0999984741211,123.12000274658205,123.4499969482422,12549100
1210,1210,1210,1210,1210,1210,1210,1210,1210,1210,1210,1210,1210,1210,2019-10-23,105.56266021728516,125.12000274658205,125.1500015258789,124.16999816894533,124.1999969482422,8828300
1211,1211,1211,1211,1211,1211,1211,1211,1211,1211,1211,1211,1211,1211,2019-10-24,105.48674011230467,125.02999877929688,125.66000366210938,124.06999969482422,125.29000091552734,8020500
1212,1212,1212,1212,1212,1212,1212,1212,1212,1212,1212,1212,1212,1212,2019-10-25,106.3304214477539,126.02999877929688,126.6500015258789,124.75,125.0,9055700
1213,1213,1213,1213,1213,1213,1213,1213,1213,1213,1213,1213,1213,1213,2019-10-28,106.73538970947266,126.51000213623048,127.20999908447266,126.4000015258789,126.56999969482422,9522200
1214,1214,1214,1214,1214,1214,1214,1214,1214,1214,1214,1214,1214,1214,2019-10-29,106.66790008544922,126.43000030517578,127.41999816894533,125.94000244140624,126.05999755859376,9797300
1215,1215,1215,1215,1215,1215,1215,1215,1215,1215,1215,1215,1215,1215,2019-10-30,106.07733154296876,125.7300033569336,126.26000213623048,124.91999816894533,126.0500030517578,8513700
1216,1216,1216,1216,1216,1216,1216,1216,1216,1216,1216,1216,1216,1216,2019-10-31,105.39392852783205,124.91999816894533,125.7300033569336,123.86000061035156,125.48999786376952,11589100
1217,1217,1217,1217,1217,1217,1217,1217,1217,1217,1217,1217,1217,1217,2019-11-01,107.82374572753906,127.8000030517578,127.98999786376952,126.0199966430664,126.1999969482422,11682600
1218,1218,1218,1218,1218,1218,1218,1218,1218,1218,1218,1218,1218,1218,2019-11-04,108.68434143066406,128.82000732421875,129.4199981689453,128.55999755859375,129.0800018310547,9159900
1219,1219,1219,1219,1219,1219,1219,1219,1219,1219,1219,1219,1219,1219,2019-11-05,108.92057037353516,129.10000610351562,130.3000030517578,128.83999633789062,129.38999938964844,13747600
1220,1220,1220,1220,1220,1220,1220,1220,1220,1220,1220,1220,1220,1220,2019-11-06,109.0893096923828,129.3000030517578,129.83999633789062,128.5800018310547,128.69000244140625,11231100
1221,1221,1221,1221,1221,1221,1221,1221,1221,1221,1221,1221,1221,1221,2019-11-07,109.67986297607422,130.0,131.2899932861328,129.9199981689453,130.42999267578125,13528900
1222,1222,1222,1222,1222,1222,1222,1222,1222,1222,1222,1222,1222,1222,2019-11-08,110.00048065185548,130.3800048828125,130.39999389648438,129.25,129.8800048828125,9293400
1223,1223,1223,1223,1223,1223,1223,1223,1223,1223,1223,1223,1223,1223,2019-11-11,109.6124038696289,129.9199981689453,130.10000610351562,129.35000610351562,129.60000610351562,8679000
1224,1224,1224,1224,1224,1224,1224,1224,1224,1224,1224,1224,1224,1224,2019-11-12,108.97119903564452,129.16000366210938,130.6199951171875,129.00999450683594,129.6300048828125,9099000
1225,1225,1225,1225,1225,1225,1225,1225,1225,1225,1225,1225,1225,1225,2019-11-13,108.39746856689452,128.47999572753906,128.82000732421875,127.41999816894533,128.1300048828125,8023300
1226,1226,1226,1226,1226,1226,1226,1226,1226,1226,1226,1226,1226,1226,2019-11-14,108.49871826171876,128.60000610351562,128.83999633789062,127.58999633789062,127.72000122070312,8483400
1227,1227,1227,1227,1227,1227,1227,1227,1227,1227,1227,1227,1227,1227,2019-11-15,109.28336334228516,129.52999877929688,129.52999877929688,128.39999389648438,129.22999572753906,10163600
1228,1228,1228,1228,1228,1228,1228,1228,1228,1228,1228,1228,1228,1228,2019-11-18,110.20296478271484,130.6199951171875,130.64999389648438,128.99000549316406,129.55999755859375,8749300
1229,1229,1229,1229,1229,1229,1229,1229,1229,1229,1229,1229,1229,1229,2019-11-19,110.16920471191406,130.5800018310547,131.25,130.17999267578125,130.99000549316406,8824500
1230,1230,1230,1230,1230,1230,1230,1230,1230,1230,1230,1230,1230,1230,2019-11-20,109.36770629882812,129.6300048828125,130.6199951171875,128.94000244140625,130.3000030517578,11782800
1231,1231,1231,1231,1231,1231,1231,1231,1231,1231,1231,1231,1231,1231,2019-11-21,109.62081146240234,129.92999267578125,130.72000122070312,129.38999938964844,130.0,7705500
1232,1232,1232,1232,1232,1232,1232,1232,1232,1232,1232,1232,1232,1232,2019-11-22,110.3463897705078,130.7899932861328,131.22000122070312,130.10000610351562,130.14999389648438,8167900
1233,1233,1233,1233,1233,1233,1233,1233,1233,1233,1233,1233,1233,1233,2019-11-25,110.9369888305664,131.49000549316406,132.07000732421875,130.8699951171875,131.25,10068500
1234,1234,1234,1234,1234,1234,1234,1234,1234,1234,1234,1234,1234,1234,2019-11-26,111.0888442993164,131.6699981689453,131.82000732421875,130.36000061035156,131.82000732421875,10490700
1235,1235,1235,1235,1235,1235,1235,1235,1235,1235,1235,1235,1235,1235,2019-11-27,111.41788482666016,132.05999755859375,132.42999267578125,131.64999389648438,132.2899932861328,6607900
1236,1236,1236,1236,1236,1236,1236,1236,1236,1236,1236,1236,1236,1236,2019-11-29,111.16476440429688,131.75999450683594,132.41000366210938,131.4499969482422,131.8699951171875,5712000
1237,1237,1237,1237,1237,1237,1237,1237,1237,1237,1237,1237,1237,1237,2019-12-02,110.92012786865234,131.47000122070312,132.74000549316406,131.35000610351562,132.30999755859375,8615600
1238,1238,1238,1238,1238,1238,1238,1238,1238,1238,1238,1238,1238,1238,2019-12-03,109.49427032470705,129.77999877929688,129.9600067138672,128.58999633789062,129.77000427246094,10361300
1239,1239,1239,1239,1239,1239,1239,1239,1239,1239,1239,1239,1239,1239,2019-12-04,111.65410614013672,132.33999633789062,132.47000122070312,129.99000549316406,130.3800048828125,10318200
1240,1240,1240,1240,1240,1240,1240,1240,1240,1240,1240,1240,1240,1240,2019-12-05,112.2615737915039,133.05999755859375,133.30999755859375,132.17999267578125,132.67999267578125,9587400
1241,1241,1241,1241,1241,1241,1241,1241,1241,1241,1241,1241,1241,1241,2019-12-06,113.9320831298828,135.0399932861328,135.77999877929688,134.64999389648438,134.69000244140625,10170600
1242,1242,1242,1242,1242,1242,1242,1242,1242,1242,1242,1242,1242,1242,2019-12-09,113.40057373046876,134.41000366210938,135.4600067138672,134.41000366210938,134.6300048828125,8498200
1243,1243,1243,1243,1243,1243,1243,1243,1243,1243,1243,1243,1243,1243,2019-12-10,113.4765167236328,134.5,134.77000427246094,132.8800048828125,133.25,7532900
1244,1244,1244,1244,1244,1244,1244,1244,1244,1244,1244,1244,1244,1244,2019-12-11,113.20650482177734,134.17999267578125,135.02000427246094,134.00999450683594,134.2899932861328,9011900
1245,1245,1245,1245,1245,1245,1245,1245,1245,1245,1245,1245,1245,1245,2019-12-12,116.4463119506836,138.02000427246094,138.47000122070312,134.2100067138672,134.49000549316406,13717400
1246,1246,1246,1246,1246,1246,1246,1246,1246,1246,1246,1246,1246,1246,2019-12-13,115.42542266845705,136.80999755859375,138.8300018310547,136.22000122070312,137.9499969482422,10592100
1247,1247,1247,1247,1247,1247,1247,1247,1247,1247,1247,1247,1247,1247,2019-12-16,115.87256622314452,137.33999633789062,138.83999633789062,137.32000732421875,138.3800048828125,11372000
1248,1248,1248,1248,1248,1248,1248,1248,1248,1248,1248,1248,1248,1248,2019-12-17,116.58124542236328,138.17999267578125,138.6699981689453,137.22999572753906,137.72999572753906,11546800
1249,1249,1249,1249,1249,1249,1249,1249,1249,1249,1249,1249,1249,1249,2019-12-18,116.4631576538086,138.0399932861328,139.02000427246094,137.72000122070312,138.14999389648438,10381500
1250,1250,1250,1250,1250,1250,1250,1250,1250,1250,1250,1250,1250,1250,2019-12-19,115.88103485107422,137.35000610351562,138.22000122070312,137.10000610351562,137.75999450683594,9350400
1251,1251,1251,1251,1251,1251,1251,1251,1251,1251,1251,1251,1251,1251,2019-12-20,115.7881851196289,137.24000549316406,138.8800048828125,136.89999389648438,138.02000427246094,29992600
1252,1252,1252,1252,1252,1252,1252,1252,1252,1252,1252,1252,1252,1252,2019-12-23,115.75444793701172,137.1999969482422,137.91000366210938,136.8800048828125,137.60000610351562,9738400
1253,1253,1253,1253,1253,1253,1253,1253,1253,1253,1253,1253,1253,1253,2019-12-24,116.0750503540039,137.5800018310547,137.6300048828125,137.05999755859375,137.3300018310547,3324300
1254,1254,1254,1254,1254,1254,1254,1254,1254,1254,1254,1254,1254,1254,2019-12-26,117.30686950683594,139.0399932861328,139.10000610351562,137.77999877929688,137.88999938964844,6770900
1255,1255,1255,1255,1255,1255,1255,1255,1255,1255,1255,1255,1255,1255,2019-12-27,117.3912353515625,139.13999938964844,139.77000427246094,138.6699981689453,139.3000030517578,7868200
1256,1256,1256,1256,1256,1256,1256,1256,1256,1256,1256,1256,1256,1256,2019-12-30,116.96095275878906,138.6300048828125,140.0800018310547,138.47000122070312,139.89999389648438,6963000
1257,1257,1257,1257,1257,1257,1257,1257,1257,1257,1257,1257,1257,1257,2019-12-31,117.6105728149414,139.39999389648438,139.47999572753906,138.2899932861328,138.50999450683594,7201600
