date,adjclose,close,high,low,open,volume
2015-01-02,70.67046356201172,93.26000213623048,95.0,93.0500030517578,94.12999725341795,6019700
2015-01-05,69.88995361328125,92.2300033569336,93.68000030517578,92.22000122070312,93.3000030517578,6211900
2015-01-06,70.01879119873047,92.4000015258789,93.80999755859376,91.87999725341795,92.66999816894533,6484100
2015-01-07,71.23880767822266,94.01000213623048,94.0500030517578,92.86000061035156,93.26000213623048,6400300
2015-01-08,71.5040283203125,94.36000061035156,94.9800033569336,94.0500030517578,94.2300033569336,5476700
2015-01-09,70.6325912475586,93.20999908447266,93.97000122070312,92.77999877929688,93.97000122070312,4283300
2015-01-12,70.48102569580078,93.01000213623048,93.80999755859376,92.5999984741211,93.52999877929688,3989600
2015-01-13,70.3446273803711,92.83000183105467,94.44000244140624,92.41999816894533,93.9499969482422,5971200
2015-01-14,69.36709594726562,91.54000091552734,92.0500030517578,91.12000274658205,91.4499969482422,7745500
2015-01-15,69.24583435058594,91.37999725341795,92.3499984741211,90.97000122070312,91.97000122070312,5737500
2015-01-16,69.32921600341797,91.48999786376952,91.69000244140624,90.73999786376952,91.0500030517578,6927000
2015-01-20,68.80633544921875,90.8000030517578,91.87999725341795,90.2300033569336,91.63999938964844,6967300
2015-01-21,68.457763671875,90.33999633789062,90.45999908447266,89.54000091552734,90.16000366210938,8682200
2015-01-22,68.87454223632812,90.88999938964844,90.97000122070312,89.83999633789062,90.62000274658205,7536400
2015-01-23,67.86669158935547,89.55999755859375,91.63999938964844,89.43000030517578,90.91999816894533,11496000
2015-01-26,68.70783233642578,90.66999816894533,90.6999969482422,89.29000091552734,89.38999938964844,7753300
2015-01-27,67.87425231933594,89.56999969482422,90.30999755859376,89.55999755859375,89.95999908447266,6640800
2015-01-28,67.27561950683594,88.77999877929688,89.81999969482422,88.7699966430664,89.73999786376953,6921300
2015-01-29,70.67803955078125,93.2699966430664,93.5,91.26000213623048,91.5,19146900
2015-01-30,70.04908752441406,92.44000244140624,93.3000030517578,92.30999755859376,92.6500015258789,12385400
2015-02-02,70.1021499633789,92.51000213623048,92.66000366210938,91.43000030517578,92.0500030517578,6751400
2015-02-03,71.17061614990234,93.91999816894533,93.9800033569336,92.4499969482422,92.63999938964844,7373000
2015-02-04,71.26913452148438,94.0500030517578,94.43000030517578,93.5,93.5,6464800
2015-02-05,71.48888397216797,94.33999633789062,94.83000183105467,94.0,94.0999984741211,5564100
2015-02-06,71.2236328125,93.98999786376952,94.4800033569336,93.6500015258789,94.1500015258789,4662700
2015-02-09,70.2612533569336,92.72000122070312,93.4499969482422,92.54000091552734,93.3000030517578,8203000
2015-02-10,71.2463607788086,94.0199966430664,94.2300033569336,92.97000122070312,93.33000183105467,4697600
2015-02-11,71.39037322998047,94.20999908447266,94.33000183105467,93.3000030517578,94.16000366210938,5153900
2015-02-12,72.05718994140625,95.08999633789062,95.5999984741211,93.7699966430664,94.0500030517578,7910100
2015-02-13,72.4815444946289,95.6500015258789,95.8499984741211,94.93000030517578,95.4000015258789,6762200
2015-02-17,71.49644470214844,94.3499984741211,95.38999938964844,94.08999633789062,95.12000274658205,5972000
2015-02-18,71.67073059082031,94.58000183105467,94.79000091552734,94.0,94.2300033569336,5617500
2015-02-19,71.37521362304688,94.19000244140624,94.5500030517578,93.73999786376952,94.5,6312200
2015-02-20,71.37521362304688,94.19000244140624,94.48999786376952,93.55999755859376,94.16000366210938,8155000
2015-02-23,71.46614837646484,94.30999755859376,94.41000366210938,93.9499969482422,94.12000274658205,5682000
2015-02-24,71.9738540649414,94.9800033569336,95.33000183105467,93.69000244140624,94.08000183105467,5643600
2015-02-25,74.76245880126953,98.66000366210938,99.30999755859376,94.86000061035156,94.91000366210938,16751600
2015-02-26,76.0619125366211,99.51000213623048,99.87999725341795,97.0,97.43000030517578,16098800
2015-02-27,75.59562683105469,98.9000015258789,99.3000030517578,98.48999786376952,99.16999816894533,7552500
2015-03-02,76.43643951416016,100.0,101.08999633789062,98.30999755859376,98.9000015258789,12363300
2015-03-03,76.23770141601562,99.73999786376952,100.44000244140624,99.5500030517578,99.97000122070312,8149700
2015-03-04,76.62751770019531,100.25,100.4800033569336,99.18000030517578,99.80999755859376,9179400
2015-03-05,75.7561264038086,99.11000061035156,99.91999816894533,98.45999908447266,99.01000213623048,9438800
2015-03-06,74.2426986694336,97.12999725341795,98.98999786376952,96.95999908447266,98.2699966430664,9677900
2015-03-09,74.68603515625,97.70999908447266,98.25,96.80999755859376,96.80999755859376,8460300
2015-03-10,73.60067749023438,96.29000091552734,97.12000274658205,96.0999984741211,96.91000366210938,7838900
2015-03-11,72.58402252197266,94.95999908447266,96.7699966430664,94.94000244140624,96.3000030517578,9391100
2015-03-12,73.57006072998047,96.25,96.44000244140624,95.27999877929688,95.41999816894533,8765100
2015-03-13,73.646484375,96.3499984741211,97.0500030517578,95.75,96.23999786376952,5152800
2015-03-16,74.25801086425781,97.1500015258789,97.47000122070312,96.73999786376952,96.93000030517578,4772200
2015-03-17,73.50890350341797,96.16999816894533,97.1500015258789,95.98999786376952,96.9000015258789,4530700
2015-03-18,74.14334106445312,97.0,97.23999786376952,95.33000183105467,96.01000213623048,5831000
2015-03-19,73.36368560791016,95.9800033569336,97.01000213623048,95.9800033569336,96.86000061035156,3615400
2015-03-20,74.18157958984375,97.0500030517578,97.72000122070312,96.12000274658205,96.31999969482422,10014000
2015-03-23,75.38159942626953,98.62000274658205,99.12000274658205,96.8000030517578,96.8000030517578,9232000
2015-03-24,75.94725799560547,99.36000061035156,99.83999633789062,98.06999969482422,98.45999908447266,7549900
2015-03-25,75.01473236083984,98.13999938964844,99.61000061035156,98.11000061035156,99.02999877929688,6030500
2015-03-26,74.63252258300781,97.63999938964844,97.97000122070312,96.1999969482422,97.5999984741211,10445800
2015-03-27,74.11277770996094,96.95999908447266,97.8499984741211,96.7699966430664,97.36000061035156,4642400
2015-03-30,74.81598663330078,97.87999725341795,98.31999969482422,97.37000274658205,97.43000030517578,4074500
2015-03-31,74.47966766357422,97.44000244140624,98.43000030517578,97.44000244140624,97.81999969482422,5617000
2015-04-01,73.60067749023438,96.29000091552734,97.0199966430664,96.0,96.80999755859376,7484800
2015-04-02,73.24903869628906,95.83000183105467,96.23999786376952,94.70999908447266,95.95999908447266,6614300
2015-04-06,73.59300994873047,96.27999877929688,96.81999969482422,95.4499969482422,95.75,4501300
2015-04-07,73.646484375,96.3499984741211,96.79000091552734,96.0999984741211,96.23999786376952,4443700
2015-04-08,74.02867889404297,96.8499984741211,97.5,95.9800033569336,96.7300033569336,4445200
2015-04-09,73.79939270019531,96.5500030517578,97.43000030517578,96.20999908447266,96.8499984741211,4790000
2015-04-10,74.75483703613281,97.8000030517578,97.9499969482422,96.55999755859376,96.9000015258789,5937800
2015-04-13,74.47966766357422,97.44000244140624,97.75,97.06999969482422,97.41000366210938,5197900
2015-04-14,74.58665466308594,97.58000183105467,97.73999786376952,96.97000122070312,97.16000366210938,4961100
2015-04-15,73.71530151367188,96.44000244140624,97.5500030517578,96.27999877929688,97.0,6604400
2015-04-16,73.09616088867188,95.62999725341795,97.44000244140624,95.51000213623048,96.37000274658205,5071700
2015-04-17,72.52286529541016,94.87999725341795,95.3499984741211,94.45999908447266,95.12999725341795,6933600
2015-04-20,73.51654815673828,96.18000030517578,96.26000213623048,95.0,95.0,4382400
2015-04-21,72.51524353027344,94.87000274658205,96.5500030517578,94.54000091552734,96.19000244140624,5981700
2015-04-22,74.78540802001953,97.83999633789062,99.3499984741211,96.23999786376952,97.0,19254300
2015-04-23,74.14334106445312,97.0,97.5199966430664,96.55999755859376,97.44000244140624,6336500
2015-04-24,75.47334289550781,98.73999786376952,99.08000183105467,96.83999633789062,96.98999786376952,7741300
2015-04-27,73.71530151367188,96.44000244140624,98.94000244140624,96.26000213623048,98.73999786376952,7282700
2015-04-28,74.01338958740234,96.83000183105467,96.88999938964844,95.77999877929688,96.2699966430664,4357400
2015-04-29,74.15863800048828,97.0199966430664,97.66999816894533,96.06999969482422,96.58000183105467,5697200
2015-04-30,73.79939270019531,96.5500030517578,97.37000274658205,96.41000366210938,96.6500015258789,8300300
2015-05-01,74.75483703613281,97.8000030517578,97.97000122070312,96.7300033569336,96.7300033569336,6280300
2015-05-04,73.47834777832031,96.12999725341795,98.62999725341795,96.0500030517578,96.56999969482422,8426300
2015-05-05,73.47834777832031,96.12999725341795,96.47000122070312,95.56999969482422,96.38999938964844,7637000
2015-05-06,73.67707824707031,96.38999938964844,96.66000366210938,95.87999725341795,96.0999984741211,6614500
2015-05-07,73.97517395019531,96.77999877929688,97.33000183105467,96.12000274658205,96.2699966430664,5018900
2015-05-08,75.08349609375,98.2300033569336,99.1500015258789,97.79000091552734,98.19000244140624,7543100
2015-05-11,74.53318786621094,97.51000213623048,98.38999938964844,97.1500015258789,98.06999969482422,4123700
2015-05-12,74.86949920654297,97.9499969482422,98.3499984741211,96.91999816894533,97.38999938964844,4848100
2015-05-13,74.41085815429688,97.3499984741211,98.48999786376952,97.27999877929688,98.06999969482422,6526900
2015-05-14,74.68603515625,97.70999908447266,97.87000274658205,97.27999877929688,97.66000366210938,4744000
2015-05-15,74.93826293945312,98.04000091552734,99.04000091552734,97.54000091552734,97.73999786376952,7607200
2015-05-18,74.92298889160156,98.0199966430664,98.25,97.62000274658205,97.97000122070312,4100800
2015-05-19,76.9561996459961,100.68000030517578,101.08000183105467,97.6500015258789,98.08999633789062,10809200
2015-05-20,76.52051544189453,100.11000061035156,100.9800033569336,99.41999816894533,100.87999725341795,6185100
2015-05-21,75.8860855102539,99.27999877929688,99.95999908447266,99.05999755859376,99.88999938964844,4729500
2015-05-22,75.66441345214844,98.98999786376952,99.4800033569336,98.83999633789062,99.1500015258789,4559500
2015-05-26,75.25927734375,98.45999908447266,99.1999969482422,98.04000091552734,98.8499984741211,7123100
2015-05-27,75.41217041015625,98.66000366210938,99.22000122070312,98.1999969482422,98.97000122070312,8129500
2015-05-28,74.38675689697266,96.4800033569336,98.20999908447266,96.1999969482422,98.0,10204000
2015-05-29,73.96267700195312,95.93000030517578,97.7699966430664,95.83999633789062,97.58999633789062,6439100
2015-06-01,74.186279296875,96.22000122070312,96.91000366210938,95.83999633789062,95.83999633789062,4919200
2015-06-02,74.24027252197266,96.29000091552734,96.97000122070312,95.80999755859376,96.3000030517578,4430300
2015-06-03,74.41756439208984,96.5199966430664,97.06999969482422,95.97000122070312,96.37999725341795,4165700
2015-06-04,74.25566864013672,96.30999755859376,96.97000122070312,96.01000213623048,96.3000030517578,4702800
2015-06-05,73.66199493408203,95.54000091552734,96.08999633789062,95.47000122070312,95.93000030517578,3959300
2015-06-08,73.49238586425781,95.31999969482422,96.04000091552734,95.25,96.0,4594600
2015-06-09,73.0374755859375,94.7300033569336,95.55999755859376,94.48999786376952,95.5199966430664,7770900
2015-06-10,73.47698211669922,95.3000030517578,95.62999725341795,94.80999755859376,95.0199966430664,4828600
2015-06-11,73.70054626464844,95.58999633789062,96.33000183105467,95.5,95.5,4203900
2015-06-12,73.29192352294922,95.05999755859376,95.5500030517578,95.0,95.41999816894533,3702400
2015-06-15,72.70594024658203,94.3000030517578,95.0,94.0199966430664,94.73999786376952,5861800
2015-06-16,72.96038818359375,94.62999725341795,94.66999816894533,94.0999984741211,94.25,3094800
2015-06-17,73.415283203125,95.22000122070312,95.5199966430664,94.54000091552734,94.54000091552734,3941000
2015-06-18,74.14771270751953,96.16999816894533,96.62999725341795,95.27999877929688,95.69000244140624,5101000
2015-06-19,74.07836151123047,96.08000183105467,97.13999938964844,95.9800033569336,96.38999938964844,8279300
2015-06-22,74.68744659423828,96.87000274658205,97.02999877929688,96.13999938964844,96.30999755859376,3893300
2015-06-23,74.92645263671875,97.18000030517578,97.95999908447266,97.12000274658205,97.58999633789062,4541700
2015-06-24,74.5101089477539,96.63999938964844,97.4499969482422,96.63999938964844,96.75,3927100
2015-06-25,73.85472869873047,95.79000091552734,96.91000366210938,95.77999877929688,96.6999969482422,4322300
2015-06-26,75.01126098632812,97.29000091552734,97.3499984741211,95.93000030517578,96.12999725341795,6039500
2015-06-29,73.58490753173828,95.44000244140624,97.2300033569336,95.41999816894533,96.62000274658205,8412800
2015-06-30,73.29961395263672,95.06999969482422,96.3000030517578,94.54000091552734,95.93000030517578,6656000
2015-07-01,73.83161926269531,95.76000213623048,95.81999969482422,94.7300033569336,95.0999984741211,4446200
2015-07-02,74.14771270751953,96.16999816894533,96.5999984741211,95.58000183105467,96.12999725341795,3250900
2015-07-06,73.74681091308594,95.6500015258789,96.27999877929688,95.25,95.88999938964844,3852500
2015-07-07,74.54094696044922,96.68000030517578,96.77999877929688,95.23999786376952,95.93000030517578,4794400
2015-07-08,73.89330291748047,95.83999633789062,96.58999633789062,95.6500015258789,95.6500015258789,4914300
2015-07-09,74.39444732666016,96.48999786376952,97.2699966430664,96.44000244140624,96.63999938964844,5482500
2015-07-10,75.288818359375,97.6500015258789,97.77999877929688,96.9499969482422,97.25,5179200
2015-07-13,75.89020538330078,98.43000030517578,98.51000213623048,97.6999969482422,98.0,4578700
2015-07-14,76.16008758544922,98.77999877929688,99.0500030517578,97.95999908447266,98.12000274658205,5746100
2015-07-15,76.38365173339844,99.06999969482422,99.62999725341795,97.8499984741211,98.1500015258789,7572500
2015-07-16,75.45073699951172,97.86000061035156,99.11000061035156,97.20999908447266,99.11000061035156,7696200
2015-07-17,75.17317199707031,97.5,98.22000122070312,97.0,97.6999969482422,6429800
2015-07-20,75.16548156738281,97.48999786376952,98.20999908447266,97.4000015258789,97.77999877929688,4947000
2015-07-21,75.03438568115234,97.31999969482422,97.72000122070312,96.95999908447266,97.5999984741211,4206700
2015-07-22,75.2348403930664,97.58000183105467,98.25,97.43000030517578,97.70999908447266,5392600
2015-07-23,74.85704803466797,97.08999633789062,99.0,96.1500015258789,98.9000015258789,10380700
2015-07-24,74.09375762939453,96.0999984741211,97.41000366210938,96.08999633789062,97.41000366210938,5554600
2015-07-27,74.04751586914062,96.04000091552734,96.75,95.6999969482422,96.0,5818600
2015-07-28,75.04210662841797,97.33000183105467,97.41999816894533,96.31999969482422,96.4800033569336,4863000
2015-07-29,75.72058868408203,98.20999908447266,98.38999938964844,97.0,97.4800033569336,6006500
2015-07-30,76.46076965332031,99.16999816894533,99.33999633789062,97.58999633789062,97.58999633789062,5372500
2015-07-31,76.99273681640625,99.86000061035156,101.0999984741211,99.3000030517578,99.6500015258789,7647000
2015-08-03,76.65348052978516,99.41999816894533,100.18000030517578,99.0199966430664,100.0,4427300
2015-08-04,76.43762969970703,99.13999938964844,99.5199966430664,98.7699966430664,99.47000122070312,2842100
2015-08-05,76.94648742675781,99.8000030517578,100.13999938964844,99.26000213623048,99.83000183105467,3560600
2015-08-06,76.59953308105469,99.3499984741211,100.18000030517578,99.20999908447266,99.72000122070312,6740200
2015-08-07,76.26799011230469,98.91999816894533,99.41999816894533,98.4499969482422,99.29000091552734,3463700
2015-08-10,76.63035583496094,99.38999938964844,99.9499969482422,98.87000274658205,99.48999786376952,3994500
2015-08-11,76.18319702148438,98.80999755859376,99.16000366210938,98.4000015258789,98.69000244140624,3585000
2015-08-12,75.77455139160156,98.27999877929688,98.43000030517578,97.2300033569336,98.2699966430664,4167100
2015-08-13,76.61495208740234,99.37000274658205,99.81999969482422,97.98999786376952,98.06999969482422,4636400
2015-08-14,76.53782653808594,99.2699966430664,99.55999755859376,98.72000122070312,99.0500030517578,3185600
2015-08-17,77.60955047607422,100.66000366210938,100.91000366210938,98.91999816894533,99.0,5204100
2015-08-18,77.68668365478516,100.76000213623048,101.44000244140624,100.0,100.0,4257300
2015-08-19,77.94880676269531,101.0999984741211,101.87999725341795,100.19000244140624,100.4499969482422,5989000
2015-08-20,76.9156494140625,99.76000213623048,101.0,99.73999786376952,100.7300033569336,6668000
2015-08-21,74.88787841796875,97.12999725341795,99.38999938964844,97.12999725341795,99.37999725341795,10980000
2015-08-24,71.60342407226562,92.87000274658205,95.87999725341795,87.5,91.58000183105467,15074800
2015-08-25,70.32354736328125,91.20999908447266,95.4800033569336,91.02999877929688,95.47000122070312,11468800
2015-08-26,73.3613052368164,95.1500015258789,95.1999969482422,91.47000122070312,92.93000030517578,16439800
2015-08-27,75.04210662841797,97.33000183105467,97.37000274658205,95.56999969482422,95.87999725341795,10187100
2015-08-28,74.86322021484375,96.25,96.66000366210938,95.79000091552734,96.0500030517578,5606000
2015-08-31,73.90648651123047,95.0199966430664,95.87999725341795,94.8499984741211,95.7699966430664,5086600
2015-09-01,72.70091247558594,93.47000122070312,94.27999877929688,92.5999984741211,92.7699966430664,7308400
2015-09-02,74.69986724853516,96.04000091552734,96.12000274658205,94.5500030517578,95.62999725341795,6908100
2015-09-03,74.6765365600586,96.01000213623048,97.43000030517578,95.58000183105467,96.8000030517578,6313900
2015-09-04,73.7742919921875,94.8499984741211,95.58000183105467,94.30999755859376,95.0500030517578,4429100
2015-09-08,75.27546691894531,96.77999877929688,96.87999725341795,95.48999786376952,96.30999755859376,5771100
2015-09-09,74.22541046142578,95.43000030517578,97.38999938964844,95.22000122070312,97.29000091552734,5129400
2015-09-10,74.08541107177734,95.25,95.8499984741211,94.75,94.95999908447266,6210800
2015-09-11,75.76544189453125,97.41000366210938,97.41999816894533,95.26000213623048,95.47000122070312,6656300
2015-09-14,75.42322540283203,96.97000122070312,97.66000366210938,96.62999725341795,97.36000061035156,4557200
2015-09-15,76.37213897705078,98.19000244140624,98.58999633789062,96.73999786376952,97.29000091552734,5142600
2015-09-16,76.76104736328125,98.69000244140624,98.73999786376952,97.52999877929688,98.6500015258789,5198700
2015-09-17,76.09992980957031,97.83999633789062,98.97000122070312,97.38999938964844,98.56999969482422,7955000
2015-09-18,75.48545837402344,97.0500030517578,97.6999969482422,96.25,96.81999969482422,10492700
2015-09-21,76.1465835571289,97.9000015258789,98.16999816894533,97.01000213623048,97.4800033569336,4543500
2015-09-22,75.60211944580078,97.1999969482422,98.08000183105467,96.70999908447266,97.12000274658205,6254500
2015-09-23,75.74212646484375,97.37999725341795,97.8499984741211,97.01000213623048,97.23999786376952,3035300
2015-09-24,75.67211151123047,97.29000091552734,97.43000030517578,96.3000030517578,96.83000183105467,4138800
2015-09-25,75.90544891357422,97.58999633789062,98.6999969482422,97.45999908447266,97.88999938964844,4825800
2015-09-28,74.63764953613281,95.95999908447266,97.73999786376952,95.77999877929688,97.0,6609800
2015-09-29,75.81991577148438,97.4800033569336,97.79000091552734,96.80999755859376,97.45999908447266,6944800
2015-09-30,76.63661193847656,98.52999877929688,98.6999969482422,97.76000213623048,98.20999908447266,5517600
2015-10-01,76.8310546875,98.77999877929688,99.0,97.66999816894533,98.5,4456600
2015-10-02,77.61661529541016,99.79000091552734,99.80999755859376,97.12999725341795,97.33000183105467,4400800
2015-10-05,78.68994903564453,101.16999816894533,101.63999938964844,100.1999969482422,100.2699966430664,6501600
2015-10-06,79.25779724121094,101.9000015258789,102.3000030517578,101.16000366210938,101.26000213623048,7252400
2015-10-07,79.1566390991211,101.7699966430664,101.9000015258789,100.33999633789062,100.75,6497100
2015-10-08,80.07447814941406,102.9499969482422,103.47000122070312,101.7699966430664,101.8499984741211,8218900
2015-10-09,79.92667388916016,102.76000213623048,103.44000244140624,102.2699966430664,103.0,5756600
2015-10-12,80.3000259399414,103.23999786376952,103.30999755859376,102.51000213623048,102.68000030517578,3448200
2015-10-13,80.40889739990234,103.37999725341795,103.51000213623048,102.62999725341795,102.8499984741211,4697300
2015-10-14,79.97332763671875,102.81999969482422,104.93000030517578,102.43000030517578,104.1500015258789,9093000
2015-10-15,80.626708984375,103.66000366210938,105.1999969482422,101.5999984741211,102.56999969482422,10168300
2015-10-16,81.5289535522461,104.81999969482422,105.01000213623048,103.41000366210938,104.72000122070312,7168300
2015-10-19,81.27228546142578,104.48999786376952,105.1500015258789,104.1500015258789,104.23999786376952,7064300
2015-10-20,80.76670837402344,103.83999633789062,104.3499984741211,103.41999816894533,104.0500030517578,4872200
2015-10-21,79.75556945800781,102.54000091552734,104.25,102.08000183105467,103.9800033569336,7979600
2015-10-22,86.23462677001953,110.87000274658205,111.0,108.37999725341795,110.4000015258789,25286600
2015-10-23,87.57244873046875,112.58999633789062,112.87000274658205,111.0999984741211,111.18000030517578,11677300
2015-10-26,87.25357818603516,112.18000030517578,113.95999908447266,111.81999969482422,112.2300033569336,11478600
2015-10-27,86.83353424072266,111.63999938964844,112.3499984741211,110.58999633789062,112.2699966430664,10013300
2015-10-28,87.84468078613281,112.94000244140624,112.9499969482422,111.4000015258789,111.69000244140624,4390300
2015-10-29,87.59577941894531,112.62000274658205,112.9499969482422,111.88999938964844,112.66000366210938,3752600
2015-10-30,87.30799102783203,112.25,113.29000091552734,112.25,112.87999725341795,6409500
2015-11-02,87.19911193847656,112.11000061035156,112.83999633789062,111.2300033569336,112.45999908447266,5663000
2015-11-03,87.17575073242188,112.08000183105467,112.30999755859376,111.2699966430664,111.91999816894533,4584900
2015-11-04,87.42466735839844,112.4000015258789,112.52999877929688,111.30999755859376,112.19000244140624,6797100
2015-11-05,87.77469635009766,112.8499984741211,113.4499969482422,112.1500015258789,112.5999984741211,5059100
2015-11-06,88.13245391845703,113.30999755859376,113.44000244140624,112.16000366210938,112.4000015258789,4615600
2015-11-09,87.83690643310547,112.93000030517578,113.4800033569336,112.4000015258789,113.4499969482422,8423800
2015-11-10,88.0624771118164,113.22000122070312,114.98999786376952,110.75,112.7699966430664,12716500
2015-11-11,88.55247497558594,113.8499984741211,114.43000030517578,113.54000091552734,113.66999816894533,8387800
2015-11-12,87.19911193847656,112.11000061035156,113.73999786376952,112.05999755859376,113.5,5893800
2015-11-13,85.53462982177734,109.97000122070312,112.36000061035156,109.91000366210938,111.8499984741211,8602400
2015-11-16,86.3824462890625,111.05999755859376,111.05999755859376,109.5999984741211,109.8499984741211,6731800
2015-11-17,86.28907012939453,110.94000244140624,111.81999969482422,110.45999908447266,111.04000091552734,6027600
2015-11-18,87.5257797241211,112.52999877929688,112.58999633789062,110.83999633789062,111.3000030517578,5194500
2015-11-19,88.12469482421875,113.3000030517578,113.70999908447266,112.3000030517578,112.52999877929688,5323500
2015-11-20,88.5991439819336,113.91000366210938,114.16999816894533,113.19000244140624,113.36000061035156,6659400
2015-11-23,89.03470611572266,114.47000122070312,114.9000015258789,113.91000366210938,114.01000213623048,4968400
2015-11-24,88.88693237304688,114.27999877929688,114.55999755859376,113.36000061035156,113.9000015258789,6047700
2015-11-25,88.98026275634766,114.4000015258789,114.91999816894533,113.9499969482422,114.2699966430664,7477200
2015-11-27,89.54469299316406,114.2300033569336,114.38999938964844,113.52999877929688,113.70999908447266,2763700
2015-11-30,89.48981475830078,114.16000366210938,114.48999786376952,113.55999755859376,114.37999725341795,7872000
2015-12-01,89.71712493896484,114.4499969482422,114.93000030517578,113.79000091552734,114.5199966430664,5321900
2015-12-02,89.14490509033203,113.72000122070312,114.2699966430664,113.4499969482422,114.0999984741211,5692200
2015-12-03,88.88619995117188,113.38999938964844,114.44000244140624,112.91000366210938,113.61000061035156,6558600
2015-12-04,91.08895111083984,116.1999969482422,116.38999938964844,113.41999816894533,113.75,7778200
2015-12-07,91.26140594482422,116.41999816894533,116.51000213623048,115.75,115.80999755859376,4810700
2015-12-08,91.3476104736328,116.52999877929688,116.86000061035156,115.26000213623048,115.9499969482422,4814200
2015-12-09,91.3868179321289,116.58000183105467,117.3000030517578,115.9000015258789,116.20999908447266,7604700
2015-12-10,91.87286376953124,117.1999969482422,117.51000213623048,116.1999969482422,116.61000061035156,5299900
2015-12-11,90.99488067626952,116.08000183105467,116.61000061035156,115.62000274658205,115.86000061035156,5736400
2015-12-14,91.1360092163086,116.26000213623048,117.06999969482422,114.6500015258789,116.16999816894533,7660700
2015-12-15,91.66120147705078,116.93000030517578,118.23999786376952,116.83999633789062,117.5,6118300
2015-12-16,92.37454986572266,117.83999633789062,118.75,116.48999786376952,117.48999786376952,6306300
2015-12-17,92.10802459716795,117.5,118.9000015258789,117.48999786376952,118.33999633789062,5275900
2015-12-18,91.4495620727539,116.66000366210938,117.27999877929688,115.88999938964844,116.73999786376952,11238900
2015-12-21,92.25694274902344,117.69000244140624,117.73999786376952,116.61000061035156,116.95999908447266,3344600
2015-12-22,92.2804718017578,117.72000122070312,118.04000091552734,116.63999938964844,117.95999908447266,4092000
2015-12-23,93.12711334228516,118.8000030517578,118.8499984741211,117.75,118.0199966430664,3641900
2015-12-24,92.94680786132812,118.56999969482422,118.98999786376952,118.5,118.75,1659300
2015-12-28,93.08788299560548,118.75,118.9000015258789,118.0500030517578,118.0999984741211,2777200
2015-12-29,94.12262725830078,120.06999969482422,120.2300033569336,118.81999969482422,119.0,3213900
2015-12-30,93.6209487915039,119.43000030517578,119.98999786376952,119.2300033569336,119.63999938964844,2400800
2015-12-31,92.60970306396484,118.13999938964844,119.18000030517578,117.94000244140624,118.81999969482422,3723200
2016-01-04,92.17071533203124,117.58000183105467,117.7300033569336,115.87000274658205,117.25,9995000
2016-01-05,93.44066619873048,119.1999969482422,119.2300033569336,117.29000091552734,117.41000366210938,6314000
2016-01-06,92.81354522705078,118.4000015258789,119.2699966430664,117.80999755859376,118.0,6543800
2016-01-07,90.6656494140625,115.66000366210938,117.97000122070312,115.58999633789062,117.44000244140624,7477900
2016-01-08,90.5245590209961,115.4800033569336,117.47000122070312,115.26000213623048,115.75,6103400
2016-01-11,91.47307586669922,116.69000244140624,117.05999755859376,115.58000183105467,115.6500015258789,6392400
2016-01-12,92.06098175048828,117.44000244140624,117.73999786376952,116.16999816894533,117.02999877929688,5639700
2016-01-13,90.24235534667967,115.12000274658205,117.87000274658205,115.08000183105467,117.69000244140624,6986000
2016-01-14,91.41819763183594,116.62000274658205,117.12999725341795,113.0,115.58999633789062,9204500
2016-01-15,90.28938293457033,115.18000030517578,116.4499969482422,114.20999908447266,114.26000213623048,10201900
2016-01-19,92.10802459716795,117.5,117.70999908447266,115.95999908447266,116.62999725341795,9195300
2016-01-20,90.75969696044922,115.77999877929688,118.0,114.37999725341795,116.97000122070312,11905200
2016-01-21,92.37454986572266,117.83999633789062,118.44000244140624,115.79000091552734,116.51000213623048,9839100
2016-01-22,92.81354522705078,118.4000015258789,118.75,117.37000274658205,118.44000244140624,9016600
2016-01-25,93.44066619873048,119.1999969482422,121.9000015258789,118.1999969482422,121.8499984741211,15141500
2016-01-26,94.40483856201172,120.43000030517578,121.3000030517578,119.0,119.5999984741211,8326100
2016-01-27,94.74974822998048,120.87000274658205,121.62000274658205,119.83000183105467,120.87999725341795,7409000
2016-01-28,95.93344116210938,122.37999725341795,122.5999984741211,120.1999969482422,121.0999984741211,7460500
2016-01-29,97.0308837890625,123.77999877929688,124.3499984741211,122.75,122.7699966430664,10549900
2016-02-01,97.68153381347656,124.61000061035156,124.83000183105467,123.0199966430664,123.08000183105467,6189900
2016-02-02,97.1641616821289,123.9499969482422,124.33999633789062,123.0999984741211,124.0500030517578,7653000
2016-02-03,95.22010040283205,121.47000122070312,124.58000183105467,120.83999633789062,124.36000061035156,9327000
2016-02-04,94.58512878417967,120.66000366210938,121.23999786376952,118.72000122070312,121.04000091552734,7595000
2016-02-05,90.46180725097656,115.4000015258789,120.6500015258789,114.95999908447266,120.6500015258789,13261700
2016-02-08,90.97137451171876,116.0500030517578,116.36000061035156,112.70999908447266,114.0500030517578,11311500
2016-02-09,91.7239227294922,117.01000213623048,117.8000030517578,115.3499984741211,115.54000091552734,7525700
2016-02-10,92.1393814086914,117.54000091552734,118.52999877929688,117.26000213623048,118.0199966430664,5726300
2016-02-11,91.5044403076172,116.7300033569336,117.5,115.69000244140624,115.73999786376952,7568600
2016-02-12,92.4450912475586,117.93000030517578,118.33000183105467,116.0999984741211,116.72000122070312,8552800
2016-02-16,93.42498016357422,119.18000030517578,119.18000030517578,117.5999984741211,118.41999816894533,10835800
2016-02-17,93.00167083740234,118.63999938964844,119.4000015258789,116.72000122070312,119.18000030517578,12729000
2016-02-18,91.8493194580078,117.16999816894533,119.45999908447266,116.93000030517578,118.80999755859376,9707100
2016-02-19,91.3476104736328,116.52999877929688,117.3499984741211,115.80999755859376,117.0,10793700
2016-02-22,92.24128723144533,117.66999816894533,118.16000366210938,116.52999877929688,116.52999877929688,6223300
2016-02-23,91.63768005371094,116.9000015258789,118.1500015258789,116.8499984741211,117.3499984741211,5276700
2016-02-24,91.76309967041016,117.05999755859376,117.33000183105467,115.8000030517578,116.31999969482422,5349800
2016-02-25,92.79002380371094,118.37000274658205,118.5,117.16000366210938,117.43000030517578,6034000
2016-02-26,92.4582748413086,117.05999755859376,118.2699966430664,116.16999816894533,117.9800033569336,5193700
2016-02-29,92.56095123291016,117.19000244140624,118.37000274658205,116.70999908447266,116.8000030517578,6467700
2016-03-01,93.8720932006836,118.8499984741211,119.19000244140624,117.7699966430664,117.91000366210938,4731500
2016-03-02,93.57984161376952,118.4800033569336,118.7300033569336,117.66000366210938,118.55999755859376,4267700
2016-03-03,92.16603088378906,116.69000244140624,117.4800033569336,115.31999969482422,117.4800033569336,9132000
2016-03-04,92.55306243896484,117.18000030517578,117.4499969482422,115.9000015258789,116.72000122070312,5857400
2016-03-07,92.52936553955078,117.1500015258789,117.56999969482422,116.12000274658205,117.02999877929688,5640700
2016-03-08,93.532470703125,118.41999816894533,119.08000183105467,116.20999908447266,116.20999908447266,6236200
2016-03-09,94.4960479736328,119.63999938964844,120.1999969482422,118.45999908447266,119.23999786376952,6428200
2016-03-10,94.76461029052734,119.9800033569336,120.86000061035156,118.66000366210938,119.91000366210938,6171200
2016-03-11,96.00464630126952,121.5500030517578,122.01000213623048,120.36000061035156,120.48999786376952,7042300
2016-03-14,97.0709228515625,122.9000015258789,123.48999786376952,121.4499969482422,121.80999755859376,7912100
2016-03-15,97.48954010009766,123.43000030517578,123.76000213623048,122.20999908447266,122.3000030517578,5061400
2016-03-16,97.56063079833984,123.5199966430664,124.05999755859376,122.66999816894533,123.33000183105467,6716700
2016-03-17,97.27627563476562,123.16000366210938,123.8499984741211,123.11000061035156,123.2699966430664,6108700
2016-03-18,98.00291442871094,124.08000183105467,124.12000274658205,122.75,123.43000030517578,14783800
2016-03-21,97.78965759277344,123.80999755859376,124.5,123.0500030517578,123.66000366210938,4050100
2016-03-22,97.79759216308594,123.81999969482422,124.38999938964844,123.55999755859376,123.79000091552734,3494500
2016-03-23,98.08983612060548,124.19000244140624,125.0,123.86000061035156,124.0999984741211,4143600
2016-03-24,97.37896728515624,123.29000091552734,124.0,122.66000366210938,123.69000244140624,5796700
2016-03-28,97.28419494628906,123.16999816894533,124.1999969482422,123.12000274658205,124.0,4784400
2016-03-29,97.916015625,123.97000122070312,124.56999969482422,123.33999633789062,123.43000030517578,7188200
2016-03-30,99.3851318359375,125.83000183105467,126.0999984741211,124.5999984741211,124.9000015258789,4853700
2016-03-31,99.2666473388672,125.68000030517578,126.95999908447266,125.61000061035156,126.1500015258789,7685900
2016-04-01,100.32506561279295,127.0199966430664,127.38999938964844,124.87000274658205,125.19000244140624,5212400
2016-04-04,100.75948333740234,127.56999969482422,127.87000274658205,126.87999725341795,127.0500030517578,4239300
2016-04-05,100.60939025878906,127.37999725341795,127.77999877929688,126.38999938964844,126.83999633789062,6282200
2016-04-06,100.71998596191406,127.5199966430664,127.69000244140624,126.83999633789062,127.47000122070312,5619900
2016-04-07,101.2096710205078,128.13999938964844,128.52000427246094,127.0199966430664,127.37000274658205,4720800
2016-04-08,101.06749725341795,127.95999908447266,128.74000549316406,127.27999877929688,128.27999877929688,3625600
2016-04-11,100.75154876708984,127.55999755859376,128.69000244140625,127.4499969482422,128.35000610351562,6973700
2016-04-12,100.7910614013672,127.61000061035156,128.27999877929688,126.88999938964844,128.0800018310547,5211400
2016-04-13,100.22235870361328,126.88999938964844,127.91999816894533,126.08000183105467,127.70999908447266,4985200
2016-04-14,100.71205139160156,127.51000213623048,128.08999633789062,127.04000091552734,127.13999938964844,4834800
2016-04-15,100.9253387451172,127.77999877929688,128.0399932861328,126.95999908447266,127.08000183105467,3103800
2016-04-18,101.77044677734376,128.85000610351562,128.91000366210938,127.68000030517578,127.77999877929688,4525600
2016-04-19,101.77833557128906,128.86000061035156,129.35000610351562,128.1199951171875,128.91000366210938,4606300
2016-04-20,101.53348541259766,128.5500030517578,129.8000030517578,128.50999450683594,129.30999755859375,5006700
2016-04-21,99.3535614013672,125.79000091552734,128.75,125.5999984741211,128.5500030517578,7947600
2016-04-22,99.12451171875,125.5,128.39999389648438,125.36000061035156,128.1699981689453,9311300
2016-04-25,100.67255401611328,127.45999908447266,127.52999877929688,125.01000213623048,125.06999969482422,6979900
2016-04-26,100.87004089355467,127.70999908447266,128.33999633789062,127.02999877929688,127.41999816894533,4082300
2016-04-27,101.3360595703125,128.3000030517578,128.55999755859375,127.77999877929688,127.94000244140624,4436200
2016-04-28,101.03590393066406,127.91999816894533,128.85000610351562,127.44000244140624,127.86000061035156,3385800
2016-04-29,99.90644073486328,126.48999786376952,127.93000030517578,126.0999984741211,127.93000030517578,6276900
2016-05-02,101.25704956054688,128.1999969482422,128.22000122070312,126.5,126.6500015258789,4830800
2016-05-03,101.4150161743164,128.39999389648438,128.99000549316406,127.37999725341795,127.4000015258789,4048400
2016-05-04,102.14957427978516,129.3300018310547,130.42999267578125,127.56999969482422,127.56999969482422,6613700
2016-05-05,102.11009216308594,129.27999877929688,129.97999572753906,129.0,129.30999755859375,4519700
2016-05-06,103.13688659667967,130.5800018310547,130.5800018310547,128.58999633789062,129.3800048828125,4418400
2016-05-09,103.3343276977539,130.8300018310547,131.5,130.35000610351562,130.64999389648438,5006800
2016-05-10,103.9425048828125,131.60000610351562,131.9600067138672,130.85000610351562,130.85000610351562,4082600
2016-05-11,101.99949645996094,129.13999938964844,131.6199951171875,129.13999938964844,131.24000549316406,6890200
2016-05-12,102.77354431152344,130.1199951171875,130.5399932861328,129.16000366210938,129.74000549316406,4286800
2016-05-13,101.75464630126952,128.8300018310547,130.16000366210938,128.7100067138672,129.74000549316406,6568700
2016-05-16,102.39441680908205,129.63999938964844,129.72999572753906,128.0500030517578,128.50999450683594,4343600
2016-05-17,100.85424041748048,127.69000244140624,129.97000122070312,127.3000030517578,129.60000610351562,5826200
2016-05-18,99.68528747558594,126.20999908447266,127.47000122070312,125.7300033569336,127.0500030517578,7303200
2016-05-19,98.95863342285156,125.29000091552734,125.5999984741211,124.68000030517578,125.4800033569336,6255100
2016-05-20,96.80236053466795,122.55999755859376,125.0,122.13999938964844,124.73999786376952,9735900
2016-05-23,96.99982452392578,122.80999755859376,123.7300033569336,122.47000122070312,122.76000213623048,7081600
2016-05-24,97.9002456665039,123.9499969482422,124.7699966430664,123.01000213623048,123.38999938964844,4494100
2016-05-25,97.35526275634766,123.26000213623048,123.98999786376952,123.02999877929688,123.75,5307400
2016-05-26,97.77388763427734,123.79000091552734,123.9800033569336,123.2300033569336,123.37999725341795,3716300
2016-05-27,97.34735870361328,123.25,124.68000030517578,123.12000274658205,124.2699966430664,3222800
2016-05-31,96.4074478149414,122.05999755859376,123.41000366210938,121.62000274658205,123.3000030517578,7995200
2016-06-01,96.33638763427734,121.97000122070312,122.73999786376952,121.5,122.05999755859376,5057200
2016-06-02,96.4079818725586,121.16999816894533,121.51000213623048,120.5500030517578,120.6999969482422,4740200
2016-06-03,96.55119323730467,121.3499984741211,121.66999816894533,120.33999633789062,121.08999633789062,4643000
2016-06-06,97.068359375,122.0,122.16999816894533,121.20999908447266,121.79000091552734,4901700
2016-06-07,96.98877716064452,121.9000015258789,123.37999725341795,121.9000015258789,122.33999633789062,4562100
2016-06-08,97.1558837890625,122.11000061035156,122.48999786376952,120.88999938964844,121.9800033569336,3925900
2016-06-09,97.69692993164062,122.79000091552734,123.08999633789062,122.06999969482422,122.06999969482422,4583400
2016-06-10,97.35478973388672,122.36000061035156,122.66000366210938,121.61000061035156,121.8000030517578,4347400
2016-06-13,97.8560562133789,122.98999786376952,123.97000122070312,121.8499984741211,121.9499969482422,5436700
2016-06-14,97.47415924072266,122.51000213623048,123.19000244140624,121.93000030517578,122.54000091552734,6351400
2016-06-15,97.26727294921876,122.25,123.31999969482422,122.12999725341795,123.1500015258789,4168100
2016-06-16,97.44229125976562,122.47000122070312,122.62999725341795,120.9499969482422,121.83999633789062,3931800
2016-06-17,97.28318786621094,122.2699966430664,122.70999908447266,121.41999816894533,122.2300033569336,8331400
2016-06-20,98.19818115234376,123.41999816894533,124.08000183105467,123.2699966430664,123.31999969482422,5951000
2016-06-21,97.5696258544922,122.62999725341795,124.0,122.30999755859376,123.91999816894533,4749000
2016-06-22,95.97038269042967,120.62000274658205,121.4499969482422,120.0500030517578,121.30999755859376,6578900
2016-06-23,96.43980407714844,121.20999908447266,121.75,120.63999938964844,121.4800033569336,3832800
2016-06-24,95.0315170288086,119.44000244140624,121.11000061035156,118.29000091552734,118.76000213623048,6985900
2016-06-27,92.53321075439452,116.3000030517578,118.16000366210938,116.08000183105467,118.16000366210938,14150500
2016-06-28,94.28361511230467,118.5,118.63999938964844,116.83000183105467,117.1999969482422,6173000
2016-06-29,95.07130432128906,119.48999786376952,119.95999908447266,119.0,119.16000366210938,5020400
2016-06-30,95.7476043701172,120.33999633789062,120.4499969482422,119.3000030517578,119.68000030517578,4808100
2016-07-01,95.79534912109376,120.4000015258789,120.86000061035156,119.66000366210938,119.72000122070312,3798100
2016-07-05,96.08177185058594,120.76000213623048,120.8000030517578,120.0999984741211,120.12000274658205,5191100
2016-07-06,95.9783172607422,120.62999725341795,120.95999908447266,119.0,119.29000091552734,5102800
2016-07-07,96.20906829833984,120.91999816894533,121.23999786376952,120.41000366210938,120.88999938964844,3621300
2016-07-08,96.51937866210938,121.30999755859376,121.69000244140624,121.08000183105467,121.22000122070312,3809600
2016-07-11,97.068359375,122.0,122.12000274658205,121.45999908447266,121.69000244140624,4266300
2016-07-12,97.26727294921876,122.25,122.58999633789062,121.95999908447266,122.0,3742000
2016-07-13,97.72077178955078,122.81999969482422,123.0199966430664,122.16000366210938,122.36000061035156,3464200
2016-07-14,98.60393524169922,123.93000030517578,124.20999908447266,123.01000213623048,123.6999969482422,6011900
2016-07-15,98.34934997558594,123.61000061035156,124.44000244140624,123.38999938964844,124.41999816894533,3688400
2016-07-18,98.50052642822266,123.8000030517578,124.0,123.38999938964844,124.0,5254700
2016-07-19,100.64876556396484,126.5,126.5999984741211,123.75,124.08000183105467,6277700
2016-07-20,100.2986831665039,126.05999755859376,126.87000274658205,125.55999755859376,126.83999633789062,3353300
2016-07-21,101.1897964477539,127.18000030517578,127.2300033569336,125.93000030517578,126.41999816894533,3572100
2016-07-22,102.04908752441406,128.25999450683594,128.60000610351562,127.29000091552734,127.29000091552734,4304200
2016-07-25,101.36485290527344,127.4000015258789,127.9499969482422,126.86000061035156,127.9499969482422,6210100
2016-07-26,96.8376235961914,121.70999908447266,124.3499984741211,120.97000122070312,123.5,14563700
2016-07-27,95.06331634521484,119.4800033569336,121.79000091552734,119.23999786376952,121.69000244140624,9939200
2016-07-28,95.01560974121094,119.41999816894533,120.18000030517578,118.36000061035156,119.58999633789062,6239400
2016-07-29,93.6073226928711,117.6500015258789,119.66000366210938,117.43000030517578,119.13999938964844,7460900
2016-08-01,93.89376068115234,118.01000213623048,118.38999938964844,117.73999786376952,117.87999725341795,4208800
2016-08-02,93.6471176147461,117.6999969482422,118.70999908447266,117.11000061035156,118.18000030517578,4504200
2016-08-03,93.5038833618164,117.5199966430664,118.0199966430664,117.13999938964844,117.7699966430664,4120000
2016-08-04,94.12450408935548,118.3000030517578,118.5500030517578,117.58000183105467,117.8499984741211,4313200
2016-08-05,94.84852600097656,119.20999908447266,119.4499969482422,118.5999984741211,118.77999877929688,3883800
2016-08-08,94.1165542602539,118.29000091552734,119.37000274658205,118.1999969482422,119.16999816894533,3589300
2016-08-09,94.13245391845705,118.30999755859376,119.12999725341795,117.5999984741211,117.9800033569336,3491700
2016-08-10,94.52230834960938,118.8000030517578,118.94000244140624,117.6500015258789,118.0,2941700
2016-08-11,94.98380279541016,119.37999725341795,119.75,118.8499984741211,118.87000274658205,3490200
2016-08-12,95.09516143798828,119.5199966430664,120.0199966430664,119.27999877929688,119.56999969482422,3015700
2016-08-15,94.29953002929688,118.5199966430664,119.25,118.5199966430664,119.0199966430664,3391600
2016-08-16,93.8380355834961,117.94000244140624,118.52999877929688,117.91999816894533,118.30999755859376,3333900
2016-08-17,93.1697235107422,117.0999984741211,117.9800033569336,116.5199966430664,117.9800033569336,5184900
2016-08-18,93.19359588623048,117.12999725341795,117.37000274658205,116.8000030517578,117.23999786376952,3710500
2016-08-19,91.50682830810548,115.01000213623048,116.8000030517578,115.0,116.8000030517578,7065700
2016-08-22,91.83304595947266,115.41999816894533,115.7300033569336,114.6500015258789,115.0,4484700
2016-08-23,91.6500244140625,115.19000244140624,116.12000274658205,115.0500030517578,115.91000366210938,4305400
2016-08-24,91.39545440673828,114.87000274658205,115.4000015258789,114.7300033569336,115.1500015258789,4135400
2016-08-25,91.84098052978516,115.43000030517578,115.77999877929688,114.87999725341795,115.0999984741211,6694100
2016-08-26,91.05330657958984,114.44000244140624,115.72000122070312,113.95999908447266,115.62999725341795,5294500
2016-08-29,91.82508087158205,115.41000366210938,115.6500015258789,114.5,114.5999984741211,4983000
2016-08-30,92.49861907958984,115.36000061035156,115.87000274658205,114.5999984741211,115.41000366210938,5085300
2016-08-31,92.73917388916016,115.66000366210938,116.0,115.1999969482422,115.51000213623048,5394700
2016-09-01,92.53067779541016,115.4000015258789,115.80999755859376,114.86000061035156,115.51000213623048,3966600
2016-09-02,92.8754653930664,115.83000183105467,116.11000061035156,115.6999969482422,115.93000030517578,3410100
2016-09-06,94.01406860351562,117.25,119.23999786376952,116.91000366210938,117.08999633789062,6337900
2016-09-07,93.74943542480467,116.91999816894533,117.48999786376952,116.44000244140624,117.2699966430664,2647700
2016-09-08,93.14808654785156,116.16999816894533,117.11000061035156,116.04000091552734,116.81999969482422,3085600
2016-09-09,91.87319946289062,114.58000183105467,115.76000213623048,114.58000183105467,115.5999984741211,4961100
2016-09-12,92.9717025756836,115.9499969482422,116.18000030517578,114.12999725341795,114.47000122070312,5014000
2016-09-13,91.99346923828124,114.7300033569336,115.61000061035156,114.4800033569336,115.61000061035156,4162200
2016-09-14,92.35430145263672,115.18000030517578,115.66000366210938,114.81999969482422,115.0,4530700
2016-09-15,93.12405395507812,116.13999938964844,116.23999786376952,114.7699966430664,114.87999725341795,3671200
2016-09-16,92.43447875976562,115.27999877929688,116.26000213623048,114.83000183105467,115.68000030517578,9500500
2016-09-19,92.37835693359376,115.20999908447266,116.41000366210938,114.95999908447266,115.83000183105467,3741500
2016-09-20,93.37261199951172,116.4499969482422,116.62999725341795,115.5,115.72000122070312,3841800
2016-09-21,93.75749969482422,116.93000030517578,117.0500030517578,115.95999908447266,116.48999786376952,4528900
2016-09-22,94.102294921875,117.36000061035156,117.9499969482422,117.27999877929688,117.45999908447266,3808800
2016-09-23,93.94992065429688,117.16999816894533,117.5199966430664,116.3499984741211,116.48999786376952,2776000
2016-09-26,93.43675994873048,116.52999877929688,116.94000244140624,116.27999877929688,116.8000030517578,3022400
2016-09-27,93.7174072265625,116.87999725341795,117.1999969482422,116.37000274658205,116.9499969482422,3745400
2016-09-28,92.35430145263672,115.18000030517578,116.52999877929688,114.45999908447266,116.37999725341795,5638900
2016-09-29,92.04158020019533,114.79000091552734,115.97000122070312,114.7300033569336,115.1999969482422,4924400
2016-09-30,92.49861907958984,115.36000061035156,115.70999908447266,114.69000244140624,114.69000244140624,4188700
2016-10-03,91.92129516601562,114.63999938964844,115.1500015258789,114.41000366210938,115.01000213623048,3085800
2016-10-04,91.00720977783205,113.5,115.51000213623048,113.41999816894533,114.98999786376952,4742900
2016-10-05,90.93505859375,113.41000366210938,114.83000183105467,113.37999725341795,113.91000366210938,3720300
2016-10-06,91.3439712524414,113.91999816894533,114.22000122070312,112.4000015258789,113.25,3900000
2016-10-07,90.96711730957033,113.4499969482422,114.33999633789062,113.22000122070312,113.97000122070312,4153100
2016-10-10,91.9774169921875,114.70999908447266,114.98999786376952,114.16000366210938,114.20999908447266,3290300
2016-10-11,91.15153503417967,113.68000030517578,115.2300033569336,113.55999755859376,114.6500015258789,3943300
2016-10-12,91.9774169921875,114.70999908447266,115.2300033569336,113.54000091552734,113.5999984741211,3340200
2016-10-13,92.53870391845705,115.41000366210938,115.73999786376952,114.06999969482422,114.13999938964844,4464700
2016-10-14,91.48029327392578,114.08999633789062,115.11000061035156,114.06999969482422,114.9000015258789,5312500
2016-10-17,90.13323974609376,112.41000366210938,114.4000015258789,112.0999984741211,113.91000366210938,5655700
2016-10-18,89.20311737060547,111.25,113.08999633789062,111.2300033569336,112.88999938964844,6198400
2016-10-19,89.21113586425781,111.26000213623048,111.7699966430664,111.12000274658205,111.70999908447266,6433400
2016-10-20,88.65786743164062,110.56999969482422,111.3000030517578,110.33000183105467,111.3000030517578,7250700
2016-10-21,91.35197448730467,113.93000030517578,114.5,112.75,113.2699966430664,10108000
2016-10-24,91.0633316040039,113.56999969482422,114.5,112.63999938964844,114.25,6173500
2016-10-25,90.38179779052734,112.72000122070312,113.54000091552734,112.66999816894533,113.5,4879000
2016-10-26,89.8927001953125,112.11000061035156,112.6999969482422,111.4000015258789,112.2699966430664,3763100
2016-10-27,89.86862182617188,112.08000183105467,112.48999786376952,111.77999877929688,112.16999816894533,2960700
2016-10-28,89.88465881347656,112.0999984741211,112.3499984741211,111.52999877929688,112.26000213623048,3304700
2016-10-31,90.2615203857422,112.56999969482422,112.7300033569336,111.79000091552734,112.45999908447266,4181600
2016-11-01,90.00493621826172,112.25,112.7699966430664,111.9499969482422,112.6500015258789,3935600
2016-11-02,90.1171875,112.38999938964844,112.7699966430664,111.81999969482422,112.0999984741211,3512500
2016-11-03,89.5799789428711,111.72000122070312,112.8499984741211,111.5199966430664,112.73999786376952,3890700
2016-11-04,89.03472137451172,111.04000091552734,112.0,110.83000183105467,111.98999786376952,3457400
2016-11-07,90.46198272705078,112.81999969482422,113.27999877929688,111.87999725341795,112.0,3842400
2016-11-08,91.49635314941406,114.11000061035156,114.25,113.0,113.01000213623048,3300200
2016-11-09,92.19390869140624,114.9800033569336,115.41999816894533,111.8000030517578,112.08999633789062,5099500
2016-11-10,91.81705474853516,114.51000213623048,115.04000091552734,113.77999877929688,115.02999877929688,4437700
2016-11-11,91.58453369140624,114.22000122070312,114.95999908447266,114.16999816894533,114.66999816894533,4331200
2016-11-14,94.5031967163086,117.86000061035156,118.75,114.72000122070312,114.98999786376952,7093200
2016-11-15,94.87203216552734,118.31999969482422,118.4800033569336,117.0199966430664,117.58000183105467,4447900
2016-11-16,95.5856475830078,119.20999908447266,119.5999984741211,118.47000122070312,118.86000061035156,5371100
2016-11-17,95.778076171875,119.4499969482422,119.5,118.27999877929688,118.88999938964844,2836600
2016-11-18,96.21908569335938,120.0,120.23999786376952,118.91000366210938,119.26000213623048,3655400
2016-11-21,95.81815338134766,119.5,120.5,118.95999908447266,119.8000030517578,3603300
2016-11-22,95.97054290771484,119.69000244140624,120.29000091552734,118.87999725341795,119.5,3699100
2016-11-23,96.33133697509766,120.13999938964844,120.76000213623048,119.7300033569336,119.7300033569336,2860200
2016-11-25,96.74827575683594,120.66000366210938,120.98999786376952,119.91999816894533,120.08000183105467,1709100
2016-11-28,97.67841339111328,121.81999969482422,121.87000274658205,120.2300033569336,120.37999725341795,5931700
2016-11-29,97.5167999267578,120.68000030517578,120.79000091552734,119.0199966430664,120.37999725341795,6370900
2016-11-30,96.37742614746094,119.2699966430664,120.48999786376952,119.2699966430664,120.22000122070312,5696100
2016-12-01,95.73099517822266,118.47000122070312,118.95999908447266,117.87000274658205,118.95999908447266,4445000
2016-12-02,95.54512786865234,118.23999786376952,118.5,117.70999908447266,118.0,3348700
2016-12-05,96.39361572265624,119.29000091552734,120.33999633789062,119.02999877929688,119.4499969482422,5191900
2016-12-06,96.3612823486328,119.25,119.6500015258789,118.5999984741211,119.29000091552734,3368000
2016-12-07,96.90266418457033,119.91999816894533,120.12999725341795,118.47000122070312,119.41000366210938,4059900
2016-12-08,97.33094024658205,120.4499969482422,121.1500015258789,119.5,120.0500030517578,3255100
2016-12-09,97.98544311523438,121.26000213623048,121.2699966430664,120.20999908447266,120.56999969482422,2623700
2016-12-12,98.37334442138672,121.73999786376952,122.25,121.26000213623048,121.56999969482422,4172000
2016-12-13,99.1329345703125,122.68000030517578,122.91999816894533,121.76000213623048,121.77999877929688,4308000
2016-12-14,99.26221466064452,122.83999633789062,123.4000015258789,122.38999938964844,122.87000274658205,4967400
2016-12-15,98.87433624267578,122.36000061035156,123.36000061035156,121.7699966430664,122.97000122070312,4402800
2016-12-16,99.58544158935548,123.23999786376952,123.83999633789062,122.54000091552734,122.88999938964844,10793800
2016-12-19,99.38343048095705,122.98999786376952,123.66000366210938,122.7699966430664,123.2300033569336,3545500
2016-12-20,99.65817260742188,123.33000183105467,123.9000015258789,122.70999908447266,123.18000030517578,2768800
2016-12-21,99.53694915771484,123.18000030517578,123.76000213623048,123.0999984741211,123.1500015258789,2762800
2016-12-22,99.97332763671876,123.72000122070312,124.0,123.08999633789062,123.12000274658205,3037100
2016-12-23,99.5046157836914,123.13999938964844,123.83000183105467,123.06999969482422,123.37000274658205,2164100
2016-12-27,99.44805145263672,123.06999969482422,123.6500015258789,122.97000122070312,123.3000030517578,1919300
2016-12-28,99.1329345703125,122.68000030517578,123.3499984741211,122.61000061035156,122.93000030517578,1980200
2016-12-29,99.22180938720705,122.79000091552734,123.36000061035156,122.76000213623048,122.76000213623048,1943300
2016-12-30,98.35718536376952,121.72000122070312,123.16000366210938,121.44000244140624,122.79000091552734,3574600
2017-01-03,96.66027069091795,119.62000274658205,122.0,118.95999908447266,121.86000061035156,5123800
2017-01-04,96.547119140625,119.4800033569336,119.73999786376952,118.18000030517578,119.0,3780800
2017-01-05,96.7248764038086,119.6999969482422,120.1999969482422,119.0999984741211,119.33999633789062,4261100
2017-01-06,97.5814437866211,120.76000213623048,121.5,118.5199966430664,118.93000030517578,4089200
2017-01-09,97.31478881835938,120.43000030517578,121.05999755859376,120.33000183105467,120.76000213623048,3021800
2017-01-10,97.16934967041016,120.25,120.8499984741211,119.7300033569336,120.45999908447266,3108400
2017-01-11,97.67842864990234,120.87999725341795,121.5,120.62000274658205,120.93000030517578,3565200
2017-01-12,98.66425323486328,122.0999984741211,122.30999755859376,120.1999969482422,120.3000030517578,3480700
2017-01-13,98.1793975830078,121.5,122.23999786376952,121.0999984741211,122.23999786376952,2877400
2017-01-17,99.18948364257812,122.75,122.8000030517578,120.6999969482422,120.75,4077600
2017-01-18,99.15715026855467,122.70999908447266,123.0,121.8000030517578,122.80999755859376,3395000
2017-01-19,98.7288818359375,122.18000030517578,123.0,122.04000091552734,122.23999786376952,3155200
2017-01-20,98.79354095458984,122.26000213623048,122.9499969482422,122.0199966430664,122.26000213623048,4887100
2017-01-23,98.08246612548828,121.37999725341795,122.08000183105467,119.81999969482422,121.69000244140624,7022600
2017-01-24,97.81578063964844,121.0500030517578,122.05999755859376,120.5199966430664,121.97000122070312,3495200
2017-01-25,98.41374969482422,121.79000091552734,121.91999816894533,120.9499969482422,121.48999786376952,3968300
2017-01-26,98.48648834228516,121.87999725341795,122.37999725341795,121.76000213623048,121.86000061035156,2497300
2017-01-27,99.27838897705078,122.86000061035156,122.98999786376952,121.4800033569336,122.2699966430664,3592700
2017-01-30,99.40764617919922,123.0199966430664,123.20999908447266,122.3000030517578,122.80999755859376,3778000
2017-01-31,99.04402923583984,122.56999969482422,123.33999633789062,122.0999984741211,123.0199966430664,3733300
2017-02-01,98.92281341552734,122.41999816894533,122.5,121.6999969482422,121.9000015258789,3233400
2017-02-02,99.56927490234376,123.22000122070312,123.9800033569336,122.26000213623048,122.54000091552734,3236600
2017-02-03,100.39349365234376,124.23999786376952,124.51000213623048,123.27999877929688,123.30999755859376,3183000
2017-02-06,100.5632095336914,124.4499969482422,124.9000015258789,123.9499969482422,124.08999633789062,2760300
2017-02-07,100.6763153076172,124.58999633789062,125.41999816894533,124.58999633789062,124.9499969482422,2847200
2017-02-08,100.740966796875,124.66999816894533,125.36000061035156,124.48999786376952,124.58000183105467,2835200
2017-02-09,100.58744049072266,124.4800033569336,125.0,124.36000061035156,124.66999816894533,2493600
2017-02-10,101.67024993896484,125.81999969482422,126.11000061035156,124.5199966430664,124.68000030517578,3681400
2017-02-13,101.44397735595705,125.54000091552734,126.68000030517578,125.48999786376952,126.0199966430664,2993800
2017-02-14,101.66213989257812,125.80999755859376,126.06999969482422,125.2699966430664,125.5,2663100
2017-02-15,102.20355224609376,126.4800033569336,126.79000091552734,125.4499969482422,125.66000366210938,2974900
2017-02-16,102.3813247680664,126.6999969482422,127.81999969482422,126.30999755859376,126.75,3006000
2017-02-17,103.27019500732422,127.8000030517578,127.87999725341795,126.68000030517578,126.77999877929688,3677400
2017-02-21,103.46412658691406,128.0399932861328,128.32000732421875,127.16000366210938,127.16000366210938,4495200
2017-02-22,103.31060028076172,127.8499984741211,128.11000061035156,126.4000015258789,127.5199966430664,3670700
2017-02-23,103.64996337890624,128.27000427246094,128.89999389648438,127.44000244140624,127.93000030517578,3178000
2017-02-24,103.95704650878906,128.64999389648438,128.74000549316406,127.75,128.36000061035156,3537200
2017-02-27,103.3709716796875,126.98999786376952,127.75,126.77999877929688,127.68000030517578,5184000
2017-02-28,103.90819549560548,127.6500015258789,127.93000030517578,126.58000183105467,127.08000183105467,4619300
2017-03-01,105.0478057861328,129.0500030517578,130.0,127.62000274658205,128.02000427246094,5471600
2017-03-02,104.3803253173828,128.22999572753906,129.80999755859375,128.14999389648438,129.0500030517578,6738100
2017-03-03,104.1117172241211,127.9000015258789,128.66000366210938,127.44000244140624,128.22999572753906,4067700
2017-03-06,104.21752166748048,128.02999877929688,128.33999633789062,127.4000015258789,127.9000015258789,3271500
2017-03-07,104.25009155273438,128.07000732421875,128.30999755859375,127.33999633789062,128.05999755859375,3332400
2017-03-08,104.26637268066406,128.08999633789062,128.36000061035156,127.47000122070312,128.07000732421875,3571700
2017-03-09,104.30705261230467,128.13999938964844,128.72000122070312,127.69000244140624,127.9499969482422,3265700
2017-03-10,104.17683410644533,127.9800033569336,128.58999633789062,127.72000122070312,128.55999755859375,3178900
2017-03-13,103.87565612792967,127.61000061035156,128.27000427246094,127.3499984741211,128.00999450683594,3130800
2017-03-14,104.03031158447266,127.8000030517578,128.22999572753906,127.5,127.6500015258789,2492700
2017-03-15,104.0954132080078,127.87999725341795,128.3000030517578,127.47000122070312,128.2100067138672,3529300
2017-03-16,104.17683410644533,127.9800033569336,128.89999389648438,127.93000030517578,128.3000030517578,3945700
2017-03-17,104.71407318115234,128.63999938964844,129.97999572753906,128.4199981689453,128.57000732421875,12532700
2017-03-20,104.82803344726562,128.77999877929688,129.47999572753906,128.47000122070312,128.99000549316406,3415500
2017-03-21,104.61638641357422,128.52000427246094,129.75,128.17999267578125,129.22000122070312,4062400
2017-03-22,105.08849334716795,129.10000610351562,129.14999389648438,128.41000366210938,128.5800018310547,3174200
2017-03-23,105.007080078125,129.0,129.58999633789062,128.80999755859375,129.13999938964844,2774500
2017-03-24,105.28388214111328,129.33999633789062,129.67999267578125,129.16000366210938,129.3800048828125,3568200
2017-03-27,105.4059829711914,129.49000549316406,129.82000732421875,129.02000427246094,129.0800018310547,2540400
2017-03-28,105.37342071533205,129.4499969482422,129.77000427246094,128.94000244140625,129.4600067138672,3487400
2017-03-29,104.8768539428711,128.83999633789062,129.6699981689453,128.6300048828125,129.0,3197800
2017-03-30,105.26759338378906,129.32000732421875,129.52999877929688,128.60000610351562,128.75,2018000
2017-03-31,105.50365447998048,129.61000061035156,130.19000244140625,129.3000030517578,129.38999938964844,3041700
2017-04-03,105.50365447998048,129.61000061035156,129.7100067138672,128.86000061035156,129.5,3287100
2017-04-04,105.24317169189452,129.2899932861328,129.52999877929688,128.64999389648438,129.13999938964844,3414000
2017-04-05,106.15487670898438,130.41000366210938,131.5800018310547,129.64999389648438,129.88999938964844,4052200
2017-04-06,105.94322967529295,130.14999389648438,130.66000366210938,129.9600067138672,130.30999755859375,3856900
2017-04-07,105.78858947753906,129.9600067138672,130.39999389648438,129.6199951171875,130.02000427246094,2176600
2017-04-10,105.80484008789062,129.97999572753906,130.64999389648438,129.52000427246094,129.9499969482422,2709300
2017-04-11,106.79793548583984,131.1999969482422,131.24000549316406,129.8000030517578,130.6199951171875,3677600
2017-04-12,106.84674072265624,131.25999450683594,131.55999755859375,130.8699951171875,131.30999755859375,3195500
2017-04-13,106.43978118896484,130.75999450683594,131.13999938964844,130.57000732421875,131.0,2429200
2017-04-17,106.92005157470705,131.35000610351562,131.8699951171875,130.91000366210938,131.25,3236400
2017-04-18,107.69335174560548,132.3000030517578,132.8000030517578,131.8000030517578,132.00999450683594,3617400
2017-04-19,107.9700927734375,132.63999938964844,133.0,132.33999633789062,132.63999938964844,3132800
2017-04-20,108.48294067382812,133.27000427246094,133.44000244140625,132.63999938964844,132.64999389648438,2697300
2017-04-21,108.5969009399414,133.41000366210938,133.8800048828125,133.14999389648438,133.5500030517578,3466100
2017-04-24,109.2643814086914,134.22999572753906,134.75999450683594,133.25999450683594,134.24000549316406,5041000
2017-04-25,115.34504699707033,141.6999969482422,141.99000549316406,137.17999267578125,138.13999938964844,10893800
2017-04-26,114.64498138427734,140.83999633789062,142.0,140.33999633789062,141.6999969482422,7132200
2017-04-27,114.66940307617188,140.8699951171875,142.7899932861328,140.85000610351562,141.8800048828125,5183700
2017-04-28,113.90421295166016,139.92999267578125,140.75999450683594,139.77999877929688,140.38999938964844,4779900
2017-05-01,114.89728546142578,141.14999389648438,141.4499969482422,139.83999633789062,139.86000061035156,3747200
2017-05-02,114.96241760253906,141.22999572753906,141.80999755859375,140.72000122070312,140.97999572753906,3774100
2017-05-03,116.0938949584961,142.6199951171875,142.6999969482422,141.39999389648438,142.1999969482422,4278400
2017-05-04,116.76953887939452,143.4499969482422,143.6699981689453,142.25999450683594,142.6199951171875,4178800
2017-05-05,117.18468475341795,143.9600067138672,143.97999572753906,142.5800018310547,143.4199981689453,2452700
2017-05-08,117.41265869140624,144.24000549316406,144.5,143.66000366210938,143.92999267578125,2813000
2017-05-09,117.5102767944336,144.36000061035156,144.97999572753906,144.0,144.08999633789062,3053800
2017-05-10,117.6405258178711,144.52000427246094,144.63999938964844,143.72999572753906,143.86000061035156,2273300
2017-05-11,117.38815307617188,144.2100067138672,144.41000366210938,143.39999389648438,144.0800018310547,1941900
2017-05-12,118.32428741455078,145.36000061035156,145.5,144.4600067138672,144.5,2747900
2017-05-15,119.0731430053711,146.27999877929688,146.39999389648438,145.42999267578125,145.42999267578125,3332800
2017-05-16,119.89531707763672,147.2899932861328,147.6699981689453,146.27999877929688,146.5500030517578,3540900
2017-05-17,119.17897033691406,146.41000366210938,147.4600067138672,146.24000549316406,147.2899932861328,3875600
2017-05-18,119.66744232177734,147.00999450683594,147.24000549316406,145.80999755859375,146.41000366210938,2730900
2017-05-19,120.59536743164062,148.14999389648438,148.8300018310547,146.83999633789062,147.25,4071200
2017-05-22,120.6279525756836,148.19000244140625,148.8800048828125,147.92999267578125,148.3000030517578,3294500
2017-05-23,120.32673645019533,147.82000732421875,148.52999877929688,147.64999389648438,148.22000122070312,3262300
2017-05-24,121.69430541992188,149.5,149.99000549316406,147.0,147.94000244140625,3348900
2017-05-25,121.92218017578124,149.77999877929688,149.9499969482422,149.27000427246094,149.80999755859375,3408100
2017-05-26,121.98735809326172,149.86000061035156,150.24000549316406,149.25,149.8699951171875,3258200
2017-05-30,122.0443344116211,149.92999267578125,150.3300018310547,149.52000427246094,149.9499969482422,3113900
2017-05-31,122.82574462890624,150.88999938964844,151.14999389648438,149.60000610351562,150.1199951171875,6415700
2017-06-01,124.8244171142578,152.38999938964844,152.38999938964844,150.35000610351562,150.7899932861328,4349800
2017-06-02,125.9302215576172,153.74000549316406,153.89999389648438,152.14999389648438,152.52000427246094,4316700
2017-06-05,125.15204620361328,152.7899932861328,153.66000366210938,152.75999450683594,153.6300048828125,2633700
2017-06-06,123.8741683959961,151.22999572753906,152.58999633789062,151.2100067138672,152.3699951171875,3661900
2017-06-07,124.45579528808594,151.94000244140625,152.00999450683594,150.72999572753906,151.22999572753906,2922900
2017-06-08,124.03805541992188,151.42999267578125,152.14999389648438,151.00999450683594,151.94000244140625,3709900
2017-06-09,124.07901763916016,151.47999572753906,152.0,150.89999389648438,151.8800048828125,4143100
2017-06-12,121.61346435546876,148.47000122070312,151.47999572753906,148.0399932861328,151.47999572753906,5902600
2017-06-13,122.7192611694336,149.82000732421875,150.25,148.6199951171875,148.86000061035156,4267700
2017-06-14,123.42372131347656,150.67999267578125,151.0800018310547,149.91000366210938,150.32000732421875,2675500
2017-06-15,123.82508850097656,151.1699981689453,151.52000427246094,149.64999389648438,149.89999389648438,2517500
2017-06-16,124.49676513671876,151.99000549316406,152.88999938964844,150.9199981689453,150.97999572753906,5443900
2017-06-19,125.43872833251952,153.13999938964844,153.17999267578125,151.83999633789062,152.38999938964844,3263800
2017-06-20,126.20049285888672,154.07000732421875,155.27999877929688,153.83999633789062,154.27000427246094,3614400
2017-06-21,125.9219741821289,153.72999572753906,154.4199981689453,153.61000061035156,154.17999267578125,2448500
2017-06-22,126.7984390258789,154.8000030517578,154.91000366210938,153.67999267578125,153.77999877929688,2003800
2017-06-23,126.66735076904295,154.63999938964844,155.4499969482422,154.42999267578125,155.0,2214700
2017-06-26,126.11038208007812,153.9600067138672,155.4600067138672,153.52000427246094,155.17999267578125,2360900
2017-06-27,125.91381072998048,153.72000122070312,154.82000732421875,153.4600067138672,154.0,2139000
2017-06-28,126.38890075683594,154.3000030517578,154.67999267578125,153.74000549316406,154.0399932861328,1302800
2017-06-29,125.43051147460938,153.1300048828125,154.5800018310547,152.14999389648438,154.5800018310547,1975900
2017-06-30,125.45509338378906,153.16000366210938,153.77000427246094,152.72000122070312,153.3000030517578,2508200
2017-07-03,124.91449737548828,152.5,153.8699951171875,152.47999572753906,153.44000244140625,1100700
2017-07-05,125.3813705444336,153.07000732421875,153.57000732421875,151.99000549316406,152.82000732421875,2497300
2017-07-06,125.39777374267578,153.08999633789062,153.4600067138672,152.3300018310547,152.6999969482422,2019800
2017-07-07,128.0025634765625,156.27000427246094,156.55999755859375,153.14999389648438,153.3699951171875,4117800
2017-07-10,127.38819122314452,155.52000427246094,156.52999877929688,155.16000366210938,156.27999877929688,2402200
2017-07-11,126.88855743408205,154.91000366210938,155.8800048828125,154.00999450683594,155.08999633789062,2008800
2017-07-12,128.25643920898438,156.5800018310547,156.75,155.27000427246094,155.41000366210938,2094900
2017-07-13,126.9950714111328,155.0399932861328,156.5399932861328,154.33999633789062,156.49000549316406,3169700
2017-07-14,127.19161987304688,155.27999877929688,155.5,154.72999572753906,154.99000549316406,2440200
2017-07-17,127.17525482177734,155.25999450683594,155.44000244140625,154.6999969482422,155.42999267578125,2408700
2017-07-18,126.11038208007812,153.9600067138672,155.27000427246094,153.3699951171875,155.0,3890300
2017-07-19,126.05305480957033,153.88999938964844,154.4600067138672,153.47999572753906,154.1300048828125,3072200
2017-07-20,126.315185546875,154.2100067138672,155.22000122070312,153.5500030517578,154.02999877929688,2240200
2017-07-21,126.07764434814452,153.9199981689453,154.6999969482422,153.2899932861328,154.05999755859375,3522400
2017-07-24,124.382080078125,151.85000610351562,154.22000122070312,151.77000427246094,154.0,5307400
2017-07-25,130.29608154296875,159.07000732421875,159.97999572753906,156.5399932861328,157.75,9511400
2017-07-26,128.19915771484375,156.50999450683594,159.0,155.67999267578125,158.75999450683594,4679000
2017-07-27,128.55955505371094,156.9499969482422,157.42999267578125,155.5399932861328,156.4199981689453,4624100
2017-07-28,127.65852355957033,155.85000610351562,156.66000366210938,155.07000732421875,156.36000061035156,3964500
2017-07-31,127.07698059082033,155.13999938964844,156.4199981689453,154.85000610351562,155.9199981689453,4272400
2017-08-01,126.17591094970705,154.0399932861328,155.89999389648438,153.7100067138672,154.97999572753906,4185100
2017-08-02,128.2646484375,156.58999633789062,156.64999389648438,153.7100067138672,153.75999450683594,3326000
2017-08-03,126.73291015625,154.72000122070312,156.77000427246094,154.41000366210938,156.55999755859375,3666100
2017-08-04,125.99571990966795,153.82000732421875,154.82000732421875,153.22999572753906,154.61000061035156,4435400
2017-08-07,126.9377212524414,154.97000122070312,155.38999938964844,154.0,154.13999938964844,3252100
2017-08-08,126.8967056274414,154.9199981689453,155.25,154.10000610351562,154.6699981689453,4234300
2017-08-09,126.8967056274414,154.9199981689453,155.67999267578125,154.35000610351562,155.3000030517578,3006500
2017-08-10,128.2892303466797,156.6199951171875,157.1999969482422,154.25,154.3300018310547,3874500
2017-08-11,128.84620666503906,157.3000030517578,158.39999389648438,156.6300048828125,156.8800048828125,2925000
2017-08-14,128.8135223388672,157.25999450683594,157.89999389648438,156.4600067138672,157.4499969482422,2809100
2017-08-15,129.1083526611328,157.6199951171875,158.5800018310547,157.33999633789062,157.83999633789062,2160100
2017-08-16,130.15684509277344,158.89999389648438,159.3800048828125,157.60000610351562,157.88999938964844,2921800
2017-08-17,129.3295135498047,157.88999938964844,159.52999877929688,157.80999755859375,158.75,3071600
2017-08-18,129.2230224609375,157.75999450683594,158.27999877929688,157.02000427246094,157.99000549316406,2595700
2017-08-21,129.71444702148438,158.36000061035156,158.63999938964844,157.5399932861328,158.1699981689453,2195100
2017-08-22,130.76292419433594,159.63999938964844,159.94000244140625,158.38999938964844,158.5,2122600
2017-08-23,130.08306884765625,158.80999755859375,159.3699951171875,158.3800048828125,159.3000030517578,2190700
2017-08-24,129.7554473876953,158.41000366210938,159.67999267578125,158.3300018310547,159.11000061035156,1634800
2017-08-25,130.09127807617188,158.82000732421875,159.33999633789062,158.52999877929688,158.88999938964844,2019600
2017-08-28,130.78750610351562,159.6699981689453,159.9600067138672,158.66000366210938,159.0399932861328,2027300
2017-08-29,130.55001831054688,159.3800048828125,159.75999450683594,158.72999572753906,159.1999969482422,3283400
2017-08-30,131.44810485839844,159.52999877929688,159.63999938964844,158.32000732421875,158.39999389648438,2236500
2017-08-31,131.81069946289062,159.97000122070312,160.0,159.35000610351562,159.77000427246094,2717000
2017-09-01,131.6788330078125,159.80999755859375,160.1999969482422,159.5,159.8699951171875,1878300
2017-09-05,131.09384155273438,159.10000610351562,159.77999877929688,158.07000732421875,159.0,4000500
2017-09-06,130.36871337890625,158.22000122070312,159.3699951171875,158.22000122070312,159.22999572753906,4143300
2017-09-07,131.7530059814453,159.89999389648438,160.07000732421875,158.3300018310547,158.47000122070312,2965400
2017-09-08,131.59642028808594,159.7100067138672,160.3800048828125,159.17999267578125,159.52999877929688,2984200
2017-09-11,133.09608459472656,161.52999877929688,161.72000122070312,159.9199981689453,160.0,2333600
2017-09-12,128.81141662597656,156.3300018310547,160.72000122070312,155.77000427246094,160.2100067138672,10324100
2017-09-13,129.3634796142578,157.0,157.77999877929688,156.0,156.74000549316406,4705600
2017-09-14,129.3634796142578,157.0,157.35000610351562,156.0500030517578,157.0,3109700
2017-09-15,129.29754638671875,156.9199981689453,158.0,156.8800048828125,157.7899932861328,7425100
2017-09-18,129.0998077392578,156.67999267578125,157.7899932861328,156.35000610351562,157.72000122070312,3831900
2017-09-19,129.71780395507812,157.42999267578125,157.89999389648438,156.3300018310547,157.27000427246094,3554600
2017-09-20,131.73654174804688,159.8800048828125,159.88999938964844,157.75999450683594,157.89999389648438,3641100
2017-09-21,131.03614807128906,159.02999877929688,160.08999633789062,158.50999450683594,159.8699951171875,2503400
2017-09-22,130.93727111816406,158.91000366210938,159.74000549316406,158.55999755859375,158.8800048828125,2442700
2017-09-25,128.75369262695312,156.25999450683594,158.69000244140625,156.10000610351562,158.47000122070312,3661500
2017-09-26,126.35594940185548,153.35000610351562,156.83999633789062,153.27000427246094,156.25,6420000
2017-09-27,126.93274688720705,154.0500030517578,154.69000244140625,153.44000244140625,153.50999450683594,3915900
2017-09-28,129.76719665527344,157.49000549316406,158.30999755859375,155.47999572753906,156.16000366210938,4210200
2017-09-29,129.0998077392578,156.67999267578125,158.0399932861328,156.1199951171875,157.50999450683594,3670100
2017-10-02,129.33050537109375,156.9600067138672,157.17999267578125,155.8000030517578,156.0,2407000
2017-10-03,129.24810791015625,156.86000061035156,157.4600067138672,156.36000061035156,156.75,2188400
2017-10-04,129.5364990234375,157.2100067138672,157.4199981689453,156.64999389648438,156.8300018310547,1823100
2017-10-05,130.84657287597656,158.8000030517578,158.9199981689453,157.3000030517578,157.3000030517578,2796000
2017-10-06,131.5058135986328,159.60000610351562,160.1300048828125,158.5800018310547,158.5800018310547,3548500
2017-10-09,131.93429565429688,160.1199951171875,160.49000549316406,159.5,159.61000061035156,2120000
2017-10-10,132.31329345703125,160.5800018310547,161.5800018310547,159.58999633789062,159.69000244140625,2909600
2017-10-11,134.43093872070312,163.14999389648438,163.24000549316406,160.5800018310547,160.89999389648438,3572500
2017-10-12,135.05714416503906,163.91000366210938,164.39999389648438,162.77000427246094,162.99000549316406,3023600
2017-10-13,136.26010131835938,165.3699951171875,165.50999450683594,164.0800018310547,164.4499969482422,2957400
2017-10-16,135.9635009765625,165.00999450683594,165.74000549316406,164.44000244140625,165.44000244140625,2132300
2017-10-17,136.28485107421875,165.39999389648438,166.02000427246094,164.75,164.9199981689453,2379700
2017-10-18,136.58969116210938,165.77000427246094,166.25,163.88999938964844,165.2899932861328,2798300
2017-10-19,137.1912078857422,166.5,166.9499969482422,164.9199981689453,165.82000732421875,2478100
2017-10-20,137.02645874023438,166.3000030517578,167.89999389648438,165.5,167.22999572753906,5577700
2017-10-23,134.5874786376953,163.33999633789062,166.10000610351562,163.08999633789062,166.10000610351562,6214800
2017-10-24,135.03237915039062,163.8800048828125,166.49000549316406,163.58999633789062,165.25999450683594,7855200
2017-10-25,134.78518676757812,163.5800018310547,165.1199951171875,163.0,163.41000366210938,3716200
2017-10-26,135.13954162597656,164.00999450683594,164.64999389648438,163.75,164.13999938964844,2934400
2017-10-27,136.27658081054688,165.38999938964844,165.85000610351562,163.77000427246094,164.08999633789062,2298100
2017-10-30,136.96876525878906,166.22999572753906,166.55999755859375,164.6699981689453,165.0,2051000
2017-10-31,137.52903747558594,166.91000366210938,167.41000366210938,166.1300048828125,166.25,2873000
2017-11-01,137.08409118652344,166.3699951171875,167.99000549316406,165.57000732421875,165.72000122070312,2186100
2017-11-02,138.50955200195312,168.10000610351562,168.47000122070312,166.5,166.99000549316406,2291000
2017-11-03,138.96273803710938,168.64999389648438,169.4499969482422,167.60000610351562,168.0,1959500
2017-11-06,140.1327362060547,170.07000732421875,170.4199981689453,168.60000610351562,168.89999389648438,3087700
2017-11-07,140.7095489501953,170.77000427246094,170.82000732421875,169.52000427246094,170.10000610351562,2506000
2017-11-08,140.157470703125,170.10000610351562,170.9199981689453,169.4499969482422,170.1699981689453,2605000
2017-11-09,137.60321044921875,167.0,169.1999969482422,166.10000610351562,168.72000122070312,4219000
2017-11-10,136.44139099121094,165.58999633789062,166.8000030517578,163.52000427246094,166.39999389648438,4226800
2017-11-13,137.9080352783203,167.3699951171875,167.9499969482422,165.0800018310547,165.47000122070312,2605600
2017-11-14,138.51779174804688,168.11000061035156,168.4199981689453,166.57000732421875,166.83999633789062,2180900
2017-11-15,137.86688232421875,167.32000732421875,168.69000244140625,167.14999389648438,167.69000244140625,2019300
2017-11-16,138.5012969970703,168.08999633789062,168.88999938964844,167.52999877929688,167.67999267578125,2293400
2017-11-17,137.3724822998047,166.72000122070312,167.6999969482422,166.16000366210938,167.5399932861328,2221400
2017-11-20,137.54551696777344,166.92999267578125,167.85000610351562,166.75999450683594,167.3300018310547,2442300
2017-11-21,138.67434692382812,168.3000030517578,169.25999450683594,167.50999450683594,167.5500030517578,2653100
2017-11-22,139.2923126220703,169.0500030517578,170.35000610351562,168.6699981689453,169.27000427246094,2719200
2017-11-24,139.34173583984375,169.11000061035156,169.55999755859375,168.82000732421875,168.8800048828125,963200
2017-11-27,139.2181396484375,168.9600067138672,169.17999267578125,168.08999633789062,168.89999389648438,2082400
2017-11-28,141.17921447753906,171.33999633789062,171.3800048828125,169.0399932861328,169.22999572753906,2909900
2017-11-29,140.42941284179688,170.42999267578125,172.02000427246094,169.0500030517578,171.6999969482422,4590300
2017-11-30,142.5430450439453,171.97000122070312,173.1699981689453,169.33999633789062,170.24000549316406,6023700
2017-12-01,143.2890625,172.8699951171875,173.14999389648438,170.38999938964844,172.77000427246094,4279200
2017-12-04,141.44895935058594,170.64999389648438,173.47999572753906,170.42999267578125,173.27000427246094,3943100
2017-12-05,143.38853454589844,172.99000549316406,174.25,172.4600067138672,173.63999938964844,3228700
2017-12-06,143.79464721679688,173.47999572753906,174.44000244140625,173.0,173.47999572753906,2618700
2017-12-07,143.3221893310547,172.91000366210938,173.2899932861328,171.9199981689453,172.5500030517578,2284800
2017-12-08,143.52114868164062,173.14999389648438,173.5399932861328,172.50999450683594,173.0399932861328,2241100
2017-12-11,143.6040496826172,173.25,173.25,172.22000122070312,172.94000244140625,2340800
2017-12-12,142.758544921875,172.22999572753906,173.1999969482422,171.85000610351562,173.0,2805900
2017-12-13,143.85275268554688,173.5500030517578,173.9600067138672,172.39999389648438,172.44000244140625,2554000
2017-12-14,143.51283264160156,173.13999938964844,174.0800018310547,172.8300018310547,173.66000366210938,2666900
2017-12-15,144.27542114257812,174.05999755859375,175.08999633789062,173.67999267578125,174.3000030517578,7435200
2017-12-18,144.3914794921875,174.1999969482422,175.77999877929688,174.11000061035156,174.8699951171875,2426300
2017-12-19,143.72007751464844,173.38999938964844,174.89999389648438,173.0800018310547,174.38999938964844,3122500
2017-12-20,142.7088165283203,172.1699981689453,173.8800048828125,171.7100067138672,173.8300018310547,2749400
2017-12-21,142.44358825683594,171.85000610351562,172.75,171.6699981689453,172.60000610351562,2343300
2017-12-22,142.08717346191406,171.4199981689453,172.0399932861328,170.5500030517578,171.82000732421875,3234100
2017-12-26,141.97938537597656,171.2899932861328,171.63999938964844,170.82000732421875,171.08999633789062,1280200
2017-12-27,143.12322998046875,172.6699981689453,172.74000549316406,170.85000610351562,171.3300018310547,1596800
2017-12-28,143.47972106933594,173.10000610351562,173.5500030517578,172.6199951171875,173.25999450683594,1800100
2017-12-29,142.6673583984375,172.1199951171875,172.97999572753906,171.9199981689453,172.97999572753906,2201800
2018-01-02,143.57916259765625,173.22000122070312,174.47999572753906,172.66000366210938,173.72999572753906,3696900
2018-01-03,142.97402954101562,172.49000549316406,173.63999938964844,172.0,173.22999572753906,3789600
2018-01-04,143.97702026367188,173.6999969482422,174.1300048828125,172.72999572753906,173.24000549316406,2756400
2018-01-05,144.2671356201172,174.0500030517578,175.0,173.39999389648438,174.0,3737700
2018-01-08,144.16769409179688,173.92999267578125,174.2100067138672,172.92999267578125,173.74000549316406,2060800
2018-01-09,143.8443603515625,173.5399932861328,174.22999572753906,173.00999450683594,174.22999572753906,2674300
2018-01-10,143.8195037841797,173.50999450683594,174.0,172.47000122070312,173.5,2172500
2018-01-11,143.72007751464844,173.38999938964844,174.5500030517578,172.10000610351562,173.55999755859375,3078000
2018-01-12,143.8692626953125,173.57000732421875,173.7899932861328,172.8800048828125,173.36000061035156,2901600
2018-01-16,143.96047973632812,173.67999267578125,174.41000366210938,172.8800048828125,173.6199951171875,3662600
2018-01-17,145.03799438476562,174.97999572753906,175.69000244140625,173.8800048828125,174.35000610351562,4129600
2018-01-18,144.69815063476562,174.57000732421875,175.4499969482422,173.89999389648438,175.19000244140625,2154800
2018-01-19,145.98292541503906,176.1199951171875,176.63999938964844,174.3800048828125,174.99000549316406,3746300
2018-01-22,146.05752563476562,176.2100067138672,176.8300018310547,175.61000061035156,175.97000122070312,3217900
2018-01-23,146.55482482910156,176.80999755859375,177.75,174.85000610351562,175.57000732421875,3197600
2018-01-24,145.98292541503906,176.1199951171875,177.3000030517578,175.25,177.3000030517578,2810800
2018-01-25,145.60162353515625,175.66000366210938,176.6199951171875,174.66000366210938,176.39999389648438,2815800
2018-01-26,147.839599609375,178.36000061035156,178.39999389648438,175.00999450683594,175.6699981689453,3957700
2018-01-29,147.3505859375,177.77000427246094,178.6999969482422,177.24000549316406,178.3000030517578,6091900
2018-01-30,142.96578979492188,172.47999572753906,177.6699981689453,170.85000610351562,177.10000610351562,9613000
2018-01-31,141.8550567626953,171.13999938964844,174.3000030517578,170.27000427246094,173.60000610351562,7004200
2018-02-01,142.48500061035156,171.89999389648438,173.5399932861328,168.88999938964844,170.27000427246094,4751300
2018-02-02,140.39625549316406,169.3800048828125,172.72999572753906,168.99000549316406,170.8000030517578,4604500
2018-02-05,135.81251525878906,163.85000610351562,169.4600067138672,153.86000061035156,168.61000061035156,7309300
2018-02-06,136.91497802734375,165.17999267578125,166.0500030517578,158.25,158.35000610351562,7020000
2018-02-07,137.35423278808594,165.7100067138672,168.25999450683594,164.52000427246094,164.86000061035156,4974000
2018-02-08,131.767578125,158.97000122070312,165.72999572753906,158.75999450683594,165.69000244140625,5656000
2018-02-09,133.28443908691406,160.8000030517578,161.97999572753906,155.22999572753906,159.97999572753906,7187100
2018-02-12,135.85400390625,163.89999389648438,165.88999938964844,161.5,162.3699951171875,5255900
2018-02-13,134.61062622070312,162.39999389648438,163.8300018310547,161.72000122070312,163.0,5406000
2018-02-14,132.61305236816406,159.99000549316406,162.02000427246094,159.67999267578125,161.44000244140625,5865600
2018-02-15,133.26783752441406,160.77999877929688,161.52000427246094,158.80999755859375,161.13999938964844,5012100
2018-02-16,130.7895050048828,157.7899932861328,159.89999389648438,157.75999450683594,159.47000122070312,7165800
2018-02-20,130.26730346679688,157.16000366210938,159.16000366210938,156.27999877929688,157.0,5211100
2018-02-21,131.4940185546875,158.63999938964844,161.32000732421875,157.60000610351562,157.75999450683594,7833400
2018-02-22,133.1683807373047,160.66000366210938,161.39999389648438,158.89999389648438,158.9499969482422,4398200
2018-02-23,135.15771484375,163.05999755859375,163.30999755859375,161.44000244140625,161.44000244140625,4272400
2018-02-26,135.58871459960938,163.5800018310547,164.75,162.3000030517578,164.0,4525200
2018-02-27,133.1683807373047,160.66000366210938,164.5,160.63999938964844,164.19000244140625,4907500
2018-02-28,131.57516479492188,157.74000549316406,161.2100067138672,157.72000122070312,160.42999267578125,6116800
2018-03-01,129.87356567382812,155.6999969482422,160.42999267578125,155.2100067138672,157.8000030517578,5609000
2018-03-02,123.67605590820312,148.27000427246094,150.4499969482422,146.83999633789062,148.91000366210938,11754300
2018-03-05,125.97823333740234,151.02999877929688,151.47999572753906,147.9199981689453,148.27999877929688,6397800
2018-03-06,126.11997985839844,151.1999969482422,151.7100067138672,150.1300048828125,151.25,5015400
2018-03-07,127.1042938232422,152.3800048828125,152.74000549316406,149.67999267578125,149.86000061035156,4492000
2018-03-08,128.82257080078125,154.44000244140625,154.61000061035156,152.64999389648438,152.72999572753906,4291400
2018-03-09,131.15817260742188,157.24000549316406,157.72999572753906,154.83999633789062,155.6199951171875,5076500
2018-03-12,131.57516479492188,157.74000549316406,159.4499969482422,157.50999450683594,157.74000549316406,4461500
2018-03-13,131.9755401611328,158.22000122070312,159.88999938964844,158.2100067138672,158.55999755859375,4333100
2018-03-14,131.9922637939453,158.24000549316406,159.50999450683594,157.24000549316406,159.0,3879000
2018-03-15,134.80325317382812,161.61000061035156,162.14999389648438,158.58999633789062,158.7100067138672,5925700
2018-03-16,135.42889404296875,162.36000061035156,163.22999572753906,161.5800018310547,161.8800048828125,14293800
2018-03-19,132.634521484375,159.00999450683594,162.36000061035156,158.2100067138672,162.0,4307600
2018-03-20,132.94314575195312,159.3800048828125,160.6699981689453,159.25,159.75,3105100
2018-03-21,132.3426055908203,158.66000366210938,160.41000366210938,158.2899932861328,160.0,3871900
2018-03-22,130.99130249023438,157.0399932861328,159.1199951171875,156.85000610351562,157.85000610351562,3669400
2018-03-23,129.2729949951172,154.97999572753906,157.77999877929688,154.9199981689453,157.58999633789062,3447400
2018-03-26,131.8004150390625,158.00999450683594,158.1999969482422,156.2100067138672,156.2100067138672,3477000
2018-03-27,131.35833740234375,157.47999572753906,159.77000427246094,156.47000122070312,158.5,3519100
2018-03-28,132.1340789794922,158.41000366210938,159.75999450683594,157.82000732421875,157.83999633789062,3913200
2018-03-29,130.4407958984375,156.3800048828125,159.8300018310547,156.3800048828125,159.0,5289500
2018-04-02,131.55848693847656,157.72000122070312,160.16000366210938,155.25,158.27000427246094,6960100
2018-04-03,133.79400634765625,160.39999389648438,160.52999877929688,157.3000030517578,157.97999572753906,4719400
2018-04-04,134.9033660888672,161.72999572753906,162.14999389648438,157.8800048828125,158.5,4888000
2018-04-05,136.755126953125,163.9499969482422,164.55999755859375,161.75,162.39999389648438,4503900
2018-04-06,134.5029754638672,161.25,163.77999877929688,160.91000366210938,162.4199981689453,4321900
2018-04-09,134.48626708984375,161.22999572753906,163.57000732421875,161.05999755859375,162.22000122070312,3581500
2018-04-10,135.77085876464844,162.77000427246094,163.9600067138672,162.0500030517578,162.8300018310547,3902600
2018-04-11,136.24630737304688,163.33999633789062,164.05999755859375,162.27999877929688,162.5,2711100
2018-04-12,134.81163024902344,161.6199951171875,165.39999389648438,161.5399932861328,163.58999633789062,5178900
2018-04-13,134.9033660888672,161.72999572753906,163.16000366210938,161.25999450683594,162.16000366210938,2452800
2018-04-16,134.81996154785156,161.6300048828125,162.44000244140625,160.86000061035156,161.3000030517578,3115200
2018-04-17,135.58734130859375,162.5500030517578,163.47999572753906,162.05999755859375,162.38999938964844,2861900
2018-04-18,134.97012329101562,161.80999755859375,163.30999755859375,161.74000549316406,162.58999633789062,2503100
2018-04-19,133.0682373046875,159.52999877929688,162.10000610351562,158.77999877929688,161.61000061035156,3276600
2018-04-20,132.434326171875,158.77000427246094,160.72999572753906,158.50999450683594,159.3300018310547,3961200
2018-04-23,132.6178436279297,158.99000549316406,159.69000244140625,158.14999389648438,158.97000122070312,3051900
2018-04-24,131.22482299804688,157.32000732421875,159.8300018310547,156.75999450683594,159.75,2904400
2018-04-25,130.07379150390625,155.94000244140625,157.33999633789062,155.00999450683594,157.08999633789062,3710200
2018-04-26,132.5427703857422,158.89999389648438,159.4600067138672,155.64999389648438,156.4600067138672,3680600
2018-04-27,132.04234313964844,158.3000030517578,159.85000610351562,158.2100067138672,159.47999572753906,4141500
2018-04-30,139.666259765625,167.44000244140625,167.9499969482422,163.75,164.69000244140625,12954700
2018-05-01,136.3297119140625,163.44000244140625,166.5,162.10000610351562,166.3800048828125,6560100
2018-05-02,134.02752685546875,160.67999267578125,163.1999969482422,160.44000244140625,162.14999389648438,4318400
2018-05-03,133.52706909179688,160.0800018310547,160.83999633789062,159.0800018310547,160.60000610351562,3450100
2018-05-04,137.65597534179688,165.02999877929688,165.4499969482422,159.89999389648438,159.9499969482422,4283600
2018-05-07,137.63096618652344,165.0,167.3000030517578,164.64999389648438,166.77000427246094,3379000
2018-05-08,137.43911743164062,164.77000427246094,165.58999633789062,163.75,164.44000244140625,2808100
2018-05-09,136.99703979492188,164.24000549316406,165.2100067138672,163.0500030517578,165.0,2762500
2018-05-10,137.6893768310547,165.07000732421875,165.63999938964844,164.30999755859375,164.4499969482422,1675100
2018-05-11,137.95626831054688,165.38999938964844,165.97999572753906,164.85000610351562,165.0,2258500
2018-05-14,137.3973846435547,164.72000122070312,165.97999572753906,164.32000732421875,165.64999389648438,2537300
2018-05-15,136.01275634765625,163.05999755859375,164.64999389648438,162.3300018310547,164.27000427246094,3471300
2018-05-16,135.854248046875,162.8699951171875,163.94000244140625,161.74000549316406,163.24000549316406,2522000
2018-05-17,134.552978515625,161.30999755859375,163.22999572753906,160.72999572753906,162.6300048828125,2975500
2018-05-18,134.27777099609375,160.97999572753906,162.83999633789062,160.5500030517578,161.67999267578125,2318000
2018-05-21,134.69482421875,161.47999572753906,161.97000122070312,160.61000061035156,161.77999877929688,2424000
2018-05-22,133.00160217285156,159.4499969482422,162.08999633789062,159.16000366210938,162.05999755859375,3224000
2018-05-23,134.81163024902344,161.6199951171875,161.64999389648438,159.16000366210938,159.6999969482422,3835100
2018-05-24,135.45391845703125,162.38999938964844,162.60000610351562,160.44000244140625,161.11000061035156,3378000
2018-05-25,136.13784790039062,163.2100067138672,163.9499969482422,162.10000610351562,162.44000244140625,2582100
2018-05-29,133.97747802734375,160.6199951171875,162.72000122070312,160.2100067138672,162.42999267578125,3197100
2018-05-30,134.97848510742188,161.82000732421875,162.10000610351562,160.82000732421875,161.41000366210938,2396500
2018-05-31,133.46865844726562,160.00999450683594,161.6300048828125,159.94000244140625,161.17999267578125,4881100
2018-06-01,133.60296630859375,159.16000366210938,160.0500030517578,159.02000427246094,159.89999389648438,3203800
2018-06-04,134.49276733398438,160.22000122070312,160.49000549316406,159.5399932861328,160.0800018310547,3174600
2018-06-05,133.87158203125,159.47999572753906,160.99000549316406,158.97999572753906,159.97000122070312,2952300
2018-06-06,136.30593872070312,162.3800048828125,162.38999938964844,159.3300018310547,159.7899932861328,3586200
2018-06-07,142.26588439941406,169.47999572753906,170.0,163.69000244140625,163.75,8342500
2018-06-08,141.78741455078125,168.91000366210938,171.55999755859375,168.4600067138672,169.02000427246094,5056600
2018-06-11,139.7559814453125,166.49000549316406,169.0399932861328,166.25999450683594,169.0399932861328,3246500
2018-06-12,139.95742797851562,166.72999572753906,167.24000549316406,166.22999572753906,166.82000732421875,2985300
2018-06-13,139.83154296875,166.5800018310547,167.61000061035156,166.5500030517578,166.99000549316406,3140500
2018-06-14,140.22604370117188,167.0500030517578,167.94000244140625,166.67999267578125,167.0399932861328,2390000
2018-06-15,139.73077392578125,166.4600067138672,166.60000610351562,164.58999633789062,166.10000610351562,7384400
2018-06-18,139.5797119140625,166.27999877929688,166.5800018310547,163.80999755859375,165.52999877929688,4297700
2018-06-19,138.48004150390625,164.97000122070312,165.50999450683594,164.24000549316406,164.6199951171875,3350400
2018-06-20,136.45703125,162.55999755859375,165.52999877929688,162.3699951171875,164.91000366210938,3649500
2018-06-21,134.7530059814453,160.52999877929688,163.60000610351562,159.5399932861328,163.2899932861328,4655800
2018-06-22,138.1274871826172,164.5500030517578,165.13999938964844,161.25999450683594,161.27000427246094,8703600
2018-06-25,134.14859008789062,159.80999755859375,163.0,158.9499969482422,163.0,6126800
2018-06-26,135.07199096679688,160.91000366210938,161.85000610351562,159.8000030517578,160.00999450683594,3375100
2018-06-27,132.14239501953125,157.4199981689453,160.49000549316406,157.3800048828125,159.0500030517578,4962100
2018-06-28,131.21902465820312,156.32000732421875,157.3300018310547,155.10000610351562,157.25,4136500
2018-06-29,131.5296630859375,156.69000244140625,157.9499969482422,156.07000732421875,156.75999450683594,4024500
2018-07-02,131.68069458007812,156.8699951171875,156.8699951171875,155.4499969482422,155.99000549316406,3024000
2018-07-03,131.35336303710938,156.47999572753906,157.82000732421875,156.30999755859375,157.36000061035156,1437700
2018-07-05,132.0584259033203,157.32000732421875,157.6699981689453,156.5,156.89999389648438,2248300
2018-07-06,133.82125854492188,159.4199981689453,160.57000732421875,157.4499969482422,157.77000427246094,3298800
2018-07-09,134.25775146484375,159.94000244140625,160.8000030517578,159.3699951171875,160.47000122070312,2477300
2018-07-10,134.82855224609375,160.6199951171875,160.97999572753906,159.4600067138672,159.8300018310547,2187500
2018-07-11,133.14967346191406,158.6199951171875,159.7100067138672,157.6999969482422,158.88999938964844,3203800
2018-07-12,133.56942749023438,159.1199951171875,159.77999877929688,158.82000732421875,159.14999389648438,2360800
2018-07-13,133.05738830566406,158.50999450683594,158.75999450683594,155.27999877929688,157.39999389648438,5186500
2018-07-16,133.28399658203125,158.77999877929688,159.27999877929688,157.9600067138672,158.6199951171875,2818200
2018-07-17,134.09823608398438,159.75,160.0,158.55999755859375,158.55999755859375,1877500
2018-07-18,132.57049560546875,157.92999267578125,159.8699951171875,157.80999755859375,159.85000610351562,3824000
2018-07-19,132.1339874267578,157.41000366210938,158.63999938964844,157.11000061035156,157.58999633789062,4869700
2018-07-20,132.6040802001953,157.97000122070312,158.35000610351562,156.27999877929688,157.1999969482422,2695500
2018-07-23,133.2587890625,158.75,158.8300018310547,157.0399932861328,157.8000030517578,2754300
2018-07-24,132.57887268066406,157.94000244140625,159.5800018310547,157.52000427246094,159.24000549316406,3388400
2018-07-25,133.37635803222656,158.88999938964844,158.99000549316406,157.41000366210938,157.69000244140625,4193400
2018-07-26,131.06788635253906,156.13999938964844,158.88999938964844,154.7100067138672,158.22999572753906,7409800
2018-07-27,132.1927490234375,157.47999572753906,158.00999450683594,156.39999389648438,156.5800018310547,4234100
2018-07-30,133.1664581298828,158.63999938964844,160.02000427246094,157.08999633789062,157.38999938964844,3274800
2018-07-31,132.2431182861328,157.5399932861328,159.0,157.22999572753906,158.6999969482422,3530000
2018-08-01,131.72265625,156.9199981689453,157.22000122070312,155.66000366210938,156.57000732421875,4252800
2018-08-02,130.45516967773438,155.41000366210938,156.92999267578125,153.1300048828125,156.64999389648438,6245900
2018-08-03,131.12667846679688,156.2100067138672,156.97000122070312,154.2899932861328,155.6999969482422,3673100
2018-08-06,131.5547637939453,156.72000122070312,157.41000366210938,155.4600067138672,156.02999877929688,2375200
2018-08-07,130.9839630126953,156.0399932861328,157.1999969482422,155.83999633789062,156.91000366210938,1929300
2018-08-08,133.40151977539062,158.9199981689453,158.92999267578125,156.1699981689453,156.49000549316406,2988000
2018-08-09,133.7205047607422,159.3000030517578,159.6199951171875,157.9600067138672,158.83999633789062,2764500
2018-08-10,133.20008850097656,158.67999267578125,159.50999450683594,157.8699951171875,158.33999633789062,3343200
2018-08-13,132.7467498779297,158.13999938964844,158.99000549316406,157.25,158.47999572753906,2879600
2018-08-14,134.81178283691406,160.60000610351562,161.42999267578125,158.19000244140625,158.35000610351562,3111600
2018-08-15,134.2073974609375,159.8800048828125,160.4600067138672,158.3699951171875,159.80999755859375,3355500
2018-08-16,135.7602996826172,161.72999572753906,162.27999877929688,160.14999389648438,160.14999389648438,2822100
2018-08-17,135.27342224121094,161.14999389648438,161.89999389648438,160.24000549316406,161.89999389648438,2527400
2018-08-20,135.71832275390625,161.67999267578125,162.16000366210938,161.10000610351562,161.2899932861328,2659500
2018-08-21,135.18106079101562,161.0399932861328,161.9499969482422,161.02000427246094,161.4600067138672,1920900
2018-08-22,134.76976013183594,160.5500030517578,161.50999450683594,160.0800018310547,161.41000366210938,2361500
2018-08-23,133.51068115234375,159.0500030517578,160.7899932861328,158.3699951171875,160.55999755859375,2755500
2018-08-24,133.7876739501953,159.3800048828125,159.86000061035156,158.3000030517578,158.74000549316406,2199400
2018-08-27,134.71102905273438,160.47999572753906,160.52000427246094,159.1999969482422,160.22999572753906,2627100
2018-08-28,135.68475341796875,161.63999938964844,161.6699981689453,160.16000366210938,160.5500030517578,2138000
2018-08-29,136.91868591308594,163.11000061035156,163.33999633789062,161.69000244140625,161.9199981689453,3168200
2018-08-30,136.6584930419922,162.8000030517578,163.2899932861328,162.3699951171875,163.02999877929688,3038400
2018-08-31,137.0301055908203,162.22999572753906,162.91000366210938,161.52999877929688,161.52999877929688,3649700
2018-09-04,136.59939575195312,161.72000122070312,161.97999572753906,160.07000732421875,161.80999755859375,3296300
2018-09-05,137.88323974609375,163.24000549316406,163.39999389648438,161.19000244140625,161.60000610351562,2749200
2018-09-06,138.3056182861328,163.74000549316406,164.3000030517578,162.6999969482422,163.0399932861328,3133800
2018-09-07,138.4407501220703,163.89999389648438,164.1999969482422,163.13999938964844,163.5800018310547,2868300
2018-09-10,139.4290313720703,165.07000732421875,166.02000427246094,164.24000549316406,164.47999572753906,3080100
2018-09-11,139.04888916015625,164.6199951171875,165.92999267578125,164.1999969482422,164.8800048828125,2946400
2018-09-12,139.15029907226562,164.74000549316406,165.4199981689453,163.74000549316406,164.32000732421875,2613300
2018-09-13,137.17369079589844,162.39999389648438,165.4600067138672,161.6999969482422,165.4499969482422,3663600
2018-09-14,135.85606384277344,160.83999633789062,163.11000061035156,160.25,163.0,3939800
2018-09-17,133.575439453125,158.13999938964844,159.82000732421875,156.55999755859375,159.5500030517578,5360000
2018-09-18,133.262939453125,157.77000427246094,159.0800018310547,157.5800018310547,158.1699981689453,3722800
2018-09-19,134.45388793945312,159.17999267578125,159.49000549316406,157.72000122070312,158.7100067138672,2822000
2018-09-20,135.81382751464844,160.7899932861328,161.0500030517578,159.3699951171875,160.2100067138672,3218700
2018-09-21,139.62326049804688,165.3000030517578,165.3000030517578,162.50999450683594,162.7100067138672,8805500
2018-09-24,137.9423828125,163.30999755859375,164.0800018310547,161.1199951171875,163.89999389648438,4375300
2018-09-25,140.5608367919922,166.41000366210938,167.17999267578125,164.07000732421875,164.58999633789062,5282900
2018-09-26,140.0118408203125,165.75999450683594,167.50999450683594,165.5500030517578,166.39999389648438,3092600
2018-09-27,140.6621856689453,166.52999877929688,167.27000427246094,165.3000030517578,165.6199951171875,2390700
2018-09-28,141.30416870117188,167.2899932861328,167.8300018310547,166.50999450683594,166.74000549316406,3390200
2018-10-01,140.7804412841797,166.6699981689453,168.9499969482422,166.66000366210938,168.3699951171875,3118200
2018-10-02,139.5219268798828,165.17999267578125,167.0399932861328,165.17999267578125,166.35000610351562,3071200
2018-10-03,139.08265686035156,164.66000366210938,167.60000610351562,164.3699951171875,166.10000610351562,3830300
2018-10-04,140.04563903808594,165.8000030517578,166.07000732421875,164.5,164.88999938964844,3230400
2018-10-05,140.69598388671875,166.57000732421875,167.49000549316406,165.7899932861328,166.24000549316406,2822500
2018-10-08,141.70962524414062,167.77000427246094,168.1699981689453,166.1199951171875,166.25,2560500
2018-10-09,143.44961547851562,169.8300018310547,170.55999755859375,167.80999755859375,168.16000366210938,4157900
2018-10-10,142.21640014648438,168.3699951171875,172.0,168.22000122070312,171.99000549316406,4190500
2018-10-11,137.65521240234375,162.97000122070312,167.6699981689453,161.82000732421875,166.41000366210938,5430700
2018-10-12,138.37315368652344,163.82000732421875,164.9600067138672,161.86000061035156,163.92999267578125,3446100
2018-10-15,138.2464599609375,163.6699981689453,165.47000122070312,163.63999938964844,164.69000244140625,4265900
2018-10-16,138.58433532714844,164.07000732421875,164.4600067138672,162.89999389648438,163.44000244140625,4094700
2018-10-17,140.86492919921875,166.77000427246094,167.72999572753906,164.11000061035156,164.47000122070312,3608400
2018-10-18,140.8987274169922,166.80999755859375,167.99000549316406,165.77000427246094,166.63999938964844,3378600
2018-10-19,141.47308349609375,167.49000549316406,168.14999389648438,166.3000030517578,166.38999938964844,3510000
2018-10-22,140.7467041015625,166.6300048828125,169.80999755859375,166.19000244140625,167.97999572753906,5703500
2018-10-23,149.6325225830078,177.14999389648438,177.8699951171875,170.5,171.1999969482422,12918300
2018-10-24,149.80148315429688,177.35000610351562,178.0,174.42999267578125,176.1300048828125,7866400
2018-10-25,148.07835388183594,175.30999755859375,178.27000427246094,174.60000610351562,177.55999755859375,4646400
2018-10-26,146.4143829345703,173.33999633789062,174.92999267578125,172.60000610351562,174.60000610351562,4741600
2018-10-29,146.3214569091797,173.22999572753906,176.16000366210938,172.22000122070312,175.0,3485200
2018-10-30,150.764404296875,178.49000549316406,178.58999633789062,173.44000244140625,173.50999450683594,5582900
2018-10-31,149.42137145996094,176.89999389648438,178.9600067138672,176.3699951171875,178.80999755859375,5424700
2018-11-01,147.7151641845703,174.8800048828125,177.35000610351562,174.6999969482422,176.6699981689453,3701200
2018-11-02,149.29469299316406,176.75,176.99000549316406,174.0,176.4499969482422,4190900
2018-11-05,152.3693084716797,180.38999938964844,181.1000061035156,177.0,177.41000366210938,4747300
2018-11-06,154.3289337158203,182.7100067138672,182.8600006103516,179.49000549316406,180.02999877929688,4864700
2018-11-07,155.6297149658203,184.25,184.47999572753903,181.8800048828125,183.0,4363900
2018-11-08,156.6686553955078,185.47999572753903,186.0399932861328,184.0800018310547,184.2899932861328,3318600
2018-11-09,157.05718994140625,185.94000244140625,186.5800018310547,185.07000732421875,186.0,3237000
2018-11-12,155.7310791015625,184.3699951171875,187.4199981689453,183.77999877929688,185.9499969482422,3080800
2018-11-13,155.4269561767578,184.009994506836,184.9199981689453,183.32000732421875,183.94000244140625,2358100
2018-11-14,155.29183959960938,183.8500061035156,185.08999633789065,183.3600006103516,184.22000122070312,3407500
2018-11-15,155.04684448242188,183.5599975585937,183.97999572753903,181.5200042724609,182.97000122070312,3351100
2018-11-16,158.45083618164062,187.58999633789065,187.7700042724609,183.4199981689453,183.5,3759500
2018-11-19,157.7160186767578,186.72000122070312,188.8999938964844,185.7899932861328,187.7400054931641,3745900
2018-11-20,155.17356872558594,183.7100067138672,186.6300048828125,183.02999877929688,185.6699981689453,3708300
2018-11-21,154.33734130859375,182.72000122070312,185.57000732421875,182.6999969482422,183.2100067138672,3410600
2018-11-23,153.67007446289062,181.92999267578125,183.0,181.07000732421875,182.5200042724609,1747700
2018-11-26,155.32559204101562,183.88999938964844,184.08999633789065,182.07000732421875,182.3999938964844,3843300
2018-11-27,155.95068359375,184.6300048828125,184.63999938964844,183.19000244140625,183.3300018310547,2194200
2018-11-28,158.6704864501953,187.8500061035156,188.0500030517578,184.72000122070312,185.97000122070312,3279500
2018-11-29,159.86148071289062,189.259994506836,190.8800048828125,188.6100006103516,190.72000122070312,4617100
2018-11-30,160.2099151611328,188.509994506836,189.22999572753903,186.759994506836,188.33999633789065,6635700
2018-12-03,157.54132080078125,185.3699951171875,188.4199981689453,184.6699981689453,188.1000061035156,4401700
2018-12-04,157.26083374023438,185.0399932861328,188.0800018310547,184.8999938964844,185.7899932861328,4436200
2018-12-06,157.6092987060547,185.4499969482422,185.75,182.1000061035156,182.7400054931641,4878000
2018-12-07,155.4931182861328,182.9600067138672,187.1999969482422,182.6699981689453,185.3300018310547,3088000
2018-12-10,156.9293975830078,184.6499938964844,185.08999633789065,180.5500030517578,182.9600067138672,3084900
2018-12-11,156.02853393554688,183.58999633789065,186.8300018310547,182.8699951171875,186.57000732421875,2889100
2018-12-12,155.93505859375,183.47999572753903,184.83999633789065,182.3500061035156,183.92999267578125,3024600
2018-12-13,158.44216918945312,186.42999267578125,186.759994506836,183.8099975585937,184.0,2737500
2018-12-14,155.7736053466797,183.2899932861328,185.259994506836,182.1999969482422,185.259994506836,4450000
2018-12-17,153.64891052246094,180.7899932861328,183.6199951171875,180.1999969482422,182.8000030517578,4566700
2018-12-18,152.73104858398438,179.7100067138672,182.6100006103516,179.05999755859375,182.2400054931641,4269000
2018-12-19,152.2636260986328,179.16000366210938,182.97999572753903,178.5800018310547,180.9499969482422,3883800
2018-12-20,147.60626220703125,173.67999267578125,178.80999755859375,172.5399932861328,178.2100067138672,5775300
2018-12-21,148.00567626953125,174.14999389648438,177.64999389648438,173.52999877929688,173.52999877929688,8536900
2018-12-24,144.71670532226562,170.27999877929688,175.27000427246094,170.1699981689453,174.24000549316406,2400900
2018-12-26,147.90371704101562,174.02999877929688,174.0399932861328,169.0399932861328,170.08999633789062,4065500
2018-12-27,149.33152770996094,175.7100067138672,175.7100067138672,170.72999572753906,173.2899932861328,3934500
2018-12-28,149.2040252685547,175.55999755859375,177.5,174.85000610351562,176.3000030517578,2896800
2018-12-31,150.9123077392578,177.57000732421875,177.8000030517578,175.60000610351562,175.9600067138672,2482600
2019-01-02,149.62899780273438,176.05999755859375,176.3000030517578,174.1699981689453,175.41000366210938,2571500
2019-01-03,148.64312744140625,174.89999389648438,176.4499969482422,174.41000366210938,175.4499969482422,3728200
2019-01-04,151.5157012939453,178.27999877929688,179.1999969482422,175.69000244140625,176.02999877929688,3194300
2019-01-07,153.16444396972656,180.22000122070312,181.8800048828125,178.13999938964844,178.13999938964844,3283000
2019-01-08,153.4874267578125,180.6000061035156,182.2899932861328,179.91000366210938,181.9600067138672,2941400
2019-01-09,153.2239532470703,180.2899932861328,180.8999938964844,179.19000244140625,180.5599975585937,2680700
2019-01-10,154.2947998046875,181.5500030517578,181.8800048828125,179.32000732421875,179.83999633789062,2498500
2019-01-11,154.99166870117188,182.3699951171875,182.3999938964844,180.4600067138672,180.58999633789065,2348900
2019-01-14,154.01429748535156,181.22000122070312,181.75,180.69000244140625,181.4199981689453,1886200
2019-01-15,153.84432983398438,181.0200042724609,183.2100067138672,180.7400054931641,181.47000122070312,3860200
2019-01-16,152.42510986328125,179.35000610351562,181.52999877929688,179.13999938964844,180.94000244140625,3375600
2019-01-17,153.9208221435547,181.1100006103516,181.1100006103516,179.02999877929688,179.25,3061000
2019-01-18,155.1616668701172,182.57000732421875,183.259994506836,180.94000244140625,183.0399932861328,3498000
2019-01-22,156.86141967773438,184.57000732421875,185.47999572753903,182.25,182.25,3190300
2019-01-23,158.15321350097656,186.08999633789065,186.1699981689453,184.1100006103516,184.77999877929688,2530700
2019-01-24,159.2410888671875,187.3699951171875,187.8800048828125,185.94000244140625,186.8600006103516,3214200
2019-01-25,156.37698364257812,184.0,189.4199981689453,183.92999267578125,188.7700042724609,4405600
2019-01-28,156.03704833984375,183.6000061035156,183.72000122070312,181.8300018310547,183.0599975585937,4138700
2019-01-29,154.8217010498047,182.1699981689453,183.72000122070312,180.97000122070312,183.27999877929688,3666700
2019-01-30,154.48178100585938,181.7700042724609,187.7899932861328,178.6699981689453,182.9199981689453,9489900
2019-01-31,151.94061279296875,178.77999877929688,181.8500061035156,176.8699951171875,180.25,10440100
2019-02-01,150.1898956298828,176.72000122070312,180.4900054931641,176.47999572753906,179.5500030517578,6529200
2019-02-04,150.89529418945312,177.5500030517578,177.77999877929688,175.66000366210938,177.2899932861328,4533800
2019-02-05,150.9123077392578,177.57000732421875,179.4199981689453,177.22000122070312,177.7100067138672,4495900
2019-02-06,149.73098754882812,176.17999267578125,177.5500030517578,175.99000549316406,177.5500030517578,3965200
2019-02-07,148.96604919433594,175.27999877929688,176.25999450683594,174.30999755859375,176.0,4176300
2019-02-08,148.51564025878906,174.75,175.47000122070312,174.39999389648438,174.77000427246094,4051600
2019-02-11,148.09922790527344,174.25999450683594,175.89999389648438,174.1699981689453,175.24000549316406,3216400
2019-02-12,147.8527374267578,173.97000122070312,175.27999877929688,173.8000030517578,174.7899932861328,4692800
2019-02-13,148.00567626953125,174.14999389648438,174.66000366210938,173.75,174.0,5283000
2019-02-14,149.46751403808594,175.8699951171875,176.44000244140625,173.41000366210938,173.92999267578125,4428800
2019-02-15,152.9519500732422,179.97000122070312,179.97999572753906,177.00999450683594,177.27999877929688,4648600
2019-02-19,152.34007263183594,179.25,181.8999938964844,179.16000366210938,181.1100006103516,4765400
2019-02-20,153.39395141601562,180.4900054931641,180.9199981689453,179.33999633789062,179.47000122070312,3707400
2019-02-21,155.3656463623047,182.8099975585937,183.33999633789065,180.3999938964844,180.4499969482422,4391000
2019-02-22,155.67160034179688,183.1699981689453,183.41000366210932,182.0,182.97999572753903,3073500
2019-02-25,155.19564819335938,182.6100006103516,184.7100067138672,182.41000366210932,183.92999267578125,3090800
2019-02-26,155.70553588867188,183.2100067138672,183.8099975585937,182.47000122070312,183.44000244140625,2219100
2019-02-27,155.83306884765625,183.3600006103516,184.0599975585937,182.83999633789065,183.07000732421875,2261700
2019-02-28,157.2357177734375,183.83999633789065,183.97999572753903,182.009994506836,182.1300048828125,3297900
2019-03-01,158.2706756591797,185.0500030517578,185.6499938964844,184.07000732421875,184.58999633789065,2691000
2019-03-04,154.4561004638672,180.58999633789065,184.72999572753903,179.6999969482422,184.5500030517578,4899800
2019-03-05,155.10610961914062,181.3500061035156,181.75,180.3500061035156,180.6000061035156,3362500
2019-03-06,155.6876678466797,182.02999877929688,183.4600067138672,181.8999938964844,182.0,2083900
2019-03-07,154.3961944580078,180.5200042724609,182.38999938964844,179.9499969482422,182.1199951171875,3268100
2019-03-08,153.5238037109375,179.5,180.0,178.27000427246094,179.75,2757200
2019-03-11,154.8751220703125,181.0800018310547,181.1199951171875,179.8000030517578,180.0,2071500
2019-03-12,155.51661682128906,181.8300018310547,182.1000061035156,180.66000366210932,181.6699981689453,2191800
2019-03-13,155.71331787109375,182.0599975585937,183.17999267578125,181.6999969482422,182.5200042724609,2612100
2019-03-14,156.294921875,182.7400054931641,182.77999877929688,180.6699981689453,181.9900054931641,2375300
2019-03-15,158.5101318359375,185.3300018310547,185.4600067138672,182.1100006103516,183.2700042724609,6010500
2019-03-18,157.32981872558594,183.9499969482422,186.259994506836,183.41000366210932,185.97999572753903,3669200
2019-03-19,156.61141967773438,183.1100006103516,184.3699951171875,182.52999877929688,184.0599975585937,4102800
2019-03-20,158.20223999023438,184.97000122070312,185.3600006103516,182.32000732421875,183.3800048828125,3522400
2019-03-21,159.3996124267578,186.3699951171875,186.6300048828125,184.42999267578125,184.44000244140625,2830200
2019-03-22,159.77590942382812,186.8099975585937,188.6499938964844,185.94000244140625,185.9600067138672,3319600
2019-03-25,158.84371948242188,185.72000122070312,186.4600067138672,184.009994506836,186.25,2651600
2019-03-26,160.3489990234375,187.47999572753903,188.8800048828125,186.3500061035156,186.6499938964844,2609600
2019-03-27,160.37461853027344,187.509994506836,188.66000366210932,187.02999877929688,187.63999938964844,1684800
2019-03-28,161.98251342773438,189.38999938964844,189.4499969482422,187.92999267578125,187.97000122070312,1977100
2019-03-29,162.4187774658203,189.8999938964844,190.5200042724609,188.91000366210932,190.25,2952000
2019-04-01,161.12728881835938,188.38999938964844,190.8500061035156,187.7400054931641,190.5,3195100
2019-04-02,161.09303283691406,188.3500061035156,188.9499969482422,186.6999969482422,188.91000366210932,1797700
2019-04-03,161.09303283691406,188.3500061035156,189.2400054931641,187.6199951171875,188.8800048828125,2512300
2019-04-04,162.39309692382812,189.8699951171875,190.72999572753903,188.8999938964844,189.0500030517578,2324900
2019-04-05,163.11154174804688,190.7100067138672,191.2400054931641,190.07000732421875,190.3500061035156,2438400
2019-04-08,162.37599182128906,189.8500061035156,191.5,189.6000061035156,190.7100067138672,2290100
2019-04-09,162.57272338867188,190.0800018310547,190.27999877929688,188.44000244140625,189.3999938964844,2279500
2019-04-10,161.83721923828125,189.22000122070312,191.3000030517578,188.759994506836,190.5599975585937,2406800
2019-04-11,161.54638671875,188.8800048828125,189.47999572753903,188.0500030517578,189.27999877929688,1740400
2019-04-12,163.8727569580078,191.6000061035156,192.27999877929688,189.57000732421875,189.58999633789065,3238800
2019-04-15,164.0866241455078,191.8500061035156,192.3500061035156,190.8500061035156,191.7700042724609,1973500
2019-04-16,163.95826721191406,191.6999969482422,193.07000732421875,191.38999938964844,192.5,1559200
2019-04-17,163.88125610351562,191.6100006103516,192.3500061035156,191.3699951171875,192.0,1875000
2019-04-18,166.70372009277344,194.91000366210932,195.0,191.66000366210932,191.7700042724609,2918400
2019-04-22,165.85702514648438,193.9199981689453,194.72999572753903,193.3800048828125,194.0,1738400
2019-04-23,167.0030975341797,195.259994506836,195.9499969482422,194.1199951171875,194.3099975585937,2192900
2019-04-24,169.03013610839844,197.6300048828125,198.259994506836,195.33999633789065,195.57000732421875,3070100
2019-04-25,169.28671264648438,197.92999267578125,198.0200042724609,195.6199951171875,196.4900054931641,2040800
2019-04-26,168.85049438476562,197.4199981689453,198.6000061035156,196.5399932861328,198.47000122070312,2302100
2019-04-29,168.59393310546875,197.1199951171875,198.3600006103516,195.3999938964844,197.97999572753903,3456100
2019-04-30,168.97879028320312,197.57000732421875,200.0,195.5,198.8500061035156,6162300
2019-05-01,166.07081604003906,194.1699981689453,197.19000244140625,193.9499969482422,195.8699951171875,4059600
2019-05-02,166.44715881347656,194.6100006103516,195.1499938964844,193.32000732421875,194.19000244140625,2418000
2019-05-03,168.93606567382812,197.5200042724609,197.97000122070312,194.75,195.33999633789065,2915200
2019-05-06,170.11631774902344,198.8999938964844,199.17999267578125,195.94000244140625,196.52999877929688,2371300
2019-05-07,169.38079833984375,198.0399932861328,199.6199951171875,196.72999572753903,197.9600067138672,3072500
2019-05-08,169.3722381591797,198.02999877929688,199.08999633789065,196.75,197.7100067138672,2040900
2019-05-09,169.11563110351562,197.72999572753903,198.3099975585937,196.41000366210932,197.1199951171875,1923600
2019-05-10,171.04855346679688,199.9900054931641,200.3600006103516,197.0200042724609,197.0599975585937,2668800
2019-05-13,170.22756958007812,199.02999877929688,199.91000366210932,197.27999877929688,198.0,2809400
2019-05-14,169.3551483154297,198.009994506836,199.6100006103516,197.63999938964844,198.8300018310547,2787700
2019-05-15,170.26171875,199.07000732421875,199.72999572753903,197.5,197.66000366210932,1899000
2019-05-16,171.04855346679688,199.9900054931641,200.6300048828125,198.88999938964844,199.3600006103516,2520500
2019-05-17,170.39007568359375,199.22000122070312,200.3699951171875,198.8000030517578,198.8600006103516,2239600
2019-05-20,170.1933135986328,198.9900054931641,200.67999267578125,198.27999877929688,199.22000122070312,2217400
2019-05-21,170.92030334472656,199.83999633789065,201.1499938964844,199.07000732421875,200.88999938964844,2264600
2019-05-22,171.0229949951172,199.9600067138672,200.1699981689453,198.5,199.5200042724609,1760300
2019-05-23,170.17620849609375,198.97000122070312,199.42999267578125,198.1000061035156,198.8099975585937,3560400
2019-05-24,169.14984130859375,197.7700042724609,199.8999938964844,197.3300018310547,199.8699951171875,2105800
2019-05-28,168.20904541015625,196.6699981689453,199.3800048828125,196.3800048828125,198.27999877929688,3675100
2019-05-29,167.65310668945312,196.0200042724609,196.6999969482422,194.8500061035156,195.8500061035156,2925100
2019-05-30,170.40716552734375,199.2400054931641,199.4199981689453,195.77999877929688,196.009994506836,2685000
2019-05-31,170.57057189941406,198.2700042724609,200.02999877929688,197.25,197.41000366210932,3669100
2019-06-03,171.00933837890625,198.77999877929688,199.1000061035156,197.32000732421875,198.3600006103516,3211800
2019-06-04,171.74058532714844,199.6300048828125,200.3000030517578,198.7899932861328,199.0,3829900
2019-06-05,172.1707305908203,200.1300048828125,200.5599975585937,199.25,200.0800018310547,4294600
2019-06-06,174.68280029296875,203.0500030517578,203.3800048828125,200.02999877929688,200.1199951171875,4657600
2019-06-07,176.77328491210938,205.47999572753903,206.38999938964844,203.5,203.5,4345000
2019-06-10,173.1772918701172,201.3000030517578,206.1000061035156,199.7400054931641,206.1000061035156,4647500
2019-06-11,174.86346435546875,203.259994506836,203.6499938964844,201.38999938964844,202.3000030517578,2991400
2019-06-12,176.30015563964844,204.92999267578125,205.4900054931641,203.6999969482422,204.4900054931641,2874000
2019-06-13,175.92164611816406,204.4900054931641,205.3999938964844,203.66000366210932,205.1999969482422,2277800
2019-06-14,176.60984802246094,205.2899932861328,205.8099975585937,203.77999877929688,204.0,2715800
2019-06-17,175.3366241455078,203.8099975585937,205.75,203.08999633789065,205.75,2694400
2019-06-18,175.9388427734375,204.509994506836,205.3999938964844,203.9199981689453,205.0,2470900
2019-06-19,175.9732208251953,204.5500030517578,205.0,202.6100006103516,204.6199951171875,2328400
2019-06-20,176.46359252929688,205.1199951171875,205.38999938964844,204.1000061035156,205.0,2162200
2019-06-21,175.72373962402344,204.259994506836,205.94000244140625,203.97999572753903,205.5800018310547,4267400
2019-06-24,175.43128967285156,203.9199981689453,205.25,203.6300048828125,204.75,2486800
2019-06-25,176.97120666503906,205.7100067138672,206.38999938964844,204.72000122070312,204.8000030517578,3020900
2019-06-26,175.9732208251953,204.5500030517578,205.6699981689453,204.009994506836,205.4900054931641,2576000
2019-06-27,177.4529571533203,206.2700042724609,206.3500061035156,204.1999969482422,204.6699981689453,2253500
2019-06-28,178.64874267578125,207.66000366210932,207.9900054931641,206.32000732421875,206.8999938964844,3658200
2019-07-01,177.478759765625,206.3000030517578,209.42999267578125,206.19000244140625,208.8600006103516,2689500
2019-07-02,180.3004913330078,209.5800018310547,209.5800018310547,206.32000732421875,206.75,3120000
2019-07-03,183.07928466796875,212.8099975585937,212.8699951171875,209.6999969482422,209.82000732421875,2306000
2019-07-05,181.72862243652344,211.2400054931641,213.009994506836,210.25,212.3000030517578,1876200
2019-07-08,182.5200653076172,212.16000366210932,212.52999877929688,211.22999572753903,211.2400054931641,1818000
2019-07-09,182.4598388671875,212.08999633789065,212.69000244140625,211.47000122070312,211.9900054931641,1618800
2019-07-10,183.24273681640625,213.0,213.4600067138672,211.9499969482422,212.25,1842300
2019-07-11,182.97607421875,212.69000244140625,214.8000030517578,211.6100006103516,214.47000122070312,1922800
2019-07-12,183.234130859375,212.9900054931641,213.3999938964844,211.2700042724609,212.69000244140625,1960100
2019-07-15,184.28370666503903,214.2100067138672,214.6999969482422,212.69000244140625,213.6300048828125,2408500
2019-07-16,183.8621368408203,213.72000122070312,214.8999938964844,212.1499938964844,213.52999877929688,2380400
2019-07-17,183.85357666015625,213.7100067138672,214.8999938964844,213.3600006103516,213.97999572753903,1698400
2019-07-18,185.7461853027344,215.91000366210932,215.9499969482422,213.3300018310547,214.0800018310547,2259800
2019-07-19,183.9912109375,213.8699951171875,216.259994506836,213.8000030517578,215.5800018310547,2860500
2019-07-22,184.9633331298828,215.0,215.3300018310547,212.5200042724609,213.7899932861328,2580000
2019-07-23,184.3696746826172,214.3099975585937,216.25,212.63999938964844,215.7400054931641,2503600
2019-07-24,183.0534820556641,212.77999877929688,214.9499969482422,212.2700042724609,213.83999633789065,2971600
2019-07-25,184.48155212402344,214.44000244140625,214.6000061035156,212.3099975585937,212.3600006103516,3789000
2019-07-26,185.4622802734375,215.5800018310547,218.9600067138672,214.4900054931641,217.9499969482422,5029300
2019-07-29,184.9460906982422,214.97999572753903,217.4199981689453,214.3000030517578,216.0,4278600
2019-07-30,182.67491149902344,212.33999633789065,215.2100067138672,211.5800018310547,214.2899932861328,2808500
2019-07-31,181.28125,210.72000122070312,212.7100067138672,209.3699951171875,212.0800018310547,4048800
2019-08-01,181.73719787597656,211.25,213.1300048828125,210.1100006103516,211.17999267578125,3231800
2019-08-02,184.51600646972656,214.47999572753903,215.08999633789065,210.88999938964844,211.3000030517578,3517800
2019-08-05,181.0489654541016,210.4499969482422,214.6100006103516,209.42999267578125,213.63999938964844,3685600
2019-08-06,184.17184448242188,214.0800018310547,214.5500030517578,209.8800048828125,210.5,2970300
2019-08-07,186.53765869140625,216.8300018310547,217.5599975585937,211.33999633789065,213.259994506836,3767200
2019-08-08,187.5528106689453,218.009994506836,219.7400054931641,216.1699981689453,217.3099975585937,3724300
2019-08-09,190.25408935546875,221.1499938964844,221.92999267578125,218.0800018310547,218.0800018310547,3784000
2019-08-12,186.821533203125,217.16000366210932,220.6499938964844,216.3699951171875,220.44000244140625,2338200
2019-08-13,189.03250122070312,219.72999572753903,220.22000122070312,218.0399932861328,220.0,2913300
2019-08-14,186.23654174804688,216.47999572753903,219.7400054931641,216.3800048828125,218.9499969482422,3233700
2019-08-15,187.7764587402344,218.2700042724609,218.47999572753903,215.6699981689453,216.0,2774100
2019-08-16,187.9485321044922,218.47000122070312,219.82000732421875,217.3000030517578,219.17999267578125,2475900
2019-08-19,188.2152099609375,218.77999877929688,220.2100067138672,217.1100006103516,219.9900054931641,2721100
2019-08-20,187.9485321044922,218.47000122070312,219.9199981689453,218.3500061035156,218.8600006103516,2333800
2019-08-21,189.8756256103516,220.7100067138672,220.7899932861328,218.72999572753903,219.8999938964844,2053200
2019-08-22,188.82603454589844,219.4900054931641,220.88999938964844,217.8800048828125,220.5399932861328,2550600
2019-08-23,184.6708221435547,214.66000366210932,219.47000122070312,213.88999938964844,219.1699981689453,3662300
2019-08-26,186.6064910888672,216.91000366210932,217.17999267578125,214.2100067138672,216.0800018310547,2553100
2019-08-27,185.8666229248047,216.0500030517578,217.8999938964844,216.0500030517578,217.5800018310547,2070000
2019-08-28,187.6044464111328,218.07000732421875,218.2100067138672,215.3999938964844,216.6199951171875,2146100
2019-08-29,189.7292938232422,220.5399932861328,221.0200042724609,218.3699951171875,219.8300018310547,2729800
2019-08-30,188.5099029541016,217.97000122070312,220.0,216.94000244140625,219.8000030517578,2733700
2019-09-03,187.78347778320312,217.1300048828125,218.6699981689453,216.27999877929688,217.92999267578125,3183100
2019-09-04,188.96832275390625,218.5,219.259994506836,216.5,217.5,2252200
2019-09-05,189.8244781494141,219.4900054931641,220.3300018310547,218.3999938964844,220.2100067138672,2752100
2019-09-06,190.29147338867188,220.02999877929688,220.83999633789065,219.4499969482422,219.8099975585937,1976500
2019-09-09,187.89584350585932,217.259994506836,220.5,217.16000366210932,220.5,2569600
2019-09-10,181.34034729003903,209.67999267578125,215.42999267578125,208.27999877929688,215.42999267578125,6407600
2019-09-11,181.7901153564453,210.1999969482422,211.5500030517578,208.5399932861328,209.69000244140625,3393300
2019-09-12,183.47653198242188,212.1499938964844,214.02999877929688,211.3000030517578,211.8999938964844,3439100
2019-09-13,181.45278930664065,209.8099975585937,212.77999877929688,208.9499969482422,212.5,3791800
2019-09-16,179.3685302734375,207.3999938964844,209.8600006103516,207.3300018310547,209.3000030517578,3437700
2019-09-17,181.4873809814453,209.8500061035156,210.83999633789065,207.4900054931641,208.0,3667900
2019-09-18,181.98895263671875,210.42999267578125,210.8800048828125,208.2899932861328,210.6499938964844,2534800
2019-09-19,182.0668487548828,210.5200042724609,211.8300018310547,209.8699951171875,210.3800048828125,2552000
2019-09-20,181.08956909179688,209.38999938964844,211.77999877929688,209.3699951171875,210.33999633789065,5979300
2019-09-23,182.9489898681641,211.5399932861328,212.47000122070312,209.0599975585937,209.0599975585937,2812100
2019-09-24,183.36415100097656,212.0200042724609,213.5200042724609,211.5500030517578,212.5,3049800
2019-09-25,183.8916778564453,212.6300048828125,213.1499938964844,211.0,212.0200042724609,2414500
2019-09-26,183.8657073974609,212.6000061035156,215.6699981689453,212.47999572753903,214.22000122070312,3053100
2019-09-27,184.3499755859375,213.16000366210932,213.6300048828125,212.2899932861328,213.0599975585937,2333200
2019-09-30,185.6905212402344,214.7100067138672,215.3600006103516,212.8099975585937,213.16000366210932,2488000
2019-10-01,180.7695770263672,209.0200042724609,211.6999969482422,208.4600067138672,211.1300048828125,4811900
2019-10-02,178.3912811279297,206.2700042724609,208.47999572753903,205.58999633789065,207.92999267578125,4171400
2019-10-03,181.64306640625,210.02999877929688,210.02999877929688,206.3300018310547,206.82000732421875,3499900
2019-10-04,183.0787048339844,211.69000244140625,211.7100067138672,210.0399932861328,210.8300018310547,2220300
2019-10-07,183.27761840820312,211.9199981689453,212.8699951171875,211.1000061035156,211.1000061035156,3057000
2019-10-08,182.5770874023437,211.1100006103516,213.13999938964844,209.97000122070312,210.97999572753903,2555900
2019-10-09,184.0645904541016,212.8300018310547,213.47000122070312,211.6199951171875,211.6999969482422,1745900
2019-10-10,183.13922119140625,211.759994506836,213.1300048828125,211.5,211.759994506836,1853100
2019-10-11,180.7695770263672,209.0200042724609,213.2700042724609,208.6699981689453,213.02999877929688,3945700
2019-10-14,180.2160797119141,208.3800048828125,210.0200042724609,207.7899932861328,208.0,3088000
2019-10-15,179.21287536621094,207.22000122070312,209.72000122070312,206.5200042724609,209.5599975585937,3766800
2019-10-16,180.1468963623047,208.3000030517578,208.92999267578125,206.8099975585937,207.0,2891400
2019-10-17,178.8928680419922,206.8500061035156,209.4900054931641,206.83999633789065,208.5,3340500
2019-10-18,180.31983947753903,208.5,209.0500030517578,206.72999572753903,206.8000030517578,3518800
2019-10-21,181.4873809814453,209.8500061035156,210.759994506836,208.44000244140625,209.6999969482422,3684200
2019-10-22,172.3373565673828,199.2700042724609,205.25,199.1499938964844,205.08999633789065,10265400
2019-10-23,172.28546142578125,199.2100067138672,201.13999938964844,198.0200042724609,200.1100006103516,7943700
2019-10-24,169.52659606933594,196.0200042724609,199.5500030517578,195.7899932861328,199.5399932861328,4955600
2019-10-25,168.3071746826172,194.6100006103516,196.6499938964844,194.3999938964844,196.1000061035156,4773700
2019-10-28,165.8596649169922,191.77999877929688,195.32000732421875,191.5,194.97999572753903,7711400
2019-10-29,166.5861358642578,192.6199951171875,193.1999969482422,191.63999938964844,192.0,4454600
2019-10-30,170.27899169921875,196.88999938964844,197.0,191.67999267578125,193.2899932861328,6332600
2019-10-31,170.11471557617188,196.6999969482422,198.0,195.6300048828125,197.3999938964844,4961000
2019-11-01,167.7277374267578,193.94000244140625,197.97000122070312,193.6999969482422,197.77999877929688,4192400
2019-11-04,163.16139221191406,188.66000366210932,190.75,187.5500030517578,190.16000366210932,17662100
2019-11-05,166.20562744140625,192.17999267578125,193.0,189.4499969482422,189.6499938964844,10496000
2019-11-06,167.93527221679688,194.17999267578125,195.2700042724609,193.0500030517578,193.3000030517578,6473500
2019-11-07,166.98399353027344,193.0800018310547,196.0,192.32000732421875,195.72000122070312,4820200
2019-11-08,167.44235229492188,193.6100006103516,194.77999877929688,193.22000122070312,194.6000061035156,3499400
2019-11-11,166.6034393310547,192.63999938964844,194.25,192.5,193.6300048828125,2746700
2019-11-12,167.1569366455078,193.27999877929688,193.8600006103516,192.7700042724609,193.0,2930600
2019-11-13,168.6444549560547,195.0,195.08999633789065,193.509994506836,193.7700042724609,3405000
2019-11-14,167.77960205078125,194.0,195.5,193.16000366210932,195.22999572753903,3173900
2019-11-15,167.75367736816406,193.97000122070312,194.7899932861328,193.3099975585937,194.57000732421875,2991300
2019-11-18,168.0217742919922,194.27999877929688,195.72000122070312,193.8600006103516,194.1999969482422,3420300
2019-11-19,167.2952880859375,193.44000244140625,194.3999938964844,193.009994506836,194.1999969482422,2910500
2019-11-20,167.8920135498047,194.1300048828125,194.97000122070312,193.5399932861328,193.58999633789065,3131300
2019-11-21,166.35267639160156,192.3500061035156,194.66000366210932,192.259994506836,194.27999877929688,3509500
2019-11-22,167.0358428955078,193.13999938964844,193.4199981689453,192.1499938964844,193.19000244140625,2417700
2019-11-25,165.95481872558594,191.88999938964844,194.32000732421875,191.6000061035156,193.94000244140625,3999600
2019-11-26,167.78826904296875,194.009994506836,194.02999877929688,191.9499969482422,192.0,3877200
2019-11-27,169.76876831054688,196.3000030517578,196.6699981689453,193.9199981689453,194.259994506836,4133000
2019-11-29,169.27264404296875,194.47999572753903,196.5399932861328,194.2700042724609,196.509994506836,2815500
2019-12-02,169.88189697265625,195.17999267578125,195.58999633789065,193.77999877929688,195.3800048828125,3197500
2019-12-03,168.08888244628906,193.1199951171875,195.0399932861328,192.3500061035156,194.3000030517578,3745300
2019-12-04,169.12466430664062,194.3099975585937,194.47000122070312,192.88999938964844,193.58999633789065,2217200
2019-12-05,169.0376434326172,194.2100067138672,194.5,193.13999938964844,194.5,2819600
2019-12-06,170.02987670898438,195.3500061035156,195.7400054931641,194.1100006103516,194.5500030517578,3095100
2019-12-09,169.4467010498047,194.67999267578125,196.3500061035156,194.2899932861328,195.66000366210932,2227500
2019-12-10,169.6817626953125,194.9499969482422,195.38999938964844,194.27999877929688,194.6199951171875,2470100
2019-12-11,169.48150634765625,194.72000122070312,195.75,194.259994506836,195.6699981689453,2490300
2019-12-12,170.86546325683594,196.3099975585937,197.1699981689453,194.91000366210932,195.25,3024700
2019-12-13,171.57044982910156,197.1199951171875,197.3300018310547,195.33999633789065,196.0399932861328,2077900
2019-12-16,172.23199462890625,197.8800048828125,198.16000366210932,196.47999572753903,197.58999633789065,3650100
2019-12-17,171.0482177734375,196.5200042724609,198.72000122070312,196.4499969482422,197.6000061035156,3338200
2019-12-18,170.27359008789062,195.6300048828125,196.7899932861328,194.7100067138672,196.6000061035156,4287700
2019-12-19,171.5182342529297,197.0599975585937,197.17999267578125,195.25,195.4600067138672,3345700
2019-12-20,171.58787536621094,197.13999938964844,199.0,196.6499938964844,198.5500030517578,6415500
2019-12-23,170.76968383789062,196.1999969482422,197.5399932861328,196.02999877929688,197.5399932861328,2388900
2019-12-24,171.1787872314453,196.6699981689453,197.13999938964844,195.6699981689453,195.92999267578125,1152500
2019-12-26,171.5182342529297,197.0599975585937,197.16000366210932,196.16000366210932,196.6100006103516,1809600
2019-12-27,172.484375,198.1699981689453,198.47000122070312,197.17999267578125,197.3300018310547,2263900
2019-12-30,171.3876953125,196.91000366210932,197.8000030517578,195.94000244140625,197.5800018310547,2242400
2019-12-31,171.9969482421875,197.6100006103516,197.9499969482422,196.5599975585937,196.8000030517578,2278700
2020-01-02,174.76475524902344,200.7899932861328,200.8000030517578,197.8099975585937,198.0,3554200
2020-01-03,174.1468048095703,200.0800018310547,200.5500030517578,198.8500061035156,199.38999938964844,2767600
2020-01-06,176.10516357421875,202.3300018310547,202.7700042724609,199.3500061035156,199.6000061035156,4660400
2020-01-07,176.36627197265625,202.6300048828125,202.67999267578125,200.509994506836,201.8699951171875,4047400
2020-01-08,179.22113037109375,205.91000366210932,206.69000244140625,202.1999969482422,202.6199951171875,5284200
2020-01-09,181.34487915039065,208.3500061035156,209.3699951171875,206.1000061035156,206.8600006103516,5971600
2020-01-10,180.4049072265625,207.2700042724609,208.9499969482422,207.2700042724609,208.44000244140625,2336400
2020-01-13,179.74339294433594,206.509994506836,207.77999877929688,205.759994506836,207.3800048828125,2784200
2020-01-14,180.4484100341797,207.32000732421875,207.6499938964844,205.4600067138672,205.4600067138672,2622700
2020-01-15,182.5808563232422,209.7700042724609,210.3500061035156,207.32000732421875,207.32000732421875,3369400
2020-01-16,183.52084350585932,210.8500061035156,211.1100006103516,209.22000122070312,210.1100006103516,2726700
2020-01-17,184.5043792724609,211.97999572753903,212.7700042724609,211.3500061035156,211.4199981689453,3540400
2020-01-21,183.79067993164065,211.16000366210932,212.259994506836,210.22000122070312,211.3699951171875,4100500
2020-01-22,184.0343780517578,211.44000244140625,213.66000366210932,211.41000366210932,213.16000366210932,2757400
2020-01-23,185.7577209472656,213.4199981689453,213.5,208.6199951171875,210.5399932861328,3378200
2020-01-24,183.8603363037109,211.2400054931641,214.17999267578125,210.8999938964844,214.17999267578125,3106300
2020-01-27,182.20657348632807,209.33999633789065,210.6100006103516,207.3000030517578,207.83999633789065,3389300
2020-01-28,183.12045288085932,210.38999938964844,212.2100067138672,209.8600006103516,209.88999938964844,3855200
2020-01-29,186.64553833007807,214.44000244140625,216.4199981689453,210.8000030517578,211.69000244140625,5734800
2020-01-30,188.16001892089844,216.17999267578125,216.7400054931641,212.8300018310547,214.0,3560700
2020-01-31,186.2364501953125,213.97000122070312,217.1000061035156,213.13999938964844,215.5200042724609,3920800
2020-02-03,187.28961181640625,215.17999267578125,216.8800048828125,214.22999572753903,214.9900054931641,3539200
2020-02-04,186.8022003173828,214.6199951171875,216.69000244140625,214.25,216.1100006103516,3367900
2020-02-05,186.58457946777344,214.3699951171875,215.77999877929688,213.009994506836,215.63999938964844,2911400
2020-02-06,185.279052734375,212.8699951171875,214.82000732421875,212.63999938964844,214.72000122070312,2903300
2020-02-07,184.182357788086,211.6100006103516,212.83999633789065,211.08999633789065,212.5599975585937,2421600
2020-02-10,185.57498168945312,213.2100067138672,213.27999877929688,211.25,211.33999633789065,2318800
2020-02-11,187.7683563232422,215.72999572753903,215.8600006103516,213.6499938964844,214.0,2694500
2020-02-12,189.2740936279297,217.4600067138672,217.47000122070312,215.1100006103516,216.0,2844900
2020-02-13,189.23927307128903,217.4199981689453,218.38999938964844,216.19000244140625,216.7100067138672,2853400
2020-02-14,188.9521026611328,217.08999633789065,217.83999633789065,216.3800048828125,217.5,1720400
2020-02-18,188.13394165039065,216.1499938964844,217.0399932861328,215.6699981689453,215.9199981689453,2712600
2020-02-19,187.6813201904297,215.6300048828125,216.9199981689453,215.6100006103516,216.8099975585937,2229500
2020-02-20,187.2025909423828,215.0800018310547,216.6499938964844,212.77999877929688,216.1499938964844,2869400
2020-02-21,187.8901824951172,215.8699951171875,216.3699951171875,214.3000030517578,215.2400054931641,2791200
2020-02-24,185.84478759765625,213.5200042724609,215.17999267578125,210.1100006103516,210.5800018310547,4218800
2020-02-25,184.6088714599609,212.1000061035156,216.8300018310547,211.1499938964844,214.5800018310547,5053700
2020-02-26,182.86813354492188,210.1000061035156,214.5599975585937,209.75,212.88999938964844,4190800
2020-02-27,174.94754028320312,201.0,210.0,200.92999267578125,207.6999969482422,6406200
2020-02-28,170.06036376953125,194.1699981689453,198.44000244140625,188.8099975585937,196.0,11324000
2020-03-02,177.39990234375,202.5500030517578,202.5500030517578,193.17999267578125,193.8099975585937,6154200
2020-03-03,174.73731994628906,199.509994506836,205.6699981689453,197.16000366210932,202.0,5115200
2020-03-04,181.3148498535156,207.0200042724609,207.16000366210932,200.8999938964844,201.92999267578125,4260400
2020-03-05,173.69512939453125,198.32000732421875,203.91000366210932,196.3300018310547,202.63999938964844,4107200
2020-03-06,174.16802978515625,198.8600006103516,199.5800018310547,191.2100067138672,192.8999938964844,6360100
2020-03-09,163.65806579589844,186.8600006103516,194.47000122070312,184.1000061035156,187.6699981689453,7788500
2020-03-10,175.0438995361328,199.8600006103516,200.0,187.88999938964844,190.9499969482422,5835200
2020-03-11,164.87548828125,188.25,195.7400054931641,185.8300018310547,192.94000244140625,5625100
2020-03-12,149.00538635253906,170.1300048828125,179.83999633789062,169.3800048828125,174.77999877929688,9079300
2020-03-13,155.13624572753906,177.1300048828125,179.47000122070312,168.1999969482422,178.25999450683594,8042600
2020-03-16,130.50784301757812,149.00999450683594,161.9199981689453,147.6300048828125,157.10000610351562,9341300
2020-03-17,129.29039001464844,147.6199951171875,149.47999572753906,135.0,148.02000427246094,13708200
2020-03-18,120.25181579589844,137.3000030517578,141.7100067138672,124.2300033569336,137.5,12627600
2020-03-19,130.93695068359375,149.5,154.83999633789062,128.2100067138672,135.1999969482422,12773400
2020-03-20,130.05238342285156,148.49000549316406,161.5399932861328,147.77000427246094,153.58999633789062,12000000
2020-03-23,120.07666015625,137.10000610351562,153.2100067138672,136.5,142.9499969482422,10660400
2020-03-24,141.84107971191406,161.9499969482422,162.97999572753906,146.10000610351562,149.0,11678400
2020-03-25,142.7432098388672,162.97999572753906,171.36000061035156,159.22000122070312,165.0,9708700
2020-03-26,146.57058715820312,167.35000610351562,170.92999267578125,161.0,163.99000549316406,8259900
2020-03-27,143.64527893066406,164.00999450683594,169.74000549316406,159.22000122070312,162.77999877929688,6441400
2020-03-30,147.2537078857422,168.1300048828125,170.30999755859375,163.57000732421875,164.9199981689453,5621700
2020-03-31,144.8189239501953,165.35000610351562,169.50999450683594,165.0,166.83999633789062,4519900
2020-04-01,138.53042602539062,158.1699981689453,161.44000244140625,156.35000610351562,160.22000122070312,4668900
2020-04-02,141.4469757080078,161.5,161.9499969482422,155.0,155.0,4803200
2020-04-03,140.42222595214844,160.3300018310547,162.22999572753906,156.14999389648438,160.30999755859375,5050400
2020-04-06,155.05735778808594,177.0399932861328,177.8699951171875,168.24000549316406,169.1999969482422,8330900
2020-04-07,153.78741455078125,175.58999633789062,185.19000244140625,175.16000366210938,184.52999877929688,7848300
2020-04-08,155.4515380859375,177.49000549316406,179.4199981689453,174.10000610351562,175.00999450683594,5665700
2020-04-09,160.8904571533203,183.6999969482422,185.4600067138672,179.6199951171875,180.72999572753903,4901300
2020-04-13,157.75497436523438,180.1199951171875,182.8500061035156,176.91000366210938,182.67999267578125,3182500
2020-04-14,161.14443969726562,183.9900054931641,184.4900054931641,181.83999633789065,183.75,3863800
2020-04-15,155.75804138183594,177.83999633789062,180.97000122070312,177.27000427246094,178.74000549316406,4961500
2020-04-16,157.2119598388672,179.5,179.91000366210938,172.27000427246094,177.0,7120800
2020-04-17,162.99246215820312,186.1000061035156,186.8099975585937,180.22999572753903,182.32000732421875,6467600
2020-04-20,159.094970703125,181.6499938964844,185.77999877929688,181.5500030517578,184.4499969482422,3856500
2020-04-21,155.5303497314453,177.5800018310547,179.38999938964844,176.10000610351562,177.3699951171875,4758300
2020-04-22,163.32521057128906,186.47999572753903,187.72999572753903,180.75,180.75,4243600
2020-04-23,159.43653869628906,182.0399932861328,187.3300018310547,181.32000732421875,186.16000366210932,5050100
2020-04-24,161.17068481445312,184.0200042724609,184.3500061035156,180.8600006103516,183.259994506836,3319600
2020-04-27,162.8085479736328,185.88999938964844,188.3699951171875,184.7700042724609,185.1499938964844,4048200
2020-04-28,162.8435516357422,185.92999267578125,190.0,185.57000732421875,190.0,3805000
2020-04-29,164.49888610839844,187.82000732421875,190.41000366210932,186.8800048828125,188.52999877929688,3465200
2020-04-30,164.27114868164062,187.5599975585937,188.3099975585937,180.759994506836,182.0,7127200
2020-05-01,159.9795684814453,182.66000366210932,185.5399932861328,182.1499938964844,184.0,3764800
2020-05-04,159.2876434326172,181.8699951171875,182.4600067138672,178.8699951171875,181.3099975585937,4027100
2020-05-05,156.9842529296875,179.24000549316406,183.8600006103516,179.11000061035156,183.52999877929688,3828400
2020-05-06,154.9961700439453,176.97000122070312,181.1199951171875,176.86000061035156,180.6000061035156,3916900
2020-05-07,158.63079833984375,181.1199951171875,181.5599975585937,178.3000030517578,179.5,3039600
2020-05-08,158.7271270751953,181.22999572753903,183.42999267578125,179.91000366210938,183.1999969482422,3411600
2020-05-11,158.42062377929688,180.8800048828125,182.8800048828125,178.52000427246094,179.3699951171875,2631300
2020-05-12,154.6195068359375,176.5399932861328,182.58999633789065,176.44000244140625,181.97000122070312,3610600
2020-05-13,151.3613739013672,172.82000732421875,176.57000732421875,171.00999450683594,176.17999267578125,4729100
2020-05-14,153.62979125976562,175.41000366210938,175.66000366210938,167.85000610351562,170.1999969482422,4868400
2020-05-15,152.22845458984375,173.80999755859375,174.7100067138672,171.67999267578125,173.0500030517578,6879600
2020-05-18,157.50099182128906,179.8300018310547,181.1499938964844,178.11000061035156,180.05999755859375,4653000
2020-05-19,157.27325439453125,179.57000732421875,181.4600067138672,178.07000732421875,180.1199951171875,3365000
2020-05-20,161.2407989501953,184.1000061035156,184.6000061035156,180.57000732421875,182.0,4920800
2020-05-21,162.09909057617188,185.0800018310547,185.47999572753903,182.1100006103516,184.17999267578125,2913600
2020-05-22,161.5122833251953,184.41000366210932,185.3500061035156,183.17999267578125,184.47999572753903,2475200
2020-05-26,161.88890075683594,184.83999633789065,190.66000366210932,184.2400054931641,189.58999633789065,3990900
2020-05-27,164.4113006591797,187.72000122070312,188.75,185.2700042724609,188.7400054931641,3993400
2020-05-28,165.29586791992188,188.72999572753903,190.47999572753903,186.72000122070312,189.4199981689453,3567600
2020-05-29,164.27316284179688,186.32000732421875,188.6999969482422,185.7100067138672,187.42999267578125,5717200
2020-06-01,165.23416137695312,187.41000366210932,187.83999633789065,185.6000061035156,186.7100067138672,2168200
2020-06-02,165.39283752441406,187.58999633789065,188.5599975585937,186.08999633789065,188.3999938964844,3125500
2020-06-03,170.41839599609375,193.2899932861328,193.8099975585937,188.08999633789065,188.47000122070312,3881500
2020-06-04,170.37432861328125,193.2400054931641,194.259994506836,191.6199951171875,192.32000732421875,3469100
2020-06-05,173.83047485351562,197.16000366210932,200.1499938964844,196.2700042724609,198.0,4728300
2020-06-08,178.67083740234375,202.6499938964844,202.72999572753903,195.63999938964844,195.67999267578125,4443900
2020-06-09,175.91119384765625,199.5200042724609,201.57000732421875,199.009994506836,200.3699951171875,3728600
2020-06-10,172.63136291503906,195.8000030517578,199.5599975585937,195.6699981689453,199.1300048828125,3459900
2020-06-11,165.3223419189453,187.509994506836,192.91000366210932,186.3300018310547,190.8999938964844,5796000
2020-06-12,166.78591918945312,189.1699981689453,191.6699981689453,185.4499969482422,191.6699981689453,4108600
2020-06-15,167.0680389404297,189.4900054931641,190.1199951171875,184.13999938964844,184.6000061035156,4499000
2020-06-16,167.7998504638672,190.32000732421875,193.5,187.509994506836,192.0,5434800
2020-06-17,168.2142333984375,190.7899932861328,192.8800048828125,190.4199981689453,191.9199981689453,3154100
2020-06-18,167.0680389404297,189.4900054931641,190.7400054931641,187.88999938964844,190.009994506836,3153300
2020-06-19,164.48475646972656,186.5599975585937,192.3600006103516,186.52999877929688,192.2899932861328,6267700
2020-06-22,165.27825927734375,187.4600067138672,187.7700042724609,184.88999938964844,186.0,3223200
2020-06-23,164.53762817382812,186.6199951171875,189.72999572753903,186.32000732421875,189.5500030517578,2951900
2020-06-24,162.4833526611328,184.2899932861328,185.7100067138672,181.33999633789065,184.9600067138672,4146600
2020-06-25,161.13436889648438,182.759994506836,184.0800018310547,180.3300018310547,183.509994506836,3145200
2020-06-26,158.47174072265625,179.74000549316406,182.8099975585937,178.8800048828125,182.3699951171875,5107400
2020-06-29,161.169677734375,182.8000030517578,182.8300018310547,179.1699981689453,180.57000732421875,2622200
2020-06-30,162.6420440673828,184.47000122070312,185.1999969482422,181.88999938964844,182.9199981689453,3163100
2020-07-01,162.80953979492188,184.66000366210932,186.44000244140625,183.72000122070312,184.9499969482422,2193800
2020-07-02,161.804443359375,183.5200042724609,187.0,182.8600006103516,187.0,2690200
2020-07-06,166.19517517089844,188.5,188.72000122070312,184.13999938964844,186.0,3171500
2020-07-07,163.83230590820312,185.82000732421875,187.8500061035156,185.25,187.3699951171875,2399600
2020-07-08,163.8587646484375,185.8500061035156,187.22999572753903,184.75,185.5,2776400
2020-07-09,162.5186309814453,184.3300018310547,186.58999633789065,182.6199951171875,186.22000122070312,2333500
2020-07-10,163.00352478027344,184.8800048828125,185.44000244140625,183.009994506836,183.77999877929688,2714100
2020-07-13,163.03878784179688,184.9199981689453,188.9499969482422,184.7100067138672,185.6000061035156,3221600
2020-07-14,168.1524658203125,190.72000122070312,190.83999633789065,184.72999572753903,185.08999633789065,4138600
2020-07-15,169.07827758789062,191.7700042724609,194.0,189.8800048828125,193.8999938964844,3735400
2020-07-16,168.32884216308594,190.9199981689453,192.759994506836,190.1499938964844,191.1199951171875,2111100
2020-07-17,168.8225860595703,191.47999572753903,191.8999938964844,190.1300048828125,191.33999633789065,1972600
2020-07-20,168.9371795654297,191.6100006103516,192.7700042724609,190.3699951171875,190.8999938964844,2157100
2020-07-21,170.14508056640625,192.97999572753903,194.8999938964844,192.0,192.3300018310547,3505400
2020-07-22,175.11770629882812,198.6199951171875,199.6499938964844,193.0500030517578,193.2100067138672,3484400
2020-07-23,174.17428588867188,197.5500030517578,199.2700042724609,196.009994506836,198.4600067138672,2702200
2020-07-24,175.2058868408203,198.72000122070312,198.91000366210932,195.72999572753903,196.88999938964844,2199900
2020-07-27,177.4364776611328,201.25,202.5200042724609,198.7100067138672,199.0399932861328,4541700
2020-07-28,173.01934814453125,196.2400054931641,199.88999938964844,195.5,198.6000061035156,6051000
2020-07-29,172.9928741455078,196.2100067138672,198.4600067138672,195.7100067138672,196.3000030517578,3342900
2020-07-30,172.2875213623047,195.41000366210932,196.3999938964844,192.9199981689453,195.0,2705700
2020-07-31,171.291259765625,194.27999877929688,194.67999267578125,191.63999938964844,194.1499938964844,3194700
2020-08-03,171.39703369140625,194.3999938964844,195.6000061035156,193.58999633789065,194.3300018310547,3143500
2020-08-04,175.7701416015625,199.3600006103516,199.6999969482422,194.33999633789065,194.9499969482422,3699900
2020-08-05,175.6819610595703,199.259994506836,200.5,197.91000366210932,200.0,2259600
2020-08-06,179.13809204101562,203.17999267578125,203.6000061035156,198.3699951171875,198.77999877929688,3158900
2020-08-07,180.39010620117188,204.6000061035156,205.16000366210932,203.2899932861328,203.3600006103516,2980000
2020-08-10,179.9668731689453,204.1199951171875,205.16000366210932,202.5399932861328,204.3500061035156,2783600
2020-08-11,180.7427673339844,205.0,207.4199981689453,204.25,205.0,2478400
2020-08-12,181.6420440673828,206.0200042724609,207.3999938964844,205.3800048828125,206.8600006103516,2167100
2020-08-13,182.05648803710932,206.4900054931641,207.25,205.3500061035156,205.9600067138672,1795000
2020-08-14,182.53256225585932,207.02999877929688,207.3300018310547,205.1999969482422,205.9499969482422,2060200
2020-08-17,183.97853088378903,208.6699981689453,209.5,206.8500061035156,206.94000244140625,2619000
2020-08-18,185.43325805664065,210.32000732421875,210.42999267578125,207.22999572753903,209.259994506836,2921500
2020-08-19,184.7191162109375,209.509994506836,211.1699981689453,208.63999938964844,210.22000122070312,2711100
2020-08-20,185.0453338623047,209.8800048828125,210.9900054931641,208.1000061035156,208.1199951171875,2084900
2020-08-21,186.53536987304688,211.57000732421875,212.19000244140625,209.259994506836,209.9600067138672,3484800
2020-08-24,187.4611053466797,212.6199951171875,213.5,210.92999267578125,212.259994506836,2463900
2020-08-25,187.48757934570312,212.6499938964844,214.19000244140625,212.22000122070312,213.9600067138672,2302400
2020-08-26,188.46620178222656,213.759994506836,214.4199981689453,211.6000061035156,212.08999633789065,2316700
2020-08-27,187.0819702148437,212.19000244140625,216.1000061035156,212.1000061035156,214.33999633789065,3226800
2020-08-28,189.4801483154297,214.91000366210932,216.7100067138672,211.7700042724609,212.82000732421875,3212500
2020-08-31,189.35595703125,213.5200042724609,214.9900054931641,212.8099975585937,213.5200042724609,2900900
2020-09-01,188.6199188232422,212.69000244140625,213.6100006103516,210.5800018310547,210.83999633789065,2926700
2020-09-02,191.7593231201172,216.22999572753903,217.1300048828125,212.69000244140625,213.25,4092000
2020-09-03,189.60430908203125,213.8000030517578,218.1100006103516,211.8999938964844,218.1100006103516,3126700
2020-09-04,187.76852416992188,211.72999572753903,217.77999877929688,210.759994506836,215.2899932861328,3828600
2020-09-08,189.40921020507807,213.5800018310547,216.3000030517578,211.0599975585937,211.17999267578125,4107600
2020-09-09,191.2981414794922,215.7100067138672,218.1699981689453,214.44000244140625,215.0,3213200
2020-09-10,192.65499877929688,217.2400054931641,219.47999572753903,215.72000122070312,215.72000122070312,3325600
2020-09-11,193.32899475097656,218.0,219.17999267578125,216.27999877929688,217.69000244140625,3616500
2020-09-14,195.59922790527344,220.5599975585937,222.58999633789065,219.33999633789065,219.72000122070312,2543800
2020-09-15,197.2044219970703,222.3699951171875,223.63999938964844,221.3999938964844,221.759994506836,2640700
2020-09-16,199.3683013916016,224.8099975585937,226.72000122070312,221.3000030517578,222.1699981689453,3463700
2020-09-17,197.39068603515625,222.5800018310547,223.72999572753903,220.5,223.6999969482422,3376600
2020-09-18,195.3420867919922,220.2700042724609,223.57000732421875,220.1300048828125,221.6199951171875,3861400
2020-09-21,191.91896057128903,216.41000366210932,218.0500030517578,213.3999938964844,217.13999938964844,2831800
2020-09-22,191.91896057128903,216.41000366210932,216.9600067138672,214.5500030517578,216.42999267578125,2475600
2020-09-23,190.64187622070312,214.97000122070312,219.69000244140625,214.2400054931641,217.6699981689453,2777700
2020-09-24,191.66172790527344,216.1199951171875,218.41000366210932,213.58999633789065,214.75,1727000
2020-09-25,193.4886474609375,218.17999267578125,219.25,213.6499938964844,215.3000030517578,2196800
2020-09-28,195.33322143554688,220.259994506836,221.97999572753903,219.0200042724609,220.0,2111700
2020-09-29,193.93202209472656,218.67999267578125,220.9600067138672,218.47999572753903,220.4199981689453,1731700
2020-09-30,194.6503753662109,219.4900054931641,222.1999969482422,218.41000366210932,218.8699951171875,3034100
2020-10-01,194.7390594482422,219.58999633789065,223.0,217.7899932861328,221.58999633789065,2443000
2020-10-02,197.470458984375,222.6699981689453,223.3500061035156,217.1000061035156,217.509994506836,3833100
2020-10-05,200.4857177734375,226.07000732421875,226.5,224.009994506836,224.8600006103516,2913800
2020-10-06,198.72976684570312,224.08999633789065,228.66000366210932,223.6000061035156,226.8300018310547,2453600
2020-10-07,200.8493194580078,226.47999572753903,228.41000366210932,225.1300048828125,225.5800018310547,1972500
2020-10-08,200.2462615966797,225.8000030517578,227.0800018310547,224.2899932861328,226.08999633789065,3195800
2020-10-09,199.38604736328125,224.8300018310547,227.22000122070312,223.1199951171875,226.94000244140625,3237700
2020-10-12,200.5211944580078,226.1100006103516,226.509994506836,223.1199951171875,224.8099975585937,2412400
2020-10-13,201.620849609375,227.3500061035156,228.5800018310547,224.92999267578125,225.6999969482422,2098900
2020-10-14,201.8602752685547,227.6199951171875,229.47999572753903,227.3500061035156,228.41000366210932,1862600
2020-10-15,203.65170288085932,229.63999938964844,230.0,225.58999633789065,226.1499938964844,2177300
2020-10-16,203.4122467041016,229.3699951171875,231.91000366210932,229.1499938964844,229.7700042724609,2162800
2020-10-19,200.42361450195312,226.0,231.0200042724609,225.1699981689453,229.5500030517578,2009500
2020-10-20,201.70950317382807,227.4499969482422,230.0,226.42999267578125,226.7400054931641,1883200
2020-10-21,202.36582946777344,228.19000244140625,229.4900054931641,227.2100067138672,227.22999572753903,1518200
2020-10-22,203.21714782714844,229.1499938964844,229.3999938964844,226.8800048828125,227.759994506836,1961300
2020-10-23,202.8269195556641,228.7100067138672,230.41000366210932,227.8000030517578,230.41000366210932,2278100
2020-10-26,198.88943481445312,224.2700042724609,227.25,220.97000122070312,226.77999877929688,2537800
2020-10-27,197.736557006836,222.97000122070312,225.22999572753903,222.72000122070312,224.47000122070312,1801900
2020-10-28,190.39358520507807,214.69000244140625,220.58999633789065,214.4600067138672,218.38999938964844,3272900
2020-10-29,190.62413024902344,214.9499969482422,217.6499938964844,213.07000732421875,214.69000244140625,2477600
2020-10-30,188.8948516845703,213.0,215.22000122070312,209.91000366210932,213.6000061035156,3450900
2020-11-02,188.50460815429688,212.5599975585937,216.32000732421875,210.7899932861328,215.8800048828125,2983200
2020-11-03,192.2648162841797,216.8000030517578,218.1000061035156,213.9499969482422,215.58999633789065,2615000
2020-11-04,190.55319213867188,214.8699951171875,219.47000122070312,213.3000030517578,215.0,3360800
2020-11-05,191.8302764892578,216.3099975585937,218.1999969482422,214.67999267578125,216.07000732421875,3622000
2020-11-06,192.05197143554688,216.5599975585937,217.88999938964844,214.25,216.0,3916100
2020-11-09,189.0899810791016,213.22000122070312,227.8500061035156,207.1699981689453,226.7899932861328,7981200
2020-11-10,189.1786651611328,213.32000732421875,215.9900054931641,211.33999633789065,215.75,4255600
2020-11-11,193.3467559814453,218.0200042724609,219.25,214.3000030517578,214.8099975585937,4126900
2020-11-12,188.95692443847656,213.07000732421875,217.82000732421875,210.8800048828125,217.5599975585937,4253200
2020-11-13,189.1431579589844,213.27999877929688,214.38999938964844,212.33999633789065,213.759994506836,3072100
2020-11-16,192.2027130126953,216.72999572753903,216.75,213.6300048828125,215.5,3702100
2020-11-17,191.564193725586,216.009994506836,217.38999938964844,214.0200042724609,215.6000061035156,2443100
2020-11-18,191.129638671875,215.5200042724609,217.83999633789065,215.41000366210932,216.1000061035156,3095200
2020-11-19,190.7660217285156,215.1100006103516,215.47999572753903,213.3300018310547,214.83999633789065,2840500
2020-11-20,189.8614959716797,214.08999633789065,215.22000122070312,213.6300048828125,214.38999938964844,3932600
2020-11-23,192.4421539306641,217.0,217.6000061035156,214.6499938964844,215.13999938964844,3010300
2020-11-24,194.845458984375,219.7100067138672,221.25,218.25,219.009994506836,3870900
2020-11-25,194.517333984375,219.33999633789065,220.58999633789065,217.9199981689453,219.97999572753903,1889200
2020-11-27,193.6216583251953,218.3300018310547,220.3999938964844,217.66000366210932,219.0200042724609,1394400
2020-11-30,193.9784698486328,217.44000244140625,217.57000732421875,214.42999267578125,216.4600067138672,3413600
2020-12-01,192.81874084472656,216.13999938964844,218.92999267578125,215.52999877929688,218.8800048828125,4224800
2020-12-02,188.1084747314453,210.8600006103516,214.3999938964844,209.1300048828125,214.0,6223700
2020-12-03,188.6883087158203,211.509994506836,213.22999572753903,210.5599975585937,210.94000244140625,3732500
2020-12-04,188.0014190673828,210.7400054931641,213.3800048828125,210.1000061035156,211.6000061035156,3151100
2020-12-07,186.35104370117188,208.88999938964844,209.1100006103516,206.19000244140625,208.52999877929688,3826000
2020-12-08,185.90493774414065,208.38999938964844,209.1000061035156,206.41000366210932,206.5500030517578,2709400
2020-12-09,186.172592163086,208.69000244140625,209.52999877929688,207.3300018310547,209.4900054931641,3010900
2020-12-10,185.5927276611328,208.0399932861328,208.759994506836,207.07000732421875,208.5,2956400
2020-12-11,185.34295654296875,207.759994506836,208.94000244140625,206.72999572753903,207.47000122070312,2770800
2020-12-14,189.0540771484375,211.9199981689453,214.7400054931641,210.2100067138672,210.72999572753903,4745000
2020-12-15,191.67686462402344,214.8600006103516,216.2100067138672,212.7400054931641,213.22000122070312,3798200
2020-12-16,190.73123168945312,213.8000030517578,217.509994506836,213.66000366210932,214.8800048828125,2682000
2020-12-17,191.13267517089844,214.25,215.7899932861328,213.52999877929688,215.38999938964844,2558800
2020-12-18,191.8731231689453,215.0800018310547,216.8500061035156,213.82000732421875,215.1499938964844,7929100
2020-12-21,188.83108520507807,211.6699981689453,212.5500030517578,208.009994506836,210.6199951171875,4342500
2020-12-22,189.0540771484375,211.9199981689453,212.91000366210932,210.3699951171875,211.1999969482422,2772800
2020-12-23,189.1433258056641,212.0200042724609,213.42999267578125,211.7899932861328,212.3000030517578,1658800
2020-12-24,188.5812530517578,211.38999938964844,212.7400054931641,211.13999938964844,212.1199951171875,1047700
2020-12-28,190.927490234375,214.0200042724609,214.8800048828125,212.19000244140625,212.9900054931641,2550100
2020-12-29,189.7588348388672,212.7100067138672,215.77999877929688,212.4499969482422,214.63999938964844,1665700
2020-12-30,188.73291015625,211.5599975585937,213.3600006103516,211.27999877929688,212.9600067138672,1855000
2020-12-31,191.4270782470703,214.5800018310547,214.92999267578125,210.77999877929688,211.25,2610900
