unnamed:0,unnamed:0.13,unnamed:0.12,unnamed:0.11,unnamed:0.10,unnamed:0.9,unnamed:0.8,unnamed:0.7,unnamed:0.6,unnamed:0.5,unnamed:0.4,unnamed:0.3,unnamed:0.2,unnamed:0.1,date,adjclose,close,high,low,open,volume
0,0,0,0,0,0,0,0,0,0,0,0,0,0,2015-01-02,0.4830114245414734,0.503250002861023,0.5070000290870667,0.4952499866485595,0.503250002861023,113680000
1,1,1,1,1,1,1,1,1,1,1,1,1,1,2015-01-05,0.4748532176017761,0.4947499930858612,0.5047500133514404,0.4925000071525574,0.503250002861023,197952000
2,2,2,2,2,2,2,2,2,2,2,2,2,2,2015-01-06,0.4604566097259521,0.4797500073909759,0.4959999918937683,0.4792500138282776,0.4954999983310699,197764000
3,3,3,3,3,3,3,3,3,3,3,3,3,3,2015-01-07,0.4592567086219787,0.4785000085830688,0.4875000119209289,0.4769999980926513,0.4832499921321869,321808000
4,4,4,4,4,4,4,4,4,4,4,4,4,4,2015-01-08,0.4765328466892242,0.4964999854564667,0.4995000064373016,0.4837499856948852,0.4839999973773956,283780000
5,5,5,5,5,5,5,5,5,5,5,5,5,5,2015-01-09,0.4784523844718933,0.4984999895095825,0.5022500157356262,0.4914999902248382,0.4982500076293945,209540000
6,6,6,6,6,6,6,6,6,6,6,6,6,6,2015-01-12,0.4724537432193756,0.492249995470047,0.5,0.4877499938011169,0.4997499883174896,190732000
7,7,7,7,7,7,7,7,7,7,7,7,7,7,2015-01-13,0.471733957529068,0.4914999902248382,0.5059999823570251,0.4880000054836273,0.4959999918937683,236720000
8,8,8,8,8,8,8,8,8,8,8,8,8,8,2015-01-14,0.4736534059047699,0.4934999942779541,0.4950000047683716,0.4850000143051147,0.4862500131130218,155260000
9,9,9,9,9,9,9,9,9,9,9,9,9,9,2015-01-15,0.4702942967414856,0.4900000095367431,0.5,0.4897499978542328,0.4970000088214874,188932000
10,10,10,10,10,10,10,10,10,10,10,10,10,10,2015-01-16,0.4789323210716247,0.4990000128746032,0.4995000064373016,0.4877499938011169,0.4892500042915344,181512000
11,11,11,11,11,11,11,11,11,11,11,11,11,11,2015-01-20,0.4803720414638519,0.5005000233650208,0.5052499771118164,0.4942499995231628,0.5024999976158142,140308000
12,12,12,12,12,12,12,12,12,12,12,12,12,12,2015-01-21,0.487090528011322,0.5074999928474426,0.5087500214576721,0.4942499995231628,0.4977500140666961,144780000
13,13,13,13,13,13,13,13,13,13,13,13,13,13,2015-01-22,0.4954886734485626,0.5162500143051147,0.5177500247955322,0.503250002861023,0.5084999799728394,159712000
14,14,14,14,14,14,14,14,14,14,14,14,14,14,2015-01-23,0.4969281852245331,0.5177500247955322,0.518750011920929,0.512499988079071,0.5167499780654907,120416000
15,15,15,15,15,15,15,15,15,15,15,15,15,15,2015-01-26,0.4947686791419983,0.515500009059906,0.5180000066757202,0.5122500061988831,0.515500009059906,133240000
16,16,16,16,16,16,16,16,16,16,16,16,16,16,2015-01-27,0.4710141718387604,0.4907500147819519,0.5080000162124634,0.4897499978542328,0.5074999928474426,357948000
17,17,17,17,17,17,17,17,17,17,17,17,17,17,2015-01-28,0.4633358120918274,0.4827499985694885,0.4987500011920929,0.4824999868869781,0.496749997138977,272728000
18,18,18,18,18,18,18,18,18,18,18,18,18,18,2015-01-29,0.4746133387088775,0.4945000112056732,0.4972499907016754,0.4807499945163727,0.4830000102519989,235340000
19,19,19,19,19,19,19,19,19,19,19,19,19,19,2015-01-30,0.4606964588165283,0.4799999892711639,0.496749997138977,0.4792500138282776,0.4909999966621399,298200000
20,20,20,20,20,20,20,20,20,20,20,20,20,20,2015-02-02,0.4707741439342499,0.4905000030994415,0.4925000071525574,0.4735000133514404,0.4830000102519989,259604000
21,21,21,21,21,21,21,21,21,21,21,21,21,21,2015-02-03,0.4825315773487091,0.5027499794960022,0.503250002861023,0.4914999902248382,0.4939999878406524,183468000
22,22,22,22,22,22,22,22,22,22,22,22,22,22,2015-02-04,0.4837312400341034,0.5040000081062317,0.5097500085830688,0.4997499883174896,0.5012500286102295,181516000
23,23,23,23,23,23,23,23,23,23,23,23,23,23,2015-02-05,0.4916494190692901,0.5122500061988831,0.512499988079071,0.5040000081062317,0.5044999718666077,140448000
24,24,24,24,24,24,24,24,24,24,24,24,24,24,2015-02-06,0.4894899129867553,0.5099999904632568,0.5177500247955322,0.5077499747276306,0.5117499828338623,210524000
25,25,25,25,25,25,25,25,25,25,25,25,25,25,2015-02-09,0.4890101552009582,0.5095000267028809,0.5109999775886536,0.5037500262260437,0.5070000290870667,273944000
26,26,26,26,26,26,26,26,26,26,26,26,26,26,2015-02-10,0.5026870369911194,0.5237500071525574,0.5239999890327454,0.5077499747276306,0.5099999904632568,226204000
27,27,27,27,27,27,27,27,27,27,27,27,27,27,2015-02-11,0.4993278682231903,0.5202500224113464,0.5249999761581421,0.5167499780654907,0.5249999761581421,320832000
28,28,28,28,28,28,28,28,28,28,28,28,28,28,2015-02-12,0.5350795984268188,0.5575000047683716,0.5625,0.546750009059906,0.550000011920929,676904000
29,29,29,29,29,29,29,29,29,29,29,29,29,29,2015-02-13,0.5353197455406189,0.5577499866485596,0.5584999918937683,0.5477499961853027,0.5562499761581421,310084000
30,30,30,30,30,30,30,30,30,30,30,30,30,30,2015-02-17,0.5369992852210999,0.559499979019165,0.562250018119812,0.5532500147819519,0.5567499995231628,203340000
31,31,31,31,31,31,31,31,31,31,31,31,31,31,2015-02-18,0.5307605862617493,0.5529999732971191,0.5597500205039978,0.5519999861717224,0.5587499737739563,170948000
32,32,32,32,32,32,32,32,32,32,32,32,32,32,2015-02-19,0.5322003960609436,0.5544999837875366,0.5609999895095825,0.5519999861717224,0.5600000023841858,169432000
33,33,33,33,33,33,33,33,33,33,33,33,33,33,2015-02-20,0.5360395908355713,0.5584999918937683,0.5587499737739563,0.550000011920929,0.5540000200271606,157752000
34,34,34,34,34,34,34,34,34,34,34,34,34,34,2015-02-23,0.5317203998565674,0.5540000200271606,0.5582500100135803,0.5512499809265137,0.5582500100135803,125008000
35,35,35,35,35,35,35,35,35,35,35,35,35,35,2015-02-24,0.5373809933662415,0.5577499866485596,0.5577499866485596,0.5490000247955322,0.5540000200271606,149356000
36,36,36,36,36,36,36,36,36,36,36,36,36,36,2015-02-25,0.5332860350608826,0.5534999966621399,0.5580000281333923,0.5509999990463257,0.5554999709129333,123820000
37,37,37,37,37,37,37,37,37,37,37,37,37,37,2015-02-26,0.5347314476966858,0.5550000071525574,0.5582500100135803,0.5504999756813049,0.5540000200271606,152864000
38,38,38,38,38,38,38,38,38,38,38,38,38,38,2015-02-27,0.531359076499939,0.5515000224113464,0.5547500252723694,0.5494999885559082,0.5534999966621399,157492000
39,39,39,39,39,39,39,39,39,39,39,39,39,39,2015-03-02,0.5443660616874695,0.5649999976158142,0.5680000185966492,0.5492500066757202,0.550000011920929,301512000
40,40,40,40,40,40,40,40,40,40,40,40,40,40,2015-03-03,0.5342495441436768,0.5544999837875366,0.5634999871253967,0.5527499914169312,0.5607500076293945,160344000
41,41,41,41,41,41,41,41,41,41,41,41,41,41,2015-03-04,0.5402713418006897,0.5607500076293945,0.5619999766349792,0.5502499938011169,0.5525000095367432,226840000
42,42,42,42,42,42,42,42,42,42,42,42,42,42,2015-03-05,0.5506286025047302,0.5715000033378601,0.5724999904632568,0.559249997138977,0.5607500076293945,323056000
43,43,43,43,43,43,43,43,43,43,43,43,43,43,2015-03-06,0.5431618094444275,0.5637500286102295,0.5709999799728394,0.5632500052452087,0.5682500004768372,257392000
44,44,44,44,44,44,44,44,44,44,44,44,44,44,2015-03-09,0.5446069240570068,0.5652499794960022,0.5695000290870667,0.562749981880188,0.5640000104904175,222388000
45,45,45,45,45,45,45,45,45,45,45,45,45,45,2015-03-10,0.554000973701477,0.574999988079071,0.5787500143051147,0.5667499899864197,0.5677499771118164,527212000
46,46,46,46,46,46,46,46,46,46,46,46,46,46,2015-03-11,0.5511105060577393,0.5720000267028809,0.5824999809265137,0.5705000162124634,0.574999988079071,262120000
47,47,47,47,47,47,47,47,47,47,47,47,47,47,2015-03-12,0.5460522174835205,0.5667499899864197,0.5707499980926514,0.5559999942779541,0.5665000081062317,406972000
48,48,48,48,48,48,48,48,48,48,48,48,48,48,2015-03-13,0.5467748045921326,0.5674999952316284,0.5690000057220459,0.5562499761581421,0.5640000104904175,359288000
49,49,49,49,49,49,49,49,49,49,49,49,49,49,2015-03-16,0.5532782077789307,0.5742499828338623,0.577750027179718,0.5682500004768372,0.5720000267028809,236956000
50,50,50,50,50,50,50,50,50,50,50,50,50,50,2015-03-17,0.5600225925445557,0.581250011920929,0.5814999938011169,0.5690000057220459,0.5730000138282776,299900000
51,51,51,51,51,51,51,51,51,51,51,51,51,51,2015-03-18,0.5508697032928467,0.5717499852180481,0.5842499732971191,0.5665000081062317,0.581250011920929,413844000
52,52,52,52,52,52,52,52,52,52,52,52,52,52,2015-03-19,0.5593001842498779,0.5805000066757202,0.5824999809265137,0.5695000290870667,0.5737500190734863,310756000
53,53,53,53,53,53,53,53,53,53,53,53,53,53,2015-03-20,0.565321683883667,0.5867499709129333,0.5902500152587891,0.5797500014305115,0.5852500200271606,462084000
54,54,54,54,54,54,54,54,54,54,54,54,54,54,2015-03-23,0.5470155477523804,0.5677499771118164,0.5767499804496765,0.5674999952316284,0.5692499876022339,426012000
55,55,55,55,55,55,55,55,55,55,55,55,55,55,2015-03-24,0.5395485758781433,0.5600000023841858,0.5699999928474426,0.5575000047683716,0.5659999847412109,330480000
56,56,56,56,56,56,56,56,56,56,56,56,56,56,2015-03-25,0.5067904591560364,0.5260000228881836,0.5597500205039978,0.5242499709129333,0.5597500205039978,542552000
57,57,57,57,57,57,57,57,57,57,57,57,57,57,2015-03-26,0.5051042437553406,0.5242499709129333,0.5264999866485596,0.5115000009536743,0.515250027179718,311920000
58,58,58,58,58,58,58,58,58,58,58,58,58,58,2015-03-27,0.5149800181388855,0.534500002861023,0.5364999771118164,0.518750011920929,0.5272499918937683,318288000
59,59,59,59,59,59,59,59,59,59,59,59,59,59,2015-03-30,0.5171476602554321,0.5367500185966492,0.5394999980926514,0.5299999713897705,0.5370000004768372,253252000
60,60,60,60,60,60,60,60,60,60,60,60,60,60,2015-03-31,0.5041409134864807,0.5232499837875366,0.5357499718666077,0.5227500200271606,0.5352500081062317,357276000
61,61,61,61,61,61,61,61,61,61,61,61,61,61,2015-04-01,0.5060679912567139,0.5252500176429749,0.5270000100135803,0.5162500143051147,0.5252500176429749,330768000
62,62,62,62,62,62,62,62,62,62,62,62,62,62,2015-04-02,0.5072720646858215,0.5264999866485596,0.5297499895095825,0.5220000147819519,0.528249979019165,192204000
63,63,63,63,63,63,63,63,63,63,63,63,63,63,2015-04-06,0.5219653844833374,0.5417500138282776,0.5435000061988831,0.518750011920929,0.5242499709129333,515864000
64,64,64,64,64,64,64,64,64,64,64,64,64,64,2015-04-07,0.5265417098999023,0.546500027179718,0.5525000095367432,0.5387499928474426,0.5417500138282776,413964000
65,65,65,65,65,65,65,65,65,65,65,65,65,65,2015-04-08,0.5303956866264343,0.5504999756813049,0.5525000095367432,0.5417500138282776,0.546999990940094,366432000
66,66,66,66,66,66,66,66,66,66,66,66,66,66,2015-04-09,0.542680025100708,0.5632500052452087,0.5649999976158142,0.5460000038146973,0.5462499856948853,379432000
67,67,67,67,67,67,67,67,67,67,67,67,67,67,2015-04-10,0.5482200980186462,0.5690000057220459,0.5692499876022339,0.5617499947547913,0.5637500286102295,258728000
68,68,68,68,68,68,68,68,68,68,68,68,68,68,2015-04-13,0.5431618094444275,0.5637500286102295,0.5709999799728394,0.5612499713897705,0.5677499771118164,236724000
69,69,69,69,69,69,69,69,69,69,69,69,69,69,2015-04-14,0.538585364818573,0.5590000152587891,0.5637500286102295,0.5534999966621399,0.5615000128746033,220276000
70,70,70,70,70,70,70,70,70,70,70,70,70,70,2015-04-15,0.5450888276100159,0.565750002861023,0.5699999928474426,0.5577499866485596,0.5605000257492065,243560000
71,71,71,71,71,71,71,71,71,71,71,71,71,71,2015-04-16,0.5417166352272034,0.562250018119812,0.5672500133514404,0.5582500100135803,0.5625,155284000
72,72,72,72,72,72,72,72,72,72,72,72,72,72,2015-04-17,0.5347314476966858,0.5550000071525574,0.5605000257492065,0.5502499938011169,0.5504999756813049,293636000
73,73,73,73,73,73,73,73,73,73,73,73,73,73,2015-04-20,0.5320816040039062,0.5522500276565552,0.5609999895095825,0.5512499809265137,0.5575000047683716,231624000
74,74,74,74,74,74,74,74,74,74,74,74,74,74,2015-04-21,0.531359076499939,0.5515000224113464,0.5590000152587891,0.5487499833106995,0.5590000152587891,230456000
75,75,75,75,75,75,75,75,75,75,75,75,75,75,2015-04-22,0.5373809933662415,0.5577499866485596,0.5584999918937683,0.5462499856948853,0.5547500252723694,207420000
76,76,76,76,76,76,76,76,76,76,76,76,76,76,2015-04-23,0.5352131724357605,0.5554999709129333,0.5607500076293945,0.5412499904632568,0.5475000143051147,259380000
77,77,77,77,77,77,77,77,77,77,77,77,77,77,2015-04-24,0.5306365489959717,0.5507500171661377,0.5554999709129333,0.5444999933242798,0.5552499890327454,240960000
78,78,78,78,78,78,78,78,78,78,78,78,78,78,2015-04-27,0.5347314476966858,0.5550000071525574,0.5647500157356262,0.5477499961853027,0.5525000095367432,248456000
79,79,79,79,79,79,79,79,79,79,79,79,79,79,2015-04-28,0.5373809933662415,0.5577499866485596,0.5597500205039978,0.5487499833106995,0.5540000200271606,234484000
80,80,80,80,80,80,80,80,80,80,80,80,80,80,2015-04-29,0.5332860350608826,0.5534999966621399,0.559249997138977,0.5512499809265137,0.5537499785423279,195156000
81,81,81,81,81,81,81,81,81,81,81,81,81,81,2015-04-30,0.5347314476966858,0.5550000071525574,0.5577499866485596,0.5494999885559082,0.5507500171661377,218844000
82,82,82,82,82,82,82,82,82,82,82,82,82,82,2015-05-01,0.5479793548583984,0.5687500238418579,0.5705000162124634,0.5569999814033508,0.559499979019165,256968000
83,83,83,83,83,83,83,83,83,83,83,83,83,83,2015-05-04,0.5446069240570068,0.5652499794960022,0.5720000267028809,0.5634999871253967,0.5682500004768372,200720000
84,84,84,84,84,84,84,84,84,84,84,84,84,84,2015-05-05,0.5306365489959717,0.5507500171661377,0.5640000104904175,0.5482500195503235,0.5632500052452087,292928000
85,85,85,85,85,85,85,85,85,85,85,85,85,85,2015-05-06,0.5323225259780884,0.5525000095367432,0.5590000152587891,0.5452499985694885,0.5537499785423279,316484000
86,86,86,86,86,86,86,86,86,86,86,86,86,86,2015-05-07,0.5417166352272034,0.562250018119812,0.5640000104904175,0.5485000014305115,0.5502499938011169,534564000
87,87,87,87,87,87,87,87,87,87,87,87,87,87,2015-05-08,0.5017321109771729,0.5207499861717224,0.5460000038146973,0.5122500061988831,0.5252500176429749,1146552000
88,88,88,88,88,88,88,88,88,88,88,88,88,88,2015-05-11,0.4969146251678467,0.515749990940094,0.5210000276565552,0.5095000267028809,0.5134999752044678,544144000
89,89,89,89,89,89,89,89,89,89,89,89,89,89,2015-05-12,0.5017321109771729,0.5207499861717224,0.5249999761581421,0.5117499828338623,0.5120000243186951,388800000
90,90,90,90,90,90,90,90,90,90,90,90,90,90,2015-05-13,0.5046226978302002,0.5237500071525574,0.5285000205039978,0.518750011920929,0.5245000123977661,308524000
91,91,91,91,91,91,91,91,91,91,91,91,91,91,2015-05-14,0.5128123164176941,0.5322499871253967,0.5350000262260437,0.5239999890327454,0.5252500176429749,293052000
92,92,92,92,92,92,92,92,92,92,92,92,92,92,2015-05-15,0.5130531191825867,0.5325000286102295,0.5370000004768372,0.5292500257492065,0.534500002861023,215824000
93,93,93,93,93,93,93,93,93,93,93,93,93,93,2015-05-18,0.5123304724693298,0.5317500233650208,0.5350000262260437,0.5287500023841858,0.53125,324972000
94,94,94,94,94,94,94,94,94,94,94,94,94,94,2015-05-19,0.5091362595558167,0.5260000228881836,0.5317500233650208,0.5249999761581421,0.5299999713897705,253808000
95,95,95,95,95,95,95,95,95,95,95,95,95,95,2015-05-20,0.5091362595558167,0.5260000228881836,0.5325000286102295,0.5254999995231628,0.5262500047683716,196824000
96,96,96,96,96,96,96,96,96,96,96,96,96,96,2015-05-21,0.5055065155029297,0.5222499966621399,0.5285000205039978,0.5217499732971191,0.5262500047683716,239692000
97,97,97,97,97,97,97,97,97,97,97,97,97,97,2015-05-22,0.5047804117202759,0.5214999914169312,0.5254999995231628,0.5202500224113464,0.5235000252723694,212592000
98,98,98,98,98,98,98,98,98,98,98,98,98,98,2015-05-26,0.5016346573829651,0.5182499885559082,0.5224999785423279,0.5142499804496765,0.5189999938011169,259732000
99,99,99,99,99,99,99,99,99,99,99,99,99,99,2015-05-27,0.5284950733184814,0.5460000038146973,0.5485000014305115,0.5199999809265137,0.5217499732971191,432332000
100,100,100,100,100,100,100,100,100,100,100,100,100,100,2015-05-28,0.5357544422149658,0.5534999966621399,0.5552499890327454,0.5450000166893005,0.5460000038146973,327656000
101,101,101,101,101,101,101,101,101,101,101,101,101,101,2015-05-29,0.5355127453804016,0.5532500147819519,0.5569999814033508,0.5525000095367432,0.5534999966621399,335168000
102,102,102,102,102,102,102,102,102,102,102,102,102,102,2015-06-01,0.5415621995925903,0.559499979019165,0.5649999976158142,0.5532500147819519,0.5567499995231628,372660000
103,103,103,103,103,103,103,103,103,103,103,103,103,103,2015-06-02,0.5309149026870728,0.5485000014305115,0.5590000152587891,0.5479999780654907,0.5559999942779541,224304000
104,104,104,104,104,104,104,104,104,104,104,104,104,104,2015-06-03,0.5251074433326721,0.5425000190734863,0.5542500019073486,0.5414999723434448,0.550000011920929,250788000
105,105,105,105,105,105,105,105,105,105,105,105,105,105,2015-06-04,0.5345445275306702,0.5522500276565552,0.5540000200271606,0.5392500162124634,0.5392500162124634,323712000
106,106,106,106,106,106,106,106,106,106,106,106,106,106,2015-06-05,0.5386584401130676,0.5565000176429749,0.5590000152587891,0.5447499752044678,0.5504999756813049,313320000
107,107,107,107,107,107,107,107,107,107,107,107,107,107,2015-06-08,0.5263171195983887,0.543749988079071,0.5584999918937683,0.5375000238418579,0.5547500252723694,342812000
108,108,108,108,108,108,108,108,108,108,108,108,108,108,2015-06-09,0.5289790034294128,0.546500027179718,0.5504999756813049,0.5432500243186951,0.5442500114440918,256888000
109,109,109,109,109,109,109,109,109,109,109,109,109,109,2015-06-10,0.5195413827896118,0.5367500185966492,0.5435000061988831,0.5337499976158142,0.5400000214576721,529460000
110,110,110,110,110,110,110,110,110,110,110,110,110,110,2015-06-11,0.5251074433326721,0.5425000190734863,0.5462499856948853,0.5367500185966492,0.5367500185966492,283052000
111,111,111,111,111,111,111,111,111,111,111,111,111,111,2015-06-12,0.5108301639556885,0.5277500152587891,0.5422499775886536,0.5264999866485596,0.5389999747276306,323728000
112,112,112,112,112,112,112,112,112,112,112,112,112,112,2015-06-15,0.5098623037338257,0.5267500281333923,0.5292500257492065,0.5210000276565552,0.5249999761581421,306548000
113,113,113,113,113,113,113,113,113,113,113,113,113,113,2015-06-16,0.5161537528038025,0.5332499742507935,0.5339999794960022,0.5205000042915344,0.5257499814033508,256892000
114,114,114,114,114,114,114,114,114,114,114,114,114,114,2015-06-17,0.5222033858299255,0.5394999980926514,0.5425000190734863,0.5317500233650208,0.5329999923706055,233544000
115,115,115,115,115,115,115,115,115,115,115,115,115,115,2015-06-18,0.5309149026870728,0.5485000014305115,0.5519999861717224,0.5425000190734863,0.5440000295639038,299404000
116,116,116,116,116,116,116,116,116,116,116,116,116,116,2015-06-19,0.5292211174964905,0.546750009059906,0.5529999732971191,0.5417500138282776,0.5485000014305115,355656000
117,117,117,117,117,117,117,117,117,117,117,117,117,117,2015-06-22,0.5270430445671082,0.5444999933242798,0.5507500171661377,0.5362499952316284,0.5477499961853027,514236000
118,118,118,118,118,118,118,118,118,118,118,118,118,118,2015-06-23,0.5134918689727783,0.5304999947547913,0.5497499704360962,0.5262500047683716,0.5454999804496765,414064000
119,119,119,119,119,119,119,119,119,119,119,119,119,119,2015-06-24,0.5084103941917419,0.5252500176429749,0.5325000286102295,0.5227500200271606,0.5297499895095825,253368000
120,120,120,120,120,120,120,120,120,120,120,120,120,120,2015-06-25,0.512282133102417,0.5292500257492065,0.5325000286102295,0.5252500176429749,0.5252500176429749,350460000
121,121,121,121,121,121,121,121,121,121,121,121,121,121,2015-06-26,0.5018766522407532,0.5184999704360962,0.5254999995231628,0.5162500143051147,0.5249999761581421,421296000
122,122,122,122,122,122,122,122,122,122,122,122,122,122,2015-06-29,0.4868736267089844,0.503000020980835,0.5177500247955322,0.5022500157356262,0.512499988079071,391724000
123,123,123,123,123,123,123,123,123,123,123,123,123,123,2015-06-30,0.4866315722465515,0.5027499794960022,0.5082499980926514,0.4992499947547912,0.5059999823570251,315916000
124,124,124,124,124,124,124,124,124,124,124,124,124,124,2015-07-01,0.4936491250991821,0.5099999904632568,0.5224999785423279,0.5055000185966492,0.515250027179718,302892000
125,125,125,125,125,125,125,125,125,125,125,125,125,125,2015-07-02,0.4941334724426269,0.5105000138282776,0.5137500166893005,0.5072500109672546,0.5097500085830688,145764000
126,126,126,126,126,126,126,126,126,126,126,126,126,126,2015-07-06,0.4880834817886352,0.5042499899864197,0.5132499933242798,0.5005000233650208,0.5062500238418579,214776000
127,127,127,127,127,127,127,127,127,127,127,127,127,127,2015-07-07,0.4788880050182342,0.4947499930858612,0.503250002861023,0.4790000021457672,0.5012500286102295,594252000
128,128,128,128,128,128,128,128,128,128,128,128,128,128,2015-07-08,0.4755002856254577,0.4912500083446502,0.4950000047683716,0.4872500002384186,0.492000013589859,332492000
129,129,129,129,129,129,129,129,129,129,129,129,129,129,2015-07-09,0.4696927070617676,0.4852499961853027,0.5012500286102295,0.4822500050067901,0.4990000128746032,357588000
130,130,130,130,130,130,130,130,130,130,130,130,130,130,2015-07-10,0.4779201447963714,0.4937500059604645,0.4982500076293945,0.4902499914169311,0.4914999902248382,216708000
131,131,131,131,131,131,131,131,131,131,131,131,131,131,2015-07-13,0.481065958738327,0.4970000088214874,0.4997499883174896,0.4937500059604645,0.4987500011920929,212472000
132,132,132,132,132,132,132,132,132,132,132,132,132,132,2015-07-14,0.481308102607727,0.4972499907016754,0.4982500076293945,0.4907500147819519,0.4977500140666961,249216000
133,133,133,133,133,133,133,133,133,133,133,133,133,133,2015-07-15,0.4779201447963714,0.4937500059604645,0.4992499947547912,0.4892500042915344,0.4959999918937683,265732000
134,134,134,134,134,134,134,134,134,134,134,134,134,134,2015-07-16,0.488567590713501,0.5047500133514404,0.5047500133514404,0.4950000047683716,0.496749997138977,282848000
135,135,135,135,135,135,135,135,135,135,135,135,135,135,2015-07-17,0.4856637418270111,0.5017499923706055,0.5034999847412109,0.4952499866485595,0.503000020980835,220372000
136,136,136,136,136,136,136,136,136,136,136,136,136,136,2015-07-20,0.4767103195190429,0.4925000071525574,0.5037500262260437,0.4912500083446502,0.5017499923706055,188412000
137,137,137,137,137,137,137,137,137,137,137,137,137,137,2015-07-21,0.4788880050182342,0.4947499930858612,0.5017499923706055,0.4914999902248382,0.4914999902248382,149720000
138,138,138,138,138,138,138,138,138,138,138,138,138,138,2015-07-22,0.4696927070617676,0.4852499961853027,0.4912500083446502,0.4792500138282776,0.4912500083446502,356472000
139,139,139,139,139,139,139,139,139,139,139,139,139,139,2015-07-23,0.4755002856254577,0.4912500083446502,0.4984999895095825,0.4852499961853027,0.4862500131130218,169916000
140,140,140,140,140,140,140,140,140,140,140,140,140,140,2015-07-24,0.4699346721172333,0.4855000078678131,0.4952499866485595,0.4835000038146972,0.4947499930858612,188844000
141,141,141,141,141,141,141,141,141,141,141,141,141,141,2015-07-27,0.4672728478908539,0.4827499985694885,0.4882499873638153,0.4772500097751617,0.481249988079071,192420000
142,142,142,142,142,142,142,142,142,142,142,142,142,142,2015-07-28,0.4774362742900848,0.4932500123977661,0.4964999854564667,0.4790000021457672,0.4839999973773956,198308000
143,143,143,143,143,143,143,143,143,143,143,143,143,143,2015-07-29,0.483243852853775,0.4992499947547912,0.503250002861023,0.4902499914169311,0.492249995470047,232680000
144,144,144,144,144,144,144,144,144,144,144,144,144,144,2015-07-30,0.4844537377357483,0.5005000233650208,0.5055000185966492,0.4979999959468841,0.4979999959468841,190180000
145,145,145,145,145,145,145,145,145,145,145,145,145,145,2015-07-31,0.4827598333358764,0.4987500011920929,0.5027499794960022,0.4957500100135803,0.5024999976158142,218340000
146,146,146,146,146,146,146,146,146,146,146,146,146,146,2015-08-03,0.4909872710704803,0.5072500109672546,0.5077499747276306,0.4962500035762787,0.5027499794960022,397132000
147,147,147,147,147,147,147,147,147,147,147,147,147,147,2015-08-04,0.492923229932785,0.5092499852180481,0.5107499957084656,0.5034999847412109,0.5055000185966492,260100000
148,148,148,148,148,148,148,148,148,148,148,148,148,148,2015-08-05,0.4980049729347229,0.5145000219345093,0.5222499966621399,0.5134999752044678,0.5217499732971191,234628000
149,149,149,149,149,149,149,149,149,149,149,149,149,149,2015-08-06,0.4948590695858001,0.5112500190734863,0.5170000195503235,0.5027499794960022,0.5132499933242798,655676000
150,150,150,150,150,150,150,150,150,150,150,150,150,150,2015-08-07,0.5560813546180725,0.5745000243186951,0.5842499732971191,0.546999990940094,0.5615000128746033,1405248000
151,151,151,151,151,151,151,151,151,151,151,151,151,151,2015-08-10,0.5754401683807373,0.5945000052452087,0.5987499952316284,0.5669999718666077,0.5705000162124634,662304000
152,152,152,152,152,152,152,152,152,152,152,152,152,152,2015-08-11,0.5725364089012146,0.5914999842643738,0.5972499847412109,0.5857499837875366,0.5857499837875366,435008000
153,153,153,153,153,153,153,153,153,153,153,153,153,153,2015-08-12,0.5739882588386536,0.5929999947547913,0.5972499847412109,0.5820000171661377,0.5820000171661377,384048000
154,154,154,154,154,154,154,154,154,154,154,154,154,154,2015-08-13,0.5691484808921814,0.5879999995231628,0.5950000286102295,0.5864999890327454,0.59375,276884000
155,155,155,155,155,155,155,155,155,155,155,155,155,155,2015-08-14,0.5696324706077576,0.5885000228881836,0.5920000076293945,0.5839999914169312,0.5874999761581421,214652000
156,156,156,156,156,156,156,156,156,156,156,156,156,156,2015-08-17,0.5660024881362915,0.5847499966621399,0.5874999761581421,0.5774999856948853,0.5874999761581421,273880000
157,157,157,157,157,157,157,157,157,157,157,157,157,157,2015-08-18,0.5608510971069336,0.5770000219345093,0.5845000147819519,0.5724999904632568,0.5805000066757202,287084000
158,158,158,158,158,158,158,158,158,158,158,158,158,158,2015-08-19,0.558664083480835,0.5747500061988831,0.5827500224113464,0.5684999823570251,0.5762500166893005,249248000
159,159,159,159,159,159,159,159,159,159,159,159,159,159,2015-08-20,0.538494884967804,0.5540000200271606,0.5709999799728394,0.5512499809265137,0.5682500004768372,426932000
160,160,160,160,160,160,160,160,160,160,160,160,160,160,2015-08-21,0.521727442741394,0.5367500185966492,0.559249997138977,0.5362499952316284,0.550000011920929,382664000
161,161,161,161,161,161,161,161,161,161,161,161,161,161,2015-08-24,0.5032593011856079,0.5177500247955322,0.5457500219345093,0.5,0.5067499876022339,682284000
162,162,162,162,162,162,162,162,162,162,162,162,162,162,2015-08-25,0.492810308933258,0.5070000290870667,0.5425000190734863,0.5070000290870667,0.5404999852180481,622684000
163,163,163,163,163,163,163,163,163,163,163,163,163,163,2015-08-26,0.5299896597862244,0.5452499985694885,0.5457500219345093,0.5195000171661377,0.5235000252723694,614976000
164,164,164,164,164,164,164,164,164,164,164,164,164,164,2015-08-27,0.5499159693717957,0.565750002861023,0.5659999847412109,0.5477499961853027,0.5509999990463257,463764000
165,165,165,165,165,165,165,165,165,165,165,165,165,165,2015-08-28,0.5523457527160645,0.5682500004768372,0.5717499852180481,0.5617499947547913,0.565750002861023,320944000
166,166,166,166,166,166,166,166,166,166,166,166,166,166,2015-08-31,0.5462708473205566,0.5619999766349792,0.5695000290870667,0.5597500205039978,0.565500020980835,219352000
167,167,167,167,167,167,167,167,167,167,167,167,167,167,2015-09-01,0.5239145755767822,0.5389999747276306,0.5550000071525574,0.5350000262260437,0.5457500219345093,353408000
168,168,168,168,168,168,168,168,168,168,168,168,168,168,2015-09-02,0.5397098064422607,0.5552499890327454,0.5554999709129333,0.5444999933242798,0.5537499785423279,344044000
169,169,169,169,169,169,169,169,169,169,169,169,169,169,2015-09-03,0.5411677956581116,0.5567499995231628,0.5662500262260437,0.5557500123977661,0.5634999871253967,262556000
170,170,170,170,170,170,170,170,170,170,170,170,170,170,2015-09-04,0.5285314917564392,0.543749988079071,0.5559999942779541,0.5435000061988831,0.547249972820282,287972000
171,171,171,171,171,171,171,171,171,171,171,171,171,171,2015-09-08,0.5511307716369629,0.5669999718666077,0.5692499876022339,0.5547500252723694,0.5569999814033508,238448000
172,172,172,172,172,172,172,172,172,172,172,172,172,172,2015-09-09,0.5401955246925354,0.5557500123977661,0.5734999775886536,0.5544999837875366,0.5687500238418579,289392000
173,173,173,173,173,173,173,173,173,173,173,173,173,173,2015-09-10,0.5487008690834045,0.5644999742507935,0.5715000033378601,0.550000011920929,0.5525000095367432,357076000
174,174,174,174,174,174,174,174,174,174,174,174,174,174,2015-09-11,0.5504018664360046,0.5662500262260437,0.5699999928474426,0.5559999942779541,0.5582500100135803,301584000
175,175,175,175,175,175,175,175,175,175,175,175,175,175,2015-09-14,0.5513739585876465,0.5672500133514404,0.5707499980926514,0.5642499923706055,0.5690000057220459,192460000
176,176,176,176,176,176,176,176,176,176,176,176,176,176,2015-09-15,0.5574489235877991,0.5734999775886536,0.5764999985694885,0.565750002861023,0.5674999952316284,327976000
177,177,177,177,177,177,177,177,177,177,177,177,177,177,2015-09-16,0.5613367557525635,0.5774999856948853,0.5807499885559082,0.5682500004768372,0.5724999904632568,173508000
178,178,178,178,178,178,178,178,178,178,178,178,178,178,2015-09-17,0.566440224647522,0.5827500224113464,0.5927500128746033,0.5814999938011169,0.5874999761581421,268712000
179,179,179,179,179,179,179,179,179,179,179,179,179,179,2015-09-18,0.5659540891647339,0.5822499990463257,0.5872499942779541,0.5712500214576721,0.5747500061988831,326412000
180,180,180,180,180,180,180,180,180,180,180,180,180,180,2015-09-21,0.5717860460281372,0.5882499814033508,0.5895000100135803,0.5799999833106995,0.5830000042915344,281840000
181,181,181,181,181,181,181,181,181,181,181,181,181,181,2015-09-22,0.5562338829040527,0.5722500085830688,0.5795000195503235,0.5692499876022339,0.5755000114440918,228356000
182,182,182,182,182,182,182,182,182,182,182,182,182,182,2015-09-23,0.5589069724082947,0.574999988079071,0.578499972820282,0.5705000162124634,0.5727499723434448,161632000
183,183,183,183,183,183,183,183,183,183,183,183,183,183,2015-09-24,0.5695990920066833,0.5860000252723694,0.5920000076293945,0.5625,0.5715000033378601,382440000
184,184,184,184,184,184,184,184,184,184,184,184,184,184,2015-09-25,0.5737301707267761,0.5902500152587891,0.6017500162124634,0.5845000147819519,0.5932499766349792,369692000
185,185,185,185,185,185,185,185,185,185,185,185,185,185,2015-09-28,0.5661972165107727,0.5824999809265137,0.593999981880188,0.5787500143051147,0.5902500152587891,395584000
186,186,186,186,186,186,186,186,186,186,186,186,186,186,2015-09-29,0.5761602520942688,0.5927500128746033,0.59375,0.5805000066757202,0.5887500047683716,380736000
187,187,187,187,187,187,187,187,187,187,187,187,187,187,2015-09-30,0.5990025997161865,0.6162499785423279,0.6169999837875366,0.5947499871253967,0.5982499718666077,556380000
188,188,188,188,188,188,188,188,188,188,188,188,188,188,2015-10-01,0.587338387966156,0.6042500138282776,0.6179999709129333,0.5867499709129333,0.6162499785423279,489296000
189,189,189,189,189,189,189,189,189,189,189,189,189,189,2015-10-02,0.6026475429534912,0.6200000047683716,0.6200000047683716,0.5947499871253967,0.6010000109672546,386144000
190,190,190,190,190,190,190,190,190,190,190,190,190,190,2015-10-05,0.6177139282226562,0.6355000138282776,0.6432499885559082,0.6207500100135803,0.6240000128746033,482024000
191,191,191,191,191,191,191,191,191,191,191,191,191,191,2015-10-06,0.6257328391075134,0.643750011920929,0.6464999914169312,0.6262500286102295,0.6287500262260437,453216000
192,192,192,192,192,192,192,192,192,192,192,192,192,192,2015-10-07,0.6322938799858093,0.6504999995231628,0.6570000052452087,0.6347500085830688,0.6452500224113464,310152000
193,193,193,193,193,193,193,193,193,193,193,193,193,193,2015-10-08,0.6359390616416931,0.6542500257492065,0.656000018119812,0.6367499828338623,0.6477500200271606,460068000
194,194,194,194,194,194,194,194,194,194,194,194,194,194,2015-10-09,0.6335089206695557,0.6517500281333923,0.6570000052452087,0.6395000219345093,0.6507499814033508,423248000
195,195,195,195,195,195,195,195,195,195,195,195,195,195,2015-10-12,0.6403129696846008,0.6587499976158142,0.6625000238418579,0.6477500200271606,0.6524999737739563,227588000
196,196,196,196,196,196,196,196,196,196,196,196,196,196,2015-10-13,0.6415281295776367,0.6600000262260437,0.6639999747276306,0.6512500047683716,0.6535000205039978,298444000
197,197,197,197,197,197,197,197,197,197,197,197,197,197,2015-10-14,0.6648566126823425,0.6840000152587891,0.6947500109672546,0.6600000262260437,0.6607499718666077,612148000
198,198,198,198,198,198,198,198,198,198,198,198,198,198,2015-10-15,0.6665574908256531,0.6857500076293945,0.6997500061988831,0.6782500147819519,0.6852499842643738,526048000
199,199,199,199,199,199,199,199,199,199,199,199,199,199,2015-10-16,0.6770065426826477,0.6965000033378601,0.703000009059906,0.6862499713897705,0.6880000233650208,448396000
200,200,200,200,200,200,200,200,200,200,200,200,200,200,2015-10-19,0.6757914423942566,0.6952499747276306,0.7020000219345093,0.687250018119812,0.6987500190734863,294712000
201,201,201,201,201,201,201,201,201,201,201,201,201,201,2015-10-20,0.6748194694519043,0.6942499876022339,0.6974999904632568,0.6869999766349792,0.6922500133514404,264824000
202,202,202,202,202,202,202,202,202,202,202,202,202,202,2015-10-21,0.6660712957382202,0.6852499842643738,0.702750027179718,0.6840000152587891,0.6984999775886536,386280000
203,203,203,203,203,203,203,203,203,203,203,203,203,203,2015-10-22,0.6901286840438843,0.7099999785423279,0.7122499942779541,0.6922500133514404,0.6932500004768372,306884000
204,204,204,204,204,204,204,204,204,204,204,204,204,204,2015-10-23,0.694745659828186,0.7147499918937683,0.7195000052452087,0.7055000066757202,0.7162500023841858,381776000
205,205,205,205,205,205,205,205,205,205,205,205,205,205,2015-10-26,0.6915864944458008,0.7114999890327454,0.7170000076293945,0.7049999833106995,0.7152500152587891,247436000
206,206,206,206,206,206,206,206,206,206,206,206,206,206,2015-10-27,0.6911006569862366,0.7110000252723694,0.715499997138977,0.7074999809265137,0.7080000042915344,208268000
207,207,207,207,207,207,207,207,207,207,207,207,207,207,2015-10-28,0.6966897249221802,0.7167500257492065,0.7167500257492065,0.7049999833106995,0.715499997138977,217036000
208,208,208,208,208,208,208,208,208,208,208,208,208,208,2015-10-29,0.67263263463974,0.6919999718666077,0.7124999761581421,0.690750002861023,0.7052500247955322,327168000
209,209,209,209,209,209,209,209,209,209,209,209,209,209,2015-10-30,0.6893997192382812,0.7092499732971191,0.7142500281333923,0.6942499876022339,0.6995000243186951,301160000
210,210,210,210,210,210,210,210,210,210,210,210,210,210,2015-11-02,0.6974188089370728,0.7174999713897705,0.7182499766349792,0.7072499990463257,0.7114999890327454,190088000
211,211,211,211,211,211,211,211,211,211,211,211,211,211,2015-11-03,0.6925585269927979,0.7124999761581421,0.7172499895095825,0.7045000195503235,0.7132499814033508,376768000
212,212,212,212,212,212,212,212,212,212,212,212,212,212,2015-11-04,0.6811375021934509,0.7007499933242798,0.715749979019165,0.6974999904632568,0.7105000019073486,442264000
213,213,213,213,213,213,213,213,213,213,213,213,213,213,2015-11-05,0.6733614206314087,0.6927499771118164,0.706250011920929,0.690750002861023,0.7042499780654907,478800000
214,214,214,214,214,214,214,214,214,214,214,214,214,214,2015-11-06,0.7666744589805603,0.7887499928474426,0.7985000014305115,0.7455000281333923,0.7612500190734863,1172272000
215,215,215,215,215,215,215,215,215,215,215,215,215,215,2015-11-09,0.7632725238800049,0.7852500081062317,0.7875000238418579,0.7742499709129333,0.781000018119812,492568000
216,216,216,216,216,216,216,216,216,216,216,216,216,216,2015-11-10,0.7486924529075623,0.7702500224113464,0.7792500257492065,0.7537500262260437,0.7749999761581421,552260000
217,217,217,217,217,217,217,217,217,217,217,217,217,217,2015-11-11,0.741402268409729,0.7627500295639038,0.7762500047683716,0.7599999904632568,0.7707499861717224,619896000
218,218,218,218,218,218,218,218,218,218,218,218,218,218,2015-11-12,0.7387293577194214,0.7599999904632568,0.7680000066757202,0.7567499876022339,0.7609999775886536,291080000
219,219,219,219,219,219,219,219,219,219,219,219,219,219,2015-11-13,0.7241491675376892,0.7450000047683716,0.7639999985694885,0.7412499785423279,0.7607499957084656,292940000
220,220,220,220,220,220,220,220,220,220,220,220,220,220,2015-11-16,0.7387293577194214,0.7599999904632568,0.7605000138282776,0.7487499713897705,0.7547500133514404,344280000
221,221,221,221,221,221,221,221,221,221,221,221,221,221,2015-11-17,0.7387293577194214,0.7599999904632568,0.7664999961853027,0.7567499876022339,0.7620000243186951,257048000
222,222,222,222,222,222,222,222,222,222,222,222,222,222,2015-11-18,0.7569016218185425,0.7757499814033508,0.7767500281333923,0.7519999742507935,0.7602499723434448,350216000
223,223,223,223,223,223,223,223,223,223,223,223,223,223,2015-11-19,0.759097158908844,0.777999997138977,0.7857499718666077,0.7722499966621399,0.7785000205039978,254072000
224,224,224,224,224,224,224,224,224,224,224,224,224,224,2015-11-20,0.7656828761100769,0.7847499847412109,0.7892500162124634,0.7789999842643738,0.7837499976158142,239744000
225,225,225,225,225,225,225,225,225,225,225,225,225,225,2015-11-23,0.754218339920044,0.7730000019073486,0.7912499904632568,0.7702500224113464,0.7912499904632568,242552000
226,226,226,226,226,226,226,226,226,226,226,226,226,226,2015-11-24,0.760316789150238,0.7792500257492065,0.7860000133514404,0.7695000171661377,0.7730000019073486,195428000
227,227,227,227,227,227,227,227,227,227,227,227,227,227,2015-11-25,0.7593410611152649,0.778249979019165,0.7870000004768372,0.7754999995231628,0.7777500152587891,138300000
228,228,228,228,228,228,228,228,228,228,228,228,228,228,2015-11-27,0.7656828761100769,0.7847499847412109,0.7872499823570251,0.7757499814033508,0.7797499895095825,86996000
229,229,229,229,229,229,229,229,229,229,229,229,229,229,2015-11-30,0.7737326622009277,0.7929999828338623,0.796500027179718,0.7847499847412109,0.7854999899864197,327244000
230,230,230,230,230,230,230,230,230,230,230,230,230,230,2015-12-01,0.7988569736480713,0.8187500238418579,0.8195000290870667,0.7992500066757202,0.800000011920929,409496000
231,231,231,231,231,231,231,231,231,231,231,231,231,231,2015-12-02,0.7927588224411011,0.8125,0.828499972820282,0.8107500076293945,0.8199999928474426,294240000
232,232,232,232,232,232,232,232,232,232,232,232,232,232,2015-12-03,0.7910512089729309,0.8107500076293945,0.8274999856948853,0.8067499995231628,0.8190000057220459,246656000
233,233,233,233,233,233,233,233,233,233,233,233,233,233,2015-12-04,0.8232495188713074,0.84375,0.8452500104904175,0.8107500076293945,0.8107500076293945,458756000
234,234,234,234,234,234,234,234,234,234,234,234,234,234,2015-12-07,0.8076382875442505,0.827750027179718,0.843500018119812,0.8252500295639038,0.843500018119812,333588000
235,235,235,235,235,235,235,235,235,235,235,235,235,235,2015-12-08,0.8186149597167969,0.8389999866485596,0.8424999713897705,0.812250018119812,0.8174999952316284,314488000
236,236,236,236,236,236,236,236,236,236,236,236,236,236,2015-12-09,0.7978811264038086,0.8177499771118164,0.84375,0.809249997138977,0.8387500047683716,372676000
237,237,237,237,237,237,237,237,237,237,237,237,237,237,2015-12-10,0.8044673800468445,0.8245000243186951,0.8289999961853027,0.8174999952316284,0.8202499747276306,236596000
238,238,238,238,238,238,238,238,238,238,238,238,238,238,2015-12-11,0.792514979839325,0.812250018119812,0.8220000267028809,0.8105000257492065,0.8162500262260437,227320000
239,239,239,239,239,239,239,239,239,239,239,239,239,239,2015-12-14,0.7944663166999817,0.8142499923706055,0.8187500238418579,0.8044999837875366,0.8130000233650208,275892000
240,240,240,240,240,240,240,240,240,240,240,240,240,240,2015-12-15,0.804223358631134,0.8242499828338623,0.8299999833106995,0.8190000057220459,0.8234999775886536,307296000
241,241,241,241,241,241,241,241,241,241,241,241,241,241,2015-12-16,0.8091018199920654,0.8292499780654907,0.8320000171661377,0.8187500238418579,0.8259999752044678,236356000
242,242,242,242,242,242,242,242,242,242,242,242,242,242,2015-12-17,0.7969053983688354,0.8167499899864197,0.8389999866485596,0.8162500262260437,0.8305000066757202,254160000
243,243,243,243,243,243,243,243,243,243,243,243,243,243,2015-12-18,0.7839773893356323,0.8034999966621399,0.8192499876022339,0.8025000095367432,0.8109999895095825,395896000
244,244,244,244,244,244,244,244,244,244,244,244,244,244,2015-12-21,0.8025158047676086,0.8224999904632568,0.8232499957084656,0.8050000071525574,0.812250018119812,284216000
245,245,245,245,245,245,245,245,245,245,245,245,245,245,2015-12-22,0.8032475709915161,0.8232499957084656,0.8314999938011169,0.8182500004768372,0.824999988079071,130012000
246,246,246,246,246,246,246,246,246,246,246,246,246,246,2015-12-23,0.8064188957214355,0.8264999985694885,0.8297500014305115,0.8230000138282776,0.8245000243186951,122524000
247,247,247,247,247,247,247,247,247,247,247,247,247,247,2015-12-24,0.8091018199920654,0.8292499780654907,0.831250011920929,0.8227499723434448,0.8240000009536743,52448000
248,248,248,248,248,248,248,248,248,248,248,248,248,248,2015-12-28,0.8083699941635132,0.828499972820282,0.828499972820282,0.8090000152587891,0.8205000162124634,142024000
249,249,249,249,249,249,249,249,249,249,249,249,249,249,2015-12-29,0.8215418457984924,0.8420000076293945,0.8445000052452087,0.8267499804496765,0.8289999961853027,203660000
250,250,250,250,250,250,250,250,250,250,250,250,250,250,2015-12-30,0.8144682049751282,0.8347499966621399,0.8485000133514404,0.8345000147819519,0.8412500023841858,180344000
251,251,251,251,251,251,251,251,251,251,251,251,251,251,2015-12-31,0.8039793968200684,0.8240000009536743,0.8372499942779541,0.8240000009536743,0.8335000276565552,148528000
252,252,252,252,252,252,252,252,252,252,252,252,252,252,2016-01-04,0.789587676525116,0.809249997138977,0.8144999742507935,0.8009999990463257,0.8072500228881836,358076000
253,253,253,253,253,253,253,253,253,253,253,253,253,253,2016-01-05,0.8022720217704773,0.8222500085830688,0.8360000252723694,0.8125,0.8245000243186951,490272000
254,254,254,254,254,254,254,254,254,254,254,254,254,254,2016-01-06,0.7690980434417725,0.7882500290870667,0.8125,0.7789999842643738,0.8087499737739563,449344000
255,255,255,255,255,255,255,255,255,255,255,255,255,255,2016-01-07,0.7386072874069214,0.7570000290870667,0.7737500071525574,0.746999979019165,0.7684999704360962,645304000
256,256,256,256,256,256,256,256,256,256,256,256,256,256,2016-01-08,0.7227520942687988,0.7407500147819519,0.7674999833106995,0.7392500042915344,0.7667499780654907,398472000
257,257,257,257,257,257,257,257,257,257,257,257,257,257,2016-01-11,0.7239716053009033,0.7419999837875366,0.7472500205039978,0.7287499904632568,0.7415000200271606,409372000
258,258,258,258,258,258,258,258,258,258,258,258,258,258,2016-01-12,0.7361679077148438,0.7544999718666077,0.765500009059906,0.7492499947547913,0.7552499771118164,469356000
259,259,259,259,259,259,259,259,259,259,259,259,259,259,2016-01-13,0.7137269973754883,0.7315000295639038,0.765250027179718,0.7307500243186951,0.7602499723434448,481672000
260,260,260,260,260,260,260,260,260,260,260,260,260,260,2016-01-14,0.6993352770805359,0.7167500257492065,0.7250000238418579,0.6955000162124634,0.7164999842643738,600236000
261,261,261,261,261,261,261,261,261,261,261,261,261,261,2016-01-15,0.6612827777862549,0.6777499914169312,0.6962500214576721,0.6660000085830688,0.6880000233650208,841452000
262,262,262,262,262,262,262,262,262,262,262,262,262,262,2016-01-19,0.6666492223739624,0.6832500100135803,0.7112500071525574,0.6804999709129333,0.6917499899864197,457140000
263,263,263,263,263,263,263,263,263,263,263,263,263,263,2016-01-20,0.6703079342842102,0.6869999766349792,0.6957499980926514,0.6612499952316284,0.6702499985694885,481180000
264,264,264,264,264,264,264,264,264,264,264,264,264,264,2016-01-21,0.6781137585639954,0.6949999928474426,0.7057499885559082,0.6802499890327454,0.6945000290870667,481456000
265,265,265,265,265,265,265,265,265,265,265,265,265,265,2016-01-22,0.6939689517021179,0.7112500071525574,0.7160000205039978,0.7067499756813049,0.7082499861717224,257996000
266,266,266,266,266,266,266,266,266,266,266,266,266,266,2016-01-25,0.6932371854782104,0.7105000019073486,0.7192500233650208,0.7089999914169312,0.7110000252723694,270728000
267,267,267,267,267,267,267,267,267,267,267,267,267,267,2016-01-26,0.7000669240951538,0.7174999713897705,0.7204999923706055,0.7047500014305115,0.7120000123977661,227944000
268,268,268,268,268,268,268,268,268,268,268,268,268,268,2016-01-27,0.6917734146118164,0.7089999914169312,0.71875,0.6955000162124634,0.7164999842643738,231700000
269,269,269,269,269,269,269,269,269,269,269,269,269,269,2016-01-28,0.6842118501663208,0.7012500166893005,0.7172499895095825,0.6875,0.7147499918937683,276776000
270,270,270,270,270,270,270,270,270,270,270,270,270,270,2016-01-29,0.7144588828086853,0.7322499752044678,0.7337499856948853,0.7045000195503235,0.7072499990463257,310504000
271,271,271,271,271,271,271,271,271,271,271,271,271,271,2016-02-01,0.7147024869918823,0.7325000166893005,0.7362499833106995,0.7252500057220459,0.7315000295639038,289884000
272,272,272,272,272,272,272,272,272,272,272,272,272,272,2016-02-02,0.6844557523727417,0.7014999985694885,0.7287499904632568,0.6965000033378601,0.7250000238418579,341908000
273,273,273,273,273,273,273,273,273,273,273,273,273,273,2016-02-03,0.6878706812858582,0.7049999833106995,0.7112500071525574,0.6887500286102295,0.7070000171661377,326772000
274,274,274,274,274,274,274,274,274,274,274,274,274,274,2016-02-04,0.6881147027015686,0.7052500247955322,0.7212499976158142,0.6982499957084656,0.7059999704360962,348140000
275,275,275,275,275,275,275,275,275,275,275,275,275,275,2016-02-05,0.6446958780288696,0.6607499718666077,0.7082499861717224,0.6587499976158142,0.7005000114440918,600428000
276,276,276,276,276,276,276,276,276,276,276,276,276,276,2016-02-08,0.6151808500289917,0.6305000185966492,0.6539999842643738,0.6212499737739563,0.6507499814033508,608852000
277,277,277,277,277,277,277,277,277,277,277,277,277,277,2016-02-09,0.6217669248580933,0.6372500061988831,0.6637499928474426,0.6200000047683716,0.6230000257492065,425372000
278,278,278,278,278,278,278,278,278,278,278,278,278,278,2016-02-10,0.620303213596344,0.6357499957084656,0.6597499847412109,0.6322500109672546,0.6412500143051147,335800000
279,279,279,279,279,279,279,279,279,279,279,279,279,279,2016-02-11,0.617132306098938,0.6324999928474426,0.6389999985694885,0.6194999814033508,0.6194999814033508,340144000
280,280,280,280,280,280,280,280,280,280,280,280,280,280,2016-02-12,0.6276209354400635,0.6432499885559082,0.6445000171661377,0.6187499761581421,0.6424999833106995,340816000
281,281,281,281,281,281,281,281,281,281,281,281,281,281,2016-02-16,0.6583555340766907,0.6747499704360962,0.6757500171661377,0.6504999995231628,0.6524999737739563,485352000
282,282,282,282,282,282,282,282,282,282,282,282,282,282,2016-02-17,0.6746987700462341,0.6915000081062317,0.6980000138282776,0.6804999709129333,0.6832500100135803,771468000
283,283,283,283,283,283,283,283,283,283,283,283,283,283,2016-02-18,0.732752799987793,0.7509999871253967,0.7745000123977661,0.7475000023841858,0.7482500076293945,1068660000
284,284,284,284,284,284,284,284,284,284,284,284,284,284,2016-02-19,0.7425099611282349,0.7609999775886536,0.7677500247955322,0.7412499785423279,0.746999979019165,525628000
285,285,285,285,285,285,285,285,285,285,285,285,285,285,2016-02-22,0.7688541412353516,0.7879999876022339,0.796750009059906,0.7705000042915344,0.7720000147819519,449668000
286,286,286,286,286,286,286,286,286,286,286,286,286,286,2016-02-23,0.7708053588867188,0.7900000214576721,0.7975000143051147,0.777999997138977,0.7817500233650208,369380000
287,287,287,287,287,287,287,287,287,287,287,287,287,287,2016-02-24,0.7761717438697815,0.7954999804496765,0.796750009059906,0.7649999856948853,0.7867500185966492,336852000
288,288,288,288,288,288,288,288,288,288,288,288,288,288,2016-02-25,0.7778793573379517,0.797249972820282,0.8012499809265137,0.7829999923706055,0.7985000014305115,349616000
289,289,289,289,289,289,289,289,289,289,289,289,289,289,2016-02-26,0.7727569937705994,0.7919999957084656,0.8029999732971191,0.7839999794960022,0.8009999990463257,361964000
290,290,290,290,290,290,290,290,290,290,290,290,290,290,2016-02-29,0.7677381038665771,0.7839999794960022,0.8004999756813049,0.7835000157356262,0.7902500033378601,323344000
291,291,291,291,291,291,291,291,291,291,291,291,291,291,2016-03-01,0.8017672896385193,0.8187500238418579,0.8187500238418579,0.7847499847412109,0.7860000133514404,348700000
292,292,292,292,292,292,292,292,292,292,292,292,292,292,2016-03-02,0.8064188957214355,0.8234999775886536,0.8264999985694885,0.812749981880188,0.8142499923706055,233812000
293,293,293,293,293,293,293,293,293,293,293,293,293,293,2016-03-03,0.7993193864822388,0.8162500262260437,0.8259999752044678,0.8052499890327454,0.8224999904632568,302004000
294,294,294,294,294,294,294,294,294,294,294,294,294,294,2016-03-04,0.7968711256980896,0.8137500286102295,0.8232499957084656,0.8075000047683716,0.8224999904632568,175304000
295,295,295,295,295,295,295,295,295,295,295,295,295,295,2016-03-07,0.7917299270629883,0.8084999918937683,0.8147500157356262,0.7979999780654907,0.809249997138977,239968000
296,296,296,296,296,296,296,296,296,296,296,296,296,296,2016-03-08,0.7772860527038574,0.793749988079071,0.8050000071525574,0.7912499904632568,0.8002499938011169,274940000
297,297,297,297,297,297,297,297,297,297,297,297,297,297,2016-03-09,0.7767962217330933,0.7932500243186951,0.8019999861717224,0.7829999923706055,0.8007500171661377,222788000
298,298,298,298,298,298,298,298,298,298,298,298,298,298,2016-03-10,0.7755724191665649,0.7919999957084656,0.8025000095367432,0.7760000228881836,0.7979999780654907,286084000
299,299,299,299,299,299,299,299,299,299,299,299,299,299,2016-03-11,0.7887921333312988,0.8054999709129333,0.8057500123977661,0.7942500114440918,0.8037499785423279,277400000
300,300,300,300,300,300,300,300,300,300,300,300,300,300,2016-03-14,0.7907509207725525,0.8075000047683716,0.8107500076293945,0.7979999780654907,0.8017500042915344,190312000
301,301,301,301,301,301,301,301,301,301,301,301,301,301,2016-03-15,0.7868335247039795,0.8034999966621399,0.8084999918937683,0.7892500162124634,0.8032500147819519,226216000
302,302,302,302,302,302,302,302,302,302,302,302,302,302,2016-03-16,0.8103358745574951,0.8274999856948853,0.8302500247955322,0.793749988079071,0.7975000143051147,363644000
303,303,303,303,303,303,303,303,303,303,303,303,303,303,2016-03-17,0.8034811019897461,0.8205000162124634,0.828499972820282,0.809249997138977,0.8245000243186951,353680000
304,304,304,304,304,304,304,304,304,304,304,304,304,304,2016-03-18,0.8277177214622498,0.8452500104904175,0.856249988079071,0.824999988079071,0.8302500247955322,545512000
305,305,305,305,305,305,305,305,305,305,305,305,305,305,2016-03-21,0.8301659226417542,0.8477500081062317,0.8479999899864197,0.8287500143051147,0.8377500176429749,337780000
306,306,306,306,306,306,306,306,306,306,306,306,306,306,2016-03-22,0.828697144985199,0.8462499976158142,0.8522499799728394,0.8357499837875366,0.8450000286102295,242012000
307,307,307,307,307,307,307,307,307,307,307,307,307,307,2016-03-23,0.8428961634635925,0.8607500195503235,0.8669999837875366,0.8462499976158142,0.8500000238418579,429008000
308,308,308,308,308,308,308,308,308,308,308,308,308,308,2016-03-24,0.8441202640533447,0.8619999885559082,0.8634999990463257,0.8502500057220459,0.8529999852180481,244956000
309,309,309,309,309,309,309,309,309,309,309,309,309,309,2016-03-28,0.8526887893676758,0.8707500100135803,0.8744999766349792,0.859499990940094,0.8604999780654907,265388000
310,310,310,310,310,310,310,310,310,310,310,310,310,310,2016-03-29,0.8663986325263977,0.8847500085830688,0.8867499828338623,0.8650000095367432,0.8669999837875366,261812000
311,311,311,311,311,311,311,311,311,311,311,311,311,311,2016-03-30,0.8754565715789795,0.8939999938011169,0.90625,0.887499988079071,0.8880000114440918,376700000
312,312,312,312,312,312,312,312,312,312,312,312,312,312,2016-03-31,0.872273862361908,0.890749990940094,0.8999999761581421,0.8837500214576721,0.8980000019073486,379884000
313,313,313,313,313,313,313,313,313,313,313,313,313,313,2016-04-01,0.8850044012069702,0.9037500023841858,0.9042500257492064,0.8784999847412109,0.8852499723434448,348292000
314,314,314,314,314,314,314,314,314,314,314,314,314,314,2016-04-04,0.8764356374740601,0.8949999809265137,0.9160000085830688,0.8914999961853027,0.9112499952316284,393940000
315,315,315,315,315,315,315,315,315,315,315,315,315,315,2016-04-05,0.8752117156982422,0.893750011920929,0.9020000100135804,0.8834999799728394,0.8870000243186951,339568000
316,316,316,316,316,316,316,316,316,316,316,316,316,316,2016-04-06,0.8764356374740601,0.8949999809265137,0.8955000042915344,0.8657500147819519,0.8824999928474426,453376000
317,317,317,317,317,317,317,317,317,317,317,317,317,317,2016-04-07,0.8673776984214783,0.8857499957084656,0.8972499966621399,0.8820000290870667,0.8892499804496765,378104000
318,318,318,318,318,318,318,318,318,318,318,318,318,318,2016-04-08,0.8730083703994751,0.8914999961853027,0.8987500071525574,0.8827499747276306,0.8930000066757202,255936000
319,319,319,319,319,319,319,319,319,319,319,319,319,319,2016-04-11,0.8783941864967346,0.8970000147819519,0.9117500185966492,0.8939999938011169,0.8967499732971191,387524000
320,320,320,320,320,320,320,320,320,320,320,320,320,320,2016-04-12,0.8774151802062988,0.8960000276565552,0.9012500047683716,0.8784999847412109,0.8999999761581421,292764000
321,321,321,321,321,321,321,321,321,321,321,321,321,321,2016-04-13,0.8994486331939697,0.9185000061988832,0.918749988079071,0.8999999761581421,0.8999999761581421,350716000
322,322,322,322,322,322,322,322,322,322,322,322,322,322,2016-04-14,0.9018967151641846,0.9210000038146972,0.925000011920929,0.9122499823570251,0.9160000085830688,416564000
323,323,323,323,323,323,323,323,323,323,323,323,323,323,2016-04-15,0.9089961051940918,0.928250014781952,0.9365000128746032,0.9177500009536744,0.9207500219345092,436972000
324,324,324,324,324,324,324,324,324,324,324,324,324,324,2016-04-18,0.9050790071487428,0.9242500066757202,0.9265000224113464,0.91525000333786,0.9265000224113464,307320000
325,325,325,325,325,325,325,325,325,325,325,325,325,325,2016-04-19,0.888921320438385,0.9077500104904176,0.9294999837875366,0.9020000100135804,0.9277499914169312,309152000
326,326,326,326,326,326,326,326,326,326,326,326,326,326,2016-04-20,0.8923485279083252,0.9112499952316284,0.9167500138282776,0.9052500128746032,0.90625,200172000
327,327,327,327,327,327,327,327,327,327,327,327,327,327,2016-04-21,0.8913693428039551,0.9102500081062316,0.9157500267028807,0.90625,0.9114999771118164,178280000
328,328,328,328,328,328,328,328,328,328,328,328,328,328,2016-04-22,0.8879422545433044,0.9067500233650208,0.9194999933242798,0.9037500023841858,0.9132500290870668,223540000
329,329,329,329,329,329,329,329,329,329,329,329,329,329,2016-04-25,0.8923485279083252,0.9112499952316284,0.9162499904632568,0.9045000076293944,0.9070000052452089,191972000
330,330,330,330,330,330,330,330,330,330,330,330,330,330,2016-04-26,0.8930831551551819,0.9120000004768372,0.9272500276565552,0.9079999923706056,0.9167500138282776,214536000
331,331,331,331,331,331,331,331,331,331,331,331,331,331,2016-04-27,0.9134027361869812,0.9327499866485596,0.9332500100135804,0.9079999923706056,0.9097499847412108,352396000
332,332,332,332,332,332,332,332,332,332,332,332,332,332,2016-04-28,0.8862283825874329,0.9049999713897704,0.9325000047683716,0.9027500152587892,0.9269999861717224,381224000
333,333,333,333,333,333,333,333,333,333,333,333,333,333,2016-04-29,0.8698257803916931,0.8882499933242798,0.903249979019165,0.8784999847412109,0.9012500047683716,321904000
334,334,334,334,334,334,334,334,334,334,334,334,334,334,2016-05-02,0.8813319206237793,0.8999999761581421,0.9054999947547911,0.8924999833106995,0.8967499732971191,256076000
335,335,335,335,335,335,335,335,335,335,335,335,335,335,2016-05-03,0.8708052635192871,0.8892499804496765,0.8934999704360962,0.8815000057220459,0.8897500038146973,224024000
336,336,336,336,336,336,336,336,336,336,336,336,336,336,2016-05-04,0.8509750962257385,0.8690000176429749,0.8792499899864197,0.8600000143051147,0.8784999847412109,525764000
337,337,337,337,337,337,337,337,337,337,337,337,337,337,2016-05-05,0.8561161756515503,0.8742499947547913,0.8845000267028809,0.8677499890327454,0.8762500286102295,246884000
338,338,338,338,338,338,338,338,338,338,338,338,338,338,2016-05-06,0.8649295568466187,0.8832499980926514,0.8855000138282776,0.8709999918937683,0.8727499842643738,183240000
339,339,339,339,339,339,339,339,339,339,339,339,339,339,2016-05-09,0.8637053966522217,0.8820000290870667,0.8892499804496765,0.874750018119812,0.8855000138282776,333336000
340,340,340,340,340,340,340,340,340,340,340,340,340,340,2016-05-10,0.8803529143333435,0.8989999890327454,0.9004999995231628,0.8790000081062317,0.887499988079071,269676000
341,341,341,341,341,341,341,341,341,341,341,341,341,341,2016-05-11,0.8828008770942688,0.9014999866485596,0.9114999771118164,0.8967499732971191,0.9017500281333924,328176000
342,342,342,342,342,342,342,342,342,342,342,342,342,342,2016-05-12,0.8708052635192871,0.8892499804496765,0.9120000004768372,0.8732500076293945,0.9079999923706056,670540000
343,343,343,343,343,343,343,343,343,343,343,343,343,343,2016-05-13,1.0032501220703125,1.024500012397766,1.024999976158142,0.975000023841858,0.9797499775886536,2110256000
344,344,344,344,344,344,344,344,344,344,344,344,344,344,2016-05-16,1.0328723192214966,1.0547499656677246,1.0700000524520874,1.0134999752044678,1.0167499780654907,973032000
345,345,345,345,345,345,345,345,345,345,345,345,345,345,2016-05-17,1.0350756645202637,1.0570000410079956,1.0644999742507937,1.0364999771118164,1.0499999523162842,628392000
346,346,346,346,346,346,346,346,346,346,346,346,346,346,2016-05-18,1.061515212059021,1.0839999914169312,1.096250057220459,1.0499999523162842,1.0499999523162842,541072000
347,347,347,347,347,347,347,347,347,347,347,347,347,347,2016-05-19,1.066167235374451,1.0887500047683716,1.096500039100647,1.0782500505447388,1.0797499418258667,398880000
348,348,348,348,348,348,348,348,348,348,348,348,348,348,2016-05-20,1.0852625370025637,1.1082500219345093,1.1127500534057615,1.09375,1.0954999923706057,391084000
349,349,349,349,349,349,349,349,349,349,349,349,349,349,2016-05-23,1.0869766473770142,1.1100000143051147,1.1172499656677246,1.1032500267028809,1.1130000352859497,413636000
350,350,350,350,350,350,350,350,350,350,350,350,350,350,2016-05-24,1.1133618354797363,1.133999943733215,1.1375000476837158,1.1074999570846558,1.1104999780654907,415788000
351,351,351,351,351,351,351,351,351,351,351,351,351,351,2016-05-25,1.108698487281799,1.1292500495910645,1.1422499418258667,1.1202499866485596,1.1375000476837158,458076000
352,352,352,352,352,352,352,352,352,352,352,352,352,352,2016-05-26,1.1204805374145508,1.1412500143051147,1.149500012397766,1.128000020980835,1.131250023841858,309964000
353,353,353,353,353,353,353,353,353,353,353,353,353,353,2016-05-27,1.126616597175598,1.1475000381469729,1.149250030517578,1.1387499570846558,1.1425000429153442,277416000
354,354,354,354,354,354,354,354,354,354,354,354,354,354,2016-05-31,1.1467431783676147,1.1679999828338623,1.1705000400543213,1.1517499685287476,1.152500033378601,412524000
355,355,355,355,355,355,355,355,355,355,355,355,355,355,2016-06-01,1.148952603340149,1.1702500581741333,1.18149995803833,1.159000039100647,1.162500023841858,387132000
356,356,356,356,356,356,356,356,356,356,356,356,356,356,2016-06-02,1.1570521593093872,1.178500056266785,1.1885000467300415,1.1649999618530271,1.1764999628067017,329208000
357,357,357,357,357,357,357,357,357,357,357,357,357,357,2016-06-03,1.140851974487305,1.1619999408721924,1.1684999465942385,1.1414999961853027,1.1670000553131104,461076000
358,358,358,358,358,358,358,358,358,358,358,358,358,358,2016-06-06,1.1349620819091797,1.156000018119812,1.1740000247955322,1.149999976158142,1.1649999618530271,322512000
359,359,359,359,359,359,359,359,359,359,359,359,359,359,2016-06-07,1.137170910835266,1.1582499742507937,1.1694999933242798,1.1577500104904177,1.162999987602234,193400000
360,360,360,360,360,360,360,360,360,360,360,360,360,360,2016-06-08,1.1334891319274902,1.1545000076293943,1.162750005722046,1.1449999809265137,1.1584999561309814,234616000
361,361,361,361,361,361,361,361,361,361,361,361,361,361,2016-06-09,1.162942886352539,1.184499979019165,1.1862499713897705,1.1480000019073486,1.1505000591278076,472168000
362,362,362,362,362,362,362,362,362,362,362,362,362,362,2016-06-10,1.1339797973632812,1.1549999713897705,1.180999994277954,1.153499960899353,1.1705000400543213,400024000
363,363,363,363,363,363,363,363,363,363,363,363,363,363,2016-06-13,1.1484615802764893,1.1697499752044678,1.1924999952316284,1.15625,1.15625,475588000
364,364,364,364,364,364,364,364,364,364,364,364,364,364,2016-06-14,1.1506705284118652,1.1720000505447388,1.1775000095367432,1.1540000438690186,1.1670000553131104,298344000
365,365,365,365,365,365,365,365,365,365,365,365,365,365,2016-06-15,1.1624523401260376,1.184000015258789,1.194249987602234,1.1687500476837158,1.1817500591278076,301036000
366,366,366,366,366,366,366,366,366,366,366,366,366,366,2016-06-16,1.167115569114685,1.1887500286102295,1.190750002861023,1.1637500524520874,1.1752500534057615,246456000
367,367,367,367,367,367,367,367,367,367,367,367,367,367,2016-06-17,1.1467431783676147,1.1679999828338623,1.190500020980835,1.163249969482422,1.190250039100647,471000000
368,368,368,368,368,368,368,368,368,368,368,368,368,368,2016-06-20,1.1673613786697388,1.1890000104904177,1.2042499780654907,1.1859999895095823,1.186750054359436,293768000
369,369,369,369,369,369,369,369,369,369,369,369,369,369,2016-06-21,1.1602431535720823,1.1817500591278076,1.1972500085830688,1.1799999475479126,1.194000005722046,212508000
370,370,370,370,370,370,370,370,370,370,370,370,370,370,2016-06-22,1.1592614650726318,1.180750012397766,1.1920000314712524,1.1787500381469729,1.184249997138977,202620000
371,371,371,371,371,371,371,371,371,371,371,371,371,371,2016-06-23,1.1901880502700806,1.212249994277954,1.2135000228881836,1.191249966621399,1.1920000314712524,297880000
372,372,372,372,372,372,372,372,372,372,372,372,372,372,2016-06-24,1.1224440336227417,1.1432499885559082,1.184000015258789,1.1325000524520874,1.162500023841858,1017684000
373,373,373,373,373,373,373,373,373,373,373,373,373,373,2016-06-27,1.1104166507720947,1.13100004196167,1.1425000429153442,1.1142499446868896,1.1337499618530271,449088000
374,374,374,374,374,374,374,374,374,374,374,374,374,374,2016-06-28,1.126616597175598,1.1475000381469729,1.153749942779541,1.131749987602234,1.152500033378601,381920000
375,375,375,375,375,375,375,375,375,375,375,375,375,375,2016-06-29,1.1450248956680298,1.1662499904632568,1.1752500534057615,1.1545000076293943,1.1575000286102295,318932000
376,376,376,376,376,376,376,376,376,376,376,376,376,376,2016-06-30,1.1538612842559814,1.1752500534057615,1.1825000047683716,1.158750057220459,1.1682499647140503,430940000
377,377,377,377,377,377,377,377,377,377,377,377,377,377,2016-07-01,1.1452704668045044,1.1664999723434448,1.184000015258789,1.162500023841858,1.1687500476837158,218488000
378,378,378,378,378,378,378,378,378,378,378,378,378,378,2016-07-05,1.1622066497802734,1.183750033378601,1.1857500076293943,1.1507500410079956,1.159999966621399,371084000
379,379,379,379,379,379,379,379,379,379,379,379,379,379,2016-07-06,1.1695700883865356,1.191249966621399,1.1982500553131104,1.1694999933242798,1.1755000352859497,273104000
380,380,380,380,380,380,380,380,380,380,380,380,380,380,2016-07-07,1.2000062465667725,1.222249984741211,1.2265000343322754,1.193750023841858,1.1992499828338623,395400000
381,381,381,381,381,381,381,381,381,381,381,381,381,381,2016-07-08,1.2481144666671753,1.2712500095367432,1.277250051498413,1.2304999828338623,1.2352499961853027,481932000
382,382,382,382,382,382,382,382,382,382,382,382,382,382,2016-07-11,1.2768317461013794,1.3005000352859497,1.309999942779541,1.287999987602234,1.2894999980926514,448776000
383,383,383,383,383,383,383,383,383,383,383,383,383,383,2016-07-12,1.2959775924682615,1.3200000524520874,1.3320000171661377,1.2984999418258667,1.315000057220459,436760000
384,384,384,384,384,384,384,384,384,384,384,384,384,384,2016-07-13,1.2954860925674438,1.319499969482422,1.3300000429153442,1.3174999952316284,1.3224999904632568,324604000
385,385,385,385,385,385,385,385,385,385,385,385,385,385,2016-07-14,1.308740735054016,1.3329999446868896,1.3450000286102295,1.315500020980835,1.3265000581741333,316892000
386,386,386,386,386,386,386,386,386,386,386,386,386,386,2016-07-15,1.293523192405701,1.3174999952316284,1.3235000371932983,1.2960000038146973,1.315999984741211,428616000
387,387,387,387,387,387,387,387,387,387,387,387,387,387,2016-07-18,1.3001497983932495,1.3242499828338623,1.3357499837875366,1.319249987602234,1.3337500095367432,252992000
388,388,388,388,388,388,388,388,388,388,388,388,388,388,2016-07-19,1.3136494159698486,1.3380000591278076,1.343250036239624,1.3209999799728394,1.3235000371932983,382652000
389,389,389,389,389,389,389,389,389,389,389,389,389,389,2016-07-20,1.3308309316635132,1.3554999828338623,1.3627500534057615,1.337000012397766,1.3424999713897705,296460000
390,390,390,390,390,390,390,390,390,390,390,390,390,390,2016-07-21,1.306286334991455,1.3305000066757202,1.3567500114440918,1.3259999752044678,1.3524999618530271,361308000
391,391,391,391,391,391,391,391,391,391,391,391,391,391,2016-07-22,1.3418761491775513,1.3667500019073486,1.3667500019073486,1.3255000114440918,1.3352500200271606,315768000
392,392,392,392,392,392,392,392,392,392,392,392,392,392,2016-07-25,1.3666667938232422,1.3919999599456787,1.3952499628067017,1.36899995803833,1.375,312528000
393,393,393,393,393,393,393,393,393,393,393,393,393,393,2016-07-26,1.389984130859375,1.4157500267028809,1.4229999780654907,1.402250051498413,1.4042500257492063,514508000
394,394,394,394,394,394,394,394,394,394,394,394,394,394,2016-07-27,1.3759939670562744,1.4014999866485596,1.430500030517578,1.3930000066757202,1.4279999732971191,446676000
395,395,395,395,395,395,395,395,395,395,395,395,395,395,2016-07-28,1.378939151763916,1.4045000076293943,1.4149999618530271,1.40024995803833,1.4047499895095823,221916000
396,396,396,396,396,396,396,396,396,396,396,396,396,396,2016-07-29,1.4015204906463623,1.4275000095367432,1.431249976158142,1.3845000267028809,1.409749984741211,409588000
397,397,397,397,397,397,397,397,397,397,397,397,397,397,2016-08-01,1.3924390077590942,1.4182499647140503,1.4387500286102295,1.409000039100647,1.433500051498413,301120000
398,398,398,398,398,398,398,398,398,398,398,398,398,398,2016-08-02,1.3755031824111938,1.4010000228881836,1.4257500171661377,1.3875000476837158,1.4249999523162842,282748000
399,399,399,399,399,399,399,399,399,399,399,399,399,399,2016-08-03,1.3791848421096802,1.4047499895095823,1.4075000286102295,1.3914999961853027,1.399250030517578,299828000
400,400,400,400,400,400,400,400,400,400,400,400,400,400,2016-08-04,1.4047117233276367,1.430750012397766,1.437250018119812,1.408750057220459,1.4114999771118164,272712000
401,401,401,401,401,401,401,401,401,401,401,401,401,401,2016-08-05,1.4285199642181396,1.4550000429153442,1.4557499885559082,1.440250039100647,1.4472500085830688,371588000
402,402,402,402,402,402,402,402,402,402,402,402,402,402,2016-08-08,1.4417743682861328,1.468500018119812,1.4785000085830688,1.4529999494552612,1.475000023841858,305064000
403,403,403,403,403,403,403,403,403,403,403,403,403,403,2016-08-09,1.4454562664031982,1.472249984741211,1.4865000247955322,1.468500018119812,1.475749969482422,372344000
404,404,404,404,404,404,404,404,404,404,404,404,404,404,2016-08-10,1.4361292123794556,1.46274995803833,1.4874999523162842,1.4579999446868896,1.4852499961853027,375740000
405,405,405,405,405,405,405,405,405,405,405,405,405,405,2016-08-11,1.4653379917144775,1.4924999475479126,1.4987499713897705,1.4674999713897705,1.4704999923706057,681064000
406,406,406,406,406,406,406,406,406,406,406,406,406,406,2016-08-12,1.5473177433013916,1.5759999752044678,1.5844999551773071,1.5157500505447388,1.5475000143051147,1425744000
407,407,407,407,407,407,407,407,407,407,407,407,407,407,2016-08-15,1.5458451509475708,1.5744999647140503,1.587499976158142,1.5532499551773071,1.5777499675750732,573304000
408,408,408,408,408,408,408,408,408,408,408,408,408,408,2016-08-16,1.5365185737609863,1.565000057220459,1.5747499465942385,1.5602500438690186,1.5722500085830688,287652000
409,409,409,409,409,409,409,409,409,409,409,409,409,409,2016-08-17,1.500928282737732,1.528749942779541,1.56850004196167,1.5164999961853027,1.565000057220459,595212000
410,410,410,410,410,410,410,410,410,410,410,410,410,410,2016-08-18,1.5242457389831543,1.5525000095367432,1.5549999475479126,1.5204999446868896,1.5264999866485596,331684000
411,411,411,411,411,411,411,411,411,411,411,411,411,411,2016-08-19,1.5281730890274048,1.55649995803833,1.5682499408721924,1.5449999570846558,1.5517499446868896,291560000
412,412,412,412,412,412,412,412,412,412,412,412,412,412,2016-08-22,1.5345546007156372,1.562999963760376,1.565250039100647,1.5427500009536743,1.5612499713897705,244748000
413,413,413,413,413,413,413,413,413,413,413,413,413,413,2016-08-23,1.546972632408142,1.5727499723434448,1.5829999446868896,1.5682499408721924,1.5759999752044678,339764000
414,414,414,414,414,414,414,414,414,414,414,414,414,414,2016-08-24,1.523120403289795,1.5484999418258667,1.5789999961853027,1.5412499904632568,1.5782500505447388,298448000
415,415,415,415,415,415,415,415,415,415,415,415,415,415,2016-08-25,1.513038158416748,1.538249969482422,1.5497499704360962,1.5190000534057615,1.5490000247955322,406032000
416,416,416,416,416,416,416,416,416,416,416,416,416,416,2016-08-26,1.5253331661224363,1.5507500171661377,1.559499979019165,1.5299999713897705,1.5422500371932983,300024000
417,417,417,417,417,417,417,417,417,417,417,417,417,417,2016-08-29,1.5243494510650637,1.5497499704360962,1.563249945640564,1.5472500324249268,1.5570000410079956,274652000
418,418,418,418,418,418,418,418,418,418,418,418,418,418,2016-08-30,1.5154975652694702,1.5407500267028809,1.555999994277954,1.5364999771118164,1.5477499961853027,285544000
419,419,419,419,419,419,419,419,419,419,419,419,419,419,2016-08-31,1.5083656311035156,1.5334999561309814,1.5479999780654907,1.5290000438690186,1.5437500476837158,388544000
420,420,420,420,420,420,420,420,420,420,420,420,420,420,2016-09-01,1.5528746843338013,1.5787500143051147,1.5844999551773071,1.5334999561309814,1.534749984741211,428492000
421,421,421,421,421,421,421,421,421,421,421,421,421,421,2016-09-02,1.5376282930374146,1.563249945640564,1.5837500095367432,1.5455000400543213,1.5820000171661377,323148000
422,422,422,422,422,422,422,422,422,422,422,422,422,422,2016-09-06,1.5521366596221924,1.5779999494552612,1.5779999494552612,1.5607500076293943,1.568750023841858,306812000
423,423,423,423,423,423,423,423,423,423,423,423,423,423,2016-09-07,1.5292677879333496,1.5547499656677246,1.5807499885559082,1.5457500219345093,1.5729999542236328,397988000
424,424,424,424,424,424,424,424,424,424,424,424,424,424,2016-09-08,1.540333271026611,1.565999984741211,1.56850004196167,1.5355000495910645,1.5532499551773071,315808000
425,425,425,425,425,425,425,425,425,425,425,425,425,425,2016-09-09,1.4636116027832031,1.4880000352859497,1.5575000047683716,1.475000023841858,1.5487500429153442,697760000
426,426,426,426,426,426,426,426,426,426,426,426,426,426,2016-09-12,1.493857979774475,1.5187499523162842,1.5217499732971191,1.4329999685287476,1.468250036239624,598260000
427,427,427,427,427,427,427,427,427,427,427,427,427,427,2016-09-13,1.4722185134887695,1.496749997138977,1.5325000286102295,1.4882500171661377,1.5149999856948853,471768000
428,428,428,428,428,428,428,428,428,428,428,428,428,428,2016-09-14,1.4852513074874878,1.5099999904632568,1.5149999856948853,1.4877500534057615,1.500249981880188,319048000
429,429,429,429,429,429,429,429,429,429,429,429,429,429,2016-09-15,1.541562795639038,1.5672500133514404,1.569000005722046,1.508999943733215,1.5125000476837158,515212000
430,430,430,430,430,430,430,430,430,430,430,430,430,430,2016-09-16,1.5452512502670288,1.5709999799728394,1.5812499523162842,1.5529999732971191,1.5727499723434448,902444000
431,431,431,431,431,431,431,431,431,431,431,431,431,431,2016-09-19,1.5656613111495972,1.5917500257492063,1.631500005722046,1.5802500247955322,1.587499976158142,417128000
432,432,432,432,432,432,432,432,432,432,432,432,432,432,2016-09-20,1.551398992538452,1.5772500038146973,1.6100000143051147,1.56850004196167,1.6100000143051147,331112000
433,433,433,433,433,433,433,433,433,433,433,433,433,433,2016-09-21,1.5949238538742063,1.621500015258789,1.624500036239624,1.5817500352859497,1.5820000171661377,336212000
434,434,434,434,434,434,434,434,434,434,434,434,434,434,2016-09-22,1.5988584756851196,1.625499963760376,1.6360000371932983,1.6162500381469729,1.63100004196167,308732000
435,435,435,435,435,435,435,435,435,435,435,435,435,435,2016-09-23,1.5971367359161377,1.6237499713897705,1.63224995136261,1.6165000200271606,1.627500057220459,276132000
436,436,436,436,436,436,436,436,436,436,436,436,436,436,2016-09-26,1.5821369886398315,1.6085000038146973,1.6150000095367432,1.5882500410079956,1.6052500009536743,230040000
437,437,437,437,437,437,437,437,437,437,437,437,437,437,2016-09-27,1.6362354755401611,1.66349995136261,1.6660000085830688,1.6015000343322754,1.6022499799728394,402752000
438,438,438,438,438,438,438,438,438,438,438,438,438,438,2016-09-28,1.642136812210083,1.6694999933242798,1.6707500219345093,1.6482499837875366,1.6660000085830688,319788000
439,439,439,439,439,439,439,439,439,439,439,439,439,439,2016-09-29,1.6573834419250488,1.684999942779541,1.690250039100647,1.6512500047683716,1.6667499542236328,336684000
440,440,440,440,440,440,440,440,440,440,440,440,440,440,2016-09-30,1.6849243640899658,1.7130000591278076,1.7297500371932983,1.684249997138977,1.694249987602234,429932000
441,441,441,441,441,441,441,441,441,441,441,441,441,441,2016-10-03,1.6832023859024048,1.7112499475479126,1.7377500534057615,1.7082500457763672,1.7130000591278076,242596000
442,442,442,442,442,442,442,442,442,442,442,442,442,442,2016-10-04,1.6795142889022827,1.7074999809265137,1.7424999475479126,1.69474995136261,1.7137500047683716,281624000
443,443,443,443,443,443,443,443,443,443,443,443,443,443,2016-10-05,1.6777931451797483,1.7057499885559082,1.7395000457763672,1.7005000114440918,1.722000002861023,305440000
444,444,444,444,444,444,444,444,444,444,444,444,444,444,2016-10-06,1.6559077501296997,1.683500051498413,1.6957499980926514,1.656499981880188,1.6852500438690186,360212000
445,445,445,445,445,445,445,445,445,445,445,445,445,445,2016-10-07,1.6438583135604858,1.6712499856948853,1.6992499828338623,1.6664999723434448,1.69474995136261,286260000
446,446,446,446,446,446,446,446,446,446,446,446,446,446,2016-10-10,1.65000581741333,1.6775000095367432,1.6890000104904177,1.6617499589920044,1.6799999475479126,287876000
447,447,447,447,447,447,447,447,447,447,447,447,447,447,2016-10-11,1.6261531114578247,1.653249979019165,1.6744999885559082,1.6404999494552612,1.6720000505447388,388540000
448,448,448,448,448,448,448,448,448,448,448,448,448,448,2016-10-12,1.633530616760254,1.6607500314712524,1.6694999933242798,1.6327500343322754,1.6464999914169312,419920000
449,449,449,449,449,449,449,449,449,449,449,449,449,449,2016-10-13,1.6069730520248413,1.6337499618530271,1.6449999809265137,1.5924999713897705,1.6412500143051147,390116000
450,450,450,450,450,450,450,450,450,450,450,450,450,450,2016-10-14,1.6227105855941772,1.649749994277954,1.6649999618530271,1.6399999856948853,1.653749942779541,330636000
451,451,451,451,451,451,451,451,451,451,451,451,451,451,2016-10-17,1.6133662462234497,1.6402499675750732,1.6649999618530271,1.6380000114440918,1.649500012397766,195328000
452,452,452,452,452,452,452,452,452,452,452,452,452,452,2016-10-18,1.6379567384719849,1.665249943733215,1.6747499704360962,1.65625,1.662999987602234,269372000
453,453,453,453,453,453,453,453,453,453,453,453,453,453,2016-10-19,1.6345138549804688,1.6617499589920044,1.6694999933242798,1.6454999446868896,1.6540000438690186,199060000
454,454,454,454,454,454,454,454,454,454,454,454,454,454,2016-10-20,1.6654974222183228,1.6932499408721924,1.6987500190734863,1.6575000286102295,1.681249976158142,312084000
455,455,455,455,455,455,455,455,455,455,455,455,455,455,2016-10-21,1.6608256101608276,1.6885000467300415,1.691499948501587,1.6725000143051147,1.687250018119812,279508000
456,456,456,456,456,456,456,456,456,456,456,456,456,456,2016-10-24,1.738776683807373,1.7677500247955322,1.7697499990463257,1.6997499465942385,1.7000000476837158,339836000
457,457,457,457,457,457,457,457,457,457,457,457,457,457,2016-10-25,1.7673012018203735,1.7967499494552612,1.807500004768372,1.756250023841858,1.7647500038146973,397460000
458,458,458,458,458,458,458,458,458,458,458,458,458,458,2016-10-26,1.7744325399398804,1.8040000200271609,1.8237500190734863,1.7799999713897705,1.781749963760376,333792000
459,459,459,459,459,459,459,459,459,459,459,459,459,459,2016-10-27,1.7380393743515017,1.7669999599456787,1.821249961853028,1.7597500085830688,1.8177499771118164,388664000
460,460,460,460,460,460,460,460,460,460,460,460,460,460,2016-10-28,1.735088348388672,1.7640000581741333,1.8025000095367432,1.7607500553131104,1.7755000591278076,290856000
461,461,461,461,461,461,461,461,461,461,461,461,461,461,2016-10-31,1.7498421669006348,1.7790000438690186,1.7907500267028809,1.7687499523162842,1.7697499990463257,252388000
462,462,462,462,462,462,462,462,462,462,462,462,462,462,2016-11-01,1.697956681251526,1.7262500524520874,1.7952500581741333,1.7072499990463257,1.7855000495910645,473224000
463,463,463,463,463,463,463,463,463,463,463,463,463,463,2016-11-02,1.6908257007598877,1.718999981880188,1.7630000114440918,1.715999960899353,1.7395000457763672,295848000
464,464,464,464,464,464,464,464,464,464,464,464,464,464,2016-11-03,1.6711534261703491,1.6990000009536743,1.7285000085830688,1.6660000085830688,1.7269999980926514,309664000
465,465,465,465,465,465,465,465,465,465,465,465,465,465,2016-11-04,1.6615631580352783,1.6892499923706057,1.718250036239624,1.6644999980926514,1.687749981880188,328780000
466,466,466,466,466,466,466,466,466,466,466,466,466,466,2016-11-07,1.752547264099121,1.781749963760376,1.7929999828338623,1.7374999523162842,1.7387499809265137,487580000
467,467,467,467,467,467,467,467,467,467,467,467,467,467,2016-11-08,1.7498421669006348,1.7790000438690186,1.7942500114440918,1.7625000476837158,1.78849995136261,429884000
468,468,468,468,468,468,468,468,468,468,468,468,468,468,2016-11-09,1.7203341722488403,1.7489999532699585,1.7725000381469729,1.718000054359436,1.7307499647140503,456532000
469,469,469,469,469,469,469,469,469,469,469,469,469,469,2016-11-10,1.666481614112854,1.694249987602234,1.787500023841858,1.6690000295639038,1.78725004196167,869280000
470,470,470,470,470,470,470,470,470,470,470,470,470,470,2016-11-11,2.163203477859497,2.1992499828338623,2.219249963760376,1.962499976158142,1.9877500534057613,2175344000
471,471,471,471,471,471,471,471,471,471,471,471,471,471,2016-11-14,2.056728839874268,2.0910000801086426,2.204750061035156,2.0905001163482666,2.2022500038146973,1348796000
472,472,472,472,472,472,472,472,472,472,472,472,472,472,2016-11-15,2.119433879852295,2.154750108718872,2.1862499713897705,2.098249912261963,2.107249975204468,626092000
473,473,473,473,473,473,473,473,473,473,473,473,473,473,2016-11-16,2.253204584121704,2.290750026702881,2.313999891281128,2.158750057220459,2.183500051498413,987984000
474,474,474,474,474,474,474,474,474,474,474,474,474,474,2016-11-17,2.271893262863159,2.3097500801086426,2.369750022888184,2.266249895095825,2.30774998664856,832988000
475,475,475,475,475,475,475,475,475,475,475,475,475,475,2016-11-18,2.295745849609375,2.3340001106262207,2.35824990272522,2.2950000762939453,2.3097500801086426,576060000
476,476,476,476,476,476,476,476,476,476,476,476,476,476,2016-11-21,2.286402940750122,2.32450008392334,2.358750104904175,2.309999942779541,2.352250099182129,436436000
477,477,477,477,477,477,477,477,477,477,477,477,477,477,2016-11-22,2.30287766456604,2.341249942779541,2.3434998989105225,2.309499979019165,2.3324999809265137,330368000
478,478,478,478,478,478,478,478,478,478,478,478,478,478,2016-11-23,2.3142056465148926,2.349250078201294,2.3812499046325684,2.3192501068115234,2.3429999351501465,443236000
479,479,479,479,479,479,479,479,479,479,479,479,479,479,2016-11-25,2.318885087966919,2.3540000915527344,2.377500057220459,2.335249900817871,2.3605000972747803,195564000
480,480,480,480,480,480,480,480,480,480,480,480,480,480,2016-11-28,2.317652940750122,2.352750062942505,2.368499994277954,2.3399999141693115,2.346750020980835,278736000
481,481,481,481,481,481,481,481,481,481,481,481,481,481,2016-11-29,2.296473264694214,2.331249952316284,2.361000061035156,2.313250064849853,2.3499999046325684,444568000
482,482,482,482,482,482,482,482,482,482,482,482,482,482,2016-11-30,2.270615577697754,2.305000066757202,2.3540000915527344,2.302500009536743,2.3399999141693115,440500000
483,483,483,483,483,483,483,483,483,483,483,483,483,483,2016-12-01,2.1583166122436523,2.190999984741211,2.3042500019073486,2.119250059127808,2.302500009536743,1035524000
484,484,484,484,484,484,484,484,484,484,484,484,484,484,2016-12-02,2.178263902664185,2.211250066757202,2.220000028610229,2.128000020980835,2.15625,478292000
485,485,485,485,485,485,485,485,485,485,485,485,485,485,2016-12-05,2.26273512840271,2.296999931335449,2.3152499198913574,2.2249999046325684,2.2497498989105225,602284000
486,486,486,486,486,486,486,486,486,486,486,486,486,486,2016-12-06,2.299922704696656,2.334749937057495,2.343250036239624,2.289249897003174,2.3052499294281006,498796000
487,487,487,487,487,487,487,487,487,487,487,487,487,487,2016-12-07,2.3412952423095703,2.376749992370605,2.382499933242798,2.302500009536743,2.321000099182129,480804000
488,488,488,488,488,488,488,488,488,488,488,488,488,488,2016-12-08,2.302137851715088,2.336999893188477,2.415499925613404,2.3262500762939453,2.3797500133514404,381544000
489,489,489,489,489,489,489,489,489,489,489,489,489,489,2016-12-09,2.2612578868865967,2.2955000400543213,2.356750011444092,2.267750024795532,2.3550000190734863,382312000
490,490,490,490,490,490,490,490,490,490,490,490,490,490,2016-12-12,2.206338882446289,2.2397499084472656,2.2487499713897705,2.188499927520752,2.2462499141693115,601332000
491,491,491,491,491,491,491,491,491,491,491,491,491,491,2016-12-13,2.2452495098114014,2.279249906539917,2.307250022888184,2.251250028610229,2.252249956130981,387796000
492,492,492,492,492,492,492,492,492,492,492,492,492,492,2016-12-14,2.37528133392334,2.411250114440918,2.4277501106262207,2.289249897003174,2.313499927520752,983980000
493,493,493,493,493,493,493,493,493,493,493,493,493,493,2016-12-15,2.430938243865967,2.467750072479248,2.498500108718872,2.414999961853028,2.422499895095825,746548000
494,494,494,494,494,494,494,494,494,494,494,494,494,494,2016-12-16,2.472804069519043,2.5102500915527344,2.5174999237060547,2.4432499408721924,2.4957499504089355,1089528000
495,495,495,495,495,495,495,495,495,495,495,495,495,495,2016-12-19,2.502848863601685,2.540750026702881,2.5612499713897705,2.4749999046325684,2.492500066757202,744656000
496,496,496,496,496,496,496,496,496,496,496,496,496,496,2016-12-20,2.590028524398804,2.6292500495910645,2.653249979019165,2.602999925613404,2.614500045776367,848056000
497,497,497,497,497,497,497,497,497,497,497,497,497,497,2016-12-21,2.6062827110290527,2.645750045776367,2.648750066757202,2.592750072479248,2.6410000324249268,576136000
498,498,498,498,498,498,498,498,498,498,498,498,498,498,2016-12-22,2.637805223464966,2.6777501106262207,2.721750020980835,2.663249969482422,2.6705000400543213,718612000
499,499,499,499,499,499,499,499,499,499,499,499,499,499,2016-12-23,2.7035601139068604,2.744499921798706,2.746000051498413,2.656749963760376,2.6594998836517334,647692000
500,500,500,500,500,500,500,500,500,500,500,500,500,500,2016-12-27,2.889246940612793,2.933000087738037,2.934000015258789,2.7804999351501465,2.801500082015991,1194272000
501,501,501,501,501,501,501,501,501,501,501,501,501,501,2016-12-28,2.690507411956787,2.731250047683716,2.9982500076293945,2.717250108718872,2.990000009536743,2295764000
502,502,502,502,502,502,502,502,502,502,502,502,502,502,2016-12-29,2.7441940307617188,2.785749912261963,2.78725004196167,2.569999933242798,2.622499942779541,2175368000
503,503,503,503,503,503,503,503,503,503,503,503,503,503,2016-12-30,2.628692865371704,2.6684999465942383,2.7980000972747803,2.657500028610229,2.783750057220459,1212932000
504,504,504,504,504,504,504,504,504,504,504,504,504,504,2017-01-03,2.512207508087158,2.5502500534057617,2.659250020980835,2.484499931335449,2.609999895095825,1501996000
505,505,505,505,505,505,505,505,505,505,505,505,505,505,2017-01-04,2.57081937789917,2.6097500324249268,2.637500047683716,2.538249969482422,2.5850000381469727,1199220000
506,506,506,506,506,506,506,506,506,506,506,506,506,506,2017-01-05,2.505558013916016,2.5434999465942383,2.6454999446868896,2.526249885559082,2.6132500171661377,984296000
507,507,507,507,507,507,507,507,507,507,507,507,507,507,2017-01-06,2.539050817489624,2.577500104904175,2.606250047683716,2.5299999713897705,2.571249961853028,822856000
508,508,508,508,508,508,508,508,508,508,508,508,508,508,2017-01-09,2.641990900039673,2.681999921798706,2.700000047683716,2.587500095367432,2.587500095367432,916248000
509,509,509,509,509,509,509,509,509,509,509,509,509,509,2017-01-10,2.622044086456299,2.661750078201294,2.729749917984009,2.640749931335449,2.6952500343322754,880920000
510,510,510,510,510,510,510,510,510,510,510,510,510,510,2017-01-11,2.5897817611694336,2.628999948501587,2.6549999713897705,2.603749990463257,2.650000095367432,525664000
511,511,511,511,511,511,511,511,511,511,511,511,511,511,2017-01-12,2.54742431640625,2.5859999656677246,2.617500066757202,2.540499925613404,2.60575008392334,625616000
512,512,512,512,512,512,512,512,512,512,512,512,512,512,2017-01-13,2.547177791595459,2.585750102996826,2.625,2.576499938964844,2.5899999141693115,457820000
513,513,513,513,513,513,513,513,513,513,513,513,513,513,2017-01-17,2.490042209625244,2.527750015258789,2.5799999237060547,2.5142500400543213,2.575000047683716,580612000
514,514,514,514,514,514,514,514,514,514,514,514,514,514,2017-01-18,2.535356283187866,2.5737500190734863,2.580749988555908,2.477750062942505,2.50600004196167,654424000
515,515,515,515,515,515,515,515,515,515,515,515,515,515,2017-01-19,2.5897817611694336,2.628999948501587,2.6614999771118164,2.57450008392334,2.5767500400543213,644872000
516,516,516,516,516,516,516,516,516,516,516,516,516,516,2017-01-20,2.561462163925171,2.600250005722046,2.6700000762939453,2.578000068664551,2.6519999504089355,492024000
517,517,517,517,517,517,517,517,517,517,517,517,517,517,2017-01-23,2.588057518005371,2.627249956130981,2.6475000381469727,2.5924999713897705,2.595000028610229,369904000
518,518,518,518,518,518,518,518,518,518,518,518,518,518,2017-01-24,2.643223524093628,2.6832499504089355,2.689500093460083,2.622499942779541,2.637500047683716,428052000
519,519,519,519,519,519,519,519,519,519,519,519,519,519,2017-01-25,2.6545512676239014,2.6947500705718994,2.7325000762939453,2.658250093460083,2.726249933242798,522760000
520,520,520,520,520,520,520,520,520,520,520,520,520,520,2017-01-26,2.700357913970948,2.7412500381469727,2.7487499713897705,2.6675000190734863,2.697499990463257,458800000
521,521,521,521,521,521,521,521,521,521,521,521,521,521,2017-01-27,2.752568006515503,2.794250011444092,2.7972500324249268,2.721250057220459,2.7482500076293945,471996000
522,522,522,522,522,522,522,522,522,522,522,522,522,522,2017-01-30,2.709469795227051,2.750499963760376,2.77524995803833,2.6977500915527344,2.7730000019073486,496004000
523,523,523,523,523,523,523,523,523,523,523,523,523,523,2017-01-31,2.6887831687927246,2.7295000553131104,2.751250028610229,2.7049999237060547,2.723750114440918,362756000
524,524,524,524,524,524,524,524,524,524,524,524,524,524,2017-02-01,2.8062541484832764,2.848750114440918,2.852999925613404,2.746500015258789,2.76449990272522,590004000
525,525,525,525,525,525,525,525,525,525,525,525,525,525,2017-02-02,2.841716766357422,2.88474988937378,2.8935000896453857,2.801500082015991,2.8324999809265137,483240000
526,526,526,526,526,526,526,526,526,526,526,526,526,526,2017-02-03,2.816843271255493,2.859499931335449,2.8975000381469727,2.8475000858306885,2.8862500190734863,372744000
527,527,527,527,527,527,527,527,527,527,527,527,527,527,2017-02-06,2.889000654220581,2.93274998664856,2.9332499504089355,2.8499999046325684,2.8499999046325684,506768000
528,528,528,528,528,528,528,528,528,528,528,528,528,528,2017-02-07,2.9338219165802,2.978250026702881,3.0230000019073486,2.947499990463257,2.9674999713897705,746224000
529,529,529,529,529,529,529,529,529,529,529,529,529,529,2017-02-08,2.9210166931152344,2.965250015258789,2.982749938964844,2.9094998836517334,2.9600000381469727,449580000
530,530,530,530,530,530,530,530,530,530,530,530,530,530,2017-02-09,2.866098403930664,2.9094998836517334,2.9765000343322754,2.890000104904175,2.9714999198913574,842568000
531,531,531,531,531,531,531,531,531,531,531,531,531,531,2017-02-10,2.798128366470337,2.8405001163482666,3.0174999237060547,2.815000057220459,2.9982500076293945,1651092000
532,532,532,532,532,532,532,532,532,532,532,532,532,532,2017-02-13,2.669081687927246,2.7095000743865967,2.8494999408721924,2.7049999237060547,2.834749937057495,1180724000
533,533,533,533,533,533,533,533,533,533,533,533,533,533,2017-02-14,2.678932905197144,2.719500064849853,2.7537500858306885,2.657249927520752,2.6997499465942383,850632000
534,534,534,534,534,534,534,534,534,534,534,534,534,534,2017-02-15,2.6843514442443848,2.7249999046325684,2.744999885559082,2.694000005722046,2.7225000858306885,373020000
535,535,535,535,535,535,535,535,535,535,535,535,535,535,2017-02-16,2.6412532329559326,2.681250095367432,2.736000061035156,2.6414999961853027,2.7347500324249268,647176000
536,536,536,536,536,536,536,536,536,536,536,536,536,536,2017-02-17,2.640760660171509,2.680749893188477,2.6852500438690186,2.619750022888184,2.6675000190734863,563740000
537,537,537,537,537,537,537,537,537,537,537,537,537,537,2017-02-21,2.7353289127349854,2.776750087738037,2.780750036239624,2.7054998874664307,2.705749988555908,551952000
538,538,538,538,538,538,538,538,538,538,538,538,538,538,2017-02-22,2.7311367988586426,2.7690000534057617,2.7950000762939453,2.7497498989105225,2.7855000495910645,433772000
539,539,539,539,539,539,539,539,539,539,539,539,539,539,2017-02-23,2.4778969287872314,2.5122499465942383,2.659749984741211,2.492000102996826,2.637500047683716,1592888000
540,540,540,540,540,540,540,540,540,540,540,540,540,540,2017-02-24,2.5018155574798584,2.5364999771118164,2.549999952316284,2.3924999237060547,2.4267499446868896,1029904000
541,541,541,541,541,541,541,541,541,541,541,541,541,541,2017-02-27,2.5745582580566406,2.6102499961853027,2.625499963760376,2.5390000343322754,2.555000066757202,715400000
542,542,542,542,542,542,542,542,542,542,542,542,542,542,2017-02-28,2.502309083938598,2.5369999408721924,2.630000114440918,2.5195000171661377,2.619999885559082,625360000
543,543,543,543,543,543,543,543,543,543,543,543,543,543,2017-03-01,2.5346109867095947,2.5697500705718994,2.609250068664551,2.527750015258789,2.594749927520752,504804000
544,544,544,544,544,544,544,544,544,544,544,544,544,544,2017-03-02,2.4411563873291016,2.4749999046325684,2.571000099182129,2.472249984741211,2.556750059127808,754332000
545,545,545,545,545,545,545,545,545,545,545,545,545,545,2017-03-03,2.4271011352539062,2.460750102996826,2.469249963760376,2.4054999351501465,2.464250087738037,864692000
546,546,546,546,546,546,546,546,546,546,546,546,546,546,2017-03-06,2.4083611965179443,2.4417500495910645,2.452500104904175,2.3792500495910645,2.424000024795532,883568000
547,547,547,547,547,547,547,547,547,547,547,547,547,547,2017-03-07,2.434746026992798,2.4684998989105225,2.4882500171661377,2.4287500381469727,2.4417500495910645,603400000
548,548,548,548,548,548,548,548,548,548,548,548,548,548,2017-03-08,2.430306196212769,2.46399998664856,2.532500028610229,2.461750030517578,2.5174999237060547,638712000
549,549,549,549,549,549,549,549,549,549,549,549,549,549,2017-03-09,2.4298133850097656,2.463500022888184,2.4862499237060547,2.434999942779541,2.4477500915527344,478060000
550,550,550,550,550,550,550,550,550,550,550,550,550,550,2017-03-10,2.44411563873291,2.477999925613404,2.502249956130981,2.4595000743865967,2.4902501106262207,499740000
551,551,551,551,551,551,551,551,551,551,551,551,551,551,2017-03-13,2.511431932449341,2.546250104904175,2.556250095367432,2.4877500534057617,2.4885001182556152,774136000
552,552,552,552,552,552,552,552,552,552,552,552,552,552,2017-03-14,2.509706974029541,2.5445001125335693,2.5687499046325684,2.5117499828338623,2.5592501163482666,522016000
553,553,553,553,553,553,553,553,553,553,553,553,553,553,2017-03-15,2.528692960739136,2.563750028610229,2.5747499465942383,2.507999897003174,2.556250095367432,615036000
554,554,554,554,554,554,554,554,554,554,554,554,554,554,2017-03-16,2.5597620010375977,2.595249891281128,2.595750093460083,2.5602500438690186,2.57450008392334,523100000
555,555,555,555,555,555,555,555,555,555,555,555,555,555,2017-03-17,2.615490198135376,2.651750087738037,2.6530001163482666,2.595249891281128,2.61299991607666,1119688000
556,556,556,556,556,556,556,556,556,556,556,556,556,556,2017-03-20,2.6988346576690674,2.7362499237060547,2.7402501106262207,2.653249979019165,2.6695001125335693,748568000
557,557,557,557,557,557,557,557,557,557,557,557,557,557,2017-03-21,2.611544370651245,2.647749900817871,2.749000072479248,2.6397500038146973,2.71875,913484000
558,558,558,558,558,558,558,558,558,558,558,558,558,558,2017-03-22,2.6648061275482178,2.7017500400543213,2.7065000534057617,2.632499933242798,2.6364998817443848,616764000
559,559,559,559,559,559,559,559,559,559,559,559,559,559,2017-03-23,2.640641212463379,2.6772499084472656,2.71399998664856,2.6675000190734863,2.6937499046325684,533940000
560,560,560,560,560,560,560,560,560,560,560,560,560,560,2017-03-24,2.650011777877808,2.6867499351501465,2.732249975204468,2.6605000495910645,2.724250078201294,439500000
561,561,561,561,561,561,561,561,561,561,561,561,561,561,2017-03-27,2.6692445278167725,2.706249952316284,2.710249900817871,2.5894999504089355,2.63949990272522,506644000
562,562,562,562,562,562,562,562,562,562,562,562,562,562,2017-03-28,2.655436754226685,2.6922500133514404,2.722249984741211,2.681750059127808,2.7074999809265137,432444000
563,563,563,563,563,563,563,563,563,563,563,563,563,563,2017-03-29,2.64680552482605,2.683500051498413,2.712249994277954,2.681250095367432,2.6997499465942383,349992000
564,564,564,564,564,564,564,564,564,564,564,564,564,564,2017-03-30,2.697601318359375,2.734999895095825,2.75,2.684999942779541,2.6907498836517334,525532000
565,565,565,565,565,565,565,565,565,565,565,565,565,565,2017-03-31,2.686012029647827,2.723249912261963,2.7472500801086426,2.7100000381469727,2.725250005722046,440808000
566,566,566,566,566,566,566,566,566,566,566,566,566,566,2017-04-03,2.672450304031372,2.7095000743865967,2.7412500381469727,2.685499906539917,2.723750114440918,445232000
567,567,567,567,567,567,567,567,567,567,567,567,567,567,2017-04-04,2.485048294067383,2.5195000171661377,2.6105000972747803,2.508500099182129,2.5850000381469727,1271280000
568,568,568,568,568,568,568,568,568,568,568,568,568,568,2017-04-05,2.466554880142212,2.500750064849853,2.5592501163482666,2.487499952316284,2.500499963760376,747048000
569,569,569,569,569,569,569,569,569,569,569,569,569,569,2017-04-06,2.4845550060272217,2.5190000534057617,2.53125,2.460249900817871,2.50600004196167,635120000
570,570,570,570,570,570,570,570,570,570,570,570,570,570,2017-04-07,2.473952054977417,2.508249998092652,2.54325008392334,2.493000030517578,2.525500059127808,429068000
571,571,571,571,571,571,571,571,571,571,571,571,571,571,2017-04-10,2.41082763671875,2.4442501068115234,2.515749931335449,2.440000057220459,2.509000062942505,756332000
572,572,572,572,572,572,572,572,572,572,572,572,572,572,2017-04-11,2.419457197189331,2.453000068664551,2.4725000858306885,2.408750057220459,2.413749933242798,618148000
573,573,573,573,573,573,573,573,573,573,573,573,573,573,2017-04-12,2.399484157562256,2.43274998664856,2.4674999713897705,2.427500009536743,2.453000068664551,414092000
574,574,574,574,574,574,574,574,574,574,574,574,574,574,2017-04-13,2.3546063899993896,2.3872499465942383,2.4302499294281006,2.3872499465942383,2.408250093460083,506892000
575,575,575,575,575,575,575,575,575,575,575,575,575,575,2017-04-17,2.446828365325928,2.48075008392334,2.4809999465942383,2.3949999809265137,2.40024995803833,497292000
576,576,576,576,576,576,576,576,576,576,576,576,576,576,2017-04-18,2.4483084678649902,2.482249975204468,2.4885001182556152,2.440000057220459,2.466249942779541,370116000
577,577,577,577,577,577,577,577,577,577,577,577,577,577,2017-04-19,2.4579243659973145,2.492000102996826,2.524499893188477,2.4852499961853027,2.5,380828000
578,578,578,578,578,578,578,578,578,578,578,578,578,578,2017-04-20,2.49688458442688,2.531500101089477,2.536250114440918,2.4852499961853027,2.5067501068115234,404016000
579,579,579,579,579,579,579,579,579,579,579,579,579,579,2017-04-21,2.507240533828736,2.5420000553131104,2.544749975204468,2.509000062942505,2.5209999084472656,341896000
580,580,580,580,580,580,580,580,580,580,580,580,580,580,2017-04-24,2.5385560989379883,2.5737500190734863,2.586999893188477,2.5527501106262207,2.5739998817443848,371820000
581,581,581,581,581,581,581,581,581,581,581,581,581,581,2017-04-25,2.582693576812744,2.618499994277954,2.633249998092652,2.5667500495910645,2.588500022888184,388440000
582,582,582,582,582,582,582,582,582,582,582,582,582,582,2017-04-26,2.564940929412842,2.6005001068115234,2.63474988937378,2.5985000133514404,2.6322500705718994,327004000
583,583,583,583,583,583,583,583,583,583,583,583,583,583,2017-04-27,2.604886531829834,2.6410000324249268,2.649499893188477,2.589750051498413,2.6080000400543213,319700000
584,584,584,584,584,584,584,584,584,584,584,584,584,584,2017-04-28,2.571845054626465,2.6075000762939453,2.6410000324249268,2.601749897003174,2.634000062942505,348248000
585,585,585,585,585,585,585,585,585,585,585,585,585,585,2017-05-01,2.629545450210572,2.66599988937378,2.671250104904175,2.6112499237060547,2.618499994277954,307732000
586,586,586,586,586,586,586,586,586,586,586,586,586,586,2017-05-02,2.551625490188598,2.586999893188477,2.640000104904175,2.563999891281128,2.6387500762939453,629972000
587,587,587,587,587,587,587,587,587,587,587,587,587,587,2017-05-03,2.5706124305725098,2.606250047683716,2.615999937057495,2.565000057220459,2.5799999237060547,336904000
588,588,588,588,588,588,588,588,588,588,588,588,588,588,2017-05-04,2.560749053955078,2.596250057220459,2.6237499713897705,2.588249921798706,2.612499952316284,209788000
589,589,589,589,589,589,589,589,589,589,589,589,589,589,2017-05-05,2.560995817184448,2.5964999198913574,2.603749990463257,2.5687499046325684,2.5845000743865967,228428000
590,590,590,590,590,590,590,590,590,590,590,590,590,590,2017-05-08,2.534118175506592,2.5692501068115234,2.609999895095825,2.55774998664856,2.6085000038146973,365240000
591,591,591,591,591,591,591,591,591,591,591,591,591,591,2017-05-09,2.538309097290039,2.573499917984009,2.6232500076293945,2.566499948501587,2.575000047683716,847672000
592,592,592,592,592,592,592,592,592,592,592,592,592,592,2017-05-10,2.990786552429199,3.032249927520752,3.0455000400543213,2.8505001068115234,2.857249975204468,2129096000
593,593,593,593,593,593,593,593,593,593,593,593,593,593,2017-05-11,3.119255542755127,3.1624999046325684,3.2607500553131104,2.9977500438690186,3.001250028610229,1939792000
594,594,594,594,594,594,594,594,594,594,594,594,594,594,2017-05-12,3.153531074523926,3.19724988937378,3.240000009536743,3.1445000171661377,3.165750026702881,962620000
595,595,595,595,595,595,595,595,595,595,595,595,595,595,2017-05-15,3.3118364810943604,3.357749938964844,3.3602499961853027,3.234499931335449,3.239000082015991,1087540000
596,596,596,596,596,596,596,596,596,596,596,596,596,596,2017-05-16,3.373481750488281,3.420249938964844,3.436000108718872,3.3340001106262207,3.4094998836517334,1120700000
597,597,597,597,597,597,597,597,597,597,597,597,597,597,2017-05-17,3.1493399143218994,3.193000078201294,3.371500015258789,3.188750028610229,3.352499961853028,1271368000
598,598,598,598,598,598,598,598,598,598,598,598,598,598,2017-05-18,3.2812600135803223,3.3267500400543213,3.335750102996826,3.1762499809265137,3.237499952316284,1156032000
599,599,599,599,599,599,599,599,599,599,599,599,599,599,2017-05-19,3.3570406436920166,3.400000095367432,3.4554998874664307,3.380500078201294,3.4257500171661377,1018372000
600,600,600,600,600,600,600,600,600,600,600,600,600,600,2017-05-22,3.428624153137207,3.4725000858306885,3.486999988555908,3.4332499504089355,3.4442501068115234,836608000
601,601,601,601,601,601,601,601,601,601,601,601,601,601,2017-05-23,3.382464408874512,3.4257500171661377,3.494750022888184,3.392750024795532,3.492500066757202,681248000
602,602,602,602,602,602,602,602,602,602,602,602,602,602,2017-05-24,3.420478105545044,3.464250087738037,3.526750087738037,3.45199990272522,3.5239999294281006,815996000
603,603,603,603,603,603,603,603,603,603,603,603,603,603,2017-05-25,3.4128267765045166,3.4565000534057617,3.500750064849853,3.4110000133514404,3.5,608228000
604,604,604,604,604,604,604,604,604,604,604,604,604,604,2017-05-26,3.501195192337036,3.5460000038146973,3.631999969482422,3.4277501106262207,3.4482500553131104,779140000
605,605,605,605,605,605,605,605,605,605,605,605,605,605,2017-05-30,3.575988292694092,3.6217501163482666,3.657249927520752,3.5762500762939453,3.5924999713897705,989652000
606,606,606,606,606,606,606,606,606,606,606,606,606,606,2017-05-31,3.5631520748138428,3.608750104904175,3.674999952316284,3.5512499809265137,3.667249917984009,887316000
607,607,607,607,607,607,607,607,607,607,607,607,607,607,2017-06-01,3.5634000301361084,3.608999967575073,3.6257500648498535,3.562999963760376,3.6247498989105225,503340000
608,608,608,608,608,608,608,608,608,608,608,608,608,608,2017-06-02,3.545626640319824,3.5910000801086426,3.632499933242798,3.5850000381469727,3.6059999465942383,487456000
609,609,609,609,609,609,609,609,609,609,609,609,609,609,2017-06-05,3.653496026992798,3.7002499103546143,3.713249921798706,3.562750101089477,3.57450008392334,817376000
610,610,610,610,610,610,610,610,610,610,610,610,610,610,2017-06-06,3.636958122253418,3.683500051498413,3.7422499656677246,3.670000076293945,3.695499897003174,758728000
611,611,611,611,611,611,611,611,611,611,611,611,611,611,2017-06-07,3.680895566940308,3.7279999256134033,3.746999979019165,3.692500114440918,3.708250045776367,612612000
612,612,612,612,612,612,612,612,612,612,612,612,612,612,2017-06-08,3.947978019714356,3.998500108718872,4.0,3.794749975204468,3.8364999294281006,1161744000
613,613,613,613,613,613,613,613,613,613,613,613,613,613,2017-06-09,3.692744255065918,3.740000009536743,4.212500095367432,3.5687499046325684,4.118500232696533,3692928000
614,614,614,614,614,614,614,614,614,614,614,614,614,614,2017-06-12,3.701876640319824,3.7492499351501465,3.7925000190734863,3.5527501106262207,3.6470000743865967,1697532000
615,615,615,615,615,615,615,615,615,615,615,615,615,615,2017-06-13,3.737175703048706,3.785000085830689,3.869250059127808,3.641249895095825,3.859999895095825,1672504000
616,616,616,616,616,616,616,616,616,616,616,616,616,616,2017-06-14,3.745073795318604,3.7929999828338623,3.8515000343322754,3.712500095367432,3.788000106811523,1184640000
617,617,617,617,617,617,617,617,617,617,617,617,617,617,2017-06-15,3.7611196041107178,3.8092501163482666,3.839999914169312,3.662499904632568,3.674000024795532,963824000
618,618,618,618,618,618,618,618,618,618,618,618,618,618,2017-06-16,3.7426059246063232,3.7904999256134033,3.867500066757202,3.75600004196167,3.819000005722046,924960000
619,619,619,619,619,619,619,619,619,619,619,619,619,619,2017-06-19,3.883305788040161,3.933000087738037,3.9382500648498535,3.8315000534057617,3.835249900817871,778176000
620,620,620,620,620,620,620,620,620,620,620,620,620,620,2017-06-20,3.8776278495788574,3.9272499084472656,4.043499946594238,3.92300009727478,3.975749969482422,1095444000
621,621,621,621,621,621,621,621,621,621,621,621,621,621,2017-06-21,3.9363765716552734,3.986749887466431,3.990499973297119,3.892499923706055,3.955250024795532,682652000
622,622,622,622,622,622,622,622,622,622,622,622,622,622,2017-06-22,3.909224033355713,3.959249973297119,4.008500099182129,3.934999942779541,3.994999885559082,469132000
623,623,623,623,623,623,623,623,623,623,623,623,623,623,2017-06-23,3.7971582412719727,3.845750093460083,3.983000040054321,3.830499887466431,3.9670000076293945,1088588000
624,624,624,624,624,624,624,624,624,624,624,624,624,624,2017-06-26,3.755687952041626,3.8037500381469727,3.9149999618530273,3.708250045776367,3.878999948501587,1063960000
625,625,625,625,625,625,625,625,625,625,625,625,625,625,2017-06-27,3.618198156356812,3.6644999980926514,3.794749975204468,3.658750057220459,3.78600001335144,999492000
626,626,626,626,626,626,626,626,626,626,626,626,626,626,2017-06-28,3.745814561843872,3.793750047683716,3.798500061035156,3.643749952316284,3.733000040054321,994948000
627,627,627,627,627,627,627,627,627,627,627,627,627,627,2017-06-29,3.620666980743408,3.6670000553131104,3.767999887466431,3.601999998092652,3.765000104904175,1064424000
628,628,628,628,628,628,628,628,628,628,628,628,628,628,2017-06-30,3.568336009979248,3.614000082015991,3.6982500553131104,3.587500095367432,3.684499979019165,731060000
629,629,629,629,629,629,629,629,629,629,629,629,629,629,2017-07-03,3.439238309860229,3.48324990272522,3.641249895095825,3.4644999504089355,3.6262500286102295,709072000
630,630,630,630,630,630,630,630,630,630,630,630,630,630,2017-07-05,3.5310628414154053,3.5762500762939453,3.6054999828338623,3.528249979019165,3.547499895095825,820188000
631,631,631,631,631,631,631,631,631,631,631,631,631,631,2017-07-06,3.541677474975586,3.586999893188477,3.634500026702881,3.49399995803833,3.546750068664551,746284000
632,632,632,632,632,632,632,632,632,632,632,632,632,632,2017-07-07,3.62264084815979,3.6689999103546143,3.6875,3.621249914169312,3.6445000171661377,654972000
633,633,633,633,633,633,633,633,633,633,633,633,633,633,2017-07-10,3.793948888778688,3.8424999713897705,3.849999904632568,3.7170000076293945,3.743499994277954,958492000
634,634,634,634,634,634,634,634,634,634,634,634,634,634,2017-07-11,3.847760200500488,3.8970000743865967,3.904750108718872,3.8037500381469727,3.846250057220459,757956000
635,635,635,635,635,635,635,635,635,635,635,635,635,635,2017-07-12,4.011415481567383,4.062749862670898,4.074999809265137,3.9140000343322754,3.9574999809265137,1145208000
636,636,636,636,636,636,636,636,636,636,636,636,636,636,2017-07-13,3.965009927749634,4.015749931335449,4.15749979019165,3.96875,4.074999809265137,1369132000
637,637,637,637,637,637,637,637,637,637,637,637,637,637,2017-07-14,4.071645259857178,4.12375020980835,4.125249862670898,4.02524995803833,4.032249927520752,941948000
638,638,638,638,638,638,638,638,638,638,638,638,638,638,2017-07-17,4.054367065429688,4.106249809265137,4.1875,4.043749809265137,4.158249855041504,930792000
639,639,639,639,639,639,639,639,639,639,639,639,639,639,2017-07-18,4.0965776443481445,4.14900016784668,4.163750171661377,4.03249979019165,4.04449987411499,776640000
640,640,640,640,640,640,640,640,640,640,640,640,640,640,2017-07-19,4.075347900390625,4.127500057220459,4.184999942779541,4.115250110626221,4.158249855041504,687044000
641,641,641,641,641,641,641,641,641,641,641,641,641,641,2017-07-20,4.134590148925781,4.1875,4.187749862670898,4.097750186920166,4.148250102996826,699596000
642,642,642,642,642,642,642,642,642,642,642,642,642,642,2017-07-21,4.1493988037109375,4.202499866485596,4.232500076293945,4.152249813079834,4.166749954223633,648332000
643,643,643,643,643,643,643,643,643,643,643,643,643,643,2017-07-24,4.101266384124756,4.153749942779541,4.2195000648498535,4.14300012588501,4.209750175476074,652524000
644,644,644,644,644,644,644,644,644,644,644,644,644,644,2017-07-25,4.081519603729248,4.133749961853027,4.148250102996826,4.089499950408936,4.130499839782715,496556000
645,645,645,645,645,645,645,645,645,645,645,645,645,645,2017-07-26,4.128666400909424,4.18149995803833,4.2482500076293945,4.146249771118164,4.191999912261963,640404000
646,646,646,646,646,646,646,646,646,646,646,646,646,646,2017-07-27,3.992409467697144,4.043499946594238,4.218500137329102,3.938999891281128,4.20674991607666,782856000
647,647,647,647,647,647,647,647,647,647,647,647,647,647,2017-07-28,4.057823181152344,4.109749794006348,4.134500026702881,3.982000112533569,4.00724983215332,513348000
648,648,648,648,648,648,648,648,648,648,648,648,648,648,2017-07-31,4.011415481567383,4.062749862670898,4.159999847412109,4.015500068664551,4.123499870300293,559672000
649,649,649,649,649,649,649,649,649,649,649,649,649,649,2017-08-01,4.060291290283203,4.112249851226807,4.113999843597412,4.025000095367432,4.053249835968018,431384000
650,650,650,650,650,650,650,650,650,650,650,650,650,650,2017-08-02,4.057823181152344,4.109749794006348,4.147749900817871,4.031750202178955,4.143750190734863,478444000
651,651,651,651,651,651,651,651,651,651,651,651,651,651,2017-08-03,4.109411716461182,4.162000179290772,4.165750026702881,4.0920000076293945,4.109250068664551,442420000
652,652,652,652,652,652,652,652,652,652,652,652,652,652,2017-08-04,4.127431869506836,4.18025016784668,4.2517499923706055,4.162000179290772,4.184999942779541,589096000
653,653,653,653,653,653,653,653,653,653,653,653,653,653,2017-08-07,4.254308700561523,4.308750152587891,4.309249877929688,4.199999809265137,4.209750175476074,717412000
654,654,654,654,654,654,654,654,654,654,654,654,654,654,2017-08-08,4.203704357147217,4.257500171661377,4.363999843597412,4.217750072479248,4.347249984741211,755336000
655,655,655,655,655,655,655,655,655,655,655,655,655,655,2017-08-09,4.248384475708008,4.302750110626221,4.30525016784668,4.1917500495910645,4.210750102996826,530784000
656,656,656,656,656,656,656,656,656,656,656,656,656,656,2017-08-10,4.066461563110352,4.118500232696533,4.316500186920166,4.108250141143799,4.303999900817871,1328088000
657,657,657,657,657,657,657,657,657,657,657,657,657,657,2017-08-11,3.849734544754028,3.8989999294281006,3.974999904632568,3.8227500915527344,3.928499937057495,1497196000
658,658,658,658,658,658,658,658,658,658,658,658,658,658,2017-08-14,4.156805038452148,4.210000038146973,4.213749885559082,3.9800000190734863,3.9917500019073486,1279020000
659,659,659,659,659,659,659,659,659,659,659,659,659,659,2017-08-15,4.121755599975586,4.174499988555908,4.2417497634887695,4.139750003814697,4.215250015258789,764532000
660,660,660,660,660,660,660,660,660,660,660,660,660,660,2017-08-16,4.076581001281738,4.128749847412109,4.213500022888184,4.0960001945495605,4.1897501945495605,596632000
661,661,661,661,661,661,661,661,661,661,661,661,661,661,2017-08-17,3.9857451915740967,4.036749839782715,4.137499809265137,4.0345001220703125,4.120250225067139,525444000
662,662,662,662,662,662,662,662,662,662,662,662,662,662,2017-08-18,3.986484289169312,4.037499904632568,4.109000205993652,3.990999937057495,4.091750144958496,601204000
663,663,663,663,663,663,663,663,663,663,663,663,663,663,2017-08-21,3.92847752571106,3.978749990463257,4.073750019073486,3.9342501163482666,4.062250137329102,623672000
664,664,664,664,664,664,664,664,664,664,664,664,664,664,2017-08-22,4.015935897827148,4.06374979019165,4.06974983215332,3.9927499294281006,4.012249946594238,450456000
665,665,665,665,665,665,665,665,665,665,665,665,665,665,2017-08-23,4.096230030059815,4.144999980926514,4.15625,4.021249771118164,4.03000020980835,579520000
666,666,666,666,666,666,666,666,666,666,666,666,666,666,2017-08-24,4.081159591674805,4.129749774932861,4.182000160217285,4.103000164031982,4.177499771118164,469700000
667,667,667,667,667,667,667,667,667,667,667,667,667,667,2017-08-25,4.047064781188965,4.095250129699707,4.164500236511231,4.088749885559082,4.154250144958496,357200000
668,668,668,668,668,668,668,668,668,668,668,668,668,668,2017-08-28,4.0757246017456055,4.1242499351501465,4.127500057220459,4.058249950408936,4.114500045776367,389496000
669,669,669,669,669,669,669,669,669,669,669,669,669,669,2017-08-29,4.0690531730651855,4.117499828338623,4.139500141143799,4.05649995803833,4.0647501945495605,324096000
670,670,670,670,670,670,670,670,670,670,670,670,670,670,2017-08-30,4.093266487121582,4.142000198364258,4.153250217437744,4.106750011444092,4.137499809265137,384400000
671,671,671,671,671,671,671,671,671,671,671,671,671,671,2017-08-31,4.186160087585449,4.236000061035156,4.239999771118164,4.15500020980835,4.162499904632568,612684000
672,672,672,672,672,672,672,672,672,672,672,672,672,672,2017-09-01,4.21135950088501,4.261499881744385,4.297500133514404,4.239999771118164,4.24875020980835,445432000
673,673,673,673,673,673,673,673,673,673,673,673,673,673,2017-09-05,4.098948001861572,4.147749900817871,4.214499950408936,4.089000225067139,4.209499835968018,695364000
674,674,674,674,674,674,674,674,674,674,674,674,674,674,2017-09-06,4.096477508544922,4.145249843597412,4.195000171661377,4.110000133514404,4.181000232696533,397672000
675,675,675,675,675,675,675,675,675,675,675,675,675,675,2017-09-07,4.115500450134277,4.164500236511231,4.197249889373779,4.12375020980835,4.16225004196167,352868000
676,676,676,676,676,676,676,676,676,676,676,676,676,676,2017-09-08,4.044100761413574,4.092249870300293,4.167749881744385,4.067749977111816,4.152750015258789,498856000
677,677,677,677,677,677,677,677,677,677,677,677,677,677,2017-09-11,4.175287246704102,4.224999904632568,4.235750198364258,4.132999897003174,4.138500213623047,567444000
678,678,678,678,678,678,678,678,678,678,678,678,678,678,2017-09-12,4.190360069274902,4.240250110626221,4.25,4.17425012588501,4.25,411488000
679,679,679,679,679,679,679,679,679,679,679,679,679,679,2017-09-13,4.209137916564941,4.259250164031982,4.28849983215332,4.182000160217285,4.214749813079834,580960000
680,680,680,680,680,680,680,680,680,680,680,680,680,680,2017-09-14,4.185172080993652,4.235000133514404,4.314000129699707,4.195000171661377,4.219749927520752,513712000
681,681,681,681,681,681,681,681,681,681,681,681,681,681,2017-09-15,4.449770450592041,4.502749919891357,4.502749919891357,4.316249847412109,4.321499824523926,1364792000
682,682,682,682,682,682,682,682,682,682,682,682,682,682,2017-09-18,4.633581161499023,4.68874979019165,4.78000020980835,4.621500015258789,4.628499984741211,1684460000
683,683,683,683,683,683,683,683,683,683,683,683,683,683,2017-09-19,4.628641605377197,4.683750152587891,4.746250152587891,4.615499973297119,4.637750148773193,874280000
684,684,684,684,684,684,684,684,684,684,684,684,684,684,2017-09-20,4.591333866119385,4.645999908447266,4.735499858856201,4.605249881744385,4.6875,724920000
685,685,685,685,685,685,685,685,685,685,685,685,685,685,2017-09-21,4.4658284187316895,4.519000053405762,4.567500114440918,4.440249919891357,4.540999889373779,1075600000
686,686,686,686,686,686,686,686,686,686,686,686,686,686,2017-09-22,4.422348976135254,4.474999904632568,4.557750225067139,4.465000152587891,4.507500171661377,491232000
687,687,687,687,687,687,687,687,687,687,687,687,687,687,2017-09-25,4.224700927734375,4.275000095367432,4.445000171661377,4.254000186920166,4.443749904632568,874580000
688,688,688,688,688,688,688,688,688,688,688,688,688,688,2017-09-26,4.24841833114624,4.298999786376953,4.4670000076293945,4.258749961853027,4.411250114440918,1125620000
689,689,689,689,689,689,689,689,689,689,689,689,689,689,2017-09-27,4.341560363769531,4.393249988555908,4.406750202178955,4.318749904632568,4.390500068664551,713720000
690,690,690,690,690,690,690,690,690,690,690,690,690,690,2017-09-28,4.340323448181152,4.392000198364258,4.4045000076293945,4.343999862670898,4.4004998207092285,435244000
691,691,691,691,691,691,691,691,691,691,691,691,691,691,2017-09-29,4.416665554046631,4.469250202178955,4.493249893188477,4.431250095367432,4.477000236511231,619092000
692,692,692,692,692,692,692,692,692,692,692,692,692,692,2017-10-02,4.422348976135254,4.474999904632568,4.549499988555908,4.425000190734863,4.519999980926514,503480000
693,693,693,693,693,693,693,693,693,693,693,693,693,693,2017-10-03,4.431488990783691,4.484250068664551,4.514500141143799,4.439499855041504,4.481249809265137,390332000
694,694,694,694,694,694,694,694,694,694,694,694,694,694,2017-10-04,4.4685468673706055,4.521749973297119,4.544250011444092,4.453499794006348,4.490499973297119,427848000
695,695,695,695,695,695,695,695,695,695,695,695,695,695,2017-10-05,4.466075420379639,4.51924991607666,4.550000190734863,4.488999843597412,4.546500205993652,437364000
696,696,696,696,696,696,696,696,696,696,696,696,696,696,2017-10-06,4.479170322418213,4.53249979019165,4.546000003814697,4.474999904632568,4.491250038146973,318800000
697,697,697,697,697,697,697,697,697,697,697,697,697,697,2017-10-09,4.580216884613037,4.634749889373779,4.66825008392334,4.550749778747559,4.56974983215332,563492000
698,698,698,698,698,698,698,698,698,698,698,698,698,698,2017-10-10,4.667675018310547,4.723249912261963,4.823750019073486,4.68149995803833,4.785749912261963,974876000
699,699,699,699,699,699,699,699,699,699,699,699,699,699,2017-10-11,4.7173357009887695,4.773499965667725,4.775000095367432,4.69350004196167,4.739999771118164,529508000
700,700,700,700,700,700,700,700,700,700,700,700,700,700,2017-10-12,4.719557762145996,4.775750160217285,4.827250003814697,4.7482500076293945,4.776999950408936,528292000
701,701,701,701,701,701,701,701,701,701,701,701,701,701,2017-10-13,4.807511329650879,4.864749908447266,4.875,4.791250228881836,4.838749885559082,628728000
702,702,702,702,702,702,702,702,702,702,702,702,702,702,2017-10-16,4.890028953552246,4.948249816894531,4.951250076293945,4.830999851226807,4.894999980926514,576640000
703,703,703,703,703,703,703,703,703,703,703,703,703,703,2017-10-17,4.88558292388916,4.943749904632568,4.972499847412109,4.908750057220459,4.927249908447266,478596000
704,704,704,704,704,704,704,704,704,704,704,704,704,704,2017-10-18,4.881381034851074,4.939499855041504,4.953499794006348,4.833000183105469,4.952750205993652,567316000
705,705,705,705,705,705,705,705,705,705,705,705,705,705,2017-10-19,4.886816501617432,4.945000171661377,4.949999809265137,4.81125020980835,4.861000061035156,570772000
706,706,706,706,706,706,706,706,706,706,706,706,706,706,2017-10-20,4.864582061767578,4.922500133514404,4.989749908447266,4.91349983215332,4.962250232696533,451620000
707,707,707,707,707,707,707,707,707,707,707,707,707,707,2017-10-23,4.857666015625,4.915500164031982,4.971250057220459,4.894999980926514,4.944499969482422,428696000
708,708,708,708,708,708,708,708,708,708,708,708,708,708,2017-10-24,4.90855884552002,4.9670000076293945,4.96875,4.898499965667725,4.924749851226807,407244000
709,709,709,709,709,709,709,709,709,709,709,709,709,709,2017-10-25,4.784536361694336,4.84149980545044,4.980500221252441,4.779250144958496,4.927000045776367,828160000
710,710,710,710,710,710,710,710,710,710,710,710,710,710,2017-10-26,4.834688186645508,4.892250061035156,4.90399980545044,4.845250129699707,4.869500160217285,322744000
711,711,711,711,711,711,711,711,711,711,711,711,711,711,2017-10-27,4.987123489379883,5.046500205993652,5.046750068664551,4.918749809265137,4.945000171661377,572192000
712,712,712,712,712,712,712,712,712,712,712,712,712,712,2017-10-30,5.036041259765625,5.0960001945495605,5.152249813079834,5.0304999351501465,5.046500205993652,504056000
713,713,713,713,713,713,713,713,713,713,713,713,713,713,2017-10-31,5.1094160079956055,5.170249938964844,5.197249889373779,5.122499942779541,5.1282501220703125,411908000
714,714,714,714,714,714,714,714,714,714,714,714,714,714,2017-11-01,5.119052410125732,5.179999828338623,5.2492499351501465,5.114999771118164,5.233749866485596,502576000
715,715,715,715,715,715,715,715,715,715,715,715,715,715,2017-11-02,5.087923049926758,5.148499965667725,5.195250034332275,5.091249942779541,5.150000095367432,342308000
716,716,716,716,716,716,716,716,716,716,716,716,716,716,2017-11-03,5.155863761901856,5.217249870300293,5.217249870300293,5.133500099182129,5.179999828338623,353640000
717,717,717,717,717,717,717,717,717,717,717,717,717,717,2017-11-06,5.179088115692139,5.240749835968018,5.249499797821045,5.167500019073486,5.179999828338623,389944000
718,718,718,718,718,718,718,718,718,718,718,718,718,718,2017-11-07,5.2383809089660645,5.300749778747559,5.322500228881836,5.251500129699707,5.263750076293945,427700000
719,719,719,719,719,719,719,719,719,719,719,719,719,719,2017-11-08,5.167476654052734,5.229000091552734,5.300000190734863,5.181000232696533,5.296249866485596,522988000
720,720,720,720,720,720,720,720,720,720,720,720,720,720,2017-11-09,5.072605609893799,5.132999897003174,5.158249855041504,5.009250164031982,5.131750106811523,978564000
721,721,721,721,721,721,721,721,721,721,721,721,721,721,2017-11-10,5.339922904968262,5.403500080108643,5.466750144958496,5.290750026702881,5.327000141143799,1253256000
722,722,722,722,722,722,722,722,722,722,722,722,722,722,2017-11-13,5.253205299377441,5.3157501220703125,5.4292497634887695,5.300250053405762,5.403500080108643,582376000
723,723,723,723,723,723,723,723,723,723,723,723,723,723,2017-11-14,5.291498184204102,5.354499816894531,5.369999885559082,5.280749797821045,5.324999809265137,529292000
724,724,724,724,724,724,724,724,724,724,724,724,724,724,2017-11-15,5.187735080718994,5.249499797821045,5.300000190734863,5.195000171661377,5.298749923706055,501948000
725,725,725,725,725,725,725,725,725,725,725,725,725,725,2017-11-16,5.228003978729248,5.290249824523926,5.355000019073486,5.28125,5.32450008392334,441768000
726,726,726,726,726,726,726,726,726,726,726,726,726,726,2017-11-17,5.221827983856201,5.283999919891357,5.383749961853027,5.268750190734863,5.3480000495910645,515664000
727,727,727,727,727,727,727,727,727,727,727,727,727,727,2017-11-20,5.289029121398926,5.352000236511231,5.364250183105469,5.262499809265137,5.299749851226807,396100000
728,728,728,728,728,728,728,728,728,728,728,728,728,728,2017-11-21,5.337698936462402,5.401249885559082,5.413000106811523,5.360000133514404,5.392250061035156,399176000
729,729,729,729,729,729,729,729,729,729,729,729,729,729,2017-11-22,5.313718318939209,5.3732500076293945,5.425000190734863,5.340250015258789,5.425000190734863,356640000
730,730,730,730,730,730,730,730,730,730,730,730,730,730,2017-11-24,5.3639068603515625,5.423999786376953,5.425000190734863,5.364999771118164,5.389750003814697,180752000
731,731,731,731,731,731,731,731,731,731,731,731,731,731,2017-11-27,5.294186592102051,5.353499889373779,5.434000015258789,5.350249767303467,5.432750225067139,422896000
732,732,732,732,732,732,732,732,732,732,732,732,732,732,2017-11-28,5.209385871887207,5.267749786376953,5.368249893188477,5.205999851226807,5.358749866485596,512752000
733,733,733,733,733,733,733,733,733,733,733,733,733,733,2017-11-29,4.856094837188721,4.9105000495910645,5.252999782562256,4.780749797821045,5.250249862670898,1396788000
734,734,734,734,734,734,734,734,734,734,734,734,734,734,2017-11-30,4.962156772613525,5.017749786376953,5.066999912261963,4.916250228881836,4.980000019073486,823768000
735,735,735,735,735,735,735,735,735,735,735,735,735,735,2017-12-01,4.887245178222656,4.941999912261963,5.0032501220703125,4.8117499351501465,4.982749938964844,811548000
736,736,736,736,736,736,736,736,736,736,736,736,736,736,2017-12-04,4.6147990226745605,4.666500091552734,5.007500171661377,4.612500190734863,5.00124979019165,1240844000
737,737,737,737,737,737,737,737,737,737,737,737,737,737,2017-12-05,4.641498565673828,4.69350004196167,4.817500114440918,4.514500141143799,4.559999942779541,981488000
738,738,738,738,738,738,738,738,738,738,738,738,738,738,2017-12-06,4.679078578948975,4.731500148773193,4.753499984741211,4.620999813079834,4.642499923706055,467032000
739,739,739,739,739,739,739,739,739,739,739,739,739,739,2017-12-07,4.74657154083252,4.799749851226807,4.840000152587891,4.752999782562256,4.798999786376953,542600000
740,740,740,740,740,740,740,740,740,740,740,740,740,740,2017-12-08,4.734211444854736,4.78725004196167,4.869500160217285,4.778749942779541,4.850249767303467,466876000
741,741,741,741,741,741,741,741,741,741,741,741,741,741,2017-12-11,4.812581539154053,4.866499900817871,4.869500160217285,4.7855000495910645,4.801499843597412,372748000
742,742,742,742,742,742,742,742,742,742,742,742,742,742,2017-12-12,4.718139171600342,4.770999908447266,4.8460001945495605,4.747250080108643,4.822500228881836,455016000
743,743,743,743,743,743,743,743,743,743,743,743,743,743,2017-12-13,4.602931976318359,4.6545000076293945,4.81374979019165,4.646999835968018,4.8125,554280000
744,744,744,744,744,744,744,744,744,744,744,744,744,744,2017-12-14,4.610101222991943,4.661749839782715,4.733500003814697,4.614999771118164,4.6479997634887695,438164000
745,745,745,745,745,745,745,745,745,745,745,745,745,745,2017-12-15,4.735940456390381,4.789000034332275,4.809500217437744,4.640500068664551,4.706250190734863,670036000
746,746,746,746,746,746,746,746,746,746,746,746,746,746,2017-12-18,4.892685413360596,4.947500228881836,4.950500011444092,4.800000190734863,4.829999923706055,477704000
747,747,747,747,747,747,747,747,747,747,747,747,747,747,2017-12-19,4.8484296798706055,4.902750015258789,4.943250179290772,4.874000072479248,4.938000202178955,373100000
748,748,748,748,748,748,748,748,748,748,748,748,748,748,2017-12-20,4.865489959716797,4.920000076293945,4.951749801635742,4.863749980926514,4.942500114440918,288820000
749,749,749,749,749,749,749,749,749,749,749,749,749,749,2017-12-21,4.842992782592773,4.897250175476074,4.948750019073486,4.888750076293945,4.923500061035156,300904000
750,750,750,750,750,750,750,750,750,750,750,750,750,750,2017-12-22,4.827663898468018,4.881750106811523,4.891250133514404,4.78125,4.860000133514404,466276000
751,751,751,751,751,751,751,751,751,751,751,751,751,751,2017-12-26,4.881310939788818,4.935999870300293,4.943749904632568,4.795499801635742,4.82574987411499,355080000
752,752,752,752,752,752,752,752,752,752,752,752,752,752,2017-12-27,4.874637126922607,4.9292497634887695,4.9992499351501465,4.907750129699707,4.922500133514404,329488000
753,753,753,753,753,753,753,753,753,753,753,753,753,753,2017-12-28,4.880321502685547,4.934999942779541,4.984499931335449,4.928750038146973,4.953249931335449,240248000
754,754,754,754,754,754,754,754,754,754,754,754,754,754,2017-12-29,4.7839035987854,4.837500095367432,4.96150016784668,4.837500095367432,4.96150016784668,279964000
755,755,755,755,755,755,755,755,755,755,755,755,755,755,2018-01-02,4.92853307723999,4.983749866485596,4.987500190734863,4.862500190734863,4.894499778747559,355616000
756,756,756,756,756,756,756,756,756,756,756,756,756,756,2018-01-03,5.252900123596191,5.3117499351501465,5.34250020980835,5.09375,5.102499961853027,914704000
757,757,757,757,757,757,757,757,757,757,757,757,757,757,2018-01-04,5.2805891036987305,5.339749813079834,5.451250076293945,5.317249774932861,5.394000053405762,583268000
758,758,758,758,758,758,758,758,758,758,758,758,758,758,2018-01-05,5.3253374099731445,5.385000228881836,5.422749996185303,5.276999950408936,5.354750156402588,580124000
759,759,759,759,759,759,759,759,759,759,759,759,759,759,2018-01-08,5.488508224487305,5.550000190734863,5.625,5.464499950408936,5.510000228881836,881216000
760,760,760,760,760,760,760,760,760,760,760,760,760,760,2018-01-09,5.487025737762451,5.548500061035156,5.5954999923706055,5.466000080108643,5.555500030517578,497000000
761,761,761,761,761,761,761,761,761,761,761,761,761,761,2018-01-10,5.530043125152588,5.5920000076293945,5.5954999923706055,5.400000095367432,5.454999923706055,582664000
762,762,762,762,762,762,762,762,762,762,762,762,762,762,2018-01-11,5.539931774139404,5.602000236511231,5.656750202178955,5.580249786376953,5.625,406032000
763,763,763,763,763,763,763,763,763,763,763,763,763,763,2018-01-12,5.512738227844238,5.57450008392334,5.624750137329102,5.5335001945495605,5.590000152587891,359916000
764,764,764,764,764,764,764,764,764,764,764,764,764,764,2018-01-16,5.441781520843506,5.502749919891357,5.687749862670898,5.417250156402588,5.601250171661377,702348000
765,765,765,765,765,765,765,765,765,765,765,765,765,765,2018-01-17,5.555755615234375,5.618000030517578,5.627999782562256,5.422500133514404,5.517499923706055,538408000
766,766,766,766,766,766,766,766,766,766,766,766,766,766,2018-01-18,5.54883337020874,5.611000061035156,5.665999889373779,5.566999912261963,5.598499774932861,408632000
767,767,767,767,767,767,767,767,767,767,767,767,767,767,2018-01-19,5.68901252746582,5.752749919891357,5.777249813079834,5.675000190734863,5.702250003814697,609380000
768,768,768,768,768,768,768,768,768,768,768,768,768,768,2018-01-22,5.77752161026001,5.842249870300293,5.843999862670898,5.702499866485596,5.760749816894531,550944000
769,769,769,769,769,769,769,769,769,769,769,769,769,769,2018-01-23,5.906574249267578,5.972750186920166,5.995749950408936,5.877500057220459,5.896249771118164,475228000
770,770,770,770,770,770,770,770,770,770,770,770,770,770,2018-01-24,5.82968807220459,5.894999980926514,6.012249946594238,5.838749885559082,5.97599983215332,579972000
771,771,771,771,771,771,771,771,771,771,771,771,771,771,2018-01-25,5.843286037445068,5.908750057220459,5.993750095367432,5.893750190734863,5.949999809265137,409884000
772,772,772,772,772,772,772,772,772,772,772,772,772,772,2018-01-26,6.015853404998779,6.083250045776367,6.083499908447266,5.940000057220459,5.953000068664551,516356000
773,773,773,773,773,773,773,773,773,773,773,773,773,773,2018-01-29,6.102875709533691,6.171249866485596,6.202750205993652,6.015250205993652,6.06850004196167,455116000
774,774,774,774,774,774,774,774,774,774,774,774,774,774,2018-01-30,6.000769138336182,6.067999839782715,6.1605000495910645,5.960249900817871,6.027750015258789,570832000
775,775,775,775,775,775,775,775,775,775,775,775,775,775,2018-01-31,6.076916694641113,6.144999980926514,6.231750011444092,6.111249923706055,6.14424991607666,478576000
776,776,776,776,776,776,776,776,776,776,776,776,776,776,2018-02-01,5.945886135101318,6.012499809265137,6.172500133514404,5.951499938964844,5.9629998207092285,519224000
777,777,777,777,777,777,777,777,777,777,777,777,777,777,2018-02-02,5.773318290710449,5.8379998207092285,5.949250221252441,5.779250144958496,5.925000190734863,718464000
778,778,778,778,778,778,778,778,778,778,778,778,778,778,2018-02-05,5.283309459686279,5.34250020980835,5.830749988555908,5.125,5.675000190734863,1165204000
779,779,779,779,779,779,779,779,779,779,779,779,779,779,2018-02-06,5.577019691467285,5.639500141143799,5.642499923706055,5.099999904632568,5.110000133514404,1114800000
780,780,780,780,780,780,780,780,780,780,780,780,780,780,2018-02-07,5.656624794006348,5.71999979019165,5.8742499351501465,5.667500019073486,5.739500045776367,802932000
781,781,781,781,781,781,781,781,781,781,781,781,781,781,2018-02-08,5.377750396728516,5.438000202178955,5.880499839782715,5.437749862670898,5.8470001220703125,1144000000
782,782,782,782,782,782,782,782,782,782,782,782,782,782,2018-02-09,5.737717628479004,5.802000045776367,5.972249984741211,5.438000202178955,5.956250190734863,1674604000
783,783,783,783,783,783,783,783,783,783,783,783,783,783,2018-02-12,5.637589931488037,5.70074987411499,5.88700008392334,5.6257500648498535,5.883999824523926,1093172000
784,784,784,784,784,784,784,784,784,784,784,784,784,784,2018-02-13,5.751315116882324,5.8157501220703125,5.862500190734863,5.631249904632568,5.664000034332275,625524000
785,785,785,785,785,785,785,785,785,785,785,785,785,785,2018-02-14,5.968630790710449,6.0355000495910645,6.0647501945495605,5.763750076293945,5.775000095367432,744988000
786,786,786,786,786,786,786,786,786,786,786,786,786,786,2018-02-15,6.094223499298096,6.162499904632568,6.209249973297119,6.038000106811523,6.119750022888184,698900000
787,787,787,787,787,787,787,787,787,787,787,787,787,787,2018-02-16,6.02846097946167,6.0960001945495605,6.25,6.086750030517578,6.135000228881836,637656000
788,788,788,788,788,788,788,788,788,788,788,788,788,788,2018-02-20,6.158008098602295,6.227000236511231,6.296750068664551,6.114999771118164,6.118750095367432,686240000
789,789,789,789,789,789,789,789,789,789,789,789,789,789,2018-02-21,5.970855712890625,6.037749767303467,6.29925012588501,6.033999919891357,6.292250156402588,892292000
790,790,790,790,790,790,790,790,790,790,790,790,790,790,2018-02-22,5.990397930145264,6.053750038146973,6.140749931335449,5.987500190734863,6.068250179290772,534364000
791,791,791,791,791,791,791,791,791,791,791,791,791,791,2018-02-23,6.08390998840332,6.148250102996826,6.148250102996826,6.063000202178955,6.114250183105469,415300000
792,792,792,792,792,792,792,792,792,792,792,792,792,792,2018-02-26,6.099989891052246,6.164500236511231,6.19950008392334,6.101500034332275,6.195000171661377,469312000
793,793,793,793,793,793,793,793,793,793,793,793,793,793,2018-02-27,6.087125778198242,6.151500225067139,6.222750186920166,6.1282501220703125,6.137499809265137,455436000
794,794,794,794,794,794,794,794,794,794,794,794,794,794,2018-02-28,5.986687183380127,6.050000190734863,6.202499866485596,6.038249969482422,6.162499904632568,523116000
795,795,795,795,795,795,795,795,795,795,795,795,795,795,2018-03-01,5.744498252868652,5.80525016784668,6.102250099182129,5.703000068664551,6.047749996185303,1040120000
796,796,796,796,796,796,796,796,796,796,796,796,796,796,2018-03-02,5.851616382598877,5.91349983215332,5.920000076293945,5.546249866485596,5.696499824523926,913428000
797,797,797,797,797,797,797,797,797,797,797,797,797,797,2018-03-05,5.829599857330322,5.891250133514404,5.931250095367432,5.73799991607666,5.862750053405762,620776000
798,798,798,798,798,798,798,798,798,798,798,798,798,798,2018-03-06,5.990645408630371,6.053999900817871,6.073500156402588,5.934000015258789,5.977499961853027,636808000
799,799,799,799,799,799,799,799,799,799,799,799,799,799,2018-03-07,5.982730388641357,6.046000003814697,6.098750114440918,5.948750019073486,5.949999809265137,581208000
800,800,800,800,800,800,800,800,800,800,800,800,800,800,2018-03-08,5.966402530670166,6.0295000076293945,6.073750019073486,5.984749794006348,6.073750019073486,411912000
801,801,801,801,801,801,801,801,801,801,801,801,801,801,2018-03-09,6.069066524505615,6.133250236511231,6.146249771118164,6.06125020980835,6.077499866485596,505524000
802,802,802,802,802,802,802,802,802,802,802,802,802,802,2018-03-12,6.178658485412598,6.24399995803833,6.324999809265137,6.166749954223633,6.175000190734863,605060000
803,803,803,803,803,803,803,803,803,803,803,803,803,803,2018-03-13,6.127944946289063,6.192749977111816,6.362500190734863,6.151000022888184,6.28725004196167,619772000
804,804,804,804,804,804,804,804,804,804,804,804,804,804,2018-03-14,6.153424263000488,6.218500137329102,6.263750076293945,6.1554999351501465,6.236249923706055,505496000
805,805,805,805,805,805,805,805,805,805,805,805,805,805,2018-03-15,6.168267250061035,6.233500003814697,6.315499782562256,6.190999984741211,6.232250213623047,401952000
806,806,806,806,806,806,806,806,806,806,806,806,806,806,2018-03-16,6.196468353271484,6.26200008392334,6.28125,6.211999893188477,6.25,399456000
807,807,807,807,807,807,807,807,807,807,807,807,807,807,2018-03-19,5.961950778961182,6.025000095367432,6.233749866485596,5.925000190734863,6.204500198364258,713772000
808,808,808,808,808,808,808,808,808,808,808,808,808,808,2018-03-20,6.174204349517822,6.239500045776367,6.278749942779541,6.027999877929688,6.027999877929688,554696000
809,809,809,809,809,809,809,809,809,809,809,809,809,809,2018-03-21,6.148972988128662,6.214000225067139,6.300000190734863,6.183249950408936,6.232999801635742,438688000
810,810,810,810,810,810,810,810,810,810,810,810,810,810,2018-03-22,5.98297643661499,6.046249866485596,6.197000026702881,6.008500099182129,6.150000095367432,551196000
811,811,811,811,811,811,811,811,811,811,811,811,811,811,2018-03-23,5.763300895690918,5.824250221252441,6.0625,5.813000202178955,6.059999942779541,735620000
812,812,812,812,812,812,812,812,812,812,812,812,812,812,2018-03-26,6.048038482666016,6.111999988555908,6.113249778747559,5.897500038146973,5.949999809265137,611424000
813,813,813,813,813,813,813,813,813,813,813,813,813,813,2018-03-27,5.5789995193481445,5.638000011444092,6.25,5.496250152587891,6.193749904632568,1409000000
814,814,814,814,814,814,814,814,814,814,814,814,814,814,2018-03-28,5.475841045379639,5.533750057220459,5.734749794006348,5.425000190734863,5.603250026702881,945904000
815,815,815,815,815,815,815,815,815,815,815,815,815,815,2018-03-29,5.729162216186523,5.789750099182129,5.887499809265137,5.517499923706055,5.602749824523926,916628000
816,816,816,816,816,816,816,816,816,816,816,816,816,816,2018-04-02,5.468419075012207,5.526249885559082,5.866250038146973,5.4375,5.718500137329102,922092000
817,817,817,817,817,817,817,817,817,817,817,817,817,817,2018-04-03,5.574793338775635,5.633749961853027,5.758749961853027,5.533750057220459,5.695000171661377,667432000
818,818,818,818,818,818,818,818,818,818,818,818,818,818,2018-04-04,5.596810340881348,5.656000137329102,5.666500091552734,5.349999904632568,5.375249862670898,789168000
819,819,819,819,819,819,819,819,819,819,819,819,819,819,2018-04-05,5.4765825271606445,5.5345001220703125,5.728250026702881,5.462250232696533,5.715000152587891,701240000
820,820,820,820,820,820,820,820,820,820,820,820,820,820,2018-04-06,5.300197601318359,5.356249809265137,5.539999961853027,5.326749801635742,5.430749893188477,662988000
821,821,821,821,821,821,821,821,821,821,821,821,821,821,2018-04-09,5.328894138336182,5.385250091552734,5.54925012588501,5.364999771118164,5.420000076293945,499524000
822,822,822,822,822,822,822,822,822,822,822,822,822,822,2018-04-10,5.638123035430908,5.697750091552734,5.724999904632568,5.56024980545044,5.618000030517578,761676000
823,823,823,823,823,823,823,823,823,823,823,823,823,823,2018-04-11,5.596810340881348,5.656000137329102,5.724500179290772,5.623000144958496,5.682750225067139,460244000
824,824,824,824,824,824,824,824,824,824,824,824,824,824,2018-04-12,5.803623199462891,5.864999771118164,5.882999897003174,5.705249786376953,5.75,593920000
825,825,825,825,825,825,825,825,825,825,825,825,825,825,2018-04-13,5.726934432983398,5.787499904632568,5.937749862670898,5.738749980926514,5.9292497634887695,503036000
826,826,826,826,826,826,826,826,826,826,826,826,826,826,2018-04-16,5.726687908172607,5.78725004196167,5.821000099182129,5.691999912261963,5.794250011444092,350792000
827,827,827,827,827,827,827,827,827,827,827,827,827,827,2018-04-17,5.876355171203613,5.938499927520752,5.960000038146973,5.783750057220459,5.840000152587891,447224000
828,828,828,828,828,828,828,828,828,828,828,828,828,828,2018-04-18,5.847410202026367,5.909249782562256,5.981249809265137,5.819250106811523,5.887499809265137,391364000
829,829,829,829,829,829,829,829,829,829,829,829,829,829,2018-04-19,5.666079998016357,5.72599983215332,5.827499866485596,5.670000076293945,5.793749809265137,471996000
830,830,830,830,830,830,830,830,830,830,830,830,830,830,2018-04-20,5.657914638519287,5.717750072479248,5.802499771118164,5.68625020980835,5.717249870300293,386200000
831,831,831,831,831,831,831,831,831,831,831,831,831,831,2018-04-23,5.538426399230957,5.5970001220703125,5.787499904632568,5.570750236511231,5.735750198364258,427508000
832,832,832,832,832,832,832,832,832,832,832,832,832,832,2018-04-24,5.472128868103027,5.53000020980835,5.71999979019165,5.464000225067139,5.623000144958496,414596000
833,833,833,833,833,833,833,833,833,833,833,833,833,833,2018-04-25,5.359817981719971,5.416500091552734,5.539500236511231,5.257500171661377,5.5,588492000
834,834,834,834,834,834,834,834,834,834,834,834,834,834,2018-04-26,5.571577548980713,5.630499839782715,5.638750076293945,5.51324987411499,5.579999923706055,375824000
835,835,835,835,835,835,835,835,835,835,835,835,835,835,2018-04-27,5.599038124084473,5.658249855041504,5.757500171661377,5.615499973297119,5.737500190734863,400848000
836,836,836,836,836,836,836,836,836,836,836,836,836,836,2018-04-30,5.563661575317383,5.622499942779541,5.724999904632568,5.603000164031982,5.674749851226807,327844000
837,837,837,837,837,837,837,837,837,837,837,837,837,837,2018-05-01,5.619074821472168,5.678500175476074,5.681250095367432,5.554999828338623,5.614250183105469,253788000
838,838,838,838,838,838,838,838,838,838,838,838,838,838,2018-05-02,5.598543643951416,5.657750129699707,5.71999979019165,5.631249904632568,5.675000190734863,268248000
839,839,839,839,839,839,839,839,839,839,839,839,839,839,2018-05-03,5.763794422149658,5.824749946594238,5.851250171661377,5.64424991607666,5.690000057220459,443144000
840,840,840,840,840,840,840,840,840,840,840,840,840,840,2018-05-04,5.913956642150879,5.976500034332275,5.979750156402588,5.778250217437744,5.795750141143799,400660000
841,841,841,841,841,841,841,841,841,841,841,841,841,841,2018-05-07,6.151939392089844,6.2170000076293945,6.274750232696533,6.072249889373779,6.082250118255615,687616000
842,842,842,842,842,842,842,842,842,842,842,842,842,842,2018-05-08,6.194490432739258,6.260000228881836,6.262750148773193,6.167749881744385,6.217249870300293,506616000
843,843,843,843,843,843,843,843,843,843,843,843,843,843,2018-05-09,6.327583312988281,6.394499778747559,6.396749973297119,6.252749919891357,6.280250072479248,596760000
844,844,844,844,844,844,844,844,844,844,844,844,844,844,2018-05-10,6.435195446014404,6.5032501220703125,6.512499809265137,6.429999828338623,6.447999954223633,994080000
845,845,845,845,845,845,845,845,845,845,845,845,845,845,2018-05-11,6.296658992767334,6.363249778747559,6.494750022888184,6.263500213623047,6.319499969482422,1214456000
846,846,846,846,846,846,846,846,846,846,846,846,846,846,2018-05-14,6.317192077636719,6.383999824523926,6.462250232696533,6.360000133514404,6.401750087738037,523140000
847,847,847,847,847,847,847,847,847,847,847,847,847,847,2018-05-15,6.074756622314453,6.138999938964844,6.322500228881836,6.037499904632568,6.31974983215332,963528000
848,848,848,848,848,848,848,848,848,848,848,848,848,848,2018-05-16,6.085888862609863,6.15024995803833,6.2129998207092285,6.062749862670898,6.099999904632568,553828000
849,849,849,849,849,849,849,849,849,849,849,849,849,849,2018-05-17,6.127944946289063,6.192749977111816,6.287499904632568,6.135749816894531,6.151999950408936,519784000
850,850,850,850,850,850,850,850,850,850,850,850,850,850,2018-05-18,6.0841569900512695,6.148499965667725,6.309249877929688,6.143499851226807,6.245250225067139,483716000
851,851,851,851,851,851,851,851,851,851,851,851,851,851,2018-05-21,6.042102336883545,6.105999946594238,6.2507500648498535,6.012249946594238,6.247000217437744,640624000
852,852,852,852,852,852,852,852,852,852,852,852,852,852,2018-05-22,6.00400447845459,6.067500114440918,6.144999980926514,6.006249904632568,6.119500160217285,518264000
853,853,853,853,853,853,853,853,853,853,853,853,853,853,2018-05-23,6.127526760101318,6.188499927520752,6.1897501945495605,6.006249904632568,6.006999969482422,442956000
854,854,854,854,854,854,854,854,854,854,854,854,854,854,2018-05-24,6.131237506866455,6.192249774932861,6.235000133514404,6.13100004196167,6.184750080108643,437372000
855,855,855,855,855,855,855,855,855,855,855,855,855,855,2018-05-25,6.170595645904541,6.23199987411499,6.248499870300293,6.169000148773193,6.204999923706055,292112000
856,856,856,856,856,856,856,856,856,856,856,856,856,856,2018-05-29,6.153515815734863,6.214749813079834,6.2835001945495605,6.167500019073486,6.213749885559082,352684000
857,857,857,857,857,857,857,857,857,857,857,857,857,857,2018-05-30,6.2624335289001465,6.324749946594238,6.333499908447266,6.223750114440918,6.24875020980835,390996000
858,858,858,858,858,858,858,858,858,858,858,858,858,858,2018-05-31,6.242629051208496,6.304749965667725,6.380000114440918,6.281750202178955,6.292500019073486,493868000
859,859,859,859,859,859,859,859,859,859,859,859,859,859,2018-06-01,6.377042770385742,6.440499782562256,6.446750164031982,6.341249942779541,6.349999904632568,421968000
860,860,860,860,860,860,860,860,860,860,860,860,860,860,2018-06-04,6.556011199951172,6.621250152587891,6.643499851226807,6.442500114440918,6.474999904632568,642024000
861,861,861,861,861,861,861,861,861,861,861,861,861,861,2018-06-05,6.561458110809326,6.6267499923706055,6.664750099182129,6.579249858856201,6.624499797821045,391712000
862,862,862,862,862,862,862,862,862,862,862,862,862,862,2018-06-06,6.563438415527344,6.628749847412109,6.631999969482422,6.51924991607666,6.535749912261963,371356000
863,863,863,863,863,863,863,863,863,863,863,863,863,863,2018-06-07,6.507742404937744,6.572500228881836,6.63700008392334,6.481249809265137,6.625,369448000
864,864,864,864,864,864,864,864,864,864,864,864,864,864,2018-06-08,6.49239444732666,6.557000160217285,6.599999904632568,6.480000019073486,6.499000072479248,360456000
865,865,865,865,865,865,865,865,865,865,865,865,865,865,2018-06-11,6.451303005218506,6.515500068664551,6.586249828338623,6.502500057220459,6.544250011444092,265372000
866,866,866,866,866,866,866,866,866,866,866,866,866,866,2018-06-12,6.499821186065674,6.564499855041504,6.576749801635742,6.491499900817871,6.542250156402588,319160000
867,867,867,867,867,867,867,867,867,867,867,867,867,867,2018-06-13,6.495367050170898,6.559999942779541,6.641749858856201,6.550749778747559,6.565999984741211,338208000
868,868,868,868,868,868,868,868,868,868,868,868,868,868,2018-06-14,6.607004165649414,6.672749996185303,6.730000019073486,6.590499877929688,6.605500221252441,430016000
869,869,869,869,869,869,869,869,869,869,869,869,869,869,2018-06-15,6.566160202026367,6.631499767303467,6.686999797821045,6.583749771118164,6.614999771118164,432260000
870,870,870,870,870,870,870,870,870,870,870,870,870,870,2018-06-18,6.561952590942383,6.6272501945495605,6.644999980926514,6.559500217437744,6.586999893188477,356268000
871,871,871,871,871,871,871,871,871,871,871,871,871,871,2018-06-19,6.440164566040039,6.5042500495910645,6.591000080108643,6.375500202178955,6.5229997634887695,594932000
872,872,872,872,872,872,872,872,872,872,872,872,872,872,2018-06-20,6.493137836456299,6.557750225067139,6.611249923706055,6.506999969482422,6.545750141143799,369780000
873,873,873,873,873,873,873,873,873,873,873,873,873,873,2018-06-21,6.364417552947998,6.427750110626221,6.608500003814697,6.420000076293945,6.590000152587891,359516000
874,874,874,874,874,874,874,874,874,874,874,874,874,874,2018-06-22,6.211935520172119,6.273749828338623,6.462250232696533,6.258250236511231,6.448750019073486,434160000
875,875,875,875,875,875,875,875,875,875,875,875,875,875,2018-06-25,5.919098854064941,5.978000164031982,6.170000076293945,5.888500213623047,6.166250228881836,665816000
876,876,876,876,876,876,876,876,876,876,876,876,876,876,2018-06-26,5.990142822265625,6.049749851226807,6.141250133514404,5.99774980545044,6.09250020980835,478884000
877,877,877,877,877,877,877,877,877,877,877,877,877,877,2018-06-27,5.834936618804932,5.89300012588501,6.160749912261963,5.887499809265137,6.09375,453892000
878,878,878,878,878,878,878,878,878,878,878,878,878,878,2018-06-28,5.962170600891113,6.021500110626221,6.0335001945495605,5.875249862670898,5.882999897003174,338012000
879,879,879,879,879,879,879,879,879,879,879,879,879,879,2018-06-29,5.864146709442139,5.922500133514404,6.099999904632568,5.921249866485596,6.087250232696533,392300000
880,880,880,880,880,880,880,880,880,880,880,880,880,880,2018-07-02,5.996330261230469,6.056000232696533,6.059750080108643,5.831500053405762,5.852250099182129,357572000
881,881,881,881,881,881,881,881,881,881,881,881,881,881,2018-07-03,5.862661838531494,5.921000003814697,6.0970001220703125,5.912499904632568,6.091000080108643,222732000
882,882,882,882,882,882,882,882,882,882,882,882,882,882,2018-07-05,6.008460998535156,6.068250179290772,6.073249816894531,5.9375,5.976749897003174,306216000
883,883,883,883,883,883,883,883,883,883,883,883,883,883,2018-07-06,6.122327327728272,6.183249950408936,6.1917500495910645,6.021999835968018,6.043499946594238,296352000
884,884,884,884,884,884,884,884,884,884,884,884,884,884,2018-07-09,6.169855117797852,6.231249809265137,6.26800012588501,6.151750087738037,6.258250236511231,303880000
885,885,885,885,885,885,885,885,885,885,885,885,885,885,2018-07-10,6.268868923187256,6.331250190734863,6.353499889373779,6.203000068664551,6.243750095367432,360016000
886,886,886,886,886,886,886,886,886,886,886,886,886,886,2018-07-11,6.127278327941895,6.1882500648498535,6.272500038146973,6.177499771118164,6.237500190734863,367508000
887,887,887,887,887,887,887,887,887,887,887,887,887,887,2018-07-12,6.218865871429443,6.280749797821045,6.329249858856201,6.223999977111816,6.234000205993652,345508000
888,888,888,888,888,888,888,888,888,888,888,888,888,888,2018-07-13,6.171586990356445,6.232999801635742,6.299499988555908,6.190499782562256,6.299499988555908,246988000
889,889,889,889,889,889,889,889,889,889,889,889,889,889,2018-07-16,6.143862724304199,6.204999923706055,6.258500099182129,6.192500114440918,6.204999923706055,197036000
890,890,890,890,890,890,890,890,890,890,890,890,890,890,2018-07-17,6.27976131439209,6.342249870300293,6.357500076293945,6.129499912261963,6.155250072479248,362136000
891,891,891,891,891,891,891,891,891,891,891,891,891,891,2018-07-18,6.230500221252441,6.292500019073486,6.348750114440918,6.241000175476074,6.334750175476074,277640000
892,892,892,892,892,892,892,892,892,892,892,892,892,892,2018-07-19,6.238669395446777,6.300749778747559,6.334750175476074,6.258250236511231,6.273499965667725,235752000
893,893,893,893,893,893,893,893,893,893,893,893,893,893,2018-07-20,6.210450649261475,6.272250175476074,6.337500095367432,6.261250019073486,6.298250198364258,222352000
894,894,894,894,894,894,894,894,894,894,894,894,894,894,2018-07-23,6.173813343048096,6.235249996185303,6.247250080108643,6.081999778747559,6.245500087738037,301584000
895,895,895,895,895,895,895,895,895,895,895,895,895,895,2018-07-24,6.156487464904785,6.217750072479248,6.371250152587891,6.199999809265137,6.283750057220459,354620000
896,896,896,896,896,896,896,896,896,896,896,896,896,896,2018-07-25,6.2347092628479,6.296750068664551,6.309500217437744,6.168749809265137,6.227250099182129,319112000
897,897,897,897,897,897,897,897,897,897,897,897,897,897,2018-07-26,6.308228015899658,6.370999813079834,6.408249855041504,6.259500026702881,6.276500225067139,325124000
898,898,898,898,898,898,898,898,898,898,898,898,898,898,2018-07-27,6.23842191696167,6.30049991607666,6.414999961853027,6.245999813079834,6.4079999923706055,295420000
899,899,899,899,899,899,899,899,899,899,899,899,899,899,2018-07-30,6.043116092681885,6.103250026702881,6.320750236511231,6.067999839782715,6.3147501945495605,340340000
900,900,900,900,900,900,900,900,900,900,900,900,900,900,2018-07-31,6.061186790466309,6.121500015258789,6.197000026702881,6.053500175476074,6.092750072479248,283988000
901,901,901,901,901,901,901,901,901,901,901,901,901,901,2018-08-01,6.101038455963135,6.161749839782715,6.209000110626221,6.097249984741211,6.153250217437744,283556000
902,902,902,902,902,902,902,902,902,902,902,902,902,902,2018-08-02,6.2037672996521,6.265500068664551,6.269499778747559,6.030250072479248,6.089749813079834,269668000
903,903,903,903,903,903,903,903,903,903,903,903,903,903,2018-08-03,6.240401744842529,6.302499771118164,6.326499938964844,6.273250102996826,6.290249824523926,214288000
904,904,904,904,904,904,904,904,904,904,904,904,904,904,2018-08-06,6.2881760597229,6.350749969482422,6.354249954223633,6.24275016784668,6.289750099182129,207508000
905,905,905,905,905,905,905,905,905,905,905,905,905,905,2018-08-07,6.360457897186279,6.423749923706055,6.442500114440918,6.373000144958496,6.400000095367432,258132000
906,906,906,906,906,906,906,906,906,906,906,906,906,906,2018-08-08,6.396846294403076,6.4604997634887695,6.50600004196167,6.389750003814697,6.425000190734863,262100000
907,907,907,907,907,907,907,907,907,907,907,907,907,907,2018-08-09,6.34832763671875,6.411499977111816,6.481249809265137,6.403749942779541,6.478499889373779,204280000
908,908,908,908,908,908,908,908,908,908,908,908,908,908,2018-08-10,6.306989669799805,6.369750022888184,6.402500152587891,6.317500114440918,6.328750133514404,256396000
909,909,909,909,909,909,909,909,909,909,909,909,909,909,2018-08-13,6.339911460876465,6.402999877929688,6.525000095367432,6.3767499923706055,6.378499984741211,375208000
910,910,910,910,910,910,910,910,910,910,910,910,910,910,2018-08-14,6.471354961395264,6.535749912261963,6.550000190734863,6.42549991607666,6.509500026702881,466220000
911,911,911,911,911,911,911,911,911,911,911,911,911,911,2018-08-15,6.413182735443115,6.477000236511231,6.591000080108643,6.397500038146973,6.5567498207092285,591136000
912,912,912,912,912,912,912,912,912,912,912,912,912,912,2018-08-16,6.372588157653809,6.435999870300293,6.550000190734863,6.375249862670898,6.547500133514404,801260000
913,913,913,913,913,913,913,913,913,913,913,913,913,913,2018-08-17,6.0601959228515625,6.120500087738037,6.324250221252441,6.093249797821045,6.323500156402588,1143188000
914,914,914,914,914,914,914,914,914,914,914,914,914,914,2018-08-20,6.134952545166016,6.196000099182129,6.329999923706055,5.9679999351501465,6.079500198364258,854388000
915,915,915,915,915,915,915,915,915,915,915,915,915,915,2018-08-21,6.270601272583008,6.333000183105469,6.337500095367432,6.192500114440918,6.212500095367432,673988000
916,916,916,916,916,916,916,916,916,916,916,916,916,916,2018-08-22,6.505762100219727,6.570499897003174,6.575500011444092,6.296500205993652,6.300000190734863,749856000
917,917,917,917,917,917,917,917,917,917,917,917,917,917,2018-08-23,6.605271816253662,6.671000003814697,6.736999988555908,6.517499923706055,6.531499862670898,720684000
918,918,918,918,918,918,918,918,918,918,918,918,918,918,2018-08-24,6.7384467124938965,6.805500030517578,6.820250034332275,6.675000190734863,6.679500102996826,531512000
919,919,919,919,919,919,919,919,919,919,919,919,919,919,2018-08-27,6.829541206359863,6.897500038146973,6.972499847412109,6.803750038146973,6.8354997634887695,505776000
920,920,920,920,920,920,920,920,920,920,920,920,920,920,2018-08-28,6.791913986206055,6.859499931335449,6.914500236511231,6.738249778747559,6.891499996185303,475384000
921,921,921,921,921,921,921,921,921,921,921,921,921,921,2018-08-29,6.897424221038818,6.962250232696533,6.987500190734863,6.827000141143799,6.8480000495910645,420108000
922,922,922,922,922,922,922,922,922,922,922,922,922,922,2018-08-30,6.880581378936768,6.945250034332275,7.043000221252441,6.9079999923706055,6.930749893188477,346608000
923,923,923,923,923,923,923,923,923,923,923,923,923,923,2018-08-31,6.951662540435791,7.017000198364258,7.03000020980835,6.914999961853027,6.925000190734863,306592000
924,924,924,924,924,924,924,924,924,924,924,924,924,924,2018-09-04,7.02646017074585,7.09250020980835,7.130499839782715,6.974999904632568,7.003749847412109,391720000
925,925,925,925,925,925,925,925,925,925,925,925,925,925,2018-09-05,6.895689010620117,6.9604997634887695,7.110499858856201,6.878749847412109,7.074749946594238,393156000
926,926,926,926,926,926,926,926,926,926,926,926,926,926,2018-09-06,6.754515647888184,6.817999839782715,6.946499824523926,6.784749984741211,6.943999767303467,322796000
927,927,927,927,927,927,927,927,927,927,927,927,927,927,2018-09-07,6.733216285705566,6.796500205993652,6.923250198364258,6.679749965667725,6.724999904632568,295420000
928,928,928,928,928,928,928,928,928,928,928,928,928,928,2018-09-10,6.804297924041748,6.868249893188477,6.898250102996826,6.775000095367432,6.819250106811523,220140000
929,929,929,929,929,929,929,929,929,929,929,929,929,929,2018-09-11,6.756497859954834,6.820000171661377,6.909999847412109,6.80049991607666,6.821499824523926,243112000
930,930,930,930,930,930,930,930,930,930,930,930,930,930,2018-09-12,6.642567157745361,6.704999923706055,6.799499988555908,6.547999858856201,6.779749870300293,419092000
931,931,931,931,931,931,931,931,931,931,931,931,931,931,2018-09-13,6.7203369140625,6.7835001945495605,6.875,6.754000186920166,6.771500110626221,305536000
932,932,932,932,932,932,932,932,932,932,932,932,932,932,2018-09-14,6.846401691436768,6.910749912261963,6.977499961853027,6.837500095367432,6.874750137329102,386936000
933,933,933,933,933,933,933,933,933,933,933,933,933,933,2018-09-17,6.78448486328125,6.848249912261963,6.934500217437744,6.828750133514404,6.885000228881836,205528000
934,934,934,934,934,934,934,934,934,934,934,934,934,934,2018-09-18,6.712411880493164,6.7754998207092285,6.955999851226807,6.768750190734863,6.852250099182129,299520000
935,935,935,935,935,935,935,935,935,935,935,935,935,935,2018-09-19,6.73618745803833,6.799499988555908,6.817500114440918,6.706250190734863,6.756750106811523,224860000
936,936,936,936,936,936,936,936,936,936,936,936,936,936,2018-09-20,6.595016956329346,6.6570000648498535,6.718999862670898,6.602499961853027,6.676249980926514,430584000
937,937,937,937,937,937,937,937,937,937,937,937,937,937,2018-09-21,6.524924278259277,6.586249828338623,6.715000152587891,6.552750110626221,6.669000148773193,435128000
938,938,938,938,938,938,938,938,938,938,938,938,938,938,2018-09-24,6.5806498527526855,6.642499923706055,6.645999908447266,6.4670000076293945,6.554999828338623,293912000
939,939,939,939,939,939,939,939,939,939,939,939,939,939,2018-09-25,6.647768497467041,6.710249900817871,6.735499858856201,6.62274980545044,6.709249973297119,280388000
940,940,940,940,940,940,940,940,940,940,940,940,940,940,2018-09-26,6.610866069793701,6.672999858856201,6.75600004196167,6.6570000648498535,6.715250015258789,268548000
941,941,941,941,941,941,941,941,941,941,941,941,941,941,2018-09-27,6.6227545738220215,6.684999942779541,6.730000019073486,6.653250217437744,6.708499908447266,214428000
942,942,942,942,942,942,942,942,942,942,942,942,942,942,2018-09-28,6.960083484649658,7.0254998207092285,7.047999858856201,6.789999961853027,6.818250179290772,709396000
943,943,943,943,943,943,943,943,943,943,943,943,943,943,2018-10-01,7.1666436195373535,7.234000205993652,7.301499843597412,7.065000057220459,7.104000091552734,622060000
944,944,944,944,944,944,944,944,944,944,944,944,944,944,2018-10-02,7.095312595367432,7.162000179290772,7.318999767303467,7.139500141143799,7.206250190734863,383964000
945,945,945,945,945,945,945,945,945,945,945,945,945,945,2018-10-03,7.101504325866699,7.16825008392334,7.240499973297119,7.0632500648498535,7.232999801635742,320552000
946,946,946,946,946,946,946,946,946,946,946,946,946,946,2018-10-04,6.917237281799316,6.982250213623047,7.15625,6.9045000076293945,7.131750106811523,391220000
947,947,947,947,947,947,947,947,947,947,947,947,947,947,2018-10-05,6.683681964874268,6.746500015258789,7.019999980926514,6.688499927520752,6.957250118255615,426636000
948,948,948,948,948,948,948,948,948,948,948,948,948,948,2018-10-08,6.582385063171387,6.64424991607666,6.77899980545044,6.501999855041504,6.662499904632568,408612000
949,949,949,949,949,949,949,949,949,949,949,949,949,949,2018-10-09,6.576686859130859,6.638500213623047,6.718999862670898,6.570000171661377,6.623499870300293,273500000
950,950,950,950,950,950,950,950,950,950,950,950,950,950,2018-10-10,6.085058689117432,6.142250061035156,6.577750205993652,6.139999866485596,6.531499862670898,684940000
951,951,951,951,951,951,951,951,951,951,951,951,951,951,2018-10-11,5.823515892028809,5.8782501220703125,6.189000129699707,5.856500148773193,6.0542497634887695,725436000
952,952,952,952,952,952,952,952,952,952,952,952,952,952,2018-10-12,6.106110572814941,6.16349983215332,6.238500118255615,5.991250038146973,6.137750148773193,608236000
953,953,953,953,953,953,953,953,953,953,953,953,953,953,2018-10-15,5.829708099365234,5.884500026702881,6.150000095367432,5.883500099182129,6.150000095367432,449760000
954,954,954,954,954,954,954,954,954,954,954,954,954,954,2018-10-16,6.088525295257568,6.145750045776367,6.1570000648498535,5.948500156402588,5.9982500076293945,408712000
955,955,955,955,955,955,955,955,955,955,955,955,955,955,2018-10-17,6.019920349121094,6.076499938964844,6.247000217437744,6.026999950408936,6.208499908447266,329668000
956,956,956,956,956,956,956,956,956,956,956,956,956,956,2018-10-18,5.932490348815918,5.988249778747559,6.18524980545044,5.927249908447266,6.146500110626221,524020000
957,957,957,957,957,957,957,957,957,957,957,957,957,957,2018-10-19,5.675903797149658,5.729249954223633,6.06374979019165,5.692500114440918,6.044000148773193,613608000
958,958,958,958,958,958,958,958,958,958,958,958,958,958,2018-10-22,5.726676940917969,5.7804999351501465,5.882999897003174,5.676750183105469,5.7820000648498535,368844000
959,959,959,959,959,959,959,959,959,959,959,959,959,959,2018-10-23,5.475043296813965,5.526500225067139,5.604750156402588,5.417749881744385,5.510749816894531,626436000
960,960,960,960,960,960,960,960,960,960,960,960,960,960,2018-10-24,4.938831329345703,4.985249996185303,5.534749984741211,4.971250057220459,5.487750053405762,884288000
961,961,961,961,961,961,961,961,961,961,961,961,961,961,2018-10-25,5.147619724273682,5.196000099182129,5.243750095367432,4.8420000076293945,4.886750221252441,951720000
962,962,962,962,962,962,962,962,962,962,962,962,962,962,2018-10-26,4.911092281341553,4.957250118255615,5.120999813079834,4.828000068664551,4.957749843597412,664784000
963,963,963,963,963,963,963,963,963,963,963,963,963,963,2018-10-29,4.597291946411133,4.640500068664551,5.103250026702881,4.40024995803833,5.09975004196167,758016000
964,964,964,964,964,964,964,964,964,964,964,964,964,964,2018-10-30,5.027744293212891,5.074999809265137,5.085000038146973,4.640500068664551,4.663750171661377,807192000
965,965,965,965,965,965,965,965,965,965,965,965,965,965,2018-10-31,5.221672534942627,5.270750045776367,5.3147501945495605,5.100249767303467,5.241250038146973,745772000
966,966,966,966,966,966,966,966,966,966,966,966,966,966,2018-11-01,5.401979446411133,5.452750205993652,5.462250232696533,5.179749965667725,5.307499885559082,566528000
967,967,967,967,967,967,967,967,967,967,967,967,967,967,2018-11-02,5.322970390319824,5.373000144958496,5.550000190734863,5.255249977111816,5.443250179290772,452960000
968,968,968,968,968,968,968,968,968,968,968,968,968,968,2018-11-05,5.244954109191895,5.294250011444092,5.383250236511231,5.131999969482422,5.359749794006348,379332000
969,969,969,969,969,969,969,969,969,969,969,969,969,969,2018-11-06,5.227369785308838,5.276500225067139,5.371250152587891,5.238999843597412,5.286250114440918,299012000
970,970,970,970,970,970,970,970,970,970,970,970,970,970,2018-11-07,5.29498291015625,5.344749927520752,5.43524980545044,5.2795000076293945,5.34375,483812000
971,971,971,971,971,971,971,971,971,971,971,971,971,971,2018-11-08,5.101799011230469,5.149750232696533,5.285749912261963,5.095749855041504,5.284999847412109,511352000
972,972,972,972,972,972,972,972,972,972,972,972,972,972,2018-11-09,5.093873500823975,5.141749858856201,5.232999801635742,5.026000022888184,5.059999942779541,413240000
973,973,973,973,973,973,973,973,973,973,973,973,973,973,2018-11-12,4.694377899169922,4.738500118255615,5.071750164031982,4.71649980545044,5.049499988555908,617116000
974,974,974,974,974,974,974,974,974,974,974,974,974,974,2018-11-13,4.936354160308838,4.982749938964844,5.105249881744385,4.830999851226807,4.837250232696533,644712000
975,975,975,975,975,975,975,975,975,975,975,975,975,975,2018-11-14,4.883848667144775,4.929749965667725,5.171999931335449,4.820750236511231,5.15749979019165,526580000
976,976,976,976,976,976,976,976,976,976,976,976,976,976,2018-11-15,5.012638092041016,5.059750080108643,5.132500171661377,4.887499809265137,4.923749923706055,840708000
977,977,977,977,977,977,977,977,977,977,977,977,977,977,2018-11-16,4.072473526000977,4.110750198364258,4.266499996185303,4.040249824523926,4.083000183105469,1963520000
978,978,978,978,978,978,978,978,978,978,978,978,978,978,2018-11-19,3.5838170051574707,3.617500066757202,4.045499801635742,3.6157500743865967,4.044750213623047,1697820000
979,979,979,979,979,979,979,979,979,979,979,979,979,979,2018-11-20,3.692297220230103,3.7269999980926514,3.8564999103546143,3.332750082015991,3.3515000343322754,1692032000
980,980,980,980,980,980,980,980,980,980,980,980,980,980,2018-11-21,3.584064245223999,3.6177499294281006,3.882499933242798,3.590250015258789,3.865499973297119,1025496000
981,981,981,981,981,981,981,981,981,981,981,981,981,981,2018-11-23,3.5912468433380127,3.625,3.7397499084472656,3.5697500705718994,3.582750082015991,411968000
982,982,982,982,982,982,982,982,982,982,982,982,982,982,2018-11-26,3.7906227111816406,3.826250076293945,3.836750030517578,3.6640000343322754,3.7472500801086426,814832000
983,983,983,983,983,983,983,983,983,983,983,983,983,983,2018-11-27,3.807464599609375,3.843250036239624,3.9252500534057617,3.763750076293945,3.799999952316284,738060000
984,984,984,984,984,984,984,984,984,984,984,984,984,984,2018-11-28,3.964488029479981,4.0017499923706055,4.006999969482422,3.828249931335449,3.961999893188477,804524000
985,985,985,985,985,985,985,985,985,985,985,985,985,985,2018-11-29,3.901269197463989,3.934000015258789,4.037499904632568,3.9035000801086426,4.0,549172000
986,986,986,986,986,986,986,986,986,986,986,986,986,986,2018-11-30,4.051756381988525,4.085750102996826,4.096499919891357,3.892999887466431,3.943749904632568,729564000
987,987,987,987,987,987,987,987,987,987,987,987,987,987,2018-12-03,4.215632915496826,4.250999927520752,4.367000102996826,4.183499813079834,4.315000057220459,890804000
988,988,988,988,988,988,988,988,988,988,988,988,988,988,2018-12-04,3.895071506500244,3.9277501106262207,4.210999965667725,3.912499904632568,4.205999851226807,812112000
989,989,989,989,989,989,989,989,989,989,989,989,989,989,2018-12-06,3.924325704574585,3.9572501182556152,3.962249994277954,3.770250082015991,3.78600001335144,692308000
990,990,990,990,990,990,990,990,990,990,990,990,990,990,2018-12-07,3.659546852111816,3.690249919891357,3.971750020980835,3.640500068664551,3.9614999294281006,681676000
991,991,991,991,991,991,991,991,991,991,991,991,991,991,2018-12-10,3.764912843704224,3.796499967575073,3.821500062942505,3.641249895095825,3.6449999809265137,629472000
992,992,992,992,992,992,992,992,992,992,992,992,992,992,2018-12-11,3.67392635345459,3.704750061035156,3.897249937057495,3.625,3.888999938964844,671912000
993,993,993,993,993,993,993,993,993,993,993,993,993,993,2018-12-12,3.691529273986816,3.722500085830689,3.819499969482422,3.620500087738037,3.7105000019073486,654136000
994,994,994,994,994,994,994,994,994,994,994,994,994,994,2018-12-13,3.691281080245972,3.722249984741211,3.8345000743865967,3.686000108718872,3.7697501182556152,471384000
995,995,995,995,995,995,995,995,995,995,995,995,995,995,2018-12-14,3.630788326263428,3.661250114440918,3.764750003814697,3.637500047683716,3.6802499294281006,471820000
996,996,996,996,996,996,996,996,996,996,996,996,996,996,2018-12-17,3.5596354007720947,3.5894999504089355,3.703749895095825,3.5309998989105225,3.63100004196167,662868000
997,997,997,997,997,997,997,997,997,997,997,997,997,997,2018-12-18,3.6429367065429688,3.673500061035156,3.7582499980926514,3.606250047683716,3.6337499618530273,564372000
998,998,998,998,998,998,998,998,998,998,998,998,998,998,2018-12-19,3.4339396953582764,3.46274995803833,3.69350004196167,3.410749912261963,3.63949990272522,745364000
999,999,999,999,999,999,999,999,999,999,999,999,999,999,2018-12-20,3.349400043487549,3.377500057220459,3.5450000762939453,3.3172500133514404,3.4542500972747803,749588000
1000,1000,1000,1000,1000,1000,1000,1000,1000,1000,1000,1000,1000,1000,2018-12-21,3.212299346923828,3.2392499446868896,3.4375,3.2114999294281006,3.404249906539917,863740000
1001,1001,1001,1001,1001,1001,1001,1001,1001,1001,1001,1001,1001,1001,2018-12-24,3.150566816329956,3.177000045776367,3.249500036239624,3.112499952316284,3.16225004196167,463840000
1002,1002,1002,1002,1002,1002,1002,1002,1002,1002,1002,1002,1002,1002,2018-12-26,3.29981541633606,3.327500104904175,3.3285000324249268,3.111500024795532,3.2235000133514404,695100000
1003,1003,1003,1003,1003,1003,1003,1003,1003,1003,1003,1003,1003,1003,2018-12-27,3.251966953277588,3.279249906539917,3.309499979019165,3.129499912261963,3.274749994277954,637044000
1004,1004,1004,1004,1004,1004,1004,1004,1004,1004,1004,1004,1004,1004,2018-12-28,3.3134498596191406,3.341249942779541,3.4347500801086426,3.2577500343322754,3.299999952316284,628728000
1005,1005,1005,1005,1005,1005,1005,1005,1005,1005,1005,1005,1005,1005,2018-12-31,3.309731721878052,3.337500095367432,3.4177498817443848,3.30649995803833,3.384999990463257,465140000
1006,1006,1006,1006,1006,1006,1006,1006,1006,1006,1006,1006,1006,1006,2019-01-02,3.3771660327911377,3.4054999351501465,3.461999893188477,3.251250028610229,3.2660000324249268,508752000
1007,1007,1007,1007,1007,1007,1007,1007,1007,1007,1007,1007,1007,1007,2019-01-03,3.173128604888916,3.1997499465942383,3.378999948501587,3.1922500133514404,3.344749927520752,705552000
1008,1008,1008,1008,1008,1008,1008,1008,1008,1008,1008,1008,1008,1008,2019-01-04,3.376422882080078,3.404750108718872,3.4432499408721924,3.242500066757202,3.2734999656677246,585620000
1009,1009,1009,1009,1009,1009,1009,1009,1009,1009,1009,1009,1009,1009,2019-01-07,3.5551724433898926,3.5850000381469727,3.6222500801086426,3.410749912261963,3.462500095367432,709160000
1010,1010,1010,1010,1010,1010,1010,1010,1010,1010,1010,1010,1010,1010,2019-01-08,3.466665267944336,3.4957499504089355,3.669500112533569,3.422499895095825,3.667249917984009,786016000
1011,1011,1011,1011,1011,1011,1011,1011,1011,1011,1011,1011,1011,1011,2019-01-09,3.534843683242798,3.564500093460083,3.6122500896453857,3.496500015258789,3.547499895095825,617260000
1012,1012,1012,1012,1012,1012,1012,1012,1012,1012,1012,1012,1012,1012,2019-01-10,3.6005427837371826,3.630749940872192,3.63949990272522,3.483999967575073,3.5450000762939453,523156000
1013,1013,1013,1013,1013,1013,1013,1013,1013,1013,1013,1013,1013,1013,2019-01-11,3.689793348312378,3.720750093460083,3.743750095367432,3.580250024795532,3.60824990272522,874764000
1014,1014,1014,1014,1014,1014,1014,1014,1014,1014,1014,1014,1014,1014,2019-01-14,3.729707717895508,3.760999917984009,3.786499977111816,3.64424991607666,3.6679999828338623,730168000
1015,1015,1015,1015,1015,1015,1015,1015,1015,1015,1015,1015,1015,1015,2019-01-15,3.715576887130737,3.7467501163482666,3.833750009536743,3.728250026702881,3.7939999103546143,617012000
1016,1016,1016,1016,1016,1016,1016,1016,1016,1016,1016,1016,1016,1016,2019-01-16,3.690041542053223,3.720999956130981,3.807499885559082,3.7155001163482666,3.774250030517578,470104000
1017,1017,1017,1017,1017,1017,1017,1017,1017,1017,1017,1017,1017,1017,2019-01-17,3.761442422866821,3.7929999828338623,3.833250045776367,3.660249948501587,3.6877501010894775,493436000
1018,1018,1018,1018,1018,1018,1018,1018,1018,1018,1018,1018,1018,1018,2019-01-18,3.890608310699463,3.923249959945679,3.94950008392334,3.791249990463257,3.843250036239624,651336000
1019,1019,1019,1019,1019,1019,1019,1019,1019,1019,1019,1019,1019,1019,2019-01-22,3.6883058547973633,3.719249963760376,3.9045000076293945,3.6887500286102295,3.892750024795532,661552000
1020,1020,1020,1020,1020,1020,1020,1020,1020,1020,1020,1020,1020,1020,2019-01-23,3.70119833946228,3.732249975204468,3.864500045776367,3.700750112533569,3.775000095367432,591020000
1021,1021,1021,1021,1021,1021,1021,1021,1021,1021,1021,1021,1021,1021,2019-01-24,3.913168668746948,3.946000099182129,3.963749885559082,3.8127501010894775,3.817500114440918,708972000
1022,1022,1022,1022,1022,1022,1022,1022,1022,1022,1022,1022,1022,1022,2019-01-25,3.9704394340515137,4.003749847412109,4.021999835968018,3.7825000286102295,3.885999917984009,1154572000
1023,1023,1023,1023,1023,1023,1023,1023,1023,1023,1023,1023,1023,1023,2019-01-28,3.421543598175049,3.4502499103546143,3.54099988937378,3.275000095367432,3.413749933242798,2511528000
1024,1024,1024,1024,1024,1024,1024,1024,1024,1024,1024,1024,1024,1024,2019-01-29,3.262626886367798,3.289999961853028,3.452500104904175,3.27524995803833,3.403749942779541,1153932000
1025,1025,1025,1025,1025,1025,1025,1025,1025,1025,1025,1025,1025,1025,2019-01-30,3.40617299079895,3.4347500801086426,3.4492499828338623,3.2864999771118164,3.3667500019073486,974228000
1026,1026,1026,1026,1026,1026,1026,1026,1026,1026,1026,1026,1026,1026,2019-01-31,3.563849925994873,3.59375,3.62975001335144,3.4094998836517334,3.43149995803833,842852000
1027,1027,1027,1027,1027,1027,1027,1027,1027,1027,1027,1027,1027,1027,2019-02-01,3.588146448135376,3.618249893188477,3.669749975204468,3.564500093460083,3.612499952316284,625048000
1028,1028,1028,1028,1028,1028,1028,1028,1028,1028,1028,1028,1028,1028,2019-02-04,3.6984703540802,3.7295000553131104,3.766999959945679,3.611999988555908,3.6342499256134033,528592000
1029,1029,1029,1029,1029,1029,1029,1029,1029,1029,1029,1029,1029,1029,2019-02-05,3.717559576034546,3.7487499713897705,3.785749912261963,3.7074999809265137,3.741499900817871,542424000
1030,1030,1030,1030,1030,1030,1030,1030,1030,1030,1030,1030,1030,1030,2019-02-06,3.7931764125823975,3.825000047683716,3.890000104904175,3.776750087738037,3.782249927520752,702464000
1031,1031,1031,1031,1031,1031,1031,1031,1031,1031,1031,1031,1031,1031,2019-02-07,3.654836654663086,3.685499906539917,3.7804999351501465,3.642250061035156,3.778249979019165,637120000
1032,1032,1032,1032,1032,1032,1032,1032,1032,1032,1032,1032,1032,1032,2019-02-08,3.673431158065796,3.70425009727478,3.714999914169312,3.603250026702881,3.6177499294281006,461604000
1033,1033,1033,1033,1033,1033,1033,1033,1033,1033,1033,1033,1033,1033,2019-02-11,3.630788326263428,3.661250114440918,3.714499950408936,3.612499952316284,3.659749984741211,495180000
1034,1034,1034,1034,1034,1034,1034,1034,1034,1034,1034,1034,1034,1034,2019-02-12,3.7478065490722656,3.779249906539917,3.795000076293945,3.685499906539917,3.700000047683716,591060000
1035,1035,1035,1035,1035,1035,1035,1035,1035,1035,1035,1035,1035,1035,2019-02-13,3.790201187133789,3.822000026702881,3.895750045776367,3.795249938964844,3.809000015258789,605372000
1036,1036,1036,1036,1036,1036,1036,1036,1036,1036,1036,1036,1036,1036,2019-02-14,3.831107616424561,3.8632500171661377,3.89175009727478,3.777499914169312,3.821000099182129,827264000
1037,1037,1037,1037,1037,1037,1037,1037,1037,1037,1037,1037,1037,1037,2019-02-15,3.9007728099823,3.933500051498413,4.096749782562256,3.910500049591065,4.073750019073486,1516748000
1038,1038,1038,1038,1038,1038,1038,1038,1038,1038,1038,1038,1038,1038,2019-02-19,3.883418560028076,3.9159998893737793,3.9972500801086426,3.9035000801086426,3.922749996185303,551892000
1039,1039,1039,1039,1039,1039,1039,1039,1039,1039,1039,1039,1039,1039,2019-02-20,3.9307711124420166,3.963749885559082,4.031499862670898,3.9342501163482666,3.945499897003174,540988000
1040,1040,1040,1040,1040,1040,1040,1040,1040,1040,1040,1040,1040,1040,2019-02-21,3.861849784851074,3.89424991607666,4.00124979019165,3.879499912261963,3.9765000343322754,448548000
1041,1041,1041,1041,1041,1041,1041,1041,1041,1041,1041,1041,1041,1041,2019-02-22,3.9466381072998047,3.979749917984009,3.9987499713897705,3.93274998664856,3.946500062942505,401740000
1042,1042,1042,1042,1042,1042,1042,1042,1042,1042,1042,1042,1042,1042,2019-02-25,3.934242248535156,3.967250108718872,4.131999969482422,3.9584999084472656,4.064000129699707,656020000
1043,1043,1043,1043,1043,1043,1043,1043,1043,1043,1043,1043,1043,1043,2019-02-26,3.894822835922241,3.927500009536743,4.019000053405762,3.893749952316284,3.962500095367432,488464000
1044,1044,1044,1044,1044,1044,1044,1044,1044,1044,1044,1044,1044,1044,2019-02-27,3.852925300598145,3.8852500915527344,3.939749956130981,3.827749967575073,3.913000106811523,500256000
1045,1045,1045,1045,1045,1045,1045,1045,1045,1045,1045,1045,1045,1045,2019-02-28,3.828355073928833,3.8564999103546143,3.8975000381469727,3.8340001106262207,3.875,324944000
1046,1046,1046,1046,1046,1046,1046,1046,1046,1046,1046,1046,1046,1046,2019-03-01,3.8827056884765625,3.911250114440918,3.953749895095825,3.848000049591065,3.906749963760376,357188000
1047,1047,1047,1047,1047,1047,1047,1047,1047,1047,1047,1047,1047,1047,2019-03-04,3.890895366668701,3.919500112533569,3.973000049591065,3.862499952316284,3.950000047683716,409992000
1048,1048,1048,1048,1048,1048,1048,1048,1048,1048,1048,1048,1048,1048,2019-03-05,3.884443521499634,3.913000106811523,3.951499938964844,3.848999977111816,3.903749942779541,362924000
1049,1049,1049,1049,1049,1049,1049,1049,1049,1049,1049,1049,1049,1049,2019-03-06,3.773508310317993,3.8012499809265137,3.912499904632568,3.798500061035156,3.9040000438690186,403524000
1050,1050,1050,1050,1050,1050,1050,1050,1050,1050,1050,1050,1050,1050,2019-03-07,3.704267740249634,3.7314999103546143,3.78725004196167,3.684999942779541,3.777499914169312,450104000
1051,1051,1051,1051,1051,1051,1051,1051,1051,1051,1051,1051,1051,1051,2019-03-08,3.738516092300415,3.766000032424927,3.776750087738037,3.619999885559082,3.641499996185303,422416000
1052,1052,1052,1052,1052,1052,1052,1052,1052,1052,1052,1052,1052,1052,2019-03-11,3.999099731445313,4.028500080108643,4.051499843597412,3.7422499656677246,3.789750099182129,859728000
1053,1053,1053,1053,1053,1053,1053,1053,1053,1053,1053,1053,1053,1053,2019-03-12,4.03334903717041,4.063000202178955,4.109749794006348,3.979749917984009,4.05649995803833,579576000
1054,1054,1054,1054,1054,1054,1054,1054,1054,1054,1054,1054,1054,1054,2019-03-13,4.184736251831055,4.215499877929688,4.244999885559082,4.093249797821045,4.100749969482422,768900000
1055,1055,1055,1055,1055,1055,1055,1055,1055,1055,1055,1055,1055,1055,2019-03-14,4.108793258666992,4.138999938964844,4.23675012588501,4.131249904632568,4.22475004196167,519384000
1056,1056,1056,1056,1056,1056,1056,1056,1056,1056,1056,1056,1056,1056,2019-03-15,4.214268684387207,4.245250225067139,4.288249969482422,4.178999900817871,4.182499885559082,661484000
1057,1057,1057,1057,1057,1057,1057,1057,1057,1057,1057,1057,1057,1057,2019-03-18,4.192926406860352,4.223750114440918,4.331250190734863,4.196499824523926,4.276999950408936,486992000
1058,1058,1058,1058,1058,1058,1058,1058,1058,1058,1058,1058,1058,1058,2019-03-19,4.360691547393799,4.392749786376953,4.4375,4.302000045776367,4.318999767303467,854972000
1059,1059,1059,1059,1059,1059,1059,1059,1059,1059,1059,1059,1059,1059,2019-03-20,4.328182220458984,4.360000133514404,4.475749969482422,4.324999809265137,4.421999931335449,719148000
1060,1060,1060,1060,1060,1060,1060,1060,1060,1060,1060,1060,1060,1060,2019-03-21,4.564939975738525,4.598499774932861,4.625,4.3782501220703125,4.383250236511231,824312000
1061,1061,1061,1061,1061,1061,1061,1061,1061,1061,1061,1061,1061,1061,2019-03-22,4.405115127563477,4.4375,4.619999885559082,4.423500061035156,4.571000099182129,747644000
1062,1062,1062,1062,1062,1062,1062,1062,1062,1062,1062,1062,1062,1062,2019-03-25,4.312793731689453,4.3445000648498535,4.461249828338623,4.277750015258789,4.396500110626221,525212000
1063,1063,1063,1063,1063,1063,1063,1063,1063,1063,1063,1063,1063,1063,2019-03-26,4.389480113983154,4.421750068664551,4.543749809265137,4.364999771118164,4.487249851226807,703508000
1064,1064,1064,1064,1064,1064,1064,1064,1064,1064,1064,1064,1064,1064,2019-03-27,4.38029670715332,4.412499904632568,4.4942498207092285,4.34250020980835,4.447500228881836,474372000
1065,1065,1065,1065,1065,1065,1065,1065,1065,1065,1065,1065,1065,1065,2019-03-28,4.398910045623779,4.431250095367432,4.497499942779541,4.377749919891357,4.43874979019165,480264000
1066,1066,1066,1066,1066,1066,1066,1066,1066,1066,1066,1066,1066,1066,2019-03-29,4.456238746643066,4.488999843597412,4.513500213623047,4.447750091552734,4.498499870300293,456896000
1067,1067,1067,1067,1067,1067,1067,1067,1067,1067,1067,1067,1067,1067,2019-04-01,4.523742198944092,4.557000160217285,4.587500095367432,4.509250164031982,4.581500053405762,483824000
1068,1068,1068,1068,1068,1068,1068,1068,1068,1068,1068,1068,1068,1068,2019-04-02,4.5416107177734375,4.574999809265137,4.619750022888184,4.538000106811523,4.581250190734863,440920000
1069,1069,1069,1069,1069,1069,1069,1069,1069,1069,1069,1069,1069,1069,2019-04-03,4.681085586547852,4.715499877929688,4.775000095367432,4.619999885559082,4.625,783504000
1070,1070,1070,1070,1070,1070,1070,1070,1070,1070,1070,1070,1070,1070,2019-04-04,4.672152996063232,4.706500053405762,4.7492499351501465,4.643249988555908,4.699999809265137,457376000
1071,1071,1071,1071,1071,1071,1071,1071,1071,1071,1071,1071,1071,1071,2019-04-05,4.738912105560303,4.773749828338623,4.791250228881836,4.713250160217285,4.75,481744000
1072,1072,1072,1072,1072,1072,1072,1072,1072,1072,1072,1072,1072,1072,2019-04-08,4.759759426116943,4.794750213623047,4.820000171661377,4.71875,4.743000030517578,424192000
1073,1073,1073,1073,1073,1073,1073,1073,1073,1073,1073,1073,1073,1073,2019-04-09,4.696969985961914,4.731500148773193,4.772250175476074,4.689000129699707,4.761000156402588,439972000
1074,1074,1074,1074,1074,1074,1074,1074,1074,1074,1074,1074,1074,1074,2019-04-10,4.767450332641602,4.802499771118164,4.828499794006348,4.726250171661377,4.73075008392334,444772000
1075,1075,1075,1075,1075,1075,1075,1075,1075,1075,1075,1075,1075,1075,2019-04-11,4.753553867340088,4.78849983215332,4.836750030517578,4.738749980926514,4.804999828338623,374600000
1076,1076,1076,1076,1076,1076,1076,1076,1076,1076,1076,1076,1076,1076,2019-04-12,4.715582370758057,4.750249862670898,4.831500053405762,4.741499900817871,4.827499866485596,471708000
1077,1077,1077,1077,1077,1077,1077,1077,1077,1077,1077,1077,1077,1077,2019-04-15,4.583801746368408,4.617499828338623,4.747499942779541,4.577499866485596,4.742499828338623,440092000
1078,1078,1078,1078,1078,1078,1078,1078,1078,1078,1078,1078,1078,1078,2019-04-16,4.67091178894043,4.705249786376953,4.724249839782715,4.624000072479248,4.6570000648498535,394964000
1079,1079,1079,1079,1079,1079,1079,1079,1079,1079,1079,1079,1079,1079,2019-04-17,4.6480793952941895,4.682250022888184,4.761499881744385,4.659749984741211,4.740499973297119,351004000
1080,1080,1080,1080,1080,1080,1080,1080,1080,1080,1080,1080,1080,1080,2019-04-18,4.623508930206299,4.65749979019165,4.723249912261963,4.629499912261963,4.689000129699707,380988000
1081,1081,1081,1081,1081,1081,1081,1081,1081,1081,1081,1081,1081,1081,2019-04-22,4.677364349365234,4.711750030517578,4.727499961853027,4.602000236511231,4.633749961853027,279936000
1082,1082,1082,1082,1082,1082,1082,1082,1082,1082,1082,1082,1082,1082,2019-04-23,4.73196268081665,4.766749858856201,4.798250198364258,4.715250015258789,4.724999904632568,346856000
1083,1083,1083,1083,1083,1083,1083,1083,1083,1083,1083,1083,1083,1083,2019-04-24,4.744370937347412,4.779250144958496,4.820250034332275,4.716000080108643,4.777249813079834,318204000
1084,1084,1084,1084,1084,1084,1084,1084,1084,1084,1084,1084,1084,1084,2019-04-25,4.63864803314209,4.672749996185303,4.761250019073486,4.59250020980835,4.738749980926514,499296000
1085,1085,1085,1085,1085,1085,1085,1085,1085,1085,1085,1085,1085,1085,2019-04-26,4.41975736618042,4.452250003814697,4.522250175476074,4.332499980926514,4.517749786376953,868988000
1086,1086,1086,1086,1086,1086,1086,1086,1086,1086,1086,1086,1086,1086,2019-04-29,4.450531482696533,4.483250141143799,4.511250019073486,4.387499809265137,4.460249900817871,391920000
1087,1087,1087,1087,1087,1087,1087,1087,1087,1087,1087,1087,1087,1087,2019-04-30,4.4919753074646,4.525000095367432,4.550749778747559,4.43149995803833,4.45074987411499,362920000
1088,1088,1088,1088,1088,1088,1088,1088,1088,1088,1088,1088,1088,1088,2019-05-01,4.478824138641357,4.511750221252441,4.620250225067139,4.511499881744385,4.577750205993652,354280000
1089,1089,1089,1089,1089,1089,1089,1089,1089,1089,1089,1089,1089,1089,2019-05-02,4.546327114105225,4.579750061035156,4.621749877929688,4.478000164031982,4.521500110626221,394684000
1090,1090,1090,1090,1090,1090,1090,1090,1090,1090,1090,1090,1090,1090,2019-05-03,4.54185962677002,4.575250148773193,4.598249912261963,4.51324987411499,4.588250160217285,336824000
1091,1091,1091,1091,1091,1091,1091,1091,1091,1091,1091,1091,1091,1091,2019-05-06,4.463436126708984,4.496250152587891,4.508500099182129,4.349999904632568,4.387499809265137,422176000
1092,1092,1092,1092,1092,1092,1092,1092,1092,1092,1092,1092,1092,1092,2019-05-07,4.296165943145752,4.327750205993652,4.447500228881836,4.279250144958496,4.447500228881836,555220000
1093,1093,1093,1093,1093,1093,1093,1093,1093,1093,1093,1093,1093,1093,2019-05-08,4.316268444061279,4.3480000495910645,4.428750038146973,4.288000106811523,4.300000190734863,419168000
1094,1094,1094,1094,1094,1094,1094,1094,1094,1094,1094,1094,1094,1094,2019-05-09,4.223698139190674,4.254749774932861,4.288249969482422,4.135000228881836,4.278500080108643,660248000
1095,1095,1095,1095,1095,1095,1095,1095,1095,1095,1095,1095,1095,1095,2019-05-10,4.189699172973633,4.2204999923706055,4.289750099182129,4.099999904632568,4.223750114440918,569500000
1096,1096,1096,1096,1096,1096,1096,1096,1096,1096,1096,1096,1096,1096,2019-05-13,3.9323410987854,3.961250066757202,4.110750198364258,3.9452500343322754,4.087500095367432,656912000
1097,1097,1097,1097,1097,1097,1097,1097,1097,1097,1097,1097,1097,1097,2019-05-14,4.021434307098389,4.051000118255615,4.08650016784668,3.962249994277954,4.00124979019165,524880000
1098,1098,1098,1098,1098,1098,1098,1098,1098,1098,1098,1098,1098,1098,2019-05-15,3.960384607315064,3.989500045776367,4.026249885559082,3.9352500438690186,3.994999885559082,502320000
1099,1099,1099,1099,1099,1099,1099,1099,1099,1099,1099,1099,1099,1099,2019-05-16,3.975523233413696,4.004749774932861,4.047749996185303,3.941250085830689,3.983999967575073,781088000
1100,1100,1100,1100,1100,1100,1100,1100,1100,1100,1100,1100,1100,1100,2019-05-17,3.88469123840332,3.913249969482422,4.092750072479248,3.873500108718872,3.962500095367432,1022068000
1101,1101,1101,1101,1101,1101,1101,1101,1101,1101,1101,1101,1101,1101,2019-05-20,3.766063451766968,3.793750047683716,3.869250059127808,3.768749952316284,3.8137500286102295,572064000
1102,1102,1102,1102,1102,1102,1102,1102,1102,1102,1102,1102,1102,1102,2019-05-21,3.848208904266357,3.876499891281128,3.892499923706055,3.815999984741211,3.8550000190734863,361848000
1103,1103,1103,1103,1103,1103,1103,1103,1103,1103,1103,1103,1103,1103,2019-05-22,3.777231216430664,3.805000066757202,3.8637499809265137,3.7939999103546143,3.837500095367432,325868000
1104,1104,1104,1104,1104,1104,1104,1104,1104,1104,1104,1104,1104,1104,2019-05-23,3.656121492385864,3.683000087738037,3.7422499656677246,3.6227500438690186,3.7422499656677246,591844000
1105,1105,1105,1105,1105,1105,1105,1105,1105,1105,1105,1105,1105,1105,2019-05-24,3.602267503738404,3.628750085830689,3.737499952316284,3.621999979019165,3.70199990272522,357584000
1106,1106,1106,1106,1106,1106,1106,1106,1106,1106,1106,1106,1106,1106,2019-05-28,3.5571000576019287,3.583250045776367,3.679500102996826,3.581249952316284,3.6465001106262207,428356000
1107,1107,1107,1107,1107,1107,1107,1107,1107,1107,1107,1107,1107,1107,2019-05-29,3.482895612716675,3.508500099182129,3.570499897003174,3.4735000133514404,3.535249948501587,559800000
1108,1108,1108,1108,1108,1108,1108,1108,1108,1108,1108,1108,1108,1108,2019-05-30,3.456310510635376,3.477750062942505,3.543750047683716,3.439249992370605,3.5077500343322754,394300000
1109,1109,1109,1109,1109,1109,1109,1109,1109,1109,1109,1109,1109,1109,2019-05-31,3.3656229972839355,3.3864998817443848,3.4962499141693115,3.38474988937378,3.428499937057495,389720000
1110,1110,1110,1110,1110,1110,1110,1110,1110,1110,1110,1110,1110,1110,2019-06-03,3.323880910873413,3.344500064849853,3.4367499351501465,3.315000057220459,3.397749900817871,478644000
1111,1111,1111,1111,1111,1111,1111,1111,1111,1111,1111,1111,1111,1111,2019-06-04,3.5529606342315674,3.575000047683716,3.580250024795532,3.3867499828338623,3.4089999198913574,641836000
1112,1112,1112,1112,1112,1112,1112,1112,1112,1112,1112,1112,1112,1112,2019-06-05,3.510225296020508,3.532000064849853,3.654750108718872,3.495500087738037,3.649250030517578,511616000
1113,1113,1113,1113,1113,1113,1113,1113,1113,1113,1113,1113,1113,1113,2019-06-06,3.572340488433838,3.594500064849853,3.619250059127808,3.533750057220459,3.536250114440918,408140000
1114,1114,1114,1114,1114,1114,1114,1114,1114,1114,1114,1114,1114,1114,2019-06-07,3.6150758266448975,3.637500047683716,3.671999931335449,3.581249952316284,3.6005001068115234,348856000
1115,1115,1115,1115,1115,1115,1115,1115,1115,1115,1115,1115,1115,1115,2019-06-10,3.6878738403320312,3.710750102996826,3.779750108718872,3.694000005722046,3.694000005722046,402780000
1116,1116,1116,1116,1116,1116,1116,1116,1116,1116,1116,1116,1116,1116,2019-06-11,3.745515823364258,3.768749952316284,3.809000015258789,3.7290000915527344,3.7709999084472656,383872000
1117,1117,1117,1117,1117,1117,1117,1117,1117,1117,1117,1117,1117,1117,2019-06-12,3.63246750831604,3.6549999713897705,3.731250047683716,3.639750003814697,3.724999904632568,358892000
1118,1118,1118,1118,1118,1118,1118,1118,1118,1118,1118,1118,1118,1118,2019-06-13,3.683650016784668,3.7065000534057617,3.724999904632568,3.659499883651733,3.6772499084472656,308080000
1119,1119,1119,1119,1119,1119,1119,1119,1119,1119,1119,1119,1119,1119,2019-06-14,3.59370756149292,3.615999937057495,3.6372499465942383,3.571000099182129,3.6127500534057617,394428000
1120,1120,1120,1120,1120,1120,1120,1120,1120,1120,1120,1120,1120,1120,2019-06-17,3.6033971309661865,3.6257500648498535,3.663000106811523,3.591249942779541,3.6142499446868896,276040000
1121,1121,1121,1121,1121,1121,1121,1121,1121,1121,1121,1121,1121,1121,2019-06-18,3.7984378337860094,3.822000026702881,3.877749919891357,3.676500082015991,3.6875,581920000
1122,1122,1122,1122,1122,1122,1122,1122,1122,1122,1122,1122,1122,1122,2019-06-19,3.80440092086792,3.828000068664551,3.86899995803833,3.8017499446868896,3.857500076293945,331644000
1123,1123,1123,1123,1123,1123,1123,1123,1123,1123,1123,1123,1123,1123,2019-06-20,3.828750133514404,3.8524999618530273,3.933249950408936,3.838000059127808,3.919250011444092,350168000
1124,1124,1124,1124,1124,1124,1124,1124,1124,1124,1124,1124,1124,1124,2019-06-21,3.7706103324890137,3.7939999103546143,3.88700008392334,3.787499904632568,3.837500095367432,434428000
1125,1125,1125,1125,1125,1125,1125,1125,1125,1125,1125,1125,1125,1125,2019-06-24,3.7929720878601074,3.816499948501587,3.846250057220459,3.767999887466431,3.815500020980835,282948000
1126,1126,1126,1126,1126,1126,1126,1126,1126,1126,1126,1126,1126,1126,2019-06-25,3.76365327835083,3.786999940872192,3.8970000743865967,3.784250020980835,3.821500062942505,311868000
1127,1127,1127,1127,1127,1127,1127,1127,1127,1127,1127,1127,1127,1127,2019-06-26,3.956954479217529,3.9814999103546143,4.043000221252441,3.902250051498413,3.915250062942505,584072000
1128,1128,1128,1128,1128,1128,1128,1128,1128,1128,1128,1128,1128,1128,2019-06-27,4.0555925369262695,4.080749988555908,4.099999904632568,4.031499862670898,4.067749977111816,445440000
1129,1129,1129,1129,1129,1129,1129,1129,1129,1129,1129,1129,1129,1129,2019-06-28,4.080438613891602,4.10575008392334,4.134250164031982,4.058750152587891,4.125,397668000
1130,1130,1130,1130,1130,1130,1130,1130,1130,1130,1130,1130,1130,1130,2019-07-01,4.128640174865723,4.154250144958496,4.348750114440918,4.116499900817871,4.3142499923706055,709756000
1131,1131,1131,1131,1131,1131,1131,1131,1131,1131,1131,1131,1131,1131,2019-07-02,4.030745983123779,4.055749893188477,4.158750057220459,4.042500019073486,4.137499809265137,400228000
1132,1132,1132,1132,1132,1132,1132,1132,1132,1132,1132,1132,1132,1132,2019-07-03,4.043667316436768,4.068749904632568,4.085000038146973,4.008500099182129,4.079249858856201,246636000
1133,1133,1133,1133,1133,1133,1133,1133,1133,1133,1133,1133,1133,1133,2019-07-05,3.981054782867432,4.005750179290772,4.014500141143799,3.941999912261963,4.010000228881836,396552000
1134,1134,1134,1134,1134,1134,1134,1134,1134,1134,1134,1134,1134,1134,2019-07-08,3.906020641326904,3.9302499294281006,3.964750051498413,3.900000095367432,3.9457499980926514,329788000
1135,1135,1135,1135,1135,1135,1135,1135,1135,1135,1135,1135,1135,1135,2019-07-09,3.908504962921143,3.93274998664856,3.9609999656677246,3.875,3.8877499103546143,342860000
1136,1136,1136,1136,1136,1136,1136,1136,1136,1136,1136,1136,1136,1136,2019-07-10,3.9768314361572266,4.001500129699707,4.059249877929688,3.962500095367432,3.9765000343322754,452076000
1137,1137,1137,1137,1137,1137,1137,1137,1137,1137,1137,1137,1137,1137,2019-07-11,4.131371974945068,4.1570000648498535,4.197999954223633,4.037499904632568,4.074999809265137,682560000
1138,1138,1138,1138,1138,1138,1138,1138,1138,1138,1138,1138,1138,1138,2019-07-12,4.16441822052002,4.190249919891357,4.261750221252441,4.184999942779541,4.184999942779541,506392000
1139,1139,1139,1139,1139,1139,1139,1139,1139,1139,1139,1139,1139,1139,2019-07-15,4.155970573425293,4.1817498207092285,4.227749824523926,4.153250217437744,4.21150016784668,289840000
1140,1140,1140,1140,1140,1140,1140,1140,1140,1140,1140,1140,1140,1140,2019-07-16,4.151248931884766,4.177000045776367,4.204249858856201,4.120999813079834,4.166749954223633,341444000
1141,1141,1141,1141,1141,1141,1141,1141,1141,1141,1141,1141,1141,1141,2019-07-17,4.21659517288208,4.24275016784668,4.249750137329102,4.149250030517578,4.178750038146973,348204000
1142,1142,1142,1142,1142,1142,1142,1142,1142,1142,1142,1142,1142,1142,2019-07-18,4.228270053863525,4.254499912261963,4.317749977111816,4.196249961853027,4.2532501220703125,442192000
1143,1143,1143,1143,1143,1143,1143,1143,1143,1143,1143,1143,1143,1143,2019-07-19,4.185040473937988,4.210999965667725,4.299499988555908,4.204999923706055,4.293000221252441,344896000
1144,1144,1144,1144,1144,1144,1144,1144,1144,1144,1144,1144,1144,1144,2019-07-22,4.256596088409424,4.2829999923706055,4.296000003814697,4.224999904632568,4.232500076293945,315940000
1145,1145,1145,1145,1145,1145,1145,1145,1145,1145,1145,1145,1145,1145,2019-07-23,4.364427089691162,4.391499996185303,4.393499851226807,4.3067498207092285,4.322500228881836,428176000
1146,1146,1146,1146,1146,1146,1146,1146,1146,1146,1146,1146,1146,1146,2019-07-24,4.438964366912842,4.46649980545044,4.472249984741211,4.358500003814697,4.434999942779541,366236000
1147,1147,1147,1147,1147,1147,1147,1147,1147,1147,1147,1147,1147,1147,2019-07-25,4.307779312133789,4.334499835968018,4.4375,4.310999870300293,4.424749851226807,392700000
1148,1148,1148,1148,1148,1148,1148,1148,1148,1148,1148,1148,1148,1148,2019-07-26,4.349767684936523,4.3767499923706055,4.423749923706055,4.36175012588501,4.36175012588501,274160000
1149,1149,1149,1149,1149,1149,1149,1149,1149,1149,1149,1149,1149,1149,2019-07-29,4.343555450439453,4.370500087738037,4.386750221252441,4.281750202178955,4.369500160217285,248160000
1150,1150,1150,1150,1150,1150,1150,1150,1150,1150,1150,1150,1150,1150,2019-07-30,4.359209060668945,4.386250019073486,4.398499965667725,4.309249877929688,4.323750019073486,197772000
1151,1151,1151,1151,1151,1151,1151,1151,1151,1151,1151,1151,1151,1151,2019-07-31,4.191996097564697,4.2179999351501465,4.355500221252441,4.17549991607666,4.354499816894531,359416000
1152,1152,1152,1152,1152,1152,1152,1152,1152,1152,1152,1152,1152,1152,2019-08-01,4.097582817077637,4.123000144958496,4.319499969482422,4.070499897003174,4.228499889373779,421212000
1153,1153,1153,1153,1153,1153,1153,1153,1153,1153,1153,1153,1153,1153,2019-08-02,4.00490665435791,4.029749870300293,4.099500179290772,3.982000112533569,4.029749870300293,428348000
1154,1154,1154,1154,1154,1154,1154,1154,1154,1154,1154,1154,1154,1154,2019-08-05,3.7465100288391113,3.7697501182556152,3.846250057220459,3.722500085830689,3.8450000286102295,589156000
1155,1155,1155,1155,1155,1155,1155,1155,1155,1155,1155,1155,1155,1155,2019-08-06,3.785269737243652,3.808749914169312,3.890749931335449,3.7607500553131104,3.8450000286102295,361272000
1156,1156,1156,1156,1156,1156,1156,1156,1156,1156,1156,1156,1156,1156,2019-08-07,3.823532819747925,3.847249984741211,3.859250068664551,3.7300000190734863,3.747499942779541,372560000
1157,1157,1157,1157,1157,1157,1157,1157,1157,1157,1157,1157,1157,1157,2019-08-08,3.932108402252197,3.9565000534057617,3.957750082015991,3.847500085830689,3.905250072479248,309300000
1158,1158,1158,1158,1158,1158,1158,1158,1158,1158,1158,1158,1158,1158,2019-08-09,3.8307371139526367,3.8545000553131104,3.918750047683716,3.8037500381469727,3.915250062942505,341816000
1159,1159,1159,1159,1159,1159,1159,1159,1159,1159,1159,1159,1159,1159,2019-08-12,3.762908697128296,3.786250114440918,3.8545000553131104,3.764250040054321,3.802000045776367,279200000
1160,1160,1160,1160,1160,1160,1160,1160,1160,1160,1160,1160,1160,1160,2019-08-13,3.877199411392212,3.901249885559082,3.947499990463257,3.745500087738037,3.784749984741211,351956000
1161,1161,1161,1161,1161,1161,1161,1161,1161,1161,1161,1161,1161,1161,2019-08-14,3.7286205291748047,3.7517499923706055,3.8237500190734863,3.707750082015991,3.8125,419880000
1162,1162,1162,1162,1162,1162,1162,1162,1162,1162,1162,1162,1162,1162,2019-08-15,3.696321487426758,3.719249963760376,3.790750026702881,3.6847500801086426,3.770750045776367,477200000
1163,1163,1163,1163,1163,1163,1163,1163,1163,1163,1163,1163,1163,1163,2019-08-16,3.964408874511719,3.989000082015991,4.03849983215332,3.921999931335449,3.983750104904175,1007960000
1164,1164,1164,1164,1164,1164,1164,1164,1164,1164,1164,1164,1164,1164,2019-08-19,4.243177890777588,4.269499778747559,4.2855000495910645,4.086750030517578,4.103000164031982,815112000
1165,1165,1165,1165,1165,1165,1165,1165,1165,1165,1165,1165,1165,1165,2019-08-20,4.170879364013672,4.196750164031982,4.264500141143799,4.17549991607666,4.263999938964844,463188000
1166,1166,1166,1166,1166,1166,1166,1166,1166,1166,1166,1166,1166,1166,2019-08-21,4.254358291625977,4.280749797821045,4.336249828338623,4.241499900817871,4.26324987411499,427244000
1167,1167,1167,1167,1167,1167,1167,1167,1167,1167,1167,1167,1167,1167,2019-08-22,4.26057243347168,4.287000179290772,4.333250045776367,4.247499942779541,4.290500164031982,303488000
1168,1168,1168,1168,1168,1168,1168,1168,1168,1168,1168,1168,1168,1168,2019-08-23,4.035964488983154,4.060999870300293,4.264750003814697,4.040999889373779,4.210000038146973,568056000
1169,1169,1169,1169,1169,1169,1169,1169,1169,1169,1169,1169,1169,1169,2019-08-26,4.110750198364258,4.136250019073486,4.164500236511231,4.097750186920166,4.140250205993652,318208000
1170,1170,1170,1170,1170,1170,1170,1170,1170,1170,1170,1170,1170,1170,2019-08-27,4.020062446594238,4.045000076293945,4.177499771118164,4.015500068664551,4.174749851226807,290968000
1171,1171,1171,1171,1171,1171,1171,1171,1171,1171,1171,1171,1171,1171,2019-08-28,4.009618282318115,4.0304999351501465,4.083499908447266,3.974999904632568,4.014500141143799,255612000
1172,1172,1172,1172,1172,1172,1172,1172,1172,1172,1172,1172,1172,1172,2019-08-29,4.153369426727295,4.175000190734863,4.207499980926514,4.11899995803833,4.122499942779541,357976000
1173,1173,1173,1173,1173,1173,1173,1173,1173,1173,1173,1173,1173,1173,2019-08-30,4.166053295135498,4.187749862670898,4.271500110626221,4.16949987411499,4.221499919891357,290616000
1174,1174,1174,1174,1174,1174,1174,1174,1174,1174,1174,1174,1174,1174,2019-09-03,4.0829854011535645,4.104249954223633,4.147749900817871,4.081250190734863,4.114500045776367,296140000
1175,1175,1175,1175,1175,1175,1175,1175,1175,1175,1175,1175,1175,1175,2019-09-04,4.197140216827393,4.218999862670898,4.226500034332275,4.165249824523926,4.165249824523926,227728000
1176,1176,1176,1176,1176,1176,1176,1176,1176,1176,1176,1176,1176,1176,2019-09-05,4.470219135284424,4.493500232696533,4.499750137329102,4.320000171661377,4.321750164031982,695676000
1177,1177,1177,1177,1177,1177,1177,1177,1177,1177,1177,1177,1177,1177,2019-09-06,4.44310998916626,4.466249942779541,4.527249813079834,4.427999973297119,4.46999979019165,376976000
1178,1178,1178,1178,1178,1178,1178,1178,1178,1178,1178,1178,1178,1178,2019-09-09,4.489120006561279,4.512499809265137,4.599500179290772,4.495999813079834,4.497499942779541,417524000
1179,1179,1179,1179,1179,1179,1179,1179,1179,1179,1179,1179,1179,1179,2019-09-10,4.555773735046387,4.579500198364258,4.606249809265137,4.469749927520752,4.479499816894531,352812000
1180,1180,1180,1180,1180,1180,1180,1180,1180,1180,1180,1180,1180,1180,2019-09-11,4.58437442779541,4.608250141143799,4.656750202178955,4.565000057220459,4.594250202178955,361512000
1181,1181,1181,1181,1181,1181,1181,1181,1181,1181,1181,1181,1181,1181,2019-09-12,4.582882881164551,4.606750011444092,4.710000038146973,4.598750114440918,4.65500020980835,327840000
1182,1182,1182,1182,1182,1182,1182,1182,1182,1182,1182,1182,1182,1182,2019-09-13,4.524933815002441,4.548500061035156,4.577000141143799,4.504499912261963,4.539750099182129,324592000
1183,1183,1183,1183,1183,1183,1183,1183,1183,1183,1183,1183,1183,1183,2019-09-16,4.481909275054932,4.505249977111816,4.539999961853027,4.462500095367432,4.4730000495910645,231832000
1184,1184,1184,1184,1184,1184,1184,1184,1184,1184,1184,1184,1184,1184,2019-09-17,4.503294944763184,4.526750087738037,4.531000137329102,4.465250015258789,4.51200008392334,223048000
1185,1185,1185,1185,1185,1185,1185,1185,1185,1185,1185,1185,1185,1185,2019-09-18,4.476186275482178,4.499499797821045,4.5355000495910645,4.412499904632568,4.519750118255615,258152000
1186,1186,1186,1186,1186,1186,1186,1186,1186,1186,1186,1186,1186,1186,2019-09-19,4.400582313537598,4.423500061035156,4.52400016784668,4.412749767303467,4.505499839782715,245476000
1187,1187,1187,1187,1187,1187,1187,1187,1187,1187,1187,1187,1187,1187,2019-09-20,4.2948832511901855,4.317249774932861,4.446249961853027,4.307000160217285,4.422500133514404,350244000
1188,1188,1188,1188,1188,1188,1188,1188,1188,1188,1188,1188,1188,1188,2019-09-23,4.348353385925293,4.370999813079834,4.416749954223633,4.31374979019165,4.317500114440918,249712000
1189,1189,1189,1189,1189,1189,1189,1189,1189,1189,1189,1189,1189,1189,2019-09-24,4.290903091430664,4.3132500648498535,4.432250022888184,4.277500152587891,4.402500152587891,317268000
1190,1190,1190,1190,1190,1190,1190,1190,1190,1190,1190,1190,1190,1190,2019-09-25,4.4326653480529785,4.455749988555908,4.475500106811523,4.267749786376953,4.312749862670898,308432000
1191,1191,1191,1191,1191,1191,1191,1191,1191,1191,1191,1191,1191,1191,2019-09-26,4.410529136657715,4.433499813079834,4.454750061035156,4.38224983215332,4.446000099182129,234564000
1192,1192,1192,1192,1192,1192,1192,1192,1192,1192,1192,1192,1192,1192,2019-09-27,4.271752834320068,4.294000148773193,4.442500114440918,4.232999801635742,4.391499996185303,362056000
1193,1193,1193,1193,1193,1193,1193,1193,1193,1193,1193,1193,1193,1193,2019-09-30,4.329202651977539,4.351749897003174,4.361999988555908,4.28849983215332,4.320000171661377,186184000
1194,1194,1194,1194,1194,1194,1194,1194,1194,1194,1194,1194,1194,1194,2019-10-01,4.327462196350098,4.349999904632568,4.525000095367432,4.345250129699707,4.375,366008000
1195,1195,1195,1195,1195,1195,1195,1195,1195,1195,1195,1195,1195,1195,2019-10-02,4.303586959838867,4.326000213623047,4.340000152587891,4.2532501220703125,4.328000068664551,293372000
1196,1196,1196,1196,1196,1196,1196,1196,1196,1196,1196,1196,1196,1196,2019-10-03,4.509266376495361,4.532750129699707,4.539000034332275,4.300000190734863,4.33050012588501,450588000
1197,1197,1197,1197,1197,1197,1197,1197,1197,1197,1197,1197,1197,1197,2019-10-04,4.525679111480713,4.54925012588501,4.578750133514404,4.4695000648498535,4.534999847412109,265524000
1198,1198,1198,1198,1198,1198,1198,1198,1198,1198,1198,1198,1198,1198,2019-10-07,4.58437442779541,4.608250141143799,4.708499908447266,4.60575008392334,4.614500045776367,480984000
1199,1199,1199,1199,1199,1199,1199,1199,1199,1199,1199,1199,1199,1199,2019-10-08,4.40779447555542,4.430749893188477,4.515999794006348,4.412499904632568,4.515999794006348,444436000
1200,1200,1200,1200,1200,1200,1200,1200,1200,1200,1200,1200,1200,1200,2019-10-09,4.4943437576293945,4.517749786376953,4.567500114440918,4.479000091552734,4.507999897003174,292412000
1201,1201,1201,1201,1201,1201,1201,1201,1201,1201,1201,1201,1201,1201,2019-10-10,4.552042484283447,4.57574987411499,4.626999855041504,4.510250091552734,4.515500068664551,309124000
1202,1202,1202,1202,1202,1202,1202,1202,1202,1202,1202,1202,1202,1202,2019-10-11,4.625659942626953,4.649750232696533,4.733500003814697,4.641250133514404,4.660250186920166,446404000
1203,1203,1203,1203,1203,1203,1203,1203,1203,1203,1203,1203,1203,1203,2019-10-14,4.639089584350586,4.663249969482422,4.684249877929688,4.609749794006348,4.640999794006348,200040000
1204,1204,1204,1204,1204,1204,1204,1204,1204,1204,1204,1204,1204,1204,2019-10-15,4.883815288543701,4.909249782562256,4.982250213623047,4.739999771118164,4.754000186920166,664124000
1205,1205,1205,1205,1205,1205,1205,1205,1205,1205,1205,1205,1205,1205,2019-10-16,4.830093383789063,4.855249881744385,4.980500221252441,4.84375,4.875,428944000
1206,1206,1206,1206,1206,1206,1206,1206,1206,1206,1206,1206,1206,1206,2019-10-17,4.832084655761719,4.857250213623047,4.945250034332275,4.802499771118164,4.900000095367432,263436000
1207,1207,1207,1207,1207,1207,1207,1207,1207,1207,1207,1207,1207,1207,2019-10-18,4.737576484680176,4.762249946594238,4.890500068664551,4.6875,4.857749938964844,307440000
1208,1208,1208,1208,1208,1208,1208,1208,1208,1208,1208,1208,1208,1208,2019-10-21,4.874860286712647,4.90024995803833,4.913750171661377,4.804999828338623,4.823999881744385,261868000
1209,1209,1209,1209,1209,1209,1209,1209,1209,1209,1209,1209,1209,1209,2019-10-22,4.864912033081055,4.890250205993652,5.0632500648498535,4.882500171661377,4.957499980926514,328720000
1210,1210,1210,1210,1210,1210,1210,1210,1210,1210,1210,1210,1210,1210,2019-10-23,4.851981163024902,4.8772501945495605,4.891499996185303,4.775750160217285,4.807750225067139,279916000
1211,1211,1211,1211,1211,1211,1211,1211,1211,1211,1211,1211,1211,1211,2019-10-24,4.896001815795898,4.921500205993652,4.955249786376953,4.884500026702881,4.918749809265137,232020000
1212,1212,1212,1212,1212,1212,1212,1212,1212,1212,1212,1212,1212,1212,2019-10-25,5.087005615234375,5.113500118255615,5.134500026702881,4.994750022888184,5.002500057220459,423092000
1213,1213,1213,1213,1213,1213,1213,1213,1213,1213,1213,1213,1213,1213,2019-10-28,5.1429643630981445,5.169750213623047,5.222499847412109,5.127999782562256,5.15749979019165,330792000
1214,1214,1214,1214,1214,1214,1214,1214,1214,1214,1214,1214,1214,1214,2019-10-29,5.046717166900635,5.072999954223633,5.16225004196167,5.053500175476074,5.155749797821045,211236000
1215,1215,1215,1215,1215,1215,1215,1215,1215,1215,1215,1215,1215,1215,2019-10-30,5.048705577850342,5.074999809265137,5.10575008392334,5.006499767303467,5.099999904632568,205960000
1216,1216,1216,1216,1216,1216,1216,1216,1216,1216,1216,1216,1216,1216,2019-10-31,4.999462127685547,5.0254998207092285,5.074999809265137,4.945250034332275,5.053999900817871,209732000
1217,1217,1217,1217,1217,1217,1217,1217,1217,1217,1217,1217,1217,1217,2019-11-01,5.038509368896484,5.0647501945495605,5.097249984741211,4.964749813079834,4.989999771118164,283640000
1218,1218,1218,1218,1218,1218,1218,1218,1218,1218,1218,1218,1218,1218,2019-11-04,5.235233783721924,5.262499809265137,5.275000095367432,5.123000144958496,5.146249771118164,376716000
1219,1219,1219,1219,1219,1219,1219,1219,1219,1219,1219,1219,1219,1219,2019-11-05,5.213099002838135,5.240250110626221,5.28849983215332,5.191999912261963,5.262249946594238,300868000
1220,1220,1220,1220,1220,1220,1220,1220,1220,1220,1220,1220,1220,1220,2019-11-06,5.163857936859131,5.1907501220703125,5.2417497634887695,5.102749824523926,5.216000080108643,269012000
1221,1221,1221,1221,1221,1221,1221,1221,1221,1221,1221,1221,1221,1221,2019-11-07,5.181514263153076,5.208499908447266,5.292500019073486,5.16349983215332,5.277750015258789,280340000
1222,1222,1222,1222,1222,1222,1222,1222,1222,1222,1222,1222,1222,1222,2019-11-08,5.167586803436279,5.194499969482422,5.226250171661377,5.153749942779541,5.191500186920166,189100000
1223,1223,1223,1223,1223,1223,1223,1223,1223,1223,1223,1223,1223,1223,2019-11-11,5.177535057067871,5.204500198364258,5.227749824523926,5.10699987411499,5.193749904632568,243436000
1224,1224,1224,1224,1224,1224,1224,1224,1224,1224,1224,1224,1224,1224,2019-11-12,5.213099002838135,5.240250110626221,5.296500205993652,5.207749843597412,5.243000030517578,283504000
1225,1225,1225,1225,1225,1225,1225,1225,1225,1225,1225,1225,1225,1225,2019-11-13,5.187235355377197,5.214250087738037,5.236499786376953,5.147500038146973,5.208749771118164,300188000
1226,1226,1226,1226,1226,1226,1226,1226,1226,1226,1226,1226,1226,1226,2019-11-14,5.217576503753662,5.244750022888184,5.247000217437744,5.163000106811523,5.223249912261963,518080000
1227,1227,1227,1227,1227,1227,1227,1227,1227,1227,1227,1227,1227,1227,2019-11-15,5.078303813934326,5.104750156402588,5.29449987411499,5.015999794006348,5.242499828338623,1053628000
1228,1228,1228,1228,1228,1228,1228,1228,1228,1228,1228,1228,1228,1228,2019-11-18,5.279504776000977,5.307000160217285,5.333749771118164,5.094250202178955,5.097249984741211,574588000
1229,1229,1229,1229,1229,1229,1229,1229,1229,1229,1229,1229,1229,1229,2019-11-19,5.172810077667236,5.199749946594238,5.299499988555908,5.141250133514404,5.275750160217285,414564000
1230,1230,1230,1230,1230,1230,1230,1230,1230,1230,1230,1230,1230,1230,2019-11-20,5.252146244049072,5.2795000076293945,5.363749980926514,5.164000034332275,5.176750183105469,472588000
1231,1231,1231,1231,1231,1231,1231,1231,1231,1231,1231,1231,1231,1231,2019-11-21,5.227274417877197,5.254499912261963,5.330999851226807,5.232749938964844,5.275000095367432,288388000
1232,1232,1232,1232,1232,1232,1232,1232,1232,1232,1232,1232,1232,1232,2019-11-22,5.244935035705566,5.272250175476074,5.323999881744385,5.248499870300293,5.277249813079834,224100000
1233,1233,1233,1233,1233,1233,1233,1233,1233,1233,1233,1233,1233,1233,2019-11-25,5.501596927642822,5.530250072479248,5.535250186920166,5.388000011444092,5.401000022888184,506476000
1234,1234,1234,1234,1234,1234,1234,1234,1234,1234,1234,1234,1234,1234,2019-11-26,5.39689302444458,5.425000190734863,5.517250061035156,5.418499946594238,5.512499809265137,385244000
1235,1235,1235,1235,1235,1235,1235,1235,1235,1235,1235,1235,1235,1235,2019-11-27,5.431736946105957,5.455999851226807,5.50124979019165,5.429500102996826,5.466750144958496,215784000
1236,1236,1236,1236,1236,1236,1236,1236,1236,1236,1236,1236,1236,1236,2019-11-29,5.394402503967285,5.418499946594238,5.453499794006348,5.394499778747559,5.425000190734863,141556000
1237,1237,1237,1237,1237,1237,1237,1237,1237,1237,1237,1237,1237,1237,2019-12-02,5.207986354827881,5.231249809265137,5.425000190734863,5.216000080108643,5.411499977111816,372036000
1238,1238,1238,1238,1238,1238,1238,1238,1238,1238,1238,1238,1238,1238,2019-12-03,5.168413639068604,5.191500186920166,5.195499897003174,5.009250164031982,5.046750068664551,465232000
1239,1239,1239,1239,1239,1239,1239,1239,1239,1239,1239,1239,1239,1239,2019-12-04,5.212216854095459,5.235499858856201,5.297999858856201,5.20674991607666,5.2754998207092285,273424000
1240,1240,1240,1240,1240,1240,1240,1240,1240,1240,1240,1240,1240,1240,2019-12-05,5.195292949676514,5.218500137329102,5.273250102996826,5.187749862670898,5.257500171661377,184884000
1241,1241,1241,1241,1241,1241,1241,1241,1241,1241,1241,1241,1241,1241,2019-12-06,5.280661582946777,5.3042497634887695,5.337250232696533,5.277999877929688,5.288000106811523,232236000
1242,1242,1242,1242,1242,1242,1242,1242,1242,1242,1242,1242,1242,1242,2019-12-09,5.280661582946777,5.3042497634887695,5.359250068664551,5.272500038146973,5.28125,211880000
1243,1243,1243,1243,1243,1243,1243,1243,1243,1243,1243,1243,1243,1243,2019-12-10,5.325711250305176,5.349500179290772,5.401500225067139,5.281499862670898,5.334499835968018,256388000
1244,1244,1244,1244,1244,1244,1244,1244,1244,1244,1244,1244,1244,1244,2019-12-11,5.409336566925049,5.433499813079834,5.439000129699707,5.357500076293945,5.360000133514404,233796000
1245,1245,1245,1245,1245,1245,1245,1245,1245,1245,1245,1245,1245,1245,2019-12-12,5.576838493347168,5.601749897003174,5.619999885559082,5.395500183105469,5.4045000076293945,404348000
1246,1246,1246,1246,1246,1246,1246,1246,1246,1246,1246,1246,1246,1246,2019-12-13,5.574847221374512,5.59975004196167,5.724500179290772,5.545499801635742,5.604750156402588,454704000
1247,1247,1247,1247,1247,1247,1247,1247,1247,1247,1247,1247,1247,1247,2019-12-16,5.603718280792236,5.628749847412109,5.701499938964844,5.6192498207092285,5.647500038146973,320976000
1248,1248,1248,1248,1248,1248,1248,1248,1248,1248,1248,1248,1248,1248,2019-12-17,5.6818695068359375,5.707250118255615,5.730000019073486,5.638000011444092,5.647500038146973,321196000
1249,1249,1249,1249,1249,1249,1249,1249,1249,1249,1249,1249,1249,1249,2019-12-18,5.712234020233154,5.737750053405762,5.798500061035156,5.733749866485596,5.742249965667725,343548000
1250,1250,1250,1250,1250,1250,1250,1250,1250,1250,1250,1250,1250,1250,2019-12-19,5.860321521759033,5.886499881744385,5.900000095367432,5.767499923706055,5.772500038146973,445360000
1251,1251,1251,1251,1251,1251,1251,1251,1251,1251,1251,1251,1251,1251,2019-12-20,5.957636833190918,5.984250068664551,6.009749889373779,5.934000015258789,5.953249931335449,603044000
1252,1252,1252,1252,1252,1252,1252,1252,1252,1252,1252,1252,1252,1252,2019-12-23,5.943949699401856,5.9704999923706055,6.045249938964844,5.959750175476074,6.013000011444092,355060000
1253,1253,1253,1253,1253,1253,1253,1253,1253,1253,1253,1253,1253,1253,2019-12-24,5.938970565795898,5.965499877929688,5.982749938964844,5.920499801635742,5.954999923706055,138864000
1254,1254,1254,1254,1254,1254,1254,1254,1254,1254,1254,1254,1254,1254,2019-12-26,5.953158378601074,5.979750156402588,6.007999897003174,5.949999809265137,5.968999862670898,182852000
1255,1255,1255,1255,1255,1255,1255,1255,1255,1255,1255,1255,1255,1255,2019-12-27,5.895415306091309,5.921750068664551,6.008500099182129,5.895249843597412,5.994999885559082,254644000
1256,1256,1256,1256,1256,1256,1256,1256,1256,1256,1256,1256,1256,1256,2019-12-30,5.782171726226807,5.808000087738037,5.90500020980835,5.776500225067139,5.899750232696533,258056000
1257,1257,1257,1257,1257,1257,1257,1257,1257,1257,1257,1257,1257,1257,2019-12-31,5.856340408325195,5.882500171661377,5.892000198364258,5.7532501220703125,5.772500038146973,231004000
