date,adjclose,close,high,low,open,volume
2015-01-02,0.4830113649368286,0.503250002861023,0.5070000290870667,0.4952499866485595,0.503250002861023,113680000
2015-01-05,0.4748531281948089,0.4947499930858612,0.5047500133514404,0.4925000071525574,0.503250002861023,197952000
2015-01-06,0.4604564309120178,0.4797500073909759,0.4959999918937683,0.4792500138282776,0.4954999983310699,197764000
2015-01-07,0.4592567980289459,0.4785000085830688,0.4875000119209289,0.4769999980926513,0.4832499921321869,321808000
2015-01-08,0.476532906293869,0.4964999854564667,0.4995000064373016,0.4837499856948852,0.4839999973773956,283780000
2015-01-09,0.4784525334835052,0.4984999895095825,0.5022500157356262,0.4914999902248382,0.4982500076293945,209540000
2015-01-12,0.4724538326263428,0.492249995470047,0.5,0.4877499938011169,0.4997499883174896,190732000
2015-01-13,0.4717339277267456,0.4914999902248382,0.5059999823570251,0.4880000054836273,0.4959999918937683,236720000
2015-01-14,0.4736536145210266,0.4934999942779541,0.4950000047683716,0.4850000143051147,0.4862500131130218,155260000
2015-01-15,0.4702942967414856,0.4900000095367431,0.5,0.4897499978542328,0.4970000088214874,188932000
2015-01-16,0.4789323508739471,0.4990000128746032,0.4995000064373016,0.4877499938011169,0.4892500042915344,181512000
2015-01-20,0.4803720116615295,0.5005000233650208,0.5052499771118164,0.4942499995231628,0.5024999976158142,140308000
2015-01-21,0.4870904088020324,0.5074999928474426,0.5087500214576721,0.4942499995231628,0.4977500140666961,144780000
2015-01-22,0.4954884946346283,0.5162500143051147,0.5177500247955322,0.503250002861023,0.5084999799728394,159712000
2015-01-23,0.4969282746315002,0.5177500247955322,0.518750011920929,0.512499988079071,0.5167499780654907,120416000
2015-01-26,0.4947688281536102,0.515500009059906,0.5180000066757202,0.5122500061988831,0.515500009059906,133240000
2015-01-27,0.4710141718387604,0.4907500147819519,0.5080000162124634,0.4897499978542328,0.5074999928474426,357948000
2015-01-28,0.4633358418941498,0.4827499985694885,0.4987500011920929,0.4824999868869781,0.496749997138977,272728000
2015-01-29,0.4746133685111999,0.4945000112056732,0.4972499907016754,0.4807499945163727,0.4830000102519989,235340000
2015-01-30,0.4606964588165283,0.4799999892711639,0.496749997138977,0.4792500138282776,0.4909999966621399,298200000
2015-02-02,0.4707741737365722,0.4905000030994415,0.4925000071525574,0.4735000133514404,0.4830000102519989,259604000
2015-02-03,0.4825315177440643,0.5027499794960022,0.503250002861023,0.4914999902248382,0.4939999878406524,183468000
2015-02-04,0.4837312996387481,0.5040000081062317,0.5097500085830688,0.4997499883174896,0.5012500286102295,181516000
2015-02-05,0.4916494488716125,0.5122500061988831,0.512499988079071,0.5040000081062317,0.5044999718666077,140448000
2015-02-06,0.4894900023937225,0.5099999904632568,0.5177500247955322,0.5077499747276306,0.5117499828338623,210524000
2015-02-09,0.4890100359916687,0.5095000267028809,0.5109999775886536,0.5037500262260437,0.5070000290870667,273944000
2015-02-10,0.5026869773864746,0.5237500071525574,0.5239999890327454,0.5077499747276306,0.5099999904632568,226204000
2015-02-11,0.4993279278278351,0.5202500224113464,0.5249999761581421,0.5167499780654907,0.5249999761581421,320832000
2015-02-12,0.5350797772407532,0.5575000047683716,0.5625,0.546750009059906,0.550000011920929,676904000
2015-02-13,0.5353195071220398,0.5577499866485596,0.5584999918937683,0.5477499961853027,0.5562499761581421,310084000
2015-02-17,0.5369992852210999,0.559499979019165,0.562250018119812,0.5532500147819519,0.5567499995231628,203340000
2015-02-18,0.5307607650756836,0.5529999732971191,0.5597500205039978,0.5519999861717224,0.5587499737739563,170948000
2015-02-19,0.5322003960609436,0.5544999837875366,0.5609999895095825,0.5519999861717224,0.5600000023841858,169432000
2015-02-20,0.5360394716262817,0.5584999918937683,0.5587499737739563,0.550000011920929,0.5540000200271606,157752000
2015-02-23,0.5317204594612122,0.5540000200271606,0.5582500100135803,0.5512499809265137,0.5582500100135803,125008000
2015-02-24,0.5373808145523071,0.5577499866485596,0.5577499866485596,0.5490000247955322,0.5540000200271606,149356000
2015-02-25,0.5332860350608826,0.5534999966621399,0.5580000281333923,0.5509999990463257,0.5554999709129333,123820000
2015-02-26,0.5347312688827515,0.5550000071525574,0.5582500100135803,0.5504999756813049,0.5540000200271606,152864000
2015-02-27,0.5313591957092285,0.5515000224113464,0.5547500252723694,0.5494999885559082,0.5534999966621399,157492000
2015-03-02,0.5443661212921143,0.5649999976158142,0.5680000185966492,0.5492500066757202,0.550000011920929,301512000
2015-03-03,0.5342495441436768,0.5544999837875366,0.5634999871253967,0.5527499914169312,0.5607500076293945,160344000
2015-03-04,0.540271520614624,0.5607500076293945,0.5619999766349792,0.5502499938011169,0.5525000095367432,226840000
2015-03-05,0.5506288409233093,0.5715000033378601,0.5724999904632568,0.559249997138977,0.5607500076293945,323056000
2015-03-06,0.5431619882583618,0.5637500286102295,0.5709999799728394,0.5632500052452087,0.5682500004768372,257392000
2015-03-09,0.5446071028709412,0.5652499794960022,0.5695000290870667,0.562749981880188,0.5640000104904175,222388000
2015-03-10,0.5540008544921875,0.574999988079071,0.5787500143051147,0.5667499899864197,0.5677499771118164,527212000
2015-03-11,0.5511103868484497,0.5720000267028809,0.5824999809265137,0.5705000162124634,0.574999988079071,262120000
2015-03-12,0.5460522174835205,0.5667499899864197,0.5707499980926514,0.5559999942779541,0.5665000081062317,406972000
2015-03-13,0.5467748045921326,0.5674999952316284,0.5690000057220459,0.5562499761581421,0.5640000104904175,359288000
2015-03-16,0.5532783269882202,0.5742499828338623,0.577750027179718,0.5682500004768372,0.5720000267028809,236956000
2015-03-17,0.5600225925445557,0.581250011920929,0.5814999938011169,0.5690000057220459,0.5730000138282776,299900000
2015-03-18,0.5508695840835571,0.5717499852180481,0.5842499732971191,0.5665000081062317,0.581250011920929,413844000
2015-03-19,0.5593001246452332,0.5805000066757202,0.5824999809265137,0.5695000290870667,0.5737500190734863,310756000
2015-03-20,0.5653219223022461,0.5867499709129333,0.5902500152587891,0.5797500014305115,0.5852500200271606,462084000
2015-03-23,0.5470155477523804,0.5677499771118164,0.5767499804496765,0.5674999952316284,0.5692499876022339,426012000
2015-03-24,0.5395486950874329,0.5600000023841858,0.5699999928474426,0.5575000047683716,0.5659999847412109,330480000
2015-03-25,0.506790280342102,0.5260000228881836,0.5597500205039978,0.5242499709129333,0.5597500205039978,542552000
2015-03-26,0.5051043033599854,0.5242499709129333,0.5264999866485596,0.5115000009536743,0.515250027179718,311920000
2015-03-27,0.5149800181388855,0.534500002861023,0.5364999771118164,0.518750011920929,0.5272499918937683,318288000
2015-03-30,0.5171480774879456,0.5367500185966492,0.5394999980926514,0.5299999713897705,0.5370000004768372,253252000
2015-03-31,0.5041408538818359,0.5232499837875366,0.5357499718666077,0.5227500200271606,0.5352500081062317,357276000
2015-04-01,0.5060678124427795,0.5252500176429749,0.5270000100135803,0.5162500143051147,0.5252500176429749,330768000
2015-04-02,0.5072722434997559,0.5264999866485596,0.5297499895095825,0.5220000147819519,0.528249979019165,192204000
2015-04-06,0.5219652056694031,0.5417500138282776,0.5435000061988831,0.518750011920929,0.5242499709129333,515864000
2015-04-07,0.5265419483184814,0.546500027179718,0.5525000095367432,0.5387499928474426,0.5417500138282776,413964000
2015-04-08,0.5303956270217896,0.5504999756813049,0.5525000095367432,0.5417500138282776,0.546999990940094,366432000
2015-04-09,0.5426801443099976,0.5632500052452087,0.5649999976158142,0.5460000038146973,0.5462499856948853,379432000
2015-04-10,0.5482199192047119,0.5690000057220459,0.5692499876022339,0.5617499947547913,0.5637500286102295,258728000
2015-04-13,0.5431619882583618,0.5637500286102295,0.5709999799728394,0.5612499713897705,0.5677499771118164,236724000
2015-04-14,0.5385851860046387,0.5590000152587891,0.5637500286102295,0.5534999966621399,0.5615000128746033,220276000
2015-04-15,0.5450888276100159,0.565750002861023,0.5699999928474426,0.5577499866485596,0.5605000257492065,243560000
2015-04-16,0.5417166948318481,0.562250018119812,0.5672500133514404,0.5582500100135803,0.5625,155284000
2015-04-17,0.5347312688827515,0.5550000071525574,0.5605000257492065,0.5502499938011169,0.5504999756813049,293636000
2015-04-20,0.5320817232131958,0.5522500276565552,0.5609999895095825,0.5512499809265137,0.5575000047683716,231624000
2015-04-21,0.5313591957092285,0.5515000224113464,0.5590000152587891,0.5487499833106995,0.5590000152587891,230456000
2015-04-22,0.5373808145523071,0.5577499866485596,0.5584999918937683,0.5462499856948853,0.5547500252723694,207420000
2015-04-23,0.5352131128311157,0.5554999709129333,0.5607500076293945,0.5412499904632568,0.5475000143051147,259380000
2015-04-24,0.5306364893913269,0.5507500171661377,0.5554999709129333,0.5444999933242798,0.5552499890327454,240960000
2015-04-27,0.5347312688827515,0.5550000071525574,0.5647500157356262,0.5477499961853027,0.5525000095367432,248456000
2015-04-28,0.5373808145523071,0.5577499866485596,0.5597500205039978,0.5487499833106995,0.5540000200271606,234484000
2015-04-29,0.5332860350608826,0.5534999966621399,0.559249997138977,0.5512499809265137,0.5537499785423279,195156000
2015-04-30,0.5347312688827515,0.5550000071525574,0.5577499866485596,0.5494999885559082,0.5507500171661377,218844000
2015-05-01,0.5479791760444641,0.5687500238418579,0.5705000162124634,0.5569999814033508,0.559499979019165,256968000
2015-05-04,0.5446071028709412,0.5652499794960022,0.5720000267028809,0.5634999871253967,0.5682500004768372,200720000
2015-05-05,0.5306364893913269,0.5507500171661377,0.5640000104904175,0.5482500195503235,0.5632500052452087,292928000
2015-05-06,0.5323225855827332,0.5525000095367432,0.5590000152587891,0.5452499985694885,0.5537499785423279,316484000
2015-05-07,0.5417166948318481,0.562250018119812,0.5640000104904175,0.5485000014305115,0.5502499938011169,534564000
2015-05-08,0.5017319917678833,0.5207499861717224,0.5460000038146973,0.5122500061988831,0.5252500176429749,1146552000
2015-05-11,0.4969149231910705,0.515749990940094,0.5210000276565552,0.5095000267028809,0.5134999752044678,544144000
2015-05-12,0.5017319917678833,0.5207499861717224,0.5249999761581421,0.5117499828338623,0.5120000243186951,388800000
2015-05-13,0.5046226382255554,0.5237500071525574,0.5285000205039978,0.518750011920929,0.5245000123977661,308524000
2015-05-14,0.5128121972084045,0.5322499871253967,0.5350000262260437,0.5239999890327454,0.5252500176429749,293052000
2015-05-15,0.5130531191825867,0.5325000286102295,0.5370000004768372,0.5292500257492065,0.534500002861023,215824000
2015-05-18,0.5123304128646851,0.5317500233650208,0.5350000262260437,0.5287500023841858,0.53125,324972000
2015-05-19,0.5091362595558167,0.5260000228881836,0.5317500233650208,0.5249999761581421,0.5299999713897705,253808000
2015-05-20,0.5091362595558167,0.5260000228881836,0.5325000286102295,0.5254999995231628,0.5262500047683716,196824000
2015-05-21,0.5055064558982849,0.5222499966621399,0.5285000205039978,0.5217499732971191,0.5262500047683716,239692000
2015-05-22,0.5047804713249207,0.5214999914169312,0.5254999995231628,0.5202500224113464,0.5235000252723694,212592000
2015-05-26,0.501634418964386,0.5182499885559082,0.5224999785423279,0.5142499804496765,0.5189999938011169,259732000
2015-05-27,0.5284950137138367,0.5460000038146973,0.5485000014305115,0.5199999809265137,0.5217499732971191,432332000
2015-05-28,0.5357545018196106,0.5534999966621399,0.5552499890327454,0.5450000166893005,0.5460000038146973,327656000
2015-05-29,0.5355126261711121,0.5532500147819519,0.5569999814033508,0.5525000095367432,0.5534999966621399,335168000
2015-06-01,0.5415621399879456,0.559499979019165,0.5649999976158142,0.5532500147819519,0.5567499995231628,372660000
2015-06-02,0.5309150218963623,0.5485000014305115,0.5590000152587891,0.5479999780654907,0.5559999942779541,224304000
2015-06-03,0.525107204914093,0.5425000190734863,0.5542500019073486,0.5414999723434448,0.550000011920929,250788000
2015-06-04,0.5345445871353149,0.5522500276565552,0.5540000200271606,0.5392500162124634,0.5392500162124634,323712000
2015-06-05,0.5386583805084229,0.5565000176429749,0.5590000152587891,0.5447499752044678,0.5504999756813049,313320000
2015-06-08,0.5263171195983887,0.543749988079071,0.5584999918937683,0.5375000238418579,0.5547500252723694,342812000
2015-06-09,0.5289790034294128,0.546500027179718,0.5504999756813049,0.5432500243186951,0.5442500114440918,256888000
2015-06-10,0.5195416808128357,0.5367500185966492,0.5435000061988831,0.5337499976158142,0.5400000214576721,529460000
2015-06-11,0.525107204914093,0.5425000190734863,0.5462499856948853,0.5367500185966492,0.5367500185966492,283052000
2015-06-12,0.5108301043510437,0.5277500152587891,0.5422499775886536,0.5264999866485596,0.5389999747276306,323728000
2015-06-15,0.5098622441291809,0.5267500281333923,0.5292500257492065,0.5210000276565552,0.5249999761581421,306548000
2015-06-16,0.5161536931991577,0.5332499742507935,0.5339999794960022,0.5205000042915344,0.5257499814033508,256892000
2015-06-17,0.5222033262252808,0.5394999980926514,0.5425000190734863,0.5317500233650208,0.5329999923706055,233544000
2015-06-18,0.5309150218963623,0.5485000014305115,0.5519999861717224,0.5425000190734863,0.5440000295639038,299404000
2015-06-19,0.5292208790779114,0.546750009059906,0.5529999732971191,0.5417500138282776,0.5485000014305115,355656000
2015-06-22,0.5270432829856873,0.5444999933242798,0.5507500171661377,0.5362499952316284,0.5477499961853027,514236000
2015-06-23,0.5134919285774231,0.5304999947547913,0.5497499704360962,0.5262500047683716,0.5454999804496765,414064000
2015-06-24,0.5084100961685181,0.5252500176429749,0.5325000286102295,0.5227500200271606,0.5297499895095825,253368000
2015-06-25,0.5122820734977722,0.5292500257492065,0.5325000286102295,0.5252500176429749,0.5252500176429749,350460000
2015-06-26,0.5018767714500427,0.5184999704360962,0.5254999995231628,0.5162500143051147,0.5249999761581421,421296000
2015-06-29,0.4868737161159515,0.503000020980835,0.5177500247955322,0.5022500157356262,0.512499988079071,391724000
2015-06-30,0.4866316020488739,0.5027499794960022,0.5082499980926514,0.4992499947547912,0.5059999823570251,315916000
2015-07-01,0.4936491847038269,0.5099999904632568,0.5224999785423279,0.5055000185966492,0.515250027179718,302892000
2015-07-02,0.4941331446170807,0.5105000138282776,0.5137500166893005,0.5072500109672546,0.5097500085830688,145764000
2015-07-06,0.4880834519863128,0.5042499899864197,0.5132499933242798,0.5005000233650208,0.5062500238418579,214776000
2015-07-07,0.4788880050182342,0.4947499930858612,0.503250002861023,0.4790000021457672,0.5012500286102295,594252000
2015-07-08,0.4755004048347473,0.4912500083446502,0.4950000047683716,0.4872500002384186,0.492000013589859,332492000
2015-07-09,0.4696926772594452,0.4852499961853027,0.5012500286102295,0.4822500050067901,0.4990000128746032,357588000
2015-07-10,0.4779202044010162,0.4937500059604645,0.4982500076293945,0.4902499914169311,0.4914999902248382,216708000
2015-07-13,0.4810659885406494,0.4970000088214874,0.4997499883174896,0.4937500059604645,0.4987500011920929,212472000
2015-07-14,0.4813078939914703,0.4972499907016754,0.4982500076293945,0.4907500147819519,0.4977500140666961,249216000
2015-07-15,0.4779202044010162,0.4937500059604645,0.4992499947547912,0.4892500042915344,0.4959999918937683,265732000
2015-07-16,0.4885674715042114,0.5047500133514404,0.5047500133514404,0.4950000047683716,0.496749997138977,282848000
2015-07-17,0.4856636822223663,0.5017499923706055,0.5034999847412109,0.4952499866485595,0.503000020980835,220372000
2015-07-20,0.4767102897167206,0.4925000071525574,0.5037500262260437,0.4912500083446502,0.5017499923706055,188412000
2015-07-21,0.4788880050182342,0.4947499930858612,0.5017499923706055,0.4914999902248382,0.4914999902248382,149720000
2015-07-22,0.4696926772594452,0.4852499961853027,0.4912500083446502,0.4792500138282776,0.4912500083446502,356472000
2015-07-23,0.4755004048347473,0.4912500083446502,0.4984999895095825,0.4852499961853027,0.4862500131130218,169916000
2015-07-24,0.4699345827102661,0.4855000078678131,0.4952499866485595,0.4835000038146972,0.4947499930858612,188844000
2015-07-27,0.4672728180885315,0.4827499985694885,0.4882499873638153,0.4772500097751617,0.481249988079071,192420000
2015-07-28,0.4774361252784729,0.4932500123977661,0.4964999854564667,0.4790000021457672,0.4839999973773956,198308000
2015-07-29,0.483243852853775,0.4992499947547912,0.503250002861023,0.4902499914169311,0.492249995470047,232680000
2015-07-30,0.4844537675380707,0.5005000233650208,0.5055000185966492,0.4979999959468841,0.4979999959468841,190180000
2015-07-31,0.4827598929405212,0.4987500011920929,0.5027499794960022,0.4957500100135803,0.5024999976158142,218340000
2015-08-03,0.4909873902797699,0.5072500109672546,0.5077499747276306,0.4962500035762787,0.5027499794960022,397132000
2015-08-04,0.4929232597351074,0.5092499852180481,0.5107499957084656,0.5034999847412109,0.5055000185966492,260100000
2015-08-05,0.4980049133300781,0.5145000219345093,0.5222499966621399,0.5134999752044678,0.5217499732971191,234628000
2015-08-06,0.4948591887950897,0.5112500190734863,0.5170000195503235,0.5027499794960022,0.5132499933242798,655676000
2015-08-07,0.5560812950134277,0.5745000243186951,0.5842499732971191,0.546999990940094,0.5615000128746033,1405248000
2015-08-10,0.575439989566803,0.5945000052452087,0.5987499952316284,0.5669999718666077,0.5705000162124634,662304000
2015-08-11,0.5725361108779907,0.5914999842643738,0.5972499847412109,0.5857499837875366,0.5857499837875366,435008000
2015-08-12,0.5739880800247192,0.5929999947547913,0.5972499847412109,0.5820000171661377,0.5820000171661377,384048000
2015-08-13,0.5691485404968262,0.5879999995231628,0.5950000286102295,0.5864999890327454,0.59375,276884000
2015-08-14,0.5696325302124023,0.5885000228881836,0.5920000076293945,0.5839999914169312,0.5874999761581421,214652000
2015-08-17,0.5660027861595154,0.5847499966621399,0.5874999761581421,0.5774999856948853,0.5874999761581421,273880000
2015-08-18,0.5608509182929993,0.5770000219345093,0.5845000147819519,0.5724999904632568,0.5805000066757202,287084000
2015-08-19,0.5586639046669006,0.5747500061988831,0.5827500224113464,0.5684999823570251,0.5762500166893005,249248000
2015-08-20,0.5384948253631592,0.5540000200271606,0.5709999799728394,0.5512499809265137,0.5682500004768372,426932000
2015-08-21,0.5217278003692627,0.5367500185966492,0.559249997138977,0.5362499952316284,0.550000011920929,382664000
2015-08-24,0.5032592415809631,0.5177500247955322,0.5457500219345093,0.5,0.5067499876022339,682284000
2015-08-25,0.4928101301193237,0.5070000290870667,0.5425000190734863,0.5070000290870667,0.5404999852180481,622684000
2015-08-26,0.52998948097229,0.5452499985694885,0.5457500219345093,0.5195000171661377,0.5235000252723694,614976000
2015-08-27,0.5499159097671509,0.565750002861023,0.5659999847412109,0.5477499961853027,0.5509999990463257,463764000
2015-08-28,0.5523459911346436,0.5682500004768372,0.5717499852180481,0.5617499947547913,0.565750002861023,320944000
2015-08-31,0.5462706089019775,0.5619999766349792,0.5695000290870667,0.5597500205039978,0.565500020980835,219352000
2015-09-01,0.5239144563674927,0.5389999747276306,0.5550000071525574,0.5350000262260437,0.5457500219345093,353408000
2015-09-02,0.5397098660469055,0.5552499890327454,0.5554999709129333,0.5444999933242798,0.5537499785423279,344044000
2015-09-03,0.5411678552627563,0.5567499995231628,0.5662500262260437,0.5557500123977661,0.5634999871253967,262556000
2015-09-04,0.5285316109657288,0.543749988079071,0.5559999942779541,0.5435000061988831,0.547249972820282,287972000
2015-09-08,0.5511308312416077,0.5669999718666077,0.5692499876022339,0.5547500252723694,0.5569999814033508,238448000
2015-09-09,0.5401958227157593,0.5557500123977661,0.5734999775886536,0.5544999837875366,0.5687500238418579,289392000
2015-09-10,0.548700749874115,0.5644999742507935,0.5715000033378601,0.550000011920929,0.5525000095367432,357076000
2015-09-11,0.5504018664360046,0.5662500262260437,0.5699999928474426,0.5559999942779541,0.5582500100135803,301584000
2015-09-14,0.5513740181922913,0.5672500133514404,0.5707499980926514,0.5642499923706055,0.5690000057220459,192460000
2015-09-15,0.55744868516922,0.5734999775886536,0.5764999985694885,0.565750002861023,0.5674999952316284,327976000
2015-09-16,0.5613369345664978,0.5774999856948853,0.5807499885559082,0.5682500004768372,0.5724999904632568,173508000
2015-09-17,0.5664401054382324,0.5827500224113464,0.5927500128746033,0.5814999938011169,0.5874999761581421,268712000
2015-09-18,0.5659541487693787,0.5822499990463257,0.5872499942779541,0.5712500214576721,0.5747500061988831,326412000
2015-09-21,0.5717862844467163,0.5882499814033508,0.5895000100135803,0.5799999833106995,0.5830000042915344,281840000
2015-09-22,0.5562338829040527,0.5722500085830688,0.5795000195503235,0.5692499876022339,0.5755000114440918,228356000
2015-09-23,0.5589068531990051,0.574999988079071,0.578499972820282,0.5705000162124634,0.5727499723434448,161632000
2015-09-24,0.5695993304252625,0.5860000252723694,0.5920000076293945,0.5625,0.5715000033378601,382440000
2015-09-25,0.5737301707267761,0.5902500152587891,0.6017500162124634,0.5845000147819519,0.5932499766349792,369692000
2015-09-28,0.5661971569061279,0.5824999809265137,0.593999981880188,0.5787500143051147,0.5902500152587891,395584000
2015-09-29,0.5761604309082031,0.5927500128746033,0.59375,0.5805000066757202,0.5887500047683716,380736000
2015-09-30,0.599002480506897,0.6162499785423279,0.6169999837875366,0.5947499871253967,0.5982499718666077,556380000
2015-10-01,0.5873385667800903,0.6042500138282776,0.6179999709129333,0.5867499709129333,0.6162499785423279,489296000
2015-10-02,0.6026479005813599,0.6200000047683716,0.6200000047683716,0.5947499871253967,0.6010000109672546,386144000
2015-10-05,0.6177137494087219,0.6355000138282776,0.6432499885559082,0.6207500100135803,0.6240000128746033,482024000
2015-10-06,0.6257328987121582,0.643750011920929,0.6464999914169312,0.6262500286102295,0.6287500262260437,453216000
2015-10-07,0.6322939991950989,0.6504999995231628,0.6570000052452087,0.6347500085830688,0.6452500224113464,310152000
2015-10-08,0.6359390020370483,0.6542500257492065,0.656000018119812,0.6367499828338623,0.6477500200271606,460068000
2015-10-09,0.6335089206695557,0.6517500281333923,0.6570000052452087,0.6395000219345093,0.6507499814033508,423248000
2015-10-12,0.6403131484985352,0.6587499976158142,0.6625000238418579,0.6477500200271606,0.6524999737739563,227588000
2015-10-13,0.6415280699729919,0.6600000262260437,0.6639999747276306,0.6512500047683716,0.6535000205039978,298444000
2015-10-14,0.6648563146591187,0.6840000152587891,0.6947500109672546,0.6600000262260437,0.6607499718666077,612148000
2015-10-15,0.6665570735931396,0.6857500076293945,0.6997500061988831,0.6782500147819519,0.6852499842643738,526048000
2015-10-16,0.6770066618919373,0.6965000033378601,0.703000009059906,0.6862499713897705,0.6880000233650208,448396000
2015-10-19,0.6757915019989014,0.6952499747276306,0.7020000219345093,0.687250018119812,0.6987500190734863,294712000
2015-10-20,0.6748195886611938,0.6942499876022339,0.6974999904632568,0.6869999766349792,0.6922500133514404,264824000
2015-10-21,0.6660712361335754,0.6852499842643738,0.702750027179718,0.6840000152587891,0.6984999775886536,386280000
2015-10-22,0.690128743648529,0.7099999785423279,0.7122499942779541,0.6922500133514404,0.6932500004768372,306884000
2015-10-23,0.6947457790374756,0.7147499918937683,0.7195000052452087,0.7055000066757202,0.7162500023841858,381776000
2015-10-26,0.6915866136550903,0.7114999890327454,0.7170000076293945,0.7049999833106995,0.7152500152587891,247436000
2015-10-27,0.6911006569862366,0.7110000252723694,0.715499997138977,0.7074999809265137,0.7080000042915344,208268000
2015-10-28,0.6966896057128906,0.7167500257492065,0.7167500257492065,0.7049999833106995,0.715499997138977,217036000
2015-10-29,0.6726325154304504,0.6919999718666077,0.7124999761581421,0.690750002861023,0.7052500247955322,327168000
2015-10-30,0.6893996000289917,0.7092499732971191,0.7142500281333923,0.6942499876022339,0.6995000243186951,301160000
2015-11-02,0.697418749332428,0.7174999713897705,0.7182499766349792,0.7072499990463257,0.7114999890327454,190088000
2015-11-03,0.692558765411377,0.7124999761581421,0.7172499895095825,0.7045000195503235,0.7132499814033508,376768000
2015-11-04,0.6811374425888062,0.7007499933242798,0.715749979019165,0.6974999904632568,0.7105000019073486,442264000
2015-11-05,0.6733613610267639,0.6927499771118164,0.706250011920929,0.690750002861023,0.7042499780654907,478800000
2015-11-06,0.7666746377944946,0.7887499928474426,0.7985000014305115,0.7455000281333923,0.7612500190734863,1172272000
2015-11-09,0.7632725238800049,0.7852500081062317,0.7875000238418579,0.7742499709129333,0.781000018119812,492568000
2015-11-10,0.7486923336982727,0.7702500224113464,0.7792500257492065,0.7537500262260437,0.7749999761581421,552260000
2015-11-11,0.741402268409729,0.7627500295639038,0.7762500047683716,0.7599999904632568,0.7707499861717224,619896000
2015-11-12,0.7387293577194214,0.7599999904632568,0.7680000066757202,0.7567499876022339,0.7609999775886536,291080000
2015-11-13,0.7241490483283997,0.7450000047683716,0.7639999985694885,0.7412499785423279,0.7607499957084656,292940000
2015-11-16,0.7387293577194214,0.7599999904632568,0.7605000138282776,0.7487499713897705,0.7547500133514404,344280000
2015-11-17,0.7387293577194214,0.7599999904632568,0.7664999961853027,0.7567499876022339,0.7620000243186951,257048000
2015-11-18,0.7569018602371216,0.7757499814033508,0.7767500281333923,0.7519999742507935,0.7602499723434448,350216000
2015-11-19,0.7590968012809753,0.777999997138977,0.7857499718666077,0.7722499966621399,0.7785000205039978,254072000
2015-11-20,0.7656830549240112,0.7847499847412109,0.7892500162124634,0.7789999842643738,0.7837499976158142,239744000
2015-11-23,0.7542183995246887,0.7730000019073486,0.7912499904632568,0.7702500224113464,0.7912499904632568,242552000
2015-11-24,0.760316789150238,0.7792500257492065,0.7860000133514404,0.7695000171661377,0.7730000019073486,195428000
2015-11-25,0.7593410015106201,0.778249979019165,0.7870000004768372,0.7754999995231628,0.7777500152587891,138300000
2015-11-27,0.7656830549240112,0.7847499847412109,0.7872499823570251,0.7757499814033508,0.7797499895095825,86996000
2015-11-30,0.7737324833869934,0.7929999828338623,0.796500027179718,0.7847499847412109,0.7854999899864197,327244000
2015-12-01,0.7988569736480713,0.8187500238418579,0.8195000290870667,0.7992500066757202,0.800000011920929,409496000
2015-12-02,0.7927587628364563,0.8125,0.828499972820282,0.8107500076293945,0.8199999928474426,294240000
2015-12-03,0.79105144739151,0.8107500076293945,0.8274999856948853,0.8067499995231628,0.8190000057220459,246656000
2015-12-04,0.8232495188713074,0.84375,0.8452500104904175,0.8107500076293945,0.8107500076293945,458756000
2015-12-07,0.80763840675354,0.827750027179718,0.843500018119812,0.8252500295639038,0.843500018119812,333588000
2015-12-08,0.8186150789260864,0.8389999866485596,0.8424999713897705,0.812250018119812,0.8174999952316284,314488000
2015-12-09,0.7978811264038086,0.8177499771118164,0.84375,0.809249997138977,0.8387500047683716,372676000
2015-12-10,0.8044673204421997,0.8245000243186951,0.8289999961853027,0.8174999952316284,0.8202499747276306,236596000
2015-12-11,0.792514979839325,0.812250018119812,0.8220000267028809,0.8105000257492065,0.8162500262260437,227320000
2015-12-14,0.7944663166999817,0.8142499923706055,0.8187500238418579,0.8044999837875366,0.8130000233650208,275892000
2015-12-15,0.804223358631134,0.8242499828338623,0.8299999833106995,0.8190000057220459,0.8234999775886536,307296000
2015-12-16,0.809101939201355,0.8292499780654907,0.8320000171661377,0.8187500238418579,0.8259999752044678,236356000
2015-12-17,0.7969054579734802,0.8167499899864197,0.8389999866485596,0.8162500262260437,0.8305000066757202,254160000
2015-12-18,0.7839776277542114,0.8034999966621399,0.8192499876022339,0.8025000095367432,0.8109999895095825,395896000
2015-12-21,0.8025159239768982,0.8224999904632568,0.8232499957084656,0.8050000071525574,0.812250018119812,284216000
2015-12-22,0.8032475113868713,0.8232499957084656,0.8314999938011169,0.8182500004768372,0.824999988079071,130012000
2015-12-23,0.8064185976982117,0.8264999985694885,0.8297500014305115,0.8230000138282776,0.8245000243186951,122524000
2015-12-24,0.809101939201355,0.8292499780654907,0.831250011920929,0.8227499723434448,0.8240000009536743,52448000
2015-12-28,0.8083698749542236,0.828499972820282,0.828499972820282,0.8090000152587891,0.8205000162124634,142024000
2015-12-29,0.8215420842170715,0.8420000076293945,0.8445000052452087,0.8267499804496765,0.8289999961853027,203660000
2015-12-30,0.8144680261611938,0.8347499966621399,0.8485000133514404,0.8345000147819519,0.8412500023841858,180344000
2015-12-31,0.8039793968200684,0.8240000009536743,0.8372499942779541,0.8240000009536743,0.8335000276565552,148528000
2016-01-04,0.789587676525116,0.809249997138977,0.8144999742507935,0.8009999990463257,0.8072500228881836,358076000
2016-01-05,0.8022720217704773,0.8222500085830688,0.8360000252723694,0.8125,0.8245000243186951,490272000
2016-01-06,0.7690982222557068,0.7882500290870667,0.8125,0.7789999842643738,0.8087499737739563,449344000
2016-01-07,0.7386072278022766,0.7570000290870667,0.7737500071525574,0.746999979019165,0.7684999704360962,645304000
2016-01-08,0.722752034664154,0.7407500147819519,0.7674999833106995,0.7392500042915344,0.7667499780654907,398472000
2016-01-11,0.7239716649055481,0.7419999837875366,0.7472500205039978,0.7287499904632568,0.7415000200271606,409372000
2016-01-12,0.7361680269241333,0.7544999718666077,0.765500009059906,0.7492499947547913,0.7552499771118164,469356000
2016-01-13,0.713726818561554,0.7315000295639038,0.765250027179718,0.7307500243186951,0.7602499723434448,481672000
2016-01-14,0.6993351578712463,0.7167500257492065,0.7250000238418579,0.6955000162124634,0.7164999842643738,600236000
2016-01-15,0.6612828969955444,0.6777499914169312,0.6962500214576721,0.6660000085830688,0.6880000233650208,841452000
2016-01-19,0.6666491031646729,0.6832500100135803,0.7112500071525574,0.6804999709129333,0.6917499899864197,457140000
2016-01-20,0.6703080534934998,0.6869999766349792,0.6957499980926514,0.6612499952316284,0.6702499985694885,481180000
2016-01-21,0.6781136989593506,0.6949999928474426,0.7057499885559082,0.6802499890327454,0.6945000290870667,481456000
2016-01-22,0.6939688324928284,0.7112500071525574,0.7160000205039978,0.7067499756813049,0.7082499861717224,257996000
2016-01-25,0.6932371258735657,0.7105000019073486,0.7192500233650208,0.7089999914169312,0.7110000252723694,270728000
2016-01-26,0.7000668048858643,0.7174999713897705,0.7204999923706055,0.7047500014305115,0.7120000123977661,227944000
2016-01-27,0.6917735934257507,0.7089999914169312,0.71875,0.6955000162124634,0.7164999842643738,231700000
2016-01-28,0.6842120289802551,0.7012500166893005,0.7172499895095825,0.6875,0.7147499918937683,276776000
2016-01-29,0.7144585251808167,0.7322499752044678,0.7337499856948853,0.7045000195503235,0.7072499990463257,310504000
2016-02-01,0.7147024273872375,0.7325000166893005,0.7362499833106995,0.7252500057220459,0.7315000295639038,289884000
2016-02-02,0.6844557523727417,0.7014999985694885,0.7287499904632568,0.6965000033378601,0.7250000238418579,341908000
2016-02-03,0.6878706812858582,0.7049999833106995,0.7112500071525574,0.6887500286102295,0.7070000171661377,326772000
2016-02-04,0.6881145238876343,0.7052500247955322,0.7212499976158142,0.6982499957084656,0.7059999704360962,348140000
2016-02-05,0.6446958780288696,0.6607499718666077,0.7082499861717224,0.6587499976158142,0.7005000114440918,600428000
2016-02-08,0.6151809096336365,0.6305000185966492,0.6539999842643738,0.6212499737739563,0.6507499814033508,608852000
2016-02-09,0.6217668056488037,0.6372500061988831,0.6637499928474426,0.6200000047683716,0.6230000257492065,425372000
2016-02-10,0.620303213596344,0.6357499957084656,0.6597499847412109,0.6322500109672546,0.6412500143051147,335800000
2016-02-11,0.6171322464942932,0.6324999928474426,0.6389999985694885,0.6194999814033508,0.6194999814033508,340144000
2016-02-12,0.6276211738586426,0.6432499885559082,0.6445000171661377,0.6187499761581421,0.6424999833106995,340816000
2016-02-16,0.658355712890625,0.6747499704360962,0.6757500171661377,0.6504999995231628,0.6524999737739563,485352000
2016-02-17,0.6746987700462341,0.6915000081062317,0.6980000138282776,0.6804999709129333,0.6832500100135803,771468000
2016-02-18,0.7327530980110168,0.7509999871253967,0.7745000123977661,0.7475000023841858,0.7482500076293945,1068660000
2016-02-19,0.7425101399421692,0.7609999775886536,0.7677500247955322,0.7412499785423279,0.746999979019165,525628000
2016-02-22,0.7688543200492859,0.7879999876022339,0.796750009059906,0.7705000042915344,0.7720000147819519,449668000
2016-02-23,0.7708055973052979,0.7900000214576721,0.7975000143051147,0.777999997138977,0.7817500233650208,369380000
2016-02-24,0.7761721611022949,0.7954999804496765,0.796750009059906,0.7649999856948853,0.7867500185966492,336852000
2016-02-25,0.7778790593147278,0.797249972820282,0.8012499809265137,0.7829999923706055,0.7985000014305115,349616000
2016-02-26,0.7727569341659546,0.7919999957084656,0.8029999732971191,0.7839999794960022,0.8009999990463257,361964000
2016-02-29,0.7677379846572876,0.7839999794960022,0.8004999756813049,0.7835000157356262,0.7902500033378601,323344000
2016-03-01,0.8017673492431641,0.8187500238418579,0.8187500238418579,0.7847499847412109,0.7860000133514404,348700000
2016-03-02,0.8064188361167908,0.8234999775886536,0.8264999985694885,0.812749981880188,0.8142499923706055,233812000
2016-03-03,0.7993192672729492,0.8162500262260437,0.8259999752044678,0.8052499890327454,0.8224999904632568,302004000
2016-03-04,0.7968712449073792,0.8137500286102295,0.8232499957084656,0.8075000047683716,0.8224999904632568,175304000
2016-03-07,0.7917298674583435,0.8084999918937683,0.8147500157356262,0.7979999780654907,0.809249997138977,239968000
2016-03-08,0.7772860527038574,0.793749988079071,0.8050000071525574,0.7912499904632568,0.8002499938011169,274940000
2016-03-09,0.7767961621284485,0.7932500243186951,0.8019999861717224,0.7829999923706055,0.8007500171661377,222788000
2016-03-10,0.7755722999572754,0.7919999957084656,0.8025000095367432,0.7760000228881836,0.7979999780654907,286084000
2016-03-11,0.788792073726654,0.8054999709129333,0.8057500123977661,0.7942500114440918,0.8037499785423279,277400000
2016-03-14,0.7907508015632629,0.8075000047683716,0.8107500076293945,0.7979999780654907,0.8017500042915344,190312000
2016-03-15,0.7868337631225586,0.8034999966621399,0.8084999918937683,0.7892500162124634,0.8032500147819519,226216000
2016-03-16,0.8103358745574951,0.8274999856948853,0.8302500247955322,0.793749988079071,0.7975000143051147,363644000
2016-03-17,0.8034812211990356,0.8205000162124634,0.828499972820282,0.809249997138977,0.8245000243186951,353680000
2016-03-18,0.8277177810668945,0.8452500104904175,0.856249988079071,0.824999988079071,0.8302500247955322,545512000
2016-03-21,0.8301659226417542,0.8477500081062317,0.8479999899864197,0.8287500143051147,0.8377500176429749,337780000
2016-03-22,0.8286972641944885,0.8462499976158142,0.8522499799728394,0.8357499837875366,0.8450000286102295,242012000
2016-03-23,0.8428963422775269,0.8607500195503235,0.8669999837875366,0.8462499976158142,0.8500000238418579,429008000
2016-03-24,0.8441203236579895,0.8619999885559082,0.8634999990463257,0.8502500057220459,0.8529999852180481,244956000
2016-03-28,0.8526888489723206,0.8707500100135803,0.8744999766349792,0.859499990940094,0.8604999780654907,265388000
2016-03-29,0.8663983941078186,0.8847500085830688,0.8867499828338623,0.8650000095367432,0.8669999837875366,261812000
2016-03-30,0.8754568099975586,0.8939999938011169,0.90625,0.887499988079071,0.8880000114440918,376700000
2016-03-31,0.8722739815711975,0.890749990940094,0.8999999761581421,0.8837500214576721,0.8980000019073486,379884000
2016-04-01,0.8850043416023254,0.9037500023841858,0.9042500257492064,0.8784999847412109,0.8852499723434448,348292000
2016-04-04,0.8764358162879944,0.8949999809265137,0.9160000085830688,0.8914999961853027,0.9112499952316284,393940000
2016-04-05,0.8752117156982422,0.893750011920929,0.9020000100135804,0.8834999799728394,0.8870000243186951,339568000
2016-04-06,0.8764358162879944,0.8949999809265137,0.8955000042915344,0.8657500147819519,0.8824999928474426,453376000
2016-04-07,0.867377758026123,0.8857499957084656,0.8972499966621399,0.8820000290870667,0.8892499804496765,378104000
2016-04-08,0.8730083107948303,0.8914999961853027,0.8987500071525574,0.8827499747276306,0.8930000066757202,255936000
2016-04-11,0.8783941864967346,0.8970000147819519,0.9117500185966492,0.8939999938011169,0.8967499732971191,387524000
2016-04-12,0.877415120601654,0.8960000276565552,0.9012500047683716,0.8784999847412109,0.8999999761581421,292764000
2016-04-13,0.8994482755661011,0.9185000061988832,0.918749988079071,0.8999999761581421,0.8999999761581421,350716000
2016-04-14,0.9018964767456056,0.9210000038146972,0.925000011920929,0.9122499823570251,0.9160000085830688,416564000
2016-04-15,0.908996045589447,0.928250014781952,0.9365000128746032,0.9177500009536744,0.9207500219345092,436972000
2016-04-18,0.905079185962677,0.9242500066757202,0.9265000224113464,0.91525000333786,0.9265000224113464,307320000
2016-04-19,0.8889214992523193,0.9077500104904176,0.9294999837875366,0.9020000100135804,0.9277499914169312,309152000
2016-04-20,0.8923488855361938,0.9112499952316284,0.9167500138282776,0.9052500128746032,0.90625,200172000
2016-04-21,0.8913695812225342,0.9102500081062316,0.9157500267028807,0.90625,0.9114999771118164,178280000
2016-04-22,0.8879420757293701,0.9067500233650208,0.9194999933242798,0.9037500023841858,0.9132500290870668,223540000
2016-04-25,0.8923488855361938,0.9112499952316284,0.9162499904632568,0.9045000076293944,0.9070000052452089,191972000
2016-04-26,0.8930832147598267,0.9120000004768372,0.9272500276565552,0.9079999923706056,0.9167500138282776,214536000
2016-04-27,0.9134028553962708,0.9327499866485596,0.9332500100135804,0.9079999923706056,0.9097499847412108,352396000
2016-04-28,0.8862284421920776,0.9049999713897704,0.9325000047683716,0.9027500152587892,0.9269999861717224,381224000
2016-04-29,0.8698258996009827,0.8882499933242798,0.903249979019165,0.8784999847412109,0.9012500047683716,321904000
2016-05-02,0.8813318610191345,0.8999999761581421,0.9054999947547911,0.8924999833106995,0.8967499732971191,256076000
2016-05-03,0.8708052039146423,0.8892499804496765,0.8934999704360962,0.8815000057220459,0.8897500038146973,224024000
2016-05-04,0.8509752154350281,0.8690000176429749,0.8792499899864197,0.8600000143051147,0.8784999847412109,525764000
2016-05-05,0.8561160564422607,0.8742499947547913,0.8845000267028809,0.8677499890327454,0.8762500286102295,246884000
2016-05-06,0.8649294376373291,0.8832499980926514,0.8855000138282776,0.8709999918937683,0.8727499842643738,183240000
2016-05-09,0.8637054562568665,0.8820000290870667,0.8892499804496765,0.874750018119812,0.8855000138282776,333336000
2016-05-10,0.880352795124054,0.8989999890327454,0.9004999995231628,0.8790000081062317,0.887499988079071,269676000
2016-05-11,0.8828008770942688,0.9014999866485596,0.9114999771118164,0.8967499732971191,0.9017500281333924,328176000
2016-05-12,0.8708052039146423,0.8892499804496765,0.9120000004768372,0.8732500076293945,0.9079999923706056,670540000
2016-05-13,1.0032492876052856,1.024500012397766,1.024999976158142,0.975000023841858,0.9797499775886536,2110256000
2016-05-16,1.032872200012207,1.0547499656677246,1.0700000524520874,1.0134999752044678,1.0167499780654907,973032000
2016-05-17,1.0350751876831057,1.0570000410079956,1.0644999742507937,1.0364999771118164,1.0499999523162842,628392000
2016-05-18,1.0615150928497314,1.0839999914169312,1.096250057220459,1.0499999523162842,1.0499999523162842,541072000
2016-05-19,1.0661671161651611,1.0887500047683716,1.096500039100647,1.0782500505447388,1.0797499418258667,398880000
2016-05-20,1.0852630138397217,1.1082500219345093,1.1127500534057615,1.09375,1.0954999923706057,391084000
2016-05-23,1.0869760513305664,1.1100000143051147,1.1172499656677246,1.1032500267028809,1.1130000352859497,413636000
2016-05-24,1.1133618354797363,1.133999943733215,1.1375000476837158,1.1074999570846558,1.1104999780654907,415788000
2016-05-25,1.1086987257003784,1.1292500495910645,1.1422499418258667,1.1202499866485596,1.1375000476837158,458076000
2016-05-26,1.1204800605773926,1.1412500143051147,1.149500012397766,1.128000020980835,1.131250023841858,309964000
2016-05-27,1.1266164779663086,1.1475000381469729,1.149250030517578,1.1387499570846558,1.1425000429153442,277416000
2016-05-31,1.1467432975769043,1.1679999828338623,1.1705000400543213,1.1517499685287476,1.152500033378601,412524000
2016-06-01,1.1489522457122805,1.1702500581741333,1.18149995803833,1.159000039100647,1.162500023841858,387132000
2016-06-02,1.1570526361465454,1.178500056266785,1.1885000467300415,1.1649999618530271,1.1764999628067017,329208000
2016-06-03,1.1408522129058838,1.1619999408721924,1.1684999465942385,1.1414999961853027,1.1670000553131104,461076000
2016-06-06,1.134961724281311,1.156000018119812,1.1740000247955322,1.149999976158142,1.1649999618530271,322512000
2016-06-07,1.137170672416687,1.1582499742507937,1.1694999933242798,1.1577500104904177,1.162999987602234,193400000
2016-06-08,1.1334891319274902,1.1545000076293943,1.162750005722046,1.1449999809265137,1.1584999561309814,234616000
2016-06-09,1.16294264793396,1.184499979019165,1.1862499713897705,1.1480000019073486,1.1505000591278076,472168000
2016-06-10,1.133979558944702,1.1549999713897705,1.180999994277954,1.153499960899353,1.1705000400543213,400024000
2016-06-13,1.1484615802764893,1.1697499752044678,1.1924999952316284,1.15625,1.15625,475588000
2016-06-14,1.1506704092025757,1.1720000505447388,1.1775000095367432,1.1540000438690186,1.1670000553131104,298344000
2016-06-15,1.1624524593353271,1.184000015258789,1.194249987602234,1.1687500476837158,1.1817500591278076,301036000
2016-06-16,1.167115569114685,1.1887500286102295,1.190750002861023,1.1637500524520874,1.1752500534057615,246456000
2016-06-17,1.1467432975769043,1.1679999828338623,1.190500020980835,1.163249969482422,1.190250039100647,471000000
2016-06-20,1.1673611402511597,1.1890000104904177,1.2042499780654907,1.1859999895095823,1.186750054359436,293768000
2016-06-21,1.1602429151535034,1.1817500591278076,1.1972500085830688,1.1799999475479126,1.194000005722046,212508000
2016-06-22,1.1592609882354736,1.180750012397766,1.1920000314712524,1.1787500381469729,1.184249997138977,202620000
2016-06-23,1.190187931060791,1.212249994277954,1.2135000228881836,1.191249966621399,1.1920000314712524,297880000
2016-06-24,1.122443914413452,1.1432499885559082,1.184000015258789,1.1325000524520874,1.162500023841858,1017684000
2016-06-27,1.1104166507720947,1.13100004196167,1.1425000429153442,1.1142499446868896,1.1337499618530271,449088000
2016-06-28,1.1266164779663086,1.1475000381469729,1.153749942779541,1.131749987602234,1.152500033378601,381920000
2016-06-29,1.1450248956680298,1.1662499904632568,1.1752500534057615,1.1545000076293943,1.1575000286102295,318932000
2016-06-30,1.1538615226745603,1.1752500534057615,1.1825000047683716,1.158750057220459,1.1682499647140503,430940000
2016-07-01,1.145270824432373,1.1664999723434448,1.184000015258789,1.162500023841858,1.1687500476837158,218488000
2016-07-05,1.1622071266174316,1.183750033378601,1.1857500076293943,1.1507500410079956,1.159999966621399,371084000
2016-07-06,1.169569969177246,1.191249966621399,1.1982500553131104,1.1694999933242798,1.1755000352859497,273104000
2016-07-07,1.2000057697296145,1.222249984741211,1.2265000343322754,1.193750023841858,1.1992499828338623,395400000
2016-07-08,1.2481141090393066,1.2712500095367432,1.277250051498413,1.2304999828338623,1.2352499961853027,481932000
2016-07-11,1.2768317461013794,1.3005000352859497,1.309999942779541,1.287999987602234,1.2894999980926514,448776000
2016-07-12,1.2959775924682615,1.3200000524520874,1.3320000171661377,1.2984999418258667,1.315000057220459,436760000
2016-07-13,1.2954862117767334,1.319499969482422,1.3300000429153442,1.3174999952316284,1.3224999904632568,324604000
2016-07-14,1.308740258216858,1.3329999446868896,1.3450000286102295,1.315500020980835,1.3265000581741333,316892000
2016-07-15,1.2935227155685425,1.3174999952316284,1.3235000371932983,1.2960000038146973,1.315999984741211,428616000
2016-07-18,1.300149917602539,1.3242499828338623,1.3357499837875366,1.319249987602234,1.3337500095367432,252992000
2016-07-19,1.3136495351791382,1.3380000591278076,1.343250036239624,1.3209999799728394,1.3235000371932983,382652000
2016-07-20,1.3308308124542236,1.3554999828338623,1.3627500534057615,1.337000012397766,1.3424999713897705,296460000
2016-07-21,1.3062859773635864,1.3305000066757202,1.3567500114440918,1.3259999752044678,1.3524999618530271,361308000
2016-07-22,1.3418761491775513,1.3667500019073486,1.3667500019073486,1.3255000114440918,1.3352500200271606,315768000
2016-07-25,1.3666666746139526,1.3919999599456787,1.3952499628067017,1.36899995803833,1.375,312528000
2016-07-26,1.3899848461151123,1.4157500267028809,1.4229999780654907,1.402250051498413,1.4042500257492063,514508000
2016-07-27,1.3759942054748535,1.4014999866485596,1.430500030517578,1.3930000066757202,1.4279999732971191,446676000
2016-07-28,1.3789392709732056,1.4045000076293943,1.4149999618530271,1.40024995803833,1.4047499895095823,221916000
2016-07-29,1.40152108669281,1.4275000095367432,1.431249976158142,1.3845000267028809,1.409749984741211,409588000
2016-08-01,1.392438888549805,1.4182499647140503,1.4387500286102295,1.409000039100647,1.433500051498413,301120000
2016-08-02,1.3755033016204834,1.4010000228881836,1.4257500171661377,1.3875000476837158,1.4249999523162842,282748000
2016-08-03,1.379184603691101,1.4047499895095823,1.4075000286102295,1.3914999961853027,1.399250030517578,299828000
2016-08-04,1.4047116041183472,1.430750012397766,1.437250018119812,1.408750057220459,1.4114999771118164,272712000
2016-08-05,1.4285203218460083,1.4550000429153442,1.4557499885559082,1.440250039100647,1.4472500085830688,371588000
2016-08-08,1.4417744874954224,1.468500018119812,1.4785000085830688,1.4529999494552612,1.475000023841858,305064000
2016-08-09,1.4454563856124878,1.472249984741211,1.4865000247955322,1.468500018119812,1.475749969482422,372344000
2016-08-10,1.4361293315887451,1.46274995803833,1.4874999523162842,1.4579999446868896,1.4852499961853027,375740000
2016-08-11,1.4653377532958984,1.4924999475479126,1.4987499713897705,1.4674999713897705,1.4704999923706057,681064000
2016-08-12,1.5473178625106812,1.5759999752044678,1.5844999551773071,1.5157500505447388,1.5475000143051147,1425744000
2016-08-15,1.54584538936615,1.5744999647140503,1.587499976158142,1.5532499551773071,1.5777499675750732,573304000
2016-08-16,1.536518096923828,1.565000057220459,1.5747499465942385,1.5602500438690186,1.5722500085830688,287652000
2016-08-17,1.5009279251098633,1.528749942779541,1.56850004196167,1.5164999961853027,1.565000057220459,595212000
2016-08-18,1.5242457389831543,1.5525000095367432,1.5549999475479126,1.5204999446868896,1.5264999866485596,331684000
2016-08-19,1.5281729698181152,1.55649995803833,1.5682499408721924,1.5449999570846558,1.5517499446868896,291560000
2016-08-22,1.534554362297058,1.562999963760376,1.565250039100647,1.5427500009536743,1.5612499713897705,244748000
2016-08-23,1.5469729900360107,1.5727499723434448,1.5829999446868896,1.5682499408721924,1.5759999752044678,339764000
2016-08-24,1.5231202840805054,1.5484999418258667,1.5789999961853027,1.5412499904632568,1.5782500505447388,298448000
2016-08-25,1.513038158416748,1.538249969482422,1.5497499704360962,1.5190000534057615,1.5490000247955322,406032000
2016-08-26,1.5253334045410156,1.5507500171661377,1.559499979019165,1.5299999713897705,1.5422500371932983,300024000
2016-08-29,1.5243496894836426,1.5497499704360962,1.563249945640564,1.5472500324249268,1.5570000410079956,274652000
2016-08-30,1.515497088432312,1.5407500267028809,1.555999994277954,1.5364999771118164,1.5477499961853027,285544000
2016-08-31,1.5083658695220947,1.5334999561309814,1.5479999780654907,1.5290000438690186,1.5437500476837158,388544000
2016-09-01,1.5528745651245115,1.5787500143051147,1.5844999551773071,1.5334999561309814,1.534749984741211,428492000
2016-09-02,1.537628173828125,1.563249945640564,1.5837500095367432,1.5455000400543213,1.5820000171661377,323148000
2016-09-06,1.5521368980407717,1.5779999494552612,1.5779999494552612,1.5607500076293943,1.568750023841858,306812000
2016-09-07,1.5292681455612185,1.5547499656677246,1.5807499885559082,1.5457500219345093,1.5729999542236328,397988000
2016-09-08,1.540333271026611,1.565999984741211,1.56850004196167,1.5355000495910645,1.5532499551773071,315808000
2016-09-09,1.4636114835739136,1.4880000352859497,1.5575000047683716,1.475000023841858,1.5487500429153442,697760000
2016-09-12,1.493857979774475,1.5187499523162842,1.5217499732971191,1.4329999685287476,1.468250036239624,598260000
2016-09-13,1.47221839427948,1.496749997138977,1.5325000286102295,1.4882500171661377,1.5149999856948853,471768000
2016-09-14,1.4852510690689087,1.5099999904632568,1.5149999856948853,1.4877500534057615,1.500249981880188,319048000
2016-09-15,1.5415626764297483,1.5672500133514404,1.569000005722046,1.508999943733215,1.5125000476837158,515212000
2016-09-16,1.5452512502670288,1.5709999799728394,1.5812499523162842,1.5529999732971191,1.5727499723434448,902444000
2016-09-19,1.5656613111495972,1.5917500257492063,1.631500005722046,1.5802500247955322,1.587499976158142,417128000
2016-09-20,1.5513986349105835,1.5772500038146973,1.6100000143051147,1.56850004196167,1.6100000143051147,331112000
2016-09-21,1.5949238538742063,1.621500015258789,1.624500036239624,1.5817500352859497,1.5820000171661377,336212000
2016-09-22,1.5988582372665403,1.625499963760376,1.6360000371932983,1.6162500381469729,1.63100004196167,308732000
2016-09-23,1.5971373319625854,1.6237499713897705,1.63224995136261,1.6165000200271606,1.627500057220459,276132000
2016-09-26,1.582136631011963,1.6085000038146973,1.6150000095367432,1.5882500410079956,1.6052500009536743,230040000
2016-09-27,1.6362351179122925,1.66349995136261,1.6660000085830688,1.6015000343322754,1.6022499799728394,402752000
2016-09-28,1.6421369314193726,1.6694999933242798,1.6707500219345093,1.6482499837875366,1.6660000085830688,319788000
2016-09-29,1.6573830842971802,1.684999942779541,1.690250039100647,1.6512500047683716,1.6667499542236328,336684000
2016-09-30,1.684924602508545,1.7130000591278076,1.7297500371932983,1.684249997138977,1.694249987602234,429932000
2016-10-03,1.6832029819488523,1.7112499475479126,1.7377500534057615,1.7082500457763672,1.7130000591278076,242596000
2016-10-04,1.6795142889022827,1.7074999809265137,1.7424999475479126,1.69474995136261,1.7137500047683716,281624000
2016-10-05,1.67779278755188,1.7057499885559082,1.7395000457763672,1.7005000114440918,1.722000002861023,305440000
2016-10-06,1.6559075117111206,1.683500051498413,1.6957499980926514,1.656499981880188,1.6852500438690186,360212000
2016-10-07,1.643858551979065,1.6712499856948853,1.6992499828338623,1.6664999723434448,1.69474995136261,286260000
2016-10-10,1.6500059366226196,1.6775000095367432,1.6890000104904177,1.6617499589920044,1.6799999475479126,287876000
2016-10-11,1.6261531114578247,1.653249979019165,1.6744999885559082,1.6404999494552612,1.6720000505447388,388540000
2016-10-12,1.633530616760254,1.6607500314712524,1.6694999933242798,1.6327500343322754,1.6464999914169312,419920000
2016-10-13,1.6069728136062622,1.6337499618530271,1.6449999809265137,1.5924999713897705,1.6412500143051147,390116000
2016-10-14,1.6227105855941772,1.649749994277954,1.6649999618530271,1.6399999856948853,1.653749942779541,330636000
2016-10-17,1.6133661270141602,1.6402499675750732,1.6649999618530271,1.6380000114440918,1.649500012397766,195328000
2016-10-18,1.6379568576812744,1.665249943733215,1.6747499704360962,1.65625,1.662999987602234,269372000
2016-10-19,1.634514093399048,1.6617499589920044,1.6694999933242798,1.6454999446868896,1.6540000438690186,199060000
2016-10-20,1.665497899055481,1.6932499408721924,1.6987500190734863,1.6575000286102295,1.681249976158142,312084000
2016-10-21,1.6608256101608276,1.6885000467300415,1.691499948501587,1.6725000143051147,1.687250018119812,279508000
2016-10-24,1.738776922225952,1.7677500247955322,1.7697499990463257,1.6997499465942385,1.7000000476837158,339836000
2016-10-25,1.767301321029663,1.7967499494552612,1.807500004768372,1.756250023841858,1.7647500038146973,397460000
2016-10-26,1.77443265914917,1.8040000200271609,1.8237500190734863,1.7799999713897705,1.781749963760376,333792000
2016-10-27,1.7380390167236328,1.7669999599456787,1.821249961853028,1.7597500085830688,1.8177499771118164,388664000
2016-10-28,1.7350879907608032,1.7640000581741333,1.8025000095367432,1.7607500553131104,1.7755000591278076,290856000
2016-10-31,1.749842405319214,1.7790000438690186,1.7907500267028809,1.7687499523162842,1.7697499990463257,252388000
2016-11-01,1.6979570388793943,1.7262500524520874,1.7952500581741333,1.7072499990463257,1.7855000495910645,473224000
2016-11-02,1.6908254623413086,1.718999981880188,1.7630000114440918,1.715999960899353,1.7395000457763672,295848000
2016-11-03,1.6711536645889282,1.6990000009536743,1.7285000085830688,1.6660000085830688,1.7269999980926514,309664000
2016-11-04,1.6615633964538574,1.6892499923706057,1.718250036239624,1.6644999980926514,1.687749981880188,328780000
2016-11-07,1.7525473833084106,1.781749963760376,1.7929999828338623,1.7374999523162842,1.7387499809265137,487580000
2016-11-08,1.749842405319214,1.7790000438690186,1.7942500114440918,1.7625000476837158,1.78849995136261,429884000
2016-11-09,1.7203339338302612,1.7489999532699585,1.7725000381469729,1.718000054359436,1.7307499647140503,456532000
2016-11-10,1.6664807796478271,1.694249987602234,1.787500023841858,1.6690000295639038,1.78725004196167,869280000
2016-11-11,2.163204431533813,2.1992499828338623,2.219249963760376,1.962499976158142,1.9877500534057613,2175344000
2016-11-14,2.056728839874268,2.0910000801086426,2.204750061035156,2.0905001163482666,2.2022500038146973,1348796000
2016-11-15,2.119434118270874,2.154750108718872,2.1862499713897705,2.098249912261963,2.107249975204468,626092000
2016-11-16,2.253204345703125,2.290750026702881,2.313999891281128,2.158750057220459,2.183500051498413,987984000
2016-11-17,2.2718935012817383,2.3097500801086426,2.369750022888184,2.266249895095825,2.30774998664856,832988000
2016-11-18,2.295746326446533,2.3340001106262207,2.35824990272522,2.2950000762939453,2.3097500801086426,576060000
2016-11-21,2.2864010334014893,2.32450008392334,2.358750104904175,2.309999942779541,2.352250099182129,436436000
2016-11-22,2.3028769493103027,2.341249942779541,2.3434998989105225,2.309499979019165,2.3324999809265137,330368000
2016-11-23,2.3142051696777344,2.349250078201294,2.3812499046325684,2.3192501068115234,2.3429999351501465,443236000
2016-11-25,2.318885087966919,2.3540000915527344,2.377500057220459,2.335249900817871,2.3605000972747803,195564000
2016-11-28,2.317653179168701,2.352750062942505,2.368499994277954,2.3399999141693115,2.346750020980835,278736000
2016-11-29,2.2964744567871094,2.331249952316284,2.361000061035156,2.313250064849853,2.3499999046325684,444568000
2016-11-30,2.270615339279175,2.305000066757202,2.3540000915527344,2.302500009536743,2.3399999141693115,440500000
2016-12-01,2.158315896987915,2.190999984741211,2.3042500019073486,2.119250059127808,2.302500009536743,1035524000
2016-12-02,2.1782643795013428,2.211250066757202,2.220000028610229,2.128000020980835,2.15625,478292000
2016-12-05,2.262734651565552,2.296999931335449,2.3152499198913574,2.2249999046325684,2.2497498989105225,602284000
2016-12-06,2.299921751022339,2.334749937057495,2.343250036239624,2.289249897003174,2.3052499294281006,498796000
2016-12-07,2.3412952423095703,2.376749992370605,2.382499933242798,2.302500009536743,2.321000099182129,480804000
2016-12-08,2.3021388053894043,2.336999893188477,2.415499925613404,2.3262500762939453,2.3797500133514404,381544000
2016-12-09,2.2612578868865967,2.2955000400543213,2.356750011444092,2.267750024795532,2.3550000190734863,382312000
2016-12-12,2.20633864402771,2.2397499084472656,2.2487499713897705,2.188499927520752,2.2462499141693115,601332000
2016-12-13,2.24524998664856,2.279249906539917,2.307250022888184,2.251250028610229,2.252249956130981,387796000
2016-12-14,2.3752803802490234,2.411250114440918,2.4277501106262207,2.289249897003174,2.313499927520752,983980000
2016-12-15,2.4309372901916504,2.467750072479248,2.498500108718872,2.414999961853028,2.422499895095825,746548000
2016-12-16,2.472804069519043,2.5102500915527344,2.5174999237060547,2.4432499408721924,2.4957499504089355,1089528000
2016-12-19,2.502849102020264,2.540750026702881,2.5612499713897705,2.4749999046325684,2.492500066757202,744656000
2016-12-20,2.590028524398804,2.6292500495910645,2.653249979019165,2.602999925613404,2.614500045776367,848056000
2016-12-21,2.6062827110290527,2.645750045776367,2.648750066757202,2.592750072479248,2.6410000324249268,576136000
2016-12-22,2.637805223464966,2.6777501106262207,2.721750020980835,2.663249969482422,2.6705000400543213,718612000
2016-12-23,2.703559875488281,2.744499921798706,2.746000051498413,2.656749963760376,2.6594998836517334,647692000
2016-12-27,2.8892481327056885,2.933000087738037,2.934000015258789,2.7804999351501465,2.801500082015991,1194272000
2016-12-28,2.6905078887939453,2.731250047683716,2.9982500076293945,2.717250108718872,2.990000009536743,2295764000
2016-12-29,2.7441935539245605,2.785749912261963,2.78725004196167,2.569999933242798,2.622499942779541,2175368000
2016-12-30,2.628693103790283,2.6684999465942383,2.7980000972747803,2.657500028610229,2.783750057220459,1212932000
2017-01-03,2.512206554412842,2.5502500534057617,2.659250020980835,2.484499931335449,2.609999895095825,1501996000
2017-01-04,2.570819139480591,2.6097500324249268,2.637500047683716,2.538249969482422,2.5850000381469727,1199220000
2017-01-05,2.5055577754974365,2.5434999465942383,2.6454999446868896,2.526249885559082,2.6132500171661377,984296000
2017-01-06,2.539050340652466,2.577500104904175,2.606250047683716,2.5299999713897705,2.571249961853028,822856000
2017-01-09,2.6419923305511475,2.681999921798706,2.700000047683716,2.587500095367432,2.587500095367432,916248000
2017-01-10,2.622044086456299,2.661750078201294,2.729749917984009,2.640749931335449,2.6952500343322754,880920000
2017-01-11,2.589782238006592,2.628999948501587,2.6549999713897705,2.603749990463257,2.650000095367432,525664000
2017-01-12,2.5474228858947754,2.5859999656677246,2.617500066757202,2.540499925613404,2.60575008392334,625616000
2017-01-13,2.54717755317688,2.585750102996826,2.625,2.576499938964844,2.5899999141693115,457820000
2017-01-17,2.4900426864624023,2.527750015258789,2.5799999237060547,2.5142500400543213,2.575000047683716,580612000
2017-01-18,2.53535795211792,2.5737500190734863,2.580749988555908,2.477750062942505,2.50600004196167,654424000
2017-01-19,2.589782238006592,2.628999948501587,2.6614999771118164,2.57450008392334,2.5767500400543213,644872000
2017-01-20,2.5614614486694336,2.600250005722046,2.6700000762939453,2.578000068664551,2.6519999504089355,492024000
2017-01-23,2.5880582332611084,2.627249956130981,2.6475000381469727,2.5924999713897705,2.595000028610229,369904000
2017-01-24,2.64322280883789,2.6832499504089355,2.689500093460083,2.622499942779541,2.637500047683716,428052000
2017-01-25,2.6545510292053223,2.6947500705718994,2.7325000762939453,2.658250093460083,2.726249933242798,522760000
2017-01-26,2.700358629226685,2.7412500381469727,2.7487499713897705,2.6675000190734863,2.697499990463257,458800000
2017-01-27,2.7525668144226074,2.794250011444092,2.7972500324249268,2.721250057220459,2.7482500076293945,471996000
2017-01-30,2.70947003364563,2.750499963760376,2.77524995803833,2.6977500915527344,2.7730000019073486,496004000
2017-01-31,2.6887831687927246,2.7295000553131104,2.751250028610229,2.7049999237060547,2.723750114440918,362756000
2017-02-01,2.8062551021575928,2.848750114440918,2.852999925613404,2.746500015258789,2.76449990272522,590004000
2017-02-02,2.84171724319458,2.88474988937378,2.8935000896453857,2.801500082015991,2.8324999809265137,483240000
2017-02-03,2.8168435096740723,2.859499931335449,2.8975000381469727,2.8475000858306885,2.8862500190734863,372744000
2017-02-06,2.88900089263916,2.93274998664856,2.9332499504089355,2.8499999046325684,2.8499999046325684,506768000
2017-02-07,2.9338228702545166,2.978250026702881,3.0230000019073486,2.947499990463257,2.9674999713897705,746224000
2017-02-08,2.921016931533813,2.965250015258789,2.982749938964844,2.9094998836517334,2.9600000381469727,449580000
2017-02-09,2.8660976886749268,2.9094998836517334,2.9765000343322754,2.890000104904175,2.9714999198913574,842568000
2017-02-10,2.798128604888916,2.8405001163482666,3.0174999237060547,2.815000057220459,2.9982500076293945,1651092000
2017-02-13,2.669081211090088,2.7095000743865967,2.8494999408721924,2.7049999237060547,2.834749937057495,1180724000
2017-02-14,2.6789324283599854,2.719500064849853,2.7537500858306885,2.657249927520752,2.6997499465942383,850632000
2017-02-15,2.6843507289886475,2.7249999046325684,2.744999885559082,2.694000005722046,2.7225000858306885,373020000
2017-02-16,2.641253709793091,2.681250095367432,2.736000061035156,2.6414999961853027,2.7347500324249268,647176000
2017-02-17,2.6407604217529297,2.680749893188477,2.6852500438690186,2.619750022888184,2.6675000190734863,563740000
2017-02-21,2.735328435897827,2.776750087738037,2.780750036239624,2.7054998874664307,2.705749988555908,551952000
2017-02-22,2.7311370372772217,2.7690000534057617,2.7950000762939453,2.7497498989105225,2.7855000495910645,433772000
2017-02-23,2.4778971672058105,2.5122499465942383,2.659749984741211,2.492000102996826,2.637500047683716,1592888000
2017-02-24,2.501815795898437,2.5364999771118164,2.549999952316284,2.3924999237060547,2.4267499446868896,1029904000
2017-02-27,2.574557542800904,2.6102499961853027,2.625499963760376,2.5390000343322754,2.555000066757202,715400000
2017-02-28,2.502309083938598,2.5369999408721924,2.630000114440918,2.5195000171661377,2.619999885559082,625360000
2017-03-01,2.534611225128174,2.5697500705718994,2.609250068664551,2.527750015258789,2.594749927520752,504804000
2017-03-02,2.4411563873291016,2.4749999046325684,2.571000099182129,2.472249984741211,2.556750059127808,754332000
2017-03-03,2.4271016120910645,2.460750102996826,2.469249963760376,2.4054999351501465,2.464250087738037,864692000
2017-03-06,2.4083614349365234,2.4417500495910645,2.452500104904175,2.3792500495910645,2.424000024795532,883568000
2017-03-07,2.4347453117370605,2.4684998989105225,2.4882500171661377,2.4287500381469727,2.4417500495910645,603400000
2017-03-08,2.430307149887085,2.46399998664856,2.532500028610229,2.461750030517578,2.5174999237060547,638712000
2017-03-09,2.42981481552124,2.463500022888184,2.4862499237060547,2.434999942779541,2.4477500915527344,478060000
2017-03-10,2.444115400314331,2.477999925613404,2.502249956130981,2.4595000743865967,2.4902501106262207,499740000
2017-03-13,2.51143217086792,2.546250104904175,2.556250095367432,2.4877500534057617,2.4885001182556152,774136000
2017-03-14,2.509706974029541,2.5445001125335693,2.5687499046325684,2.5117499828338623,2.5592501163482666,522016000
2017-03-15,2.5286927223205566,2.563750028610229,2.5747499465942383,2.507999897003174,2.556250095367432,615036000
2017-03-16,2.5597620010375977,2.595249891281128,2.595750093460083,2.5602500438690186,2.57450008392334,523100000
2017-03-17,2.615489959716797,2.651750087738037,2.6530001163482666,2.595249891281128,2.61299991607666,1119688000
2017-03-20,2.698834180831909,2.7362499237060547,2.7402501106262207,2.653249979019165,2.6695001125335693,748568000
2017-03-21,2.611544847488404,2.647749900817871,2.749000072479248,2.6397500038146973,2.71875,913484000
2017-03-22,2.6648061275482178,2.7017500400543213,2.7065000534057617,2.632499933242798,2.6364998817443848,616764000
2017-03-23,2.640641450881958,2.6772499084472656,2.71399998664856,2.6675000190734863,2.6937499046325684,533940000
2017-03-24,2.6500113010406494,2.6867499351501465,2.732249975204468,2.6605000495910645,2.724250078201294,439500000
2017-03-27,2.6692445278167725,2.706249952316284,2.710249900817871,2.5894999504089355,2.63949990272522,506644000
2017-03-28,2.655436515808105,2.6922500133514404,2.722249984741211,2.681750059127808,2.7074999809265137,432444000
2017-03-29,2.64680552482605,2.683500051498413,2.712249994277954,2.681250095367432,2.6997499465942383,349992000
2017-03-30,2.697601079940796,2.734999895095825,2.75,2.684999942779541,2.6907498836517334,525532000
2017-03-31,2.6860122680664062,2.723249912261963,2.7472500801086426,2.7100000381469727,2.725250005722046,440808000
2017-04-03,2.672450065612793,2.7095000743865967,2.7412500381469727,2.685499906539917,2.723750114440918,445232000
2017-04-04,2.4850478172302246,2.5195000171661377,2.6105000972747803,2.508500099182129,2.5850000381469727,1271280000
2017-04-05,2.46655535697937,2.500750064849853,2.5592501163482666,2.487499952316284,2.500499963760376,747048000
2017-04-06,2.48455548286438,2.5190000534057617,2.53125,2.460249900817871,2.50600004196167,635120000
2017-04-07,2.473952054977417,2.508249998092652,2.54325008392334,2.493000030517578,2.525500059127808,429068000
2017-04-10,2.410827398300171,2.4442501068115234,2.515749931335449,2.440000057220459,2.509000062942505,756332000
2017-04-11,2.41945743560791,2.453000068664551,2.4725000858306885,2.408750057220459,2.413749933242798,618148000
2017-04-12,2.399484872817993,2.43274998664856,2.4674999713897705,2.427500009536743,2.453000068664551,414092000
2017-04-13,2.354607105255127,2.3872499465942383,2.4302499294281006,2.3872499465942383,2.408250093460083,506892000
2017-04-17,2.4468281269073486,2.48075008392334,2.4809999465942383,2.3949999809265137,2.40024995803833,497292000
2017-04-18,2.4483072757720947,2.482249975204468,2.4885001182556152,2.440000057220459,2.466249942779541,370116000
2017-04-19,2.457923650741577,2.492000102996826,2.524499893188477,2.4852499961853027,2.5,380828000
2017-04-20,2.4968841075897217,2.531500101089477,2.536250114440918,2.4852499961853027,2.5067501068115234,404016000
2017-04-21,2.5072407722473145,2.5420000553131104,2.544749975204468,2.509000062942505,2.5209999084472656,341896000
2017-04-24,2.5385570526123047,2.5737500190734863,2.586999893188477,2.5527501106262207,2.5739998817443848,371820000
2017-04-25,2.5826940536499023,2.618499994277954,2.633249998092652,2.5667500495910645,2.588500022888184,388440000
2017-04-26,2.564940452575684,2.6005001068115234,2.63474988937378,2.5985000133514404,2.6322500705718994,327004000
2017-04-27,2.604886531829834,2.6410000324249268,2.649499893188477,2.589750051498413,2.6080000400543213,319700000
2017-04-28,2.5718448162078857,2.6075000762939453,2.6410000324249268,2.601749897003174,2.634000062942505,348248000
2017-05-01,2.629544496536255,2.66599988937378,2.671250104904175,2.6112499237060547,2.618499994277954,307732000
2017-05-02,2.551625967025757,2.586999893188477,2.640000104904175,2.563999891281128,2.6387500762939453,629972000
2017-05-03,2.5706112384796143,2.606250047683716,2.615999937057495,2.565000057220459,2.5799999237060547,336904000
2017-05-04,2.560749053955078,2.596250057220459,2.6237499713897705,2.588249921798706,2.612499952316284,209788000
2017-05-05,2.560994863510132,2.5964999198913574,2.603749990463257,2.5687499046325684,2.5845000743865967,228428000
2017-05-08,2.5341174602508545,2.5692501068115234,2.609999895095825,2.55774998664856,2.6085000038146973,365240000
2017-05-09,2.538309097290039,2.573499917984009,2.6232500076293945,2.566499948501587,2.575000047683716,847672000
2017-05-10,2.9907870292663574,3.032249927520752,3.0455000400543213,2.8505001068115234,2.857249975204468,2129096000
2017-05-11,3.119256019592285,3.1624999046325684,3.2607500553131104,2.9977500438690186,3.001250028610229,1939792000
2017-05-12,3.1535301208496094,3.19724988937378,3.240000009536743,3.1445000171661377,3.165750026702881,962620000
2017-05-15,3.311835527420044,3.357749938964844,3.3602499961853027,3.234499931335449,3.239000082015991,1087540000
2017-05-16,3.373481273651123,3.420249938964844,3.436000108718872,3.3340001106262207,3.4094998836517334,1120700000
2017-05-17,3.149338960647583,3.193000078201294,3.371500015258789,3.188750028610229,3.352499961853028,1271368000
2017-05-18,3.2812609672546387,3.3267500400543213,3.335750102996826,3.1762499809265137,3.237499952316284,1156032000
2017-05-19,3.3570401668548584,3.400000095367432,3.4554998874664307,3.380500078201294,3.4257500171661377,1018372000
2017-05-22,3.428624153137207,3.4725000858306885,3.486999988555908,3.4332499504089355,3.4442501068115234,836608000
2017-05-23,3.382464408874512,3.4257500171661377,3.494750022888184,3.392750024795532,3.492500066757202,681248000
2017-05-24,3.420478105545044,3.464250087738037,3.526750087738037,3.45199990272522,3.5239999294281006,815996000
2017-05-25,3.412827730178833,3.4565000534057617,3.500750064849853,3.4110000133514404,3.5,608228000
2017-05-26,3.5011954307556152,3.5460000038146973,3.631999969482422,3.4277501106262207,3.4482500553131104,779140000
2017-05-30,3.5759880542755127,3.6217501163482666,3.657249927520752,3.5762500762939453,3.5924999713897705,989652000
2017-05-31,3.563152313232422,3.608750104904175,3.674999952316284,3.5512499809265137,3.667249917984009,887316000
2017-06-01,3.563399076461792,3.608999967575073,3.6257500648498535,3.562999963760376,3.6247498989105225,503340000
2017-06-02,3.545627355575561,3.5910000801086426,3.632499933242798,3.5850000381469727,3.6059999465942383,487456000
2017-06-05,3.653496026992798,3.7002499103546143,3.713249921798706,3.562750101089477,3.57450008392334,817376000
2017-06-06,3.636957883834839,3.683500051498413,3.7422499656677246,3.670000076293945,3.695499897003174,758728000
2017-06-07,3.680895328521729,3.7279999256134033,3.746999979019165,3.692500114440918,3.708250045776367,612612000
2017-06-08,3.9479784965515137,3.998500108718872,4.0,3.794749975204468,3.8364999294281006,1161744000
2017-06-09,3.69274377822876,3.740000009536743,4.212500095367432,3.5687499046325684,4.118500232696533,3692928000
2017-06-12,3.7018771171569824,3.7492499351501465,3.7925000190734863,3.5527501106262207,3.6470000743865967,1697532000
2017-06-13,3.737176179885864,3.785000085830689,3.869250059127808,3.641249895095825,3.859999895095825,1672504000
2017-06-14,3.745074510574341,3.7929999828338623,3.8515000343322754,3.712500095367432,3.788000106811523,1184640000
2017-06-15,3.7611196041107178,3.8092501163482666,3.839999914169312,3.662499904632568,3.674000024795532,963824000
2017-06-16,3.742605447769165,3.7904999256134033,3.867500066757202,3.75600004196167,3.819000005722046,924960000
2017-06-19,3.88330602645874,3.933000087738037,3.9382500648498535,3.8315000534057617,3.835249900817871,778176000
2017-06-20,3.877628803253174,3.9272499084472656,4.043499946594238,3.92300009727478,3.975749969482422,1095444000
2017-06-21,3.9363760948181152,3.986749887466431,3.990499973297119,3.892499923706055,3.955250024795532,682652000
2017-06-22,3.909223794937134,3.959249973297119,4.008500099182129,3.934999942779541,3.994999885559082,469132000
2017-06-23,3.7971580028533936,3.845750093460083,3.983000040054321,3.830499887466431,3.9670000076293945,1088588000
2017-06-26,3.7556891441345215,3.8037500381469727,3.9149999618530273,3.708250045776367,3.878999948501587,1063960000
2017-06-27,3.6181986331939697,3.6644999980926514,3.794749975204468,3.658750057220459,3.78600001335144,999492000
2017-06-28,3.745814561843872,3.793750047683716,3.798500061035156,3.643749952316284,3.733000040054321,994948000
2017-06-29,3.620666742324829,3.6670000553131104,3.767999887466431,3.601999998092652,3.765000104904175,1064424000
2017-06-30,3.5683364868164062,3.614000082015991,3.6982500553131104,3.587500095367432,3.684499979019165,731060000
2017-07-03,3.4392380714416504,3.48324990272522,3.641249895095825,3.4644999504089355,3.6262500286102295,709072000
2017-07-05,3.531062602996826,3.5762500762939453,3.6054999828338623,3.528249979019165,3.547499895095825,820188000
2017-07-06,3.541677474975586,3.586999893188477,3.634500026702881,3.49399995803833,3.546750068664551,746284000
2017-07-07,3.62264084815979,3.6689999103546143,3.6875,3.621249914169312,3.6445000171661377,654972000
2017-07-10,3.793948888778688,3.8424999713897705,3.849999904632568,3.7170000076293945,3.743499994277954,958492000
2017-07-11,3.847760677337648,3.8970000743865967,3.904750108718872,3.8037500381469727,3.846250057220459,757956000
2017-07-12,4.011415004730225,4.062749862670898,4.074999809265137,3.9140000343322754,3.9574999809265137,1145208000
2017-07-13,3.965009689331055,4.015749931335449,4.15749979019165,3.96875,4.074999809265137,1369132000
2017-07-14,4.07164478302002,4.12375020980835,4.125249862670898,4.02524995803833,4.032249927520752,941948000
2017-07-17,4.054365634918213,4.106249809265137,4.1875,4.043749809265137,4.158249855041504,930792000
2017-07-18,4.096575736999512,4.14900016784668,4.163750171661377,4.03249979019165,4.04449987411499,776640000
2017-07-19,4.075348854064941,4.127500057220459,4.184999942779541,4.115250110626221,4.158249855041504,687044000
2017-07-20,4.13459062576294,4.1875,4.187749862670898,4.097750186920166,4.148250102996826,699596000
2017-07-21,4.149399757385254,4.202499866485596,4.232500076293945,4.152249813079834,4.166749954223633,648332000
2017-07-24,4.10126543045044,4.153749942779541,4.2195000648498535,4.14300012588501,4.209750175476074,652524000
2017-07-25,4.08151912689209,4.133749961853027,4.148250102996826,4.089499950408936,4.130499839782715,496556000
2017-07-26,4.128665924072266,4.18149995803833,4.2482500076293945,4.146249771118164,4.191999912261963,640404000
2017-07-27,3.992409706115722,4.043499946594238,4.218500137329102,3.938999891281128,4.20674991607666,782856000
2017-07-28,4.0578227043151855,4.109749794006348,4.134500026702881,3.982000112533569,4.00724983215332,513348000
2017-07-31,4.011415004730225,4.062749862670898,4.159999847412109,4.015500068664551,4.123499870300293,559672000
2017-08-01,4.060290336608887,4.112249851226807,4.113999843597412,4.025000095367432,4.053249835968018,431384000
2017-08-02,4.0578227043151855,4.109749794006348,4.147749900817871,4.031750202178955,4.143750190734863,478444000
2017-08-03,4.109413146972656,4.162000179290772,4.165750026702881,4.0920000076293945,4.109250068664551,442420000
2017-08-04,4.127430438995361,4.18025016784668,4.2517499923706055,4.162000179290772,4.184999942779541,589096000
2017-08-07,4.254307270050049,4.308750152587891,4.309249877929688,4.199999809265137,4.209750175476074,717412000
2017-08-08,4.203704833984375,4.257500171661377,4.363999843597412,4.217750072479248,4.347249984741211,755336000
2017-08-09,4.248384475708008,4.302750110626221,4.30525016784668,4.1917500495910645,4.210750102996826,530784000
2017-08-10,4.06646203994751,4.118500232696533,4.316500186920166,4.108250141143799,4.303999900817871,1328088000
2017-08-11,3.8497352600097656,3.8989999294281006,3.974999904632568,3.8227500915527344,3.928499937057495,1497196000
2017-08-14,4.156805038452148,4.210000038146973,4.213749885559082,3.9800000190734863,3.9917500019073486,1279020000
2017-08-15,4.1217546463012695,4.174499988555908,4.2417497634887695,4.139750003814697,4.215250015258789,764532000
2017-08-16,4.076582431793213,4.128749847412109,4.213500022888184,4.0960001945495605,4.1897501945495605,596632000
2017-08-17,3.98574423789978,4.036749839782715,4.137499809265137,4.0345001220703125,4.120250225067139,525444000
2017-08-18,3.986484050750733,4.037499904632568,4.109000205993652,3.990999937057495,4.091750144958496,601204000
2017-08-21,3.92847752571106,3.978749990463257,4.073750019073486,3.9342501163482666,4.062250137329102,623672000
2017-08-22,4.015935897827148,4.06374979019165,4.06974983215332,3.9927499294281006,4.012249946594238,450456000
2017-08-23,4.096229553222656,4.144999980926514,4.15625,4.021249771118164,4.03000020980835,579520000
2017-08-24,4.081160068511963,4.129749774932861,4.182000160217285,4.103000164031982,4.177499771118164,469700000
2017-08-25,4.047066688537598,4.095250129699707,4.164500236511231,4.088749885559082,4.154250144958496,357200000
2017-08-28,4.075725078582764,4.1242499351501465,4.127500057220459,4.058249950408936,4.114500045776367,389496000
2017-08-29,4.069052696228027,4.117499828338623,4.139500141143799,4.05649995803833,4.0647501945495605,324096000
2017-08-30,4.093265533447266,4.142000198364258,4.153250217437744,4.106750011444092,4.137499809265137,384400000
2017-08-31,4.186159610748291,4.236000061035156,4.239999771118164,4.15500020980835,4.162499904632568,612684000
2017-09-01,4.211359977722168,4.261499881744385,4.297500133514404,4.239999771118164,4.24875020980835,445432000
2017-09-05,4.098947048187256,4.147749900817871,4.214499950408936,4.089000225067139,4.209499835968018,695364000
2017-09-06,4.096478462219238,4.145249843597412,4.195000171661377,4.110000133514404,4.181000232696533,397672000
2017-09-07,4.115500450134277,4.164500236511231,4.197249889373779,4.12375020980835,4.16225004196167,352868000
2017-09-08,4.0440993309021,4.092249870300293,4.167749881744385,4.067749977111816,4.152750015258789,498856000
2017-09-11,4.175288200378418,4.224999904632568,4.235750198364258,4.132999897003174,4.138500213623047,567444000
2017-09-12,4.190359592437744,4.240250110626221,4.25,4.17425012588501,4.25,411488000
2017-09-13,4.209136009216309,4.259250164031982,4.28849983215332,4.182000160217285,4.214749813079834,580960000
2017-09-14,4.185170650482178,4.235000133514404,4.314000129699707,4.195000171661377,4.219749927520752,513712000
2017-09-15,4.449769973754883,4.502749919891357,4.502749919891357,4.316249847412109,4.321499824523926,1364792000
2017-09-18,4.633581638336182,4.68874979019165,4.78000020980835,4.621500015258789,4.628499984741211,1684460000
2017-09-19,4.628641605377197,4.683750152587891,4.746250152587891,4.615499973297119,4.637750148773193,874280000
2017-09-20,4.591335773468018,4.645999908447266,4.735499858856201,4.605249881744385,4.6875,724920000
2017-09-21,4.465828895568848,4.519000053405762,4.567500114440918,4.440249919891357,4.540999889373779,1075600000
2017-09-22,4.4223480224609375,4.474999904632568,4.557750225067139,4.465000152587891,4.507500171661377,491232000
2017-09-25,4.224701881408691,4.275000095367432,4.445000171661377,4.254000186920166,4.443749904632568,874580000
2017-09-26,4.248417377471924,4.298999786376953,4.4670000076293945,4.258749961853027,4.411250114440918,1125620000
2017-09-27,4.341558456420898,4.393249988555908,4.406750202178955,4.318749904632568,4.390500068664551,713720000
2017-09-28,4.340325355529785,4.392000198364258,4.4045000076293945,4.343999862670898,4.4004998207092285,435244000
2017-09-29,4.416665554046631,4.469250202178955,4.493249893188477,4.431250095367432,4.477000236511231,619092000
2017-10-02,4.4223480224609375,4.474999904632568,4.549499988555908,4.425000190734863,4.519999980926514,503480000
2017-10-03,4.431488037109375,4.484250068664551,4.514500141143799,4.439499855041504,4.481249809265137,390332000
2017-10-04,4.468546390533447,4.521749973297119,4.544250011444092,4.453499794006348,4.490499973297119,427848000
2017-10-05,4.466075897216797,4.51924991607666,4.550000190734863,4.488999843597412,4.546500205993652,437364000
2017-10-06,4.479171276092529,4.53249979019165,4.546000003814697,4.474999904632568,4.491250038146973,318800000
2017-10-09,4.5802178382873535,4.634749889373779,4.66825008392334,4.550749778747559,4.56974983215332,563492000
2017-10-10,4.6676764488220215,4.723249912261963,4.823750019073486,4.68149995803833,4.785749912261963,974876000
2017-10-11,4.717334747314453,4.773499965667725,4.775000095367432,4.69350004196167,4.739999771118164,529508000
2017-10-12,4.7195587158203125,4.775750160217285,4.827250003814697,4.7482500076293945,4.776999950408936,528292000
2017-10-13,4.807510852813721,4.864749908447266,4.875,4.791250228881836,4.838749885559082,628728000
2017-10-16,4.890028476715088,4.948249816894531,4.951250076293945,4.830999851226807,4.894999980926514,576640000
2017-10-17,4.8855814933776855,4.943749904632568,4.972499847412109,4.908750057220459,4.927249908447266,478596000
2017-10-18,4.881381988525391,4.939499855041504,4.953499794006348,4.833000183105469,4.952750205993652,567316000
2017-10-19,4.8868184089660645,4.945000171661377,4.949999809265137,4.81125020980835,4.861000061035156,570772000
2017-10-20,4.864582538604736,4.922500133514404,4.989749908447266,4.91349983215332,4.962250232696533,451620000
2017-10-23,4.857663631439209,4.915500164031982,4.971250057220459,4.894999980926514,4.944499969482422,428696000
2017-10-24,4.908558368682861,4.9670000076293945,4.96875,4.898499965667725,4.924749851226807,407244000
2017-10-25,4.7845330238342285,4.84149980545044,4.980500221252441,4.779250144958496,4.927000045776367,828160000
2017-10-26,4.83468770980835,4.892250061035156,4.90399980545044,4.845250129699707,4.869500160217285,322744000
2017-10-27,4.987122535705566,5.046500205993652,5.046750068664551,4.918749809265137,4.945000171661377,572192000
2017-10-30,5.036041259765625,5.0960001945495605,5.152249813079834,5.0304999351501465,5.046500205993652,504056000
2017-10-31,5.109416484832764,5.170249938964844,5.197249889373779,5.122499942779541,5.1282501220703125,411908000
2017-11-01,5.119050979614258,5.179999828338623,5.2492499351501465,5.114999771118164,5.233749866485596,502576000
2017-11-02,5.087923049926758,5.148499965667725,5.195250034332275,5.091249942779541,5.150000095367432,342308000
2017-11-03,5.15586519241333,5.217249870300293,5.217249870300293,5.133500099182129,5.179999828338623,353640000
2017-11-06,5.179087162017822,5.240749835968018,5.249499797821045,5.167500019073486,5.179999828338623,389944000
2017-11-07,5.238382816314697,5.300749778747559,5.322500228881836,5.251500129699707,5.263750076293945,427700000
2017-11-08,5.167476654052734,5.229000091552734,5.300000190734863,5.181000232696533,5.296249866485596,522988000
2017-11-09,5.072606086730957,5.132999897003174,5.158249855041504,5.009250164031982,5.131750106811523,978564000
2017-11-10,5.339922904968262,5.403500080108643,5.466750144958496,5.290750026702881,5.327000141143799,1253256000
2017-11-13,5.253204345703125,5.3157501220703125,5.4292497634887695,5.300250053405762,5.403500080108643,582376000
2017-11-14,5.291499614715576,5.354499816894531,5.369999885559082,5.280749797821045,5.324999809265137,529292000
2017-11-15,5.187735080718994,5.249499797821045,5.300000190734863,5.195000171661377,5.298749923706055,501948000
2017-11-16,5.228003025054932,5.290249824523926,5.355000019073486,5.28125,5.32450008392334,441768000
2017-11-17,5.221827507019043,5.283999919891357,5.383749961853027,5.268750190734863,5.3480000495910645,515664000
2017-11-20,5.289028167724609,5.352000236511231,5.364250183105469,5.262499809265137,5.299749851226807,396100000
2017-11-21,5.337698459625244,5.401249885559082,5.413000106811523,5.360000133514404,5.392250061035156,399176000
2017-11-22,5.313717842102051,5.3732500076293945,5.425000190734863,5.340250015258789,5.425000190734863,356640000
2017-11-24,5.363905429840088,5.423999786376953,5.425000190734863,5.364999771118164,5.389750003814697,180752000
2017-11-27,5.294185638427734,5.353499889373779,5.434000015258789,5.350249767303467,5.432750225067139,422896000
2017-11-28,5.209386348724365,5.267749786376953,5.368249893188477,5.205999851226807,5.358749866485596,512752000
2017-11-29,4.8560943603515625,4.9105000495910645,5.252999782562256,4.780749797821045,5.250249862670898,1396788000
2017-11-30,4.962155818939209,5.017749786376953,5.066999912261963,4.916250228881836,4.980000019073486,823768000
2017-12-01,4.887246131896973,4.941999912261963,5.0032501220703125,4.8117499351501465,4.982749938964844,811548000
2017-12-04,4.614798545837402,4.666500091552734,5.007500171661377,4.612500190734863,5.00124979019165,1240844000
2017-12-05,4.641497611999512,4.69350004196167,4.817500114440918,4.514500141143799,4.559999942779541,981488000
2017-12-06,4.679079055786133,4.731500148773193,4.753499984741211,4.620999813079834,4.642499923706055,467032000
2017-12-07,4.74657154083252,4.799749851226807,4.840000152587891,4.752999782562256,4.798999786376953,542600000
2017-12-08,4.734210014343262,4.78725004196167,4.869500160217285,4.778749942779541,4.850249767303467,466876000
2017-12-11,4.812582492828369,4.866499900817871,4.869500160217285,4.7855000495910645,4.801499843597412,372748000
2017-12-12,4.7181396484375,4.770999908447266,4.8460001945495605,4.747250080108643,4.822500228881836,455016000
2017-12-13,4.602931022644043,4.6545000076293945,4.81374979019165,4.646999835968018,4.8125,554280000
2017-12-14,4.610101222991943,4.661749839782715,4.733500003814697,4.614999771118164,4.6479997634887695,438164000
2017-12-15,4.735939979553223,4.789000034332275,4.809500217437744,4.640500068664551,4.706250190734863,670036000
2017-12-18,4.8926849365234375,4.947500228881836,4.950500011444092,4.800000190734863,4.829999923706055,477704000
2017-12-19,4.8484320640563965,4.902750015258789,4.943250179290772,4.874000072479248,4.938000202178955,373100000
2017-12-20,4.865488052368164,4.920000076293945,4.951749801635742,4.863749980926514,4.942500114440918,288820000
2017-12-21,4.842991828918457,4.897250175476074,4.948750019073486,4.888750076293945,4.923500061035156,300904000
2017-12-22,4.827664375305176,4.881750106811523,4.891250133514404,4.78125,4.860000133514404,466276000
2017-12-26,4.881311416625977,4.935999870300293,4.943749904632568,4.795499801635742,4.82574987411499,355080000
2017-12-27,4.874636650085449,4.9292497634887695,4.9992499351501465,4.907750129699707,4.922500133514404,329488000
2017-12-28,4.8803229331970215,4.934999942779541,4.984499931335449,4.928750038146973,4.953249931335449,240248000
2017-12-29,4.783902645111084,4.837500095367432,4.96150016784668,4.837500095367432,4.96150016784668,279964000
2018-01-02,4.928532600402832,4.983749866485596,4.987500190734863,4.862500190734863,4.894499778747559,355616000
2018-01-03,5.252898693084717,5.3117499351501465,5.34250020980835,5.09375,5.102499961853027,914704000
2018-01-04,5.280588626861572,5.339749813079834,5.451250076293945,5.317249774932861,5.394000053405762,583268000
2018-01-05,5.325336933135986,5.385000228881836,5.422749996185303,5.276999950408936,5.354750156402588,580124000
2018-01-08,5.488509178161621,5.550000190734863,5.625,5.464499950408936,5.510000228881836,881216000
2018-01-09,5.487026691436768,5.548500061035156,5.5954999923706055,5.466000080108643,5.555500030517578,497000000
2018-01-10,5.530043125152588,5.5920000076293945,5.5954999923706055,5.400000095367432,5.454999923706055,582664000
2018-01-11,5.539933681488037,5.602000236511231,5.656750202178955,5.580249786376953,5.625,406032000
2018-01-12,5.512738227844238,5.57450008392334,5.624750137329102,5.5335001945495605,5.590000152587891,359916000
2018-01-16,5.441783428192139,5.502749919891357,5.687749862670898,5.417250156402588,5.601250171661377,702348000
2018-01-17,5.555754661560059,5.618000030517578,5.627999782562256,5.422500133514404,5.517499923706055,538408000
2018-01-18,5.548833847045898,5.611000061035156,5.665999889373779,5.566999912261963,5.598499774932861,408632000
2018-01-19,5.689012050628662,5.752749919891357,5.777249813079834,5.675000190734863,5.702250003814697,609380000
2018-01-22,5.777521133422852,5.842249870300293,5.843999862670898,5.702499866485596,5.760749816894531,550944000
2018-01-23,5.906576156616211,5.972750186920166,5.995749950408936,5.877500057220459,5.896249771118164,475228000
2018-01-24,5.829687118530273,5.894999980926514,6.012249946594238,5.838749885559082,5.97599983215332,579972000
2018-01-25,5.843283653259277,5.908750057220459,5.993750095367432,5.893750190734863,5.949999809265137,409884000
2018-01-26,6.0158514976501465,6.083250045776367,6.083499908447266,5.940000057220459,5.953000068664551,516356000
2018-01-29,6.10287618637085,6.171249866485596,6.202750205993652,6.015250205993652,6.06850004196167,455116000
2018-01-30,6.000771045684815,6.067999839782715,6.1605000495910645,5.960249900817871,6.027750015258789,570832000
2018-01-31,6.076917171478272,6.144999980926514,6.231750011444092,6.111249923706055,6.14424991607666,478576000
2018-02-01,5.9458842277526855,6.012499809265137,6.172500133514404,5.951499938964844,5.9629998207092285,519224000
2018-02-02,5.773319244384766,5.8379998207092285,5.949250221252441,5.779250144958496,5.925000190734863,718464000
2018-02-05,5.283308029174805,5.34250020980835,5.830749988555908,5.125,5.675000190734863,1165204000
2018-02-06,5.577016830444336,5.639500141143799,5.642499923706055,5.099999904632568,5.110000133514404,1114800000
2018-02-07,5.656626224517822,5.71999979019165,5.8742499351501465,5.667500019073486,5.739500045776367,802932000
2018-02-08,5.377751350402832,5.438000202178955,5.880499839782715,5.437749862670898,5.8470001220703125,1144000000
2018-02-09,5.737718105316162,5.802000045776367,5.972249984741211,5.438000202178955,5.956250190734863,1674604000
2018-02-12,5.6375885009765625,5.70074987411499,5.88700008392334,5.6257500648498535,5.883999824523926,1093172000
2018-02-13,5.751314640045166,5.8157501220703125,5.862500190734863,5.631249904632568,5.664000034332275,625524000
2018-02-14,5.968631267547607,6.0355000495910645,6.0647501945495605,5.763750076293945,5.775000095367432,744988000
2018-02-15,6.0942230224609375,6.162499904632568,6.209249973297119,6.038000106811523,6.119750022888184,698900000
2018-02-16,6.0284600257873535,6.0960001945495605,6.25,6.086750030517578,6.135000228881836,637656000
2018-02-20,6.158009052276611,6.227000236511231,6.296750068664551,6.114999771118164,6.118750095367432,686240000
2018-02-21,5.97085428237915,6.037749767303467,6.29925012588501,6.033999919891357,6.292250156402588,892292000
2018-02-22,5.990399360656738,6.053750038146973,6.140749931335449,5.987500190734863,6.068250179290772,534364000
2018-02-23,6.083910465240479,6.148250102996826,6.148250102996826,6.063000202178955,6.114250183105469,415300000
2018-02-26,6.099989414215088,6.164500236511231,6.19950008392334,6.101500034332275,6.195000171661377,469312000
2018-02-27,6.087125301361084,6.151500225067139,6.222750186920166,6.1282501220703125,6.137499809265137,455436000
2018-02-28,5.98668909072876,6.050000190734863,6.202499866485596,6.038249969482422,6.162499904632568,523116000
2018-03-01,5.744499206542969,5.80525016784668,6.102250099182129,5.703000068664551,6.047749996185303,1040120000
2018-03-02,5.851616859436035,5.91349983215332,5.920000076293945,5.546249866485596,5.696499824523926,913428000
2018-03-05,5.829599857330322,5.891250133514404,5.931250095367432,5.73799991607666,5.862750053405762,620776000
2018-03-06,5.990645408630371,6.053999900817871,6.073500156402588,5.934000015258789,5.977499961853027,636808000
2018-03-07,5.982729434967041,6.046000003814697,6.098750114440918,5.948750019073486,5.949999809265137,581208000
2018-03-08,5.966402053833008,6.0295000076293945,6.073750019073486,5.984749794006348,6.073750019073486,411912000
2018-03-09,6.069066524505615,6.133250236511231,6.146249771118164,6.06125020980835,6.077499866485596,505524000
2018-03-12,6.178657054901123,6.24399995803833,6.324999809265137,6.166749954223633,6.175000190734863,605060000
2018-03-13,6.12794303894043,6.192749977111816,6.362500190734863,6.151000022888184,6.28725004196167,619772000
2018-03-14,6.153425693511963,6.218500137329102,6.263750076293945,6.1554999351501465,6.236249923706055,505496000
2018-03-15,6.168267250061035,6.233500003814697,6.315499782562256,6.190999984741211,6.232250213623047,401952000
2018-03-16,6.196468353271484,6.26200008392334,6.28125,6.211999893188477,6.25,399456000
2018-03-19,5.961948394775391,6.025000095367432,6.233749866485596,5.925000190734863,6.204500198364258,713772000
2018-03-20,6.174204349517822,6.239500045776367,6.278749942779541,6.027999877929688,6.027999877929688,554696000
2018-03-21,6.148972511291504,6.214000225067139,6.300000190734863,6.183249950408936,6.232999801635742,438688000
2018-03-22,5.982977390289307,6.046249866485596,6.197000026702881,6.008500099182129,6.150000095367432,551196000
2018-03-23,5.76330041885376,5.824250221252441,6.0625,5.813000202178955,6.059999942779541,735620000
2018-03-26,6.048038482666016,6.111999988555908,6.113249778747559,5.897500038146973,5.949999809265137,611424000
2018-03-27,5.578999996185303,5.638000011444092,6.25,5.496250152587891,6.193749904632568,1409000000
2018-03-28,5.475841045379639,5.533750057220459,5.734749794006348,5.425000190734863,5.603250026702881,945904000
2018-03-29,5.729161739349365,5.789750099182129,5.887499809265137,5.517499923706055,5.602749824523926,916628000
2018-04-02,5.468418121337891,5.526249885559082,5.866250038146973,5.4375,5.718500137329102,922092000
2018-04-03,5.574794292449951,5.633749961853027,5.758749961853027,5.533750057220459,5.695000171661377,667432000
2018-04-04,5.596810817718506,5.656000137329102,5.666500091552734,5.349999904632568,5.375249862670898,789168000
2018-04-05,5.4765825271606445,5.5345001220703125,5.728250026702881,5.462250232696533,5.715000152587891,701240000
2018-04-06,5.300199031829834,5.356249809265137,5.539999961853027,5.326749801635742,5.430749893188477,662988000
2018-04-09,5.328895568847656,5.385250091552734,5.54925012588501,5.364999771118164,5.420000076293945,499524000
2018-04-10,5.638124465942383,5.697750091552734,5.724999904632568,5.56024980545044,5.618000030517578,761676000
2018-04-11,5.596810817718506,5.656000137329102,5.724500179290772,5.623000144958496,5.682750225067139,460244000
2018-04-12,5.803624153137207,5.864999771118164,5.882999897003174,5.705249786376953,5.75,593920000
2018-04-13,5.726935386657715,5.787499904632568,5.937749862670898,5.738749980926514,5.9292497634887695,503036000
2018-04-16,5.726686954498291,5.78725004196167,5.821000099182129,5.691999912261963,5.794250011444092,350792000
2018-04-17,5.876354694366455,5.938499927520752,5.960000038146973,5.783750057220459,5.840000152587891,447224000
2018-04-18,5.847411155700684,5.909249782562256,5.981249809265137,5.819250106811523,5.887499809265137,391364000
2018-04-19,5.666079044342041,5.72599983215332,5.827499866485596,5.670000076293945,5.793749809265137,471996000
2018-04-20,5.657914638519287,5.717750072479248,5.802499771118164,5.68625020980835,5.717249870300293,386200000
2018-04-23,5.538427352905273,5.5970001220703125,5.787499904632568,5.570750236511231,5.735750198364258,427508000
2018-04-24,5.472130298614502,5.53000020980835,5.71999979019165,5.464000225067139,5.623000144958496,414596000
2018-04-25,5.359817028045654,5.416500091552734,5.539500236511231,5.257500171661377,5.5,588492000
2018-04-26,5.571577072143555,5.630499839782715,5.638750076293945,5.51324987411499,5.579999923706055,375824000
2018-04-27,5.5990376472473145,5.658249855041504,5.757500171661377,5.615499973297119,5.737500190734863,400848000
2018-04-30,5.563661575317383,5.622499942779541,5.724999904632568,5.603000164031982,5.674749851226807,327844000
2018-05-01,5.619075775146484,5.678500175476074,5.681250095367432,5.554999828338623,5.614250183105469,253788000
2018-05-02,5.598543643951416,5.657750129699707,5.71999979019165,5.631249904632568,5.675000190734863,268248000
2018-05-03,5.763794898986816,5.824749946594238,5.851250171661377,5.64424991607666,5.690000057220459,443144000
2018-05-04,5.913956642150879,5.976500034332275,5.979750156402588,5.778250217437744,5.795750141143799,400660000
2018-05-07,6.151940822601318,6.2170000076293945,6.274750232696533,6.072249889373779,6.082250118255615,687616000
2018-05-08,6.194491863250732,6.260000228881836,6.262750148773193,6.167749881744385,6.217249870300293,506616000
2018-05-09,6.327582836151123,6.394499778747559,6.396749973297119,6.252749919891357,6.280250072479248,596760000
2018-05-10,6.435194492340088,6.5032501220703125,6.512499809265137,6.429999828338623,6.447999954223633,994080000
2018-05-11,6.29665994644165,6.363249778747559,6.494750022888184,6.263500213623047,6.319499969482422,1214456000
2018-05-14,6.317192554473877,6.383999824523926,6.462250232696533,6.360000133514404,6.401750087738037,523140000
2018-05-15,6.074756145477295,6.138999938964844,6.322500228881836,6.037499904632568,6.31974983215332,963528000
2018-05-16,6.085887432098389,6.15024995803833,6.2129998207092285,6.062749862670898,6.099999904632568,553828000
2018-05-17,6.12794303894043,6.192749977111816,6.287499904632568,6.135749816894531,6.151999950408936,519784000
2018-05-18,6.084157466888428,6.148499965667725,6.309249877929688,6.143499851226807,6.245250225067139,483716000
2018-05-21,6.042102336883545,6.105999946594238,6.2507500648498535,6.012249946594238,6.247000217437744,640624000
2018-05-22,6.00400447845459,6.067500114440918,6.144999980926514,6.006249904632568,6.119500160217285,518264000
2018-05-23,6.127525329589844,6.188499927520752,6.1897501945495605,6.006249904632568,6.006999969482422,442956000
2018-05-24,6.131237983703613,6.192249774932861,6.235000133514404,6.13100004196167,6.184750080108643,437372000
2018-05-25,6.17059850692749,6.23199987411499,6.248499870300293,6.169000148773193,6.204999923706055,292112000
2018-05-29,6.153517246246338,6.214749813079834,6.2835001945495605,6.167500019073486,6.213749885559082,352684000
2018-05-30,6.262434005737305,6.324749946594238,6.333499908447266,6.223750114440918,6.24875020980835,390996000
2018-05-31,6.242629051208496,6.304749965667725,6.380000114440918,6.281750202178955,6.292500019073486,493868000
2018-06-01,6.377041339874268,6.440499782562256,6.446750164031982,6.341249942779541,6.349999904632568,421968000
2018-06-04,6.55601167678833,6.621250152587891,6.643499851226807,6.442500114440918,6.474999904632568,642024000
2018-06-05,6.561454772949219,6.6267499923706055,6.664750099182129,6.579249858856201,6.624499797821045,391712000
2018-06-06,6.563437461853027,6.628749847412109,6.631999969482422,6.51924991607666,6.535749912261963,371356000
2018-06-07,6.507742881774902,6.572500228881836,6.63700008392334,6.481249809265137,6.625,369448000
2018-06-08,6.492393970489502,6.557000160217285,6.599999904632568,6.480000019073486,6.499000072479248,360456000
2018-06-11,6.451303482055664,6.515500068664551,6.586249828338623,6.502500057220459,6.544250011444092,265372000
2018-06-12,6.499821186065674,6.564499855041504,6.576749801635742,6.491499900817871,6.542250156402588,319160000
2018-06-13,6.495365619659424,6.559999942779541,6.641749858856201,6.550749778747559,6.565999984741211,338208000
2018-06-14,6.607003688812256,6.672749996185303,6.730000019073486,6.590499877929688,6.605500221252441,430016000
2018-06-15,6.566160202026367,6.631499767303467,6.686999797821045,6.583749771118164,6.614999771118164,432260000
2018-06-18,6.561952114105225,6.6272501945495605,6.644999980926514,6.559500217437744,6.586999893188477,356268000
2018-06-19,6.440165519714356,6.5042500495910645,6.591000080108643,6.375500202178955,6.5229997634887695,594932000
2018-06-20,6.493137836456299,6.557750225067139,6.611249923706055,6.506999969482422,6.545750141143799,369780000
2018-06-21,6.3644185066223145,6.427750110626221,6.608500003814697,6.420000076293945,6.590000152587891,359516000
2018-06-22,6.211935043334961,6.273749828338623,6.462250232696533,6.258250236511231,6.448750019073486,434160000
2018-06-25,5.919098854064941,5.978000164031982,6.170000076293945,5.888500213623047,6.166250228881836,665816000
2018-06-26,5.990141868591309,6.049749851226807,6.141250133514404,5.99774980545044,6.09250020980835,478884000
2018-06-27,5.834938049316406,5.89300012588501,6.160749912261963,5.887499809265137,6.09375,453892000
2018-06-28,5.962170600891113,6.021500110626221,6.0335001945495605,5.875249862670898,5.882999897003174,338012000
2018-06-29,5.864147663116455,5.922500133514404,6.099999904632568,5.921249866485596,6.087250232696533,392300000
2018-07-02,5.996331214904785,6.056000232696533,6.059750080108643,5.831500053405762,5.852250099182129,357572000
2018-07-03,5.862661361694336,5.921000003814697,6.0970001220703125,5.912499904632568,6.091000080108643,222732000
2018-07-05,6.008460998535156,6.068250179290772,6.073249816894531,5.9375,5.976749897003174,306216000
2018-07-06,6.122326850891113,6.183249950408936,6.1917500495910645,6.021999835968018,6.043499946594238,296352000
2018-07-09,6.169854164123535,6.231249809265137,6.26800012588501,6.151750087738037,6.258250236511231,303880000
2018-07-10,6.268869400024414,6.331250190734863,6.353499889373779,6.203000068664551,6.243750095367432,360016000
2018-07-11,6.127277374267578,6.1882500648498535,6.272500038146973,6.177499771118164,6.237500190734863,367508000
2018-07-12,6.218865871429443,6.280749797821045,6.329249858856201,6.223999977111816,6.234000205993652,345508000
2018-07-13,6.171587467193604,6.232999801635742,6.299499988555908,6.190499782562256,6.299499988555908,246988000
2018-07-16,6.143863677978516,6.204999923706055,6.258500099182129,6.192500114440918,6.204999923706055,197036000
2018-07-17,6.279761791229248,6.342249870300293,6.357500076293945,6.129499912261963,6.155250072479248,362136000
2018-07-18,6.230501174926758,6.292500019073486,6.348750114440918,6.241000175476074,6.334750175476074,277640000
2018-07-19,6.238670349121094,6.300749778747559,6.334750175476074,6.258250236511231,6.273499965667725,235752000
2018-07-20,6.210449695587158,6.272250175476074,6.337500095367432,6.261250019073486,6.298250198364258,222352000
2018-07-23,6.173816204071045,6.235249996185303,6.247250080108643,6.081999778747559,6.245500087738037,301584000
2018-07-24,6.156485557556152,6.217750072479248,6.371250152587891,6.199999809265137,6.283750057220459,354620000
2018-07-25,6.2347092628479,6.296750068664551,6.309500217437744,6.168749809265137,6.227250099182129,319112000
2018-07-26,6.308226585388184,6.370999813079834,6.408249855041504,6.259500026702881,6.276500225067139,325124000
2018-07-27,6.23842191696167,6.30049991607666,6.414999961853027,6.245999813079834,6.4079999923706055,295420000
2018-07-30,6.043115615844727,6.103250026702881,6.320750236511231,6.067999839782715,6.3147501945495605,340340000
2018-07-31,6.061187267303467,6.121500015258789,6.197000026702881,6.053500175476074,6.092750072479248,283988000
2018-08-01,6.101040363311768,6.161749839782715,6.209000110626221,6.097249984741211,6.153250217437744,283556000
2018-08-02,6.203766822814941,6.265500068664551,6.269499778747559,6.030250072479248,6.089749813079834,269668000
2018-08-03,6.240403652191162,6.302499771118164,6.326499938964844,6.273250102996826,6.290249824523926,214288000
2018-08-06,6.2881760597229,6.350749969482422,6.354249954223633,6.24275016784668,6.289750099182129,207508000
2018-08-07,6.360457420349121,6.423749923706055,6.442500114440918,6.373000144958496,6.400000095367432,258132000
2018-08-08,6.396845817565918,6.4604997634887695,6.50600004196167,6.389750003814697,6.425000190734863,262100000
2018-08-09,6.34832763671875,6.411499977111816,6.481249809265137,6.403749942779541,6.478499889373779,204280000
2018-08-10,6.306989669799805,6.369750022888184,6.402500152587891,6.317500114440918,6.328750133514404,256396000
2018-08-13,6.339912414550781,6.402999877929688,6.525000095367432,6.3767499923706055,6.378499984741211,375208000
2018-08-14,6.471353530883789,6.535749912261963,6.550000190734863,6.42549991607666,6.509500026702881,466220000
2018-08-15,6.41318416595459,6.477000236511231,6.591000080108643,6.397500038146973,6.5567498207092285,591136000
2018-08-16,6.372587203979492,6.435999870300293,6.550000190734863,6.375249862670898,6.547500133514404,801260000
2018-08-17,6.0601959228515625,6.120500087738037,6.324250221252441,6.093249797821045,6.323500156402588,1143188000
2018-08-20,6.134951591491699,6.196000099182129,6.329999923706055,5.9679999351501465,6.079500198364258,854388000
2018-08-21,6.270602703094482,6.333000183105469,6.337500095367432,6.192500114440918,6.212500095367432,673988000
2018-08-22,6.505762100219727,6.570499897003174,6.575500011444092,6.296500205993652,6.300000190734863,749856000
2018-08-23,6.605270862579346,6.671000003814697,6.736999988555908,6.517499923706055,6.531499862670898,720684000
2018-08-24,6.7384467124938965,6.805500030517578,6.820250034332275,6.675000190734863,6.679500102996826,531512000
2018-08-27,6.82954216003418,6.897500038146973,6.972499847412109,6.803750038146973,6.8354997634887695,505776000
2018-08-28,6.791913032531738,6.859499931335449,6.914500236511231,6.738249778747559,6.891499996185303,475384000
2018-08-29,6.897423267364502,6.962250232696533,6.987500190734863,6.827000141143799,6.8480000495910645,420108000
2018-08-30,6.880580902099609,6.945250034332275,7.043000221252441,6.9079999923706055,6.930749893188477,346608000
2018-08-31,6.951663970947266,7.017000198364258,7.03000020980835,6.914999961853027,6.925000190734863,306592000
2018-09-04,7.026459693908691,7.09250020980835,7.130499839782715,6.974999904632568,7.003749847412109,391720000
2018-09-05,6.895688533782959,6.9604997634887695,7.110499858856201,6.878749847412109,7.074749946594238,393156000
2018-09-06,6.754516124725342,6.817999839782715,6.946499824523926,6.784749984741211,6.943999767303467,322796000
2018-09-07,6.733215808868408,6.796500205993652,6.923250198364258,6.679749965667725,6.724999904632568,295420000
2018-09-10,6.804297924041748,6.868249893188477,6.898250102996826,6.775000095367432,6.819250106811523,220140000
2018-09-11,6.756497859954834,6.820000171661377,6.909999847412109,6.80049991607666,6.821499824523926,243112000
2018-09-12,6.64256763458252,6.704999923706055,6.799499988555908,6.547999858856201,6.779749870300293,419092000
2018-09-13,6.7203369140625,6.7835001945495605,6.875,6.754000186920166,6.771500110626221,305536000
2018-09-14,6.846401691436768,6.910749912261963,6.977499961853027,6.837500095367432,6.874750137329102,386936000
2018-09-17,6.784484386444092,6.848249912261963,6.934500217437744,6.828750133514404,6.885000228881836,205528000
2018-09-18,6.712410926818848,6.7754998207092285,6.955999851226807,6.768750190734863,6.852250099182129,299520000
2018-09-19,6.736188411712647,6.799499988555908,6.817500114440918,6.706250190734863,6.756750106811523,224860000
2018-09-20,6.595015525817871,6.6570000648498535,6.718999862670898,6.602499961853027,6.676249980926514,430584000
2018-09-21,6.524923801422119,6.586249828338623,6.715000152587891,6.552750110626221,6.669000148773193,435128000
2018-09-24,6.580651760101318,6.642499923706055,6.645999908447266,6.4670000076293945,6.554999828338623,293912000
2018-09-25,6.647769927978516,6.710249900817871,6.735499858856201,6.62274980545044,6.709249973297119,280388000
2018-09-26,6.610865592956543,6.672999858856201,6.75600004196167,6.6570000648498535,6.715250015258789,268548000
2018-09-27,6.6227545738220215,6.684999942779541,6.730000019073486,6.653250217437744,6.708499908447266,214428000
2018-09-28,6.960083961486816,7.0254998207092285,7.047999858856201,6.789999961853027,6.818250179290772,709396000
2018-10-01,7.166641712188721,7.234000205993652,7.301499843597412,7.065000057220459,7.104000091552734,622060000
2018-10-02,7.095313549041748,7.162000179290772,7.318999767303467,7.139500141143799,7.206250190734863,383964000
2018-10-03,7.101505279541016,7.16825008392334,7.240499973297119,7.0632500648498535,7.232999801635742,320552000
2018-10-04,6.917237758636475,6.982250213623047,7.15625,6.9045000076293945,7.131750106811523,391220000
2018-10-05,6.683681488037109,6.746500015258789,7.019999980926514,6.688499927520752,6.957250118255615,426636000
2018-10-08,6.582383155822754,6.64424991607666,6.77899980545044,6.501999855041504,6.662499904632568,408612000
2018-10-09,6.576686859130859,6.638500213623047,6.718999862670898,6.570000171661377,6.623499870300293,273500000
2018-10-10,6.085057258605957,6.142250061035156,6.577750205993652,6.139999866485596,6.531499862670898,684940000
2018-10-11,5.823516845703125,5.8782501220703125,6.189000129699707,5.856500148773193,6.0542497634887695,725436000
2018-10-12,6.106110572814941,6.16349983215332,6.238500118255615,5.991250038146973,6.137750148773193,608236000
2018-10-15,5.82970666885376,5.884500026702881,6.150000095367432,5.883500099182129,6.150000095367432,449760000
2018-10-16,6.08852481842041,6.145750045776367,6.1570000648498535,5.948500156402588,5.9982500076293945,408712000
2018-10-17,6.019919872283936,6.076499938964844,6.247000217437744,6.026999950408936,6.208499908447266,329668000
2018-10-18,5.932491779327393,5.988249778747559,6.18524980545044,5.927249908447266,6.146500110626221,524020000
2018-10-19,5.6759033203125,5.729249954223633,6.06374979019165,5.692500114440918,6.044000148773193,613608000
2018-10-22,5.726675987243652,5.7804999351501465,5.882999897003174,5.676750183105469,5.7820000648498535,368844000
2018-10-23,5.475042343139648,5.526500225067139,5.604750156402588,5.417749881744385,5.510749816894531,626436000
2018-10-24,4.9388298988342285,4.985249996185303,5.534749984741211,4.971250057220459,5.487750053405762,884288000
2018-10-25,5.147619724273682,5.196000099182129,5.243750095367432,4.8420000076293945,4.886750221252441,951720000
2018-10-26,4.911092281341553,4.957250118255615,5.120999813079834,4.828000068664551,4.957749843597412,664784000
2018-10-29,4.597290515899658,4.640500068664551,5.103250026702881,4.40024995803833,5.09975004196167,758016000
2018-10-30,5.027744770050049,5.074999809265137,5.085000038146973,4.640500068664551,4.663750171661377,807192000
2018-10-31,5.221672058105469,5.270750045776367,5.3147501945495605,5.100249767303467,5.241250038146973,745772000
2018-11-01,5.401978492736816,5.452750205993652,5.462250232696533,5.179749965667725,5.307499885559082,566528000
2018-11-02,5.322971343994141,5.373000144958496,5.550000190734863,5.255249977111816,5.443250179290772,452960000
2018-11-05,5.244954586029053,5.294250011444092,5.383250236511231,5.131999969482422,5.359749794006348,379332000
2018-11-06,5.22736930847168,5.276500225067139,5.371250152587891,5.238999843597412,5.286250114440918,299012000
2018-11-07,5.294983863830566,5.344749927520752,5.43524980545044,5.2795000076293945,5.34375,483812000
2018-11-08,5.101798534393311,5.149750232696533,5.285749912261963,5.095749855041504,5.284999847412109,511352000
2018-11-09,5.093873023986816,5.141749858856201,5.232999801635742,5.026000022888184,5.059999942779541,413240000
2018-11-12,4.694378852844238,4.738500118255615,5.071750164031982,4.71649980545044,5.049499988555908,617116000
2018-11-13,4.9363555908203125,4.982749938964844,5.105249881744385,4.830999851226807,4.837250232696533,644712000
2018-11-14,4.883847713470459,4.929749965667725,5.171999931335449,4.820750236511231,5.15749979019165,526580000
2018-11-15,5.012637138366699,5.059750080108643,5.132500171661377,4.887499809265137,4.923749923706055,840708000
2018-11-16,4.07247257232666,4.110750198364258,4.266499996185303,4.040249824523926,4.083000183105469,1963520000
2018-11-19,3.5838160514831543,3.617500066757202,4.045499801635742,3.6157500743865967,4.044750213623047,1697820000
2018-11-20,3.692296743392944,3.7269999980926514,3.8564999103546143,3.332750082015991,3.3515000343322754,1692032000
2018-11-21,3.58406400680542,3.6177499294281006,3.882499933242798,3.590250015258789,3.865499973297119,1025496000
2018-11-23,3.5912466049194336,3.625,3.7397499084472656,3.5697500705718994,3.582750082015991,411968000
2018-11-26,3.7906222343444815,3.826250076293945,3.836750030517578,3.6640000343322754,3.7472500801086426,814832000
2018-11-27,3.807464599609375,3.843250036239624,3.9252500534057617,3.763750076293945,3.799999952316284,738060000
2018-11-28,3.964488983154297,4.0017499923706055,4.006999969482422,3.828249931335449,3.961999893188477,804524000
2018-11-29,3.90126895904541,3.934000015258789,4.037499904632568,3.9035000801086426,4.0,549172000
2018-11-30,4.051755905151367,4.085750102996826,4.096499919891357,3.892999887466431,3.943749904632568,729564000
2018-12-03,4.215631484985352,4.250999927520752,4.367000102996826,4.183499813079834,4.315000057220459,890804000
2018-12-04,3.895070552825928,3.9277501106262207,4.210999965667725,3.912499904632568,4.205999851226807,812112000
2018-12-06,3.924325942993164,3.9572501182556152,3.962249994277954,3.770250082015991,3.78600001335144,692308000
2018-12-07,3.659546613693237,3.690249919891357,3.971750020980835,3.640500068664551,3.9614999294281006,681676000
2018-12-10,3.7649123668670654,3.796499967575073,3.821500062942505,3.641249895095825,3.6449999809265137,629472000
2018-12-11,3.673926591873169,3.704750061035156,3.897249937057495,3.625,3.888999938964844,671912000
2018-12-12,3.691529273986816,3.722500085830689,3.819499969482422,3.620500087738037,3.7105000019073486,654136000
2018-12-13,3.691281080245972,3.722249984741211,3.8345000743865967,3.686000108718872,3.7697501182556152,471384000
2018-12-14,3.630788564682007,3.661250114440918,3.764750003814697,3.637500047683716,3.6802499294281006,471820000
2018-12-17,3.5596354007720947,3.5894999504089355,3.703749895095825,3.5309998989105225,3.63100004196167,662868000
2018-12-18,3.642935514450073,3.673500061035156,3.7582499980926514,3.606250047683716,3.6337499618530273,564372000
2018-12-19,3.4339399337768555,3.46274995803833,3.69350004196167,3.410749912261963,3.63949990272522,745364000
2018-12-20,3.3493993282318115,3.377500057220459,3.5450000762939453,3.3172500133514404,3.4542500972747803,749588000
2018-12-21,3.212299108505249,3.2392499446868896,3.4375,3.2114999294281006,3.404249906539917,863740000
2018-12-24,3.150566816329956,3.177000045776367,3.249500036239624,3.112499952316284,3.16225004196167,463840000
2018-12-26,3.29981541633606,3.327500104904175,3.3285000324249268,3.111500024795532,3.2235000133514404,695100000
2018-12-27,3.2519659996032715,3.279249906539917,3.309499979019165,3.129499912261963,3.274749994277954,637044000
2018-12-28,3.313450574874878,3.341249942779541,3.4347500801086426,3.2577500343322754,3.299999952316284,628728000
2018-12-31,3.309732437133789,3.337500095367432,3.4177498817443848,3.30649995803833,3.384999990463257,465140000
2019-01-02,3.377166748046875,3.4054999351501465,3.461999893188477,3.251250028610229,3.2660000324249268,508752000
2019-01-03,3.173128366470337,3.1997499465942383,3.378999948501587,3.1922500133514404,3.344749927520752,705552000
2019-01-04,3.376422882080078,3.404750108718872,3.4432499408721924,3.242500066757202,3.2734999656677246,585620000
2019-01-07,3.55517315864563,3.5850000381469727,3.6222500801086426,3.410749912261963,3.462500095367432,709160000
2019-01-08,3.466665029525757,3.4957499504089355,3.669500112533569,3.422499895095825,3.667249917984009,786016000
2019-01-09,3.534842729568481,3.564500093460083,3.6122500896453857,3.496500015258789,3.547499895095825,617260000
2019-01-10,3.6005423069000244,3.630749940872192,3.63949990272522,3.483999967575073,3.5450000762939453,523156000
2019-01-11,3.689793348312378,3.720750093460083,3.743750095367432,3.580250024795532,3.60824990272522,874764000
2019-01-14,3.729708671569824,3.760999917984009,3.786499977111816,3.64424991607666,3.6679999828338623,730168000
2019-01-15,3.715577363967896,3.7467501163482666,3.833750009536743,3.728250026702881,3.7939999103546143,617012000
2019-01-16,3.6900417804718018,3.720999956130981,3.807499885559082,3.7155001163482666,3.774250030517578,470104000
2019-01-17,3.761442184448242,3.7929999828338623,3.833250045776367,3.660249948501587,3.6877501010894775,493436000
2019-01-18,3.890608787536621,3.923249959945679,3.94950008392334,3.791249990463257,3.843250036239624,651336000
2019-01-22,3.688305377960205,3.719249963760376,3.9045000076293945,3.6887500286102295,3.892750024795532,661552000
2019-01-23,3.701197624206543,3.732249975204468,3.864500045776367,3.700750112533569,3.775000095367432,591020000
2019-01-24,3.9131693840026855,3.946000099182129,3.963749885559082,3.8127501010894775,3.817500114440918,708972000
2019-01-25,3.9704394340515137,4.003749847412109,4.021999835968018,3.7825000286102295,3.885999917984009,1154572000
2019-01-28,3.421543598175049,3.4502499103546143,3.54099988937378,3.275000095367432,3.413749933242798,2511528000
2019-01-29,3.262627363204956,3.289999961853028,3.452500104904175,3.27524995803833,3.403749942779541,1153932000
2019-01-30,3.4061732292175293,3.4347500801086426,3.4492499828338623,3.2864999771118164,3.3667500019073486,974228000
2019-01-31,3.563851118087769,3.59375,3.62975001335144,3.4094998836517334,3.43149995803833,842852000
2019-02-01,3.5881459712982178,3.618249893188477,3.669749975204468,3.564500093460083,3.612499952316284,625048000
2019-02-04,3.6984710693359375,3.7295000553131104,3.766999959945679,3.611999988555908,3.6342499256134033,528592000
2019-02-05,3.7175607681274414,3.7487499713897705,3.785749912261963,3.7074999809265137,3.741499900817871,542424000
2019-02-06,3.7931764125823975,3.825000047683716,3.890000104904175,3.776750087738037,3.782249927520752,702464000
2019-02-07,3.654836893081665,3.685499906539917,3.7804999351501465,3.642250061035156,3.778249979019165,637120000
2019-02-08,3.6734306812286377,3.70425009727478,3.714999914169312,3.603250026702881,3.6177499294281006,461604000
2019-02-11,3.630788564682007,3.661250114440918,3.714499950408936,3.612499952316284,3.659749984741211,495180000
2019-02-12,3.747806310653688,3.779249906539917,3.795000076293945,3.685499906539917,3.700000047683716,591060000
2019-02-13,3.79020094871521,3.822000026702881,3.895750045776367,3.795249938964844,3.809000015258789,605372000
2019-02-14,3.831108093261719,3.8632500171661377,3.89175009727478,3.777499914169312,3.821000099182129,827264000
2019-02-15,3.900773286819458,3.933500051498413,4.096749782562256,3.910500049591065,4.073750019073486,1516748000
2019-02-19,3.8834187984466553,3.9159998893737793,3.9972500801086426,3.9035000801086426,3.922749996185303,551892000
2019-02-20,3.930771827697754,3.963749885559082,4.031499862670898,3.9342501163482666,3.945499897003174,540988000
2019-02-21,3.861849784851074,3.89424991607666,4.00124979019165,3.879499912261963,3.9765000343322754,448548000
2019-02-22,3.9466381072998047,3.979749917984009,3.9987499713897705,3.93274998664856,3.946500062942505,401740000
2019-02-25,3.9342429637908936,3.967250108718872,4.131999969482422,3.9584999084472656,4.064000129699707,656020000
2019-02-26,3.89482307434082,3.927500009536743,4.019000053405762,3.893749952316284,3.962500095367432,488464000
2019-02-27,3.852925062179565,3.8852500915527344,3.939749956130981,3.827749967575073,3.913000106811523,500256000
2019-02-28,3.828355550765991,3.8564999103546143,3.8975000381469727,3.8340001106262207,3.875,324944000
2019-03-01,3.882705450057984,3.911250114440918,3.953749895095825,3.848000049591065,3.906749963760376,357188000
2019-03-04,3.890895128250122,3.919500112533569,3.973000049591065,3.862499952316284,3.950000047683716,409992000
2019-03-05,3.884443521499634,3.913000106811523,3.951499938964844,3.848999977111816,3.903749942779541,362924000
2019-03-06,3.773508310317993,3.8012499809265137,3.912499904632568,3.798500061035156,3.9040000438690186,403524000
2019-03-07,3.704267501831055,3.7314999103546143,3.78725004196167,3.684999942779541,3.777499914169312,450104000
2019-03-08,3.738515615463257,3.766000032424927,3.776750087738037,3.619999885559082,3.641499996185303,422416000
2019-03-11,3.999100208282471,4.028500080108643,4.051499843597412,3.7422499656677246,3.789750099182129,859728000
2019-03-12,4.033348560333252,4.063000202178955,4.109749794006348,3.979749917984009,4.05649995803833,579576000
2019-03-13,4.184735298156738,4.215499877929688,4.244999885559082,4.093249797821045,4.100749969482422,768900000
2019-03-14,4.108794212341309,4.138999938964844,4.23675012588501,4.131249904632568,4.22475004196167,519384000
2019-03-15,4.214268207550049,4.245250225067139,4.288249969482422,4.178999900817871,4.182499885559082,661484000
2019-03-18,4.192925930023193,4.223750114440918,4.331250190734863,4.196499824523926,4.276999950408936,486992000
2019-03-19,4.360691070556641,4.392749786376953,4.4375,4.302000045776367,4.318999767303467,854972000
2019-03-20,4.32818078994751,4.360000133514404,4.475749969482422,4.324999809265137,4.421999931335449,719148000
2019-03-21,4.564939975738525,4.598499774932861,4.625,4.3782501220703125,4.383250236511231,824312000
2019-03-22,4.405115127563477,4.4375,4.619999885559082,4.423500061035156,4.571000099182129,747644000
2019-03-25,4.3127923011779785,4.3445000648498535,4.461249828338623,4.277750015258789,4.396500110626221,525212000
2019-03-26,4.3894805908203125,4.421750068664551,4.543749809265137,4.364999771118164,4.487249851226807,703508000
2019-03-27,4.380298614501953,4.412499904632568,4.4942498207092285,4.34250020980835,4.447500228881836,474372000
2019-03-28,4.398911476135254,4.431250095367432,4.497499942779541,4.377749919891357,4.43874979019165,480264000
2019-03-29,4.456240177154541,4.488999843597412,4.513500213623047,4.447750091552734,4.498499870300293,456896000
2019-04-01,4.523744583129883,4.557000160217285,4.587500095367432,4.509250164031982,4.581500053405762,483824000
2019-04-02,4.541611671447754,4.574999809265137,4.619750022888184,4.538000106811523,4.581250190734863,440920000
2019-04-03,4.681087493896484,4.715499877929688,4.775000095367432,4.619999885559082,4.625,783504000
2019-04-04,4.672152996063232,4.706500053405762,4.7492499351501465,4.643249988555908,4.699999809265137,457376000
2019-04-05,4.73891019821167,4.773749828338623,4.791250228881836,4.713250160217285,4.75,481744000
2019-04-08,4.759758472442627,4.794750213623047,4.820000171661377,4.71875,4.743000030517578,424192000
2019-04-09,4.696969032287598,4.731500148773193,4.772250175476074,4.689000129699707,4.761000156402588,439972000
2019-04-10,4.767451763153076,4.802499771118164,4.828499794006348,4.726250171661377,4.73075008392334,444772000
2019-04-11,4.753554344177246,4.78849983215332,4.836750030517578,4.738749980926514,4.804999828338623,374600000
2019-04-12,4.715583801269531,4.750249862670898,4.831500053405762,4.741499900817871,4.827499866485596,471708000
2019-04-15,4.583801746368408,4.617499828338623,4.747499942779541,4.577499866485596,4.742499828338623,440092000
2019-04-16,4.670910358428955,4.705249786376953,4.724249839782715,4.624000072479248,4.6570000648498535,394964000
2019-04-17,4.648078918457031,4.682250022888184,4.761499881744385,4.659749984741211,4.740499973297119,351004000
2019-04-18,4.623508930206299,4.65749979019165,4.723249912261963,4.629499912261963,4.689000129699707,380988000
2019-04-22,4.677363395690918,4.711750030517578,4.727499961853027,4.602000236511231,4.633749961853027,279936000
2019-04-23,4.731962203979492,4.766749858856201,4.798250198364258,4.715250015258789,4.724999904632568,346856000
2019-04-24,4.744370937347412,4.779250144958496,4.820250034332275,4.716000080108643,4.777249813079834,318204000
2019-04-25,4.638647556304932,4.672749996185303,4.761250019073486,4.59250020980835,4.738749980926514,499296000
2019-04-26,4.419758319854736,4.452250003814697,4.522250175476074,4.332499980926514,4.517749786376953,868988000
2019-04-29,4.45053243637085,4.483250141143799,4.511250019073486,4.387499809265137,4.460249900817871,391920000
2019-04-30,4.491976737976074,4.525000095367432,4.550749778747559,4.43149995803833,4.45074987411499,362920000
2019-05-01,4.478823661804199,4.511750221252441,4.620250225067139,4.511499881744385,4.577750205993652,354280000
2019-05-02,4.546327590942383,4.579750061035156,4.621749877929688,4.478000164031982,4.521500110626221,394684000
2019-05-03,4.541860580444336,4.575250148773193,4.598249912261963,4.51324987411499,4.588250160217285,336824000
2019-05-06,4.463436126708984,4.496250152587891,4.508500099182129,4.349999904632568,4.387499809265137,422176000
2019-05-07,4.296165943145752,4.327750205993652,4.447500228881836,4.279250144958496,4.447500228881836,555220000
2019-05-08,4.3162689208984375,4.3480000495910645,4.428750038146973,4.288000106811523,4.300000190734863,419168000
2019-05-09,4.223698139190674,4.254749774932861,4.288249969482422,4.135000228881836,4.278500080108643,660248000
2019-05-10,4.189699172973633,4.2204999923706055,4.289750099182129,4.099999904632568,4.223750114440918,569500000
2019-05-13,3.9323410987854,3.961250066757202,4.110750198364258,3.9452500343322754,4.087500095367432,656912000
2019-05-14,4.02143669128418,4.051000118255615,4.08650016784668,3.962249994277954,4.00124979019165,524880000
2019-05-15,3.9603848457336426,3.989500045776367,4.026249885559082,3.9352500438690186,3.994999885559082,502320000
2019-05-16,3.9755239486694336,4.004749774932861,4.047749996185303,3.941250085830689,3.983999967575073,781088000
2019-05-17,3.884690761566162,3.913249969482422,4.092750072479248,3.873500108718872,3.962500095367432,1022068000
2019-05-20,3.766063451766968,3.793750047683716,3.869250059127808,3.768749952316284,3.8137500286102295,572064000
2019-05-21,3.848209619522095,3.876499891281128,3.892499923706055,3.815999984741211,3.8550000190734863,361848000
2019-05-22,3.777231454849243,3.805000066757202,3.8637499809265137,3.7939999103546143,3.837500095367432,325868000
2019-05-23,3.6561217308044434,3.683000087738037,3.7422499656677246,3.6227500438690186,3.7422499656677246,591844000
2019-05-24,3.6022677421569824,3.628750085830689,3.737499952316284,3.621999979019165,3.70199990272522,357584000
2019-05-28,3.5570998191833496,3.583250045776367,3.679500102996826,3.581249952316284,3.6465001106262207,428356000
2019-05-29,3.482894897460937,3.508500099182129,3.570499897003174,3.4735000133514404,3.535249948501587,559800000
2019-05-30,3.45630955696106,3.477750062942505,3.543750047683716,3.439249992370605,3.5077500343322754,394300000
2019-05-31,3.3656225204467773,3.3864998817443848,3.4962499141693115,3.38474988937378,3.428499937057495,389720000
2019-06-03,3.3238821029663086,3.344500064849853,3.4367499351501465,3.315000057220459,3.397749900817871,478644000
2019-06-04,3.5529606342315674,3.575000047683716,3.580250024795532,3.3867499828338623,3.4089999198913574,641836000
2019-06-05,3.510226011276245,3.532000064849853,3.654750108718872,3.495500087738037,3.649250030517578,511616000
2019-06-06,3.572340488433838,3.594500064849853,3.619250059127808,3.533750057220459,3.536250114440918,408140000
2019-06-07,3.6150758266448975,3.637500047683716,3.671999931335449,3.581249952316284,3.6005001068115234,348856000
2019-06-10,3.6878738403320312,3.710750102996826,3.779750108718872,3.694000005722046,3.694000005722046,402780000
2019-06-11,3.745516061782837,3.768749952316284,3.809000015258789,3.7290000915527344,3.7709999084472656,383872000
2019-06-12,3.632467031478882,3.6549999713897705,3.731250047683716,3.639750003814697,3.724999904632568,358892000
2019-06-13,3.683650255203247,3.7065000534057617,3.724999904632568,3.659499883651733,3.6772499084472656,308080000
2019-06-14,3.593708276748657,3.615999937057495,3.6372499465942383,3.571000099182129,3.6127500534057617,394428000
2019-06-17,3.6033976078033447,3.6257500648498535,3.663000106811523,3.591249942779541,3.6142499446868896,276040000
2019-06-18,3.79843807220459,3.822000026702881,3.877749919891357,3.676500082015991,3.6875,581920000
2019-06-19,3.8044004440307617,3.828000068664551,3.86899995803833,3.8017499446868896,3.857500076293945,331644000
2019-06-20,3.828750371932984,3.8524999618530273,3.933249950408936,3.838000059127808,3.919250011444092,350168000
2019-06-21,3.7706105709075928,3.7939999103546143,3.88700008392334,3.787499904632568,3.837500095367432,434428000
2019-06-24,3.79297137260437,3.816499948501587,3.846250057220459,3.767999887466431,3.815500020980835,282948000
2019-06-25,3.763653755187988,3.786999940872192,3.8970000743865967,3.784250020980835,3.821500062942505,311868000
2019-06-26,3.956953525543213,3.9814999103546143,4.043000221252441,3.902250051498413,3.915250062942505,584072000
2019-06-27,4.055593013763428,4.080749988555908,4.099999904632568,4.031499862670898,4.067749977111816,445440000
2019-06-28,4.080438137054443,4.10575008392334,4.134250164031982,4.058750152587891,4.125,397668000
2019-07-01,4.128638744354248,4.154250144958496,4.348750114440918,4.116499900817871,4.3142499923706055,709756000
2019-07-02,4.030745983123779,4.055749893188477,4.158750057220459,4.042500019073486,4.137499809265137,400228000
2019-07-03,4.043667316436768,4.068749904632568,4.085000038146973,4.008500099182129,4.079249858856201,246636000
2019-07-05,3.98105525970459,4.005750179290772,4.014500141143799,3.941999912261963,4.010000228881836,396552000
2019-07-08,3.906020402908325,3.9302499294281006,3.964750051498413,3.900000095367432,3.9457499980926514,329788000
2019-07-09,3.908504962921143,3.93274998664856,3.9609999656677246,3.875,3.8877499103546143,342860000
2019-07-10,3.976830959320069,4.001500129699707,4.059249877929688,3.962500095367432,3.9765000343322754,452076000
2019-07-11,4.131372451782227,4.1570000648498535,4.197999954223633,4.037499904632568,4.074999809265137,682560000
2019-07-12,4.164416790008545,4.190249919891357,4.261750221252441,4.184999942779541,4.184999942779541,506392000
2019-07-15,4.155969619750977,4.1817498207092285,4.227749824523926,4.153250217437744,4.21150016784668,289840000
2019-07-16,4.15125036239624,4.177000045776367,4.204249858856201,4.120999813079834,4.166749954223633,341444000
2019-07-17,4.216594696044922,4.24275016784668,4.249750137329102,4.149250030517578,4.178750038146973,348204000
2019-07-18,4.228272438049316,4.254499912261963,4.317749977111816,4.196249961853027,4.2532501220703125,442192000
2019-07-19,4.185040473937988,4.210999965667725,4.299499988555908,4.204999923706055,4.293000221252441,344896000
2019-07-22,4.256594657897949,4.2829999923706055,4.296000003814697,4.224999904632568,4.232500076293945,315940000
2019-07-23,4.364427089691162,4.391499996185303,4.393499851226807,4.3067498207092285,4.322500228881836,428176000
2019-07-24,4.438963890075684,4.46649980545044,4.472249984741211,4.358500003814697,4.434999942779541,366236000
2019-07-25,4.307778358459473,4.334499835968018,4.4375,4.310999870300293,4.424749851226807,392700000
2019-07-26,4.349767208099365,4.3767499923706055,4.423749923706055,4.36175012588501,4.36175012588501,274160000
2019-07-29,4.343555450439453,4.370500087738037,4.386750221252441,4.281750202178955,4.369500160217285,248160000
2019-07-30,4.359210014343262,4.386250019073486,4.398499965667725,4.309249877929688,4.323750019073486,197772000
2019-07-31,4.191995143890381,4.2179999351501465,4.355500221252441,4.17549991607666,4.354499816894531,359416000
2019-08-01,4.097582340240479,4.123000144958496,4.319499969482422,4.070499897003174,4.228499889373779,421212000
2019-08-02,4.004905700683594,4.029749870300293,4.099500179290772,3.982000112533569,4.029749870300293,428348000
2019-08-05,3.7465102672576895,3.7697501182556152,3.846250057220459,3.722500085830689,3.8450000286102295,589156000
2019-08-06,3.785269498825073,3.808749914169312,3.890749931335449,3.7607500553131104,3.8450000286102295,361272000
2019-08-07,3.823532342910767,3.847249984741211,3.859250068664551,3.7300000190734863,3.747499942779541,372560000
2019-08-08,3.932108402252197,3.9565000534057617,3.957750082015991,3.847500085830689,3.905250072479248,309300000
2019-08-09,3.830737352371216,3.8545000553131104,3.918750047683716,3.8037500381469727,3.915250062942505,341816000
2019-08-12,3.7629082202911377,3.786250114440918,3.8545000553131104,3.764250040054321,3.802000045776367,279200000
2019-08-13,3.8771989345550537,3.901249885559082,3.947499990463257,3.745500087738037,3.784749984741211,351956000
2019-08-14,3.728620767593384,3.7517499923706055,3.8237500190734863,3.707750082015991,3.8125,419880000
2019-08-15,3.6963212490081774,3.719249963760376,3.790750026702881,3.6847500801086426,3.770750045776367,477200000
2019-08-16,3.96440863609314,3.989000082015991,4.03849983215332,3.921999931335449,3.983750104904175,1007960000
2019-08-19,4.243178367614746,4.269499778747559,4.2855000495910645,4.086750030517578,4.103000164031982,815112000
2019-08-20,4.170878887176514,4.196750164031982,4.264500141143799,4.17549991607666,4.263999938964844,463188000
2019-08-21,4.254359722137451,4.280749797821045,4.336249828338623,4.241499900817871,4.26324987411499,427244000
2019-08-22,4.260571479797363,4.287000179290772,4.333250045776367,4.247499942779541,4.290500164031982,303488000
2019-08-23,4.035964488983154,4.060999870300293,4.264750003814697,4.040999889373779,4.210000038146973,568056000
2019-08-26,4.1107497215271,4.136250019073486,4.164500236511231,4.097750186920166,4.140250205993652,318208000
2019-08-27,4.020063877105713,4.045000076293945,4.177499771118164,4.015500068664551,4.174749851226807,290968000
2019-08-28,4.009617328643799,4.0304999351501465,4.083499908447266,3.974999904632568,4.014500141143799,255612000
2019-08-29,4.153368949890137,4.175000190734863,4.207499980926514,4.11899995803833,4.122499942779541,357976000
2019-08-30,4.166053295135498,4.187749862670898,4.271500110626221,4.16949987411499,4.221499919891357,290616000
2019-09-03,4.082986354827881,4.104249954223633,4.147749900817871,4.081250190734863,4.114500045776367,296140000
2019-09-04,4.197141170501709,4.218999862670898,4.226500034332275,4.165249824523926,4.165249824523926,227728000
2019-09-05,4.47022008895874,4.493500232696533,4.499750137329102,4.320000171661377,4.321750164031982,695676000
2019-09-06,4.44310998916626,4.466249942779541,4.527249813079834,4.427999973297119,4.46999979019165,376976000
2019-09-09,4.489120960235596,4.512499809265137,4.599500179290772,4.495999813079834,4.497499942779541,417524000
2019-09-10,4.55577278137207,4.579500198364258,4.606249809265137,4.469749927520752,4.479499816894531,352812000
2019-09-11,4.58437442779541,4.608250141143799,4.656750202178955,4.565000057220459,4.594250202178955,361512000
2019-09-12,4.582881450653076,4.606750011444092,4.710000038146973,4.598750114440918,4.65500020980835,327840000
2019-09-13,4.524934768676758,4.548500061035156,4.577000141143799,4.504499912261963,4.539750099182129,324592000
2019-09-16,4.481908321380615,4.505249977111816,4.539999961853027,4.462500095367432,4.4730000495910645,231832000
2019-09-17,4.5032958984375,4.526750087738037,4.531000137329102,4.465250015258789,4.51200008392334,223048000
2019-09-18,4.476187229156494,4.499499797821045,4.5355000495910645,4.412499904632568,4.519750118255615,258152000
2019-09-19,4.400580406188965,4.423500061035156,4.52400016784668,4.412749767303467,4.505499839782715,245476000
2019-09-20,4.294882297515869,4.317249774932861,4.446249961853027,4.307000160217285,4.422500133514404,350244000
2019-09-23,4.348353385925293,4.370999813079834,4.416749954223633,4.31374979019165,4.317500114440918,249712000
2019-09-24,4.290903568267822,4.3132500648498535,4.432250022888184,4.277500152587891,4.402500152587891,317268000
2019-09-25,4.43266487121582,4.455749988555908,4.475500106811523,4.267749786376953,4.312749862670898,308432000
2019-09-26,4.410528182983398,4.433499813079834,4.454750061035156,4.38224983215332,4.446000099182129,234564000
2019-09-27,4.271752834320068,4.294000148773193,4.442500114440918,4.232999801635742,4.391499996185303,362056000
2019-09-30,4.329202651977539,4.351749897003174,4.361999988555908,4.28849983215332,4.320000171661377,186184000
2019-10-01,4.327461242675781,4.349999904632568,4.525000095367432,4.345250129699707,4.375,366008000
2019-10-02,4.303587436676025,4.326000213623047,4.340000152587891,4.2532501220703125,4.328000068664551,293372000
2019-10-03,4.509265899658203,4.532750129699707,4.539000034332275,4.300000190734863,4.33050012588501,450588000
2019-10-04,4.525681495666504,4.54925012588501,4.578750133514404,4.4695000648498535,4.534999847412109,265524000
2019-10-07,4.58437442779541,4.608250141143799,4.708499908447266,4.60575008392334,4.614500045776367,480984000
2019-10-08,4.40779447555542,4.430749893188477,4.515999794006348,4.412499904632568,4.515999794006348,444436000
2019-10-09,4.49434232711792,4.517749786376953,4.567500114440918,4.479000091552734,4.507999897003174,292412000
2019-10-10,4.5520429611206055,4.57574987411499,4.626999855041504,4.510250091552734,4.515500068664551,309124000
2019-10-11,4.625660419464111,4.649750232696533,4.733500003814697,4.641250133514404,4.660250186920166,446404000
2019-10-14,4.639088153839111,4.663249969482422,4.684249877929688,4.609749794006348,4.640999794006348,200040000
2019-10-15,4.883815288543701,4.909249782562256,4.982250213623047,4.739999771118164,4.754000186920166,664124000
2019-10-16,4.830094814300537,4.855249881744385,4.980500221252441,4.84375,4.875,428944000
2019-10-17,4.832084655761719,4.857250213623047,4.945250034332275,4.802499771118164,4.900000095367432,263436000
2019-10-18,4.737576007843018,4.762249946594238,4.890500068664551,4.6875,4.857749938964844,307440000
2019-10-21,4.874860763549805,4.90024995803833,4.913750171661377,4.804999828338623,4.823999881744385,261868000
2019-10-22,4.864912986755371,4.890250205993652,5.0632500648498535,4.882500171661377,4.957499980926514,328720000
2019-10-23,4.851982116699219,4.8772501945495605,4.891499996185303,4.775750160217285,4.807750225067139,279916000
2019-10-24,4.896000862121582,4.921500205993652,4.955249786376953,4.884500026702881,4.918749809265137,232020000
2019-10-25,5.087006568908691,5.113500118255615,5.134500026702881,4.994750022888184,5.002500057220459,423092000
2019-10-28,5.142966270446777,5.169750213623047,5.222499847412109,5.127999782562256,5.15749979019165,330792000
2019-10-29,5.046716213226318,5.072999954223633,5.16225004196167,5.053500175476074,5.155749797821045,211236000
2019-10-30,5.048706531524658,5.074999809265137,5.10575008392334,5.006499767303467,5.099999904632568,205960000
2019-10-31,4.999461650848389,5.0254998207092285,5.074999809265137,4.945250034332275,5.053999900817871,209732000
2019-11-01,5.038509845733643,5.0647501945495605,5.097249984741211,4.964749813079834,4.989999771118164,283640000
2019-11-04,5.23523473739624,5.262499809265137,5.275000095367432,5.123000144958496,5.146249771118164,376716000
2019-11-05,5.213099479675293,5.240250110626221,5.28849983215332,5.191999912261963,5.262249946594238,300868000
2019-11-06,5.163856029510498,5.1907501220703125,5.2417497634887695,5.102749824523926,5.216000080108643,269012000
2019-11-07,5.181514263153076,5.208499908447266,5.292500019073486,5.16349983215332,5.277750015258789,280340000
2019-11-08,5.1675872802734375,5.194499969482422,5.226250171661377,5.153749942779541,5.191500186920166,189100000
2019-11-11,5.177535057067871,5.204500198364258,5.227749824523926,5.10699987411499,5.193749904632568,243436000
2019-11-12,5.213099479675293,5.240250110626221,5.296500205993652,5.207749843597412,5.243000030517578,283504000
2019-11-13,5.1872334480285645,5.214250087738037,5.236499786376953,5.147500038146973,5.208749771118164,300188000
2019-11-14,5.217576026916504,5.244750022888184,5.247000217437744,5.163000106811523,5.223249912261963,518080000
2019-11-15,5.078301906585693,5.104750156402588,5.29449987411499,5.015999794006348,5.242499828338623,1053628000
2019-11-18,5.279504299163818,5.307000160217285,5.333749771118164,5.094250202178955,5.097249984741211,574588000
2019-11-19,5.172809600830078,5.199749946594238,5.299499988555908,5.141250133514404,5.275750160217285,414564000
2019-11-20,5.252147674560547,5.2795000076293945,5.363749980926514,5.164000034332275,5.176750183105469,472588000
2019-11-21,5.227275371551514,5.254499912261963,5.330999851226807,5.232749938964844,5.275000095367432,288388000
2019-11-22,5.24493408203125,5.272250175476074,5.323999881744385,5.248499870300293,5.277249813079834,224100000
2019-11-25,5.501597881317139,5.530250072479248,5.535250186920166,5.388000011444092,5.401000022888184,506476000
2019-11-26,5.39689302444458,5.425000190734863,5.517250061035156,5.418499946594238,5.512499809265137,385244000
2019-11-27,5.431737899780273,5.455999851226807,5.50124979019165,5.429500102996826,5.466750144958496,215784000
2019-11-29,5.394403457641602,5.418499946594238,5.453499794006348,5.394499778747559,5.425000190734863,141556000
2019-12-02,5.207985877990723,5.231249809265137,5.425000190734863,5.216000080108643,5.411499977111816,372036000
2019-12-03,5.168414115905762,5.191500186920166,5.195499897003174,5.009250164031982,5.046750068664551,465232000
2019-12-04,5.212217330932617,5.235499858856201,5.297999858856201,5.20674991607666,5.2754998207092285,273424000
2019-12-05,5.195292949676514,5.218500137329102,5.273250102996826,5.187749862670898,5.257500171661377,184884000
2019-12-06,5.280661106109619,5.3042497634887695,5.337250232696533,5.277999877929688,5.288000106811523,232236000
2019-12-09,5.280661106109619,5.3042497634887695,5.359250068664551,5.272500038146973,5.28125,211880000
2019-12-10,5.325710296630859,5.349500179290772,5.401500225067139,5.281499862670898,5.334499835968018,256388000
2019-12-11,5.409336566925049,5.433499813079834,5.439000129699707,5.357500076293945,5.360000133514404,233796000
2019-12-12,5.576839923858643,5.601749897003174,5.619999885559082,5.395500183105469,5.4045000076293945,404348000
2019-12-13,5.57484769821167,5.59975004196167,5.724500179290772,5.545499801635742,5.604750156402588,454704000
2019-12-16,5.603717803955078,5.628749847412109,5.701499938964844,5.6192498207092285,5.647500038146973,320976000
2019-12-17,5.681869029998779,5.707250118255615,5.730000019073486,5.638000011444092,5.647500038146973,321196000
2019-12-18,5.712233543395996,5.737750053405762,5.798500061035156,5.733749866485596,5.742249965667725,343548000
2019-12-19,5.86032247543335,5.886499881744385,5.900000095367432,5.767499923706055,5.772500038146973,445360000
2019-12-20,5.957638263702393,5.984250068664551,6.009749889373779,5.934000015258789,5.953249931335449,603044000
2019-12-23,5.943949699401856,5.9704999923706055,6.045249938964844,5.959750175476074,6.013000011444092,355060000
2019-12-24,5.938970565795898,5.965499877929688,5.982749938964844,5.920499801635742,5.954999923706055,138864000
2019-12-26,5.953157901763916,5.979750156402588,6.007999897003174,5.949999809265137,5.968999862670898,182852000
2019-12-27,5.895415306091309,5.921750068664551,6.008500099182129,5.895249843597412,5.994999885559082,254644000
2019-12-30,5.782171726226807,5.808000087738037,5.90500020980835,5.776500225067139,5.899750232696533,258056000
2019-12-31,5.856339931488037,5.882500171661377,5.892000198364258,5.7532501220703125,5.772500038146973,231004000
2020-01-02,5.971078872680664,5.99774980545044,5.99774980545044,5.918000221252441,5.96875,237536000
2020-01-03,5.875504493713379,5.901750087738037,5.945750236511231,5.852499961853027,5.877500057220459,205384000
2020-01-06,5.900144100189209,5.926499843597412,5.9317498207092285,5.781750202178955,5.808000087738037,262636000
2020-01-07,5.971576690673828,5.9982500076293945,6.044250011444092,5.909749984741211,5.954999923706055,314856000
2020-01-08,5.982775688171387,6.009500026702881,6.051000118255615,5.953750133514404,5.99399995803833,277108000
2020-01-09,6.048481464385986,6.075500011444092,6.148250102996826,6.021500110626221,6.096250057220459,255112000
2020-01-10,6.080837726593018,6.107999801635742,6.213749885559082,6.09375,6.183249950408936,316296000
2020-01-13,6.271486759185791,6.299499988555908,6.324749946594238,6.168749809265137,6.191500186920166,319840000
2020-01-14,6.154508590698242,6.182000160217285,6.2820000648498535,6.168749809265137,6.256499767303467,359088000
2020-01-15,6.111948013305664,6.139249801635742,6.217249870300293,6.113249778747559,6.19474983215332,263104000
2020-01-16,6.1955742835998535,6.223249912261963,6.229249954223633,6.16949987411499,6.192999839782715,284192000
2020-01-17,6.204286575317383,6.23199987411499,6.25,6.184249877929688,6.242499828338623,253792000
2020-01-21,6.170935153961182,6.198500156402588,6.232250213623047,6.164249897003174,6.195250034332275,217916000
2020-01-22,6.224944591522217,6.252749919891357,6.339749813079834,6.224999904632568,6.24399995803833,239240000
2020-01-23,6.2933878898620605,6.321499824523926,6.329999923706055,6.203750133514404,6.293000221252441,244516000
2020-01-24,6.234152793884277,6.26200008392334,6.487500190734863,6.207499980926514,6.4375,373512000
2020-01-27,5.978296279907227,6.005000114440918,6.056250095367432,5.805749893188477,5.955999851226807,470536000
2020-01-28,6.1716814041137695,6.199250221252441,6.231750011444092,6.017749786376953,6.071249961853027,310976000
2020-01-29,6.111201763153076,6.138500213623047,6.2210001945495605,6.098499774932861,6.184750080108643,258848000
2020-01-30,6.117921352386475,6.145249843597412,6.158750057220459,5.985000133514404,6.040249824523926,290504000
2020-01-31,5.884464263916016,5.910749912261963,6.111249923706055,5.868750095367432,6.099249839782715,370420000
2020-02-03,5.98153018951416,6.008250236511231,6.027750015258789,5.886250019073486,5.892499923706055,255564000
2020-02-04,6.150774955749512,6.178249835968018,6.197500228881836,6.100500106811523,6.150750160217285,271544000
2020-02-05,6.241120338439941,6.269000053405762,6.309999942779541,6.18524980545044,6.299749851226807,208220000
2020-02-06,6.327983379364014,6.356249809265137,6.356249809265137,6.2220001220703125,6.303500175476074,218284000
2020-02-07,6.261778831481934,6.289750099182129,6.338250160217285,6.264249801635742,6.315999984741211,189752000
2020-02-10,6.545013427734375,6.574250221252441,6.574999809265137,6.307499885559082,6.3125,529608000
2020-02-11,6.667468070983887,6.697249889373779,6.8125,6.620749950408936,6.683000087738037,638556000
2020-02-12,6.783199787139893,6.813499927520752,6.820000171661377,6.711249828338623,6.750249862670898,374644000
2020-02-13,6.7393951416015625,6.769499778747559,6.836999893188477,6.727749824523926,6.755249977111816,528016000
2020-02-14,7.212532520294189,7.244750022888184,7.374249935150146,7.150000095367432,7.18149995803833,1041924000
2020-02-18,7.381277561187744,7.414249897003174,7.432750225067139,7.121500015258789,7.140999794006348,620164000
2020-02-19,7.832512378692627,7.867499828338623,7.885250091552734,7.53725004196167,7.53725004196167,694332000
2020-02-20,7.68317985534668,7.71750020980835,7.907999992370605,7.408750057220459,7.819250106811523,810052000
2020-02-21,7.319055557250977,7.351749897003174,7.630000114440918,7.266499996185303,7.604750156402588,768180000
2020-02-24,6.801618099212647,6.831999778747559,7.046750068664551,6.699999809265137,6.754749774932861,856916000
2020-02-25,6.522116184234619,6.551249980926514,6.969749927520752,6.448999881744385,6.90749979019165,1055496000
2020-02-26,6.66149377822876,6.691249847412109,6.886250019073486,6.550000190734863,6.551499843597412,747732000
2020-02-27,6.290676593780518,6.315000057220459,6.675000190734863,6.222249984741211,6.372499942779541,906416000
2020-02-28,6.725745677947998,6.7517499923706055,6.811500072479248,6.044750213623047,6.061500072479248,1133252000
2020-03-02,6.884131908416748,6.910749912261963,6.9397501945495605,6.525000095367432,6.922500133514404,890744000
2020-03-03,6.621648788452148,6.647250175476074,7.026750087738037,6.561500072479248,6.966750144958496,652792000
2020-03-04,7.085354804992676,7.112750053405762,7.122250080108643,6.679999828338623,6.755000114440918,597408000
2020-03-05,6.805935382843018,6.832250118255615,7.079999923706055,6.787499904632568,6.912499904632568,540328000
2020-03-06,6.625383377075195,6.651000022888184,6.709750175476074,6.449999809265137,6.651999950408936,515412000
2020-03-09,6.112366676330566,6.136000156402588,6.485000133514404,5.954500198364258,5.997499942779541,614160000
2020-03-10,6.501859664916992,6.526999950408936,6.526999950408936,6.149750232696533,6.41349983215332,580648000
2020-03-11,6.138017654418945,6.161749839782715,6.414999961853027,6.0642499923706055,6.386499881744385,499964000
2020-03-12,5.386922359466553,5.407750129699707,5.902999877929688,5.394999980926514,5.636499881744385,816540000
2020-03-13,5.997808456420898,6.020999908447266,6.0254998207092285,5.490250110626221,5.762499809265137,634836000
2020-03-16,4.891087532043457,4.909999847412109,5.652500152587891,4.849999904632568,5.31024980545044,726972000
2020-03-17,5.410828590393066,5.4317498207092285,5.521500110626221,4.775000095367432,5.022749900817871,833632000
2020-03-18,5.05096960067749,5.070499897003174,5.248499870300293,4.517000198364258,5.002500057220459,874268000
2020-03-19,5.303743362426758,5.324250221252441,5.41825008392334,4.834750175476074,5.048999786376953,765512000
2020-03-20,5.12393856048584,5.143750190734863,5.757999897003174,5.1282501220703125,5.474999904632568,804636000
2020-03-23,5.296769618988037,5.317249774932861,5.412000179290772,4.9629998207092285,5.142749786376953,643876000
2020-03-24,6.205506801605225,6.229499816894531,6.316500186920166,5.701250076293945,5.724999904632568,1101644000
2020-03-25,6.116848945617676,6.140500068664551,6.545499801635742,6.09149980545044,6.34499979019165,793432000
2020-03-26,6.406230449676514,6.431000232696533,6.555500030517578,6.25,6.348499774932861,696108000
2020-03-27,6.293915271759033,6.318250179290772,6.578000068664551,6.2170000076293945,6.25,638828000
2020-03-30,6.6141767501831055,6.639750003814697,6.64900016784668,6.339749813079834,6.383999824523926,602252000
2020-03-31,6.564616680145264,6.590000152587891,6.885000228881836,6.443749904632568,6.679999828338623,949960000
2020-04-01,6.053345680236816,6.076749801635742,6.538249969482422,6.0320000648498535,6.391250133514404,656912000
2020-04-02,6.362150192260742,6.386750221252441,6.400000095367432,6.057750225067139,6.105999946594238,675764000
2020-04-03,6.074264526367188,6.097750186920166,6.390749931335449,5.959750175476074,6.348999977111816,663212000
2020-04-06,6.684155464172363,6.710000038146973,6.747000217437744,6.323249816894531,6.38100004196167,727884000
2020-04-07,6.450809001922607,6.475749969482422,6.956250190734863,6.432499885559082,6.932499885559082,784520000
2020-04-08,6.648045063018799,6.673749923706055,6.698750019073486,6.514999866485596,6.585249900817871,542444000
2020-04-09,6.548430442810059,6.573750019073486,6.822999954223633,6.510499954223633,6.800000190734863,525564000
2020-04-13,6.7202653884887695,6.746250152587891,6.755000114440918,6.425000190734863,6.513750076293945,398408000
2020-04-14,7.071407318115234,7.098750114440918,7.132999897003174,6.847249984741211,6.875,530948000
2020-04-15,6.993957042694092,7.020999908447266,7.104249954223633,6.884500026702881,6.929999828338623,366148000
2020-04-16,7.339123725891113,7.367499828338623,7.474999904632568,7.163750171661377,7.177000045776367,745620000
2020-04-17,7.279853343963623,7.308000087738037,7.471499919891357,7.173500061035156,7.449999809265137,539120000
2020-04-20,7.148610591888428,7.176249980926514,7.337500095367432,7.131750106811523,7.181000232696533,449388000
2020-04-21,6.711799144744873,6.737750053405762,7.1192498207092285,6.677750110626221,7.057750225067139,735160000
2020-04-22,7.126196384429932,7.153749942779541,7.196750164031982,6.885000228881836,6.930749893188477,483356000
2020-04-23,7.072902679443359,7.100249767303467,7.328499794006348,7.074999809265137,7.196000099182129,424160000
2020-04-24,7.21186637878418,7.239749908447266,7.2417497634887695,7.014999866485596,7.090000152587891,352328000
2020-04-27,7.3983941078186035,7.427000045776367,7.587500095367432,7.349999904632568,7.374750137329102,479388000
2020-04-28,7.255945682525635,7.283999919891357,7.605000019073486,7.278500080108643,7.574999809265137,442904000
2020-04-29,7.432762145996094,7.46150016784668,7.514500141143799,7.34375,7.419250011444092,379160000
2020-04-30,7.278857707977295,7.307000160217285,7.46150016784668,7.293000221252441,7.407249927520752,375916000
2020-05-01,7.042270183563232,7.069499969482422,7.222499847412109,7.020999908447266,7.108749866485596,342096000
2020-05-04,7.254201412200928,7.282249927520752,7.296000003814697,7.021999835968018,7.021999835968018,317556000
2020-05-05,7.315216541290283,7.343500137329102,7.506750106811523,7.282249927520752,7.386750221252441,368896000
2020-05-06,7.416075229644775,7.44474983215332,7.550000190734863,7.385250091552734,7.423250198364258,323464000
2020-05-07,7.59239387512207,7.621749877929687,7.685249805450439,7.532999992370605,7.584499835968018,373732000
2020-05-08,7.782409191131592,7.8125,7.818749904632568,7.659749984741211,7.693749904632568,339216000
2020-05-11,8.03443431854248,8.065500259399414,8.112500190734863,7.778749942779541,7.807499885559082,469060000
2020-05-12,7.772449016571045,7.802499771118164,8.172499656677246,7.792749881744385,8.123499870300293,493060000
2020-05-13,7.750035285949707,7.78000020980835,8.078499794006348,7.594749927520752,7.917500019073486,625852000
2020-05-14,7.999570369720459,8.030500411987305,8.03600025177002,7.6875,7.841750144958496,602312000
2020-05-15,8.458045959472656,8.490750312805176,8.500499725341797,7.874000072479248,7.889750003814697,987660000
2020-05-18,8.716547012329102,8.750249862670898,8.916500091552734,8.680500030517578,8.760499954223633,774460000
2020-05-19,8.771585464477539,8.805500030517578,9.087499618530272,8.762749671936035,8.790249824523926,717320000
2020-05-20,8.935450553894043,8.970000267028809,9.04300022125244,8.888750076293945,8.991000175476074,587536000
2020-05-21,8.741451263427734,8.775250434875488,9.052499771118164,8.737500190734863,9.05150032043457,761068000
2020-05-22,8.991482734680176,9.026249885559082,9.093000411987305,8.713250160217285,8.825249671936035,1038764000
2020-05-26,8.684171676635742,8.71774959564209,9.181750297546388,8.67199993133545,9.156749725341797,770780000
2020-05-27,8.492414474487305,8.525250434875488,8.632749557495117,7.996749877929687,8.625,1175892000
2020-05-28,8.454312324523926,8.487000465393066,8.760499954223633,8.379249572753906,8.412249565124512,734896000
2020-05-29,8.841314315795898,8.875499725341797,8.875499725341797,8.484999656677246,8.554499626159668,745256000
2020-06-01,8.772332191467285,8.806249618530273,8.840749740600586,8.689499855041504,8.833250045776367,389876000
2020-06-02,8.791258811950684,8.825249671936035,8.837249755859375,8.657999992370605,8.796250343322754,391320000
2020-06-03,8.735725402832031,8.769499778747559,8.866250038146973,8.699999809265137,8.822250366210938,365440000
2020-06-04,8.736721992492676,8.766500473022461,8.943249702453613,8.677499771118164,8.727999687194824,424280000
2020-06-05,8.889697074890137,8.920000076293945,8.996999740600586,8.708000183105469,8.794500350952148,481748000
2020-06-08,8.7750883102417,8.805000305175781,8.889749526977539,8.685750007629395,8.877249717712402,387736000
2020-06-09,9.01527214050293,9.04599952697754,9.109749794006348,8.751250267028809,8.800000190734863,468488000
2020-06-10,9.334932327270508,9.36674976348877,9.5,9.153499603271484,9.167750358581545,632180000
2020-06-11,8.766366958618164,8.796250343322754,9.261249542236328,8.78600025177002,9.149999618530272,583652000
2020-06-12,8.9021577835083,8.932499885559082,9.187250137329102,8.70324993133545,9.162500381469728,570908000
2020-06-15,9.142586708068848,9.173749923706056,9.182250022888184,8.743749618530273,8.815250396728516,400004000
2020-06-16,9.037694931030272,9.068499565124512,9.26675033569336,8.838749885559082,9.225000381469728,535716000
2020-06-17,9.20462703704834,9.236000061035156,9.298999786376951,9.070249557495115,9.113750457763672,408304000
2020-06-18,9.186686515808104,9.218000411987305,9.282500267028809,9.114500045776367,9.22700023651123,254408000
2020-06-19,9.229787826538086,9.261249542236328,9.44499969482422,9.227250099182127,9.24250030517578,524160000
2020-06-22,9.494386672973633,9.52674961090088,9.53125,9.273249626159668,9.300000190734863,398468000
2020-06-23,9.41789722442627,9.449999809265137,9.642499923706056,9.407500267028809,9.550999641418455,375108000
2020-06-24,9.204130172729492,9.23550033569336,9.556500434875488,9.14449977874756,9.47624969482422,449372000
2020-06-25,9.457762718200684,9.489999771118164,9.505000114440918,9.182250022888184,9.35575008392334,376072000
2020-06-26,9.123900413513184,9.154999732971191,9.5,9.125,9.5,592084000
2020-06-29,9.168746948242188,9.199999809265137,9.204500198364258,8.899999618530273,9.169750213623049,342248000
2020-06-30,9.465487480163574,9.497750282287598,9.526249885559082,9.26650047302246,9.314000129699709,367892000
2020-07-01,9.497626304626465,9.529999732971191,9.575750350952148,9.413000106811523,9.520750045776367,326648000
2020-07-02,9.579597473144531,9.612250328063965,9.737500190734863,9.57824993133545,9.638999938964844,364056000
2020-07-06,9.805826187133787,9.83924961090088,9.9087495803833,9.712499618530272,9.74174976348877,315892000
2020-07-07,9.838216781616213,9.871749877929688,10.06999969482422,9.850749969482422,9.946249961853027,357800000
2020-07-08,10.181296348571776,10.215999603271484,10.225000381469728,9.965499877929688,9.993749618530272,365480000
2020-07-09,10.47330379486084,10.508999824523926,10.56999969482422,10.23349952697754,10.380249977111816,494548000
2020-07-10,10.443649291992188,10.479249954223633,10.65524959564209,10.37874984741211,10.588749885559082,497676000
2020-07-13,10.018102645874023,10.052249908447266,10.79224967956543,10.024999618530272,10.595000267028809,457076000
2020-07-14,10.341750144958496,10.376999855041504,10.402750015258787,9.785499572753906,10.074999809265137,542676000
2020-07-15,10.192506790161133,10.227250099182127,10.43299961090088,10.055749893188477,10.414250373840332,403984000
2020-07-16,10.100322723388672,10.134750366210938,10.20674991607666,9.895500183105469,10.015000343322754,344964000
2020-07-17,10.166848182678224,10.201499938964844,10.248499870300291,10.087750434875488,10.225500106811523,266284000
2020-07-20,10.47504711151123,10.510749816894531,10.53125,10.156749725341797,10.274250030517578,284852000
2020-07-21,10.293415069580078,10.328499794006348,10.5600004196167,10.286749839782717,10.512999534606934,277036000
2020-07-22,10.403290748596191,10.438750267028809,10.602499961853027,10.291500091552734,10.36750030517578,367292000
2020-07-23,10.095338821411133,10.12975025177002,10.54699993133545,10.03125,10.449999809265137,411660000
2020-07-24,10.159870147705078,10.194499969482422,10.364749908447266,9.777000427246094,9.875,473292000
2020-07-27,10.386099815368652,10.421500205993652,10.441749572753906,10.21774959564209,10.232250213623049,292132000
2020-07-28,10.180797576904297,10.215499877929688,10.381999969482422,10.209250450134276,10.374250411987305,271636000
2020-07-29,10.429948806762695,10.465499877929688,10.516249656677246,10.347000122070312,10.39074993133545,284508000
2020-07-30,10.577943801879885,10.61400032043457,10.623000144958496,10.295249938964844,10.375,308880000
2020-07-31,10.578689575195312,10.614749908447266,10.76650047302246,10.43299961090088,10.563249588012695,386080000
2020-08-03,10.972847938537598,11.010250091552734,11.098750114440918,10.715250015258787,10.732500076293944,412720000
2020-08-04,11.18960952758789,11.227749824523926,11.227749824523926,10.906000137329102,11.050000190734863,310336000
2020-08-05,11.248409271240234,11.286749839782717,11.371749877929688,11.166250228881836,11.244000434875488,249924000
2020-08-06,11.296992301940918,11.33549976348877,11.357999801635742,11.178750038146973,11.349749565124512,244316000
2020-08-07,11.161454200744627,11.19950008392334,11.50475025177002,11.037500381469728,11.3125,342516000
2020-08-10,11.127071380615234,11.164999961853027,11.408249855041504,10.856499671936035,11.334250450134276,427796000
2020-08-11,10.813138961791992,10.850000381469728,11.13675022125244,10.79574966430664,11.073749542236328,354512000
2020-08-12,11.401387214660645,11.440250396728516,11.467000007629396,10.958250045776367,10.990750312805176,464412000
2020-08-13,11.40412712097168,11.442999839782717,11.721750259399414,11.35575008392334,11.54599952697754,374460000
2020-08-14,11.524715423583984,11.564000129699709,11.704750061035156,11.440500259399414,11.529999732971191,366436000
2020-08-17,12.295092582702637,12.336999893188477,12.409749984741213,11.81725025177002,11.85124969482422,621300000
2020-08-18,12.21909999847412,12.260749816894531,12.496000289916992,12.08625030517578,12.449999809265137,503448000
2020-08-19,12.09726619720459,12.138500213623049,12.3149995803833,12.097999572753906,12.296500205993652,622624000
2020-08-20,12.09975814819336,12.140999794006348,12.375,11.87874984741211,11.975000381469728,921388000
2020-08-21,12.640416145324709,12.683500289916992,12.80875015258789,12.195249557495115,12.201749801635742,999868000
2020-08-24,12.67703914642334,12.720250129699709,12.912500381469728,12.50749969482422,12.883749961853027,490564000
2020-08-25,12.706687927246094,12.75,12.761249542236328,12.573749542236328,12.630749702453612,289076000
2020-08-26,12.729608535766602,12.77299976348877,12.868499755859377,12.677749633789062,12.799249649047852,321244000
2020-08-27,12.585352897644045,12.628250122070312,12.850000381469728,12.566499710083008,12.781499862670898,317604000
2020-08-28,13.10308837890625,13.147749900817873,13.14799976348877,12.642499923706056,12.675000190734863,537160000
2020-08-31,13.32906723022461,13.374500274658203,13.574999809265137,13.037750244140623,13.18274974822998,500840000
2020-09-01,13.77817153930664,13.821000099182127,13.993749618530272,13.43649959564209,13.479999542236328,511316000
2020-09-02,14.302044868469238,14.346500396728516,14.726750373840332,13.899999618530272,14.703749656677246,874012000
2020-09-03,12.97516918182373,13.01550006866455,13.884499549865724,12.87874984741211,13.828749656677246,945128000
2020-09-04,12.583385467529297,12.6225004196167,13.175000190734863,11.704750061035156,12.7837495803833,1463684000
2020-09-08,11.876083374023438,11.913000106811523,12.550000190734863,11.70425033569336,11.73449993133545,795728000
2020-09-09,12.67559814453125,12.71500015258789,12.809249877929688,12.231749534606934,12.399999618530272,736200000
2020-09-10,12.273598670959473,12.311750411987305,13.065250396728516,12.166999816894531,12.989250183105469,698684000
2020-09-11,12.12680435180664,12.16450023651123,12.65250015258789,11.895750045776367,12.48550033569336,636928000
2020-09-14,12.83236026763916,12.872249603271484,13.3149995803833,12.631250381469728,13.081000328063965,1201744000
2020-09-15,12.9507417678833,12.991000175476074,13.298749923706056,12.827750205993652,13.279999732971191,727556000
2020-09-16,12.47571849822998,12.51449966430664,13.09274959564209,12.513750076293944,12.957249641418455,556384000
2020-09-17,12.424877166748049,12.463500022888184,12.589750289916992,12.034749984741213,12.13224983215332,792512000
2020-09-18,12.151477813720703,12.189249992370604,12.63249969482422,11.988750457763672,12.59375,698460000
2020-09-21,12.478461265563965,12.517250061035156,12.522500038146973,11.904500007629396,11.925000190734863,721044000
2020-09-22,12.598586082458496,12.637749671936035,12.64799976348877,12.155500411987305,12.574999809265137,646452000
2020-09-23,12.086180686950684,12.123749732971191,12.72700023651123,12.07925033569336,12.575499534606934,647012000
2020-09-24,12.309738159179688,12.347999572753906,12.569499969482422,12.013999938964844,12.072250366210938,731240000
2020-09-25,12.833857536315918,12.873749732971191,12.883500099182127,12.245750427246094,12.447500228881836,588016000
2020-09-28,12.994606018066406,13.03499984741211,13.051750183105469,12.75,13.040249824523926,573808000
2020-09-29,13.184765815734863,13.225749969482422,13.442749977111816,12.933250427246094,12.9375,621460000
2020-09-30,13.488572120666504,13.530500411987305,13.6225004196167,13.150250434875488,13.157500267028809,689184000
2020-10-01,13.572308540344238,13.614500045776367,13.762749671936035,13.460749626159668,13.758000373840332,525004000
2020-10-02,13.021774291992188,13.062250137329102,13.51949977874756,13.050999641418455,13.225000381469728,552496000
2020-10-05,13.600227355957031,13.642499923706056,13.64424991607666,13.222749710083008,13.236000061035156,479820000
2020-10-06,13.693934440612791,13.736499786376951,14.142000198364258,13.664999961853027,13.829999923706056,784420000
2020-10-07,13.920726776123049,13.96399974822998,14.119250297546388,13.863499641418455,13.999750137329102,418084000
2020-10-08,13.795866012573242,13.838749885559082,14.084500312805176,13.758000373840332,14.074999809265137,378900000
2020-10-09,13.720099449157717,13.762749671936035,13.82425022125244,13.66075038909912,13.767000198364258,346892000
2020-10-12,14.181913375854492,14.22599983215332,14.347000122070312,13.912500381469728,13.989500045776367,434744000
2020-10-13,14.204095840454102,14.248250007629396,14.34850025177002,14.018750190734863,14.296500205993652,344604000
2020-10-14,14.0515718460083,14.095250129699709,14.34274959564209,13.960000038146973,14.290499687194824,276100000
2020-10-15,13.926708221435549,13.970000267028809,14.005749702453612,13.767749786376951,13.810750007629396,267224000
2020-10-16,13.768698692321776,13.81149959564209,14.121500015258787,13.792499542236328,14.036749839782717,242392000
2020-10-19,13.45592212677002,13.497750282287598,13.98349952697754,13.406749725341797,13.902999877929688,298068000
2020-10-20,13.603215217590332,13.645500183105469,13.799750328063965,13.506999969482422,13.583499908447266,229212000
2020-10-21,13.482839584350586,13.524749755859377,13.791500091552734,13.477499961853027,13.625,219596000
2020-10-22,13.319595336914062,13.361000061035156,13.611749649047852,13.231749534606934,13.522500038146973,290480000
2020-10-23,13.548137664794922,13.590250015258787,13.593250274658203,13.291250228881836,13.449999809265137,233484000
2020-10-26,13.100528717041016,13.141249656677246,13.692749977111816,13.03849983215332,13.427000045776367,336896000
2020-10-27,13.355236053466797,13.396750450134276,13.44200038909912,13.191499710083008,13.305999755859377,250520000
2020-10-28,12.587870597839355,12.626999855041504,13.260000228881836,12.609000205993652,13.197999954223633,376520000
2020-10-29,12.98363971710205,13.02400016784668,13.192749977111816,12.75,12.838500022888184,320080000
2020-10-30,12.495157241821287,12.534000396728516,12.93649959564209,12.300000190734863,12.850000381469728,416820000
2020-11-02,12.54176425933838,12.580750465393066,12.836750030517578,12.395000457763672,12.657750129699709,299652000
2020-11-03,12.979153633117676,13.01949977874756,13.104999542236328,12.602749824523926,12.708499908447266,272900000
2020-11-04,13.751503944396973,13.794249534606934,13.827500343322754,13.336999893188477,13.389249801635742,410228000
2020-11-05,14.116119384765623,14.15999984741211,14.33899974822998,13.991000175476074,14.162500381469728,319028000
2020-11-06,14.51687240600586,14.562000274658203,14.588749885559082,13.895000457763672,14.109749794006348,383348000
2020-11-09,13.58851146697998,13.630749702453612,14.691499710083008,13.610750198364258,14.552499771118164,582976000
2020-11-10,12.730429649353027,12.770000457763672,13.606499671936035,12.628250122070312,13.606499671936035,644068000
2020-11-11,13.376420021057127,13.41800022125244,13.4350004196167,12.948249816894531,13.053750038146973,404744000
2020-11-12,13.41504955291748,13.45674991607666,13.765999794006348,13.315999984741213,13.479000091552734,365812000
2020-11-13,13.255794525146484,13.29699993133545,13.668749809265137,13.059249877929688,13.627249717712402,346312000
2020-11-16,13.473369598388672,13.515250205993652,13.649499893188477,13.156000137329102,13.172499656677246,413776000
2020-11-17,13.380660057067873,13.422249794006348,13.5962495803833,13.303750038146973,13.552499771118164,312028000
2020-11-18,13.38713550567627,13.428750038146973,13.60575008392334,13.1850004196167,13.465250015258787,510924000
2020-11-19,13.398600578308104,13.440250396728516,13.487500190734863,13.100000381469728,13.212750434875488,565936000
2020-11-20,13.04719352722168,13.087750434875488,13.494500160217283,13.0649995803833,13.45400047302246,341088000
2020-11-23,13.099281311035156,13.140000343322754,13.38249969482422,13.01550006866455,13.171250343322754,361356000
2020-11-24,12.917596817016602,12.95775032043457,13.161999702453612,12.885000228881836,13.142499923706056,346500000
2020-11-25,13.193737983703612,13.234749794006348,13.26949977874756,13.020000457763672,13.032500267028809,259916000
2020-11-27,13.22015380859375,13.261249542236328,13.407500267028809,13.170499801635742,13.375,167276000
2020-11-30,13.359971046447754,13.40149974822998,13.412500381469728,12.972249984741213,13.265000343322754,286952000
2020-12-01,13.348505973815918,13.390000343322754,13.5287504196167,13.228249549865724,13.492250442504885,296948000
2020-12-02,13.502528190612791,13.544500350952148,13.673500061035156,13.23425006866455,13.350500106811523,283360000
2020-12-03,13.358433723449709,13.395999908447266,13.65999984741211,13.32900047302246,13.587499618530272,199520000
2020-12-04,13.52022933959961,13.558250427246094,13.5600004196167,13.388750076293944,13.44849967956543,202244000
2020-12-07,13.568591117858888,13.606749534606934,13.731249809265137,13.5,13.60124969482422,223244000
2020-12-08,13.3125638961792,13.350000381469728,13.598750114440918,13.281499862670898,13.585000038146973,271920000
2020-12-09,12.894485473632812,12.930749893188477,13.413999557495115,12.868249893188477,13.30049991607666,401300000
2020-12-10,12.935872077941896,12.972249984741213,13.068750381469728,12.849499702453612,12.869000434875488,207764000
2020-12-11,12.97675609588623,13.013250350952148,13.020000457763672,12.822999954223633,12.967249870300291,209264000
2020-12-14,13.271430015563965,13.30875015258789,13.388750076293944,13.077500343322754,13.088000297546388,270156000
2020-12-15,13.323033332824709,13.36050033569336,13.46399974822998,13.186750411987305,13.439749717712402,193016000
2020-12-16,13.205365180969238,13.24250030517578,13.437250137329102,13.212499618530272,13.422499656677246,223116000
2020-12-17,13.303836822509766,13.3412504196167,13.37950038909912,13.178500175476074,13.36674976348877,231384000
2020-12-18,13.234781265258787,13.272000312805176,13.404999732971191,13.070500373840332,13.378999710083008,342064000
2020-12-21,13.294862747192385,13.332249641418455,13.369999885559082,12.967499732971191,13.074749946594238,302332000
2020-12-22,13.241012573242188,13.278249740600586,13.337249755859377,13.053999900817873,13.319250106811523,185580000
2020-12-23,12.972766876220703,13.009249687194824,13.274999618530272,13.005000114440918,13.255999565124512,179144000
2020-12-24,12.95731258392334,12.993749618530272,13.13249969482422,12.938750267028809,13.037249565124512,97884000
2020-12-28,12.863823890686035,12.899999618530272,13.0625,12.763250350952148,13.0625,212564000
2020-12-29,12.906951904296877,12.943249702453612,13.072500228881836,12.842249870300291,12.925000190734863,170372000
2020-12-30,13.10888671875,13.145750045776367,13.213749885559082,12.896750450134276,12.990249633789062,225396000
2020-12-31,13.018387794494627,13.05500030517578,13.151000022888184,12.914999961853027,13.136500358581545,192424000
