date,adjclose,close,high,low,open,volume
2015-01-02,84.48049926757812,100.77999877929688,102.62000274658205,100.01000213623048,101.5,3060900
2015-01-05,83.08895111083984,99.12000274658205,100.4499969482422,98.75,100.3000030517578,4679000
2015-01-06,82.92130279541016,98.91999816894533,100.13999938964844,98.45999908447266,99.83000183105467,3468300
2015-01-07,83.7679443359375,99.93000030517578,100.3000030517578,98.91999816894533,98.95999908447266,3225800
2015-01-08,87.7664794921875,104.6999969482422,104.9800033569336,100.72000122070312,101.56999969482422,5346100
2015-01-09,86.94499206542969,103.72000122070312,104.62999725341795,102.9000015258789,104.41999816894533,3397600
2015-01-12,85.96419525146484,102.5500030517578,104.0,101.91000366210938,103.83000183105467,3051500
2015-01-13,86.40011596679688,103.06999969482422,105.5999984741211,101.83999633789062,103.94000244140624,3856500
2015-01-14,86.61805725097656,103.33000183105467,103.4800033569336,101.18000030517578,101.61000061035156,4725600
2015-01-15,87.56529998779297,104.45999908447266,104.58999633789062,103.12999725341795,103.55999755859376,5888900
2015-01-16,88.6634292602539,105.7699966430664,106.0,103.6500015258789,104.5,6045500
2015-01-20,88.5376968383789,105.62000274658205,106.37999725341795,104.5,106.1999969482422,6526800
2015-01-21,91.6392822265625,109.31999969482422,109.4499969482422,105.62000274658205,106.5199966430664,8293700
2015-01-22,95.43661499023438,113.8499984741211,114.12000274658205,109.33000183105467,109.75,8055200
2015-01-23,93.88583374023438,112.0,114.31999969482422,112.0,113.63999938964844,5256000
2015-01-26,93.55890655517578,111.61000061035156,112.0,110.76000213623048,112.0,4203400
2015-01-27,92.21772003173828,110.01000213623048,111.25,109.91999816894533,110.9499969482422,4718300
2015-01-28,90.91837310791016,108.45999908447266,110.87999725341795,108.4499969482422,110.56999969482422,6633500
2015-01-29,91.69795989990234,109.38999938964844,109.58000183105467,106.73999786376952,108.1500015258789,4912300
2015-01-30,89.06578063964844,106.25,109.38999938964844,106.13999938964844,108.62000274658205,5397500
2015-02-02,89.93760681152344,107.29000091552734,107.33999633789062,105.06999969482422,106.7300033569336,4657100
2015-02-03,90.37351989746094,107.80999755859376,108.0,106.5199966430664,107.3499984741211,4192600
2015-02-04,90.46570587158205,107.91999816894533,108.73999786376952,106.75,106.83000183105467,4768900
2015-02-05,91.22013092041016,108.81999969482422,109.80999755859376,108.31999969482422,108.31999969482422,3297700
2015-02-06,90.1974639892578,107.5999984741211,109.4000015258789,107.19000244140624,108.58999633789062,3661400
2015-02-09,89.26699829101562,106.48999786376952,107.23999786376952,106.27999877929688,106.93000030517578,3909700
2015-02-10,91.34587860107422,108.97000122070312,109.45999908447266,107.12999725341795,107.26000213623048,5437400
2015-02-11,92.08355712890624,109.8499984741211,110.05999755859376,108.37999725341795,108.7300033569336,3798500
2015-02-12,92.07518005371094,109.83999633789062,110.77999877929688,108.83000183105467,110.6999969482422,3378000
2015-02-13,91.7398452758789,109.44000244140624,109.83999633789062,108.68000030517578,109.69000244140624,3727600
2015-02-17,92.00811004638672,109.76000213623048,109.76000213623048,108.5199966430664,109.33999633789062,3430600
2015-02-18,92.01649475097656,109.7699966430664,110.22000122070312,108.9499969482422,109.76000213623048,2958700
2015-02-19,92.23446655273438,110.02999877929688,110.36000061035156,109.44000244140624,109.54000091552734,2674800
2015-02-20,94.4055633544922,112.62000274658205,112.81999969482422,109.44000244140624,109.95999908447266,4647100
2015-02-23,97.57418823242188,116.4000015258789,116.48999786376952,112.8499984741211,112.98999786376952,7060000
2015-02-24,96.76107025146484,115.43000030517578,116.58000183105467,115.31999969482422,116.26000213623048,3582800
2015-02-25,95.60428619384766,114.0500030517578,115.81999969482422,113.72000122070312,115.81999969482422,3845900
2015-02-26,95.27735137939452,113.66000366210938,114.62000274658205,113.37000274658205,114.41000366210938,3126800
2015-02-27,95.25218200683594,113.62999725341795,114.25,113.41000366210938,113.7699966430664,4016400
2015-03-02,95.89768981933594,114.4000015258789,114.8499984741211,113.62999725341795,113.62999725341795,2952200
2015-03-03,94.60675811767578,112.86000061035156,114.48999786376952,112.36000061035156,113.9499969482422,3163700
2015-03-04,95.41146087646484,113.81999969482422,113.97000122070312,111.6500015258789,112.25,3180900
2015-03-05,96.22460174560548,114.79000091552734,115.72000122070312,114.06999969482422,114.06999969482422,2941400
2015-03-06,94.6235122680664,112.87999725341795,115.16000366210938,112.61000061035156,115.16000366210938,3196900
2015-03-09,96.31681823730467,114.9000015258789,114.95999908447266,112.87000274658205,112.97000122070312,3942000
2015-03-10,94.27144622802734,112.45999908447266,114.41000366210938,112.45999908447266,114.26000213623048,3957900
2015-03-11,94.80553436279295,112.72000122070312,113.58999633789062,112.63999938964844,112.9000015258789,2593700
2015-03-12,96.6222152709961,114.87999725341795,115.0500030517578,113.1500015258789,113.31999969482422,3258600
2015-03-13,96.93341827392578,115.25,115.38999938964844,113.52999877929688,114.44000244140624,3066800
2015-03-16,99.68373107910156,118.5199966430664,118.69000244140624,115.81999969482422,116.0,4692200
2015-03-17,98.9099349975586,117.5999984741211,118.12999725341795,116.91999816894533,118.08000183105467,3303500
2015-03-18,100.89485168457033,119.95999908447266,120.5199966430664,116.7300033569336,117.43000030517578,5533500
2015-03-19,101.56771087646484,120.76000213623048,121.0999984741211,119.81999969482422,120.0,4032500
2015-03-20,100.2051773071289,119.13999938964844,121.52999877929688,119.0,121.3499984741211,7195700
2015-03-23,100.12108612060548,119.04000091552734,120.4800033569336,118.58999633789062,119.4800033569336,4576500
2015-03-24,99.34725952148438,118.12000274658205,119.63999938964844,118.08000183105467,118.9000015258789,3054700
2015-03-25,98.01841735839844,116.54000091552734,119.75,116.51000213623048,118.8499984741211,3385500
2015-03-26,97.77449035644533,116.25,117.20999908447266,114.5999984741211,116.06999969482422,2856400
2015-03-27,99.2547607421875,118.01000213623048,118.22000122070312,116.0199966430664,116.05999755859376,2608500
2015-03-30,101.7695770263672,121.0,123.76000213623048,120.52999877929688,122.31999969482422,5178500
2015-03-31,99.49027252197266,118.29000091552734,120.93000030517578,118.22000122070312,120.8000030517578,4573100
2015-04-01,98.78380584716795,117.4499969482422,119.5199966430664,116.54000091552734,119.5199966430664,4826200
2015-04-02,98.70806884765624,117.36000061035156,118.37999725341795,116.87000274658205,117.5999984741211,2497100
2015-04-06,98.99403381347656,117.6999969482422,118.5199966430664,115.9499969482422,116.0199966430664,2544700
2015-04-07,98.6996612548828,117.3499984741211,119.83000183105467,117.2699966430664,119.4499969482422,2528500
2015-04-08,99.40617370605467,118.19000244140624,118.83000183105467,117.47000122070312,117.77999877929688,2627000
2015-04-09,99.70895385742188,118.5500030517578,118.76000213623048,117.5999984741211,117.83000183105467,2247200
2015-04-10,100.08744049072266,119.0,119.0999984741211,117.97000122070312,118.5500030517578,2232600
2015-04-13,100.3986587524414,119.37000274658205,121.30999755859376,119.12999725341795,121.0,3961000
2015-04-14,100.86119842529295,119.91999816894533,120.18000030517578,118.5199966430664,119.33999633789062,3208800
2015-04-15,98.67447662353516,117.31999969482422,120.73999786376952,116.5500030517578,120.37999725341795,7344000
2015-04-16,102.27422332763672,121.5999984741211,122.31999969482422,120.5199966430664,121.93000030517578,7068000
2015-04-17,99.843505859375,118.70999908447266,121.0500030517578,117.73999786376952,121.0,4390000
2015-04-20,99.7341766357422,118.58000183105467,120.33000183105467,118.06999969482422,119.8499984741211,4650700
2015-04-21,100.32293701171876,119.27999877929688,119.62999725341795,118.76000213623048,119.0,3379800
2015-04-22,99.08655548095705,117.80999755859376,119.94000244140624,117.16999816894533,119.54000091552734,3846700
2015-04-23,99.4650421142578,118.26000213623048,118.58000183105467,116.95999908447266,117.4800033569336,3244300
2015-04-24,99.82669830322266,118.69000244140624,119.08999633789062,118.0199966430664,118.27999877929688,3139200
2015-04-27,97.7660675048828,116.23999786376952,119.41000366210938,116.06999969482422,119.18000030517578,5174300
2015-04-28,98.90150451660156,117.58999633789062,117.73999786376952,114.27999877929688,116.88999938964844,4144800
2015-04-29,95.55406188964844,113.61000061035156,117.31999969482422,112.04000091552734,116.22000122070312,7122600
2015-04-30,93.69532775878906,111.4000015258789,114.33000183105467,111.12000274658205,113.52999877929688,6705600
2015-05-01,95.20921325683594,113.1999969482422,113.66000366210938,111.73999786376952,112.29000091552734,5805100
2015-05-04,96.35306549072266,114.55999755859376,114.93000030517578,113.4499969482422,113.6999969482422,3531500
2015-05-05,95.35221099853516,113.37000274658205,114.27999877929688,113.01000213623048,113.94000244140624,3960400
2015-05-06,95.45314025878906,113.48999786376952,114.48999786376952,112.66000366210938,114.0,3369800
2015-05-07,96.52130889892578,114.76000213623048,115.13999938964844,113.11000061035156,113.1500015258789,3300200
2015-05-08,97.29507446289062,115.68000030517578,116.58999633789062,115.0500030517578,115.93000030517578,3066000
2015-05-11,96.52970886230467,114.7699966430664,115.79000091552734,114.72000122070312,115.61000061035156,3376400
2015-05-12,96.4203643798828,114.63999938964844,115.08000183105467,113.83000183105467,114.2300033569336,3844600
2015-05-13,97.44649505615234,115.86000061035156,116.3000030517578,114.62000274658205,114.62000274658205,3667700
2015-05-14,99.69213104248048,118.52999877929688,118.62000274658205,116.20999908447266,117.18000030517578,4771400
2015-05-15,100.36499786376952,119.33000183105467,119.3499984741211,118.30999755859376,118.77999877929688,3083800
2015-05-18,100.76030731201172,119.8000030517578,119.9800033569336,118.83999633789062,119.22000122070312,2824700
2015-05-19,101.39109802246094,120.5500030517578,121.12999725341795,119.69000244140624,119.81999969482422,3554900
2015-05-20,101.97144317626952,121.23999786376952,121.8499984741211,120.02999877929688,120.7300033569336,3379200
2015-05-21,101.3154067993164,120.45999908447266,120.83999633789062,120.0500030517578,120.76000213623048,2983500
2015-05-22,100.58367156982422,119.58999633789062,120.77999877929688,119.13999938964844,120.3000030517578,2945900
2015-05-26,99.44822692871094,118.23999786376952,119.58999633789062,117.6999969482422,119.22000122070312,3014500
2015-05-27,100.46591186523438,119.4499969482422,119.8499984741211,118.2699966430664,118.87999725341795,2887700
2015-05-28,100.6089096069336,119.62000274658205,119.81999969482422,118.29000091552734,119.30999755859376,2873600
2015-05-29,101.1051254272461,120.20999908447266,121.62000274658205,117.73999786376952,120.05999755859376,6019900
2015-06-01,100.81076049804688,119.86000061035156,120.55999755859376,118.75,120.54000091552734,3876400
2015-06-02,99.03611755371094,117.75,119.68000030517578,117.41000366210938,119.48999786376952,4219500
2015-06-03,99.54076385498048,118.3499984741211,118.98999786376952,117.4499969482422,118.0,3438100
2015-06-04,98.11093139648438,116.6500015258789,117.97000122070312,116.02999877929688,117.91999816894533,3300300
2015-06-05,98.00997161865234,116.52999877929688,116.75,115.36000061035156,116.33000183105467,2724500
2015-06-08,98.32959747314452,116.91000366210938,117.66999816894533,116.31999969482422,116.37999725341795,3271300
2015-06-09,98.39690399169922,116.98999786376952,117.37999725341795,115.79000091552734,116.93000030517578,3047300
2015-06-10,99.70895385742188,118.5500030517578,118.87999725341795,116.7300033569336,117.02999877929688,4006400
2015-06-11,100.78163146972656,119.31999969482422,119.94000244140624,118.22000122070312,118.41000366210938,3815600
2015-06-12,99.37108612060548,117.6500015258789,119.0,117.5,118.83999633789062,3076600
2015-06-15,100.49445343017578,118.9800033569336,120.87999725341795,116.0,116.83000183105467,6809500
2015-06-16,102.6651840209961,121.5500030517578,122.18000030517578,119.0,119.13999938964844,7229400
2015-06-17,101.13636016845705,119.73999786376952,122.1999969482422,119.16999816894533,121.9000015258789,4805900
2015-06-18,102.10770416259766,120.88999938964844,121.37999725341795,119.91999816894533,120.38999938964844,3478300
2015-06-19,101.63471221923828,120.33000183105467,120.87999725341795,119.9000015258789,120.6500015258789,4178700
2015-06-22,101.56716918945312,120.25,122.2300033569336,119.94000244140624,121.62999725341795,4435600
2015-06-23,103.67025756835938,122.73999786376952,122.7699966430664,121.01000213623048,121.37000274658205,4991000
2015-06-24,100.65496063232422,119.16999816894533,123.0,119.0999984741211,122.8000030517578,4650500
2015-06-25,103.32398223876952,122.33000183105467,123.41000366210938,119.5,119.56999969482422,6149500
2015-06-26,104.10102081298828,123.25,124.11000061035156,122.7300033569336,123.79000091552734,16358200
2015-06-29,102.36109924316406,121.19000244140624,123.02999877929688,121.11000061035156,122.04000091552734,3604000
2015-06-30,103.04527282714844,122.0,122.94000244140624,121.0,122.41999816894533,4982600
2015-07-01,104.21086883544922,123.37999725341795,123.6500015258789,122.22000122070312,122.9499969482422,3269300
2015-07-02,102.88478088378906,121.80999755859376,123.87999725341795,121.0199966430664,123.81999969482422,3682300
2015-07-06,103.18041229248048,122.16000366210938,123.0999984741211,119.26000213623048,119.5999984741211,6522800
2015-07-07,101.9472198486328,120.6999969482422,122.8000030517578,117.80999755859376,122.36000061035156,6476200
2015-07-08,100.3255386352539,118.77999877929688,119.98999786376952,118.4000015258789,119.0500030517578,4009800
2015-07-09,100.7985382080078,119.33999633789062,120.55999755859376,119.30999755859376,120.04000091552734,3315600
2015-07-10,103.17195892333984,122.1500015258789,122.75,120.6999969482422,120.98999786376952,4033500
2015-07-13,103.42534637451172,122.4499969482422,123.75,121.80999755859376,123.0999984741211,3766900
2015-07-14,105.57913208007812,125.0,125.1999969482422,122.0,122.18000030517578,4192400
2015-07-15,106.3055648803711,125.86000061035156,126.0500030517578,123.80999755859376,124.9499969482422,5067300
2015-07-16,105.52002716064452,124.93000030517578,125.5,122.0999984741211,125.41999816894533,7216600
2015-07-17,104.60783386230467,123.8499984741211,124.9800033569336,123.6999969482422,124.6999969482422,3702700
2015-07-20,103.59426879882812,122.6500015258789,124.2300033569336,122.33000183105467,124.0500030517578,3199700
2015-07-21,102.08238220214844,120.86000061035156,122.72000122070312,120.33999633789062,122.56999969482422,4239100
2015-07-22,101.8712158203125,120.61000061035156,121.23999786376952,120.08000183105467,120.97000122070312,3384700
2015-07-23,100.79006958007812,119.33000183105467,121.68000030517578,118.76000213623048,121.62999725341795,4896100
2015-07-24,99.61603546142578,117.94000244140624,119.72000122070312,117.58000183105467,119.12000274658205,3840600
2015-07-27,99.56535339355467,117.87999725341795,118.08999633789062,116.66000366210938,117.87999725341795,3752300
2015-07-28,102.63983154296876,121.5199966430664,121.56999969482422,118.5,118.73999786376952,5216900
2015-07-29,102.63983154296876,121.5199966430664,122.11000061035156,120.62000274658205,121.81999969482422,3924400
2015-07-30,101.8290023803711,120.55999755859376,121.91999816894533,119.5500030517578,121.13999938964844,3732400
2015-07-31,102.53845977783205,121.4000015258789,122.72000122070312,120.47000122070312,120.47000122070312,3593000
2015-08-03,102.10770416259766,120.88999938964844,122.16999816894533,120.13999938964844,121.61000061035156,2541300
2015-08-04,102.06546783447266,120.83999633789062,121.62999725341795,120.2300033569336,121.58000183105467,2058200
2015-08-05,104.66695404052734,123.91999816894533,124.23999786376952,121.76000213623048,121.76000213623048,3831900
2015-08-06,103.0790557861328,122.04000091552734,124.63999938964844,121.8000030517578,124.37000274658205,3014900
2015-08-07,102.89321899414062,121.81999969482422,121.86000061035156,120.26000213623048,121.70999908447266,2276300
2015-08-10,103.45068359375,122.4800033569336,123.33999633789062,121.94000244140624,122.5,2480000
2015-08-11,103.2648696899414,122.26000213623048,123.0199966430664,121.2699966430664,121.2699966430664,2756000
2015-08-12,102.36956024169922,121.1999969482422,121.77999877929688,119.0500030517578,121.26000213623048,3005300
2015-08-13,101.79515838623048,120.5199966430664,121.98999786376952,120.29000091552734,121.33000183105467,3253400
2015-08-14,102.21754455566406,121.0199966430664,121.18000030517578,120.26000213623048,120.56999969482422,2040500
2015-08-17,104.5824737548828,123.81999969482422,123.9499969482422,120.3000030517578,120.4000015258789,2951800
2015-08-18,106.00147247314452,125.5,126.20999908447266,123.81999969482422,123.87999725341795,4140200
2015-08-19,104.07571411132812,123.22000122070312,124.98999786376952,122.8499984741211,124.70999908447266,3411500
2015-08-20,101.17863464355467,119.79000091552734,122.41999816894533,119.79000091552734,122.23999786376952,3201600
2015-08-21,98.21392822265624,116.27999877929688,118.8000030517578,116.01000213623048,118.25,5627800
2015-08-24,93.27283477783205,110.43000030517578,112.43000030517578,95.0,110.86000061035156,8824900
2015-08-25,92.89278411865234,109.9800033569336,114.58999633789062,109.8000030517578,113.0,8109900
2015-08-26,95.8320770263672,113.45999908447266,113.83000183105467,110.27999877929688,112.55999755859376,7503200
2015-08-27,99.4724578857422,117.7699966430664,117.83000183105467,114.95999908447266,115.25,5783700
2015-08-28,99.05857849121094,117.27999877929688,117.83999633789062,116.0,117.38999938964844,3333100
2015-08-31,97.7240753173828,115.6999969482422,118.77999877929688,115.16000366210938,117.20999908447266,4087000
2015-09-01,95.13105010986328,112.62999725341795,114.22000122070312,112.06999969482422,113.36000061035156,4658100
2015-09-02,96.4824447631836,114.2300033569336,114.5999984741211,112.52999877929688,113.83000183105467,4522100
2015-09-03,96.2797393798828,113.98999786376952,115.91999816894533,113.45999908447266,114.73999786376952,3137100
2015-09-04,94.90298461914062,112.36000061035156,113.06999969482422,111.26000213623048,112.5,3394900
2015-09-08,98.05348205566406,116.08999633789062,116.20999908447266,113.66999816894533,114.12999725341795,3990600
2015-09-09,97.6208724975586,115.08000183105467,117.72000122070312,114.83000183105467,117.29000091552734,3753500
2015-09-10,99.05442810058594,116.7699966430664,117.94000244140624,114.7300033569336,114.8499984741211,5525700
2015-09-11,100.691650390625,118.6999969482422,118.87000274658205,115.86000061035156,116.16999816894533,3752500
2015-09-14,99.92819213867188,117.8000030517578,119.5,117.1500015258789,119.02999877929688,2686500
2015-09-15,101.81985473632812,120.02999877929688,120.61000061035156,117.43000030517578,118.61000061035156,3072100
2015-09-16,102.76996612548828,121.1500015258789,121.36000061035156,119.5500030517578,120.2699966430664,3475700
2015-09-17,104.55982208251952,123.26000213623048,125.12000274658205,120.9000015258789,121.5,5466500
2015-09-18,103.88970947265624,122.47000122070312,123.7699966430664,121.81999969482422,122.20999908447266,7458400
2015-09-21,105.13665008544922,123.94000244140624,124.2699966430664,121.38999938964844,123.48999786376952,3476700
2015-09-22,104.27989196777344,122.93000030517578,123.79000091552734,121.44000244140624,121.44000244140624,4566800
2015-09-23,104.5768051147461,123.27999877929688,124.20999908447266,122.04000091552734,123.0,3131300
2015-09-24,102.71906280517578,121.08999633789062,122.62999725341795,119.2699966430664,122.3499984741211,4735800
2015-09-25,98.71514129638672,116.37000274658205,122.41000366210938,115.2300033569336,122.18000030517578,8060200
2015-09-28,95.60193634033205,112.6999969482422,115.81999969482422,111.01000213623048,115.5500030517578,5727000
2015-09-29,96.89134216308594,114.22000122070312,114.86000061035156,111.61000061035156,112.88999938964844,5142700
2015-09-30,98.40978240966795,116.01000213623048,116.91999816894533,114.87999725341795,115.38999938964844,4638600
2015-10-01,98.91873168945312,116.61000061035156,116.70999908447266,114.91000366210938,115.94000244140624,3768300
2015-10-02,100.80192565917967,118.83000183105467,118.8499984741211,114.81999969482422,115.13999938964844,3521600
2015-10-05,101.49752044677734,119.6500015258789,120.33999633789062,118.12999725341795,119.66999816894533,3491200
2015-10-06,98.44368743896484,116.0500030517578,119.5999984741211,114.66999816894533,119.45999908447266,4652000
2015-10-07,98.76605987548828,116.43000030517578,116.80999755859376,114.5999984741211,116.45999908447266,4282000
2015-10-08,98.4691162109375,116.08000183105467,116.94000244140624,114.9000015258789,116.43000030517578,3646500
2015-10-09,101.1751708984375,119.2699966430664,119.47000122070312,115.95999908447266,115.98999786376952,4485100
2015-10-12,103.92362213134766,122.51000213623048,123.06999969482422,118.55999755859376,119.01000213623048,5840000
2015-10-13,105.17906188964844,123.98999786376952,125.98999786376952,121.58999633789062,123.16000366210938,6655700
2015-10-14,103.55037689208984,122.06999969482422,125.0,120.83999633789062,123.8499984741211,5592200
2015-10-15,101.93861389160156,120.16999816894533,120.5,115.95999908447266,119.0,8012400
2015-10-16,101.77745056152344,119.9800033569336,120.8499984741211,118.58000183105467,120.8499984741211,4416500
2015-10-19,102.41368103027344,120.7300033569336,120.91000366210938,119.1999969482422,119.77999877929688,3707500
2015-10-20,102.15068817138672,120.41999816894533,121.56999969482422,119.69000244140624,120.63999938964844,3278400
2015-10-21,100.19114685058594,118.11000061035156,120.8000030517578,115.2699966430664,120.69000244140624,5305600
2015-10-22,96.54352569580078,113.80999755859376,119.02999877929688,110.06999969482422,118.20999908447266,10475000
2015-10-23,98.33343505859376,115.91999816894533,116.62000274658205,114.04000091552734,114.4499969482422,5497500
2015-10-26,98.8508758544922,116.52999877929688,117.0,115.0,115.91999816894533,3377100
2015-10-27,101.26004028320312,119.37000274658205,119.5199966430664,115.9000015258789,116.38999938964844,4008400
2015-10-28,101.60779571533205,119.77999877929688,120.13999938964844,115.91000366210938,119.76000213623048,4405500
2015-10-29,101.54840850830078,119.70999908447266,121.66999816894533,119.5,119.79000091552734,3257500
2015-10-30,99.91122436523438,117.77999877929688,120.37000274658205,117.77999877929688,119.93000030517578,4237800
2015-11-02,100.68315887451172,118.69000244140624,119.9499969482422,117.83999633789062,118.63999938964844,3874200
2015-11-03,99.80941009521484,117.66000366210938,118.45999908447266,116.25,118.16999816894533,2758200
2015-11-04,97.24761199951172,114.63999938964844,117.75,114.05999755859376,117.5999984741211,5396100
2015-11-05,98.59638214111328,116.2300033569336,116.7699966430664,113.62999725341795,114.9800033569336,4009100
2015-11-06,97.39183044433594,114.80999755859376,115.8000030517578,114.01000213623048,115.2300033569336,4106900
2015-11-09,96.92525482177734,114.26000213623048,114.63999938964844,113.01000213623048,114.12999725341795,2755100
2015-11-10,98.3079605102539,115.88999938964844,116.1999969482422,114.02999877929688,114.2699966430664,2842600
2015-11-11,97.16281127929688,114.54000091552734,116.86000061035156,114.3499984741211,116.3499984741211,2374200
2015-11-12,95.70372009277344,112.81999969482422,114.73999786376952,112.52999877929688,113.76000213623048,3341300
2015-11-13,94.50763702392578,111.41000366210938,113.0199966430664,111.18000030517578,112.48999786376952,3767300
2015-11-16,96.55199432373048,113.81999969482422,114.13999938964844,110.79000091552734,110.9000015258789,2450000
2015-11-17,97.0355224609375,114.38999938964844,115.44000244140624,113.16999816894533,113.7300033569336,1981400
2015-11-18,99.46163177490234,117.25,117.52999877929688,113.75,114.25,3319900
2015-11-19,93.84597778320312,110.62999725341795,113.70999908447266,109.61000061035156,109.79000091552734,15731900
2015-11-20,95.83096313476562,112.97000122070312,114.44000244140624,110.5999984741211,110.88999938964844,7059400
2015-11-23,95.14387512207033,112.16000366210938,114.48999786376952,112.0999984741211,112.97000122070312,3780400
2015-11-24,96.01757049560548,113.19000244140624,113.4499969482422,111.05999755859376,111.37999725341795,3244800
2015-11-25,97.05252075195312,114.41000366210938,115.0500030517578,113.0,113.47000122070312,2959200
2015-11-27,96.99311065673828,114.33999633789062,115.9000015258789,114.08000183105467,114.48999786376952,1740400
2015-11-30,95.61042022705078,112.70999908447266,114.81999969482422,112.62000274658205,114.55999755859376,4605200
2015-12-01,98.621826171875,116.26000213623048,116.37000274658205,113.0500030517578,113.52999877929688,5467000
2015-12-02,100.2234878540039,117.63999938964844,119.37999725341795,116.11000061035156,116.23999786376952,6071100
2015-12-03,97.97435760498048,115.0,118.27999877929688,114.43000030517578,117.8000030517578,4286600
2015-12-04,100.30867767333984,117.73999786376952,118.25,115.23999786376952,115.58999633789062,3588200
2015-12-07,98.7496337890625,115.91000366210938,117.88999938964844,115.1999969482422,117.88999938964844,3164300
2015-12-08,98.72405242919922,115.87999725341795,116.3499984741211,113.9499969482422,114.9499969482422,3551900
2015-12-09,98.01692962646484,115.0500030517578,116.81999969482422,114.66000366210938,115.4000015258789,3839100
2015-12-10,99.00521850585938,116.20999908447266,117.0500030517578,114.33999633789062,115.0500030517578,3202600
2015-12-11,98.80926513671876,115.9800033569336,117.33999633789062,114.62000274658205,116.20999908447266,3830800
2015-12-14,98.69850158691406,115.8499984741211,116.73999786376952,114.43000030517578,115.87999725341795,3867200
2015-12-15,100.1979522705078,117.61000061035156,118.5,116.66000366210938,116.87000274658205,3124100
2015-12-16,101.23731994628906,118.83000183105467,119.76000213623048,116.9000015258789,118.3000030517578,3516900
2015-12-17,101.56959533691406,119.22000122070312,121.08999633789062,118.63999938964844,118.83000183105467,3945800
2015-12-18,98.67290496826172,115.81999969482422,118.86000061035156,115.81999969482422,118.61000061035156,7574800
2015-12-21,100.02753448486328,117.41000366210938,117.7699966430664,116.0,116.56999969482422,3185200
2015-12-22,100.05310821533205,117.44000244140624,118.33999633789062,116.20999908447266,118.19000244140624,2821600
2015-12-23,101.11802673339844,118.69000244140624,118.83000183105467,117.5500030517578,117.9000015258789,2479600
2015-12-24,100.81983947753906,118.33999633789062,119.18000030517578,118.29000091552734,118.52999877929688,900100
2015-12-28,100.81135559082033,118.33000183105467,118.61000061035156,117.37999725341795,118.26000213623048,1582600
2015-12-29,102.08075714111328,119.81999969482422,120.41000366210938,118.6999969482422,118.87000274658205,2027600
2015-12-30,101.31397247314452,118.91999816894533,120.11000061035156,118.66000366210938,120.02999877929688,1747700
2015-12-31,100.2234878540039,117.63999938964844,119.37000274658205,117.36000061035156,118.63999938964844,2372500
2016-01-04,99.21820068359376,116.45999908447266,116.91000366210938,114.52999877929688,116.91000366210938,4991000
2016-01-05,99.40563201904295,116.68000030517578,117.88999938964844,116.20999908447266,116.72000122070312,2816800
2016-01-06,98.39179229736328,115.48999786376952,116.6500015258789,114.5,115.77999877929688,2677300
2016-01-07,95.49517822265624,112.08999633789062,114.08999633789062,111.41999816894533,113.62999725341795,5277200
2016-01-08,93.8509292602539,110.16000366210938,113.0,109.76000213623048,112.3499984741211,4422400
2016-01-11,93.35677337646484,109.58000183105467,110.62000274658205,108.19000244140624,110.51000213623048,4525800
2016-01-12,95.64000701904295,112.26000213623048,113.12999725341795,110.0500030517578,110.36000061035156,4037800
2016-01-13,93.05856323242188,109.2300033569336,113.04000091552734,108.93000030517578,112.41000366210938,3434300
2016-01-14,94.36206817626952,110.76000213623048,111.8000030517578,107.51000213623048,108.73999786376952,4238200
2016-01-15,93.09268188476562,109.2699966430664,110.6500015258789,107.79000091552734,109.08000183105467,6357000
2016-01-19,95.9126205444336,112.58000183105467,114.16000366210938,109.5999984741211,111.48999786376952,7122800
2016-01-20,97.79544067382812,114.79000091552734,115.73999786376952,110.1500015258789,112.08999633789062,8380700
2016-01-21,96.69639587402344,113.5,115.4800033569336,112.26000213623048,114.66999816894533,5413900
2016-01-22,97.4035415649414,114.33000183105467,115.1500015258789,113.88999938964844,114.66999816894533,3622200
2016-01-25,96.59416961669922,113.37999725341795,115.30999755859376,112.8499984741211,114.5199966430664,2908500
2016-01-26,97.08831787109376,113.95999908447266,114.18000030517578,111.76000213623048,112.91000366210938,4592500
2016-01-27,95.69965362548828,112.33000183105467,114.80999755859376,111.83999633789062,114.43000030517578,4720300
2016-01-28,94.89028930664062,111.37999725341795,113.25,110.61000061035156,112.29000091552734,3525600
2016-01-29,98.11067962646484,115.16000366210938,115.16000366210938,110.62000274658205,111.93000030517578,5280800
2016-02-01,98.73259735107422,115.88999938964844,116.1500015258789,114.11000061035156,114.83000183105467,4333500
2016-02-02,97.02014923095705,113.87999725341795,115.38999938964844,113.2699966430664,114.9499969482422,2997700
2016-02-03,96.05746459960938,112.75,114.37000274658205,110.3000030517578,114.37000274658205,3462300
2016-02-04,97.29279327392578,114.1999969482422,114.5500030517578,112.04000091552734,112.66999816894533,3608300
2016-02-05,95.17996215820312,111.72000122070312,114.20999908447266,110.9000015258789,114.06999969482422,3330800
2016-02-08,93.73165130615234,110.0199966430664,111.12000274658205,108.83000183105467,110.5,5050200
2016-02-09,94.70284271240234,111.16000366210938,112.27999877929688,109.13999938964844,109.37000274658205,3680200
2016-02-10,96.04893493652344,112.73999786376952,114.4800033569336,111.33000183105467,111.33000183105467,3023200
2016-02-11,94.24279022216795,110.62000274658205,111.69000244140624,110.08999633789062,111.31999969482422,3955000
2016-02-12,95.26516723632812,111.81999969482422,111.91000366210938,110.20999908447266,111.1999969482422,2552100
2016-02-16,98.10214233398438,115.1500015258789,115.2699966430664,112.52999877929688,112.62999725341795,3445700
2016-02-17,100.78579711914062,118.3000030517578,118.38999938964844,115.1999969482422,115.5,4466000
2016-02-18,100.06166076660156,117.4499969482422,120.0,117.05999755859376,118.5,3847100
2016-02-19,100.25756072998048,117.68000030517578,118.5500030517578,116.0199966430664,117.5,4481400
2016-02-22,103.31608581542967,121.2699966430664,122.13999938964844,118.95999908447266,119.0999984741211,5054800
2016-02-23,103.21385955810548,121.1500015258789,121.8000030517578,120.2699966430664,120.63999938964844,2804400
2016-02-24,102.40448760986328,120.1999969482422,120.31999969482422,117.83000183105467,119.93000030517578,2559700
2016-02-25,103.25643157958984,121.1999969482422,121.2300033569336,119.81999969482422,120.1999969482422,2281700
2016-02-26,103.36720275878906,121.33000183105467,122.26000213623048,120.88999938964844,121.4800033569336,2877500
2016-02-29,101.46736907958984,119.0999984741211,121.81999969482422,118.97000122070312,121.0999984741211,4526300
2016-03-01,103.65686798095705,121.66999816894533,122.22000122070312,119.37000274658205,119.48999786376952,3295600
2016-03-02,103.31608581542967,121.2699966430664,121.83999633789062,120.37000274658205,121.2300033569336,2670900
2016-03-03,103.78466033935548,121.81999969482422,121.86000061035156,120.08999633789062,120.86000061035156,3064100
2016-03-04,103.76759338378906,121.8000030517578,122.19000244140624,120.73999786376952,121.31999969482422,2873900
2016-03-07,103.73352813720705,121.76000213623048,122.73999786376952,120.9000015258789,121.08000183105467,2315400
2016-03-08,103.6483383178711,121.66000366210938,122.31999969482422,120.7300033569336,121.27999877929688,2522000
2016-03-09,103.59700012207033,121.0999984741211,122.12000274658205,120.4499969482422,121.87999725341795,2094000
2016-03-10,104.44392395019533,122.08999633789062,122.76000213623048,120.41000366210938,121.1999969482422,2638200
2016-03-11,107.01889038085938,125.0999984741211,125.31999969482422,122.25,122.47000122070312,3766200
2016-03-14,107.1215591430664,125.22000122070312,126.0199966430664,124.36000061035156,124.8000030517578,2856400
2016-03-15,106.80502319335938,124.8499984741211,125.47000122070312,124.08000183105467,124.54000091552734,2610300
2016-03-16,106.8478012084961,124.9000015258789,125.5500030517578,124.0999984741211,124.38999938964844,2140900
2016-03-17,106.53126525878906,124.52999877929688,124.95999908447266,122.22000122070312,124.61000061035156,3911400
2016-03-18,108.40472412109376,126.72000122070312,127.08000183105467,124.52999877929688,124.86000061035156,6948400
2016-03-21,108.42182159423828,126.73999786376952,127.0,125.68000030517578,126.23999786376952,2667000
2016-03-22,109.51683807373048,128.02000427246094,128.82000732421875,126.0199966430664,126.6500015258789,3984000
2016-03-23,111.03099822998048,129.7899932861328,130.35000610351562,128.02000427246094,128.14999389648438,6166400
2016-03-24,110.00444793701172,128.58999633789062,130.32000732421875,127.16999816894533,128.97000122070312,4153900
2016-03-28,110.2867431640625,128.9199981689453,129.5,128.00999450683594,128.82000732421875,1955100
2016-03-29,111.06522369384766,129.8300018310547,130.08999633789062,128.5399932861328,129.27000427246094,2463100
2016-03-30,110.93689727783205,129.67999267578125,131.10000610351562,129.38999938964844,130.08999633789062,2578500
2016-03-31,110.26964569091795,128.89999389648438,129.97000122070312,128.2899932861328,129.63999938964844,3181800
2016-04-01,111.14221954345705,129.9199981689453,130.44000244140625,128.36000061035156,128.69000244140625,3901700
2016-04-04,110.77437591552734,129.49000549316406,130.6999969482422,128.8800048828125,130.5,2812400
2016-04-05,108.67849731445312,127.04000091552734,129.4600067138672,126.9000015258789,128.9499969482422,4440000
2016-04-06,109.52539825439452,128.02999877929688,128.4199981689453,126.87999725341795,127.2300033569336,3021400
2016-04-07,108.53302764892578,126.87000274658205,128.44000244140625,126.2300033569336,127.51000213623048,3186600
2016-04-08,107.51505279541016,125.68000030517578,128.14999389648438,125.26000213623048,127.19000244140624,3642300
2016-04-11,108.07109832763672,126.33000183105467,126.94000244140624,125.83000183105467,125.83000183105467,3119200
2016-04-12,108.47315979003906,126.8000030517578,127.36000061035156,125.4000015258789,126.3000030517578,2887200
2016-04-13,109.29441833496094,127.76000213623048,128.66000366210938,127.2699966430664,127.6500015258789,2592400
2016-04-14,109.48260498046876,127.9800033569336,128.57000732421875,127.55999755859376,127.72000122070312,1674600
2016-04-15,108.9265365600586,127.33000183105467,128.05999755859375,126.22000122070312,127.88999938964844,2835200
2016-04-18,109.33719635009766,127.80999755859376,128.02999877929688,126.5999984741211,126.87999725341795,2717400
2016-04-19,111.63838958740234,130.5,131.3000030517578,129.1199951171875,130.08999633789062,4340100
2016-04-20,114.57264709472656,133.92999267578125,135.11000061035156,130.89999389648438,131.2899932861328,7321000
2016-04-21,113.74285125732422,132.9600067138672,134.0,132.42999267578125,133.55999755859375,3786000
2016-04-22,114.74376678466795,134.1300048828125,134.3300018310547,133.0500030517578,133.72000122070312,2782800
2016-04-25,114.44432830810548,133.77999877929688,134.07000732421875,132.58999633789062,133.7100067138672,2702100
2016-04-26,114.83782196044922,134.24000549316406,134.61000061035156,133.0,133.97000122070312,2638000
2016-04-27,113.60594940185548,132.8000030517578,134.5800018310547,131.89999389648438,134.33999633789062,3358800
2016-04-28,112.98151397705078,132.07000732421875,134.38999938964844,131.69000244140625,132.7899932861328,3332800
2016-04-29,112.64781951904295,131.67999267578125,131.8800048828125,128.92999267578125,131.05999755859375,4161100
2016-05-02,113.00713348388672,132.10000610351562,132.92999267578125,130.9199981689453,132.61000061035156,2887700
2016-05-03,113.31512451171876,132.4600067138672,133.22999572753906,131.1300048828125,131.3699951171875,3632300
2016-05-04,112.947265625,132.02999877929688,132.41000366210938,130.58999633789062,131.02000427246094,2909300
2016-05-05,113.18679809570312,132.30999755859375,133.27999877929688,131.85000610351562,132.0500030517578,2054700
2016-05-06,112.955810546875,132.0399932861328,132.27999877929688,130.60000610351562,132.08999633789062,2618600
2016-05-09,113.49476623535156,132.6699981689453,133.58999633789062,131.57000732421875,131.75,2191800
2016-05-10,114.26465606689452,133.57000732421875,133.60000610351562,132.5800018310547,132.9199981689453,2223500
2016-05-11,111.80093383789062,130.69000244140625,134.0,130.5800018310547,133.74000549316406,3450800
2016-05-12,110.9882583618164,129.74000549316406,131.2899932861328,128.75,131.0,3210400
2016-05-13,110.3551788330078,129.0,130.02999877929688,128.5500030517578,129.10000610351562,3137300
2016-05-16,111.75816345214844,130.63999938964844,130.86000061035156,128.52999877929688,128.75,2466000
2016-05-17,110.83423614501952,129.55999755859375,131.22000122070312,128.99000549316406,130.57000732421875,2294500
2016-05-18,111.6469497680664,130.50999450683594,131.27000427246094,128.92999267578125,129.11000061035156,2246400
2016-05-19,111.21065521240234,130.0,131.1199951171875,128.75999450683594,129.69000244140625,2756000
2016-05-20,112.01480102539062,130.94000244140625,131.7899932861328,130.1999969482422,130.6300048828125,2538100
2016-05-23,111.5699691772461,130.4199981689453,131.1999969482422,130.00999450683594,130.1300048828125,3036500
2016-05-24,113.42633819580078,132.58999633789062,132.99000549316406,130.30999755859375,130.75999450683594,2702400
2016-05-25,114.13633728027344,133.4199981689453,134.3000030517578,132.77999877929688,133.2100067138672,2211300
2016-05-26,113.75991821289062,132.97999572753906,133.9600067138672,132.66000366210938,133.5,1499300
2016-05-27,114.6325225830078,134.0,134.52999877929688,132.9600067138672,132.97999572753906,1833400
2016-05-31,114.35022735595705,133.6699981689453,134.75,133.47999572753906,134.60000610351562,3634100
2016-06-01,115.0859375,134.52999877929688,134.85000610351562,133.02000427246094,133.5800018310547,2618000
2016-06-02,116.37767791748048,136.0399932861328,136.14999389648438,134.00999450683594,134.25999450683594,4015000
2016-06-03,117.06201171875,136.83999633789062,137.1199951171875,135.14999389648438,135.61000061035156,3625600
2016-06-06,118.18269348144533,138.14999389648438,138.38999938964844,136.50999450683594,136.9199981689453,2959900
2016-06-07,117.1476058959961,136.94000244140625,138.5,136.8800048828125,138.16000366210938,2943200
2016-06-08,120.10748291015624,140.39999389648438,140.88999938964844,137.0,137.27000427246094,6180800
2016-06-09,120.34703063964844,140.67999267578125,140.8699951171875,139.5399932861328,140.49000549316406,3682400
2016-06-10,119.11511993408205,139.24000549316406,140.38999938964844,138.63999938964844,140.25,2805800
2016-06-13,118.13138580322266,138.08999633789062,140.1300048828125,138.0800018310547,139.0,2804300
2016-06-14,117.94319152832033,137.8699951171875,138.25999450683594,137.33999633789062,137.8800048828125,2970700
2016-06-15,117.9560317993164,137.25999450683594,138.1699981689453,137.0500030517578,137.74000549316406,2369400
2016-06-16,119.1591567993164,138.66000366210938,138.88999938964844,136.3800048828125,137.2100067138672,3176100
2016-06-17,118.32557678222656,137.69000244140625,138.85000610351562,136.5500030517578,138.75999450683594,4430900
2016-06-20,119.03890991210938,138.52000427246094,139.83999633789062,138.13999938964844,139.22000122070312,3731700
2016-06-21,118.75526428222656,138.19000244140625,139.22999572753906,138.07000732421875,139.1999969482422,2021400
2016-06-22,118.50608825683594,137.89999389648438,139.5399932861328,137.6300048828125,138.4499969482422,2375200
2016-06-23,119.6146011352539,139.19000244140625,139.97999572753906,138.00999450683594,139.35000610351562,2646800
2016-06-24,117.98184204101562,137.2899932861328,138.6199951171875,135.14999389648438,135.66000366210938,4475100
2016-06-27,117.82717895507812,137.11000061035156,137.38999938964844,135.47999572753906,136.14999389648438,3996200
2016-06-28,119.20215606689452,138.7100067138672,139.08999633789062,137.64999389648438,138.2100067138672,4160200
2016-06-29,120.75762176513672,140.52000427246094,140.67999267578125,139.60000610351562,139.8000030517578,3704500
2016-06-30,121.34197998046876,141.1999969482422,141.30999755859375,140.24000549316406,140.67999267578125,4730800
2016-07-01,121.0497817993164,140.86000061035156,141.7899932861328,140.6199951171875,141.16000366210938,2882500
2016-07-05,121.65129852294922,141.55999755859375,141.91000366210938,140.02999877929688,140.14999389648438,3749300
2016-07-06,122.35602569580078,142.3800048828125,142.9600067138672,140.97000122070312,140.97999572753906,4083300
2016-07-07,120.9982452392578,140.8000030517578,142.66000366210938,139.9499969482422,142.3699951171875,3515500
2016-07-08,121.40211486816406,141.27000427246094,141.77999877929688,139.5500030517578,141.6999969482422,3605500
2016-07-11,120.58573150634766,140.32000732421875,141.60000610351562,140.00999450683594,141.27000427246094,4084000
2016-07-12,120.19041442871094,139.86000061035156,140.9499969482422,139.3699951171875,140.88999938964844,4310100
2016-07-13,121.58260345458984,141.47999572753906,141.58999633789062,139.9199981689453,140.9600067138672,3164700
2016-07-14,121.03258514404295,140.83999633789062,142.85000610351562,140.47000122070312,142.38999938964844,3000700
2016-07-15,121.45370483398438,141.3300018310547,142.77999877929688,141.05999755859375,141.64999389648438,3748700
2016-07-18,120.9552230834961,140.75,141.89999389648438,139.6199951171875,141.75999450683594,4166300
2016-07-19,122.5364761352539,142.58999633789062,142.6300048828125,139.32000732421875,140.75,5326200
2016-07-20,122.906005859375,143.02000427246094,144.47999572753906,142.80999755859375,143.47000122070312,5489800
2016-07-21,122.7770767211914,142.8699951171875,143.72999572753906,142.1300048828125,142.7100067138672,3475100
2016-07-22,123.48177337646484,143.69000244140625,144.0500030517578,142.9199981689453,143.69000244140625,2697500
2016-07-25,121.79739379882812,141.72999572753906,143.88999938964844,141.41000366210938,143.5500030517578,2725600
2016-07-26,121.77166748046876,141.6999969482422,142.19000244140625,141.02000427246094,141.94000244140625,2668100
2016-07-27,121.7544937133789,141.67999267578125,142.33999633789062,139.91000366210938,141.1699981689453,2684100
2016-07-28,122.68257904052734,142.75999450683594,143.02999877929688,141.19000244140625,141.36000061035156,2517000
2016-07-29,123.06072235107422,143.1999969482422,143.89999389648438,141.60000610351562,141.85000610351562,3269700
2016-08-01,123.32703399658205,143.50999450683594,144.16000366210938,143.0399932861328,143.4199981689453,2494900
2016-08-02,123.03494262695312,143.1699981689453,143.97000122070312,142.33999633789062,143.80999755859375,2679100
2016-08-03,122.7856903076172,142.8800048828125,143.6199951171875,142.42999267578125,143.3300018310547,1963600
2016-08-04,122.6396255493164,142.7100067138672,143.47999572753906,142.25999450683594,143.10000610351562,1890900
2016-08-05,122.88021850585938,142.99000549316406,143.5399932861328,142.39999389648438,143.3300018310547,2000100
2016-08-08,122.14116668701172,142.1300048828125,143.07000732421875,141.86000061035156,142.61000061035156,1846400
2016-08-09,121.87477111816406,141.82000732421875,143.1300048828125,141.67999267578125,142.5500030517578,2140700
2016-08-10,122.1927490234375,142.19000244140625,142.33999633789062,140.92999267578125,141.8699951171875,1866300
2016-08-11,122.57086181640624,142.6300048828125,143.05999755859375,141.44000244140625,142.24000549316406,1857500
2016-08-12,122.7856903076172,142.8800048828125,143.13999938964844,141.5,142.16000366210938,1787900
2016-08-15,121.702880859375,141.6199951171875,143.11000061035156,141.49000549316406,142.9600067138672,2369600
2016-08-16,121.23880004882812,141.0800018310547,141.6199951171875,140.3300018310547,141.14999389648438,1688500
2016-08-17,121.7802734375,141.7100067138672,141.91000366210938,140.66000366210938,141.2899932861328,1849100
2016-08-18,122.17555236816406,142.1699981689453,142.83999633789062,141.27000427246094,141.6699981689453,1572700
2016-08-19,122.06383514404295,142.0399932861328,142.25,141.22000122070312,141.64999389648438,1950200
2016-08-22,122.1068115234375,142.08999633789062,143.0,141.7100067138672,142.11000061035156,1587900
2016-08-23,122.03802490234376,142.00999450683594,142.8699951171875,141.75,142.72999572753906,2295500
2016-08-24,120.19901275634766,139.8699951171875,142.0800018310547,139.50999450683594,142.0,2529800
2016-08-25,117.99044036865234,137.3000030517578,139.75,137.02999877929688,139.75,3891000
2016-08-26,117.4060516357422,136.6199951171875,138.3000030517578,135.99000549316406,137.6699981689453,3082400
2016-08-29,117.96466827392578,137.27000427246094,138.0399932861328,136.47999572753906,137.1999969482422,2315900
2016-08-30,117.62092590332033,136.8699951171875,137.69000244140625,136.24000549316406,137.27000427246094,2026600
2016-08-31,116.91626739501952,136.0500030517578,136.82000732421875,135.5500030517578,136.5500030517578,2837300
2016-09-01,116.6498565673828,135.74000549316406,136.97999572753906,135.35000610351562,136.82000732421875,2765400
2016-09-02,117.39749908447266,136.61000061035156,136.77999877929688,135.75999450683594,136.5,2390500
2016-09-06,116.84747314453124,135.97000122070312,136.85000610351562,135.6300048828125,136.6199951171875,2242400
2016-09-07,116.54100036621094,134.99000549316406,135.9600067138672,134.1999969482422,135.0,2816300
2016-09-08,116.92951202392578,135.44000244140625,135.6199951171875,134.41000366210938,134.47000122070312,2826700
2016-09-09,115.35828399658205,133.6199951171875,135.14999389648438,133.6199951171875,134.7100067138672,3322300
2016-09-12,117.00719451904295,135.52999877929688,135.72000122070312,132.38999938964844,132.7100067138672,3457400
2016-09-13,115.64315795898438,133.9499969482422,135.14999389648438,133.3699951171875,134.24000549316406,3331500
2016-09-14,115.41866302490234,133.69000244140625,134.69000244140625,132.97999572753906,133.8699951171875,4592400
2016-09-15,117.07625579833984,135.61000061035156,136.08999633789062,132.8800048828125,133.02999877929688,3302900
2016-09-16,119.54541015625,138.47000122070312,138.5500030517578,135.52999877929688,135.61000061035156,7421900
2016-09-19,118.86335754394533,137.67999267578125,139.38999938964844,137.52000427246094,138.67999267578125,3239500
2016-09-20,118.68209838867188,137.47000122070312,138.52999877929688,137.05999755859375,138.1300048828125,2425700
2016-09-21,120.7885971069336,139.91000366210938,139.9600067138672,137.99000549316406,138.1999969482422,3506600
2016-09-22,121.7641372680664,141.0399932861328,141.41000366210938,140.3300018310547,140.49000549316406,3018300
2016-09-23,121.3065948486328,140.50999450683594,141.77999877929688,140.36000061035156,141.02000427246094,2802000
2016-09-26,120.6245574951172,139.72000122070312,140.1699981689453,138.89999389648438,139.9499969482422,2636500
2016-09-27,121.54835510253906,140.7899932861328,140.83999633789062,138.69000244140625,139.99000549316406,3048600
2016-09-28,121.22029113769533,140.41000366210938,141.7100067138672,139.66000366210938,141.1300048828125,1990400
2016-09-29,119.4158935546875,138.32000732421875,140.27999877929688,137.83999633789062,140.17999267578125,2201000
2016-09-30,120.86628723144533,140.0,140.47999572753906,138.4199981689453,139.17999267578125,4164100
2016-10-03,119.5627212524414,138.49000549316406,139.72000122070312,138.02999877929688,139.35000610351562,2724400
2016-10-04,119.27777099609376,138.16000366210938,139.36000061035156,137.16000366210938,138.69000244140625,2452600
2016-10-05,118.79430389404295,137.60000610351562,138.92999267578125,136.60000610351562,138.2100067138672,4625600
2016-10-06,117.81873321533205,136.47000122070312,137.49000549316406,135.66000366210938,137.30999755859375,4025300
2016-10-07,117.98275756835938,136.66000366210938,137.5500030517578,135.97999572753906,137.2100067138672,2568700
2016-10-10,119.20870971679688,138.0800018310547,138.35000610351562,136.97000122070312,136.97000122070312,2586000
2016-10-11,116.33382415771484,134.75,137.69000244140625,134.3699951171875,137.32000732421875,3353600
2016-10-12,116.6359634399414,135.10000610351562,135.72000122070312,133.63999938964844,134.97999572753906,4287900
2016-10-13,115.850341796875,134.19000244140625,134.64999389648438,133.61000061035156,134.64999389648438,3425700
2016-10-14,115.61725616455078,133.9199981689453,135.50999450683594,133.88999938964844,134.77999877929688,3452900
2016-10-17,115.7985610961914,134.1300048828125,134.42999267578125,133.02999877929688,134.05999755859375,3602500
2016-10-18,123.79296112060548,143.38999938964844,143.9499969482422,137.8699951171875,139.1999969482422,10141900
2016-10-19,124.6390609741211,144.3699951171875,146.36000061035156,142.82000732421875,143.82000732421875,5796000
2016-10-20,125.2433853149414,145.07000732421875,145.8800048828125,143.97999572753906,144.49000549316406,5203700
2016-10-21,125.50236511230467,145.3699951171875,145.44000244140625,143.75999450683594,144.25999450683594,3331800
2016-10-24,124.91533660888672,144.69000244140625,146.22000122070312,144.02000427246094,146.0,2930200
2016-10-25,124.12966918945312,143.77999877929688,145.3800048828125,143.60000610351562,144.8800048828125,3095400
2016-10-26,122.79153442382812,142.22999572753906,143.77999877929688,141.88999938964844,143.75,3267600
2016-10-27,122.54118347167967,141.94000244140625,143.25,141.5800018310547,142.72000122070312,3358000
2016-10-28,121.16844177246094,140.35000610351562,142.35000610351562,139.44000244140625,141.66000366210938,4033600
2016-10-31,122.0145492553711,141.3300018310547,141.5399932861328,139.97000122070312,140.8000030517578,3761100
2016-11-01,120.37418365478516,139.42999267578125,141.50999450683594,138.82000732421875,141.50999450683594,3391400
2016-11-02,119.9857406616211,138.97999572753906,141.22999572753906,138.92999267578125,139.02000427246094,3149700
2016-11-03,118.99285888671876,137.8300018310547,140.33999633789062,137.64999389648438,139.17999267578125,2989700
2016-11-04,118.88926696777344,137.7100067138672,138.88999938964844,137.69000244140625,138.4499969482422,3520700
2016-11-07,122.53256225585938,141.92999267578125,142.44000244140625,139.5500030517578,139.60000610351562,3896600
2016-11-08,123.36994934082033,142.89999389648438,143.61000061035156,141.0,141.35000610351562,4389300
2016-11-09,122.50662231445312,141.89999389648438,144.19000244140625,136.22000122070312,139.5399932861328,8042400
2016-11-10,126.1585464477539,146.1300048828125,146.57000732421875,142.0,142.33999633789062,6075500
2016-11-11,126.40887451171876,146.4199981689453,147.5,146.00999450683594,146.7100067138672,4475400
2016-11-14,131.46800231933594,152.27999877929688,152.9199981689453,147.0399932861328,147.32000732421875,5740400
2016-11-15,131.42481994628906,152.22999572753906,153.9600067138672,151.50999450683594,153.50999450683594,4910700
2016-11-16,130.79458618164062,151.5,153.0,151.22999572753906,151.99000549316406,3899000
2016-11-17,130.1643829345703,150.77000427246094,151.9199981689453,150.19000244140625,151.82000732421875,4683000
2016-11-18,129.0247802734375,149.4499969482422,151.66000366210938,149.39999389648438,151.0500030517578,5664800
2016-11-21,129.85365295410156,150.41000366210938,150.66000366210938,148.55999755859375,149.72000122070312,3867800
2016-11-22,131.4507598876953,152.25999450683594,152.92999267578125,150.55999755859375,151.0800018310547,4992100
2016-11-23,132.55580139160156,153.5399932861328,153.74000549316406,150.9600067138672,152.00999450683594,2697200
2016-11-25,131.92555236816406,152.80999755859375,154.5,152.61000061035156,153.92999267578125,1664500
2016-11-28,131.3212432861328,152.11000061035156,152.85000610351562,150.0,152.74000549316406,5029600
2016-11-29,136.05230712890625,157.58999633789062,158.1199951171875,155.17999267578125,156.94000244140625,5827400
2016-11-30,137.22677612304688,158.32000732421875,159.75999450683594,157.07000732421875,157.47000122070312,7142400
2016-12-01,139.49774169921875,160.94000244140625,161.72000122070312,159.1199951171875,159.1199951171875,5250200
2016-12-02,139.315673828125,160.72999572753906,162.52000427246094,160.55999755859375,161.0,3480000
2016-12-05,136.62864685058594,157.6300048828125,160.6699981689453,156.22999572753906,160.19000244140625,5854200
2016-12-06,136.3599853515625,157.32000732421875,158.22999572753906,156.25999450683594,158.1699981689453,3216700
2016-12-07,138.16287231445312,159.39999389648438,159.97999572753906,156.35000610351562,157.88999938964844,4552300
2016-12-08,138.0935516357422,159.32000732421875,160.24000549316406,158.0,159.41000366210938,3407500
2016-12-09,138.7869415283203,160.1199951171875,160.16000366210938,157.7100067138672,159.52000427246094,4007200
2016-12-12,138.24087524414062,159.49000549316406,159.66000366210938,157.75,158.8300018310547,3471200
2016-12-13,139.1509552001953,160.5399932861328,161.7100067138672,160.07000732421875,160.39999389648438,3868900
2016-12-14,138.56153869628906,159.86000061035156,161.8000030517578,158.72000122070312,161.13999938964844,3885700
2016-12-15,139.22030639648438,160.6199951171875,161.2899932861328,159.42999267578125,159.8699951171875,4422700
2016-12-16,142.0979766845703,163.94000244140625,164.0,161.19000244140625,161.3800048828125,7605300
2016-12-19,140.01780700683594,161.5399932861328,163.94000244140625,161.22000122070312,163.08999633789062,4732600
2016-12-20,140.0610809326172,161.58999633789062,163.11000061035156,161.41000366210938,161.7100067138672,3131200
2016-12-21,139.83575439453125,161.3300018310547,162.2899932861328,159.6199951171875,161.4199981689453,2767700
2016-12-22,140.0524444580078,161.5800018310547,161.8800048828125,160.27000427246094,161.38999938964844,2741700
2016-12-23,141.30921936035156,163.02999877929688,163.0399932861328,160.5500030517578,161.55999755859375,2044400
2016-12-27,140.97117614746094,162.63999938964844,163.9600067138672,162.4499969482422,163.25999450683594,1344000
2016-12-28,139.93109130859375,161.44000244140625,163.25,161.32000732421875,162.16000366210938,1669100
2016-12-29,139.58436584472656,161.0399932861328,162.36000061035156,160.38999938964844,161.9199981689453,2476300
2016-12-30,138.7175750732422,160.0399932861328,161.47999572753906,159.85000610351562,161.3699951171875,2855600
2017-01-03,139.9397430419922,161.4499969482422,162.27000427246094,159.14999389648438,161.1300048828125,3539700
2017-01-04,140.33840942382812,161.91000366210938,162.5800018310547,159.74000549316406,162.35000610351562,2695200
2017-01-05,140.57244873046875,162.17999267578125,162.6300048828125,161.50999450683594,161.75,2961100
2017-01-06,140.77182006835938,162.41000366210938,162.94000244140625,161.11000061035156,161.75,3081300
2017-01-09,140.3730926513672,161.9499969482422,162.42999267578125,160.77999877929688,162.0,3040800
2017-01-10,140.0524444580078,161.5800018310547,162.97999572753906,160.5,161.27000427246094,3500700
2017-01-11,140.32110595703125,161.88999938964844,162.94000244140625,160.61000061035156,161.3000030517578,3330600
2017-01-12,140.728515625,162.36000061035156,162.94000244140625,160.88999938964844,161.69000244140625,2555900
2017-01-13,140.2430877685547,161.8000030517578,162.74000549316406,161.41000366210938,162.16000366210938,3183300
2017-01-17,139.25497436523438,160.66000366210938,162.97000122070312,157.50999450683594,162.61000061035156,5475800
2017-01-18,136.72402954101562,157.74000549316406,161.1999969482422,156.08999633789062,161.05999755859375,6591600
2017-01-19,137.55613708496094,158.6999969482422,160.5500030517578,157.24000549316406,157.74000549316406,4976900
2017-01-20,137.52154541015625,158.66000366210938,159.8000030517578,157.80999755859375,159.02000427246094,3579100
2017-01-23,137.87686157226562,159.07000732421875,159.52000427246094,156.55999755859375,158.6199951171875,4062600
2017-01-24,139.0556182861328,160.42999267578125,161.30999755859375,159.10000610351562,159.36000061035156,3514100
2017-01-25,139.7576904296875,161.24000549316406,161.97999572753906,160.35000610351562,160.82000732421875,3605800
2017-01-26,141.06654357910156,162.75,163.5800018310547,161.25,161.86000061035156,4202400
2017-01-27,141.27456665039062,162.99000549316406,163.8000030517578,162.6199951171875,163.5,3110400
2017-01-30,140.49449157714844,162.08999633789062,163.4600067138672,161.30999755859375,162.94000244140625,2784600
2017-01-31,140.50315856933594,162.10000610351562,162.19000244140625,160.00999450683594,161.6199951171875,3037000
2017-02-01,141.03184509277344,162.7100067138672,163.89999389648438,162.02999877929688,162.75,3718500
2017-02-02,139.34170532226562,160.75999450683594,163.25,160.25999450683594,162.52000427246094,4714000
2017-02-03,140.3037567138672,161.8699951171875,162.0,160.2100067138672,161.1300048828125,2762300
2017-02-06,139.12501525878906,160.50999450683594,162.52999877929688,160.22000122070312,161.50999450683594,3479400
2017-02-07,139.14230346679688,160.52999877929688,161.67999267578125,159.5399932861328,161.0500030517578,2942700
2017-02-08,138.95159912109375,160.30999755859375,160.6300048828125,159.41000366210938,160.0,2339700
2017-02-09,139.06430053710938,160.44000244140625,161.3000030517578,159.55999755859375,160.30999755859375,3056800
2017-02-10,139.33302307128906,160.75,161.58999633789062,160.10000610351562,160.1199951171875,1905900
2017-02-13,140.40780639648438,161.99000549316406,162.02000427246094,160.69000244140625,160.69000244140625,3275800
2017-02-14,141.3959197998047,163.1300048828125,163.5,161.25,161.4499969482422,2969400
2017-02-15,142.40135192871094,164.2899932861328,164.88999938964844,162.5800018310547,162.5800018310547,4537900
2017-02-16,141.8466339111328,163.64999389648438,164.97000122070312,162.3300018310547,164.77999877929688,3191600
2017-02-17,136.62002563476562,157.6199951171875,160.16000366210938,156.49000549316406,159.0,12033600
2017-02-21,139.17701721191406,160.57000732421875,160.82000732421875,157.52000427246094,157.6199951171875,5419000
2017-02-22,139.17701721191406,160.57000732421875,161.77999877929688,159.63999938964844,160.91000366210938,2725300
2017-02-23,140.93653869628906,162.60000610351562,162.60000610351562,160.69000244140625,161.3300018310547,2459600
2017-02-24,141.33522033691406,163.05999755859375,163.08999633789062,161.74000549316406,162.6699981689453,2715700
2017-02-27,143.34616088867188,165.3800048828125,165.4600067138672,162.80999755859375,163.16000366210938,4071800
2017-02-28,143.34616088867188,165.3800048828125,166.75999450683594,164.89999389648438,165.47000122070312,4382100
2017-03-01,145.5650634765625,167.94000244140625,168.60000610351562,166.35000610351562,166.72000122070312,3514200
2017-03-02,145.01898193359375,167.30999755859375,168.42999267578125,166.9600067138672,168.32000732421875,1889800
2017-03-03,145.7904052734375,168.1999969482422,168.4499969482422,166.6199951171875,167.30999755859375,2254400
2017-03-06,146.2238006591797,168.6999969482422,169.35000610351562,167.1300048828125,167.42999267578125,2576500
2017-03-07,145.87710571289062,168.3000030517578,169.36000061035156,167.92999267578125,168.4499969482422,2702300
2017-03-08,146.08154296875,167.91000366210938,168.4600067138672,166.8000030517578,167.50999450683594,2048200
2017-03-09,146.16848754882812,168.00999450683594,169.07000732421875,167.74000549316406,168.14999389648438,3631400
2017-03-10,147.8824462890625,169.97999572753906,170.0,168.05999755859375,168.4199981689453,3716600
2017-03-13,148.08251953125,170.2100067138672,170.92999267578125,169.5500030517578,169.99000549316406,3130200
2017-03-14,147.08203125,169.05999755859375,170.17999267578125,168.5,169.66000366210938,2522600
2017-03-15,149.44845581054688,171.77999877929688,171.97000122070312,169.2899932861328,169.36000061035156,2807600
2017-03-16,149.0308380126953,171.3000030517578,172.13999938964844,170.22000122070312,172.07000732421875,3138600
2017-03-17,147.63885498046875,169.6999969482422,171.5399932861328,169.58999633789062,171.08999633789062,5622900
2017-03-20,146.15980529785156,168.0,170.24000549316406,167.9199981689453,169.92999267578125,3928600
2017-03-21,145.89886474609375,167.6999969482422,168.82000732421875,167.05999755859375,168.6699981689453,4953100
2017-03-22,145.31593322753906,167.02999877929688,168.3800048828125,165.6300048828125,168.1300048828125,2999800
2017-03-23,143.8021240234375,165.2899932861328,166.92999267578125,164.77000427246094,166.22999572753906,3947400
2017-03-24,143.5498046875,165.0,167.39999389648438,164.35000610351562,166.1300048828125,5243900
2017-03-27,143.20181274414062,164.60000610351562,165.11000061035156,163.30999755859375,163.99000549316406,4383000
2017-03-28,143.85433959960938,165.35000610351562,166.07000732421875,163.83999633789062,164.5800018310547,7327100
2017-03-29,142.19265747070312,163.44000244140625,164.97000122070312,162.74000549316406,164.66000366210938,5900400
2017-03-30,143.54115295410156,164.99000549316406,165.92999267578125,163.4600067138672,163.64999389648438,2993800
2017-03-31,142.6885223388672,164.00999450683594,165.10000610351562,163.75,164.63999938964844,3496100
2017-04-03,144.06312561035156,165.58999633789062,166.13999938964844,164.25,164.6199951171875,3473700
2017-04-04,143.52378845214844,164.97000122070312,166.4499969482422,164.7899932861328,165.8699951171875,2886000
2017-04-05,143.87176513671875,165.3699951171875,167.25999450683594,165.22000122070312,165.75999450683594,3541600
2017-04-06,143.8456268310547,165.33999633789062,166.02000427246094,164.83999633789062,165.4499969482422,2923600
2017-04-07,144.43724060058594,166.02000427246094,166.5,164.6199951171875,164.9600067138672,2927800
2017-04-10,143.96746826171875,165.47999572753906,167.0,165.27999877929688,166.19000244140625,3234900
2017-04-11,144.27195739746094,165.8300018310547,165.83999633789062,164.60000610351562,164.88999938964844,3172900
2017-04-12,144.0370635986328,165.55999755859375,166.4199981689453,164.60000610351562,166.32000732421875,2978700
2017-04-13,143.51504516601562,164.9600067138672,165.64999389648438,164.6699981689453,164.9499969482422,1979800
2017-04-17,145.4464569091797,167.17999267578125,167.4199981689453,164.9600067138672,164.99000549316406,4396700
2017-04-18,146.67312622070312,168.58999633789062,170.22999572753906,167.6999969482422,170.05999755859375,5526200
2017-04-19,147.2473602294922,169.25,171.19000244140625,168.69000244140625,169.58999633789062,4703400
2017-04-20,149.23960876464844,171.5399932861328,172.19000244140625,168.3699951171875,169.52000427246094,3652100
2017-04-21,148.9091033935547,171.16000366210938,172.6199951171875,170.47000122070312,172.1300048828125,2982300
2017-04-24,149.9269561767578,172.3300018310547,173.16000366210938,171.6999969482422,172.66000366210938,2830300
2017-04-25,151.41461181640625,174.0399932861328,174.74000549316406,173.19000244140625,173.5,3394700
2017-04-26,151.71046447753906,174.3800048828125,175.64999389648438,173.97999572753906,174.08999633789062,2817500
2017-04-27,151.927978515625,174.6300048828125,176.07000732421875,174.02000427246094,174.07000732421875,2438600
2017-04-28,152.14549255371094,174.8800048828125,175.0,173.91000366210938,174.61000061035156,2010800
2017-05-01,151.89312744140625,174.58999633789062,176.13999938964844,174.08999633789062,175.0,2709700
2017-05-02,151.50164794921875,174.13999938964844,175.3699951171875,170.27000427246094,174.91000366210938,4951000
2017-05-03,150.1096649169922,172.5399932861328,174.3000030517578,171.86000061035156,173.75,3622200
2017-05-04,151.39727783203125,174.02000427246094,174.2100067138672,172.3800048828125,173.0500030517578,2585200
2017-05-05,151.4842529296875,174.1199951171875,174.8800048828125,173.30999755859375,174.5399932861328,2189000
2017-05-08,151.76266479492188,174.44000244140625,174.55999755859375,173.57000732421875,173.92999267578125,2505900
2017-05-09,150.7187042236328,173.24000549316406,174.77000427246094,172.72999572753906,174.10000610351562,1653700
2017-05-10,150.84915161132812,173.38999938964844,173.63999938964844,172.4600067138672,173.0399932861328,1568700
2017-05-11,150.78826904296875,173.32000732421875,173.86000061035156,171.6699981689453,172.75999450683594,1901300
2017-05-12,149.47454833984375,171.80999755859375,173.38999938964844,171.52000427246094,172.63999938964844,2335400
2017-05-15,149.23092651367188,171.52999877929688,172.0,170.22999572753906,171.7899932861328,2831400
2017-05-16,146.2642364501953,168.1199951171875,171.0,167.25,170.6699981689453,4343700
2017-05-17,146.90805053710938,168.86000061035156,170.38999938964844,166.64999389648438,168.1199951171875,4442300
2017-05-18,149.1613311767578,171.4499969482422,173.97999572753906,167.8699951171875,168.25,3908000
2017-05-19,150.1531524658203,172.58999633789062,172.9499969482422,170.25,172.3000030517578,3877300
2017-05-22,151.9888153076172,174.6999969482422,174.89999389648438,172.60000610351562,172.72999572753906,3480300
2017-05-23,152.4412384033203,175.22000122070312,175.52000427246094,173.7100067138672,174.44000244140625,2471500
2017-05-24,152.76315307617188,175.58999633789062,176.10000610351562,174.52000427246094,175.4499969482422,1612300
2017-05-25,154.9033660888672,178.0500030517578,178.72999572753906,175.94000244140625,176.32000732421875,3212200
2017-05-26,154.42486572265625,177.5,178.88999938964844,177.0,177.67999267578125,1583600
2017-05-30,153.63307189941406,176.58999633789062,178.0800018310547,176.24000549316406,177.5399932861328,2285700
2017-05-31,152.4064178466797,175.17999267578125,176.89999389648438,174.9199981689453,176.88999938964844,3320400
2017-06-01,156.23440551757812,179.5800018310547,179.5800018310547,175.19000244140625,175.77999877929688,2890600
2017-06-02,156.06912231445312,179.38999938964844,179.9199981689453,178.33999633789062,179.9199981689453,2610100
2017-06-05,156.0517120361328,179.3699951171875,180.32000732421875,179.16000366210938,179.52999877929688,2640600
2017-06-06,157.313232421875,180.82000732421875,181.0599975585937,178.47999572753906,179.19000244140625,3443900
2017-06-07,159.3925323486328,183.2100067138672,183.47000122070312,179.64999389648438,182.0,3783600
2017-06-08,158.07012939453125,181.69000244140625,183.759994506836,180.97999572753903,183.2100067138672,3079900
2017-06-09,157.87005615234375,181.4600067138672,182.3999938964844,180.8600006103516,181.83999633789065,2392200
2017-06-12,155.9473114013672,179.25,181.82000732421875,176.4199981689453,181.4600067138672,3705600
2017-06-13,157.51333618164062,181.0500030517578,181.38999938964844,179.14999389648438,179.2100067138672,2458500
2017-06-14,158.6530303955078,182.3600006103516,182.83999633789065,180.94000244140625,180.94000244140625,2039300
2017-06-15,157.57850646972656,180.3800048828125,183.5,180.08999633789062,181.75,3078700
2017-06-16,158.6705780029297,181.6300048828125,182.4600067138672,180.3800048828125,180.8300018310547,4473300
2017-06-19,159.8848114013672,183.0200042724609,183.0200042724609,180.759994506836,182.3000030517578,3887100
2017-06-20,160.10316467285156,183.2700042724609,183.4199981689453,182.22000122070312,182.75,2742600
2017-06-21,161.5446014404297,184.9199981689453,185.1100006103516,182.7100067138672,183.4900054931641,2866300
2017-06-22,162.92495727539062,186.5,188.66000366210932,184.77999877929688,184.8999938964844,3841300
2017-06-23,161.8329315185547,185.25,186.2700042724609,184.13999938964844,186.2700042724609,3438500
2017-06-26,161.71932983398438,185.1199951171875,185.88999938964844,183.38999938964844,185.1300048828125,2327400
2017-06-27,161.26502990722656,184.6000061035156,186.8000030517578,184.22000122070312,185.72000122070312,2682800
2017-06-28,162.22598266601562,185.6999969482422,186.3099975585937,185.08999633789065,185.67999267578125,2451200
2017-06-29,161.8503875732422,185.2700042724609,186.08999633789065,184.3300018310547,185.82000732421875,2193600
2017-06-30,161.98141479492188,185.4199981689453,186.19000244140625,184.92999267578125,185.1499938964844,2392000
2017-07-03,163.05596923828125,186.6499938964844,187.52999877929688,185.7400054931641,186.2899932861328,2087000
2017-07-05,164.45370483398438,188.25,188.3600006103516,185.72000122070312,186.13999938964844,2587400
2017-07-06,163.30931091308594,186.94000244140625,188.19000244140625,186.1499938964844,188.1199951171875,1844700
2017-07-07,164.20033264160156,187.9600067138672,188.42999267578125,187.009994506836,187.3500061035156,2252500
2017-07-10,163.3179931640625,186.9499969482422,188.0,186.1499938964844,187.3300018310547,2612000
2017-07-11,162.44439697265625,185.9499969482422,187.66000366210932,185.08999633789065,187.0,2664500
2017-07-12,163.09091186523438,186.69000244140625,187.3000030517578,186.41000366210932,186.7899932861328,3342800
2017-07-13,162.03384399414062,185.47999572753903,187.27999877929688,185.32000732421875,187.0,2379300
2017-07-14,163.2743682861328,186.8999938964844,187.1300048828125,184.7700042724609,185.8099975585937,2716700
2017-07-17,162.7938995361328,186.3500061035156,187.25,185.759994506836,187.07000732421875,2444600
2017-07-18,163.23069763183594,186.8500061035156,187.1999969482422,183.8600006103516,186.9499969482422,4235800
2017-07-19,165.2748260498047,189.19000244140625,189.41000366210932,187.509994506836,187.509994506836,3401600
2017-07-20,167.29283142089844,191.5,191.9199981689453,188.9199981689453,189.41000366210932,3099600
2017-07-21,167.5374755859375,191.77999877929688,193.0,190.6000061035156,191.3800048828125,4911500
2017-07-24,166.75999450683594,190.88999938964844,192.1699981689453,190.63999938964844,191.7899932861328,2356500
2017-07-25,166.33184814453125,190.3999938964844,192.47999572753903,190.3000030517578,192.1300048828125,1960100
2017-07-26,166.63766479492188,190.75,191.52999877929688,189.3800048828125,190.0200042724609,2683500
2017-07-27,165.04774475097656,188.92999267578125,190.4900054931641,188.4600067138672,190.2400054931641,2631400
2017-07-28,166.98709106445312,191.1499938964844,191.2400054931641,187.6000061035156,189.1100006103516,1925000
2017-07-31,167.5636749267578,191.8099975585937,192.6100006103516,191.13999938964844,191.58999633789065,3767100
2017-08-01,167.93060302734375,192.22999572753903,193.3999938964844,191.6199951171875,193.3999938964844,3336800
2017-08-02,168.60324096679688,193.0,193.4499969482422,192.13999938964844,192.13999938964844,2463800
2017-08-03,170.1495361328125,194.7700042724609,194.9600067138672,193.009994506836,193.259994506836,2886100
2017-08-04,170.24559020996094,194.8800048828125,196.0399932861328,194.6000061035156,194.9499969482422,2892300
2017-08-07,170.15826416015625,194.77999877929688,195.41000366210932,193.8999938964844,194.8099975585937,2074800
2017-08-08,170.26303100585938,194.8999938964844,194.9900054931641,194.0800018310547,194.67999267578125,1741000
2017-08-09,170.20191955566406,194.8300018310547,195.3600006103516,194.1699981689453,194.8999938964844,2125900
2017-08-10,168.22760009765625,192.57000732421875,194.38999938964844,192.3999938964844,194.259994506836,2698600
2017-08-11,168.62071228027344,193.0200042724609,194.5399932861328,192.66000366210932,193.91000366210932,2210700
2017-08-14,169.22352600097656,193.7100067138672,194.75,192.8999938964844,194.6000061035156,2322000
2017-08-15,169.91363525390625,194.5,195.009994506836,193.8099975585937,194.47000122070312,1595200
2017-08-16,169.27589416503906,193.7700042724609,195.2700042724609,192.8300018310547,194.8099975585937,1881600
2017-08-17,168.34120178222656,192.6999969482422,194.2400054931641,192.66000366210932,193.75,2440900
2017-08-18,166.6988067626953,190.82000732421875,193.1999969482422,190.6300048828125,192.83999633789065,2858500
2017-08-21,167.7559051513672,192.02999877929688,192.3099975585937,190.8800048828125,190.8800048828125,1930500
2017-08-22,170.16702270507812,194.7899932861328,194.9600067138672,191.5599975585937,192.1499938964844,2021900
2017-08-23,169.68650817871094,194.2400054931641,194.58999633789065,193.72000122070312,194.5,1547000
2017-08-24,170.13201904296875,194.75,195.07000732421875,194.2100067138672,194.5500030517578,1923700
2017-08-25,169.7913055419922,194.3600006103516,195.5399932861328,194.13999938964844,195.3300018310547,1375000
2017-08-28,170.42904663085938,195.08999633789065,195.8099975585937,194.3600006103516,194.58999633789065,2009900
2017-08-29,171.86178588867188,196.72999572753903,197.0399932861328,194.3300018310547,194.8300018310547,2072200
2017-08-30,171.1191864013672,195.8800048828125,196.8800048828125,195.1999969482422,196.3800048828125,1506700
2017-08-31,173.7574462890625,198.8999938964844,199.4900054931641,196.38999938964844,196.92999267578125,2990200
2017-09-01,174.50001525878906,199.75,199.9900054931641,198.3600006103516,199.7899932861328,2241800
2017-09-05,174.1156005859375,199.3099975585937,200.44000244140625,198.7100067138672,199.1999969482422,2700800
2017-09-06,173.3031768798828,198.3800048828125,199.9900054931641,197.6300048828125,199.5399932861328,3040200
2017-09-07,173.77671813964844,198.1699981689453,199.47999572753903,197.07000732421875,197.7700042724609,2684600
2017-09-08,173.40838623046875,197.75,198.8600006103516,197.0,198.42999267578125,2206000
2017-09-11,175.01316833496094,199.5800018310547,200.4199981689453,198.77999877929688,199.25,3307900
2017-09-12,173.1628875732422,197.47000122070312,199.47000122070312,196.91000366210932,199.44000244140625,2554700
2017-09-13,173.91702270507812,198.3300018310547,200.759994506836,197.77999877929688,197.8000030517578,2394400
2017-09-14,173.39083862304688,197.72999572753903,198.3800048828125,197.08999633789065,197.9499969482422,2378600
2017-09-15,173.7854461669922,198.17999267578125,199.7100067138672,197.1999969482422,198.5200042724609,4198700
2017-09-18,173.79428100585938,198.19000244140625,198.82000732421875,197.509994506836,198.1699981689453,1915200
2017-09-19,170.68995666503906,194.6499938964844,198.6000061035156,192.38999938964844,198.44000244140625,3819000
2017-09-20,171.65457153320312,195.75,195.83999633789065,194.0599975585937,195.0200042724609,2788500
2017-09-21,171.18106079101562,195.2100067138672,196.1300048828125,194.8999938964844,195.6300048828125,1895000
2017-09-22,169.2693634033203,193.02999877929688,195.8699951171875,188.25,195.1100006103516,5660200
2017-09-25,168.14697265625,191.75,196.3099975585937,190.9199981689453,193.2700042724609,3105900
2017-09-26,168.98007202148438,192.6999969482422,194.3600006103516,192.0399932861328,192.3099975585937,2775400
2017-09-27,170.54966735839844,194.4900054931641,195.6199951171875,191.7400054931641,193.1999969482422,3267200
2017-09-28,171.96148681640625,196.1000061035156,196.5500030517578,193.509994506836,194.25,2088400
2017-09-29,171.74227905273438,195.8500061035156,196.08999633789065,194.47999572753903,195.82000732421875,2646300
2017-10-02,173.1365509033203,197.44000244140625,197.91000366210932,196.3300018310547,196.58999633789065,2893600
2017-10-03,174.18008422851562,198.6300048828125,199.44000244140625,197.259994506836,197.5,2533800
2017-10-04,175.80235290527344,200.47999572753903,200.72999572753903,198.42999267578125,199.02999877929688,2286400
2017-10-05,173.5398712158203,197.8999938964844,199.92999267578125,196.5599975585937,199.92999267578125,4069000
2017-10-06,173.68020629882812,198.0599975585937,199.9900054931641,197.509994506836,197.8999938964844,3361900
2017-10-09,172.1368865966797,196.3000030517578,198.32000732421875,195.77999877929688,198.009994506836,3365400
2017-10-10,170.71630859375,194.67999267578125,196.42999267578125,193.6699981689453,196.259994506836,2499100
2017-10-11,171.2248992919922,195.259994506836,196.07000732421875,193.58999633789065,194.6300048828125,2935600
2017-10-12,169.1729278564453,192.9199981689453,195.3600006103516,192.72999572753903,195.009994506836,2954700
2017-10-13,168.8221893310547,192.5200042724609,192.7100067138672,186.0,189.58999633789065,5435000
2017-10-16,169.4185028076172,193.1999969482422,193.32000732421875,191.3600006103516,192.47999572753903,2927400
2017-10-17,178.7926025390625,203.88999938964844,206.6199951171875,196.3699951171875,196.8000030517578,8949700
2017-10-18,179.96766662597656,205.22999572753903,207.8000030517578,203.67999267578125,203.8000030517578,4796300
2017-10-19,178.23138427734375,203.25,205.75,202.6999969482422,205.47000122070312,3471800
2017-10-20,181.94952392578125,207.4900054931641,208.2100067138672,203.69000244140625,204.259994506836,5138800
2017-10-23,181.52853393554688,207.009994506836,208.4499969482422,205.8000030517578,207.5800018310547,2261400
2017-10-24,182.5281982421875,208.1499938964844,208.22999572753903,205.8800048828125,206.3800048828125,3459900
2017-10-25,182.0108795166016,207.5599975585937,209.13999938964844,207.07000732421875,208.32000732421875,2908300
2017-10-26,183.40513610839844,209.1499938964844,211.6999969482422,207.5800018310547,207.9199981689453,4346000
2017-10-27,186.43045043945312,212.6000061035156,212.7700042724609,208.5500030517578,209.1499938964844,4385300
2017-10-30,183.61557006835932,209.38999938964844,212.7700042724609,209.3800048828125,212.2100067138672,2477400
2017-10-31,184.3434295654297,210.22000122070312,210.5200042724609,207.8000030517578,209.38999938964844,3749600
2017-11-01,183.7383575439453,209.52999877929688,212.6300048828125,208.9199981689453,211.6199951171875,1902900
2017-11-02,185.1151123046875,211.1000061035156,211.4900054931641,209.009994506836,210.1100006103516,2825900
2017-11-03,186.667221069336,212.8699951171875,213.8300018310547,210.1000061035156,210.72000122070312,2196900
2017-11-06,186.0095672607422,212.1199951171875,213.92999267578125,211.8000030517578,211.91000366210932,2293700
2017-11-07,186.5181427001953,212.6999969482422,213.5399932861328,210.88999938964844,212.7400054931641,1845800
2017-11-08,184.82571411132807,210.7700042724609,212.92999267578125,210.6999969482422,212.0800018310547,2261100
2017-11-09,185.5185089111328,211.5599975585937,211.759994506836,209.1300048828125,210.58999633789065,1839700
2017-11-10,185.0887908935547,211.07000732421875,211.8099975585937,210.1999969482422,211.4600067138672,1384700
2017-11-13,186.483139038086,212.66000366210932,213.5399932861328,209.94000244140625,210.3099975585937,2662200
2017-11-14,185.6500244140625,211.7100067138672,212.6999969482422,210.9199981689453,212.2100067138672,1993900
2017-11-15,184.0277099609375,209.8600006103516,211.97999572753903,209.6199951171875,210.8800048828125,1816300
2017-11-16,185.14138793945312,211.1300048828125,212.009994506836,209.8999938964844,210.3800048828125,1919600
2017-11-17,184.0628204345703,209.8999938964844,211.4600067138672,209.1499938964844,210.4600067138672,1887500
2017-11-20,184.3697662353516,210.25,210.67999267578125,209.5800018310547,210.0,2040400
2017-11-21,186.43045043945312,212.6000061035156,212.8500061035156,210.75,211.1300048828125,2327200
2017-11-22,185.22036743164065,211.22000122070312,212.8099975585937,210.759994506836,212.259994506836,2257800
2017-11-24,186.3515167236328,212.509994506836,212.92999267578125,211.0,212.0,744000
2017-11-27,186.25509643554688,212.3999938964844,214.25,211.8099975585937,212.25,2856300
2017-11-28,189.5347442626953,216.13999938964844,216.3099975585937,212.509994506836,213.8800048828125,2905700
2017-11-29,195.445053100586,222.8800048828125,224.2700042724609,217.3600006103516,217.6999969482422,4247200
2017-11-30,200.75949096679688,228.1699981689453,228.75,222.2899932861328,223.8300018310547,6846400
2017-12-01,199.53648376464844,226.77999877929688,229.22000122070312,221.0800018310547,228.88999938964844,3325800
2017-12-04,194.8203125,221.4199981689453,231.7700042724609,221.3999938964844,229.259994506836,5591500
2017-12-05,193.65017700195312,220.08999633789065,223.72000122070312,219.16000366210932,221.0,3246300
2017-12-06,193.5181884765625,219.94000244140625,221.9600067138672,219.02999877929688,221.0200042724609,2397500
2017-12-07,193.7029266357422,220.1499938964844,220.6100006103516,218.19000244140625,220.58999633789065,2661600
2017-12-08,197.01124572753903,223.91000366210932,224.3300018310547,220.22000122070312,220.5500030517578,2233300
2017-12-11,196.0081787109375,222.7700042724609,224.82000732421875,222.0399932861328,222.509994506836,1599500
2017-12-12,195.7618560791016,222.4900054931641,223.4199981689453,221.259994506836,221.3999938964844,2294100
2017-12-13,197.39840698242188,224.3500061035156,224.9499969482422,221.22999572753903,221.7400054931641,3059400
2017-12-14,194.6708221435547,221.25,226.97000122070312,221.009994506836,225.0,2811700
2017-12-15,195.1723480224609,221.82000732421875,223.75,220.6300048828125,223.75,6293400
2017-12-18,195.9202423095703,222.6699981689453,224.8099975585937,222.19000244140625,222.6000061035156,3194100
2017-12-19,195.3658905029297,222.0399932861328,223.7899932861328,220.8500061035156,222.9900054931641,2340200
2017-12-20,195.6650390625,222.3800048828125,224.88999938964844,221.72999572753903,223.1100006103516,2633200
2017-12-21,195.05792236328125,221.69000244140625,223.94000244140625,221.3699951171875,223.1199951171875,2955300
2017-12-22,193.571044921875,220.0,222.3500061035156,218.4499969482422,222.0,1959700
2017-12-26,193.21902465820312,219.6000061035156,220.4199981689453,219.08999633789065,219.08999633789065,1482400
2017-12-27,193.9404754638672,220.4199981689453,221.44000244140625,219.25,219.97999572753903,1861900
2017-12-28,196.0081787109375,222.7700042724609,222.7899932861328,220.1499938964844,221.4600067138672,1452600
2017-12-29,193.97569274902344,220.4600067138672,223.9499969482422,220.4600067138672,223.9499969482422,2350200
2018-01-02,194.5916290283203,221.16000366210932,222.4499969482422,220.0,221.0200042724609,3485000
2018-01-03,196.6328887939453,223.47999572753903,223.8099975585937,220.5200042724609,221.6199951171875,2417600
2018-01-04,197.48638916015625,224.4499969482422,226.1000061035156,224.1699981689453,224.33999633789065,2749100
2018-01-05,201.252197265625,228.72999572753903,229.0500030517578,224.72000122070312,225.19000244140625,2432800
2018-01-08,197.7591552734375,224.759994506836,228.7100067138672,224.6100006103516,228.1300048828125,2850800
2018-01-09,198.7445831298828,225.8800048828125,226.6300048828125,223.3000030517578,224.759994506836,2672200
2018-01-10,197.2663726806641,224.1999969482422,225.009994506836,223.02999877929688,224.8300018310547,2311600
2018-01-11,198.31344604492188,225.38999938964844,225.9199981689453,223.6999969482422,224.17999267578125,2543600
2018-01-12,201.1729888916016,228.63999938964844,229.8999938964844,226.5200042724609,227.4499969482422,3943800
2018-01-16,204.9212646484375,232.8999938964844,235.0,231.25,233.3699951171875,6852600
2018-01-17,209.7869110107422,238.42999267578125,238.9600067138672,233.8500061035156,234.6699981689453,5124800
2018-01-18,213.9486694335937,243.16000366210932,243.8999938964844,238.5500030517578,239.259994506836,6234200
2018-01-19,214.11587524414065,243.3500061035156,244.3500061035156,241.07000732421875,244.17999267578125,4293600
2018-01-22,214.30062866210932,243.5599975585937,243.8000030517578,241.3600006103516,243.58999633789065,4012200
2018-01-23,215.75244140625,245.2100067138672,246.97999572753903,242.41000366210932,242.9900054931641,3300000
2018-01-24,215.43569946289065,244.8500061035156,247.3099975585937,243.7100067138672,246.009994506836,2733300
2018-01-25,215.7260131835937,245.17999267578125,246.19000244140625,243.8999938964844,244.75,2420500
2018-01-26,218.62078857421875,248.47000122070312,248.7400054931641,244.4600067138672,245.0,2615300
2018-01-29,217.68814086914065,247.41000366210932,250.7899932861328,247.3999938964844,249.27999877929688,2564700
2018-01-30,208.2207489013672,236.6499938964844,242.7400054931641,232.1000061035156,232.8800048828125,11565500
2018-01-31,208.3351287841797,236.77999877929688,247.0,235.759994506836,242.83999633789065,5187400
2018-02-01,206.9625396728516,235.22000122070312,237.82000732421875,233.8300018310547,235.259994506836,4268300
2018-02-02,204.02378845214844,231.8800048828125,236.3000030517578,231.19000244140625,233.0,3959900
2018-02-05,193.5885162353516,220.0200042724609,233.1100006103516,208.47999572753903,230.7899932861328,6290000
2018-02-06,198.128646850586,225.17999267578125,226.509994506836,210.2100067138672,212.1999969482422,7064800
2018-02-07,198.6918182373047,225.82000732421875,229.2899932861328,221.509994506836,222.3300018310547,5589200
2018-02-08,190.45620727539065,216.4600067138672,226.6300048828125,216.259994506836,225.3300018310547,4902400
2018-02-09,194.4156188964844,220.9600067138672,223.27999877929688,212.009994506836,218.0,6225300
2018-02-12,198.5774383544922,225.69000244140625,228.0,222.1499938964844,222.44000244140625,4912000
2018-02-13,199.41326904296875,226.63999938964844,227.1199951171875,222.38999938964844,223.1499938964844,3536800
2018-02-14,201.29620361328125,228.77999877929688,229.33999633789065,223.9199981689453,224.9499969482422,2878400
2018-02-15,198.86778259277344,226.0200042724609,230.0,221.7400054931641,229.2700042724609,4662700
2018-02-16,201.8153076171875,229.3699951171875,230.5500030517578,225.6999969482422,225.9900054931641,3621700
2018-02-20,199.4308624267578,226.66000366210932,228.75,225.6100006103516,227.91000366210932,3172300
2018-02-21,198.08474731445312,225.1300048828125,229.3500061035156,225.1100006103516,226.1499938964844,3371900
2018-02-22,199.80918884277344,227.08999633789065,229.83999633789065,225.0800018310547,226.3000030517578,2767900
2018-02-23,202.5104217529297,230.16000366210932,230.32000732421875,225.91000366210932,227.8999938964844,2393900
2018-02-26,205.94190979003903,234.0599975585937,234.509994506836,229.6999969482422,231.63999938964844,3307000
2018-02-27,204.5868682861328,232.5200042724609,235.88999938964844,232.44000244140625,234.3999938964844,2899500
2018-02-28,198.990966796875,226.16000366210932,234.75,226.08999633789065,234.4199981689453,4368600
2018-03-01,197.48638916015625,224.4499969482422,229.2899932861328,222.7400054931641,225.6999969482422,3514600
2018-03-02,198.1374664306641,225.19000244140625,225.82000732421875,222.58999633789065,223.2100067138672,2613600
2018-03-05,200.94422912597656,228.3800048828125,229.42999267578125,222.7899932861328,223.3699951171875,2627300
2018-03-06,199.008544921875,226.17999267578125,229.1499938964844,223.88999938964844,228.9199981689453,2652800
2018-03-07,199.9676055908203,227.2700042724609,227.82000732421875,223.75,224.3500061035156,3242200
2018-03-08,198.38739013671875,224.72999572753903,227.9900054931641,223.9199981689453,227.92999267578125,3500900
2018-03-09,199.0053558349609,225.42999267578125,226.5200042724609,222.5,226.1100006103516,4834600
2018-03-12,196.6571655273437,222.7700042724609,227.0,222.7700042724609,226.2100067138672,3117300
2018-03-13,200.3383331298828,226.94000244140625,228.0599975585937,223.16000366210932,223.52999877929688,3343800
2018-03-14,198.96124267578125,225.3800048828125,229.38999938964844,225.0200042724609,227.1300048828125,3048200
2018-03-15,202.5806427001953,229.47999572753903,230.759994506836,225.66000366210932,225.8300018310547,3330200
2018-03-16,201.1505584716797,227.8600006103516,231.2700042724609,227.75,229.66000366210932,5690300
2018-03-19,198.6698455810547,225.0500030517578,227.97000122070312,223.67999267578125,227.3099975585937,3407300
2018-03-20,200.19711303710932,226.77999877929688,227.6000061035156,223.8800048828125,225.16000366210932,3429100
2018-03-21,196.70132446289065,222.82000732421875,227.44000244140625,222.82000732421875,226.4499969482422,3419800
2018-03-22,189.9833526611328,215.2100067138672,221.66000366210932,215.1000061035156,221.6499938964844,5894800
2018-03-23,187.63514709472656,212.5500030517578,217.72999572753903,212.5,215.75,5741200
2018-03-26,193.3909149169922,219.07000732421875,219.41000366210932,214.6999969482422,215.19000244140625,3561300
2018-03-27,192.41099548339844,217.9600067138672,221.9499969482422,216.41000366210932,220.32000732421875,3722100
2018-03-28,192.8876800537109,218.5,219.91000366210932,217.0399932861328,218.88999938964844,3179500
2018-03-29,188.91519165039065,214.0,223.3500061035156,214.0,219.3800048828125,5529400
2018-04-02,191.74009704589844,217.1999969482422,222.9900054931641,214.6300048828125,218.4600067138672,6220700
2018-04-03,198.25498962402344,224.5800018310547,225.1000061035156,219.69000244140625,220.33999633789065,4652000
2018-04-04,201.9715118408203,228.7899932861328,229.47999572753903,220.4199981689453,220.69000244140625,4674000
2018-04-05,202.2186584472656,229.07000732421875,231.5800018310547,226.8000030517578,229.4600067138672,3348100
2018-04-06,197.70770263671875,223.9600067138672,228.19000244140625,221.82000732421875,226.6499938964844,3231700
2018-04-09,196.62185668945312,222.72999572753903,226.1300048828125,222.3600006103516,225.5800018310547,3031500
2018-04-10,200.20590209960932,226.7899932861328,228.16000366210932,223.4900054931641,225.3999938964844,2737500
2018-04-11,195.8890991210937,221.8999938964844,225.38999938964844,221.69000244140625,224.2700042724609,3482100
2018-04-12,197.9548492431641,224.2400054931641,225.75,223.41000366210932,224.0399932861328,2664500
2018-04-13,197.9901428222656,224.27999877929688,226.1300048828125,223.0800018310547,225.1000061035156,2496600
2018-04-16,203.3221893310547,230.32000732421875,231.8500061035156,226.3500061035156,227.1100006103516,4510600
2018-04-17,210.5874481201172,238.5500030517578,241.6699981689453,236.0800018310547,239.3099975585937,6180300
2018-04-18,208.68951416015625,236.3999938964844,239.7400054931641,236.3000030517578,239.0,2940100
2018-04-19,208.1244659423828,235.759994506836,238.2700042724609,234.8000030517578,236.1999969482422,2734900
2018-04-20,207.50653076171875,235.0599975585937,237.1000061035156,233.5,236.0500030517578,2842000
2018-04-23,206.87094116210932,234.33999633789065,236.2100067138672,233.0800018310547,235.2899932861328,3051700
2018-04-24,206.7650604248047,234.22000122070312,237.32000732421875,232.5599975585937,235.9499969482422,2771200
2018-04-25,207.3652801513672,234.8999938964844,235.1000061035156,230.44000244140625,233.4499969482422,3118800
2018-04-26,209.24560546875,237.02999877929688,237.83999633789065,234.3300018310547,235.72999572753903,2252800
2018-04-27,212.0263671875,240.17999267578125,240.5399932861328,237.1499938964844,237.6300048828125,2301800
2018-04-30,208.68951416015625,236.3999938964844,241.0,236.3999938964844,241.0,3446900
2018-05-01,209.08676147460932,236.8500061035156,237.4900054931641,234.3600006103516,237.0,2633500
2018-05-02,206.09410095214844,233.4600067138672,236.2100067138672,232.8600006103516,235.3800048828125,3542700
2018-05-03,206.70318603515625,234.1499938964844,234.8000030517578,229.3099975585937,231.97000122070312,2731600
2018-05-04,208.24810791015625,235.8999938964844,236.6499938964844,232.16000366210932,233.1000061035156,1999900
2018-05-07,206.37657165527344,233.77999877929688,236.9900054931641,232.6300048828125,235.8800048828125,3237800
2018-05-08,204.8316802978516,232.02999877929688,233.72000122070312,230.6499938964844,233.72000122070312,2698300
2018-05-09,202.34230041503903,229.2100067138672,233.4199981689453,228.22999572753903,233.0500030517578,3504200
2018-05-10,206.31480407714844,233.7100067138672,234.2899932861328,229.3600006103516,230.1499938964844,2169000
2018-05-11,210.34909057617188,238.27999877929688,238.8000030517578,232.9499969482422,233.5800018310547,3044900
2018-05-14,214.42755126953125,242.8999938964844,243.6699981689453,238.82000732421875,238.8999938964844,3893600
2018-05-15,211.4261474609375,239.5,242.22000122070312,238.6699981689453,241.8600006103516,2396600
2018-05-16,213.38580322265625,241.72000122070312,241.8099975585937,238.57000732421875,239.6499938964844,1906100
2018-05-17,214.48049926757807,242.9600067138672,243.5599975585937,240.5399932861328,241.4900054931641,2418700
2018-05-18,215.963607788086,244.63999938964844,244.759994506836,242.38999938964844,243.3699951171875,2283600
2018-05-21,218.84141540527344,247.8999938964844,249.1699981689453,244.83999633789065,245.0,3040700
2018-05-22,216.44027709960932,245.17999267578125,248.0500030517578,243.83999633789065,248.0,2644100
2018-05-23,215.62814331054688,244.259994506836,245.5,241.63999938964844,244.02999877929688,3047800
2018-05-24,214.27749633789065,242.72999572753903,245.44000244140625,242.1999969482422,244.57000732421875,2610400
2018-05-25,216.2372283935547,244.9499969482422,245.5800018310547,242.44000244140625,242.9499969482422,1554900
2018-05-29,213.7831115722656,242.1699981689453,243.8600006103516,240.2400054931641,243.8600006103516,2837800
2018-05-30,216.22837829589844,244.94000244140625,245.75,242.6300048828125,243.7400054931641,2071900
2018-05-31,213.2005157470703,241.509994506836,244.75,240.67999267578125,244.2100067138672,2966100
2018-06-01,214.8247985839844,243.3500061035156,243.7400054931641,241.2899932861328,243.7400054931641,2371400
2018-06-04,215.95477294921875,244.6300048828125,245.2400054931641,242.7400054931641,244.0,2188900
2018-06-05,215.77816772460932,244.42999267578125,245.1100006103516,241.91000366210932,245.08999633789065,1531900
2018-06-06,219.5035400390625,248.6499938964844,248.72000122070312,245.1300048828125,246.32000732421875,2650300
2018-06-07,219.7948608398437,248.97999572753903,250.0,248.25,249.759994506836,2117200
2018-06-08,221.29559326171875,250.67999267578125,251.5,248.07000732421875,249.4600067138672,3034600
2018-06-11,224.03224182128903,253.77999877929688,254.9900054931641,250.3999938964844,250.83999633789065,2775200
2018-06-12,223.8556365966797,253.5800018310547,253.94000244140625,250.1699981689453,253.1999969482422,2567200
2018-06-13,223.22886657714844,252.8699951171875,256.7300109863281,252.47999572753903,254.13999938964844,3138300
2018-06-14,225.4005126953125,255.3300018310547,255.9900054931641,253.66000366210932,254.47000122070312,2456600
2018-06-15,226.773681640625,255.97999572753903,255.97999572753903,252.5599975585937,254.2700042724609,4772200
2018-06-18,225.79031372070312,254.8699951171875,255.009994506836,252.13999938964844,254.0,1961900
2018-06-19,224.15142822265625,253.0200042724609,253.3000030517578,251.16000366210932,252.97000122070312,2370200
2018-06-20,223.96536254882807,252.8099975585937,253.72999572753903,251.8800048828125,253.32000732421875,2580400
2018-06-21,223.1503295898437,251.88999938964844,253.6499938964844,250.9199981689453,252.9499969482422,2150300
2018-06-22,225.3473358154297,254.3699951171875,255.1100006103516,251.19000244140625,252.2400054931641,2604000
2018-06-25,222.1049346923828,250.7100067138672,255.1300048828125,248.6100006103516,254.3600006103516,3060800
2018-06-26,221.272216796875,249.7700042724609,252.47000122070312,249.5399932861328,250.5599975585937,2158000
2018-06-27,219.854721069336,248.1699981689453,251.759994506836,248.1300048828125,250.2899932861328,2481000
2018-06-28,216.95785522460932,244.8999938964844,248.0,242.22999572753903,247.1300048828125,3556900
2018-06-29,217.3476409912109,245.33999633789065,247.5,244.6000061035156,244.8999938964844,2772600
2018-07-02,219.24351501464844,247.47999572753903,247.72999572753903,244.1199951171875,245.0,1793300
2018-07-03,218.800521850586,246.97999572753903,248.75,246.7400054931641,248.3000030517578,1248000
2018-07-05,221.91891479492188,250.5,250.92999267578125,247.5800018310547,249.1100006103516,2182900
2018-07-06,222.14927673339844,250.759994506836,251.72999572753903,249.4199981689453,251.009994506836,1572300
2018-07-09,224.7272186279297,253.6699981689453,254.009994506836,251.0500030517578,252.1300048828125,2039600
2018-07-10,226.3837890625,255.5399932861328,256.8999938964844,253.75,254.17999267578125,2012200
2018-07-11,225.5422515869141,254.58999633789065,256.0,253.7400054931641,255.13999938964844,1486000
2018-07-12,226.83566284179688,256.04998779296875,256.82000732421875,254.9199981689453,256.17999267578125,1592700
2018-07-13,229.183334350586,258.70001220703125,259.010009765625,256.0199890136719,256.3900146484375,2356200
2018-07-16,227.6596069335937,256.9800109863281,258.45001220703125,256.44000244140625,258.2900085449219,3625400
2018-07-17,221.73280334472656,250.2899932861328,252.5200042724609,246.2700042724609,251.5500030517578,6932300
2018-07-18,226.2775421142578,255.4199981689453,256.6099853515625,250.44000244140625,251.1100006103516,3359800
2018-07-19,224.07162475585932,252.92999267578125,256.5,251.8500061035156,255.32000732421875,2307600
2018-07-20,223.867919921875,252.6999969482422,253.5500030517578,251.1699981689453,251.1699981689453,1959600
2018-07-23,223.90333557128903,252.7400054931641,255.22999572753903,252.42999267578125,252.91000366210932,1479600
2018-07-24,224.8069000244141,253.759994506836,254.9600067138672,252.009994506836,254.8600006103516,2476500
2018-07-25,225.7814483642578,254.8600006103516,255.2700042724609,252.7700042724609,254.8099975585937,3016900
2018-07-26,227.67726135253903,257.0,257.8699951171875,255.8000030517578,256.25,2021300
2018-07-27,226.7470703125,255.9499969482422,257.7900085449219,255.38999938964844,257.7900085449219,1656800
2018-07-30,224.8778381347656,253.83999633789065,256.8900146484375,253.1100006103516,255.91000366210932,1681500
2018-07-31,224.3285522460937,253.22000122070312,255.1999969482422,252.8500061035156,254.13999938964844,2355900
2018-08-01,224.46145629882807,253.3699951171875,256.1000061035156,252.8099975585937,256.1000061035156,3006700
2018-08-02,226.8622589111328,256.0799865722656,256.29998779296875,252.22999572753903,253.5,1854400
2018-08-03,227.87217712402344,257.2200012207031,257.5599975585937,254.3000030517578,256.45001220703125,1422300
2018-08-06,227.46469116210932,256.760009765625,257.5400085449219,255.47000122070312,256.5,1398100
2018-08-07,228.2531280517578,257.6499938964844,258.8399963378906,257.1300048828125,257.6400146484375,1462800
2018-08-08,229.28079223632807,258.8099975585937,259.5,257.9200134277344,258.1099853515625,1494300
2018-08-09,231.7435302734375,261.5899963378906,263.0199890136719,259.3099975585937,259.9100036621094,2315000
2018-08-10,230.65391540527344,260.3599853515625,261.5,259.1099853515625,260.489990234375,1625000
2018-08-13,231.1411590576172,260.9100036621094,262.54998779296875,260.29998779296875,261.0,1635100
2018-08-14,233.4179229736328,263.4800109863281,264.29998779296875,260.8500061035156,260.8900146484375,1941600
2018-08-15,230.8753662109375,260.6099853515625,262.69000244140625,259.19000244140625,261.9800109863281,2017700
2018-08-16,233.0813446044922,263.1000061035156,263.75,261.45001220703125,261.57000732421875,2115900
2018-08-17,232.399154663086,262.3299865722656,264.1300048828125,261.7200012207031,263.54998779296875,1969700
2018-08-20,232.46121215820312,262.3999938964844,263.489990234375,261.57000732421875,263.0,1786200
2018-08-21,231.83218383789065,261.69000244140625,262.5199890136719,260.7300109863281,261.8500061035156,1559300
2018-08-22,230.99058532714844,260.739990234375,261.95001220703125,260.25,261.95001220703125,2148500
2018-08-23,231.593002319336,261.4200134277344,262.5599975585937,259.5599975585937,261.0199890136719,1603500
2018-08-24,234.12661743164065,264.2799987792969,264.7799987792969,261.75,261.75,2238600
2018-08-27,236.6071929931641,267.0799865722656,267.45001220703125,264.4200134277344,265.0,2614000
2018-08-28,237.87403869628903,268.510009765625,269.1400146484375,267.3299865722656,268.5400085449219,2603900
2018-08-29,238.30813598632807,269.0,269.32000732421875,267.25,268.3900146484375,2880600
2018-08-30,237.7677459716797,268.3900146484375,270.1700134277344,268.1099853515625,269.4599914550781,2976300
2018-08-31,237.8297271728516,268.4599914550781,269.2099914550781,267.20001220703125,268.2799987792969,2961500
2018-09-04,237.87403869628903,268.510009765625,269.4100036621094,266.57000732421875,268.0,2097300
2018-09-05,237.1033477783203,267.6400146484375,268.79998779296875,266.92999267578125,268.5599975585937,2230600
2018-09-06,239.68997192382807,269.6499938964844,270.0199890136719,266.94000244140625,267.6000061035156,2556100
2018-09-07,238.4721527099609,268.2799987792969,271.1600036621094,267.510009765625,269.6400146484375,2958000
2018-09-10,230.8721618652344,259.7300109863281,266.79998779296875,258.75,266.7799987792969,4146200
2018-09-11,232.03659057617188,261.0400085449219,261.4200134277344,257.4800109863281,257.9200134277344,2283300
2018-09-12,233.48550415039065,262.6700134277344,264.489990234375,260.8500061035156,261.1199951171875,2236300
2018-09-13,235.9921722412109,265.489990234375,265.69000244140625,263.4200134277344,264.1600036621094,2734500
2018-09-14,235.8321990966797,265.3099975585937,266.6499938964844,263.2799987792969,265.3999938964844,2084600
2018-09-17,234.5521850585937,263.8699951171875,266.6600036621094,263.4100036621094,266.5,1940400
2018-09-18,234.0366058349609,263.2900085449219,264.0899963378906,262.0,262.92999267578125,3557000
2018-09-19,235.84999084472656,265.3299865722656,265.6099853515625,263.1600036621094,264.4700012207031,2274300
2018-09-20,236.792221069336,266.3900146484375,267.94000244140625,266.0599975585937,266.0799865722656,2095000
2018-09-21,237.04104614257807,266.6700134277344,267.8399963378906,265.8500061035156,266.1000061035156,5671600
2018-09-24,237.65440368652344,267.3599853515625,269.5299987792969,266.6700134277344,267.010009765625,2699800
2018-09-25,234.232177734375,263.510009765625,267.3299865722656,263.0299987792969,267.29998779296875,3789700
2018-09-26,233.6988220214844,262.9100036621094,265.489990234375,262.45001220703125,264.5,2238000
2018-09-27,235.2455291748047,264.6499938964844,265.4100036621094,262.92999267578125,263.0,2761400
2018-09-28,236.4810943603516,266.0400085449219,266.19000244140625,263.8500061035156,264.3800048828125,2875100
2018-10-01,239.20114135742188,269.1000061035156,270.0199890136719,267.0199890136719,267.25,3314500
2018-10-02,240.5611114501953,270.6300048828125,271.44000244140625,267.5,269.0,2777300
2018-10-03,240.8010406494141,270.8999938964844,272.07000732421875,269.7699890136719,272.0,3002200
2018-10-04,238.5077514648437,268.32000732421875,271.6199951171875,267.3099975585937,271.0,2186600
2018-10-05,239.2899627685547,269.20001220703125,271.0,267.95001220703125,268.6499938964844,2045700
2018-10-08,239.1211395263672,269.010009765625,269.6499938964844,265.6499938964844,268.8399963378906,1865000
2018-10-09,240.0988006591797,270.1099853515625,271.9599914550781,268.4700012207031,269.19000244140625,2510100
2018-10-10,233.84994506835932,263.0799865722656,271.4200134277344,262.5199890136719,270.6000061035156,4267300
2018-10-11,228.5521240234375,257.1199951171875,264.3999938964844,255.77999877929688,262.0,4558500
2018-10-12,230.7655029296875,259.6099853515625,261.3900146484375,256.8599853515625,259.70001220703125,4006300
2018-10-15,231.3343811035156,260.25,262.44000244140625,259.3099975585937,260.1300048828125,3583400
2018-10-16,242.2855682373047,272.57000732421875,272.8099975585937,265.0,269.69000244140625,6453600
2018-10-17,237.6011199951172,267.29998779296875,271.0,265.6300048828125,270.19000244140625,3985100
2018-10-18,237.1654815673828,266.8099975585937,267.8800048828125,263.7099914550781,267.3500061035156,3132100
2018-10-19,235.82330322265625,265.29998779296875,267.9800109863281,263.8900146484375,266.6199951171875,3336600
2018-10-22,233.0587921142578,262.19000244140625,266.8299865722656,260.0599975585937,266.75,2618100
2018-10-23,235.43223571777344,264.8599853515625,265.5199890136719,259.20001220703125,259.7200012207031,4081800
2018-10-24,227.8410186767578,256.32000732421875,265.3299865722656,255.92999267578125,264.010009765625,5265600
2018-10-25,234.881088256836,264.239990234375,265.17999267578125,253.3699951171875,258.1600036621094,4675600
2018-10-26,229.494384765625,258.17999267578125,262.3999938964844,257.0199890136719,261.5,4830600
2018-10-29,228.018798828125,256.5199890136719,262.0400085449219,253.32000732421875,259.7200012207031,3697700
2018-10-30,229.583251953125,258.2799987792969,259.69000244140625,253.97999572753903,256.69000244140625,4169200
2018-10-31,232.31216430664065,261.3500061035156,264.07000732421875,260.2200012207031,260.8699951171875,4230200
2018-11-01,231.9388427734375,260.92999267578125,264.67999267578125,259.760009765625,262.9200134277344,2771300
2018-11-02,232.00991821289065,261.010009765625,266.3800048828125,259.5599975585937,264.6099853515625,2593600
2018-11-05,232.00991821289065,261.010009765625,263.0,260.07000732421875,262.1499938964844,3287000
2018-11-06,234.25880432128903,263.5400085449219,264.010009765625,260.70001220703125,260.70001220703125,2582400
2018-11-07,244.1166076660156,274.6300048828125,276.75,266.8999938964844,266.8999938964844,5796800
2018-11-08,245.91221618652344,276.6499938964844,278.0,274.70001220703125,276.0,3809100
2018-11-09,245.82334899902344,276.54998779296875,278.0,274.19000244140625,276.8599853515625,2904300
2018-11-12,242.11666870117188,272.3800048828125,277.7900085449219,272.0,276.0,3140600
2018-11-13,239.307846069336,269.2200012207031,273.6000061035156,268.1400146484375,272.5799865722656,2516900
2018-11-14,235.5210876464844,264.9599914550781,270.5199890136719,263.3500061035156,269.2900085449219,3511900
2018-11-15,235.50331115722656,264.94000244140625,265.9200134277344,260.8500061035156,264.0,3657600
2018-11-16,240.9877471923828,271.1099853515625,271.79998779296875,264.9200134277344,264.989990234375,3857800
2018-11-19,236.489974975586,266.04998779296875,272.2699890136719,264.17999267578125,271.4800109863281,3670800
2018-11-20,232.4455108642578,261.5,266.7799987792969,260.3999938964844,265.6199951171875,3617700
2018-11-21,231.6010589599609,260.54998779296875,264.6300048828125,260.45001220703125,262.5899963378906,3234300
2018-11-23,232.5521850585937,261.6199951171875,262.94000244140625,258.2799987792969,260.0,1159300
2018-11-26,236.5877685546875,266.1600036621094,268.29998779296875,263.5,264.6199951171875,3879800
2018-11-27,241.0233612060547,271.1499938964844,271.29998779296875,265.0299987792969,265.57000732421875,3497300
2018-11-28,249.7344665527344,280.95001220703125,282.3999938964844,272.82000732421875,272.82000732421875,5044300
2018-11-29,251.1567230224609,282.54998779296875,285.45001220703125,280.3099975585937,280.42999267578125,4177800
2018-11-30,250.89801025390625,281.3599853515625,283.6400146484375,279.07000732421875,282.989990234375,6143200
2018-12-03,255.33004760742188,286.3299865722656,286.5299987792969,282.7099914550781,283.0,4178800
2018-12-04,248.3922882080078,278.54998779296875,287.94000244140625,276.9100036621094,286.1499938964844,4635500
2018-12-06,246.8763427734375,276.8500061035156,276.94000244140625,265.25,273.0199890136719,6694600
2018-12-07,240.03677368164065,269.17999267578125,276.4200134277344,267.2799987792969,273.760009765625,3506900
2018-12-10,237.6737060546875,266.5299987792969,269.0,260.2300109863281,268.5899963378906,4061300
2018-12-11,238.2889862060547,267.2200012207031,271.5299987792969,265.6700134277344,269.5799865722656,3102800
2018-12-12,241.3386993408203,270.6400146484375,274.5599975585937,270.489990234375,271.95001220703125,3167900
2018-12-13,242.68521118164065,272.1499938964844,273.32000732421875,269.6199951171875,270.8599853515625,2350400
2018-12-14,236.32717895507807,265.0199890136719,270.57000732421875,263.7099914550781,270.3599853515625,3360500
2018-12-17,230.12960815429688,258.07000732421875,262.75,256.7300109863281,261.0400085449219,5806800
2018-12-18,225.58181762695312,252.97000122070312,259.989990234375,248.1999969482422,259.70001220703125,5065500
2018-12-19,223.20977783203125,250.3099975585937,256.5599975585937,247.58999633789065,252.3699951171875,5468500
2018-12-20,216.1918334960937,242.44000244140625,249.009994506836,240.0500030517578,248.5,7311700
2018-12-21,212.53570556640625,238.33999633789065,247.5,237.4499969482422,240.72999572753903,12209700
2018-12-24,207.7203521728516,232.94000244140625,237.8999938964844,232.5599975585937,236.2400054931641,3091000
2018-12-26,217.0032958984375,243.3500061035156,243.3699951171875,231.8099975585937,232.6999969482422,4159300
2018-12-27,219.3396453857422,245.97000122070312,245.97000122070312,235.2400054931641,239.1000061035156,4295800
2018-12-28,219.5804443359375,246.2400054931641,249.7899932861328,244.8099975585937,246.7100067138672,3312700
2018-12-31,222.1486053466797,249.1199951171875,250.27999877929688,246.94000244140625,248.0599975585937,3123200
2019-01-02,217.128158569336,243.4900054931641,246.3500061035156,241.47000122070312,245.0,4063600
2019-01-03,211.20706176757807,236.8500061035156,243.47999572753903,236.1300048828125,243.47999572753903,4623200
2019-01-04,213.6771545410156,239.6199951171875,243.4600067138672,238.8000030517578,239.8000030517578,5367600
2019-01-07,214.0873260498047,240.0800018310547,241.97999572753903,238.22999572753903,240.3999938964844,4133000
2019-01-08,216.9498443603516,243.2899932861328,244.7899932861328,239.7100067138672,242.3300018310547,3618600
2019-01-09,217.26193237304688,243.63999938964844,246.6300048828125,242.0599975585937,244.759994506836,3425400
2019-01-10,218.35874938964844,244.8699951171875,245.13999938964844,241.41000366210932,242.0800018310547,3374100
2019-01-11,220.8556060791016,247.6699981689453,247.759994506836,243.2700042724609,243.4499969482422,3967100
2019-01-14,221.2033843994141,248.0599975585937,249.9199981689453,246.1100006103516,246.58999633789065,4955500
2019-01-15,229.0595703125,256.8699951171875,256.9200134277344,247.0,250.0,5325600
2019-01-16,233.1526031494141,261.4599914550781,262.19000244140625,258.1700134277344,258.7300109863281,6069400
2019-01-17,231.64553833007807,259.7699890136719,261.739990234375,257.8900146484375,260.989990234375,3583600
2019-01-18,236.7552490234375,265.5,266.260009765625,260.4200134277344,262.6000061035156,4844800
2019-01-22,236.92462158203125,265.69000244140625,267.5,263.739990234375,264.0599975585937,4052700
2019-01-23,238.1106414794922,267.0199890136719,269.4700012207031,263.6700134277344,267.75,2971100
2019-01-24,237.31700134277344,266.1300048828125,268.1600036621094,264.260009765625,266.79998779296875,2927300
2019-01-25,239.02915954589844,268.04998779296875,270.4100036621094,265.70001220703125,268.79998779296875,2809100
2019-01-28,237.88771057128903,266.7699890136719,266.92999267578125,264.6099853515625,266.8999938964844,2837300
2019-01-29,238.39601135253903,267.3399963378906,268.45001220703125,265.44000244140625,266.0,2173000
2019-01-30,241.0979461669922,270.3699951171875,272.44000244140625,267.19000244140625,269.69000244140625,3659000
2019-01-31,240.94635009765625,270.20001220703125,271.739990234375,268.989990234375,270.4800109863281,4055100
2019-02-01,239.6265563964844,268.7200012207031,269.3900146484375,266.0299987792969,268.4700012207031,3946800
2019-02-04,239.1717987060547,268.2099914550781,268.69000244140625,264.2699890136719,268.3099975585937,3398900
2019-02-05,237.47750854492188,266.3099975585937,272.0899963378906,265.8399963378906,270.1199951171875,3597000
2019-02-06,240.3221740722656,269.5,269.92999267578125,264.9800109863281,265.1400146484375,2570000
2019-02-07,239.87628173828125,269.0,270.5799865722656,267.260009765625,268.6400146484375,2458200
2019-02-08,233.54495239257807,261.8999938964844,268.70001220703125,260.32000732421875,267.5,4547000
2019-02-11,229.30032348632807,257.1400146484375,261.17999267578125,256.3399963378906,261.1700134277344,4856200
2019-02-12,234.97171020507807,263.5,264.0,256.9200134277344,259.2200012207031,4327900
2019-02-13,235.2392578125,263.79998779296875,266.2900085449219,263.1499938964844,263.5199890136719,3066400
2019-02-14,236.6036376953125,265.3299865722656,267.07000732421875,262.7099914550781,263.239990234375,3015300
2019-02-15,241.77569580078125,271.1300048828125,271.1300048828125,266.6199951171875,267.7900085449219,3673700
2019-02-19,241.13357543945312,270.4100036621094,272.489990234375,269.2799987792969,271.1700134277344,2486700
2019-02-20,240.33106994628903,269.510009765625,270.5899963378906,268.17999267578125,269.2099914550781,2802800
2019-02-21,237.55776977539065,266.3999938964844,269.94000244140625,265.1000061035156,269.4700012207031,2554300
2019-02-22,238.1909027099609,267.1099853515625,268.3900146484375,265.95001220703125,266.5,3191100
2019-02-25,235.95265197753903,264.6000061035156,268.1700134277344,264.3800048828125,267.5799865722656,3679100
2019-02-26,234.5080108642578,262.9800109863281,265.42999267578125,262.79998779296875,264.6600036621094,3212900
2019-02-27,223.00469970703125,250.0800018310547,261.6099853515625,248.94000244140625,261.6099853515625,8952900
2019-02-28,215.9956512451172,242.22000122070312,251.9499969482422,239.1499938964844,249.6999969482422,11034300
2019-03-01,219.5001678466797,246.1499938964844,248.0,243.5599975585937,243.5599975585937,6921300
2019-03-04,210.46685791015625,236.0200042724609,248.4499969482422,234.509994506836,248.1199951171875,8646300
2019-03-05,215.29116821289065,241.42999267578125,243.1999969482422,234.94000244140625,236.52999877929688,6924500
2019-03-06,213.18673706054688,239.07000732421875,241.7400054931641,237.02999877929688,241.7400054931641,4878700
2019-03-07,211.07327270507807,236.6999969482422,241.17999267578125,235.5500030517578,240.3000030517578,5033500
2019-03-08,212.4070587158203,237.2899932861328,239.41000366210932,234.63999938964844,235.1499938964844,4921700
2019-03-11,217.65255737304688,243.1499938964844,244.0200042724609,236.4199981689453,239.2100067138672,4539600
2019-03-12,220.09625244140625,245.8800048828125,247.47999572753903,243.7400054931641,244.9499969482422,4235800
2019-03-13,225.79830932617188,252.25,252.759994506836,247.0800018310547,247.9600067138672,4881600
2019-03-14,226.7113342285156,253.2700042724609,255.0599975585937,252.33999633789065,253.0,3865200
2019-03-15,225.0374298095703,251.3999938964844,254.7400054931641,249.94000244140625,254.33999633789065,6466200
2019-03-18,228.2599334716797,255.0,255.3099975585937,250.4199981689453,252.66000366210932,3927400
2019-03-19,230.16661071777344,257.1300048828125,259.25,255.13999938964844,255.9499969482422,4164800
2019-03-20,224.23178100585932,250.5,257.69000244140625,249.97000122070312,257.42999267578125,4193500
2019-03-21,225.5924072265625,252.0200042724609,252.9600067138672,248.66000366210932,249.19000244140625,2699700
2019-03-22,221.1793670654297,247.08999633789065,251.1999969482422,246.9900054931641,250.57000732421875,3777900
2019-03-25,220.97352600097656,246.8600006103516,247.4199981689453,240.77999877929688,247.4199981689453,4110900
2019-03-26,217.86737060546875,243.38999938964844,247.88999938964844,241.72000122070312,247.259994506836,4416200
2019-03-27,216.363510131836,241.7100067138672,245.67999267578125,238.16000366210932,242.94000244140625,4819200
2019-03-28,216.8290405273437,242.22999572753903,242.8500061035156,238.88999938964844,242.58999633789065,3601500
2019-03-29,221.33157348632807,247.259994506836,247.759994506836,241.8699951171875,244.2899932861328,4294200
2019-04-01,219.7919311523437,245.5399932861328,250.1999969482422,243.0599975585937,249.7100067138672,4809500
2019-04-02,218.78045654296875,244.41000366210932,246.3999938964844,242.8000030517578,245.509994506836,4057100
2019-04-03,220.0604705810547,245.83999633789065,247.5399932861328,244.58999633789065,246.3099975585937,2851400
2019-04-04,221.44796752929688,247.38999938964844,249.1100006103516,244.63999938964844,245.47999572753903,2255500
2019-04-05,222.69216918945312,248.77999877929688,249.3099975585937,245.1699981689453,248.9499969482422,3343000
2019-04-08,222.6653594970703,248.75,249.67999267578125,246.3099975585937,249.67999267578125,2195400
2019-04-09,222.7011260986328,248.7899932861328,249.94000244140625,245.9499969482422,247.57000732421875,2903800
2019-04-10,220.23049926757807,246.02999877929688,249.8699951171875,245.5200042724609,248.77999877929688,2753700
2019-04-11,210.7331085205078,235.4199981689453,246.9199981689453,232.67999267578125,246.0500030517578,8223400
2019-04-12,199.81246948242188,223.22000122070312,236.77999877929688,220.7700042724609,236.5,13979400
2019-04-15,206.0604858398437,230.1999969482422,230.97000122070312,224.41000366210932,225.7700042724609,10021800
2019-04-16,197.78944396972656,220.9600067138672,238.009994506836,215.82000732421875,238.009994506836,27361400
2019-04-17,194.1014862060547,216.83999633789065,224.2400054931641,208.07000732421875,223.7899932861328,22101400
2019-04-18,198.49659729003903,221.75,223.0,214.2100067138672,217.13999938964844,13927200
2019-04-22,203.2945098876953,227.1100006103516,227.5599975585937,221.5,224.0,11191800
2019-04-23,206.4006805419922,230.5800018310547,231.94000244140625,226.1000061035156,228.25,10261400
2019-04-24,206.1947784423828,230.3500061035156,231.6300048828125,227.75,230.08999633789065,6104100
2019-04-25,206.588623046875,230.7899932861328,232.1199951171875,228.1300048828125,228.52999877929688,5954500
2019-04-26,212.14743041992188,237.0,237.1100006103516,231.19000244140625,232.13999938964844,6186200
2019-04-29,212.55029296875,237.4499969482422,238.0599975585937,234.16000366210932,237.3999938964844,5345300
2019-04-30,208.6295928955078,233.07000732421875,238.0800018310547,230.19000244140625,238.0800018310547,7632300
2019-05-01,207.6270446777344,231.9499969482422,234.6199951171875,230.3500061035156,233.07000732421875,4823200
2019-05-02,208.0745849609375,232.4499969482422,233.33999633789065,228.0800018310547,230.8999938964844,5499200
2019-05-03,207.6270446777344,231.9499969482422,233.8999938964844,227.17999267578125,232.83999633789065,4323100
2019-05-06,215.28045654296875,240.5,240.57000732421875,227.5,228.1699981689453,7180200
2019-05-07,213.08737182617188,238.0500030517578,243.1499938964844,236.3999938964844,239.19000244140625,5104700
2019-05-08,214.07199096679688,239.1499938964844,240.8099975585937,235.52999877929688,238.0,3768400
2019-05-09,213.01573181152344,237.97000122070312,240.5399932861328,235.6699981689453,236.6000061035156,4299500
2019-05-10,215.36102294921875,240.58999633789065,242.6199951171875,236.3699951171875,239.97000122070312,4374400
2019-05-13,214.43003845214844,239.5500030517578,240.1000061035156,236.1999969482422,236.4499969482422,4684400
2019-05-14,211.63720703125,236.42999267578125,240.9900054931641,236.27999877929688,240.63999938964844,5329700
2019-05-15,211.32391357421875,236.0800018310547,237.52999877929688,232.6199951171875,235.0,5099700
2019-05-16,211.95947265625,236.7899932861328,240.4499969482422,235.72000122070312,235.88999938964844,4456400
2019-05-17,216.0681610107422,241.3800048828125,242.44000244140625,235.6499938964844,236.1699981689453,4486400
2019-05-20,220.1947631835937,245.9900054931641,246.7400054931641,239.7700042724609,240.0,5390800
2019-05-21,223.73052978515625,249.94000244140625,251.17999267578125,246.8000030517578,247.009994506836,5345300
2019-05-22,223.1934356689453,249.33999633789065,251.02999877929688,248.7100067138672,249.1000061035156,4038000
2019-05-23,220.65121459960932,246.5,248.1499938964844,244.38999938964844,247.97999572753903,3934600
2019-05-24,221.6627349853516,247.6300048828125,249.3600006103516,245.509994506836,247.25,2973900
2019-05-28,216.6768798828125,242.0599975585937,249.3000030517578,241.97999572753903,248.5,6172700
2019-05-29,216.98117065429688,242.3999938964844,243.02999877929688,237.8999938964844,239.8500061035156,3958400
2019-05-30,217.96583557128903,243.5,245.3500061035156,241.33999633789065,241.9199981689453,2646600
2019-05-31,216.4441375732422,241.8000030517578,243.6199951171875,239.47999572753903,241.9499969482422,3285700
2019-06-03,211.75357055664065,236.5599975585937,243.8000030517578,236.0200042724609,241.4900054931641,4999400
2019-06-04,215.5131378173828,240.759994506836,241.0500030517578,234.8300018310547,238.1300048828125,4992000
2019-06-05,217.3124237060547,242.7700042724609,245.7899932861328,241.22999572753903,243.1699981689453,3194400
2019-06-06,216.46202087402344,241.82000732421875,243.94000244140625,241.72999572753903,243.1300048828125,2630100
2019-06-07,220.89292907714844,246.7700042724609,247.07000732421875,242.19000244140625,242.8999938964844,2837400
2019-06-10,222.11924743652344,248.13999938964844,249.6699981689453,245.9900054931641,247.0800018310547,2331000
2019-06-11,220.0873413085937,245.8699951171875,250.69000244140625,245.72999572753903,248.5200042724609,3043000
2019-06-12,218.8609771728516,244.5,246.5,242.3000030517578,246.1999969482422,3251800
2019-06-13,219.27276611328125,244.9600067138672,245.33999633789065,243.1199951171875,244.82000732421875,3107800
2019-06-14,220.61241149902344,245.3699951171875,246.1000061035156,242.7899932861328,244.72000122070312,2165500
2019-06-17,221.15187072753903,245.97000122070312,247.1000061035156,245.22000122070312,246.0,2270300
2019-06-18,220.9091033935547,245.6999969482422,249.33999633789065,245.1499938964844,247.5,3482500
2019-06-19,224.946044921875,250.19000244140625,251.3699951171875,245.509994506836,246.0,4204600
2019-06-20,222.76126098632807,247.759994506836,252.82000732421875,247.3999938964844,251.6000061035156,3800800
2019-06-21,226.82521057128903,252.27999877929688,253.4900054931641,246.8999938964844,248.77999877929688,6323500
2019-06-24,224.4515686035156,249.63999938964844,252.6300048828125,247.8600006103516,251.3300018310547,3163800
2019-06-25,222.6713714599609,247.66000366210932,251.0399932861328,247.4199981689453,249.3000030517578,3182700
2019-06-26,218.90411376953125,243.47000122070312,248.0800018310547,243.1300048828125,248.0,3852900
2019-06-27,221.48452758789065,246.33999633789065,248.1499938964844,243.16000366210932,244.259994506836,3366200
2019-06-28,219.3896026611328,244.009994506836,246.75,238.6499938964844,246.5,6727600
2019-07-01,218.15786743164065,242.63999938964844,246.1699981689453,240.72000122070312,245.9499969482422,4102700
2019-07-02,219.35366821289065,243.97000122070312,243.9900054931641,239.5399932861328,242.58999633789065,3863500
2019-07-03,220.4685516357422,245.2100067138672,247.5200042724609,244.0399932861328,244.32000732421875,2559400
2019-07-05,222.06895446777344,246.9900054931641,248.759994506836,244.0599975585937,244.38999938964844,2965000
2019-07-08,222.8332061767578,247.83999633789065,247.97999572753903,244.8800048828125,246.41000366210932,1902500
2019-07-09,221.1788330078125,246.0,246.0800018310547,243.69000244140625,244.6300048828125,2774800
2019-07-10,222.50949096679688,247.47999572753903,249.1100006103516,245.47999572753903,246.82000732421875,2753000
2019-07-11,234.8091735839844,261.1600036621094,261.69000244140625,249.0500030517578,255.8000030517578,10268800
2019-07-12,239.07090759277344,265.8999938964844,266.5199890136719,261.6300048828125,261.6300048828125,5336100
2019-07-15,239.1248779296875,265.9599914550781,267.6499938964844,264.25,265.0599975585937,2611400
2019-07-16,237.95608520507807,264.6600036621094,267.1400146484375,263.19000244140625,265.3299865722656,3121600
2019-07-17,239.7452850341797,266.6499938964844,268.69000244140625,263.5,264.0,3995200
2019-07-18,234.3057098388672,260.6000061035156,266.510009765625,257.260009765625,265.6400146484375,5825800
2019-07-19,230.7542724609375,256.6499938964844,262.7200012207031,256.3999938964844,261.1000061035156,4413200
2019-07-22,229.55845642089844,255.32000732421875,258.95001220703125,254.52999877929688,258.1400146484375,4104300
2019-07-23,229.2797393798828,255.009994506836,256.1000061035156,252.0200042724609,254.47000122070312,2889300
2019-07-24,225.7912139892578,251.1300048828125,252.8300018310547,245.1300048828125,252.7899932861328,4864000
2019-07-25,223.60641479492188,248.6999969482422,252.75,248.2899932861328,251.1300048828125,3362800
2019-07-26,227.41860961914065,252.94000244140625,253.8800048828125,246.509994506836,249.0200042724609,3362600
2019-07-29,228.20985412597656,253.82000732421875,255.3000030517578,252.33999633789065,252.83999633789065,2005500
2019-07-30,229.2078399658203,254.92999267578125,255.0599975585937,250.47000122070312,252.66000366210932,1908800
2019-07-31,223.8851776123047,249.009994506836,257.1600036621094,248.47999572753903,256.32000732421875,3532400
2019-08-01,224.10089111328125,249.25,251.5800018310547,247.27999877929688,249.19000244140625,3613600
2019-08-02,224.8202514648437,250.0500030517578,251.57000732421875,246.1000061035156,249.69000244140625,2677600
2019-08-05,220.33364868164065,245.0599975585937,249.94000244140625,242.58999633789065,248.1300048828125,5812400
2019-08-06,223.2288055419922,248.27999877929688,248.27999877929688,243.57000732421875,245.92999267578125,3533000
2019-08-07,221.5834350585937,246.4499969482422,247.0399932861328,241.259994506836,246.2700042724609,3205800
2019-08-08,222.6353759765625,247.6199951171875,247.6699981689453,243.3699951171875,246.19000244140625,2830700
2019-08-09,223.54351806640625,248.6300048828125,250.4199981689453,246.13999938964844,247.72000122070312,2535000
2019-08-12,218.661361694336,243.1999969482422,247.9600067138672,243.02999877929688,246.7899932861328,2667400
2019-08-13,224.07394409179688,249.22000122070312,250.4600067138672,241.509994506836,241.67999267578125,2763400
2019-08-14,218.661361694336,243.1999969482422,248.41000366210932,243.009994506836,246.72999572753903,3464300
2019-08-15,219.6054229736328,244.25,245.259994506836,241.4499969482422,244.3500061035156,2513500
2019-08-16,220.900131225586,245.69000244140625,247.1100006103516,244.17999267578125,245.3800048828125,2810000
2019-08-19,220.0189666748047,244.7100067138672,248.4900054931641,244.08999633789065,247.4900054931641,2672300
2019-08-20,215.9281005859375,240.16000366210932,244.6000061035156,239.9199981689453,244.2100067138672,3201300
2019-08-21,216.0989227294922,240.3500061035156,241.88999938964844,239.3000030517578,240.19000244140625,2761900
2019-08-22,209.4365692138672,232.94000244140625,240.3500061035156,232.6699981689453,240.3500061035156,4498200
2019-08-23,207.3866424560547,230.66000366210932,235.1000061035156,229.3800048828125,232.8999938964844,4826600
2019-08-26,207.76426696777344,231.0800018310547,234.5599975585937,230.4600067138672,232.5200042724609,2918300
2019-08-27,200.4365997314453,222.92999267578125,232.3999938964844,222.6000061035156,231.72000122070312,4988100
2019-08-28,204.41061401367188,227.3500061035156,229.7700042724609,220.77999877929688,222.4199981689453,4847600
2019-08-29,207.3506774902344,230.6199951171875,232.3000030517578,228.009994506836,228.4199981689453,4052500
2019-08-30,210.38966369628903,234.0,235.0500030517578,232.2899932861328,233.6699981689453,3384100
2019-09-03,207.3506774902344,230.6199951171875,232.1699981689453,228.47000122070312,231.7400054931641,3382300
2019-09-04,203.8531494140625,226.72999572753903,232.9499969482422,226.5,231.9499969482422,4526100
2019-09-05,206.42462158203125,229.58999633789065,231.509994506836,227.5800018310547,230.0,4256900
2019-09-06,205.8941192626953,229.0,231.9600067138672,228.58999633789065,230.1699981689453,4183200
2019-09-09,207.40457153320312,230.67999267578125,232.0,228.5599975585937,229.0,3895600
2019-09-10,209.0050048828125,232.4600067138672,234.2899932861328,230.8300018310547,231.4499969482422,4257600
2019-09-11,210.57846069335932,234.2100067138672,234.25,228.5800018310547,232.4900054931641,3168100
2019-09-12,206.8831024169922,230.1000061035156,236.3999938964844,229.6999969482422,235.0,4713700
2019-09-13,211.02947998046875,233.6100006103516,236.5599975585937,231.5399932861328,232.9900054931641,4523200
2019-09-16,211.77020263671875,234.42999267578125,236.0500030517578,232.1499938964844,232.82000732421875,2973600
2019-09-17,210.0448608398437,232.5200042724609,233.9900054931641,231.1699981689453,233.07000732421875,2392900
2019-09-18,208.31944274902344,230.6100006103516,233.1300048828125,229.22999572753903,230.8000030517578,2960500
2019-09-19,210.3429412841797,232.8500061035156,233.9499969482422,231.22999572753903,232.0,2666700
2019-09-20,210.37905883789065,232.88999938964844,235.0,231.9199981689453,234.7700042724609,6220100
2019-09-23,206.6573028564453,228.7700042724609,230.77999877929688,228.32000732421875,229.7700042724609,3281200
2019-09-24,203.2517547607422,225.0,229.83999633789065,222.9199981689453,229.3800048828125,5006800
2019-09-25,200.6952362060547,222.1699981689453,226.5,222.1300048828125,224.27999877929688,4658000
2019-09-26,194.6519012451172,215.47999572753903,223.6300048828125,213.42999267578125,223.0399932861328,10444400
2019-09-27,194.4531707763672,215.259994506836,218.8800048828125,215.0200042724609,218.17999267578125,4834900
2019-09-30,196.3140563964844,217.32000732421875,218.52999877929688,213.1199951171875,213.63999938964844,5286300
2019-10-01,196.21469116210932,217.2100067138672,219.19000244140625,212.0800018310547,219.19000244140625,5523600
2019-10-02,195.7991180419922,216.75,219.3600006103516,215.27999877929688,216.1499938964844,4921200
2019-10-03,194.54348754882807,215.3600006103516,216.3600006103516,213.0500030517578,215.6300048828125,3375800
2019-10-04,198.55435180664065,219.8000030517578,219.8600006103516,215.13999938964844,216.83999633789065,3700500
2019-10-07,199.85513305664065,221.2400054931641,222.52999877929688,218.9900054931641,219.0500030517578,3843200
2019-10-08,198.83436584472656,220.1100006103516,221.97999572753903,218.3999938964844,219.4900054931641,4817000
2019-10-09,200.6139678955078,222.0800018310547,223.47000122070312,220.1699981689453,221.7100067138672,4483100
2019-10-10,202.10446166992188,223.72999572753903,224.1300048828125,217.5200042724609,218.19000244140625,5252200
2019-10-11,200.6049041748047,222.07000732421875,228.8500061035156,221.58999633789065,225.5399932861328,5891600
2019-10-14,199.26795959472656,220.58999633789065,223.33999633789065,219.8999938964844,221.6300048828125,4075300
2019-10-15,215.52810668945312,238.58999633789065,239.83999633789065,231.08999633789065,232.69000244140625,13397700
2019-10-16,214.0827789306641,236.9900054931641,237.47999572753903,234.0800018310547,236.2899932861328,5368600
2019-10-17,220.11708068847656,243.6699981689453,244.6100006103516,237.2700042724609,238.69000244140625,6301200
2019-10-18,221.62564086914065,245.33999633789065,246.41000366210932,241.759994506836,244.4499969482422,4922100
2019-10-21,220.34292602539065,243.9199981689453,245.6000061035156,242.1499938964844,245.0200042724609,3029200
2019-10-22,225.3654937744141,249.47999572753903,251.5,243.1499938964844,243.63999938964844,5660800
2019-10-23,223.847885131836,247.8000030517578,251.75,246.72999572753903,248.38999938964844,3706600
2019-10-24,220.8759002685547,244.509994506836,248.4900054931641,243.91000366210932,248.02999877929688,2546900
2019-10-25,221.2372131347656,244.91000366210932,246.0800018310547,242.1499938964844,243.91000366210932,2815100
2019-10-28,223.1703948974609,247.0500030517578,248.38999938964844,244.9199981689453,245.259994506836,2957100
2019-10-29,227.90391540527344,252.2899932861328,253.1999969482422,246.3099975585937,247.0399932861328,3528900
2019-10-30,230.1712646484375,254.8000030517578,255.27999877929688,251.97999572753903,252.1699981689453,3299600
2019-10-31,228.2742462158203,252.6999969482422,255.72000122070312,249.91000366210932,254.3800048828125,3960400
2019-11-01,227.8316192626953,252.2100067138672,256.3299865722656,252.16000366210932,253.9900054931641,2919600
2019-11-04,226.9644012451172,251.25,253.8300018310547,249.91000366210932,253.6300048828125,3186400
2019-11-05,226.106185913086,250.3000030517578,254.2700042724609,250.08999633789065,253.7400054931641,5393400
2019-11-06,226.3049468994141,250.5200042724609,251.9900054931641,249.08999633789065,249.7100067138672,3668600
2019-11-07,231.6708221435547,256.4599914550781,256.75,251.259994506836,251.9499969482422,3646300
2019-11-08,232.1315155029297,256.9700012207031,258.3399963378906,255.0,256.7699890136719,2200300
2019-11-11,229.52989196777344,254.08999633789065,256.4599914550781,253.3300018310547,255.0500030517578,1765600
2019-11-12,230.5777740478516,255.25,255.759994506836,253.41000366210932,253.58999633789065,1892500
2019-11-13,229.0601806640625,253.57000732421875,256.8800048828125,253.19000244140625,254.8699951171875,3289800
2019-11-14,231.10171508789065,255.8300018310547,256.0799865722656,253.47000122070312,253.8000030517578,2101900
2019-11-15,243.3600311279297,269.3999938964844,275.57000732421875,255.3600006103516,256.1099853515625,10136000
2019-11-18,246.548828125,272.92999267578125,278.45001220703125,269.0,269.0,6985200
2019-11-19,247.72317504882807,274.2300109863281,275.3599853515625,271.54998779296875,275.239990234375,4002000
2019-11-20,248.9245758056641,275.5599975585937,276.0299987792969,271.239990234375,272.25,4141600
2019-11-21,249.8189392089844,276.54998779296875,277.67999267578125,273.9100036621094,275.2200012207031,3309900
2019-11-22,250.08084106445312,276.8399963378906,277.7699890136719,275.0,276.5299987792969,2802700
2019-11-25,255.3473663330078,282.6700134277344,283.0,277.010009765625,277.7799987792969,4082900
2019-11-26,254.2001342773437,281.3999938964844,282.25,280.1600036621094,280.7099914550781,2998600
2019-11-27,253.5407257080078,280.6700134277344,281.92999267578125,278.69000244140625,281.010009765625,2323900
2019-11-29,252.81797790527344,279.8699951171875,280.9200134277344,277.3299865722656,278.1000061035156,1520900
2019-12-02,252.6283264160156,279.6600036621094,282.0,278.57000732421875,281.7799987792969,2517100
2019-12-03,250.13510131835932,276.8999938964844,278.4200134277344,273.8500061035156,276.9700012207031,3239200
2019-12-04,252.32107543945312,279.32000732421875,281.8399963378906,278.6400146484375,281.6199951171875,2694200
2019-12-05,254.7421417236328,282.0,282.82000732421875,277.4800109863281,279.239990234375,3357300
2019-12-06,254.08018493652344,280.19000244140625,283.0400085449219,279.1099853515625,282.8399963378906,2828900
2019-12-09,251.67710876464844,277.5400085449219,280.8699951171875,277.4200134277344,280.7699890136719,2697100
2019-12-10,253.47254943847656,279.5199890136719,279.6000061035156,274.010009765625,277.6000061035156,2515300
2019-12-11,254.36117553710932,280.5,280.6600036621094,278.0299987792969,278.29998779296875,2751300
2019-12-12,257.1814880371094,283.6099853515625,283.989990234375,280.0400085449219,281.0299987792969,2996200
2019-12-13,258.877197265625,285.4800109863281,287.8099975585937,284.1199951171875,284.9700012207031,3599300
2019-12-16,264.8168334960937,292.0299987792969,295.44000244140625,287.0599975585937,287.9700012207031,4663600
2019-12-17,263.4022216796875,290.4700012207031,292.7799987792969,289.1700134277344,291.239990234375,4409100
2019-12-18,265.605712890625,292.8999938964844,294.8599853515625,290.989990234375,291.0,3621600
2019-12-19,267.1654968261719,294.6199951171875,297.20001220703125,293.6199951171875,295.0,2905900
2019-12-20,265.3246765136719,292.5899963378906,300.0,292.510009765625,298.8999938964844,6608300
2019-12-23,267.5917053222656,295.0899963378906,295.8500061035156,292.8099975585937,293.42999267578125,2098900
2019-12-24,267.09295654296875,294.5400085449219,295.8299865722656,293.5599975585937,295.260009765625,714000
2019-12-26,268.0994873046875,295.6499938964844,296.260009765625,294.5400085449219,295.29998779296875,1050600
2019-12-27,268.3896789550781,295.9700012207031,296.5400085449219,295.010009765625,296.010009765625,1547100
2019-12-30,266.4671936035156,293.8500061035156,296.5400085449219,293.45001220703125,296.04998779296875,1511700
2019-12-31,266.58514404296875,293.9800109863281,294.0899963378906,291.1499938964844,293.6600036621094,2224200
2020-01-02,265.2431030273437,292.5,295.70001220703125,289.7900085449219,293.9800109863281,2543400
2020-01-03,262.55877685546875,289.5400085449219,291.8800048828125,284.3599853515625,287.2699890136719,2711400
2020-01-06,264.3815002441406,291.54998779296875,291.6600036621094,287.2200012207031,288.0,3079100
2020-01-07,262.78564453125,289.7900085449219,291.489990234375,287.5799865722656,290.70001220703125,2492900
2020-01-08,268.32623291015625,295.8999938964844,297.3800048828125,290.0400085449219,291.5,3379200
2020-01-09,266.8027648925781,294.2200012207031,297.20001220703125,293.7200012207031,294.2900085449219,2838200
2020-01-10,267.6279602050781,295.1300048828125,296.07000732421875,292.2099914550781,296.07000732421875,2477900
2020-01-13,259.2127380371094,285.8500061035156,294.45001220703125,285.0199890136719,294.3699951171875,6994900
2020-01-14,261.3800048828125,288.239990234375,288.239990234375,284.25,285.6000061035156,6056300
2020-01-15,268.7886962890625,296.4100036621094,299.6400146484375,289.0,289.0199890136719,6081300
2020-01-16,272.71514892578125,300.739990234375,300.989990234375,295.92999267578125,298.0,3710300
2020-01-17,270.6566772460937,298.4700012207031,300.70001220703125,295.8800048828125,300.010009765625,4632200
2020-01-21,272.5248413085937,300.5299987792969,302.5400085449219,296.010009765625,296.8900146484375,4962800
2020-01-22,272.5791320800781,300.5899963378906,302.1300048828125,297.3500061035156,301.989990234375,3117600
2020-01-23,271.554443359375,299.4599914550781,300.5799865722656,296.6499938964844,300.010009765625,3169600
2020-01-24,265.5241394042969,292.8099975585937,299.92999267578125,291.5599975585937,298.3399963378906,3678500
2020-01-27,257.61669921875,284.0899963378906,288.0799865722656,280.07000732421875,288.0,4399400
2020-01-28,259.2308654785156,285.8699951171875,288.3699951171875,283.29998779296875,283.9100036621094,4341000
2020-01-29,256.53765869140625,282.8999938964844,286.19000244140625,280.8900146484375,284.0,3963800
2020-01-30,254.7965545654297,280.9800109863281,281.8399963378906,275.9200134277344,281.8399963378906,4211800
2020-01-31,247.06149291992188,272.45001220703125,278.7799987792969,271.17999267578125,278.1700134277344,5532600
2020-02-03,248.48513793945312,274.0199890136719,276.8500061035156,270.82000732421875,275.1300048828125,5646800
2020-02-04,254.6696319580078,280.8399963378906,283.5,276.8800048828125,277.2799987792969,4290200
2020-02-05,268.1719665527344,295.7300109863281,297.0,285.44000244140625,285.6000061035156,5761000
2020-02-06,265.206787109375,292.4599914550781,297.2699890136719,290.0,297.0,3044000
2020-02-07,262.26873779296875,289.2200012207031,293.3900146484375,288.9100036621094,292.8699951171875,3425900
2020-02-10,260.28271484375,287.0299987792969,289.2900085449219,285.45001220703125,286.2300109863281,3147400
2020-02-11,263.6924133300781,290.7900085449219,291.57000732421875,285.8999938964844,286.8500061035156,2992200
2020-02-12,275.1998291015625,303.4800109863281,305.0,294.010009765625,295.0,6701900
2020-02-13,274.03912353515625,302.20001220703125,305.8999938964844,300.1400146484375,300.1400146484375,3565500
2020-02-14,270.93780517578125,298.7799987792969,303.9700012207031,297.3099975585937,302.2099914550781,2485600
2020-02-18,273.9847106933594,302.1400146484375,303.3500061035156,299.0,299.6700134277344,3241700
2020-02-19,276.859375,305.3099975585937,306.7099914550781,302.7300109863281,303.3699951171875,3021100
2020-02-20,273.97564697265625,302.1300048828125,304.1600036621094,297.8900146484375,303.20001220703125,2885500
2020-02-21,273.3408508300781,301.42999267578125,302.510009765625,298.6099853515625,300.4700012207031,2987100
2020-02-24,251.90380859375,277.7900085449219,288.989990234375,277.6400146484375,286.8900146484375,8790600
2020-02-25,238.845703125,263.3900146484375,281.9800109863281,262.010009765625,280.1499938964844,8171200
2020-02-26,238.49203491210932,263.0,269.8299865722656,258.7099914550781,264.7200012207031,6806600
2020-02-27,230.25816345214844,253.9199981689453,262.1499938964844,252.07000732421875,258.4200134277344,7604300
2020-02-28,231.20127868652344,254.9600067138672,257.1000061035156,245.3000030517578,246.1999969482422,9961000
2020-03-02,247.659896850586,273.1099853515625,273.239990234375,250.32000732421875,257.3399963378906,8866300
2020-03-03,237.0411376953125,261.3999938964844,280.3500061035156,259.2300109863281,275.3500061035156,9188100
2020-03-04,262.45001220703125,289.4200134277344,295.8399963378906,282.2099914550781,290.0,14533000
2020-03-05,256.592041015625,282.9599914550781,289.4200134277344,279.94000244140625,281.6000061035156,5908400
2020-03-06,257.4172058105469,283.8699951171875,284.9700012207031,271.8999938964844,275.4200134277344,5361900
2020-03-09,247.95913696289065,273.44000244140625,281.44000244140625,259.239990234375,264.4599914550781,8070700
2020-03-10,253.90782165527344,280.0,283.8999938964844,272.5,279.7200012207031,7366000
2020-03-11,251.89480590820312,277.7799987792969,285.239990234375,273.260009765625,274.760009765625,7744600
2020-03-12,227.07525634765625,250.41000366210932,272.2300109863281,250.0,260.0,10496600
2020-03-13,247.7582550048828,272.0400085449219,273.2200012207031,242.2700042724609,260.989990234375,9308400
2020-03-16,204.95330810546875,225.0399932861328,245.67999267578125,223.9499969482422,243.9199981689453,10303500
2020-03-17,222.42135620117188,244.22000122070312,248.759994506836,228.2899932861328,230.82000732421875,9642200
2020-03-18,197.6856231689453,217.0599975585937,231.4499969482422,200.19000244140625,225.75,12917500
2020-03-19,200.1810302734375,219.8000030517578,226.1199951171875,208.94000244140625,216.97999572753903,8065200
2020-03-20,188.15011596679688,206.58999633789065,232.63999938964844,203.4600067138672,223.17999267578125,9364100
2020-03-23,177.46719360351562,194.8600006103516,205.75,187.72000122070312,202.0399932861328,10654500
2020-03-24,200.1810302734375,219.8000030517578,220.2700042724609,199.0,202.13999938964844,8894400
2020-03-25,213.5598602294922,234.4900054931641,247.509994506836,216.0,219.08999633789065,10014000
2020-03-26,232.5943145751953,255.38999938964844,257.9599914550781,232.3000030517578,234.02999877929688,7517600
2020-03-27,220.809326171875,242.4499969482422,251.6000061035156,238.2400054931641,242.94000244140625,4879500
2020-03-30,228.85118103027344,251.27999877929688,254.08999633789065,242.63999938964844,242.63999938964844,5329000
2020-03-31,227.1207733154297,249.3800048828125,254.52999877929688,243.0,243.47999572753903,5450000
2020-04-01,216.1372985839844,237.32000732421875,246.6100006103516,235.44000244140625,238.69000244140625,4548800
2020-04-02,218.9787750244141,240.44000244140625,242.0,226.02999877929688,235.3000030517578,4636800
2020-04-03,209.0061798095703,229.4900054931641,239.33999633789065,227.2700042724609,238.32000732421875,4650300
2020-04-06,226.1735992431641,248.33999633789065,249.2899932861328,235.1199951171875,240.0,6365900
2020-04-07,225.900390625,248.0399932861328,266.7099914550781,246.5399932861328,259.8099975585937,4984100
2020-04-08,243.92398071289065,267.8299865722656,269.1600036621094,246.259994506836,247.69000244140625,6390200
2020-04-09,240.55419921875,264.1300048828125,270.3999938964844,261.6000061035156,265.0,4923300
2020-04-13,239.9895477294922,263.510009765625,264.9599914550781,258.17999267578125,262.0599975585937,2964900
2020-04-14,246.35568237304688,270.5,273.07000732421875,267.0,269.0,4778900
2020-04-15,256.5377502441406,281.67999267578125,282.989990234375,270.67999267578125,276.3299865722656,7841800
2020-04-16,271.7926330566406,298.42999267578125,300.0,280.010009765625,283.44000244140625,7738900
2020-04-17,264.6251525878906,290.5599975585937,304.0,287.1000061035156,300.989990234375,5857500
2020-04-20,256.9566955566406,282.1400146484375,289.010009765625,281.2699890136719,285.29998779296875,4072600
2020-04-21,249.71636962890625,274.19000244140625,280.0,273.25,274.95001220703125,3977500
2020-04-22,252.293685913086,277.0199890136719,283.82000732421875,276.7099914550781,279.5799865722656,3663300
2020-04-23,259.8619689941406,285.3299865722656,288.4599914550781,278.5400085449219,279.0599975585937,4420500
2020-04-24,265.2900085449219,291.2900085449219,291.8999938964844,284.0,287.2900085449219,3265000
2020-04-27,267.7398986816406,293.9800109863281,296.8599853515625,290.6300048828125,293.2099914550781,3706200
2020-04-28,262.6214599609375,288.3599853515625,298.25,285.6199951171875,298.0,3862900
2020-04-29,261.97491455078125,287.6499938964844,292.75,286.1000061035156,292.0,4258400
2020-04-30,266.3647155761719,292.4700012207031,295.0,285.5199890136719,286.6499938964844,7631700
2020-05-01,259.1151428222656,284.510009765625,289.0,279.6000061035156,288.3900146484375,3526100
2020-05-04,261.87469482421875,287.5400085449219,287.94000244140625,282.1099853515625,284.489990234375,2894200
2020-05-05,266.8838806152344,293.0400085449219,296.0,287.2900085449219,289.9599914550781,2501300
2020-05-06,262.9949035644531,288.7699890136719,297.67999267578125,288.44000244140625,295.1000061035156,2579200
2020-05-07,259.5614929199219,285.0,292.2900085449219,284.5199890136719,291.0599975585937,3162300
2020-05-08,261.38287353515625,287.0,290.0,285.6600036621094,289.489990234375,3200000
2020-05-11,262.92205810546875,288.69000244140625,290.1000061035156,285.260009765625,285.5599975585937,3490700
2020-05-12,262.0204467773437,287.70001220703125,293.1499938964844,287.70001220703125,291.7699890136719,4214300
2020-05-13,253.18621826171875,278.0,286.3999938964844,275.5599975585937,284.489990234375,5474100
2020-05-14,264.67071533203125,290.6099853515625,292.45001220703125,275.6400146484375,275.92999267578125,5704600
2020-05-15,264.9894104003906,290.9599914550781,300.0,290.7200012207031,292.4100036621094,12182800
2020-05-18,267.1751708984375,293.3599853515625,299.7200012207031,292.0199890136719,298.4800109863281,4015100
2020-05-19,263.2499389648437,289.04998779296875,294.6300048828125,288.8800048828125,290.739990234375,3059400
2020-05-20,262.2845153808594,287.989990234375,292.8999938964844,286.70001220703125,292.8999938964844,3200600
2020-05-21,261.30096435546875,286.9100036621094,290.1300048828125,284.92999267578125,286.0400085449219,3604900
2020-05-22,264.0605163574219,289.94000244140625,290.239990234375,284.7900085449219,287.29998779296875,2922800
2020-05-26,268.5686950683594,294.8900146484375,297.0299987792969,292.5,296.5,4567800
2020-05-27,276.656005859375,303.7699890136719,303.79998779296875,290.79998779296875,297.4200134277344,5618900
2020-05-28,276.8382263183594,303.9700012207031,309.6600036621094,303.2900085449219,305.95001220703125,4387700
2020-05-29,277.6396179199219,304.8500061035156,308.3699951171875,300.8500061035156,304.7200012207031,6251500
2020-06-01,278.62322998046875,305.92999267578125,305.9800109863281,300.5599975585937,304.0199890136719,2894000
2020-06-02,278.9693298339844,306.3099975585937,308.1000061035156,301.7300109863281,305.5799865722656,2756800
2020-06-03,278.09503173828125,305.3500061035156,310.1199951171875,302.739990234375,307.8500061035156,4360000
2020-06-04,271.4739074707031,298.0799865722656,304.4700012207031,294.2900085449219,303.17999267578125,4374300
2020-06-05,284.01483154296875,311.8500061035156,314.2799987792969,300.5,304.0,5554300
2020-06-08,281.8563842773437,309.4800109863281,315.8399963378906,307.92999267578125,308.6400146484375,4635500
2020-06-09,281.6104431152344,309.2099914550781,312.6499938964844,307.3299865722656,309.8999938964844,3061500
2020-06-10,278.4593200683594,305.75,310.3099975585937,302.8599853515625,308.94000244140625,3296100
2020-06-11,258.4047546386719,283.7300109863281,303.3599853515625,280.79998779296875,303.3599853515625,6638900
2020-06-12,259.697998046875,285.1499938964844,294.1000061035156,278.70001220703125,290.6499938964844,5416800
2020-06-15,260.7272033691406,286.2799987792969,287.0,273.7099914550781,278.0199890136719,4494600
2020-06-16,266.8473205566406,293.0,297.57000732421875,287.44000244140625,295.44000244140625,4245400
2020-06-17,266.48309326171875,292.6000061035156,295.1000061035156,291.2300109863281,295.1000061035156,2538000
2020-06-18,265.46295166015625,291.4800109863281,291.7799987792969,286.6000061035156,290.42999267578125,2926600
2020-06-19,266.3868103027344,291.239990234375,296.5199890136719,290.9100036621094,294.42999267578125,5172800
2020-06-22,267.69482421875,292.6700134277344,293.0,286.260009765625,289.7900085449219,2174100
2020-06-23,272.2040710449219,297.6000061035156,299.2799987792969,291.07000732421875,294.010009765625,4023400
2020-06-24,264.50262451171875,289.17999267578125,297.1000061035156,285.57000732421875,293.989990234375,3399900
2020-06-25,270.94195556640625,296.2200012207031,296.7799987792969,286.0599975585937,288.2799987792969,3112500
2020-06-26,262.3988952636719,286.8800048828125,296.5799865722656,285.82000732421875,295.1400146484375,5043200
2020-06-29,265.0330810546875,289.760009765625,292.2799987792969,286.6199951171875,288.45001220703125,2356700
2020-06-30,269.7802429199219,294.95001220703125,296.45001220703125,287.6600036621094,288.57000732421875,2932900
2020-07-01,272.322998046875,297.7300109863281,300.3999938964844,295.239990234375,295.8299865722656,2303800
2020-07-02,272.80767822265625,298.260009765625,303.0799865722656,297.17999267578125,300.5,1971700
2020-07-06,276.96954345703125,302.8099975585937,303.489990234375,299.3299865722656,303.0,2395000
2020-07-07,271.335205078125,296.6499938964844,303.5599975585937,295.95001220703125,300.6600036621094,2075700
2020-07-08,272.8992614746094,298.3599853515625,300.8699951171875,295.67999267578125,297.3500061035156,1987400
2020-07-09,266.3135986328125,291.1600036621094,298.54998779296875,287.5,295.1000061035156,3061700
2020-07-10,266.3776550292969,291.2300109863281,294.239990234375,287.1000061035156,294.239990234375,2391600
2020-07-13,274.1340637207031,299.7099914550781,304.5199890136719,291.7699890136719,292.0899963378906,4263300
2020-07-14,282.1922607421875,308.5199890136719,309.739990234375,296.7099914550781,297.8099975585937,4234900
2020-07-15,278.1220397949219,304.07000732421875,310.69000244140625,298.6600036621094,301.1199951171875,5116900
2020-07-16,280.9391174316406,307.1499938964844,310.8500061035156,303.1600036621094,305.010009765625,3844500
2020-07-17,280.3720092773437,306.5299987792969,310.9700012207031,306.25,309.0899963378906,3016500
2020-07-20,277.5639953613281,303.4599914550781,308.6000061035156,302.3800048828125,306.7900085449219,2375500
2020-07-21,279.0731811523437,305.1099853515625,307.0,303.1099853515625,305.0299987792969,2340200
2020-07-22,280.53662109375,306.7099914550781,306.9100036621094,301.8099975585937,304.8599853515625,1935800
2020-07-23,277.1158752441406,302.9700012207031,308.5,301.2699890136719,308.20001220703125,2367700
2020-07-24,275.1217956542969,300.7900085449219,304.2799987792969,299.2300109863281,303.3299865722656,2415700
2020-07-27,273.1187744140625,298.6000061035156,302.1300048828125,297.3699951171875,298.42999267578125,2060500
2020-07-28,274.335205078125,299.92999267578125,301.3999938964844,297.2099914550781,297.8900146484375,2257400
2020-07-29,280.5091857910156,306.67999267578125,309.75,300.0,301.4599914550781,2672700
2020-07-30,279.1830139160156,305.2300109863281,306.4599914550781,298.8900146484375,301.67999267578125,2205300
2020-07-31,276.9420471191406,302.7799987792969,303.739990234375,298.04998779296875,303.44000244140625,3913500
2020-08-03,277.70123291015625,303.6099853515625,304.9100036621094,299.20001220703125,303.5899963378906,2628500
2020-08-04,278.51531982421875,304.5,308.8599853515625,300.07000732421875,301.9100036621094,3594900
2020-08-05,285.80517578125,312.4700012207031,312.9599914550781,305.0199890136719,306.8299865722656,2982200
2020-08-06,287.25946044921875,314.0599975585937,316.239990234375,310.3999938964844,312.0,3305300
2020-08-07,289.97613525390625,317.0299987792969,319.0,313.3399963378906,313.3399963378906,2600800
2020-08-10,291.8692626953125,319.1000061035156,320.4700012207031,315.5799865722656,317.0,2563600
2020-08-11,288.6222839355469,315.54998779296875,324.57000732421875,314.6600036621094,322.9200134277344,3018200
2020-08-12,294.7688903808594,322.2699890136719,323.2900085449219,317.6400146484375,318.0,2915800
2020-08-13,294.0827941894531,321.5199890136719,321.8699951171875,317.8399963378906,320.67999267578125,2159500
2020-08-14,296.0768127441406,323.70001220703125,323.92999267578125,318.7300109863281,320.5400085449219,1787200
2020-08-17,293.1590270996094,320.510009765625,323.79998779296875,319.3500061035156,321.45001220703125,2772500
2020-08-18,289.7747802734375,316.8099975585937,322.6700134277344,315.7099914550781,321.9800109863281,2520000
2020-08-19,288.4851379394531,315.3999938964844,319.489990234375,315.17999267578125,316.7699890136719,2066700
2020-08-20,286.5917053222656,313.3299865722656,315.2799987792969,312.010009765625,314.8299865722656,2245600
2020-08-21,287.33270263671875,314.1400146484375,315.2799987792969,310.0899963378906,311.2799987792969,2488500
2020-08-24,282.4849853515625,308.8399963378906,316.8999938964844,306.489990234375,316.8099975585937,2922200
2020-08-25,285.5765075683594,312.2200012207031,312.3599853515625,307.79998779296875,312.20001220703125,1879300
2020-08-26,282.466552734375,308.82000732421875,311.3599853515625,303.6099853515625,310.9800109863281,3178900
2020-08-27,285.07354736328125,311.6700134277344,314.7699890136719,305.489990234375,310.4100036621094,2321000
2020-08-28,287.5429992675781,314.3699951171875,315.82000732421875,308.9700012207031,312.3399963378906,2883500
2020-08-31,285.8783264160156,312.54998779296875,319.5599975585937,312.5400085449219,314.8900146484375,4341600
2020-09-01,286.1343994140625,312.8299865722656,314.7200012207031,310.0,310.1600036621094,2487100
2020-09-02,292.912109375,320.239990234375,321.2799987792969,312.5599975585937,312.5599975585937,2846500
2020-09-03,289.24432373046875,316.2300109863281,323.82000732421875,313.7300109863281,322.0,3872500
2020-09-04,285.3753356933594,312.0,317.8299865722656,306.6300048828125,316.4800109863281,2901000
2020-09-08,281.03057861328125,307.25,311.4599914550781,303.8299865722656,311.0299987792969,2594500
2020-09-09,285.39361572265625,312.0199890136719,315.32000732421875,308.4200134277344,309.67999267578125,2195600
2020-09-10,278.60675048828125,304.6000061035156,314.44000244140625,303.7200012207031,312.7300109863281,2421200
2020-09-11,276.8892517089844,301.4800109863281,306.4599914550781,297.2900085449219,305.07000732421875,3085900
2020-09-14,283.4010009765625,308.57000732421875,311.1199951171875,303.010009765625,303.010009765625,1795500
2020-09-15,282.17022705078125,307.2300109863281,311.4599914550781,306.04998779296875,310.04998779296875,1468300
2020-09-16,281.5181579589844,306.5199890136719,312.25,306.20001220703125,309.07000732421875,3438200
2020-09-17,280.1037292480469,304.9800109863281,307.3800048828125,302.1099853515625,304.5,2394100
2020-09-18,282.89581298828125,308.0199890136719,310.3900146484375,303.7699890136719,305.010009765625,3795400
2020-09-21,274.7860412597656,299.19000244140625,300.5299987792969,291.6600036621094,300.4700012207031,4124700
2020-09-22,270.2581787109375,294.260009765625,300.6199951171875,292.9200134277344,298.44000244140625,3163600
2020-09-23,268.3111267089844,292.1400146484375,296.1000061035156,291.8299865722656,295.0,3709900
2020-09-24,268.7886657714844,292.6600036621094,294.92999267578125,289.6400146484375,292.19000244140625,2869100
2020-09-25,277.8259582519531,302.5,303.2699890136719,291.2200012207031,291.25,2455800
2020-09-28,278.4965209960937,303.2300109863281,310.010009765625,302.8299865722656,306.3900146484375,2575700
2020-09-29,279.34149169921875,304.1499938964844,305.5,300.67999267578125,303.6700134277344,1797800
2020-09-30,286.3398742675781,311.7699890136719,314.5199890136719,303.989990234375,304.0199890136719,3497300
2020-10-01,287.533935546875,313.07000732421875,315.1700134277344,309.1499938964844,312.9100036621094,2731200
2020-10-02,286.5328063964844,311.9800109863281,317.3900146484375,308.3599853515625,312.1000061035156,2338000
2020-10-05,292.1995544433594,318.1499938964844,318.4200134277344,313.1199951171875,315.07000732421875,1638600
2020-10-06,288.8013610839844,314.45001220703125,320.29998779296875,313.489990234375,318.95001220703125,2434400
2020-10-07,296.8100891113281,323.1700134277344,324.739990234375,315.82000732421875,315.82000732421875,2596600
2020-10-08,296.1120910644531,322.4100036621094,325.3500061035156,320.989990234375,323.42999267578125,2056700
2020-10-09,301.0990905761719,327.8399963378906,328.1700134277344,323.9200134277344,324.6600036621094,2028900
2020-10-12,303.0553894042969,329.9700012207031,333.5599975585937,329.010009765625,329.1199951171875,2424200
2020-10-13,304.38720703125,331.4200134277344,333.70001220703125,327.7099914550781,328.5,2713500
2020-10-14,295.5977783203125,321.8500061035156,330.57000732421875,320.20001220703125,322.07000732421875,4455400
2020-10-15,298.0959167480469,324.57000732421875,326.9700012207031,316.3299865722656,318.8500061035156,3172200
2020-10-16,302.9911193847656,329.8999938964844,332.3500061035156,324.7300109863281,325.4599914550781,3293300
2020-10-19,297.7744140625,324.2200012207031,330.7799987792969,322.0599975585937,328.5400085449219,2482100
2020-10-20,297.0305480957031,323.4100036621094,328.6199951171875,323.2799987792969,326.6199951171875,1988600
2020-10-21,296.4610900878906,322.7900085449219,326.489990234375,322.17999267578125,323.4100036621094,2139000
2020-10-22,299.16131591796875,325.7300109863281,328.0599975585937,322.25,322.32000732421875,2100600
2020-10-23,303.6340637207031,330.6000061035156,335.6499938964844,328.1300048828125,329.1600036621094,2349500
2020-10-26,296.70904541015625,323.0599975585937,327.75,318.5400085449219,326.32000732421875,2408500
2020-10-27,294.3670654296875,320.510009765625,323.5,319.42999267578125,323.0599975585937,2427700
2020-10-28,282.8773803710937,308.0,317.8099975585937,307.44000244140625,313.3299865722656,3301400
2020-10-29,278.9098815917969,303.67999267578125,309.4800109863281,301.4599914550781,306.5899963378906,3279200
2020-10-30,280.2508239746094,305.1400146484375,307.1700134277344,299.6000061035156,303.2300109863281,3556800
2020-11-02,286.6430053710937,312.1000061035156,312.6400146484375,307.3599853515625,312.6400146484375,4519000
2020-11-03,295.1385192871094,321.3500061035156,326.44000244140625,315.0199890136719,317.4700012207031,4043900
2020-11-04,325.6396484375,354.5599975585937,360.4400024414063,341.1400146484375,345.2300109863281,10344900
2020-11-05,325.4927673339844,354.3999938964844,360.9800109863281,349.67999267578125,358.07000732421875,4786500
2020-11-06,319.11883544921875,347.4599914550781,352.0,344.57000732421875,350.3599853515625,2994900
2020-11-09,321.45166015625,350.0,367.9500122070313,348.9800109863281,366.30999755859375,4635300
2020-11-10,324.8406677246094,353.69000244140625,355.8999938964844,348.1700134277344,349.489990234375,3733200
2020-11-11,323.0129089355469,351.70001220703125,356.8099975585937,349.4100036621094,356.1600036621094,2048200
2020-11-12,325.5019226074219,354.4100036621094,360.5199890136719,349.75,351.3999938964844,2907300
2020-11-13,326.6591796875,355.6700134277344,357.94000244140625,352.7900085449219,356.8599853515625,2442100
2020-11-16,327.7152709960937,356.82000732421875,359.5799865722656,351.010009765625,358.95001220703125,2790100
2020-11-17,323.3803405761719,352.1000061035156,353.3599853515625,347.5,352.3900146484375,2557600
2020-11-18,316.4094543457031,344.510009765625,354.04998779296875,343.0899963378906,353.42999267578125,2722500
2020-11-19,309.5119323730469,337.0,343.07000732421875,334.3299865722656,342.2900085449219,3935600
2020-11-20,307.39971923828125,334.70001220703125,337.6600036621094,331.7099914550781,335.0,3702000
2020-11-23,307.73028564453125,335.0599975585937,336.260009765625,331.5899963378906,335.54998779296875,2535700
2020-11-24,308.6027526855469,336.010009765625,340.0,334.42999267578125,336.17999267578125,3759700
2020-11-25,306.01275634765625,333.19000244140625,338.82000732421875,329.1400146484375,338.82000732421875,3145100
2020-11-27,310.3753356933594,337.94000244140625,338.8999938964844,331.8399963378906,333.5299987792969,1558600
2020-11-30,308.9058837890625,336.3399963378906,337.94000244140625,330.2900085449219,335.1099853515625,5265700
2020-12-01,313.3601989746094,341.19000244140625,354.1000061035156,339.92999267578125,344.7699890136719,3817700
2020-12-02,319.21063232421875,347.5599975585937,351.8299865722656,341.5,341.7699890136719,2864300
2020-12-03,320.2392272949219,348.67999267578125,352.7699890136719,346.489990234375,347.8999938964844,4169200
2020-12-04,322.5067749023437,349.8900146484375,351.4700012207031,345.75,346.0,3255100
2020-12-07,320.6356201171875,347.8599853515625,349.8900146484375,345.2200012207031,348.7200012207031,2999400
2020-12-08,320.6356201171875,347.8599853515625,349.8999938964844,344.0799865722656,344.75,2471200
2020-12-09,317.4557189941406,344.4100036621094,349.4100036621094,341.6099853515625,348.8900146484375,2600400
2020-12-10,313.0681457519531,339.6499938964844,345.4599914550781,339.260009765625,345.1600036621094,2896900
2020-12-11,310.6900939941406,337.07000732421875,338.8800048828125,334.3299865722656,338.1300048828125,3071700
2020-12-14,309.8236389160156,336.1300048828125,343.2300109863281,335.8599853515625,340.0299987792969,2479000
2020-12-15,313.0866394042969,339.6700134277344,341.010009765625,337.0400085449219,339.1400146484375,2616500
2020-12-16,312.78240966796875,339.3399963378906,341.6600036621094,334.260009765625,336.8299865722656,2365600
2020-12-17,314.93017578125,341.6700134277344,342.6000061035156,337.3099975585937,339.8099975585937,2525700
2020-12-18,311.8975830078125,338.3800048828125,342.6099853515625,334.0,342.5199890136719,8742700
2020-12-21,309.7776184082031,336.0799865722656,336.95001220703125,329.3999938964844,332.07000732421875,2892700
2020-12-22,308.7913513183594,335.010009765625,336.9800109863281,333.4700012207031,335.1600036621094,2069700
2020-12-23,311.1693420410156,337.5899963378906,341.6499938964844,336.0299987792969,336.489990234375,2348100
2020-12-24,314.1189880371094,340.7900085449219,341.4100036621094,336.44000244140625,336.44000244140625,1360600
2020-12-28,318.87506103515625,345.95001220703125,347.7900085449219,343.0599975585937,343.2099914550781,2308200
2020-12-29,320.1656188964844,347.3500061035156,351.2900085449219,345.0,347.989990234375,2275700
2020-12-30,317.9902648925781,344.989990234375,349.010009765625,344.4700012207031,347.0799865722656,1866000
2020-12-31,323.2349548339844,350.67999267578125,351.0899963378906,344.04998779296875,345.0400085449219,1969000
