date,adjclose,close,high,low,open,volume
2015-01-02,57.53341674804688,92.83000183105467,93.0500030517578,91.80999755859376,92.25,10220400
2015-01-05,55.95919418334961,90.29000091552734,92.4000015258789,89.5,92.0999984741211,18502400
2015-01-06,55.661712646484375,89.80999755859375,91.41000366210938,89.0199966430664,90.23999786376952,16670700
2015-01-07,56.22570037841797,90.72000122070312,91.4800033569336,90.0,90.6500015258789,13590700
2015-01-08,57.16156768798828,92.2300033569336,92.2699966430664,91.0,91.25,15487500
2015-01-09,57.08098220825195,92.0999984741211,92.77999877929688,91.37000274658205,92.3000030517578,14488400
2015-01-12,55.9840202331543,90.33000183105467,91.33999633789062,89.81999969482422,91.23999786376952,15176300
2015-01-13,55.77947235107422,90.0,91.43000030517578,89.11000061035156,90.87999725341795,17469000
2015-01-14,55.61832427978516,89.73999786376953,89.88999938964844,87.26000213623047,88.94999694824219,23272100
2015-01-15,55.13490676879883,88.95999908447266,90.66000366210938,88.51000213623047,90.43000030517578,18759600
2015-01-16,56.4736213684082,91.12000274658205,91.19000244140624,88.9800033569336,88.9800033569336,17713100
2015-01-20,56.45501327514648,91.08999633789062,91.77999877929688,90.37999725341795,91.13999938964844,16761000
2015-01-21,56.938438415527344,91.87000274658205,91.98999786376952,91.01000213623048,91.73999786376952,14276400
2015-01-22,57.558204650878906,92.87000274658205,92.97000122070312,91.31999969482422,92.30999755859376,13559000
2015-01-23,56.33106994628906,90.88999938964844,92.4800033569336,90.79000091552734,92.27999877929688,14706300
2015-01-26,56.87027359008789,91.76000213623048,91.94000244140624,90.47000122070312,90.61000061035156,10672500
2015-01-27,56.36825180053711,90.9499969482422,91.5999984741211,90.5999984741211,91.23999786376952,12301500
2015-01-28,54.50893783569336,87.94999694824219,90.93000030517578,87.81999969482422,90.87999725341795,17829700
2015-01-29,54.27961349487305,87.58000183105469,88.26000213623047,86.02999877929688,88.22000122070312,22683000
2015-01-30,54.180458068847656,87.41999816894531,88.41999816894531,86.25,87.16000366210938,22679900
2015-02-02,55.51915740966797,89.58000183105469,89.58999633789062,87.5,87.8499984741211,20306300
2015-02-03,57.1739616394043,92.25,92.33000183105467,90.80999755859376,90.9000015258789,21900900
2015-02-04,56.68434143066406,91.45999908447266,92.2699966430664,90.51000213623048,91.63999938964844,19632200
2015-02-05,57.24214553833008,92.36000061035156,92.54000091552734,91.6999969482422,92.38999938964844,12809000
2015-02-06,57.135990142822266,91.5,92.27999877929688,90.95999908447266,92.0999984741211,12331200
2015-02-09,57.1734504699707,91.55999755859376,92.29000091552734,91.23999786376952,91.4000015258789,11360700
2015-02-10,56.82999801635742,91.01000213623048,91.73999786376952,90.3000030517578,91.73999786376952,12952900
2015-02-11,56.573997497558594,90.5999984741211,90.83000183105467,89.79000091552734,90.0199966430664,12240600
2015-02-12,57.67924499511719,92.37000274658205,92.66000366210938,91.0199966430664,91.45999908447266,14843000
2015-02-13,58.30368041992188,93.37000274658205,93.4499969482422,92.27999877929688,92.6999969482422,12061000
2015-02-17,58.10387802124024,93.0500030517578,93.06999969482422,92.29000091552734,92.75,11758700
2015-02-18,56.82999801635742,91.01000213623048,91.98999786376952,90.38999938964844,91.98999786376952,19177900
2015-02-19,55.84961700439453,89.44000244140625,90.41999816894533,88.58000183105469,89.63999938964844,19350600
2015-02-20,56.14937210083008,89.91999816894531,89.94000244140625,88.8499984741211,89.4000015258789,15959900
2015-02-23,55.58113479614258,89.01000213623047,89.55000305175781,88.73999786376953,89.26000213623047,12771800
2015-02-24,55.837158203125,89.41999816894531,89.77999877929688,89.12999725341797,89.33000183105469,9990700
2015-02-25,55.94954681396485,89.5999984741211,89.69999694824219,89.08000183105469,89.56999969482422,9925700
2015-02-26,55.3563232421875,88.6500015258789,89.18000030517578,88.08000183105469,89.12999725341797,13984000
2015-02-27,55.28765487670898,88.54000091552734,89.27999877929688,88.33999633789062,88.88999938964844,13090600
2015-03-02,54.97541427612305,88.04000091552734,88.5199966430664,87.3499984741211,88.33999633789062,13793700
2015-03-03,54.71315383911133,87.62000274658203,88.0199966430664,87.12999725341797,87.93000030517578,13493800
2015-03-04,54.43840408325195,87.18000030517578,87.95999908447266,86.93000030517578,87.95999908447266,13467600
2015-03-05,54.16365432739258,86.73999786376953,87.19000244140625,86.5199966430664,87.06999969482422,12527600
2015-03-06,53.47052764892578,85.62999725341797,86.5999984741211,85.31999969482422,86.41000366210938,16070500
2015-03-09,53.17705535888672,85.16000366210938,86.37999725341797,85.12000274658203,86.12000274658203,14503800
2015-03-10,52.61505126953125,84.26000213623047,85.52999877929688,84.23999786376953,84.81999969482422,17195500
2015-03-11,52.46519088745117,84.0199966430664,84.93000030517578,84.0,84.93000030517578,13004700
2015-03-12,52.5900993347168,84.22000122070312,84.72000122070312,84.05999755859375,84.43000030517578,10792900
2015-03-13,52.37153244018555,83.87000274658203,84.18000030517578,82.68000030517578,83.9000015258789,16799900
2015-03-16,52.92726516723633,84.76000213623047,84.86000061035156,83.2699966430664,83.70999908447266,13516200
2015-03-17,52.50265502929688,84.08000183105469,84.8499984741211,84.0199966430664,84.54000091552734,12979700
2015-03-18,53.74528884887695,86.06999969482422,86.37000274658203,83.43000030517578,83.54000091552734,18745700
2015-03-19,52.70873260498047,84.41000366210938,85.5,84.33000183105469,85.19000244140625,12738500
2015-03-20,52.78989791870117,84.54000091552734,85.4000015258789,84.38999938964844,84.66999816894531,36083500
2015-03-23,53.34565353393555,85.43000030517578,85.77999877929688,85.01000213623047,85.0199966430664,17450700
2015-03-24,52.77739334106445,84.5199966430664,85.77999877929688,84.5,85.30000305175781,10174300
2015-03-25,52.98970413208008,84.86000061035156,85.56999969482422,84.7699966430664,85.05000305175781,11934700
2015-03-26,52.65251922607422,84.31999969482422,85.56999969482422,84.08999633789062,85.30000305175781,14400700
2015-03-27,52.19043731689453,83.58000183105469,84.05000305175781,83.33000183105469,84.04000091552734,11579300
2015-03-30,53.47052764892578,85.62999725341797,85.81999969482422,84.25,84.2699966430664,15653200
2015-03-31,53.07714080810547,85.0,85.33999633789062,84.45999908447266,84.8499984741211,13354000
2015-04-01,52.73994445800781,84.45999908447266,86.0,84.26000213623047,85.69999694824219,14522300
2015-04-02,52.64003372192383,84.30000305175781,84.94000244140625,83.8499984741211,84.08999633789062,11297400
2015-04-06,53.15831756591797,85.12999725341797,85.63999938964844,84.19999694824219,85.1500015258789,10916400
2015-04-07,53.54546356201172,85.75,86.16999816894531,84.76000213623047,85.01000213623047,11836100
2015-04-08,52.49016952514648,84.05999755859375,85.9000015258789,84.0199966430664,85.80000305175781,16257100
2015-04-09,52.858585357666016,84.6500015258789,84.7300033569336,83.80999755859375,84.0,13281800
2015-04-10,53.42683029174805,85.55999755859375,86.04000091552734,84.7699966430664,85.37000274658203,13372400
2015-04-13,53.2894401550293,85.33999633789062,86.25,85.23999786376953,85.91999816894531,9880500
2015-04-14,54.09496307373047,86.62999725341797,87.4800033569336,85.52999877929688,85.5999984741211,15693800
2015-04-15,55.00040817260742,88.08000183105469,88.52999877929688,87.13999938964844,87.13999938964844,15332800
2015-04-16,54.78185272216797,87.7300033569336,88.16000366210938,87.11000061035156,87.87999725341797,9570800
2015-04-17,54.28231048583984,86.93000030517578,87.36000061035156,86.16000366210938,87.13999938964844,14430100
2015-04-20,54.475868225097656,87.23999786376953,88.0999984741211,87.08000183105469,87.12999725341797,11593600
2015-04-21,54.25108337402344,86.87999725341797,87.62000274658203,86.69000244140625,87.37999725341797,10100500
2015-04-22,54.61326217651367,87.45999908447266,87.80000305175781,86.33999633789062,87.04000091552734,8663600
2015-04-23,54.6631965637207,87.54000091552734,88.37999725341797,87.30999755859375,87.36000061035156,9866100
2015-04-24,54.30727005004883,86.97000122070312,87.36000061035156,86.66000366210938,87.19000244140625,8405700
2015-04-27,54.33226013183594,87.01000213623047,87.5999984741211,86.76000213623047,87.41000366210938,10534600
2015-04-28,54.825565338134766,87.80000305175781,87.86000061035156,87.04000091552734,87.22000122070312,9633800
2015-04-29,54.86927795410156,87.87000274658203,88.06999969482422,86.95999908447266,87.5,12534100
2015-04-30,54.55706024169922,87.37000274658203,88.66999816894531,87.22000122070312,88.66999816894531,13947700
2015-05-01,55.48123550415039,88.8499984741211,88.94999694824219,87.69999694824219,87.8499984741211,12257100
2015-05-04,55.64357376098633,89.11000061035156,89.87999725341797,88.94999694824219,89.41999816894531,10343700
2015-05-05,55.331356048583984,88.61000061035156,90.08999633789062,88.5199966430664,89.97000122070312,11895000
2015-05-06,55.06908416748047,88.19000244140625,89.95999908447266,87.79000091552734,89.6500015258789,11273500
2015-05-07,54.7006721496582,87.5999984741211,88.0999984741211,86.91999816894531,88.0,9992500
2015-05-08,55.568641662597656,88.98999786376953,89.06999969482422,87.81999969482422,88.47000122070312,11390300
2015-05-11,54.6368293762207,86.77999877929688,88.56999969482422,86.6500015258789,88.52999877929688,11997800
2015-05-12,54.78792572021485,87.0199966430664,87.45999908447266,86.41999816894531,86.88999938964844,9788900
2015-05-13,54.49832534790039,86.55999755859375,87.7300033569336,86.4000015258789,87.27999877929688,8629400
2015-05-14,54.75645065307617,86.97000122070312,87.33999633789062,86.75,86.93000030517578,8791300
2015-05-15,54.99570083618164,87.3499984741211,87.62000274658203,86.5999984741211,86.80000305175781,8422200
2015-05-18,54.680885314941406,86.8499984741211,87.45999908447266,86.77999877929688,87.30999755859375,6395400
2015-05-19,54.76904296875,86.98999786376953,87.20999908447266,86.20999908447266,86.47000122070312,9777100
2015-05-20,54.85718536376953,87.12999725341797,87.4000015258789,86.91000366210938,87.38999938964844,7276600
2015-05-21,54.90756607055664,87.20999908447266,87.44000244140625,86.95999908447266,87.27999877929688,8357400
2015-05-22,54.4731330871582,86.5199966430664,87.0999984741211,86.5,86.98999786376953,7598400
2015-05-26,53.736515045166016,85.3499984741211,86.37000274658203,85.02999877929688,86.04000091552734,11289000
2015-05-27,53.58539962768555,85.11000061035156,85.88999938964844,84.7699966430664,85.30000305175781,10778300
2015-05-28,53.58539962768555,85.11000061035156,85.56999969482422,84.81999969482422,85.11000061035156,8038900
2015-05-29,53.642066955566406,85.19999694824219,85.58000183105469,84.87999725341797,85.0999984741211,14631300
2015-06-01,53.59798049926758,85.12999725341797,85.47000122070312,84.80000305175781,85.25,9077500
2015-06-02,53.60428237915039,85.13999938964844,85.58999633789062,84.91000366210938,85.12000274658203,9328300
2015-06-03,53.484657287597656,84.94999694824219,85.83999633789062,84.86000061035156,85.2300033569336,8179500
2015-06-04,53.02507781982422,84.22000122070312,84.88999938964844,83.77999877929688,84.69999694824219,12607300
2015-06-05,53.06282806396485,84.27999877929688,85.0,83.9800033569336,84.12999725341797,11388500
2015-06-08,53.42169189453125,84.8499984741211,85.20999908447266,83.93000030517578,84.18000030517578,12244700
2015-06-09,53.25171661376953,84.58000183105469,85.43000030517578,84.48999786376953,85.29000091552734,8105500
2015-06-10,53.64834976196289,85.20999908447266,85.97000122070312,85.0,85.83999633789062,10147000
2015-06-11,53.57280349731445,85.08999633789062,85.69999694824219,84.88999938964844,85.30000305175781,7759300
2015-06-12,52.89913558959961,84.0199966430664,84.68000030517578,83.86000061035156,84.58000183105469,8347300
2015-06-15,52.71025466918945,83.72000122070312,83.9800033569336,83.19000244140625,83.52999877929688,9563900
2015-06-16,53.31465911865234,84.68000030517578,84.75,83.4000015258789,83.80999755859375,9100100
2015-06-17,53.34614181518555,84.7300033569336,85.12999725341797,84.41000366210938,85.02999877929688,9090200
2015-06-18,53.818355560302734,85.4800033569336,85.95999908447266,84.72000122070312,84.80000305175781,10247800
2015-06-19,53.64834976196289,85.20999908447266,85.4800033569336,84.91999816894531,84.91999816894531,16129600
2015-06-22,53.623165130615234,85.16999816894531,85.5999984741211,84.97000122070312,85.38999938964844,9465100
2015-06-23,53.560203552246094,85.06999969482422,85.27999877929688,84.58999633789062,85.22000122070312,10223900
2015-06-24,53.31465911865234,84.68000030517578,85.33999633789062,84.66000366210938,84.88999938964844,11800100
2015-06-25,52.84246444702149,83.93000030517578,84.8499984741211,83.93000030517578,84.8499984741211,10259400
2015-06-26,52.79838943481445,83.86000061035156,84.0999984741211,83.48999786376953,83.83000183105469,19023300
2015-06-29,52.14360809326172,82.81999969482422,83.44999694824219,82.80000305175781,83.05000305175781,11739200
2015-06-30,52.382850646972656,83.19999694824219,84.9000015258789,82.80000305175781,83.73999786376953,14981100
2015-07-01,51.86028671264648,82.37000274658203,83.52999877929688,82.11000061035156,83.27999877929688,13529100
2015-07-02,52.3450813293457,83.13999938964844,83.27999877929688,82.55000305175781,82.79000091552734,9188000
2015-07-06,51.96100997924805,82.52999877929688,83.05999755859375,82.12000274658203,82.41999816894531,11694400
2015-07-07,52.175079345703125,82.87000274658203,83.2300033569336,81.48999786376953,82.19000244140625,15641500
2015-07-08,51.60844421386719,81.97000122070312,82.9800033569336,81.91000366210938,82.25,10057000
2015-07-09,51.37549591064453,81.5999984741211,83.1500015258789,81.58000183105469,82.87000274658203,11980500
2015-07-10,51.765846252441406,82.22000122070312,82.48999786376953,81.72000122070312,82.08999633789062,8628700
2015-07-13,51.89175033569336,82.41999816894531,82.61000061035156,82.06999969482422,82.11000061035156,8026700
2015-07-14,52.3261833190918,83.11000061035156,83.31999969482422,82.26000213623047,82.37999725341797,9310200
2015-07-15,52.1058235168457,82.76000213623047,83.41999816894531,82.4000015258789,82.61000061035156,9289200
2015-07-16,52.20025253295898,82.91000366210938,83.4800033569336,82.80000305175781,83.18000030517578,8267600
2015-07-17,52.01139450073242,82.61000061035156,82.83999633789062,81.79000091552734,82.51000213623047,12156000
2015-07-20,51.47624588012695,81.76000213623047,82.41000366210938,81.5999984741211,82.1500015258789,12957100
2015-07-21,51.41326522827149,81.66000366210938,82.43000030517578,81.43000030517578,81.93000030517578,8677100
2015-07-22,51.4951057434082,81.79000091552734,82.47000122070312,81.58000183105469,82.3499984741211,13181500
2015-07-23,51.08586883544922,81.13999938964844,81.97000122070312,80.97000122070312,81.7300033569336,10496100
2015-07-24,50.33037185668945,79.94000244140625,81.16000366210938,79.72000122070312,81.16000366210938,14888500
2015-07-27,49.90222930908203,79.26000213623047,80.12999725341797,78.97000122070312,79.2300033569336,14996100
2015-07-28,51.929569244384766,82.4800033569336,82.66999816894531,79.56999969482422,79.69999694824219,19777300
2015-07-29,52.3450813293457,83.13999938964844,83.19999694824219,81.91000366210938,82.18000030517578,13913800
2015-07-30,52.26322555541992,83.01000213623047,83.31999969482422,82.41999816894531,83.18000030517578,11139900
2015-07-31,49.87073516845703,79.20999908447266,81.66999816894531,78.93000030517578,81.66999816894531,26232700
2015-08-03,49.14669799804688,78.05999755859375,78.93000030517578,77.62999725341797,78.69999694824219,15767700
2015-08-04,48.58635711669922,77.16999816894531,78.61000061035156,76.93000030517578,77.87999725341797,18874400
2015-08-05,48.58635711669922,77.16999816894531,78.2300033569336,76.9000015258789,77.87000274658203,16544400
2015-08-06,49.16558456420898,78.08999633789062,78.26000213623047,76.91000366210938,76.94000244140625,13005200
2015-08-07,48.372291564941406,76.83000183105469,77.97000122070312,76.62000274658203,77.55000305175781,12187600
2015-08-10,49.58112716674805,78.75,78.75,77.08999633789062,77.08999633789062,14876000
2015-08-11,49.24430084228516,77.48999786376953,78.06999969482422,76.33000183105469,77.01000213623047,14486400
2015-08-12,50.070457458496094,78.79000091552734,78.87000274658203,76.95999908447266,77.44000244140625,16492400
2015-08-13,49.98149108886719,78.6500015258789,79.29000091552734,78.2699966430664,78.31999969482422,13154100
2015-08-14,49.79720306396485,78.36000061035156,79.27999877929688,78.25,78.63999938964844,9129300
2015-08-17,50.057743072509766,78.7699966430664,79.18000030517578,77.44999694824219,77.93000030517578,9365400
2015-08-18,49.50486755371094,77.9000015258789,78.66999816894531,77.58000183105469,78.52999877929688,9815300
2015-08-19,48.44358825683594,76.2300033569336,77.58000183105469,75.93000030517578,77.51000213623047,17010100
2015-08-20,47.388668060302734,74.56999969482422,76.18000030517578,74.56999969482422,76.0,17811200
2015-08-21,45.83807373046875,72.12999725341797,74.88999938964844,72.06999969482422,74.0999984741211,25488800
2015-08-24,43.67105102539063,68.72000122070312,71.37999725341797,66.55000305175781,67.98999786376953,35531200
2015-08-25,43.66470336914063,68.70999908447266,71.44000244140625,68.19999694824219,71.30999755859375,30409700
2015-08-26,46.07320785522461,72.5,72.75,69.1500015258789,70.62999725341797,34436000
2015-08-27,47.56661605834961,74.8499984741211,74.88999938964844,73.01000213623047,73.80000305175781,24571000
2015-08-28,47.7064323425293,75.06999969482422,75.9800033569336,74.41000366210938,74.70999908447266,18997300
2015-08-31,47.814453125,75.23999786376953,75.55000305175781,73.30000305175781,74.27999877929688,19570100
2015-09-01,45.80631637573242,72.08000183105469,73.3499984741211,71.51000213623047,73.30000305175781,24092900
2015-09-02,46.5371208190918,73.2300033569336,73.23999786376953,72.0,73.05999755859375,16936900
2015-09-03,46.89298629760742,73.79000091552734,74.91000366210938,73.33999633789062,73.63999938964844,13451900
2015-09-04,46.04779052734375,72.45999908447266,73.13999938964844,72.25,72.93000030517578,14902500
2015-09-08,46.70870590209961,73.5,73.72000122070312,72.97000122070312,73.72000122070312,13626900
2015-09-09,45.75545120239258,72.0,74.68000030517578,71.8499984741211,74.37000274658203,17246200
2015-09-10,46.0859260559082,72.5199966430664,72.9800033569336,71.80000305175781,72.80999755859375,12353900
2015-09-11,46.1939582824707,72.69000244140625,72.72000122070312,72.01000213623047,72.4000015258789,12172300
2015-09-14,46.06684494018555,72.48999786376953,72.58000183105469,71.76000213623047,72.30999755859375,10738500
2015-09-15,46.30198287963867,72.86000061035156,73.30999755859375,72.41000366210938,72.44000244140625,11979800
2015-09-16,47.217098236083984,74.30000305175781,74.69999694824219,73.37000274658203,73.51000213623047,15214200
2015-09-17,47.31877136230469,74.45999908447266,75.47000122070312,73.8499984741211,74.41000366210938,15603000
2015-09-18,46.18758392333984,72.68000030517578,73.55999755859375,72.12000274658203,73.26000213623047,23180200
2015-09-21,46.638790130615234,73.38999938964844,73.61000061035156,72.7300033569336,73.0999984741211,10853000
2015-09-22,46.225730895996094,72.73999786376953,73.5199966430664,72.0199966430664,72.3499984741211,14245200
2015-09-23,45.94611358642578,72.30000305175781,73.19999694824219,72.29000091552734,72.87000274658203,13784800
2015-09-24,46.219383239746094,72.7300033569336,73.1500015258789,71.72000122070312,72.0,14584200
2015-09-25,46.5371208190918,73.2300033569336,73.52999877929688,72.76000213623047,73.29000091552734,15175300
2015-09-28,46.136756896972656,72.5999984741211,73.45999908447266,72.4000015258789,72.62000274658203,14571900
2015-09-29,46.371883392333984,72.97000122070312,73.19000244140625,72.13999938964844,72.6500015258789,13754400
2015-09-30,47.24886322021485,74.3499984741211,74.3499984741211,73.33000183105469,73.4000015258789,18176500
2015-10-01,47.064579010009766,74.05999755859375,75.58000183105469,73.30000305175781,75.19999694824219,14397800
2015-10-02,48.22115707397461,75.87999725341797,75.9000015258789,73.02999877929688,73.38999938964844,18811300
2015-10-05,48.81217575073242,76.80999755859375,77.1500015258789,75.79000091552734,76.6500015258789,18486700
2015-10-06,49.49850845336914,77.88999938964844,78.55999755859375,76.26000213623047,76.95999908447266,18757900
2015-10-07,50.33102035522461,79.19999694824219,79.29000091552734,77.52999877929688,78.97000122070312,18666300
2015-10-08,50.85847091674805,80.02999877929688,80.11000061035156,78.54000091552734,79.30999755859375,14344700
2015-10-09,50.369140625,79.26000213623047,80.16999816894531,78.62000274658203,80.05000305175781,17384700
2015-10-12,50.3945541381836,79.30000305175781,79.58999633789062,78.72000122070312,79.58999633789062,9931800
2015-10-13,50.30557632446289,79.16000366210938,79.55000305175781,78.48999786376953,78.72000122070312,12326600
2015-10-14,50.94109725952149,80.16000366210938,80.4800033569336,78.77999877929688,78.97000122070312,14486000
2015-10-15,51.77993392944336,81.4800033569336,81.52999877929688,79.9000015258789,80.19000244140625,13640900
2015-10-16,52.41543960571289,82.4800033569336,82.5,81.44999694824219,82.26000213623047,14304400
2015-10-19,51.46855163574219,80.98999786376953,82.16999816894531,80.76000213623047,82.01000213623047,14155800
2015-10-20,51.36685180664063,80.83000183105469,81.05999755859375,80.19999694824219,80.55000305175781,12340100
2015-10-21,50.97285461425781,80.20999908447266,81.1500015258789,80.11000061035156,80.86000061035156,10274900
2015-10-22,52.67597579956055,82.88999938964844,82.95999908447266,80.66000366210938,80.68000030517578,14823500
2015-10-23,52.733158111572266,82.9800033569336,83.0,81.88999938964844,82.41000366210938,13215700
2015-10-26,51.614707946777344,81.22000122070312,82.7300033569336,81.16999816894531,82.5199966430664,12576400
2015-10-27,51.53208160400391,81.08999633789062,81.16000366210938,79.7300033569336,80.56999969482422,13579400
2015-10-28,52.28831481933594,82.27999877929688,82.58000183105469,80.93000030517578,81.30999755859375,12473000
2015-10-29,52.25653839111328,82.2300033569336,83.22000122070312,81.79000091552734,81.79000091552734,10341200
2015-10-30,52.58064651489258,82.73999786376953,83.87999725341797,81.26000213623047,82.47000122070312,18758600
2015-11-02,54.19481658935547,85.27999877929688,85.93000030517578,82.08999633789062,82.30000305175781,21266500
2015-11-03,55.192527770996094,86.8499984741211,87.44000244140625,85.58000183105469,85.66000366210938,20115900
2015-11-04,54.63964080810547,85.9800033569336,87.08000183105469,85.69999694824219,86.7699966430664,14245400
2015-11-05,53.896114349365234,84.80999755859375,86.2300033569336,84.5,85.55000305175781,12291100
2015-11-06,53.68006134033203,84.47000122070312,84.47000122070312,83.22000122070312,83.93000030517578,12491700
2015-11-09,52.5325927734375,81.94999694824219,83.5999984741211,81.80000305175781,83.55999755859375,13551200
2015-11-10,52.789024353027344,82.3499984741211,82.61000061035156,81.86000061035156,81.93000030517578,14238000
2015-11-11,52.32106399536133,81.62000274658203,82.55999755859375,81.4000015258789,82.41999816894531,9598000
2015-11-12,50.90438461303711,79.41000366210938,81.27999877929688,79.31999969482422,80.56999969482422,16050600
2015-11-13,50.06463241577149,78.0999984741211,79.58000183105469,77.94000244140625,79.27999877929688,17527300
2015-11-16,51.85951614379883,80.9000015258789,80.98999786376953,77.91000366210938,77.94000244140625,14548100
2015-11-17,51.256954193115234,79.95999908447266,80.87999725341797,79.62999725341797,80.70999908447266,10011700
2015-11-18,51.756954193115234,80.73999786376953,80.9000015258789,79.58999633789062,79.88999938964844,10884600
2015-11-19,51.47489929199219,80.30000305175781,80.77999877929688,80.04000091552734,80.51000213623047,9453300
2015-11-20,51.1479721069336,79.79000091552734,80.94000244140625,79.6500015258789,80.56999969482422,10144400
2015-11-23,51.46207427978516,80.27999877929688,80.70999908447266,79.05999755859375,79.5999984741211,11868400
2015-11-24,52.48771286010742,81.87999725341797,82.3499984741211,80.19999694824219,80.3499984741211,15055500
2015-11-25,52.083892822265625,81.25,82.16999816894531,81.0999984741211,81.30000305175781,8980400
2015-11-27,52.07106018066406,81.2300033569336,81.26000213623047,80.45999908447266,80.58000183105469,4156600
2015-11-30,52.346717834472656,81.66000366210938,82.6500015258789,81.25,81.41999816894531,17729200
2015-12-01,52.494140625,81.88999938964844,82.12999725341797,81.2699966430664,81.76000213623047,13917000
2015-12-02,50.994140625,79.55000305175781,81.63999938964844,79.41999816894531,81.30999755859375,16300000
2015-12-03,50.26335906982422,78.41000366210938,79.8499984741211,78.0199966430664,79.72000122070312,14870300
2015-12-04,50.55182266235352,78.86000061035156,78.9800033569336,77.02999877929688,77.3499984741211,20156400
2015-12-07,49.23128509521485,76.80000305175781,77.5,75.75,77.33000183105469,17676100
2015-12-08,47.84025192260742,74.62999725341797,76.3499984741211,73.79000091552734,75.2699966430664,24217600
2015-12-09,48.48128128051758,75.62999725341797,77.19000244140625,74.7300033569336,74.83999633789062,22036300
2015-12-10,48.51974105834961,75.69000244140625,77.5,75.5199966430664,75.80000305175781,20142400
2015-12-11,47.65434265136719,74.33999633789062,75.54000091552734,74.33999633789062,74.81999969482422,20473100
2015-12-14,48.73769760131836,76.02999877929688,76.22000122070312,74.08999633789062,74.30000305175781,21976500
2015-12-15,50.91720962524414,79.43000030517578,79.5999984741211,77.33000183105469,77.43000030517578,24366800
2015-12-16,50.73771667480469,79.1500015258789,79.61000061035156,78.0,79.04000091552734,17233900
2015-12-17,49.97488021850586,77.95999908447266,79.2300033569336,77.94999694824219,79.0199966430664,17362900
2015-12-18,49.53899002075195,77.27999877929688,78.77999877929688,77.05999755859375,77.56999969482422,28836000
2015-12-21,49.52616500854492,77.26000213623047,78.0999984741211,76.6500015258789,77.79000091552734,14460500
2015-12-22,49.77617645263672,77.6500015258789,77.9000015258789,77.20999908447266,77.69999694824219,13855800
2015-12-23,51.404388427734375,80.19000244140625,80.22000122070312,78.31999969482422,78.68000030517578,15184200
2015-12-24,50.85309219360352,79.33000183105469,80.2699966430664,79.12000274658203,80.2699966430664,5848300
2015-12-28,50.47490692138672,78.73999786376953,78.86000061035156,77.91000366210938,78.12000274658203,9715800
2015-12-29,50.744117736816406,79.16000366210938,80.08000183105469,78.83999633789062,79.98999786376953,8839000
2015-12-30,50.071048736572266,78.11000061035156,78.98999786376953,77.97000122070312,78.31999969482422,9314600
2015-12-31,49.96847152709961,77.94999694824219,78.44000244140625,77.43000030517578,77.51000213623047,10285500
2016-01-04,49.65436553955078,77.45999908447266,77.94000244140625,76.45999908447266,77.5,20400100
2016-01-05,50.07744598388672,78.12000274658203,78.13999938964844,76.91999816894531,77.19000244140625,11993500
2016-01-06,49.66079711914063,77.47000122070312,77.63999938964844,76.58999633789062,76.63999938964844,18826900
2016-01-07,48.86589431762695,76.2300033569336,77.98999786376953,75.9000015258789,76.05999755859375,21263800
2016-01-08,47.87870788574219,74.69000244140625,76.6500015258789,74.5,76.3499984741211,19033600
2016-01-11,47.23767852783203,73.69000244140625,75.12000274658203,72.55999755859375,75.01000213623047,21353000
2016-01-12,48.20563888549805,75.19999694824219,75.41999816894531,73.1500015258789,74.12000274658203,21864100
2016-01-13,48.494102478027344,75.6500015258789,77.05999755859375,74.94000244140625,75.8499984741211,26052700
2016-01-14,50.718482971191406,79.12000274658203,79.91999816894531,75.80000305175781,76.20999908447266,33806700
2016-01-15,49.73128509521485,77.58000183105469,78.16999816894531,76.30000305175781,76.33000183105469,28342100
2016-01-19,48.97488021850586,76.4000015258789,78.23999786376953,75.19000244140625,77.93000030517578,22684500
2016-01-20,46.9107666015625,73.18000030517578,75.72000122070312,71.55000305175781,75.06999969482422,33300800
2016-01-21,47.50048828125,74.0999984741211,74.98999786376953,72.61000061035156,73.16000366210938,22265600
2016-01-22,49.0838508605957,76.56999969482422,76.7699966430664,74.72000122070312,76.41999816894531,22530300
2016-01-25,47.423587799072266,73.9800033569336,76.33999633789062,73.9000015258789,75.75,17086600
2016-01-26,49.16719055175781,76.69999694824219,76.7699966430664,74.25,74.7699966430664,18724700
2016-01-27,48.26334381103516,75.29000091552734,77.47000122070312,74.72000122070312,76.0,18106100
2016-01-28,49.35308837890625,76.98999786376953,77.66000366210938,75.62000274658203,77.3499984741211,16157700
2016-01-29,49.90436553955078,77.8499984741211,77.8499984741211,76.25,76.7300033569336,25161900
2016-02-01,48.90436553955078,76.29000091552734,76.79000091552734,75.44000244140625,76.66000366210938,16754200
2016-02-02,47.81461715698242,74.58999633789062,75.62000274658203,73.55000305175781,74.19000244140625,21404200
2016-02-03,50.308223724365234,78.4800033569336,78.52999877929688,74.26000213623047,75.52999877929688,25873700
2016-02-04,51.17361831665039,79.83000183105469,80.0,77.55999755859375,78.58000183105469,23658700
2016-02-05,51.33388519287109,80.08000183105469,80.0999984741211,78.56999969482422,79.4000015258789,26719900
2016-02-08,52.02619934082031,81.16000366210938,81.77999877929688,78.91000366210938,79.30000305175781,26601200
2016-02-09,51.799800872802734,80.08000183105469,80.66999816894531,78.69000244140625,79.9800033569336,18418100
2016-02-10,51.32757568359375,79.3499984741211,81.44999694824219,79.27999877929688,79.7699966430664,16610900
2016-02-11,51.48931121826172,79.5999984741211,80.1500015258789,77.58000183105469,78.33999633789062,19331600
2016-02-12,52.41429901123047,81.02999877929688,81.06999969482422,79.80999755859375,80.08000183105469,16767200
2016-02-16,52.537200927734375,81.22000122070312,81.8499984741211,80.27999877929688,81.69999694824219,15912200
2016-02-17,53.041751861572266,82.0,82.77999877929688,81.16000366210938,81.6500015258789,17006700
2016-02-18,53.33282470703125,82.44999694824219,83.05999755859375,81.86000061035156,82.9000015258789,14873700
2016-02-19,53.36517333984375,82.5,82.55000305175781,80.91000366210938,82.19000244140625,13615900
2016-02-22,53.29401397705078,82.38999938964844,83.44000244140625,82.19999694824219,82.5,14595200
2016-02-23,52.54367446899414,81.2300033569336,82.37000274658203,80.87999725341797,81.98999786376953,11041600
2016-02-24,52.73126220703125,81.5199966430664,81.7699966430664,79.66999816894531,79.91000366210938,13777500
2016-02-25,53.04823303222656,82.01000213623047,82.06999969482422,80.0199966430664,81.55999755859375,13706400
2016-02-26,52.88003158569336,81.75,83.08000183105469,81.69000244140625,82.88999938964844,14343300
2016-02-29,51.84507369995117,80.1500015258789,82.4000015258789,80.05000305175781,81.87999725341797,18903600
2016-03-01,52.576019287109375,81.27999877929688,81.7699966430664,80.31999969482422,80.55999755859375,15730600
2016-03-02,53.49452972412109,82.69999694824219,82.72000122070312,80.30999755859375,80.94999694824219,14094400
2016-03-03,53.300479888916016,82.4000015258789,82.72000122070312,81.54000091552734,82.66000366210938,13216200
2016-03-04,53.22934341430664,82.29000091552734,82.97000122070312,81.76000213623047,82.66000366210938,18402700
2016-03-07,54.63301467895508,84.45999908447266,84.45999908447266,82.20999908447266,82.30999755859375,18945600
2016-03-08,53.449256896972656,82.62999725341797,84.20999908447266,82.4800033569336,84.0,14003900
2016-03-09,53.300479888916016,82.4000015258789,83.8499984741211,82.23999786376953,83.22000122070312,14139300
2016-03-10,53.15817260742188,82.18000030517578,82.66000366210938,80.93000030517578,82.41999816894531,15898300
2016-03-11,53.16465759277344,82.19000244140625,83.52999877929688,82.01000213623047,83.22000122070312,15370200
2016-03-14,53.30694580078125,82.41000366210938,82.63999938964844,81.0199966430664,81.4800033569336,13344600
2016-03-15,53.57216644287109,82.81999969482422,82.8499984741211,81.5199966430664,81.5999984741211,9213000
2016-03-16,53.6045150756836,82.87000274658203,83.16000366210938,81.94000244140625,83.0199966430664,11492100
2016-03-17,54.40011978149414,84.0999984741211,84.68000030517578,82.72000122070312,83.68000030517578,13673900
2016-03-18,54.4648323059082,84.19999694824219,84.5999984741211,83.25,84.58999633789062,19637000
2016-03-21,54.08964538574219,83.62000274658203,84.13999938964844,83.5,83.83999633789062,8385400
2016-03-22,54.41306686401367,84.12000274658203,84.86000061035156,83.01000213623047,83.08000183105469,13005100
2016-03-23,54.17372512817383,83.75,84.30000305175781,83.5199966430664,83.86000061035156,12748900
2016-03-24,54.322509765625,83.9800033569336,84.02999877929688,82.93000030517578,82.94000244140625,9368300
2016-03-28,54.4777717590332,84.22000122070312,84.36000061035156,83.69999694824219,84.02999877929688,7490400
2016-03-29,54.67828750610352,84.52999877929688,84.61000061035156,83.16000366210938,83.66999816894531,9977900
2016-03-30,54.67179489135742,84.5199966430664,85.05000305175781,84.0,85.02999877929688,10807000
2016-03-31,54.07023620605469,83.58999633789062,85.0999984741211,83.58999633789062,84.06999969482422,13896900
2016-04-01,53.6627197265625,82.95999908447266,83.38999938964844,82.38999938964844,82.4000015258789,12235300
2016-04-04,53.79209518432617,83.16000366210938,83.9000015258789,82.77999877929688,83.05999755859375,8050200
2016-04-05,53.177581787109375,82.20999908447266,83.12999725341797,81.98999786376953,82.61000061035156,10446800
2016-04-06,53.88912582397461,83.30999755859375,83.45999908447266,82.30000305175781,82.69000244140625,9320200
2016-04-07,53.28108978271485,82.37000274658203,83.16999816894531,82.05000305175781,82.76000213623047,8267100
2016-04-08,53.824440002441406,83.20999908447266,83.44999694824219,82.8499984741211,83.30000305175781,9376200
2016-04-11,53.89561462402344,83.31999969482422,84.23999786376953,83.27999877929688,83.33000183105469,9925000
2016-04-12,54.56184768676758,84.3499984741211,84.62999725341797,83.37000274658203,83.69000244140625,9986100
2016-04-13,54.87234115600586,84.83000183105469,84.91000366210938,84.04000091552734,84.5,9235700
2016-04-14,55.26044845581055,85.43000030517578,85.9000015258789,84.76000213623047,85.0,10625800
2016-04-15,54.962886810302734,84.97000122070312,85.66000366210938,84.77999877929688,85.30000305175781,11280200
2016-04-18,55.48685073852539,85.77999877929688,85.86000061035156,83.86000061035156,84.97000122070312,9097000
2016-04-19,55.76498794555664,86.20999908447266,86.30999755859375,85.22000122070312,85.8499984741211,10354500
2016-04-20,56.14665222167969,86.80000305175781,87.44000244140625,85.97000122070312,86.2300033569336,15247100
2016-04-21,56.14017105102539,86.79000091552734,87.83999633789062,86.56999969482422,86.58999633789062,12075300
2016-04-22,56.61882781982422,87.52999877929688,87.63999938964844,86.81999969482422,87.23999786376953,9150800
2016-04-25,56.48946762084961,87.33000183105469,87.4000015258789,86.3499984741211,87.08999633789062,8076400
2016-04-26,56.68352508544922,87.62999725341797,87.94000244140625,87.05999755859375,87.75,9425900
2016-04-27,57.220401763916016,88.45999908447266,88.72000122070312,87.33000183105469,87.94999694824219,10463500
2016-04-28,56.9422607421875,88.02999877929688,88.77999877929688,87.5,87.86000061035156,11276200
2016-04-29,57.18158721923828,88.4000015258789,89.77999877929688,87.73999786376953,88.68000030517578,17885900
2016-05-02,57.65380096435547,89.12999725341797,89.4800033569336,88.08000183105469,88.23999786376953,10273700
2016-05-03,56.99400329589844,88.11000061035156,88.62999725341797,87.36000061035156,88.4000015258789,10137400
2016-05-04,56.88402938842773,87.94000244140625,88.73999786376953,87.5999984741211,88.30000305175781,10601100
2016-05-05,56.94872283935547,88.04000091552734,88.97000122070312,87.62000274658203,88.76000213623047,8721100
2016-05-06,57.25275421142578,88.51000213623047,88.68000030517578,87.45999908447266,87.45999908447266,7968400
2016-05-09,57.29155349731445,88.56999969482422,88.76000213623047,87.2300033569336,88.5999984741211,11159500
2016-05-10,58.2100944519043,89.98999786376953,90.0,88.81999969482422,88.9000015258789,12509100
2016-05-11,57.92959213256836,88.80999755859375,89.68000030517578,88.72000122070312,89.16000366210938,11660200
2016-05-12,58.49057388305664,89.66999816894531,89.93000030517578,89.1500015258789,89.80000305175781,10720500
2016-05-13,57.831764221191406,88.66000366210938,89.66000366210938,88.51000213623047,89.27999877929688,9721100
2016-05-16,58.42534255981445,89.56999969482422,89.66999816894531,89.0,89.19999694824219,8638700
2016-05-17,58.39925003051758,89.52999877929688,89.91000366210938,89.16000366210938,89.2699966430664,9835600
2016-05-18,58.28182220458984,89.3499984741211,90.0,88.6500015258789,89.80000305175781,9680300
2016-05-19,58.77756881713867,90.11000061035156,90.16000366210938,88.44999694824219,88.61000061035156,14397900
2016-05-20,58.53620529174805,89.73999786376953,90.4000015258789,89.37999725341797,90.38999938964844,13191900
2016-05-23,58.44490051269531,89.5999984741211,89.9000015258789,88.81999969482422,89.0,11766100
2016-05-24,58.49057388305664,89.66999816894531,90.4000015258789,89.55000305175781,89.88999938964844,10056600
2016-05-25,58.87542724609375,90.26000213623048,90.37000274658205,89.58999633789062,89.8499984741211,9578400
2016-05-26,58.57536697387695,89.80000305175781,90.45999908447266,89.2699966430664,90.25,7867900
2016-05-27,58.71235656738281,90.01000213623047,90.05000305175781,89.31999969482422,89.4000015258789,7505900
2016-05-31,58.06658554077149,89.0199966430664,90.1999969482422,88.7300033569336,90.0,13178800
2016-06-01,58.210079193115234,89.23999786376953,89.44999694824219,88.12999725341797,88.43000030517578,7994800
2016-06-02,57.746952056884766,88.52999877929688,88.52999877929688,87.61000061035156,88.20999908447266,9837500
2016-06-03,57.64258193969727,88.37000274658203,88.83000183105469,88.02999877929688,88.44000244140625,9367100
2016-06-06,58.27530670166016,89.33999633789062,89.5,88.69000244140625,88.87000274658203,8573000
2016-06-07,59.168941497802734,90.70999908447266,90.91999816894533,89.70999908447266,89.75,12889100
2016-06-08,59.22114181518555,90.79000091552734,91.3000030517578,90.52999877929688,91.02999877929688,9983000
2016-06-09,59.142852783203125,90.66999816894533,91.02999877929688,90.11000061035156,90.18000030517578,8974300
2016-06-10,58.69278717041016,89.9800033569336,90.91999816894533,89.77999877929688,90.4000015258789,10353800
2016-06-13,59.09065628051758,90.58999633789062,91.43000030517578,89.69999694824219,89.91999816894531,11370000
2016-06-14,58.986305236816406,90.43000030517578,90.87000274658205,89.8499984741211,90.4499969482422,10161000
2016-06-15,58.8101921081543,90.16000366210938,90.9000015258789,90.0,90.2300033569336,10655800
2016-06-16,59.501609802246094,91.22000122070312,91.38999938964844,89.11000061035156,89.69999694824219,12824800
2016-06-17,59.17546081542969,90.72000122070312,91.58999633789062,90.19000244140624,91.48999786376952,17483200
2016-06-20,59.43636703491211,91.12000274658205,91.58999633789062,91.06999969482422,91.29000091552734,9388500
2016-06-21,59.70383071899414,91.52999877929688,91.63999938964844,90.25,90.72000122070312,8557500
2016-06-22,59.46899032592773,91.16999816894533,91.93000030517578,91.01000213623048,91.83999633789062,8785400
2016-06-23,59.87993621826172,91.8000030517578,92.06999969482422,91.19000244140624,91.93000030517578,9464500
2016-06-24,58.30794143676758,89.38999938964844,90.8000030517578,89.1500015258789,89.87999725341797,20010500
2016-06-27,57.96220397949219,88.86000061035156,89.0999984741211,88.11000061035156,88.9000015258789,14169400
2016-06-28,59.29938507080078,90.91000366210938,90.93000030517578,89.5199966430664,89.7300033569336,13254300
2016-06-29,60.31044769287109,92.45999908447266,92.6999969482422,91.12000274658205,91.41000366210938,13920600
2016-06-30,61.1453742980957,93.73999786376952,93.83000183105467,92.3000030517578,92.33000183105467,14073700
2016-07-01,61.21061325073242,93.83999633789062,93.9800033569336,93.06999969482422,93.36000061035156,9946300
2016-07-05,60.67572784423828,93.0199966430664,93.5999984741211,92.25,93.12000274658205,10744100
2016-07-06,61.373661041259766,94.08999633789062,94.12000274658205,92.44000244140624,93.3499984741211,13144400
2016-07-07,60.6365852355957,92.95999908447266,94.48999786376952,92.3499984741211,94.33999633789062,12240700
2016-07-08,61.01493453979492,93.54000091552734,93.77999877929688,92.91999816894533,93.38999938964844,9807600
2016-07-11,61.24322128295898,93.88999938964844,94.41000366210938,93.6500015258789,93.75,8335700
2016-07-12,61.93463134765625,94.9499969482422,94.9499969482422,94.08999633789062,94.66999816894533,9870800
2016-07-13,61.88898468017578,94.87999725341795,94.91999816894533,94.11000061035156,94.6500015258789,9458200
2016-07-14,61.93463134765625,94.9499969482422,95.52999877929688,94.62000274658205,95.0500030517578,9293500
2016-07-15,62.0455322265625,95.12000274658205,95.5500030517578,94.63999938964844,95.44000244140624,10334500
2016-07-18,61.8498420715332,94.81999969482422,95.1500015258789,94.4000015258789,94.91999816894533,9865900
2016-07-19,61.62156295776367,94.47000122070312,94.94000244140624,94.1999969482422,94.76000213623048,5901800
2016-07-20,61.269309997558594,93.93000030517578,94.41999816894533,93.8000030517578,94.25,7383800
2016-07-21,61.21712875366211,93.8499984741211,94.26000213623048,93.45999908447266,93.88999938964844,6854600
2016-07-22,61.32148361206055,94.01000213623048,94.29000091552734,93.72000122070312,94.11000061035156,7139700
2016-07-25,60.14086151123047,92.1999969482422,93.62000274658205,91.76000213623048,93.47000122070312,10845900
2016-07-26,59.70383071899414,91.52999877929688,92.02999877929688,91.11000061035156,91.62999725341795,12143500
2016-07-27,59.29938507080078,90.91000366210938,91.80999755859376,90.62999725341795,91.51000213623048,10037900
2016-07-28,58.83626937866211,90.1999969482422,90.7300033569336,89.61000061035156,90.54000091552734,12439200
2016-07-29,58.02090835571289,88.94999694824219,89.01000213623047,86.12000274658203,87.61000061035156,23928100
2016-08-01,56.00537109375,85.86000061035156,88.1500015258789,85.58999633789062,88.08000183105469,22908400
2016-08-02,56.77505111694336,87.04000091552734,87.31999969482422,85.58000183105469,86.44999694824219,18919200
2016-08-03,57.06858825683594,87.48999786376953,87.48999786376953,86.5999984741211,87.01000213623047,14632900
2016-08-04,57.06207275390625,87.4800033569336,87.6500015258789,87.02999877929688,87.5,13451400
2016-08-05,57.114253997802734,87.55999755859375,87.83000183105469,87.1500015258789,87.7300033569336,9617300
2016-08-08,57.78608322143555,88.58999633789062,88.88999938964844,88.02999877929688,88.05000305175781,10492700
2016-08-09,57.85784912109375,88.69999694824219,88.76000213623047,88.18000030517578,88.62000274658203,9654600
2016-08-10,56.84475326538086,86.41000366210938,87.91999816894531,86.01000213623047,87.77999877929688,12714800
2016-08-11,57.04869842529297,86.72000122070312,87.2699966430664,86.26000213623047,86.69000244140625,11616000
2016-08-12,57.79206085205078,87.8499984741211,87.9800033569336,86.9000015258789,86.95999908447266,9986900
2016-08-15,57.7657585144043,87.80999755859375,88.5,87.63999938964844,88.41999816894531,6432600
2016-08-16,57.8381233215332,87.91999816894531,88.18000030517578,87.37000274658203,87.83000183105469,6817900
2016-08-17,57.96311569213867,88.11000061035156,88.18000030517578,87.66000366210938,87.91999816894531,7104600
2016-08-18,58.48938751220703,88.91000366210938,88.94000244140625,88.12000274658203,88.37999725341797,10342700
2016-08-19,57.75917434692383,87.80000305175781,88.73999786376953,87.79000091552734,88.62999725341797,8615300
2016-08-22,57.8841552734375,87.98999786376953,88.0999984741211,86.8499984741211,87.30999755859375,8235400
2016-08-23,57.70655059814453,87.72000122070312,88.0199966430664,87.55999755859375,87.83999633789062,6514800
2016-08-24,57.90390396118164,88.0199966430664,88.16000366210938,87.3499984741211,87.5,7985400
2016-08-25,57.53550720214844,87.45999908447266,88.02999877929688,87.23999786376953,88.0199966430664,6935300
2016-08-26,57.41050720214844,87.2699966430664,88.11000061035156,87.0,87.62999725341797,6474400
2016-08-29,57.78548431396485,87.83999633789062,87.91999816894531,87.04000091552734,87.04000091552734,7027200
2016-08-30,57.57498550415039,87.5199966430664,88.25,87.37000274658203,87.87000274658203,6441100
2016-08-31,57.32499313354492,87.13999938964844,87.20999908447266,86.22000122070312,87.13999938964844,12491400
2016-09-01,57.12763214111328,86.83999633789062,86.83999633789062,86.08999633789062,86.72000122070312,8434700
2016-09-02,57.509185791015625,87.41999816894531,87.58000183105469,86.93000030517578,87.41999816894531,7099600
2016-09-06,58.265716552734375,88.56999969482422,88.63999938964844,87.66000366210938,87.83999633789062,9851200
2016-09-07,58.048641204833984,88.23999786376953,88.66999816894531,87.97000122070312,88.6500015258789,7470400
2016-09-08,58.58148956298828,89.05000305175781,89.37000274658203,88.04000091552734,88.55000305175781,9579500
2016-09-09,57.12763214111328,86.83999633789062,88.66000366210938,86.80000305175781,88.66000366210938,12820200
2016-09-12,57.42365646362305,87.29000091552734,87.70999908447266,86.62999725341797,86.77999877929688,10889000
2016-09-13,56.05534362792969,85.20999908447266,86.47000122070312,85.08000183105469,86.45999908447266,13214300
2016-09-14,55.65406799316406,84.5999984741211,85.83000183105469,84.2699966430664,85.04000091552734,13957000
2016-09-15,55.96982192993164,85.08000183105469,85.6500015258789,84.5199966430664,84.66999816894531,9062600
2016-09-16,55.279083251953125,84.02999877929688,85.05000305175781,83.55999755859375,84.51000213623047,21538400
2016-09-19,55.14751434326172,83.83000183105469,84.62000274658203,83.80999755859375,84.58000183105469,7929100
2016-09-20,54.29890441894531,82.54000091552734,83.94999694824219,82.54000091552734,83.7300033569336,17522000
2016-09-21,54.79886245727539,83.30000305175781,83.62000274658203,82.30999755859375,82.81999969482422,15055900
2016-09-22,54.956729888916016,83.54000091552734,84.55000305175781,83.37999725341797,84.27999877929688,10738500
2016-09-23,54.89753341674805,83.44999694824219,84.30999755859375,82.58999633789062,82.68000030517578,12667100
2016-09-26,54.64095687866211,83.05999755859375,84.5,82.93000030517578,83.5199966430664,10860300
2016-09-27,54.759376525878906,83.23999786376953,83.33999633789062,82.29000091552734,82.58999633789062,9595000
2016-09-28,57.1671142578125,86.9000015258789,87.2300033569336,83.33999633789062,83.45999908447266,28117900
2016-09-29,56.87765502929688,86.45999908447266,87.19999694824219,85.68000030517578,86.97000122070312,19082900
2016-09-30,57.41707611083984,87.27999877929688,87.80999755859375,86.6500015258789,86.83999633789062,15961500
2016-10-03,57.26579284667969,87.05000305175781,87.19999694824219,86.54000091552734,86.94000244140625,7111200
2016-10-04,56.73950958251953,86.25,87.5,86.06999969482422,87.37999725341797,8222000
2016-10-05,57.23289489746094,87.0,87.16999816894531,86.69999694824219,86.83000183105469,8796200
2016-10-06,57.25921249389648,87.04000091552734,87.47000122070312,86.44000244140625,87.25,7718300
2016-10-07,57.061859130859375,86.73999786376953,87.4000015258789,86.41999816894531,86.94999694824219,6614900
2016-10-10,58.180213928222656,88.44000244140625,88.66999816894531,87.51000213623047,87.54000091552734,10060000
2016-10-11,57.71969604492188,87.73999786376953,88.19000244140625,87.30000305175781,88.08000183105469,9309000
2016-10-12,57.31841659545898,87.12999725341797,87.72000122070312,86.66999816894531,87.22000122070312,8172600
2016-10-13,56.94343948364258,86.55999755859375,86.87000274658203,85.43000030517578,86.3499984741211,9890300
2016-10-14,56.93029022216797,86.54000091552734,87.54000091552734,86.4800033569336,87.19000244140625,7991700
2016-10-17,56.93029022216797,86.54000091552734,86.79000091552734,86.06999969482422,86.4800033569336,7263100
2016-10-18,57.08160400390625,86.7699966430664,87.33000183105469,86.37999725341797,87.16999816894531,5429300
2016-10-19,57.34471893310547,87.16999816894531,87.8499984741211,86.87999725341797,87.19000244140625,9373400
2016-10-20,57.37104415893555,87.20999908447266,87.5,86.5999984741211,86.79000091552734,6866900
2016-10-21,56.98292922973633,86.62000274658203,86.81999969482422,85.69999694824219,86.41999816894531,10736200
2016-10-24,57.17369079589844,86.91000366210938,87.31999969482422,86.06999969482422,86.73999786376953,8354900
2016-10-25,57.04869842529297,86.72000122070312,87.6500015258789,86.5999984741211,86.66999816894531,6835900
2016-10-26,57.29209899902344,87.08999633789062,87.44999694824219,85.94999694824219,86.25,8488100
2016-10-27,57.18026351928711,86.91999816894531,87.66000366210938,86.80000305175781,87.27999877929688,9071100
2016-10-28,55.7724609375,84.77999877929688,86.36000061035156,84.13999938964844,85.27999877929688,19072200
2016-10-31,54.81201171875,83.31999969482422,84.4000015258789,82.98999786376953,83.87999725341797,16663800
2016-11-01,55.02910232543945,83.6500015258789,83.91999816894531,83.2699966430664,83.5,13050600
2016-11-02,54.89753341674805,83.44999694824219,83.87999725341797,82.94000244140625,83.30000305175781,11226100
2016-11-03,55.03567886352539,83.66000366210938,83.87999725341797,83.05000305175781,83.68000030517578,8836500
2016-11-04,54.97646713256836,83.56999969482422,84.33000183105469,82.76000213623047,83.62999725341797,13877100
2016-11-07,56.213226318359375,85.44999694824219,85.47000122070312,84.4000015258789,84.48999786376953,13576200
2016-11-08,56.61806869506836,85.30999755859375,85.83000183105469,84.48999786376953,84.7300033569336,9735200
2016-11-09,57.24192428588867,86.25,86.70999908447266,83.66000366210938,84.05000305175781,15901300
2016-11-10,57.77286911010742,87.05000305175781,87.98999786376953,85.66000366210938,85.91000366210938,14106100
2016-11-11,56.85699462890625,85.66999816894531,86.7300033569336,84.88999938964844,86.52999877929688,13812200
2016-11-14,56.5981559753418,85.27999877929688,85.6500015258789,84.33000183105469,85.30000305175781,12607500
2016-11-15,57.62020492553711,86.81999969482422,87.05999755859375,85.7699966430664,85.7699966430664,12883500
2016-11-16,56.91011047363281,85.75,86.77999877929688,85.58000183105469,86.73999786376953,8201200
2016-11-17,56.564971923828125,85.2300033569336,86.87999725341797,85.0199966430664,86.44000244140625,8200500
2016-11-18,56.5981559753418,85.27999877929688,85.6500015258789,84.83000183105469,85.20999908447266,8457800
2016-11-21,57.40120697021485,86.48999786376953,86.69000244140625,86.13999938964844,86.44000244140625,8861500
2016-11-22,57.52730941772461,86.68000030517578,87.23999786376953,85.97000122070312,86.69000244140625,9390200
2016-11-23,57.68658828735352,86.91999816894531,87.08000183105469,86.30999755859375,86.54000091552734,5996300
2016-11-25,57.81931686401367,87.12000274658203,87.13999938964844,86.54000091552734,86.70999908447266,5042300
2016-11-28,57.38793182373047,86.47000122070312,87.12999725341797,86.37000274658203,86.94999694824219,7449600
2016-11-29,57.00963973999024,85.9000015258789,86.08000183105469,85.08000183105469,85.41999816894531,9181100
2016-11-30,57.93879699707031,87.30000305175781,88.19000244140625,87.19999694824219,87.5999984741211,22696200
2016-12-01,57.898956298828125,87.23999786376953,88.5,87.23999786376953,87.9800033569336,13005600
2016-12-02,57.76622772216797,87.04000091552734,87.98999786376953,86.5999984741211,87.19000244140625,9706600
2016-12-05,58.05825805664063,87.4800033569336,87.81999969482422,86.91999816894531,87.38999938964844,11741100
2016-12-06,58.11133193969727,87.55999755859375,87.87000274658203,86.69999694824219,87.2699966430664,11293600
2016-12-07,58.44980239868164,88.06999969482422,88.1500015258789,87.19999694824219,87.62999725341797,11182600
2016-12-08,58.61572265625,88.31999969482422,88.8499984741211,87.6500015258789,88.05000305175781,9086700
2016-12-09,59.067020416259766,89.0,89.0,88.18000030517578,88.63999938964844,8021700
2016-12-12,60.38111114501953,90.9800033569336,91.5,90.13999938964844,90.13999938964844,15545400
2016-12-13,61.442989349365234,92.58000183105467,93.22000122070312,91.16999816894533,91.88999938964844,18829300
2016-12-14,60.11565780639648,90.58000183105467,92.2699966430664,90.16999816894533,92.26000213623048,16325400
2016-12-15,60.32136917114258,90.88999938964844,90.9800033569336,89.76000213623047,90.0999984741211,11155100
2016-12-16,60.51384735107422,91.18000030517578,91.66999816894533,90.63999938964844,91.5199966430664,20560400
2016-12-19,60.00944519042969,90.41999816894533,91.54000091552734,90.1999969482422,91.37999725341795,9674400
2016-12-20,60.01607894897461,90.43000030517578,90.8499984741211,90.29000091552734,90.51000213623048,7221000
2016-12-21,59.91652297973633,90.27999877929688,90.9000015258789,90.18000030517578,90.68000030517578,7308000
2016-12-22,60.30811309814453,90.87000274658205,90.9000015258789,90.0199966430664,90.0199966430664,8003100
2016-12-23,60.20191192626953,90.70999908447266,90.95999908447266,90.5199966430664,90.88999938964844,4266500
2016-12-27,60.22845077514648,90.75,91.11000061035156,90.58000183105467,90.83000183105467,4960600
2016-12-28,59.92981719970703,90.3000030517578,91.11000061035156,90.26000213623048,90.68000030517578,6745900
2016-12-29,59.962982177734375,90.3499984741211,90.5999984741211,90.02999877929688,90.0999984741211,6684700
2016-12-30,59.903263092041016,90.26000213623048,90.6999969482422,90.01000213623047,90.02999877929688,9117800
2017-01-03,60.32136917114258,90.88999938964844,91.33999633789062,90.1500015258789,90.94000244140624,10360600
2017-01-04,59.65769577026367,89.88999938964844,91.1500015258789,89.75,91.12000274658205,9434200
2017-01-05,58.76837158203125,88.55000305175781,90.3000030517578,88.44000244140625,90.19000244140624,14443200
2017-01-06,58.73518753051758,88.5,88.9800033569336,87.81999969482422,88.79000091552734,16518100
2017-01-09,57.76622772216797,87.04000091552734,88.22000122070312,86.55000305175781,88.22000122070312,13762300
2017-01-10,57.02956771850586,85.93000030517578,87.30999755859375,85.91000366210938,87.16999816894531,13283100
2017-01-11,57.61357116699219,86.80999755859375,86.94999694824219,85.86000061035156,85.9000015258789,11183700
2017-01-12,57.30167770385742,86.33999633789062,87.37999725341797,86.06999969482422,87.2699966430664,10407000
2017-01-13,57.30830383300781,86.3499984741211,86.68000030517578,86.16999816894531,86.2699966430664,8415600
2017-01-17,57.97859954833984,87.36000061035156,87.38999938964844,86.25,86.58000183105469,13237300
2017-01-18,57.26183319091797,86.27999877929688,87.41000366210938,86.05000305175781,87.05999755859375,11831700
2017-01-19,56.23315048217773,84.7300033569336,86.0999984741211,84.58999633789062,85.97000122070312,16382900
2017-01-20,57.00299835205078,85.88999938964844,85.95999908447266,85.05000305175781,85.44000244140625,18739700
2017-01-23,56.392425537109375,84.97000122070312,85.87999725341797,84.75,85.68000030517578,11433900
2017-01-24,56.47205352783203,85.08999633789062,85.47000122070312,84.83000183105469,84.9800033569336,11858100
2017-01-25,56.63798141479492,85.33999633789062,85.87999725341797,85.25,85.33999633789062,9578500
2017-01-26,56.81052017211914,85.5999984741211,85.83000183105469,85.12000274658203,85.69000244140625,8779400
2017-01-27,56.75079727172852,85.51000213623047,85.75,85.04000091552734,85.30000305175781,10947900
2017-01-30,56.31938552856445,84.86000061035156,85.44999694824219,84.18000030517578,85.41999816894531,12789200
2017-01-31,55.6756591796875,83.88999938964844,85.06999969482422,83.12999725341797,85.04000091552734,19128100
2017-02-01,55.04515838623047,82.94000244140625,84.16000366210938,82.54000091552734,84.0,15111800
2017-02-02,55.38364028930664,83.44999694824219,83.52999877929688,82.55000305175781,83.20999908447266,12200100
2017-02-03,55.44336318969727,83.54000091552734,83.72000122070312,82.9000015258789,83.69999694824219,12746300
2017-02-06,55.29072570800781,83.30999755859375,83.6500015258789,82.93000030517578,83.55000305175781,9938200
2017-02-07,54.93232727050781,82.7699966430664,83.62000274658203,82.44999694824219,83.2300033569336,11705200
2017-02-08,54.57067108154297,81.4800033569336,82.12000274658203,81.16999816894531,81.98999786376953,14006300
2017-02-09,54.811790466308594,81.83999633789062,82.05000305175781,81.4800033569336,81.4800033569336,9603000
2017-02-10,55.267189025878906,82.5199966430664,82.7699966430664,82.12999725341797,82.26000213623047,8739800
2017-02-13,55.58869552612305,83.0,83.18000030517578,82.3499984741211,82.7699966430664,9071600
2017-02-14,55.46813583374024,82.81999969482422,83.0999984741211,82.05999755859375,82.91000366210938,11370500
2017-02-15,55.69584274291992,83.16000366210938,83.18000030517578,82.45999908447266,82.63999938964844,11768500
2017-02-16,55.119876861572266,82.30000305175781,83.41999816894531,82.16999816894531,83.12000274658203,10615000
2017-02-17,54.75821685791016,81.76000213623047,82.19000244140625,81.44000244140625,82.08999633789062,15646000
2017-02-21,54.84526443481445,81.88999938964844,82.1500015258789,81.30000305175781,82.12000274658203,16419600
2017-02-22,54.20232391357422,80.93000030517578,81.69999694824219,80.87000274658203,81.6500015258789,12917400
2017-02-23,54.77159881591797,81.77999877929688,82.22000122070312,81.02999877929688,81.41999816894531,13847000
2017-02-24,54.302772521972656,81.08000183105469,81.80000305175781,80.76000213623047,81.5999984741211,11338700
2017-02-27,54.61084365844727,81.54000091552734,81.70999908447266,80.80999755859375,81.12999725341797,13465900
2017-02-28,54.4635009765625,81.31999969482422,81.98999786376953,81.05000305175781,81.52999877929688,16834200
2017-03-01,55.602081298828125,83.0199966430664,83.33000183105469,81.69999694824219,81.69999694824219,17482100
2017-03-02,55.78961944580078,83.30000305175781,84.25,82.79000091552734,82.80000305175781,14170300
2017-03-03,55.22702407836914,82.45999908447266,83.5999984741211,82.26000213623047,83.30000305175781,12190400
2017-03-06,55.474830627441406,82.83000183105469,82.9000015258789,82.33000183105469,82.44000244140625,9617200
2017-03-07,55.267189025878906,82.5199966430664,83.29000091552734,82.13999938964844,83.11000061035156,12711500
2017-03-08,54.269290924072266,81.02999877929688,82.37999725341797,81.01000213623047,82.3499984741211,16817700
2017-03-09,54.69794464111328,81.66999816894531,81.72000122070312,80.30999755859375,80.63999938964844,14721800
2017-03-10,54.65774154663086,81.61000061035156,82.47000122070312,81.16000366210938,82.44000244140625,11355200
2017-03-13,54.53048706054688,81.41999816894531,81.94000244140625,81.05000305175781,81.5,9571400
2017-03-14,54.24251556396485,80.98999786376953,81.2300033569336,80.44000244140625,81.0,11335700
2017-03-15,54.91894912719727,82.0,82.05999755859375,81.05000305175781,81.3499984741211,11970300
2017-03-16,54.96581268310547,82.06999969482422,82.19999694824219,81.66999816894531,82.02999877929688,9923800
2017-03-17,54.91894912719727,82.0,82.26000213623047,81.81999969482422,82.02999877929688,18834100
2017-03-20,54.91894912719727,82.0,82.04000091552734,81.44000244140625,81.72000122070312,7700300
2017-03-21,54.80508041381836,81.83000183105469,82.3499984741211,81.5999984741211,82.16000366210938,13387700
2017-03-22,54.75821685791016,81.76000213623047,82.08999633789062,81.43000030517578,81.95999908447266,11168400
2017-03-23,54.82516860961914,81.86000061035156,82.22000122070312,81.45999908447266,81.62999725341797,8928000
2017-03-24,54.40324020385742,81.2300033569336,82.02999877929688,81.1500015258789,82.02999877929688,9128500
2017-03-27,54.416629791259766,81.25,81.43000030517578,80.79000091552734,80.81999969482422,8481200
2017-03-28,54.811790466308594,81.83999633789062,82.0199966430664,80.95999908447266,81.31999969482422,11028600
2017-03-29,54.93232727050781,82.0199966430664,82.27999877929688,81.55000305175781,81.69000244140625,8495500
2017-03-30,56.0574836730957,83.69999694824219,83.87000274658203,81.94000244140625,82.02999877929688,44704900
2017-03-31,54.92563247680664,82.01000213623047,83.30999755859375,81.86000061035156,83.26000213623047,21750400
2017-04-03,54.96581268310547,82.06999969482422,82.30999755859375,81.3499984741211,82.0199966430664,11438700
2017-04-04,55.16674423217773,82.37000274658203,82.41999816894531,81.33000183105469,82.0999984741211,9270900
2017-04-05,55.27390670776367,82.52999877929688,83.55000305175781,82.47000122070312,82.8499984741211,13809100
2017-04-06,55.59539031982422,83.01000213623047,83.20999908447266,82.45999908447266,82.75,9554900
2017-04-07,55.42795181274414,82.76000213623047,83.36000061035156,82.68000030517578,83.23999786376953,8909600
2017-04-10,55.67575073242188,83.12999725341797,83.47000122070312,82.91999816894531,83.12000274658203,8885300
2017-04-11,55.48152923583984,82.83999633789062,83.16999816894531,82.41999816894531,83.08000183105469,8576500
2017-04-12,55.5685920715332,82.97000122070312,83.3499984741211,82.69999694824219,82.86000061035156,9516100
2017-04-13,54.7113151550293,81.69000244140625,82.7300033569336,81.56999969482422,82.72000122070312,8667900
2017-04-17,54.63765335083008,81.58000183105469,81.97000122070312,81.44000244140625,81.8499984741211,9577200
2017-04-18,54.28268432617188,81.05000305175781,81.81999969482422,81.02999877929688,81.31999969482422,8821400
2017-04-19,53.90764236450195,80.48999786376953,81.51000213623047,80.30000305175781,81.16999816894531,10764400
2017-04-20,54.25590133666992,81.01000213623047,81.73999786376953,80.69999694824219,80.94999694824219,11649100
2017-04-21,54.04157638549805,80.69000244140625,81.0,80.47000122070312,80.93000030517578,9816700
2017-04-24,54.322872161865234,81.11000061035156,81.4000015258789,80.80999755859375,81.27999877929688,8729700
2017-04-25,54.73810577392578,81.7300033569336,81.93000030517578,81.27999877929688,81.43000030517578,10733800
2017-04-26,54.51708984375,81.4000015258789,82.33000183105469,81.38999938964844,81.5199966430664,9445900
2017-04-27,54.42333984375,81.26000213623047,81.30000305175781,80.94000244140625,81.06999969482422,12385300
2017-04-28,54.68452072143555,81.6500015258789,82.48999786376953,81.55999755859375,82.45999908447266,12072200
2017-05-01,54.95911407470703,82.05999755859375,82.20999908447266,81.4800033569336,81.51000213623047,8664100
2017-05-02,54.95244216918945,82.05000305175781,82.58999633789062,81.9000015258789,82.13999938964844,9102900
2017-05-03,55.38776016235352,82.69999694824219,83.06999969482422,81.91000366210938,81.97000122070312,10289000
2017-05-04,54.6778450012207,81.63999938964844,82.36000061035156,81.4000015258789,82.29000091552734,16164500
2017-05-05,54.93232727050781,82.0199966430664,82.23999786376953,81.61000061035156,81.62999725341797,10213000
2017-05-08,55.515018463134766,82.88999938964844,82.94000244140625,82.0,82.0,8097100
2017-05-09,55.126564025878906,82.30999755859375,83.0,82.16000366210938,82.95999908447266,8647100
2017-05-10,55.37672424316406,81.91000366210938,82.37000274658203,81.6500015258789,82.12000274658203,9520300
2017-05-11,55.84995651245117,82.61000061035156,82.70999908447266,82.0999984741211,82.58999633789062,10047300
2017-05-12,55.80939102172852,82.55000305175781,82.70999908447266,82.25,82.38999938964844,7480200
2017-05-15,55.978424072265625,82.80000305175781,83.18000030517578,82.6500015258789,83.0,10881500
2017-05-16,55.80939102172852,82.55000305175781,83.2300033569336,82.44999694824219,82.9000015258789,9574200
2017-05-17,55.4307975769043,81.98999786376953,83.04000091552734,81.95999908447266,82.55000305175781,11151100
2017-05-18,55.26855850219727,81.75,82.1500015258789,81.41999816894531,81.7699966430664,9905800
2017-05-19,55.39020919799805,81.93000030517578,82.08999633789062,81.69000244140625,82.0,13028500
2017-05-22,55.63362121582031,82.29000091552734,82.33000183105469,81.93000030517578,82.11000061035156,9218700
2017-05-23,55.82966232299805,82.58000183105469,82.88999938964844,82.23999786376953,82.31999969482422,6857200
2017-05-24,55.63362121582031,82.29000091552734,82.54000091552734,82.01000213623047,82.41999816894531,8136000
2017-05-25,55.26855850219727,81.75,82.70999908447266,81.5199966430664,82.33000183105469,12370900
2017-05-26,55.133338928222656,81.55000305175781,81.80000305175781,80.83000183105469,81.61000061035156,8227100
2017-05-30,54.82909393310547,81.0999984741211,81.33999633789062,81.04000091552734,81.27999877929688,8973600
2017-05-31,54.42344665527344,80.5,80.94999694824219,80.47000122070312,80.94000244140625,13572300
2017-06-01,54.55867385864258,80.69999694824219,80.9000015258789,80.19000244140625,80.37000274658203,9884100
2017-06-02,53.74738693237305,79.5,80.68000030517578,79.26000213623047,80.58999633789062,21687300
2017-06-05,54.16655731201172,80.12000274658203,80.38999938964844,79.4000015258789,79.44000244140625,11527100
2017-06-06,54.90346908569336,81.20999908447266,81.31999969482422,80.22000122070312,80.30000305175781,12208600
2017-06-07,54.70064163208008,80.91000366210938,81.4000015258789,80.33999633789062,81.05000305175781,13096500
2017-06-08,54.504581451416016,80.62000274658203,81.08000183105469,80.48999786376953,80.91000366210938,11720700
2017-06-09,55.52544784545898,82.12999725341797,82.13999938964844,80.69000244140625,81.1500015258789,13553900
2017-06-12,56.0662956237793,82.93000030517578,83.69000244140625,82.12999725341797,82.12999725341797,18172900
2017-06-13,56.08659744262695,82.95999908447266,83.2699966430664,82.56999969482422,82.8499984741211,12175500
2017-06-14,55.48486709594727,82.06999969482422,82.81999969482422,81.55999755859375,82.80999755859375,13714000
2017-06-15,55.61333847045898,82.26000213623047,82.4000015258789,81.58000183105469,81.77999877929688,11862600
2017-06-16,56.44488143920898,83.48999786376953,83.54000091552734,82.19999694824219,82.61000061035156,39726100
2017-06-19,55.95137023925781,82.76000213623047,83.48999786376953,82.55000305175781,83.48999786376953,10445700
2017-06-20,55.64713668823242,82.30999755859375,82.47000122070312,81.41000366210938,82.06999969482422,13232600
2017-06-21,55.05895233154297,81.44000244140625,82.62999725341797,81.13999938964844,82.04000091552734,11422300
2017-06-22,54.81556701660156,81.08000183105469,81.58000183105469,80.9000015258789,81.44999694824219,8139900
2017-06-23,55.17388534545898,81.61000061035156,81.69000244140625,80.76000213623047,80.8499984741211,10611200
2017-06-26,54.92373275756836,81.23999786376953,81.75,80.91000366210938,81.56999969482422,7718700
2017-06-27,54.83585739135742,81.11000061035156,81.7300033569336,81.11000061035156,81.44999694824219,9221600
2017-06-28,55.11980819702149,81.52999877929688,81.76000213623047,81.19000244140625,81.41000366210938,9189700
2017-06-29,54.55867385864258,80.69999694824219,81.83999633789062,80.41000366210938,81.37000274658203,20525100
2017-06-30,54.57895660400391,80.7300033569336,81.23999786376953,80.69999694824219,81.08000183105469,14000600
2017-07-03,55.505165100097656,82.0999984741211,82.48999786376953,80.72000122070312,80.79000091552734,8422300
2017-07-05,54.66009521484375,80.8499984741211,81.68000030517578,80.5199966430664,81.68000030517578,9830800
2017-07-06,54.16655731201172,80.12000274658203,81.08000183105469,80.08999633789062,80.86000061035156,9822400
2017-07-07,54.23414993286133,80.22000122070312,80.5999984741211,79.80999755859375,80.19999694824219,10777800
2017-07-10,54.1935920715332,80.16000366210938,80.41000366210938,79.95999908447266,80.0,6338300
2017-07-11,54.49107360839844,80.5999984741211,80.75,80.04000091552734,80.33000183105469,9681100
2017-07-12,54.73445510864258,80.95999908447266,81.5199966430664,80.75,81.19000244140625,7974000
2017-07-13,54.74119567871094,80.97000122070312,81.08999633789062,80.7300033569336,80.97000122070312,5582300
2017-07-14,54.95077133178711,81.27999877929688,81.41000366210938,80.7699966430664,81.0,7497200
2017-07-17,54.66681671142578,80.86000061035156,81.43000030517578,80.83000183105469,81.0,7914700
2017-07-18,54.49107360839844,80.5999984741211,81.08000183105469,80.41000366210938,81.0199966430664,8046100
2017-07-19,54.66009521484375,80.8499984741211,80.87000274658203,80.2699966430664,80.44000244140625,9393200
2017-07-20,54.66681671142578,80.86000061035156,81.48999786376953,80.75,80.97000122070312,9681000
2017-07-21,54.16655731201172,80.12000274658203,80.83999633789062,80.0,80.6500015258789,12268600
2017-07-24,53.99750518798828,79.87000274658203,80.22000122070312,79.76000213623047,80.05999755859375,9403000
2017-07-25,54.26796340942383,80.2699966430664,81.05000305175781,80.2699966430664,80.7699966430664,11465300
2017-07-26,54.3355598449707,80.37000274658203,80.9000015258789,80.19999694824219,80.58000183105469,10465100
2017-07-27,54.64655303955078,80.83000183105469,80.87999725341797,79.9000015258789,80.23999786376953,11149700
2017-07-28,53.81498718261719,79.5999984741211,79.91999816894531,78.2699966430664,79.6500015258789,22800800
2017-07-31,54.11245727539063,80.04000091552734,80.38999938964844,79.5999984741211,79.83000183105469,12820200
2017-08-01,54.20035171508789,80.16999816894531,80.54000091552734,79.97000122070312,80.16000366210938,10421200
2017-08-02,54.49107360839844,80.5999984741211,80.63999938964844,79.80000305175781,79.9000015258789,10410100
2017-08-03,54.41670608520508,80.48999786376953,80.81999969482422,80.30000305175781,80.33999633789062,10136700
2017-08-04,54.22739410400391,80.20999908447266,80.55999755859375,80.05000305175781,80.44000244140625,8292200
2017-08-07,54.1935920715332,80.16000366210938,80.16999816894531,79.86000061035156,80.16999816894531,7893800
2017-08-08,54.05837631225586,79.95999908447266,80.22000122070312,79.83000183105469,80.0199966430664,9028400
2017-08-09,54.22739410400391,80.20999908447266,80.3499984741211,79.77999877929688,80.25,8087100
2017-08-10,53.90657043457031,78.97000122070312,79.77999877929688,78.91000366210938,79.76000213623047,12580300
2017-08-11,53.38777542114258,78.20999908447266,79.25,78.19999694824219,79.20999908447266,10192400
2017-08-14,53.40142059326172,78.2300033569336,78.79000091552734,78.12000274658203,78.62000274658203,8862500
2017-08-15,53.27173614501953,78.04000091552734,78.25,77.68000030517578,78.12000274658203,10350900
2017-08-16,52.882625579833984,77.47000122070312,78.16999816894531,77.30999755859375,78.04000091552734,9117100
2017-08-17,52.05666732788086,76.26000213623047,77.27999877929688,76.20999908447266,77.26000213623047,13400400
2017-08-18,52.31607818603516,76.63999938964844,77.11000061035156,76.05000305175781,76.18000030517578,14324300
2017-08-21,52.13856506347656,76.37999725341797,76.62000274658203,76.08000183105469,76.47000122070312,10084900
2017-08-22,52.38433074951172,76.73999786376953,77.33000183105469,76.52999877929688,76.55000305175781,9503600
2017-08-23,52.29557418823242,76.61000061035156,77.01000213623047,76.47000122070312,76.69999694824219,7054300
2017-08-24,52.104454040527344,76.33000183105469,76.6500015258789,76.19999694824219,76.5,8678300
2017-08-25,52.37067031860352,76.72000122070312,77.12999725341797,76.43000030517578,76.55999755859375,6844900
2017-08-28,52.20001983642578,76.47000122070312,76.94000244140625,76.26000213623047,76.9000015258789,8229700
2017-08-29,52.18636703491211,76.44999694824219,76.48999786376953,76.08000183105469,76.20999908447266,7060400
2017-08-30,51.94744110107422,76.0999984741211,76.44999694824219,76.05999755859375,76.23999786376953,8218000
2017-08-31,52.104454040527344,76.33000183105469,76.48999786376953,76.05000305175781,76.2699966430664,15641700
2017-09-01,52.26827239990234,76.56999969482422,76.8499984741211,76.31999969482422,76.37000274658203,7361100
2017-09-05,52.68466567993164,77.18000030517578,77.36000061035156,76.61000061035156,76.63999938964844,12784800
2017-09-06,53.7768669128418,78.77999877929688,79.22000122070312,77.58000183105469,77.88999938964844,18574400
2017-09-07,53.94752883911133,79.02999877929688,79.33000183105469,78.61000061035156,79.0199966430664,9836400
2017-09-08,53.804161071777344,78.81999969482422,79.04000091552734,78.62999725341797,79.01000213623047,8436000
2017-09-11,54.09770584106445,79.25,79.41999816894531,78.9000015258789,79.41000366210938,12955800
2017-09-12,54.26835632324219,79.5,79.69000244140625,79.23999786376953,79.4000015258789,7644400
2017-09-13,54.45264434814453,79.7699966430664,79.7699966430664,79.37999725341797,79.5,8369700
2017-09-14,54.67110061645508,80.08999633789062,80.2300033569336,79.7699966430664,79.8499984741211,9072600
2017-09-15,54.65744400024414,80.06999969482422,80.20999908447266,79.55000305175781,80.12000274658203,16043700
2017-09-18,54.67110061645508,80.08999633789062,80.13999938964844,79.69999694824219,79.79000091552734,8594400
2017-09-19,54.75983810424805,80.22000122070312,80.38999938964844,79.98999786376953,80.05999755859375,9277100
2017-09-20,54.985107421875,80.55000305175781,80.66000366210938,80.26000213623047,80.27999877929688,10606900
2017-09-21,54.534576416015625,79.88999938964844,80.52999877929688,79.76000213623047,80.48999786376953,11984200
2017-09-22,54.55506134033203,79.91999816894531,80.30000305175781,79.66999816894531,79.72000122070312,10205800
2017-09-25,55.27864837646485,80.9800033569336,81.0,79.9800033569336,80.02999877929688,10496600
2017-09-26,55.21719741821289,80.88999938964844,81.0,80.55999755859375,80.70999908447266,8755100
2017-09-27,55.58580780029297,81.43000030517578,81.44999694824219,80.79000091552734,80.88999938964844,9724500
2017-09-28,56.1046028137207,82.19000244140625,82.44999694824219,81.55999755859375,81.62999725341797,15581700
2017-09-29,55.96124267578125,81.9800033569336,82.05999755859375,81.58000183105469,81.94000244140625,9944000
2017-10-02,55.72232437133789,81.62999725341797,81.81999969482422,81.25,81.30000305175781,6777900
2017-10-03,55.811073303222656,81.76000213623047,81.97000122070312,81.30000305175781,81.41000366210938,6082000
2017-10-04,55.83155059814453,81.79000091552734,81.87000274658203,81.44999694824219,81.80000305175781,6357100
2017-10-05,55.988548278808594,82.0199966430664,82.23999786376953,81.58999633789062,81.72000122070312,7375900
2017-10-06,55.776947021484375,81.70999908447266,81.88999938964844,81.36000061035156,81.7699966430664,6070600
2017-10-09,55.995391845703125,82.02999877929688,82.18000030517578,81.76000213623047,81.83999633789062,7489900
2017-10-10,56.15238571166992,82.26000213623047,82.73999786376953,82.08999633789062,82.33999633789062,7218500
2017-10-11,56.38447189331055,82.5999984741211,82.73999786376953,82.13999938964844,82.16000366210938,7023700
2017-10-12,56.268436431884766,82.43000030517578,82.5,82.16999816894531,82.30999755859375,6647500
2017-10-13,56.25477981567383,82.41000366210938,83.08000183105469,82.36000061035156,82.7300033569336,7180000
2017-10-16,56.52782440185547,82.80999755859375,82.94999694824219,82.54000091552734,82.69999694824219,5734000
2017-10-17,56.63022994995117,82.95999908447266,82.97000122070312,82.54000091552734,82.62999725341797,6444100
2017-10-18,56.493682861328125,82.76000213623047,83.38999938964844,82.54000091552734,82.95999908447266,6367100
2017-10-19,56.48004531860352,82.73999786376953,83.05000305175781,82.33000183105469,82.3499984741211,7945500
2017-10-20,56.732608795166016,83.11000061035156,83.12999725341797,82.62000274658203,82.8499984741211,9574100
2017-10-23,56.82136535644531,83.23999786376953,83.76000213623047,83.04000091552734,83.1500015258789,9829900
2017-10-24,56.97835540771485,83.47000122070312,83.80999755859375,83.30999755859375,83.55000305175781,7551200
2017-10-25,56.7735595703125,83.16999816894531,83.7300033569336,82.94999694824219,83.44999694824219,9153300
2017-10-26,56.97835540771485,83.47000122070312,83.6500015258789,83.11000061035156,83.37000274658203,9154500
2017-10-27,57.142181396484375,83.70999908447266,84.23999786376953,82.01000213623047,83.0,14866200
2017-10-30,57.02613830566406,83.54000091552734,83.94999694824219,83.41000366210938,83.70999908447266,7811100
2017-10-31,56.89643859863281,83.3499984741211,83.68000030517578,83.16999816894531,83.6500015258789,9754200
2017-11-01,57.25139999389648,83.87000274658203,83.94000244140625,83.26000213623047,83.38999938964844,9430000
2017-11-02,57.019317626953125,83.52999877929688,83.70999908447266,82.91000366210938,83.5999984741211,7775500
2017-11-03,56.7804069519043,83.18000030517578,83.63999938964844,83.16000366210938,83.41999816894531,6903500
2017-11-06,57.16949081420898,83.75,83.87000274658203,83.05999755859375,83.30000305175781,9276700
2017-11-07,57.05344772338867,83.58000183105469,83.81999969482422,83.02999877929688,83.73999786376953,8471800
2017-11-08,56.97835540771485,83.47000122070312,83.5,82.86000061035156,83.36000061035156,8691600
2017-11-09,57.31966781616211,83.97000122070312,84.13999938964844,83.08000183105469,83.30000305175781,10528800
2017-11-10,57.14055252075195,82.94000244140625,83.08000183105469,82.41999816894531,83.01000213623047,8693700
2017-11-13,57.10609817504883,82.88999938964844,83.08999633789062,82.5999984741211,82.6500015258789,6720400
2017-11-14,56.658294677734375,82.23999786376953,82.75,82.08999633789062,82.41999816894531,9251700
2017-11-15,55.948673248291016,81.20999908447266,82.08999633789062,81.1500015258789,81.75,9663600
2017-11-16,55.5008659362793,80.55999755859375,80.8499984741211,80.1500015258789,80.44000244140625,10527200
2017-11-17,55.2804069519043,80.23999786376953,80.66000366210938,80.16000366210938,80.31999969482422,9536400
2017-11-20,55.49398040771485,80.55000305175781,80.63999938964844,80.01000213623047,80.2300033569336,8468600
2017-11-21,55.71443176269531,80.87000274658203,81.25,80.63999938964844,80.69000244140625,8838400
2017-11-22,55.87288665771485,81.0999984741211,81.41000366210938,81.05000305175781,81.16000366210938,7941600
2017-11-24,56.09335708618164,81.41999816894531,81.69999694824219,81.22000122070312,81.44000244140625,3851300
2017-11-27,55.87978744506836,81.11000061035156,81.4000015258789,81.0199966430664,81.31999969482422,9127500
2017-11-28,56.26557922363281,81.66999816894531,82.0,81.30999755859375,81.41000366210938,9794600
2017-11-29,56.67894744873047,82.2699966430664,82.30999755859375,81.4800033569336,81.6500015258789,9725000
2017-11-30,57.38167953491211,83.29000091552734,83.4000015258789,82.41000366210938,82.44999694824219,18592700
2017-12-01,57.49879455566406,83.45999908447266,84.12999725341797,82.41000366210938,83.44000244140625,13779300
2017-12-04,57.57456207275391,83.56999969482422,84.18000030517578,83.0,83.20999908447266,12597700
2017-12-05,57.10609817504883,82.88999938964844,83.7699966430664,82.70999908447266,83.41000366210938,9357200
2017-12-06,56.685829162597656,82.27999877929688,83.19999694824219,82.20999908447266,82.8499984741211,13398900
2017-12-07,56.87186050415039,82.55000305175781,82.62000274658203,82.16999816894531,82.4000015258789,11359600
2017-12-08,56.94764709472656,82.66000366210938,82.9000015258789,82.26000213623047,82.48999786376953,11988600
2017-12-11,57.202545166015625,83.02999877929688,83.25,82.73999786376953,83.04000091552734,8760700
2017-12-12,57.01652145385742,82.76000213623047,83.37999725341797,82.69999694824219,82.88999938964844,11307000
2017-12-13,57.26453399658203,83.12000274658203,83.30000305175781,82.4800033569336,82.61000061035156,10172700
2017-12-14,57.11300277709961,82.9000015258789,83.33000183105469,82.88999938964844,83.02999877929688,9492400
2017-12-15,57.202545166015625,83.02999877929688,83.27999877929688,82.87000274658203,83.16000366210938,26582300
2017-12-18,57.14055252075195,82.94000244140625,83.66999816894531,82.91000366210938,83.18000030517578,9363500
2017-12-19,56.79607009887695,82.44000244140625,83.16999816894531,82.33000183105469,83.02999877929688,10285100
2017-12-20,57.09231948852539,82.87000274658203,83.13999938964844,82.5199966430664,82.5999984741211,10620300
2017-12-21,57.76747512817383,83.8499984741211,84.2699966430664,82.95999908447266,83.3499984741211,13578100
2017-12-22,57.85014343261719,83.97000122070312,84.0199966430664,83.5999984741211,83.87999725341797,10161400
2017-12-26,57.857032775878906,83.9800033569336,84.36000061035156,83.9000015258789,83.95999908447266,4777200
2017-12-27,57.80193710327149,83.9000015258789,84.0999984741211,83.73999786376953,83.98999786376953,7000600
2017-12-28,57.88458633422852,84.0199966430664,84.05000305175781,83.80000305175781,83.9800033569336,7495300
2017-12-29,57.62281036376953,83.63999938964844,84.19999694824219,83.63999938964844,84.0,8523400
2018-01-02,58.58041763305664,85.02999877929688,85.19999694824219,83.66000366210938,83.81999969482422,11469300
2018-01-03,59.7309455871582,86.69999694824219,86.97000122070312,84.81999969482422,85.16000366210938,13957700
2018-01-04,59.81362533569336,86.81999969482422,87.22000122070312,86.43000030517578,86.79000091552734,10863000
2018-01-05,59.76538848876953,86.75,86.87999725341797,85.70999908447266,86.75,11047600
2018-01-08,60.03407287597656,87.13999938964844,87.1500015258789,86.5999984741211,86.69999694824219,10927100
2018-01-09,59.77918243408203,86.7699966430664,87.1500015258789,86.6500015258789,86.94000244140625,8131600
2018-01-10,59.30379867553711,86.08000183105469,87.19000244140625,85.9800033569336,87.0,10822300
2018-01-11,59.88940048217773,86.93000030517578,87.37000274658203,85.93000030517578,86.36000061035156,14366000
2018-01-12,60.29588317871094,87.5199966430664,87.98999786376953,87.18000030517578,87.19999694824219,9834500
2018-01-16,59.91695785522461,86.97000122070312,87.76000213623047,86.5999984741211,87.73999786376953,10882800
2018-01-17,60.62656021118164,88.0,88.20999908447266,86.93000030517578,87.19999694824219,10546000
2018-01-18,60.233848571777344,87.43000030517578,88.19000244140625,87.33999633789062,87.7699966430664,9223700
2018-01-19,60.04096603393555,87.1500015258789,87.76000213623047,86.61000061035156,87.56999969482422,13090000
2018-01-22,60.798805236816406,88.25,88.29000091552734,87.05000305175781,87.16999816894531,10270400
2018-01-23,60.83325958251953,88.30000305175781,88.45999908447266,87.73999786376953,88.25,10281800
2018-01-24,60.99170684814453,88.52999877929688,88.91999816894531,88.01000213623047,88.48999786376953,10316100
2018-01-25,60.8814811706543,88.37000274658203,88.87000274658203,88.19999694824219,88.55000305175781,11271900
2018-01-26,61.31550216674805,89.0,89.0,88.47000122070312,88.63999938964844,10514400
2018-01-29,60.63343048095703,88.01000213623047,89.30000305175781,87.94999694824219,88.58999633789062,9315700
2018-01-30,59.78606033325195,86.77999877929688,88.37999725341797,86.77999877929688,87.54000091552734,12408000
2018-01-31,60.14431381225586,87.30000305175781,87.47000122070312,86.33000183105469,86.55999755859375,14404700
2018-02-01,61.36373519897461,89.06999969482422,89.25,87.3499984741211,87.5,17971000
2018-02-02,58.23594665527344,84.52999877929688,86.01000213623047,83.0,85.12999725341797,29822100
2018-02-05,54.92215347290039,79.72000122070312,83.98999786376953,78.12999725341797,83.27999877929688,30452700
2018-02-06,53.97831726074219,78.3499984741211,80.3499984741211,76.9000015258789,78.51000213623047,36262800
2018-02-07,53.00690460205078,76.94000244140625,79.41000366210938,76.91999816894531,78.44000244140625,21994500
2018-02-08,52.407527923583984,76.06999969482422,77.58000183105469,76.02999877929688,77.44000244140625,25650800
2018-02-09,52.74160003662109,75.77999877929688,76.4800033569336,73.9000015258789,76.25,29491600
2018-02-12,53.18702697753906,76.41999816894531,77.62000274658203,75.83999633789062,77.05000305175781,19340400
2018-02-13,53.10351943969727,76.30000305175781,76.75,75.7300033569336,76.0999984741211,11926600
2018-02-14,53.21487045288086,76.45999908447266,76.66000366210938,75.16999816894531,75.79000091552734,17188400
2018-02-15,53.0408821105957,76.20999908447266,76.69999694824219,75.44999694824219,76.62000274658203,14432400
2018-02-16,53.27056503295898,76.54000091552734,77.12000274658203,75.8499984741211,76.1500015258789,13722400
2018-02-20,52.72073745727539,75.75,77.47000122070312,75.45999908447266,76.47000122070312,13387300
2018-02-21,52.12218475341797,74.88999938964844,76.44000244140625,74.87000274658203,75.81999969482422,11715000
2018-02-22,52.79729461669922,75.86000061035156,76.83999633789062,75.19000244140625,75.30000305175781,14020200
2018-02-23,53.9595832824707,77.52999877929688,77.62000274658203,75.94999694824219,76.08999633789062,13378800
2018-02-26,54.87132263183594,78.83999633789062,78.93000030517578,77.55999755859375,77.73999786376953,16940400
2018-02-27,53.9387092590332,77.5,79.87000274658203,77.5,79.0,14629500
2018-02-28,52.71376800537109,75.73999786376953,78.25,75.69999694824219,78.16000366210938,17087800
2018-03-01,52.33793640136719,75.19999694824219,76.68000030517578,74.86000061035156,75.52999877929688,15696700
2018-03-02,52.58152770996094,75.55000305175781,75.87000274658203,74.4800033569336,74.88999938964844,15630300
2018-03-05,53.08262252807617,76.2699966430664,76.55999755859375,75.12000274658203,75.2300033569336,14891000
2018-03-06,53.0200080871582,76.18000030517578,76.9800033569336,75.86000061035156,76.66999816894531,10754300
2018-03-07,51.6837158203125,74.26000213623047,75.23999786376953,73.55999755859375,75.0,27255500
2018-03-08,51.586273193359375,74.12000274658203,74.7699966430664,73.69000244140625,74.5,19299800
2018-03-09,51.89250946044922,74.55999755859375,75.05999755859375,74.20999908447266,74.81999969482422,19714100
2018-03-12,52.36576461791992,75.23999786376953,75.58000183105469,74.69000244140625,74.87000274658203,14226700
2018-03-13,51.87162399291992,74.52999877929688,75.81999969482422,74.25,75.33000183105469,13739700
2018-03-14,51.22436141967773,73.5999984741211,74.79000091552734,73.52999877929688,74.63999938964844,14820700
2018-03-15,51.795066833496094,74.41999816894531,75.0,74.0999984741211,74.3499984741211,15640600
2018-03-16,52.282264709472656,75.12000274658203,75.12000274658203,74.36000061035156,74.36000061035156,32109700
2018-03-19,51.60715866088867,74.1500015258789,75.01000213623047,73.86000061035156,75.0,12744800
2018-03-20,51.49580001831055,73.98999786376953,74.69999694824219,73.94999694824219,74.22000122070312,13003200
2018-03-21,52.22658920288086,75.04000091552734,75.63999938964844,73.9800033569336,74.2300033569336,15418500
2018-03-22,51.15476989746094,73.5,74.69999694824219,73.38999938964844,74.41999816894531,17737000
2018-03-23,50.73020553588867,72.88999938964844,74.20999908447266,72.66999816894531,73.80999755859375,20157300
2018-03-26,51.50276184082031,74.0,74.1500015258789,72.75,73.6500015258789,15032700
2018-03-27,51.2939682006836,73.69999694824219,74.88999938964844,73.27999877929688,74.0,15821900
2018-03-28,50.674537658691406,72.80999755859375,74.01000213623047,72.77999877929688,73.73999786376953,18163900
2018-03-29,51.92729949951172,74.61000061035156,74.88999938964844,73.26000213623047,73.33000183105469,14882900
2018-04-02,50.95988845825195,73.22000122070312,74.4000015258789,72.16000366210938,74.2699966430664,17891100
2018-04-03,52.212646484375,75.0199966430664,75.13999938964844,73.0999984741211,73.44999694824219,15999200
2018-04-04,52.10826873779297,74.87000274658203,75.05999755859375,73.44000244140625,74.05000305175781,13122200
2018-04-05,52.90864562988281,76.0199966430664,76.31999969482422,75.0199966430664,75.05999755859375,14200000
2018-04-06,52.10826873779297,74.87000274658203,76.12000274658203,74.22000122070312,75.63999938964844,14299600
2018-04-09,52.10826873779297,74.87000274658203,75.79000091552734,74.80000305175781,75.22000122070312,11103100
2018-04-10,53.63943099975586,77.06999969482422,77.7699966430664,76.05999755859375,76.08000183105469,19006100
2018-04-11,53.88996887207031,77.43000030517578,78.04000091552734,76.75,77.11000061035156,13734000
2018-04-12,53.74381256103516,77.22000122070312,78.13999938964844,77.01000213623047,77.86000061035156,13270400
2018-04-13,54.17531204223633,77.83999633789062,78.19000244140625,77.5999984741211,77.80000305175781,10925000
2018-04-16,54.66250991821289,78.54000091552734,79.08000183105469,77.70999908447266,78.12000274658203,10743600
2018-04-17,54.51637268066406,78.33000183105469,78.76000213623047,78.04000091552734,78.54000091552734,10478100
2018-04-18,55.13578796386719,79.22000122070312,79.76000213623047,78.94000244140625,79.04000091552734,12061400
2018-04-19,55.27499008178711,79.41999816894531,79.81999969482422,78.80999755859375,79.31999969482422,11291500
2018-04-20,54.98267364501953,79.0,79.4000015258789,78.33000183105469,79.31999969482422,12072200
2018-04-23,55.379390716552734,79.56999969482422,79.5999984741211,78.75,78.91999816894531,11729800
2018-04-24,54.53028869628906,78.3499984741211,79.93000030517578,77.97000122070312,79.80000305175781,14102000
2018-04-25,55.330665588378906,79.5,79.62000274658203,77.48999786376953,78.19999694824219,13867500
2018-04-26,56.27718353271485,80.86000061035156,80.9000015258789,79.52999877929688,79.5999984741211,14554400
2018-04-27,54.14052963256836,77.79000091552734,78.6500015258789,76.4800033569336,76.94999694824219,16346800
2018-04-30,54.11269760131836,77.75,78.55999755859375,77.73999786376953,77.91000366210938,15028800
2018-05-01,53.55590057373047,76.94999694824219,77.26000213623047,75.9800033569336,77.26000213623047,16231000
2018-05-02,53.451507568359375,76.80000305175781,77.2300033569336,76.30000305175781,76.44999694824219,13883700
2018-05-03,53.27056503295898,76.54000091552734,76.61000061035156,75.4000015258789,76.38999938964844,12243100
2018-05-04,53.5211067199707,76.9000015258789,77.22000122070312,75.94000244140625,76.12999725341797,9887200
2018-05-07,54.10572814941406,77.73999786376953,79.08000183105469,77.4000015258789,77.73999786376953,15071500
2018-05-08,54.34931564331055,78.08999633789062,78.16000366210938,76.37000274658203,77.80000305175781,17430400
2018-05-09,55.629920959472656,79.93000030517578,80.23999786376953,78.94999694824219,78.9800033569336,17142100
2018-05-10,56.87574005126953,81.72000122070312,81.79000091552734,80.5,80.63999938964844,17710300
2018-05-11,57.14290618896485,81.27999877929688,81.97000122070312,80.91000366210938,81.18000030517578,14751000
2018-05-14,57.52957534790039,81.83000183105469,82.31999969482422,81.61000061035156,81.69999694824219,11852100
2018-05-15,57.50145721435547,81.79000091552734,82.02999877929688,81.4000015258789,81.8499984741211,12595700
2018-05-16,57.66314315795898,82.0199966430664,82.05000305175781,81.16999816894531,81.76000213623047,9570000
2018-05-17,57.564720153808594,81.87999725341797,82.27999877929688,81.44000244140625,82.19999694824219,11224100
2018-05-18,57.15696716308594,81.30000305175781,81.80000305175781,81.26000213623047,81.55000305175781,10030900
2018-05-21,57.845924377441406,82.27999877929688,82.3499984741211,81.5199966430664,81.7300033569336,8822400
2018-05-22,57.39598846435547,81.63999938964844,82.6500015258789,81.3499984741211,82.44000244140625,10753400
2018-05-23,57.75454711914063,82.1500015258789,82.2300033569336,80.56999969482422,80.94999694824219,15140900
2018-05-24,56.43283462524414,80.2699966430664,81.36000061035156,79.94999694824219,81.3499984741211,13360500
2018-05-25,55.33609390258789,78.70999908447266,79.33000183105469,78.08999633789062,79.27999877929688,14562000
2018-05-29,55.1322021484375,78.41999816894531,78.7300033569336,77.52999877929688,78.1500015258789,14644800
2018-05-30,57.297584533691406,81.5,81.66000366210938,79.22000122070312,79.25,16627500
2018-05-31,57.11478042602539,81.23999786376953,81.55000305175781,80.69000244140625,80.80999755859375,15803100
2018-06-01,57.52957534790039,81.83000183105469,82.3499984741211,81.55000305175781,81.87000274658203,9906100
2018-06-04,56.92496871948242,80.97000122070312,82.52999877929688,80.80999755859375,82.05000305175781,10954700
2018-06-05,56.72107696533203,80.68000030517578,81.6500015258789,80.41000366210938,80.58999633789062,12059300
2018-06-06,57.6912841796875,82.05999755859375,82.08999633789062,80.87000274658203,81.4800033569336,11603300
2018-06-07,58.26775741577149,82.87999725341797,83.29000091552734,82.55999755859375,82.7300033569336,13502500
2018-06-08,58.7739372253418,83.5999984741211,83.66000366210938,82.5,83.11000061035156,14350400
2018-06-11,58.42242431640625,83.0999984741211,83.79000091552734,82.93000030517578,83.72000122070312,10831600
2018-06-12,57.9443588256836,82.41999816894531,83.75,82.31999969482422,83.11000061035156,12351800
2018-06-13,57.30460357666016,81.51000213623047,82.5999984741211,81.47000122070312,82.44000244140625,12049300
2018-06-14,57.57175064086914,81.88999938964844,82.30000305175781,81.5,81.94000244140625,11477300
2018-06-15,56.7070198059082,80.66000366210938,81.81999969482422,80.51000213623047,81.72000122070312,23797500
2018-06-18,56.81950759887695,80.81999969482422,81.37999725341797,80.30000305175781,80.4000015258789,9192600
2018-06-19,56.735137939453125,80.69999694824219,80.95999908447266,79.70999908447266,79.88999938964844,8759700
2018-06-20,56.55938720703125,80.44999694824219,81.12999725341797,80.2699966430664,80.8499984741211,8917700
2018-06-21,56.02506256103516,79.69000244140625,80.37999725341797,79.33000183105469,80.0199966430664,10990700
2018-06-22,57.21321487426758,81.37999725341797,81.94000244140625,80.91999816894531,81.16000366210938,16012200
2018-06-25,56.06021499633789,79.73999786376953,81.23999786376953,79.30000305175781,80.77999877929688,10557200
2018-06-26,56.69296646118164,80.63999938964844,81.01000213623047,79.97000122070312,80.1500015258789,10382800
2018-06-27,57.445194244384766,81.70999908447266,82.4800033569336,81.05999755859375,81.05999755859375,12725900
2018-06-28,57.62799453735352,81.97000122070312,82.06999969482422,81.02999877929688,81.7300033569336,9390700
2018-06-29,58.16230773925781,82.7300033569336,83.54000091552734,82.29000091552734,82.44999694824219,17323200
2018-07-02,57.48038101196289,81.76000213623047,82.12999725341797,81.31999969482422,81.88999938964844,9998300
2018-07-03,57.81781005859375,82.23999786376953,83.44999694824219,82.08000183105469,82.58000183105469,7197300
2018-07-05,57.86701583862305,82.30999755859375,82.7699966430664,82.05000305175781,82.58999633789062,9035700
2018-07-06,57.8810920715332,82.33000183105469,82.69999694824219,81.66000366210938,81.95999908447266,7637100
2018-07-09,58.28182220458984,82.9000015258789,83.12999725341797,82.55999755859375,82.80999755859375,7158600
2018-07-10,58.81614303588867,83.66000366210938,84.12000274658203,83.51000213623047,83.69999694824219,8806200
2018-07-11,58.06388092041016,82.58999633789062,83.52999877929688,82.02999877929688,83.02999877929688,10405300
2018-07-12,58.13417434692383,82.69000244140625,83.23999786376953,82.30999755859375,83.01000213623047,9762200
2018-07-13,58.570068359375,83.30999755859375,83.75,82.55999755859375,82.68000030517578,8720000
2018-07-16,57.99357986450195,82.48999786376953,82.79000091552734,82.0,82.5199966430664,8306900
2018-07-17,57.86701583862305,82.30999755859375,82.75,82.04000091552734,82.26000213623047,7373300
2018-07-18,57.80376052856445,82.22000122070312,82.31999969482422,81.48999786376953,81.80000305175781,8711900
2018-07-19,57.65612411499024,82.01000213623047,82.62000274658203,81.72000122070312,82.19999694824219,8659100
2018-07-20,57.22728729248047,81.4000015258789,81.93000030517578,81.25,81.72000122070312,9196300
2018-07-23,57.22728729248047,81.4000015258789,82.0,81.18000030517578,81.94999694824219,8425900
2018-07-24,58.35915756225586,83.01000213623047,83.0199966430664,81.4800033569336,81.5199966430664,11121000
2018-07-25,58.76690673828125,83.58999633789062,83.73999786376953,82.51000213623047,83.01000213623047,9523600
2018-07-26,59.223876953125,84.23999786376953,84.4000015258789,83.37000274658203,83.83000183105469,13210100
2018-07-27,57.59284973144531,81.91999816894531,82.37999725341797,80.80999755859375,80.97000122070312,18220800
2018-07-30,57.46631240844727,81.73999786376953,82.12999725341797,80.70999908447266,82.12999725341797,11282800
2018-07-31,57.30460357666016,81.51000213623047,82.1500015258789,81.44000244140625,81.63999938964844,11716800
2018-08-01,56.51719284057617,80.38999938964844,80.93000030517578,80.22000122070312,80.88999938964844,8936300
2018-08-02,56.17975997924805,79.91000366210938,80.26000213623047,79.44999694824219,79.88999938964844,8364300
2018-08-03,56.38361358642578,80.19999694824219,80.30000305175781,79.62999725341797,79.97000122070312,7811100
2018-08-06,56.36956405639648,80.18000030517578,80.43000030517578,79.73999786376953,80.25,10041800
2018-08-07,57.1358757019043,81.2699966430664,81.58999633789062,80.30999755859375,80.91000366210938,10698100
2018-08-08,56.7562255859375,80.7300033569336,81.2300033569336,80.3499984741211,81.0199966430664,7275000
2018-08-09,56.46798706054688,80.31999969482422,80.91000366210938,80.11000061035156,80.7300033569336,9828500
2018-08-10,56.41114807128906,79.41999816894531,79.5199966430664,78.86000061035156,79.51000213623047,12954300
2018-08-13,55.8003158569336,78.55999755859375,79.75,78.43000030517578,79.44999694824219,10308500
2018-08-14,55.622745513916016,78.30999755859375,79.06999969482422,78.08000183105469,78.98999786376953,8005900
2018-08-15,54.64965438842773,76.94000244140625,77.9000015258789,76.51000213623047,77.77999877929688,16307800
2018-08-16,55.40254592895508,78.0,78.0999984741211,77.19999694824219,77.27999877929688,11519900
2018-08-17,55.58722686767578,78.26000213623047,78.48999786376953,77.80000305175781,78.33999633789062,10178400
2018-08-20,55.97788238525391,78.80999755859375,79.0,78.16999816894531,78.26000213623047,8152100
2018-08-21,55.99208068847656,78.83000183105469,79.58000183105469,78.66999816894531,79.05000305175781,9192200
2018-08-22,56.79473114013672,79.95999908447266,80.05000305175781,79.0199966430664,79.11000061035156,10098200
2018-08-23,56.16965103149414,79.08000183105469,79.62999725341797,78.9000015258789,79.55999755859375,7203900
2018-08-24,56.55322647094727,79.62000274658203,80.05000305175781,79.41999816894531,79.5199966430664,6545200
2018-08-27,57.10724258422852,80.4000015258789,80.47000122070312,79.86000061035156,79.91000366210938,6671900
2018-08-28,57.02202224731445,80.27999877929688,80.81999969482422,80.19999694824219,80.58000183105469,8823400
2018-08-29,57.433963775634766,80.86000061035156,81.04000091552734,80.0999984741211,80.44000244140625,8004800
2018-08-30,57.18538665771485,80.51000213623047,80.77999877929688,80.12000274658203,80.44999694824219,7450900
2018-08-31,56.94386672973633,80.16999816894531,80.45999908447266,79.7699966430664,80.23999786376953,10700000
2018-09-04,57.029109954833984,80.29000091552734,80.69000244140625,79.80999755859375,80.41000366210938,8855000
2018-09-05,57.78912353515625,81.36000061035156,81.43000030517578,79.5999984741211,79.9000015258789,13878400
2018-09-06,57.14985275268555,80.45999908447266,81.63999938964844,80.33999633789062,81.11000061035156,13320600
2018-09-07,58.122955322265625,81.83000183105469,81.93000030517578,79.81999969482422,80.1500015258789,16417800
2018-09-10,58.03771209716797,81.70999908447266,82.73999786376953,81.66000366210938,82.23999786376953,10817900
2018-09-11,58.85455703735352,82.86000061035156,83.19000244140625,81.62999725341797,81.95999908447266,11891900
2018-09-12,59.046329498291016,83.12999725341797,83.77999877929688,82.87000274658203,83.25,11556300
2018-09-13,58.471004486083984,82.31999969482422,83.25,82.01000213623047,83.1500015258789,11162700
2018-09-14,58.89716720581055,82.91999816894531,83.1500015258789,82.2699966430664,82.41999816894531,9442600
2018-09-17,59.24522018432617,83.41000366210938,83.61000061035156,82.98999786376953,83.0,8403300
2018-09-18,59.40147399902344,83.62999725341797,84.12999725341797,83.44999694824219,83.9000015258789,9219900
2018-09-19,60.11177062988281,84.62999725341797,84.7699966430664,83.63999938964844,83.63999938964844,10413600
2018-09-20,60.2467155456543,84.81999969482422,85.33999633789062,84.54000091552734,84.86000061035156,11198200
2018-09-21,60.49532318115234,85.16999816894531,85.43000030517578,84.5199966430664,85.01000213623047,26639400
2018-09-24,61.51103973388672,86.5999984741211,87.08999633789062,85.72000122070312,85.79000091552734,13549500
2018-09-25,61.43998336791992,86.5,87.36000061035156,86.37000274658203,87.02999877929688,12200700
2018-09-26,60.92859649658203,85.77999877929688,86.5,85.69000244140625,86.0199966430664,10275500
2018-09-27,60.9214973449707,85.7699966430664,86.37999725341797,85.58999633789062,86.08999633789062,7895400
2018-09-28,60.38875198364258,85.0199966430664,85.93000030517578,84.98999786376953,85.25,9884900
2018-10-01,60.94990158081055,85.80999755859375,86.02999877929688,85.26000213623047,85.3499984741211,8566900
2018-10-02,61.41157913208008,86.45999908447266,86.66999816894531,85.62000274658203,85.80000305175781,8453100
2018-10-03,61.191402435302734,86.1500015258789,86.88999938964844,85.9800033569336,86.51000213623047,10206700
2018-10-04,60.78654098510742,85.58000183105469,86.08000183105469,85.25,85.5,10204600
2018-10-05,60.61606597900391,85.33999633789062,85.69999694824219,84.93000030517578,85.30999755859375,9217400
2018-10-08,61.17720413208008,86.12999725341797,86.30999755859375,84.6500015258789,84.79000091552734,13242400
2018-10-09,61.44709777832031,86.51000213623047,86.87999725341797,85.73999786376953,86.37999725341797,10177900
2018-10-10,60.03363800048828,84.5199966430664,86.81999969482422,84.5,86.7300033569336,16573400
2018-10-11,57.959598541259766,81.5999984741211,84.16999816894531,81.16999816894531,83.94000244140625,20320100
2018-10-12,57.803340911865234,81.37999725341797,82.23999786376953,80.2699966430664,82.12999725341797,15216300
2018-10-15,57.40556716918945,80.81999969482422,81.73999786376953,80.81999969482422,81.37999725341797,10558800
2018-10-16,57.67546844482422,81.19999694824219,81.2699966430664,80.01000213623047,80.51000213623047,9781800
2018-10-17,57.88857650756836,81.5,81.5199966430664,80.33999633789062,80.94000244140625,12247700
2018-10-18,58.13713836669922,81.8499984741211,82.47000122070312,81.19999694824219,81.19999694824219,17448600
2018-10-19,58.22239685058594,81.97000122070312,82.45999908447266,81.51000213623047,81.66000366210938,12098700
2018-10-22,57.63996505737305,81.1500015258789,82.18000030517578,80.63999938964844,82.0,9474100
2018-10-23,56.709468841552734,79.83999633789062,80.45999908447266,78.72000122070312,80.05999755859375,15465100
2018-10-24,55.13264465332031,77.62000274658203,80.26000213623047,77.55000305175781,80.12999725341797,16085700
2018-10-25,55.622745513916016,78.30999755859375,79.05000305175781,77.73999786376953,78.48999786376953,12315500
2018-10-26,55.06872177124024,77.52999877929688,78.41000366210938,76.95999908447266,77.87000274658203,18160100
2018-10-29,54.72776794433594,77.05000305175781,78.43000030517578,76.22000122070312,78.06999969482422,15707000
2018-10-30,55.95657730102539,78.77999877929688,79.02999877929688,77.41999816894531,77.62000274658203,17758200
2018-10-31,56.595829010009766,79.68000030517578,80.3499984741211,78.9000015258789,79.33999633789062,16629100
2018-11-01,57.29899978637695,80.66999816894531,80.75,79.30000305175781,79.83000183105469,14159300
2018-11-02,58.20818328857422,81.94999694824219,82.44999694824219,80.2300033569336,81.76000213623047,19350400
2018-11-05,57.98799514770508,81.63999938964844,82.87000274658203,81.44000244140625,82.5,15815000
2018-11-06,58.23659133911133,81.98999786376953,82.0999984741211,81.3499984741211,81.73999786376953,9063200
2018-11-07,58.97529602050781,83.02999877929688,83.13999938964844,81.66000366210938,82.20999908447266,12699800
2018-11-08,58.03771209716797,81.70999908447266,83.75,81.54000091552734,83.12999725341797,16865500
2018-11-09,58.02338409423828,80.87000274658203,81.4000015258789,79.69000244140625,80.26000213623047,15070100
2018-11-12,57.27717971801758,79.83000183105469,81.7300033569336,79.7300033569336,81.66000366210938,11906600
2018-11-13,55.964168548583984,78.0,79.8499984741211,77.63999938964844,79.80000305175781,15530200
2018-11-14,55.52650833129883,77.38999938964844,79.08999633789062,76.75,78.86000061035156,18552100
2018-11-15,56.10050582885742,78.19000244140625,78.19000244140625,75.91000366210938,76.66999816894531,18976000
2018-11-16,56.65298080444336,78.95999908447266,79.19000244140625,78.0999984741211,78.37000274658203,13704900
2018-11-19,56.83950805664063,79.22000122070312,79.36000061035156,78.43000030517578,78.45999908447266,9430800
2018-11-20,55.22517395019531,76.97000122070312,78.9000015258789,76.37000274658203,78.41999816894531,15533700
2018-11-21,55.64849472045898,77.55999755859375,78.37999725341797,77.26000213623047,77.43000030517578,9685300
2018-11-23,54.16329193115234,75.48999786376953,76.19999694824219,74.69999694824219,76.05000305175781,10875400
2018-11-26,55.23234558105469,76.9800033569336,77.31999969482422,76.12000274658203,76.23999786376953,13741100
2018-11-27,55.282562255859375,77.05000305175781,77.44999694824219,76.4000015258789,76.56999969482422,10344500
2018-11-28,56.28704071044922,78.44999694824219,78.44999694824219,76.83999633789062,77.04000091552734,11482100
2018-11-29,56.72472381591797,79.05999755859375,79.52999877929688,78.19000244140625,78.22000122070312,10255200
2018-11-30,57.0404052734375,79.5,79.5999984741211,78.31999969482422,78.44999694824219,14040100
2018-12-03,58.27448654174805,81.22000122070312,81.45999908447266,80.13999938964844,80.23999786376953,19415100
2018-12-04,56.99018096923828,79.43000030517578,81.94999694824219,79.3499984741211,81.37999725341797,18540700
2018-12-06,56.24399948120117,78.38999938964844,78.44000244140625,76.91999816894531,78.0,23218100
2018-12-07,55.70588684082031,77.63999938964844,80.36000061035156,77.33000183105469,79.38999938964844,16224700
2018-12-10,54.916648864746094,76.54000091552734,77.86000061035156,74.80000305175781,77.86000061035156,17946200
2018-12-11,55.01709365844727,76.68000030517578,77.80000305175781,75.68000030517578,77.69999694824219,15742400
2018-12-12,54.54355239868164,76.0199966430664,78.19999694824219,76.0199966430664,78.04000091552734,14559800
2018-12-13,55.23234558105469,76.9800033569336,77.22000122070312,75.94999694824219,76.02999877929688,13749700
2018-12-14,54.22785568237305,75.58000183105469,76.87000274658203,75.08999633789062,76.72000122070312,12669300
2018-12-17,53.12292098999024,74.04000091552734,75.5999984741211,73.4800033569336,75.26000213623047,15464100
2018-12-18,51.65924072265625,72.0,73.86000061035156,71.62000274658203,73.62999725341797,18681200
2018-12-19,50.78391647338867,70.77999877929688,73.2699966430664,70.30000305175781,72.44999694824219,21679600
2018-12-20,49.241302490234375,68.62999725341797,70.66000366210938,68.05000305175781,70.08999633789062,28723700
2018-12-21,48.8753776550293,68.12000274658203,70.37000274658203,67.66999816894531,68.13999938964844,47287300
2018-12-24,47.002723693847656,65.51000213623047,67.52999877929688,65.44000244140625,66.87000274658203,14262800
2018-12-26,49.24847412109375,68.63999938964844,68.66000366210938,64.6500015258789,66.18000030517578,24887700
2018-12-27,49.46371841430664,68.94000244140625,68.94000244140625,66.08000183105469,67.73999786376953,22077000
2018-12-28,48.911258697509766,68.16999816894531,69.58000183105469,67.81999969482422,69.18000030517578,19710600
2018-12-31,48.92561721801758,68.19000244140625,69.1500015258789,67.66000366210938,68.31999969482422,15807000
2019-01-02,50.00182723999024,69.69000244140625,69.87000274658203,67.26000213623047,67.3499984741211,16727200
2019-01-03,49.23412704467773,68.62000274658203,70.25,68.36000061035156,70.0,13866100
2019-01-04,51.04937744140625,71.1500015258789,71.2699966430664,69.36000061035156,69.63999938964844,16043600
2019-01-07,51.31484222412109,71.5199966430664,72.0999984741211,70.73999786376953,71.25,10844200
2019-01-08,51.68794250488281,72.04000091552734,72.58999633789062,71.94000244140625,72.54000091552734,11439000
2019-01-09,51.96058654785156,72.41999816894531,72.5999984741211,71.6500015258789,72.5999984741211,13473500
2019-01-10,51.69511413574219,72.05000305175781,72.08000183105469,71.12000274658203,72.06999969482422,13151100
2019-01-11,51.45835113525391,71.72000122070312,71.88999938964844,71.06999969482422,71.8499984741211,9790100
2019-01-14,51.393775939941406,71.62999725341797,71.77999877929688,71.12000274658203,71.20999908447266,11012400
2019-01-15,51.42246627807617,71.66999816894531,72.36000061035156,71.31999969482422,71.94999694824219,10298300
2019-01-16,51.40094757080078,71.63999938964844,72.37999725341797,71.30999755859375,71.41999816894531,12595600
2019-01-17,51.75252151489258,72.12999725341797,72.33999633789062,70.9000015258789,71.19000244140625,10141700
2019-01-18,52.36956024169922,72.98999786376953,73.29000091552734,72.12999725341797,73.2699966430664,15759200
2019-01-22,51.5803108215332,71.88999938964844,72.70999908447266,71.68000030517578,72.38999938964844,15035600
2019-01-23,51.15700912475586,71.30000305175781,72.30000305175781,70.93000030517578,72.01000213623047,13187200
2019-01-24,51.22875595092773,71.4000015258789,71.97000122070312,70.63999938964844,71.0999984741211,11272500
2019-01-25,51.45835113525391,71.72000122070312,72.2699966430664,71.54000091552734,72.06999969482422,8996200
2019-01-28,51.11395263671875,71.23999786376953,71.27999877929688,70.37000274658203,71.0199966430664,13678400
2019-01-29,51.30767440795898,71.51000213623047,72.19000244140625,71.4800033569336,71.69999694824219,10513200
2019-01-30,51.8673095703125,72.29000091552734,72.56999969482422,71.51000213623047,71.7699966430664,11524700
2019-01-31,52.5776252746582,73.27999877929688,73.48999786376953,72.0199966430664,72.29000091552734,19876700
2019-02-01,54.4718017578125,75.91999816894531,76.48999786376953,74.31999969482422,74.91999816894531,22968700
2019-02-04,53.68255233764648,74.81999969482422,75.76000213623047,74.4000015258789,75.76000213623047,15483800
2019-02-05,54.23502349853516,75.58999633789062,75.63999938964844,75.01000213623047,75.18000030517578,12786700
2019-02-06,53.99826431274414,75.26000213623047,75.7699966430664,75.12999725341797,75.58000183105469,10866900
2019-02-07,53.58210372924805,74.68000030517578,75.19000244140625,73.9000015258789,74.94999694824219,14418900
2019-02-08,53.66916275024414,73.9800033569336,74.06999969482422,72.7300033569336,73.76000213623047,11959500
2019-02-11,53.75621795654297,74.0999984741211,74.22000122070312,73.4000015258789,73.87999725341797,10434800
2019-02-12,54.69930267333984,75.4000015258789,75.44999694824219,74.81999969482422,75.08000183105469,12599200
2019-02-13,55.31595993041992,76.25,76.54000091552734,75.51000213623047,75.58000183105469,13214600
2019-02-14,55.3304443359375,76.2699966430664,76.6500015258789,75.70999908447266,76.26000213623047,12772900
2019-02-15,56.37510681152344,77.70999908447266,77.76000213623047,76.75,76.94000244140625,14330300
2019-02-19,56.75237274169922,78.2300033569336,78.4800033569336,77.44999694824219,77.55999755859375,13551500
2019-02-20,56.9699821472168,78.52999877929688,78.80999755859375,78.0,78.30000305175781,12633100
2019-02-21,56.45491790771485,77.81999969482422,78.66000366210938,77.61000061035156,78.20999908447266,10266000
2019-02-22,56.89018249511719,78.41999816894531,78.94999694824219,77.62000274658203,78.70999908447266,9519300
2019-02-25,56.94822692871094,78.5,78.8499984741211,78.19999694824219,78.43000030517578,9274400
2019-02-26,57.064300537109375,78.66000366210938,79.12999725341797,78.38999938964844,78.68000030517578,10990600
2019-02-27,57.65190887451172,79.47000122070312,79.75,78.66000366210938,78.87999725341797,12398200
2019-02-28,57.33271026611328,79.02999877929688,79.75,78.70999908447266,79.44999694824219,14597900
2019-03-01,58.03641128540039,80.0,80.0,79.02999877929688,79.37999725341797,15419400
2019-03-04,58.26130294799805,80.30999755859375,80.55000305175781,79.01000213623047,80.23999786376953,18089900
2019-03-05,58.17425155639648,80.19000244140625,80.4000015258789,79.75,80.12000274658203,13745500
2019-03-06,57.51408386230469,79.27999877929688,79.37999725341797,77.86000061035156,78.8499984741211,18633600
2019-03-07,58.15249252319336,80.16000366210938,80.26000213623047,79.31999969482422,79.55000305175781,16541700
2019-03-08,57.31821441650391,79.01000213623047,79.31999969482422,78.25,78.88999938964844,16211300
2019-03-11,57.87681198120117,79.77999877929688,80.29000091552734,79.6500015258789,79.9800033569336,11060900
2019-03-12,58.03641128540039,80.0,80.58000183105469,79.88999938964844,80.11000061035156,11320000
2019-03-13,58.55148696899414,80.70999908447266,80.76000213623047,80.19999694824219,80.58999633789062,10260200
2019-03-14,58.35562133789063,80.44000244140625,80.91000366210938,80.3499984741211,80.80000305175781,9976700
2019-03-15,58.14521789550781,80.1500015258789,80.55000305175781,80.0999984741211,80.18000030517578,25316400
2019-03-18,58.81989669799805,81.08000183105469,81.25,80.44000244140625,80.44000244140625,9840600
2019-03-19,58.66756057739258,80.87000274658203,82.0,80.63999938964844,81.58000183105469,13936500
2019-03-20,58.99399948120117,81.31999969482422,81.91999816894531,80.55999755859375,80.75,13133600
2019-03-21,59.33497619628906,81.79000091552734,81.88999938964844,80.80000305175781,80.80999755859375,10117000
2019-03-22,58.38462829589844,80.4800033569336,81.44000244140625,80.30000305175781,81.2300033569336,12497700
2019-03-25,57.97836685180664,79.91999816894531,80.44000244140625,79.58999633789062,80.0,11320400
2019-03-26,58.73285675048828,80.95999908447266,81.2699966430664,80.18000030517578,80.33000183105469,9472800
2019-03-27,58.28306579589844,80.33999633789062,81.30999755859375,79.81999969482422,80.97000122070312,7258700
2019-03-28,58.57324600219727,80.73999786376953,80.79000091552734,80.0199966430664,80.02999877929688,7412300
2019-03-29,58.61676788330078,80.80000305175781,81.4800033569336,80.4800033569336,81.33000183105469,10889200
2019-04-01,59.29144287109375,81.7300033569336,81.77999877929688,81.08000183105469,81.2300033569336,10816400
2019-04-02,59.03755187988281,81.37999725341797,81.94999694824219,81.11000061035156,81.75,7646000
2019-04-03,58.68931579589844,80.9000015258789,81.7699966430664,80.61000061035156,81.7699966430664,8562900
2019-04-04,59.523582458496094,82.05000305175781,82.08000183105469,80.7699966430664,81.12000274658203,9360600
2019-04-05,59.84279251098633,82.48999786376953,82.52999877929688,81.94999694824219,82.1500015258789,10059100
2019-04-08,60.21278762817383,83.0,83.19999694824219,82.58999633789062,82.66999816894531,9108200
2019-04-09,59.4365234375,81.93000030517578,82.58000183105469,81.73999786376953,82.5199966430664,8561600
2019-04-10,59.16813278198242,81.55999755859375,82.08000183105469,81.41000366210938,81.91999816894531,10324300
2019-04-11,59.45104217529297,81.94999694824219,82.06999969482422,81.0199966430664,81.54000091552734,9115100
2019-04-12,58.70380401611328,80.91999816894531,82.80999755859375,80.58000183105469,82.80999755859375,16638700
2019-04-15,58.50794982910156,80.6500015258789,81.05999755859375,80.5199966430664,80.88999938964844,8536100
2019-04-16,58.90695571899414,81.19999694824219,81.3499984741211,80.69000244140625,80.80999755859375,7005700
2019-04-17,59.07380676269531,81.43000030517578,81.69999694824219,81.08000183105469,81.55000305175781,8311400
2019-04-18,58.85618591308594,81.12999725341797,81.83000183105469,81.06999969482422,81.55999755859375,9493900
2019-04-22,60.14023208618164,82.9000015258789,83.22000122070312,81.63999938964844,81.87000274658203,10770600
2019-04-23,60.48845672607422,83.37999725341797,83.48999786376953,82.68000030517578,83.19000244140625,10595100
2019-04-24,59.31321716308594,81.76000213623047,83.08000183105469,81.7300033569336,83.01000213623047,11684000
2019-04-25,59.646934509277344,82.22000122070312,82.83999633789062,81.4000015258789,81.6500015258789,11135000
2019-04-26,58.391876220703125,80.48999786376953,80.62999725341797,79.55999755859375,80.2699966430664,18053500
2019-04-29,58.014625549316406,79.97000122070312,80.37999725341797,79.66000366210938,80.12000274658203,10023700
2019-04-30,58.23954391479492,80.27999877929688,80.52999877929688,79.93000030517578,80.37000274658203,13721500
2019-05-01,57.071556091308594,78.66999816894531,80.26000213623047,78.62000274658203,79.94000244140625,13909800
2019-05-02,56.0704231262207,77.29000091552734,78.5,77.23999786376953,78.27999877929688,15360400
2019-05-03,56.20100784301758,77.47000122070312,78.20999908447266,77.44000244140625,77.79000091552734,12180700
2019-05-06,55.954349517822266,77.12999725341797,77.66000366210938,76.70999908447266,76.91999816894531,13367100
2019-05-07,55.65691757202149,76.72000122070312,76.79000091552734,75.7699966430664,76.5,13498800
2019-05-08,55.74395751953125,76.83999633789062,77.29000091552734,76.41999816894531,76.54000091552734,11352900
2019-05-09,55.69318008422852,76.7699966430664,76.87999725341797,75.95999908447266,76.3499984741211,13221600
2019-05-10,56.17747116088867,76.55999755859375,76.79000091552734,75.16999816894531,76.18000030517578,11056000
2019-05-13,55.55378723144531,75.70999908447266,76.2300033569336,75.36000061035156,75.6500015258789,12176100
2019-05-14,55.62715530395508,75.80999755859375,76.80000305175781,75.76000213623047,76.12999725341797,10548400
2019-05-15,56.03805923461914,76.37000274658203,76.55000305175781,75.20999908447266,75.56999969482422,8918000
2019-05-16,56.03071594238281,76.36000061035156,76.94999694824219,76.22000122070312,76.4000015258789,8105200
2019-05-17,55.70051956176758,75.91000366210938,76.30000305175781,75.58999633789062,75.6500015258789,9279400
2019-05-20,55.69319152832031,75.9000015258789,76.36000061035156,75.66999816894531,76.05000305175781,7154300
2019-05-21,55.95001602172852,76.25,76.45999908447266,75.93000030517578,76.2699966430664,8489900
2019-05-22,55.44369888305664,75.55999755859375,76.22000122070312,75.38999938964844,76.0199966430664,7858300
2019-05-23,54.14492416381836,73.79000091552734,74.80000305175781,73.04000091552734,74.7699966430664,14657200
2019-05-24,54.37239837646485,74.0999984741211,74.25,73.44000244140625,74.13999938964844,7056400
2019-05-28,53.27907180786133,72.61000061035156,74.25,72.48999786376953,74.23999786376953,14912900
2019-05-29,52.94888687133789,72.16000366210938,72.43000030517578,71.62000274658203,71.88999938964844,13645200
2019-05-30,52.809478759765625,71.97000122070312,72.12999725341797,71.52999877929688,72.0199966430664,9362100
2019-05-31,51.92893981933594,70.7699966430664,71.55000305175781,70.62999725341797,71.19000244140625,13983300
2019-06-03,52.74343490600586,71.87999725341797,72.01000213623047,70.97000122070312,71.08999633789062,11831000
2019-06-04,53.9981803894043,73.58999633789062,73.66000366210938,72.16999816894531,72.44999694824219,10423000
2019-06-05,53.55057907104492,72.9800033569336,73.63999938964844,72.58000183105469,73.63999938964844,10617800
2019-06-06,54.52650451660156,74.30999755859375,74.62000274658203,73.58999633789062,73.70999908447266,11738900
2019-06-07,54.724605560302734,74.58000183105469,74.95999908447266,74.43000030517578,74.51000213623047,9095500
2019-06-10,54.96675491333008,74.91000366210938,75.33000183105469,74.44999694824219,75.19000244140625,7760400
2019-06-11,54.91539001464844,74.83999633789062,75.80999755859375,74.81999969482422,75.51000213623047,9415100
2019-06-12,54.32102584838867,74.02999877929688,74.61000061035156,73.80999755859375,74.4800033569336,7920800
2019-06-13,54.79798126220703,74.68000030517578,75.16999816894531,74.37999725341797,74.69999694824219,8986400
2019-06-14,54.55583572387695,74.3499984741211,74.80999755859375,74.2300033569336,74.68000030517578,8575900
2019-06-17,55.09882354736328,75.08999633789062,75.19000244140625,74.04000091552734,74.16000366210938,9355700
2019-06-18,55.575775146484375,75.73999786376953,76.22000122070312,75.3499984741211,75.41999816894531,10091500
2019-06-19,55.26760482788086,75.31999969482422,75.8499984741211,75.16999816894531,75.4000015258789,9757400
2019-06-20,56.21415328979492,76.61000061035156,76.97000122070312,76.08000183105469,76.23999786376953,16229700
2019-06-21,57.00663757324219,77.69000244140625,77.76000213623047,76.87000274658203,77.13999938964844,23108100
2019-06-24,56.463645935058594,76.94999694824219,77.76000213623047,76.80999755859375,77.52999877929688,10011800
2019-06-25,55.96467590332031,76.2699966430664,77.22000122070312,76.19000244140625,77.08000183105469,9740000
2019-06-26,56.20682144165039,76.5999984741211,77.12999725341797,76.47000122070312,76.68000030517578,11365500
2019-06-27,55.63450241088867,75.81999969482422,76.75,75.76000213623047,76.58999633789062,8147800
2019-06-28,56.22883987426758,76.62999725341797,76.7300033569336,75.94000244140625,76.19000244140625,14781300
2019-07-01,56.17747116088867,76.55999755859375,77.93000030517578,76.29000091552734,77.12999725341797,11437900
2019-07-02,55.56111145019531,75.72000122070312,76.2699966430664,75.41000366210938,76.13999938964844,10475400
2019-07-03,56.08942794799805,76.44000244140625,76.5,75.62999725341797,75.81999969482422,5246100
2019-07-05,55.86195755004883,76.12999725341797,76.3499984741211,75.58999633789062,76.19000244140625,6880800
2019-07-08,56.118778228759766,76.4800033569336,76.69999694824219,75.91999816894531,76.13999938964844,7876100
2019-07-09,56.08209609985352,76.43000030517578,76.7699966430664,75.7300033569336,76.44999694824219,7863000
2019-07-10,56.87457656860352,77.51000213623047,77.62999725341797,76.73999786376953,76.80000305175781,8077400
2019-07-11,56.9185905456543,77.56999969482422,77.61000061035156,77.05000305175781,77.41000366210938,6404000
2019-07-12,56.96260833740234,77.62999725341797,77.87999725341797,77.5,77.75,6139000
2019-07-15,56.559043884277344,77.08000183105469,77.73999786376953,76.88999938964844,77.62999725341797,7116400
2019-07-16,55.71520233154297,75.93000030517578,77.06999969482422,75.79000091552734,76.91999816894531,10197400
2019-07-17,55.3849983215332,75.4800033569336,75.95999908447266,75.3499984741211,75.73999786376953,7419300
2019-07-18,54.91539001464844,74.83999633789062,75.2699966430664,74.18000030517578,75.02999877929688,11424500
2019-07-19,55.02545547485352,74.98999786376953,75.25,74.54000091552734,74.9000015258789,11243100
2019-07-22,55.08416366577149,75.06999969482422,75.30000305175781,74.5,75.23999786376953,8368800
2019-07-23,55.304298400878906,75.37000274658203,75.7699966430664,74.75,75.1500015258789,8551200
2019-07-24,55.29695510864258,75.36000061035156,76.05000305175781,74.8499984741211,75.38999938964844,8260200
2019-07-25,54.9814338684082,74.93000030517578,75.77999877929688,74.80000305175781,75.77999877929688,9083900
2019-07-26,54.89338684082031,74.80999755859375,75.08000183105469,74.5999984741211,74.87000274658203,7677300
2019-07-29,55.282264709472656,75.33999633789062,75.37999725341797,74.69999694824219,74.87999725341797,7091900
2019-07-30,55.28960418701172,75.3499984741211,75.55999755859375,74.88999938964844,75.05999755859375,6961200
2019-07-31,54.56317138671875,74.36000061035156,75.66000366210938,74.26000213623047,75.04000091552734,13104600
2019-08-01,53.16900634765625,72.45999908447266,74.2699966430664,72.2699966430664,73.73999786376953,17132800
2019-08-02,52.64804458618164,71.75,73.26000213623047,71.18000030517578,72.61000061035156,21376700
2019-08-05,51.56938552856445,70.27999877929688,70.91999816894531,69.61000061035156,70.77999877929688,19080900
2019-08-06,52.06836700439453,70.95999908447266,71.01000213623047,70.27999877929688,70.29000091552734,12282400
2019-08-07,51.7308235168457,70.5,70.87999725341797,69.4000015258789,69.86000061035156,15231100
2019-08-08,53.11031723022461,72.37999725341797,72.41000366210938,70.62000274658203,70.8499984741211,14304100
2019-08-09,51.98030471801758,70.83999633789062,72.25,70.47000122070312,72.12999725341797,13686600
2019-08-12,51.72771835327149,69.62999725341797,70.16000366210938,69.33000183105469,70.05999755859375,9542600
2019-08-13,52.366607666015625,70.48999786376953,70.62000274658203,68.91999816894531,69.2699966430664,12403300
2019-08-14,50.256797790527344,67.6500015258789,69.08999633789062,67.6500015258789,69.06999969482422,18114400
2019-08-15,49.95963668823242,67.25,67.55999755859375,66.52999877929688,67.45999908447266,12874400
2019-08-16,50.73967361450195,68.30000305175781,68.45999908447266,67.2699966430664,67.77999877929688,12649000
2019-08-19,51.5940055847168,69.44999694824219,69.6500015258789,68.86000061035156,68.97000122070312,10032800
2019-08-20,51.282005310058594,69.02999877929688,69.30000305175781,68.70999908447266,69.30000305175781,9743500
2019-08-21,51.79458236694336,69.72000122070312,69.9800033569336,69.37000274658203,69.95999908447266,10134200
2019-08-22,51.68314743041992,69.56999969482422,69.95999908447266,69.25,69.91000366210938,8972000
2019-08-23,50.13793182373047,67.48999786376953,69.52999877929688,67.02999877929688,68.81999969482422,15371900
2019-08-26,50.405372619628906,67.8499984741211,68.26000213623047,67.52999877929688,68.12000274658203,7343900
2019-08-27,49.915069580078125,67.19000244140625,68.44000244140625,66.97000122070312,68.12999725341797,9490900
2019-08-28,50.27907943725586,67.68000030517578,67.9800033569336,67.16000366210938,67.52999877929688,9647400
2019-08-29,50.83624267578125,68.43000030517578,68.66999816894531,68.08999633789062,68.30000305175781,9004100
2019-08-30,50.87340927124024,68.4800033569336,69.08000183105469,68.05999755859375,68.61000061035156,9180800
2019-09-03,50.93282699584961,68.55999755859375,68.68000030517578,67.62999725341797,67.88999938964844,9849700
2019-09-04,51.47513961791992,69.29000091552734,69.61000061035156,69.08999633789062,69.5,6959200
2019-09-05,52.20317077636719,70.2699966430664,70.55000305175781,69.69999694824219,69.83999633789062,9901500
2019-09-06,52.69350051879883,70.93000030517578,70.94999694824219,70.12000274658203,70.3499984741211,10418500
2019-09-09,53.10950469970703,71.48999786376953,72.06999969482422,70.9800033569336,71.16000366210938,12840200
2019-09-10,53.54039001464844,72.06999969482422,72.8499984741211,71.62000274658203,72.13999938964844,13810800
2019-09-11,53.4363899230957,71.93000030517578,72.83999633789062,71.55000305175781,72.77999877929688,10525700
2019-09-12,53.47352981567383,71.9800033569336,72.16000366210938,70.69999694824219,70.9800033569336,9100700
2019-09-13,53.96383285522461,72.63999938964844,72.72000122070312,72.05999755859375,72.26000213623047,7337200
2019-09-16,54.77360153198242,73.7300033569336,75.18000030517578,73.5999984741211,75.04000091552734,19830200
2019-09-17,54.35756301879883,73.16999816894531,74.08000183105469,72.62999725341797,73.81999969482422,14452200
2019-09-18,54.097564697265625,72.81999969482422,72.97000122070312,72.33000183105469,72.6500015258789,7292200
2019-09-19,53.733543395996094,72.33000183105469,73.19000244140625,72.19000244140625,72.97000122070312,8050200
2019-09-20,53.54782485961914,72.08000183105469,72.5,71.86000061035156,72.48999786376953,19736600
2019-09-23,53.5849609375,72.12999725341797,72.36000061035156,71.45999908447266,71.5199966430664,7495200
2019-09-24,52.8494873046875,71.13999938964844,71.87000274658203,70.81999969482422,71.80999755859375,13307100
2019-09-25,53.0054931640625,71.3499984741211,71.47000122070312,70.81999969482422,70.9800033569336,8035200
2019-09-26,52.72319793701172,70.97000122070312,71.3499984741211,70.68000030517578,71.22000122070312,8420200
2019-09-27,53.10208511352539,71.4800033569336,71.66999816894531,70.62999725341797,70.69999694824219,8224000
2019-09-30,52.45576095581055,70.61000061035156,71.44999694824219,70.58000183105469,71.23999786376953,9768900
2019-10-01,51.22256088256836,68.94999694824219,70.91000366210938,68.91000366210938,70.83000183105469,10279100
2019-10-02,49.88534164428711,67.1500015258789,68.58999633789062,67.01000213623047,68.2699966430664,14503700
2019-10-03,50.50196075439453,67.9800033569336,68.0,66.30999755859375,67.0,10788400
2019-10-04,51.2374153137207,68.97000122070312,69.06999969482422,67.81999969482422,68.11000061035156,10534800
2019-10-07,50.53166961669922,68.0199966430664,69.02999877929688,68.0199966430664,68.69999694824219,10993000
2019-10-08,49.55105209350586,66.69999694824219,67.91999816894531,66.63999938964844,67.54000091552734,9748700
2019-10-09,50.10080337524414,67.44000244140625,67.69999694824219,67.19999694824219,67.30000305175781,8580900
2019-10-10,50.7025260925293,68.25,68.36000061035156,67.37999725341797,67.43000030517578,7100100
2019-10-11,51.24484634399414,68.9800033569336,69.48999786376953,68.88999938964844,68.9800033569336,10101900
2019-10-14,51.39342880249024,69.18000030517578,69.37000274658203,68.58999633789062,68.5999984741211,6234600
2019-10-15,51.571720123291016,69.41999816894531,70.0,69.01000213623047,69.05999755859375,6645700
2019-10-16,50.68767929077149,68.2300033569336,69.52999877929688,68.20999908447266,69.20999908447266,9765800
2019-10-17,50.62081146240234,68.13999938964844,68.87999725341797,68.08000183105469,68.4800033569336,9757200
2019-10-18,50.22707748413086,67.61000061035156,68.1500015258789,67.61000061035156,67.87000274658203,13472700
2019-10-21,51.06654357910156,68.73999786376953,68.7699966430664,67.81999969482422,67.81999969482422,10199300
2019-10-22,51.32656097412109,69.08999633789062,69.76000213623047,68.6500015258789,68.77999877929688,9536000
2019-10-23,51.81686782836914,69.75,69.76000213623047,68.77999877929688,68.95999908447266,8641800
2019-10-24,51.32656097412109,69.08999633789062,70.05000305175781,69.0199966430664,69.95999908447266,9003600
2019-10-25,51.4454345703125,69.25,69.4800033569336,68.9000015258789,68.9000015258789,7607200
2019-10-28,50.99225616455078,68.63999938964844,69.66999816894531,68.58000183105469,69.45999908447266,11209600
2019-10-29,50.84368515014648,68.44000244140625,69.02999877929688,68.23999786376953,68.4800033569336,13894400
2019-10-30,50.30878829956055,67.72000122070312,68.37000274658203,67.2699966430664,68.37000274658203,12840600
2019-10-31,50.197357177734375,67.56999969482422,67.72000122070312,67.13999938964844,67.45999908447266,16169100
2019-11-01,51.70543670654297,69.5999984741211,69.61000061035156,68.30999755859375,68.38999938964844,14108700
2019-11-04,53.24322509765625,71.66999816894531,71.87000274658203,69.94000244140625,70.06999969482422,15858200
2019-11-05,54.29814147949219,73.08999633789062,73.12000274658203,71.8499984741211,72.04000091552734,14930400
2019-11-06,53.10950469970703,71.48999786376953,72.87000274658203,71.19999694824219,72.7300033569336,13996500
2019-11-07,54.23870468139648,73.01000213623047,73.02999877929688,72.0,72.02999877929688,13073800
2019-11-08,53.20866775512695,70.7699966430664,71.80000305175781,70.66000366210938,71.61000061035156,12106000
2019-11-11,52.8853645324707,70.33999633789062,70.61000061035156,69.97000122070312,70.20999908447266,8674000
2019-11-12,52.15608215332031,69.37000274658203,70.41000366210938,68.9800033569336,70.2699966430664,13918600
2019-11-13,51.72751998901367,68.80000305175781,69.1500015258789,68.5999984741211,69.0199966430664,11773700
2019-11-14,51.5019645690918,68.5,68.97000122070312,68.18000030517578,68.86000061035156,11279800
2019-11-15,52.02073669433594,69.19000244140625,69.30000305175781,68.66999816894531,68.70999908447266,11252800
2019-11-18,51.516998291015625,68.5199966430664,68.81999969482422,68.30000305175781,68.69999694824219,10095600
2019-11-19,50.99069595336914,67.81999969482422,68.55999755859375,67.77999877929688,68.4000015258789,12605500
2019-11-20,51.14859008789063,68.02999877929688,68.54000091552734,67.31999969482422,67.66999816894531,16930700
2019-11-21,52.38163375854492,69.66999816894531,69.75,67.91999816894531,68.0199966430664,14080900
2019-11-22,52.15608215332031,69.37000274658203,70.18000030517578,69.33000183105469,69.70999908447266,12143600
2019-11-25,51.81022262573242,68.91000366210938,69.44000244140625,68.70999908447266,69.37000274658203,10670000
2019-11-26,51.68239974975586,68.73999786376953,69.04000091552734,68.44000244140625,68.91999816894531,15457000
2019-11-27,51.65232467651367,68.69999694824219,69.08999633789062,68.41000366210938,68.76000213623047,8393900
2019-11-29,51.22377014160156,68.12999725341797,68.52999877929688,68.0,68.33000183105469,7980800
2019-12-02,51.44180679321289,68.41999816894531,68.87999725341797,68.37000274658203,68.5,11116900
2019-12-03,51.03580856323242,67.87999725341797,68.25,67.5199966430664,68.0,12245800
2019-12-04,51.61473846435547,68.6500015258789,68.76000213623047,68.13999938964844,68.25,11049700
2019-12-05,51.43429565429688,68.41000366210938,68.97000122070312,68.20999908447266,68.88999938964844,13109000
2019-12-06,52.261322021484375,69.51000213623047,69.87000274658203,68.76000213623047,68.76000213623047,13710800
2019-12-09,52.37411117553711,69.66000366210938,69.97000122070312,69.0199966430664,69.08000183105469,12397700
2019-12-10,51.92300796508789,69.05999755859375,70.1500015258789,68.69999694824219,69.66000366210938,14281800
2019-12-11,51.84780502319336,68.95999908447266,69.76000213623047,68.66999816894531,68.73999786376953,13748400
2019-12-12,52.8853645324707,70.33999633789062,70.37999725341797,68.9000015258789,68.95999908447266,17068500
2019-12-13,52.05081558227539,69.2300033569336,70.54000091552734,69.12000274658203,70.4800033569336,12274500
2019-12-16,52.62974548339844,70.0,70.25,69.69999694824219,69.69999694824219,15208700
2019-12-17,52.38913345336914,69.68000030517578,70.37999725341797,69.30999755859375,69.9800033569336,14450700
2019-12-18,52.53199005126953,69.87000274658203,70.29000091552734,69.27999877929688,69.62999725341797,13652300
2019-12-19,52.17110824584961,69.38999938964844,70.05000305175781,69.23999786376953,69.98999786376953,13273200
2019-12-20,52.58463287353516,69.94000244140625,70.2300033569336,69.38999938964844,69.86000061035156,35092000
2019-12-23,52.847774505615234,70.29000091552734,70.30000305175781,69.52999877929688,69.86000061035156,14172500
2019-12-24,52.644775390625,70.0199966430664,70.5,69.91000366210938,70.3499984741211,3979400
2019-12-26,52.72747802734375,70.12999725341797,70.5,70.01000213623047,70.19000244140625,8840200
2019-12-27,52.54704666137695,69.88999938964844,70.30999755859375,69.87999725341797,70.19999694824219,10516100
2019-12-30,52.2387809753418,69.4800033569336,70.44000244140625,69.4000015258789,70.08999633789062,12689400
2019-12-31,52.464332580566406,69.77999877929688,69.80000305175781,69.01000213623047,69.0199966430664,13151800
2020-01-02,53.306396484375,70.9000015258789,71.0199966430664,70.23999786376953,70.23999786376953,12456400
2020-01-03,52.87785339355469,70.33000183105469,71.37000274658203,70.16000366210938,71.33999633789062,17386900
2020-01-06,53.28385162353516,70.87000274658203,71.36000061035156,70.2300033569336,70.31999969482422,20081900
2020-01-07,52.847774505615234,70.29000091552734,70.5199966430664,69.51000213623047,70.5,17387700
2020-01-08,52.05081558227539,69.2300033569336,70.29000091552734,69.16999816894531,70.11000061035156,15137700
2020-01-09,52.44929885864258,69.76000213623047,69.9000015258789,68.62999725341797,69.13999938964844,14811800
2020-01-10,51.98314666748047,69.13999938964844,69.95999908447266,69.12000274658203,69.93000030517578,11995600
2020-01-13,52.4793701171875,69.80000305175781,69.87000274658203,69.11000061035156,69.19999694824219,9953900
2020-01-14,52.02825164794922,69.19999694824219,69.58000183105469,68.88999938964844,69.37999725341797,16261000
2020-01-15,51.94555282592773,69.08999633789062,69.58999633789062,68.88999938964844,69.19999694824219,11390300
2020-01-16,51.74254989624024,68.81999969482422,69.58000183105469,68.80000305175781,69.30000305175781,13340300
2020-01-17,51.54706954956055,68.55999755859375,69.08000183105469,68.29000091552734,68.75,18144100
2020-01-21,50.81025314331055,67.58000183105469,68.41999816894531,67.51000213623047,68.37999725341797,17982600
2020-01-22,50.51703643798828,67.19000244140625,67.69999694824219,67.0,67.55999755859375,17033100
2020-01-23,50.20125198364258,66.7699966430664,66.93000030517578,66.05000305175781,66.70999908447266,19605900
2020-01-24,49.862911224365234,66.31999969482422,66.68000030517578,66.04000091552734,66.54000091552734,18238600
2020-01-27,48.67498779296875,64.73999786376953,65.7300033569336,64.69999694824219,65.41999816894531,21231000
2020-01-28,48.60733413696289,64.6500015258789,65.19999694824219,64.62999725341797,65.11000061035156,19664700
2020-01-29,48.20132064819336,64.11000061035156,65.12999725341797,63.900001525878906,65.02999877929688,14202800
2020-01-30,48.71259307861328,64.79000091552734,64.87999725341797,63.43000030517578,63.77999877929688,18544700
2020-01-31,46.70513534545898,62.119998931884766,63.20000076293945,61.86000061035156,63.20000076293945,34282900
2020-02-03,45.66006088256836,60.72999954223633,61.41999816894531,60.369998931884766,61.380001068115234,27389300
2020-02-04,45.088653564453125,59.970001220703125,61.90999984741211,59.88999938964844,61.45000076293945,31922100
2020-02-05,47.16376876831055,62.72999954223633,62.93000030517578,60.59999847412109,60.75,32099200
2020-02-06,46.524681091308594,61.880001068115234,63.0099983215332,61.77999877929688,62.93000030517578,16055400
2020-02-07,46.216434478759766,61.470001220703125,61.65999984741211,61.060001373291016,61.40999984741211,15112500
2020-02-10,45.72834777832031,59.959999084472656,60.52000045776367,59.619998931884766,60.47999954223633,20934500
2020-02-11,46.16304016113281,60.52999877929688,60.88999938964844,60.16999816894531,60.58000183105469,14908700
2020-02-12,46.7274055480957,61.27000045776367,61.52999877929688,60.560001373291016,61.34000015258789,17862100
2020-02-13,46.46810531616211,60.93000030517578,61.41999816894531,60.560001373291016,61.060001373291016,16949400
2020-02-14,46.25456619262695,60.650001525878906,61.15999984741211,60.27999877929688,61.150001525878906,10855300
2020-02-18,45.667327880859375,59.880001068115234,60.38999938964844,59.45000076293945,60.150001525878906,18948500
2020-02-19,46.01813888549805,60.34000015258789,60.619998931884766,59.83000183105469,60.11000061035156,12804900
2020-02-20,45.65206527709961,59.86000061035156,60.540000915527344,59.720001220703125,60.22999954223633,14817200
2020-02-21,45.0953483581543,59.130001068115234,59.5099983215332,58.790000915527344,59.5099983215332,20315700
2020-02-24,42.98281478881836,56.36000061035156,57.79999923706055,56.36000061035156,57.619998931884766,32096600
2020-02-25,41.33549499511719,54.20000076293945,56.75,53.970001220703125,56.75,36414500
2020-02-26,40.42794418334961,53.0099983215332,54.81999969482422,52.93000030517578,54.54999923706055,29801000
2020-02-27,37.99509048461914,49.81999969482422,52.43999862670898,49.79999923706055,51.709999084472656,48141300
2020-02-28,39.23058319091797,51.43999862670898,51.43999862670898,48.0099983215332,48.77000045776367,62446700
2020-03-02,41.09143829345703,53.880001068115234,53.88999938964844,51.130001068115234,52.59000015258789,38127600
2020-03-03,39.123809814453125,51.29999923706055,54.150001525878906,50.97999954223633,53.95000076293945,50580700
2020-03-04,39.97797393798828,52.41999816894531,52.47999954223633,51.119998931884766,52.22999954223633,24079600
2020-03-05,38.21625900268555,50.11000061035156,50.70000076293945,49.040000915527344,50.41999816894531,40788200
2020-03-06,36.37064743041992,47.68999862670898,49.0099983215332,47.20000076293945,48.84000015258789,55640500
2020-03-09,31.92442512512207,41.86000061035156,44.56999969482422,40.79999923706055,41.709999084472656,72896300
2020-03-10,33.10652542114258,43.40999984741211,46.2599983215332,41.45000076293945,46.16999816894531,60445900
2020-03-11,32.01594161987305,41.97999954223633,43.47999954223633,41.75,42.38999938964844,51986100
2020-03-12,28.35522079467773,37.18000030517578,40.650001525878906,37.0,39.900001525878906,65725300
2020-03-13,29.07211303710937,38.119998931884766,40.13999938964844,35.0,40.0099983215332,79891500
2020-03-16,26.303709030151367,34.4900016784668,37.880001068115234,33.25,34.400001525878906,48924700
2020-03-17,28.07304954528809,36.810001373291016,37.380001068115234,34.20000076293945,35.209999084472656,41204400
2020-03-18,25.25888061523437,33.119998931884766,36.709999084472656,31.229999542236328,34.54999923706055,54036400
2020-03-19,26.25794792175293,34.43000030517578,34.900001525878906,32.349998474121094,33.72999954223633,49412400
2020-03-20,24.969072341918945,32.7400016784668,35.18000030517578,31.559999465942383,34.84000015258789,76534600
2020-03-23,23.98526191711425,31.450000762939453,32.70000076293945,30.11000061035156,32.529998779296875,56952500
2020-03-24,27.028221130371094,35.439998626708984,36.16999816894531,33.33000183105469,34.41999816894531,61835600
2020-03-25,28.439117431640625,37.290000915527344,38.59000015258789,35.18000030517578,36.5099983215332,56607700
2020-03-26,29.60597038269043,38.81999969482422,39.560001373291016,36.720001220703125,37.5,46722000
2020-03-27,28.179819107055664,36.95000076293945,37.68000030517578,36.20000076293945,37.130001068115234,51558600
2020-03-30,28.599267959594727,37.5,38.150001525878906,35.86000061035156,36.22999954223633,45835000
2020-03-31,28.957725524902344,37.970001220703125,39.45000076293945,37.369998931884766,38.34000015258789,41491600
2020-04-01,28.622146606445312,37.52999877929688,38.70000076293945,36.34000015258789,36.86000061035156,36045900
2020-04-02,30.81095314025879,40.400001525878906,41.959999084472656,37.900001525878906,38.7400016784668,62000200
2020-04-03,29.90340042114257,39.209999084472656,42.18000030517578,38.52000045776367,41.45000076293945,48425700
2020-04-06,30.864330291748047,40.470001220703125,40.83000183105469,39.22999954223633,39.880001068115234,41301900
2020-04-07,31.451580047607425,41.2400016784668,43.31999969482422,41.15999984741211,42.900001525878906,48921800
2020-04-08,33.44208908081055,43.84999847412109,44.040000915527344,41.470001220703125,41.95000076293945,33355600
2020-04-09,32.89298248291016,43.130001068115234,46.709999084472656,41.7400016784668,45.459999084472656,60107300
2020-04-13,32.61079788208008,42.7599983215332,44.68999862670898,41.970001220703125,44.45000076293945,29651900
2020-04-14,32.359134674072266,42.43000030517578,43.75,41.90999984741211,43.0,30769000
2020-04-15,30.87196922302246,40.47999954223633,41.060001373291016,39.380001068115234,41.0,33125000
2020-04-16,29.85764503479004,39.150001525878906,40.47999954223633,38.93000030517578,40.47999954223633,30934000
2020-04-17,32.96161651611328,43.220001220703125,43.31999969482422,39.869998931884766,39.880001068115234,40829100
2020-04-20,31.405824661254883,41.18000030517578,42.7400016784668,40.540000915527344,40.75,39260800
2020-04-21,31.238035202026367,40.959999084472656,42.130001068115234,39.630001068115234,40.400001525878906,44381600
2020-04-22,32.13032913208008,42.130001068115234,42.93000030517578,41.86000061035156,42.59999847412109,27074200
2020-04-23,33.13703536987305,43.45000076293945,44.65999984741211,42.810001373291016,43.130001068115234,35271000
2020-04-24,33.35057067871094,43.72999954223633,44.88999938964844,43.130001068115234,44.400001525878906,28653800
2020-04-27,33.51072692871094,43.93999862670898,44.31999969482422,42.22999954223633,43.59000015258789,28274400
2020-04-28,34.29625701904297,44.970001220703125,45.38999938964844,44.11000061035156,44.369998931884766,26545100
2020-04-29,36.19524383544922,47.459999084472656,47.59999847412109,46.15999984741211,46.2599983215332,29502500
2020-04-30,35.44021987915039,46.470001220703125,47.68000030517578,45.77000045776367,47.68000030517578,37076300
2020-05-01,32.90060806274414,43.13999938964844,46.38999938964844,43.0,45.630001068115234,35399300
2020-05-04,34.22760772705078,44.880001068115234,44.93999862670898,42.220001220703125,42.5099983215332,27465600
2020-05-05,34.189476013183594,44.83000183105469,47.150001525878906,44.65999984741211,46.2599983215332,29276200
2020-05-06,33.548858642578125,43.9900016784668,45.27000045776367,43.900001525878906,44.93000030517578,22659000
2020-05-07,33.73952102661133,44.2400016784668,45.27000045776367,43.970001220703125,44.959999084472656,22160300
2020-05-08,35.21905899047852,46.18000030517578,46.220001220703125,44.97999954223633,45.310001373291016,19977400
2020-05-11,34.88349151611328,45.7400016784668,46.20000076293945,45.5099983215332,46.11000061035156,22258000
2020-05-12,34.300418853759766,44.119998931884766,45.66999816894531,44.119998931884766,45.41999816894531,25439100
2020-05-13,32.59783172607422,41.93000030517578,43.869998931884766,41.59999847412109,43.7400016784668,30827900
2020-05-14,32.88549041748047,42.29999923706055,42.54999923706055,40.20000076293945,41.06999969482422,24856500
2020-05-15,32.652244567871094,42.0,43.0099983215332,41.84999847412109,42.380001068115234,22445600
2020-05-18,35.24888229370117,45.34000015258789,45.58000183105469,44.060001373291016,44.400001525878906,32026100
2020-05-19,34.16047668457031,43.93999862670898,46.630001068115234,43.93000030517578,45.54999923706055,21771600
2020-05-20,35.27220153808594,45.369998931884766,45.58000183105469,44.56999969482422,44.619998931884766,19352400
2020-05-21,34.642478942871094,44.560001373291016,45.790000915527344,44.38999938964844,45.43999862670898,19130700
2020-05-22,34.673580169677734,44.59999847412109,44.66999816894531,43.45000076293945,44.04999923706055,15406400
2020-05-26,35.6920166015625,45.90999984741211,46.29999923706055,45.470001220703125,45.7400016784668,20356500
2020-05-27,35.948577880859375,46.2400016784668,47.13999938964844,45.40999984741211,46.65999984741211,20788300
2020-05-28,35.01565170288086,45.040000915527344,46.459999084472656,44.93000030517578,46.43000030517578,19698000
2020-05-29,35.34994888305664,45.470001220703125,45.68999862670898,44.369998931884766,44.81999969482422,25874700
2020-06-01,35.979671478271484,46.27999877929688,46.45000076293945,44.79999923706055,45.31999969482422,19031000
2020-06-02,36.78043746948242,47.310001373291016,47.45000076293945,46.75,46.86000061035156,22319000
2020-06-03,38.2808837890625,49.2400016784668,49.400001525878906,47.95000076293945,48.0,23418000
2020-06-04,38.17203140258789,49.09999847412109,49.150001525878906,48.15999984741211,48.880001068115234,18731400
2020-06-05,41.26622772216797,53.08000183105469,53.45000076293945,51.59999847412109,51.650001525878906,41328900
2020-06-08,42.556766510009766,54.7400016784668,55.36000061035156,53.459999084472656,54.720001220703125,33579400
2020-06-09,41.608306884765625,53.52000045776367,53.970001220703125,52.45000076293945,52.880001068115234,27276900
2020-06-10,39.37705993652344,50.650001525878906,53.5,50.59999847412109,53.5,31156800
2020-06-11,35.90193557739258,46.18000030517578,48.84000015258789,46.09999847412109,47.52999877929688,39183000
2020-06-12,36.67159271240234,47.16999816894531,48.619998931884766,45.90999984741211,48.040000915527344,30978100
2020-06-15,36.64827346801758,47.13999938964844,47.7599983215332,44.75,45.34999847412109,27929300
2020-06-16,37.47235107421875,48.20000076293945,49.75,47.2400016784668,49.56999969482422,26203400
2020-06-17,36.25177001953125,46.630001068115234,48.130001068115234,46.59999847412109,48.0,19279400
2020-06-18,36.477237701416016,46.91999816894531,47.33000183105469,45.77000045776367,46.11000061035156,21478700
2020-06-19,35.74644088745117,45.97999954223633,48.2599983215332,45.97999954223633,48.220001220703125,48899900
2020-06-22,36.0885124206543,46.41999816894531,46.43999862670898,45.400001525878906,45.68999862670898,17565400
2020-06-23,36.306190490722656,46.70000076293945,47.220001220703125,46.5,46.900001525878906,18916600
2020-06-24,34.59584426879883,44.5,45.959999084472656,44.25,45.90999984741211,27626900
2020-06-25,35.11671447753906,45.16999816894531,45.2400016784668,43.68999862670898,44.04999923706055,19353600
2020-06-26,33.91168594360352,43.619998931884766,44.93999862670898,43.5,44.880001068115234,31518600
2020-06-29,34.45589828491211,44.31999969482422,44.58000183105469,43.540000915527344,43.810001373291016,17052100
2020-06-30,34.766868591308594,44.720001220703125,44.970001220703125,43.15999984741211,43.43000030517578,22153600
2020-07-01,33.981666564941406,43.709999084472656,45.380001068115234,43.66999816894531,44.4900016784668,17290100
2020-07-02,34.269317626953125,44.08000183105469,45.18999862670898,43.93000030517578,44.619998931884766,18216600
2020-07-06,34.51032257080078,44.38999938964844,45.08000183105469,43.84000015258789,44.66999816894531,22692000
2020-07-07,33.616268157958984,43.2400016784668,44.0,43.11000061035156,43.900001525878906,17407600
2020-07-08,33.53852844238281,43.13999938964844,43.93000030517578,42.84000015258789,43.150001525878906,18291400
2020-07-09,32.154693603515625,41.36000061035156,43.09999847412109,41.290000915527344,42.900001525878906,25882000
2020-07-10,33.15758514404297,42.650001525878906,42.709999084472656,41.09999847412109,41.119998931884766,18951000
2020-07-13,33.16536331176758,42.65999984741211,43.290000915527344,42.22999954223633,42.97999954223633,20028300
2020-07-14,34.26155090332031,44.06999969482422,44.18999862670898,42.2599983215332,42.52999877929688,21444100
2020-07-15,34.6969108581543,44.630001068115234,45.09000015258789,44.209999084472656,45.02999877929688,17332400
2020-07-16,34.424800872802734,44.27999877929688,44.810001373291016,43.790000915527344,44.310001373291016,14673700
2020-07-17,33.83395767211914,43.52000045776367,44.68999862670898,43.38999938964844,44.33000183105469,17958900
2020-07-20,33.04096603393555,42.5,43.5099983215332,42.47999954223633,43.209999084472656,18553900
2020-07-21,34.712459564208984,44.650001525878906,45.18999862670898,43.11000061035156,43.150001525878906,28821800
2020-07-22,33.9039306640625,43.61000061035156,44.150001525878906,43.369998931884766,44.150001525878906,21345400
2020-07-23,33.97389602661133,43.70000076293945,43.81999969482422,43.02000045776367,43.400001525878906,17934400
2020-07-24,33.76398468017578,43.43000030517578,44.41999816894531,43.18999862670898,43.880001068115234,16415300
2020-07-27,34.26155090332031,44.06999969482422,44.09000015258789,42.970001220703125,43.22999954223633,18547900
2020-07-28,33.85728073120117,43.54999923706055,44.25,43.459999084472656,43.90999984741211,19190500
2020-07-29,34.230438232421875,44.02999877929688,44.09000015258789,43.34000015258789,43.709999084472656,14143200
2020-07-30,32.55118942260742,41.869998931884766,43.18000030517578,41.83000183105469,43.130001068115234,29901100
2020-07-31,32.714447021484375,42.08000183105469,42.16999816894531,40.90999984741211,41.15999984741211,32116200
2020-08-03,32.84661102294922,42.25,42.5,41.470001220703125,42.04999923706055,23033600
2020-08-04,33.79507827758789,43.470001220703125,43.59999847412109,42.2400016784668,42.34000015258789,17724000
2020-08-05,34.090511322021484,43.84999847412109,44.310001373291016,43.52999877929688,44.150001525878906,17175100
2020-08-06,33.92723846435547,43.63999938964844,43.900001525878906,43.25,43.400001525878906,14434900
2020-08-07,33.77176284790039,43.43999862670898,43.52000045776367,42.810001373291016,43.22999954223633,18757900
2020-08-10,34.60361099243164,44.5099983215332,44.59999847412109,43.59999847412109,43.9900016784668,24367800
2020-08-11,34.961238861083984,44.970001220703125,46.41999816894531,44.72999954223633,45.5,28987500
2020-08-12,34.95330810546875,44.09000015258789,44.93999862670898,43.630001068115234,44.459999084472656,22503200
2020-08-13,34.097110748291016,43.0099983215332,43.869998931884766,42.91999816894531,43.5,17338700
2020-08-14,34.24773406982422,43.20000076293945,43.27999877929688,42.40999984741211,42.59999847412109,13595700
2020-08-17,33.80378723144531,42.63999938964844,43.16999816894531,42.470001220703125,43.16999816894531,15554600
2020-08-18,33.63731002807617,42.43000030517578,43.18999862670898,42.290000915527344,42.59000015258789,13014000
2020-08-19,33.26470184326172,41.959999084472656,42.65999984741211,41.869998931884766,42.34999847412109,14473100
2020-08-20,32.75732421875,41.31999969482422,41.88999938964844,41.29999923706055,41.68999862670898,15678500
2020-08-21,32.51156234741211,41.0099983215332,41.34000015258789,40.709999084472656,41.29999923706055,25517700
2020-08-24,33.470829010009766,42.220001220703125,42.5099983215332,41.09000015258789,41.27999877929688,18208900
2020-08-25,32.40851593017578,40.880001068115234,42.06999969482422,40.70000076293945,41.65999984741211,31285600
2020-08-26,31.71880149841309,40.0099983215332,40.84000015258789,40.0,40.63999938964844,26795000
2020-08-27,31.5047550201416,39.7400016784668,40.29999923706055,39.310001373291016,40.0,32034300
2020-08-28,32.25788116455078,40.68999862670898,40.91999816894531,39.7599983215332,39.84000015258789,33477100
2020-08-31,31.663299560546875,39.93999862670898,40.720001220703125,39.900001525878906,40.63999938964844,25259600
2020-09-01,31.258983612060547,39.43000030517578,39.75,39.04999923706055,39.75,22464100
2020-09-02,31.0687255859375,39.18999862670898,39.720001220703125,38.95000076293945,39.22999954223633,26413400
2020-09-03,31.00530815124512,39.11000061035156,40.02999877929688,38.880001068115234,39.20000076293945,28817200
2020-09-04,30.981523513793945,39.08000183105469,39.790000915527344,38.650001525878906,39.459999084472656,24632500
2020-09-08,30.268016815185547,38.18000030517578,38.68000030517578,37.34999847412109,38.25,38496400
2020-09-09,30.085693359375,37.95000076293945,38.84000015258789,37.91999816894531,38.34999847412109,25886100
2020-09-10,29.33255958557129,37.0,38.369998931884766,36.900001525878906,38.27000045776367,34381200
2020-09-11,29.25327491760254,36.900001525878906,37.310001373291016,36.4900016784668,37.130001068115234,26838600
2020-09-14,29.063003540039062,36.65999984741211,37.0099983215332,36.4900016784668,36.90999984741211,26129900
2020-09-15,28.753835678100582,36.27000045776367,37.380001068115234,36.209999084472656,36.79999923706055,23724200
2020-09-16,29.974702835083008,37.810001373291016,38.150001525878906,36.27000045776367,36.459999084472656,30890900
2020-09-17,29.966773986816406,37.79999923706055,37.97999954223633,36.970001220703125,37.34999847412109,24696200
2020-09-18,29.48317527770996,37.18999862670898,37.81999969482422,36.70000076293945,37.52999877929688,46853800
2020-09-21,28.880674362182617,36.43000030517578,36.709999084472656,35.68000030517578,36.43000030517578,35351800
2020-09-22,28.167186737060547,35.529998779296875,36.84000015258789,35.470001220703125,36.459999084472656,27303200
2020-09-23,27.26341819763184,34.38999938964844,35.790000915527344,34.349998474121094,35.650001525878906,31251400
2020-09-24,27.207927703857425,34.31999969482422,34.81999969482422,33.7599983215332,34.400001525878906,26796000
2020-09-25,27.46161460876465,34.63999938964844,34.939998626708984,33.880001068115234,34.0,23486000
2020-09-28,27.99277305603028,35.310001373291016,35.900001525878906,35.099998474121094,35.13999938964844,23396500
2020-09-29,27.17621612548828,34.279998779296875,35.11000061035156,33.9900016784668,35.0,20770500
2020-09-30,27.21585273742676,34.33000183105469,34.91999816894531,34.130001068115234,34.63999938964844,22223700
2020-10-01,26.264528274536133,33.130001068115234,34.099998474121094,32.939998626708984,33.790000915527344,36890200
2020-10-02,26.145612716674805,32.97999954223633,33.349998474121094,32.209999084472656,32.25,32694300
2020-10-05,26.748123168945312,33.7400016784668,33.75,33.16999816894531,33.31999969482422,22965200
2020-10-06,26.47065162658692,33.38999938964844,34.41999816894531,33.310001373291016,34.119998931884766,26731800
2020-10-07,26.55785369873047,33.5,33.7400016784668,33.209999084472656,33.63999938964844,23779300
2020-10-08,27.953134536743164,35.2599983215332,35.34000015258789,33.7599983215332,33.880001068115234,34413700
2020-10-09,27.5408935546875,34.7400016784668,35.95000076293945,34.650001525878906,35.68000030517578,29228600
2020-10-12,27.45368766784668,34.630001068115234,34.72999954223633,34.22999954223633,34.540000915527344,17912800
2020-10-13,27.12864875793457,34.220001220703125,34.869998931884766,34.099998474121094,34.72999954223633,20995100
2020-10-14,27.07316017150879,34.150001525878906,34.83000183105469,34.029998779296875,34.060001373291016,17743000
2020-10-15,27.31099510192871,34.45000076293945,34.459999084472656,33.27000045776367,33.70000076293945,23251600
2020-10-16,27.03351593017578,34.099998474121094,34.63999938964844,33.880001068115234,34.369998931884766,22627200
2020-10-19,26.494430541992188,33.41999816894531,34.369998931884766,33.38999938964844,34.099998474121094,23645800
2020-10-20,26.716407775878903,33.70000076293945,33.93000030517578,33.33000183105469,33.65999984741211,23040600
2020-10-21,26.288307189941406,33.15999984741211,33.619998931884766,33.13999938964844,33.5099983215332,28619300
2020-10-22,27.636024475097656,34.86000061035156,34.959999084472656,33.02000045776367,33.18000030517578,31831500
2020-10-23,27.08108711242676,34.15999984741211,35.08000183105469,33.86000061035156,34.970001220703125,27429100
2020-10-26,26.438940048217773,33.349998474121094,33.77000045776367,32.95000076293945,33.61000061035156,30888700
2020-10-27,26.01877212524414,32.81999969482422,33.20000076293945,32.70000076293945,33.150001525878906,27100700
2020-10-28,25.027803421020508,31.56999969482422,32.380001068115234,31.520000457763672,32.099998474121094,42136400
2020-10-29,26.1376895904541,32.970001220703125,33.130001068115234,31.11000061035156,31.40999984741211,38622800
2020-10-30,25.86021041870117,32.619998931884766,33.13999938964844,32.0099983215332,32.40999984741211,47885700
2020-11-02,26.94631004333496,33.9900016784668,34.459999084472656,32.56999969482422,33.13999938964844,40130300
2020-11-03,26.48651123046875,33.40999984741211,34.4900016784668,33.130001068115234,34.4900016784668,36773000
2020-11-04,26.34380531311035,33.22999954223633,34.13999938964844,32.529998779296875,33.27000045776367,35410100
2020-11-05,26.29623794555664,33.16999816894531,33.91999816894531,33.13999938964844,33.369998931884766,30824100
2020-11-06,25.98705673217773,32.779998779296875,33.65999984741211,32.619998931884766,33.099998474121094,33985600
2020-11-09,29.277063369750977,36.93000030517578,38.0099983215332,36.060001373291016,36.41999816894531,76879400
2020-11-10,29.92658233642578,36.86000061035156,37.43000030517578,35.97999954223633,37.04999923706055,49055400
2020-11-11,29.61805725097656,36.47999954223633,37.119998931884766,36.18999862670898,37.09000015258789,34124500
2020-11-12,28.603185653686523,35.22999954223633,36.290000915527344,34.869998931884766,35.86000061035156,30933700
2020-11-13,29.29329872131348,36.08000183105469,36.25,35.380001068115234,35.400001525878906,29241500
2020-11-16,30.9820556640625,38.15999984741211,38.16999816894531,37.09999847412109,37.59000015258789,38596800
2020-11-17,31.396120071411133,38.66999816894531,38.709999084472656,37.380001068115234,37.810001373291016,26521100
2020-11-18,30.21074485778809,37.209999084472656,39.130001068115234,37.20000076293945,39.02000045776367,31068000
2020-11-19,30.36500740051269,37.400001525878906,37.5,36.560001373291016,36.86000061035156,26954400
2020-11-20,29.991533279418945,36.93999862670898,37.40999984741211,36.77999877929688,37.34999847412109,18351000
2020-11-23,31.95632553100586,39.36000061035156,39.43000030517578,37.27999877929688,37.5,29367600
2020-11-24,34.08350372314453,41.97999954223633,42.08000183105469,40.220001220703125,40.5099983215332,46979300
2020-11-25,33.13357925415039,40.810001373291016,41.709999084472656,40.650001525878906,41.66999816894531,28178200
2020-11-27,32.63020324707031,40.18999862670898,40.93999862670898,39.869998931884766,40.70000076293945,14971900
2020-11-30,30.95769119262696,38.130001068115234,39.880001068115234,37.970001220703125,39.79999923706055,45614300
2020-12-01,31.258100509643555,38.5,39.650001525878906,38.470001220703125,38.959999084472656,32472900
2020-12-02,32.42721939086914,39.93999862670898,40.41999816894531,38.34000015258789,38.38999938964844,29369500
2020-12-03,32.64643096923828,40.209999084472656,40.63999938964844,39.72999954223633,40.06999969482422,27038900
2020-12-04,33.83992004394531,41.68000030517578,41.7599983215332,40.650001525878906,40.77000045776367,28723600
2020-12-07,33.2066535949707,40.900001525878906,41.540000915527344,40.66999816894531,41.41999816894531,24899400
2020-12-08,34.29459381103516,42.2400016784668,42.59000015258789,40.43999862670898,40.52999877929688,32573800
2020-12-09,34.74925231933594,42.79999923706055,43.72999954223633,42.380001068115234,42.709999084472656,37824800
2020-12-10,35.73164367675781,44.0099983215332,44.470001220703125,42.7599983215332,43.20000076293945,38058700
2020-12-11,35.561153411865234,43.79999923706055,43.93000030517578,43.209999084472656,43.70000076293945,25478800
2020-12-14,34.27836227416992,42.220001220703125,44.459999084472656,42.18000030517578,44.34000015258789,30595000
2020-12-15,34.94411087036133,43.040000915527344,43.220001220703125,42.060001373291016,42.43999862670898,27138400
2020-12-16,35.4799690246582,43.70000076293945,44.11000061035156,42.959999084472656,43.75,34273000
2020-12-17,35.30135726928711,43.47999954223633,44.040000915527344,43.400001525878906,44.0,21204600
2020-12-18,34.69242477416992,42.72999954223633,43.77999877929688,42.41999816894531,43.27000045776367,46596800
2020-12-21,34.05914688110352,41.95000076293945,42.08000183105469,40.52999877929688,41.11000061035156,27869500
2020-12-22,33.482696533203125,41.2400016784668,41.900001525878906,41.22999954223633,41.58000183105469,21792900
2020-12-23,33.91299819946289,41.77000045776367,42.38999938964844,41.459999084472656,41.5099983215332,19085900
2020-12-24,33.77498245239258,41.59999847412109,41.84999847412109,41.380001068115234,41.650001525878906,8039000
2020-12-28,33.88865280151367,41.7400016784668,42.54999923706055,41.52000045776367,41.68999862670898,23877500
2020-12-29,33.507057189941406,41.27000045776367,42.119998931884766,41.20000076293945,42.040000915527344,20287700
2020-12-30,33.77498245239258,41.59999847412109,42.41999816894531,41.27000045776367,41.33000183105469,23807300
2020-12-31,33.46645736694336,41.220001220703125,41.68000030517578,40.970001220703125,41.470001220703125,22786500
